[ 2026-05-27 15:22:08,956] 26 root - INFO - Entered data ingestion method
[ 2026-05-27 15:22:09,236] 48 root - INFO - Data parsing successful
[ 2026-05-27 15:22:09,312] 53 root - INFO - Data Ingestion complete!
[ 2026-05-27 15:22:09,318] 181 root - INFO - Entered data transformation object
[ 2026-05-27 15:22:09,417] 49 root - INFO - Started Regular Expression mapping
[ 2026-05-27 15:22:09,429] 25 root - INFO - Match heuristic business names to paybill payments
[ 2026-05-27 15:22:09,430] 174 root - INFO - Data transformation complete
[ 2026-05-27 15:22:09,430] 49 root - INFO - Started Regular Expression mapping
[ 2026-05-27 15:22:09,431] 174 root - INFO - Data transformation complete
[ 2026-05-27 15:22:09,431] 49 root - INFO - Started Regular Expression mapping
[ 2026-05-27 15:22:09,431] 174 root - INFO - Data transformation complete
[ 2026-05-27 15:22:09,432] 49 root - INFO - Started Regular Expression mapping
[ 2026-05-27 15:22:09,432] 174 root - INFO - Data transformation complete
[ 2026-05-27 15:22:09,432] 49 root - INFO - Started Regular Expression mapping
[ 2026-05-27 15:22:09,432] 25 root - INFO - Match heuristic business names to paybill payments
[ 2026-05-27 15:22:09,432] 174 root - INFO - Data transformation complete
[ 2026-05-27 15:22:09,433] 49 root - INFO - Started Regular Expression mapping
[ 2026-05-27 15:22:09,433] 174 root - INFO - Data transformation complete
[ 2026-05-27 15:22:09,433] 49 root - INFO - Started Regular Expression mapping
[ 2026-05-27 15:22:09,433] 174 root - INFO - Data transformation complete
[ 2026-05-27 15:22:09,433] 49 root - INFO - Started Regular Expression mapping
[ 2026-05-27 15:22:09,433] 174 root - INFO - Data transformation complete
[ 2026-05-27 15:22:09,434] 49 root - INFO - Started Regular Expression mapping
[ 2026-05-27 15:22:09,434] 174 root - INFO - Data transformation complete
[ 2026-05-27 15:22:09,434] 49 root - INFO - Started Regular Expression mapping
[ 2026-05-27 15:22:09,434] 174 root - INFO - Data transformation complete
[ 2026-05-27 15:22:09,434] 49 root - INFO - Started Regular Expression mapping
[ 2026-05-27 15:22:09,434] 174 root - INFO - Data transformation complete
[ 2026-05-27 15:22:09,435] 49 root - INFO - Started Regular Expression mapping
[ 2026-05-27 15:22:09,435] 174 root - INFO - Data transformation complete
[ 2026-05-27 15:22:09,435] 49 root - INFO - Started Regular Expression mapping
[ 2026-05-27 15:22:09,435] 25 root - INFO - Match heuristic business names to paybill payments
[ 2026-05-27 15:22:09,435] 174 root - INFO - Data transformation complete
[ 2026-05-27 15:22:09,435] 49 root - INFO - Started Regular Expression mapping
[ 2026-05-27 15:22:09,436] 174 root - INFO - Data transformation complete
[ 2026-05-27 15:22:09,436] 49 root - INFO - Started Regular Expression mapping
[ 2026-05-27 15:22:09,436] 174 root - INFO - Data transformation complete
[ 2026-05-27 15:22:09,436] 49 root - INFO - Started Regular Expression mapping
[ 2026-05-27 15:22:09,436] 174 root - INFO - Data transformation complete
[ 2026-05-27 15:22:09,436] 49 root - INFO - Started Regular Expression mapping
[ 2026-05-27 15:22:09,436] 174 root - INFO - Data transformation complete
[ 2026-05-27 15:22:09,437] 49 root - INFO - Started Regular Expression mapping
[ 2026-05-27 15:22:09,437] 174 root - INFO - Data transformation complete
[ 2026-05-27 15:22:09,437] 49 root - INFO - Started Regular Expression mapping
[ 2026-05-27 15:22:09,437] 174 root - INFO - Data transformation complete
[ 2026-05-27 15:22:09,437] 49 root - INFO - Started Regular Expression mapping
[ 2026-05-27 15:22:09,437] 174 root - INFO - Data transformation complete
[ 2026-05-27 15:22:09,438] 49 root - INFO - Started Regular Expression mapping
[ 2026-05-27 15:22:09,438] 174 root - INFO - Data transformation complete
[ 2026-05-27 15:22:09,438] 49 root - INFO - Started Regular Expression mapping
[ 2026-05-27 15:22:09,438] 174 root - INFO - Data transformation complete
[ 2026-05-27 15:22:09,438] 49 root - INFO - Started Regular Expression mapping
[ 2026-05-27 15:22:09,438] 25 root - INFO - Match heuristic business names to paybill payments
[ 2026-05-27 15:22:09,439] 174 root - INFO - Data transformation complete
[ 2026-05-27 15:22:09,439] 49 root - INFO - Started Regular Expression mapping
[ 2026-05-27 15:22:09,439] 174 root - INFO - Data transformation complete
[ 2026-05-27 15:22:09,439] 49 root - INFO - Started Regular Expression mapping
[ 2026-05-27 15:22:09,439] 174 root - INFO - Data transformation complete
[ 2026-05-27 15:22:09,439] 49 root - INFO - Started Regular Expression mapping
[ 2026-05-27 15:22:09,440] 174 root - INFO - Data transformation complete
[ 2026-05-27 15:22:09,440] 49 root - INFO - Started Regular Expression mapping
[ 2026-05-27 15:22:09,440] 25 root - INFO - Match heuristic business names to paybill payments
[ 2026-05-27 15:22:09,440] 174 root - INFO - Data transformation complete
[ 2026-05-27 15:22:09,440] 49 root - INFO - Started Regular Expression mapping
[ 2026-05-27 15:22:09,440] 174 root - INFO - Data transformation complete
[ 2026-05-27 15:22:09,440] 49 root - INFO - Started Regular Expression mapping
[ 2026-05-27 15:22:09,441] 174 root - INFO - Data transformation complete
[ 2026-05-27 15:22:09,441] 49 root - INFO - Started Regular Expression mapping
[ 2026-05-27 15:22:09,441] 174 root - INFO - Data transformation complete
[ 2026-05-27 15:22:09,441] 49 root - INFO - Started Regular Expression mapping
[ 2026-05-27 15:22:09,441] 174 root - INFO - Data transformation complete
[ 2026-05-27 15:22:09,441] 49 root - INFO - Started Regular Expression mapping
[ 2026-05-27 15:22:09,442] 174 root - INFO - Data transformation complete
[ 2026-05-27 15:22:09,442] 49 root - INFO - Started Regular Expression mapping
[ 2026-05-27 15:22:09,442] 174 root - INFO - Data transformation complete
[ 2026-05-27 15:22:09,442] 49 root - INFO - Started Regular Expression mapping
[ 2026-05-27 15:22:09,442] 174 root - INFO - Data transformation complete
[ 2026-05-27 15:22:09,442] 49 root - INFO - Started Regular Expression mapping
[ 2026-05-27 15:22:09,442] 174 root - INFO - Data transformation complete
[ 2026-05-27 15:22:09,443] 49 root - INFO - Started Regular Expression mapping
[ 2026-05-27 15:22:09,443] 174 root - INFO - Data transformation complete
[ 2026-05-27 15:22:09,443] 49 root - INFO - Started Regular Expression mapping
[ 2026-05-27 15:22:09,443] 25 root - INFO - Match heuristic business names to paybill payments
[ 2026-05-27 15:22:09,443] 174 root - INFO - Data transformation complete
[ 2026-05-27 15:22:09,443] 49 root - INFO - Started Regular Expression mapping
[ 2026-05-27 15:22:09,444] 174 root - INFO - Data transformation complete
[ 2026-05-27 15:22:09,444] 49 root - INFO - Started Regular Expression mapping
[ 2026-05-27 15:22:09,444] 174 root - INFO - Data transformation complete
[ 2026-05-27 15:22:09,444] 49 root - INFO - Started Regular Expression mapping
[ 2026-05-27 15:22:09,444] 174 root - INFO - Data transformation complete
[ 2026-05-27 15:22:09,444] 49 root - INFO - Started Regular Expression mapping
[ 2026-05-27 15:22:09,444] 174 root - INFO - Data transformation complete
[ 2026-05-27 15:22:09,445] 49 root - INFO - Started Regular Expression mapping
[ 2026-05-27 15:22:09,445] 25 root - INFO - Match heuristic business names to paybill payments
[ 2026-05-27 15:22:09,445] 174 root - INFO - Data transformation complete
[ 2026-05-27 15:22:09,445] 49 root - INFO - Started Regular Expression mapping
[ 2026-05-27 15:22:09,445] 174 root - INFO - Data transformation complete
[ 2026-05-27 15:22:09,445] 49 root - INFO - Started Regular Expression mapping
[ 2026-05-27 15:22:09,446] 174 root - INFO - Data transformation complete
[ 2026-05-27 15:22:09,446] 49 root - INFO - Started Regular Expression mapping
[ 2026-05-27 15:22:09,446] 25 root - INFO - Match heuristic business names to paybill payments
[ 2026-05-27 15:22:09,446] 174 root - INFO - Data transformation complete
[ 2026-05-27 15:22:09,446] 49 root - INFO - Started Regular Expression mapping
[ 2026-05-27 15:22:09,446] 25 root - INFO - Match heuristic business names to paybill payments
[ 2026-05-27 15:22:09,447] 174 root - INFO - Data transformation complete
[ 2026-05-27 15:22:09,447] 49 root - INFO - Started Regular Expression mapping
[ 2026-05-27 15:22:09,447] 174 root - INFO - Data transformation complete
[ 2026-05-27 15:22:09,447] 49 root - INFO - Started Regular Expression mapping
[ 2026-05-27 15:22:09,447] 25 root - INFO - Match heuristic business names to paybill payments
[ 2026-05-27 15:22:09,447] 174 root - INFO - Data transformation complete
[ 2026-05-27 15:22:09,447] 49 root - INFO - Started Regular Expression mapping
[ 2026-05-27 15:22:09,448] 174 root - INFO - Data transformation complete
[ 2026-05-27 15:22:09,448] 49 root - INFO - Started Regular Expression mapping
[ 2026-05-27 15:22:09,448] 174 root - INFO - Data transformation complete
[ 2026-05-27 15:22:09,448] 49 root - INFO - Started Regular Expression mapping
[ 2026-05-27 15:22:09,448] 174 root - INFO - Data transformation complete
[ 2026-05-27 15:22:09,448] 49 root - INFO - Started Regular Expression mapping
[ 2026-05-27 15:22:09,449] 174 root - INFO - Data transformation complete
[ 2026-05-27 15:22:09,449] 49 root - INFO - Started Regular Expression mapping
[ 2026-05-27 15:22:09,449] 25 root - INFO - Match heuristic business names to paybill payments
[ 2026-05-27 15:22:09,449] 174 root - INFO - Data transformation complete
[ 2026-05-27 15:22:09,449] 49 root - INFO - Started Regular Expression mapping
[ 2026-05-27 15:22:09,450] 25 root - INFO - Match heuristic business names to paybill payments
[ 2026-05-27 15:22:09,450] 174 root - INFO - Data transformation complete
[ 2026-05-27 15:22:09,450] 49 root - INFO - Started Regular Expression mapping
[ 2026-05-27 15:22:09,450] 25 root - INFO - Match heuristic business names to paybill payments
[ 2026-05-27 15:22:09,450] 174 root - INFO - Data transformation complete
[ 2026-05-27 15:22:09,450] 49 root - INFO - Started Regular Expression mapping
[ 2026-05-27 15:22:09,450] 174 root - INFO - Data transformation complete
[ 2026-05-27 15:22:09,451] 49 root - INFO - Started Regular Expression mapping
[ 2026-05-27 15:22:09,451] 174 root - INFO - Data transformation complete
[ 2026-05-27 15:22:09,451] 49 root - INFO - Started Regular Expression mapping
[ 2026-05-27 15:22:09,451] 174 root - INFO - Data transformation complete
[ 2026-05-27 15:22:09,451] 49 root - INFO - Started Regular Expression mapping
[ 2026-05-27 15:22:09,451] 25 root - INFO - Match heuristic business names to paybill payments
[ 2026-05-27 15:22:09,452] 174 root - INFO - Data transformation complete
[ 2026-05-27 15:22:09,452] 49 root - INFO - Started Regular Expression mapping
[ 2026-05-27 15:22:09,452] 174 root - INFO - Data transformation complete
[ 2026-05-27 15:22:09,452] 49 root - INFO - Started Regular Expression mapping
[ 2026-05-27 15:22:09,452] 25 root - INFO - Match heuristic business names to paybill payments
[ 2026-05-27 15:22:09,452] 174 root - INFO - Data transformation complete
[ 2026-05-27 15:22:09,452] 49 root - INFO - Started Regular Expression mapping
[ 2026-05-27 15:22:09,453] 25 root - INFO - Match heuristic business names to paybill payments
[ 2026-05-27 15:22:09,453] 174 root - INFO - Data transformation complete
[ 2026-05-27 15:22:09,453] 49 root - INFO - Started Regular Expression mapping
[ 2026-05-27 15:22:09,453] 174 root - INFO - Data transformation complete
[ 2026-05-27 15:22:09,453] 49 root - INFO - Started Regular Expression mapping
[ 2026-05-27 15:22:09,453] 174 root - INFO - Data transformation complete
[ 2026-05-27 15:22:09,453] 49 root - INFO - Started Regular Expression mapping
[ 2026-05-27 15:22:09,454] 174 root - INFO - Data transformation complete
[ 2026-05-27 15:22:09,454] 49 root - INFO - Started Regular Expression mapping
[ 2026-05-27 15:22:09,454] 25 root - INFO - Match heuristic business names to paybill payments
[ 2026-05-27 15:22:09,454] 174 root - INFO - Data transformation complete
[ 2026-05-27 15:22:09,454] 49 root - INFO - Started Regular Expression mapping
[ 2026-05-27 15:22:09,454] 174 root - INFO - Data transformation complete
[ 2026-05-27 15:22:09,455] 49 root - INFO - Started Regular Expression mapping
[ 2026-05-27 15:22:09,455] 174 root - INFO - Data transformation complete
[ 2026-05-27 15:22:09,455] 49 root - INFO - Started Regular Expression mapping
[ 2026-05-27 15:22:09,455] 25 root - INFO - Match heuristic business names to paybill payments
[ 2026-05-27 15:22:09,455] 174 root - INFO - Data transformation complete
[ 2026-05-27 15:22:09,455] 49 root - INFO - Started Regular Expression mapping
[ 2026-05-27 15:22:09,456] 25 root - INFO - Match heuristic business names to paybill payments
[ 2026-05-27 15:22:09,456] 174 root - INFO - Data transformation complete
[ 2026-05-27 15:22:09,456] 49 root - INFO - Started Regular Expression mapping
[ 2026-05-27 15:22:09,456] 174 root - INFO - Data transformation complete
[ 2026-05-27 15:22:09,456] 49 root - INFO - Started Regular Expression mapping
[ 2026-05-27 15:22:09,456] 174 root - INFO - Data transformation complete
[ 2026-05-27 15:22:09,456] 49 root - INFO - Started Regular Expression mapping
[ 2026-05-27 15:22:09,457] 25 root - INFO - Match heuristic business names to paybill payments
[ 2026-05-27 15:22:09,457] 174 root - INFO - Data transformation complete
[ 2026-05-27 15:22:09,457] 49 root - INFO - Started Regular Expression mapping
[ 2026-05-27 15:22:09,457] 174 root - INFO - Data transformation complete
[ 2026-05-27 15:22:09,457] 49 root - INFO - Started Regular Expression mapping
[ 2026-05-27 15:22:09,457] 174 root - INFO - Data transformation complete
[ 2026-05-27 15:22:09,458] 49 root - INFO - Started Regular Expression mapping
[ 2026-05-27 15:22:09,458] 174 root - INFO - Data transformation complete
[ 2026-05-27 15:22:09,458] 49 root - INFO - Started Regular Expression mapping
[ 2026-05-27 15:22:09,458] 25 root - INFO - Match heuristic business names to paybill payments
[ 2026-05-27 15:22:09,458] 174 root - INFO - Data transformation complete
[ 2026-05-27 15:22:09,458] 49 root - INFO - Started Regular Expression mapping
[ 2026-05-27 15:22:09,459] 174 root - INFO - Data transformation complete
[ 2026-05-27 15:22:09,459] 49 root - INFO - Started Regular Expression mapping
[ 2026-05-27 15:22:09,459] 25 root - INFO - Match heuristic business names to paybill payments
[ 2026-05-27 15:22:09,459] 174 root - INFO - Data transformation complete
[ 2026-05-27 15:22:09,459] 49 root - INFO - Started Regular Expression mapping
[ 2026-05-27 15:22:09,459] 25 root - INFO - Match heuristic business names to paybill payments
[ 2026-05-27 15:22:09,460] 174 root - INFO - Data transformation complete
[ 2026-05-27 15:22:09,460] 49 root - INFO - Started Regular Expression mapping
[ 2026-05-27 15:22:09,460] 174 root - INFO - Data transformation complete
[ 2026-05-27 15:22:09,460] 49 root - INFO - Started Regular Expression mapping
[ 2026-05-27 15:22:09,460] 174 root - INFO - Data transformation complete
[ 2026-05-27 15:22:09,460] 49 root - INFO - Started Regular Expression mapping
[ 2026-05-27 15:22:09,461] 25 root - INFO - Match heuristic business names to paybill payments
[ 2026-05-27 15:22:09,461] 174 root - INFO - Data transformation complete
[ 2026-05-27 15:22:09,461] 49 root - INFO - Started Regular Expression mapping
[ 2026-05-27 15:22:09,461] 25 root - INFO - Match heuristic business names to paybill payments
[ 2026-05-27 15:22:09,461] 174 root - INFO - Data transformation complete
[ 2026-05-27 15:22:09,461] 49 root - INFO - Started Regular Expression mapping
[ 2026-05-27 15:22:09,461] 174 root - INFO - Data transformation complete
[ 2026-05-27 15:22:09,462] 49 root - INFO - Started Regular Expression mapping
[ 2026-05-27 15:22:09,462] 174 root - INFO - Data transformation complete
[ 2026-05-27 15:22:09,462] 49 root - INFO - Started Regular Expression mapping
[ 2026-05-27 15:22:09,462] 25 root - INFO - Match heuristic business names to paybill payments
[ 2026-05-27 15:22:09,462] 174 root - INFO - Data transformation complete
[ 2026-05-27 15:22:09,462] 49 root - INFO - Started Regular Expression mapping
[ 2026-05-27 15:22:09,463] 174 root - INFO - Data transformation complete
[ 2026-05-27 15:22:09,463] 49 root - INFO - Started Regular Expression mapping
[ 2026-05-27 15:22:09,463] 174 root - INFO - Data transformation complete
[ 2026-05-27 15:22:09,463] 49 root - INFO - Started Regular Expression mapping
[ 2026-05-27 15:22:09,463] 25 root - INFO - Match heuristic business names to paybill payments
[ 2026-05-27 15:22:09,463] 174 root - INFO - Data transformation complete
[ 2026-05-27 15:22:09,464] 49 root - INFO - Started Regular Expression mapping
[ 2026-05-27 15:22:09,464] 25 root - INFO - Match heuristic business names to paybill payments
[ 2026-05-27 15:22:09,464] 174 root - INFO - Data transformation complete
[ 2026-05-27 15:22:09,464] 49 root - INFO - Started Regular Expression mapping
[ 2026-05-27 15:22:09,464] 25 root - INFO - Match heuristic business names to paybill payments
[ 2026-05-27 15:22:09,464] 174 root - INFO - Data transformation complete
[ 2026-05-27 15:22:09,464] 49 root - INFO - Started Regular Expression mapping
[ 2026-05-27 15:22:09,465] 25 root - INFO - Match heuristic business names to paybill payments
[ 2026-05-27 15:22:09,465] 174 root - INFO - Data transformation complete
[ 2026-05-27 15:22:09,465] 49 root - INFO - Started Regular Expression mapping
[ 2026-05-27 15:22:09,465] 174 root - INFO - Data transformation complete
[ 2026-05-27 15:22:09,465] 49 root - INFO - Started Regular Expression mapping
[ 2026-05-27 15:22:09,466] 174 root - INFO - Data transformation complete
[ 2026-05-27 15:22:09,466] 49 root - INFO - Started Regular Expression mapping
[ 2026-05-27 15:22:09,466] 25 root - INFO - Match heuristic business names to paybill payments
[ 2026-05-27 15:22:09,466] 174 root - INFO - Data transformation complete
[ 2026-05-27 15:22:09,466] 49 root - INFO - Started Regular Expression mapping
[ 2026-05-27 15:22:09,466] 25 root - INFO - Match heuristic business names to paybill payments
[ 2026-05-27 15:22:09,466] 174 root - INFO - Data transformation complete
[ 2026-05-27 15:22:09,467] 49 root - INFO - Started Regular Expression mapping
[ 2026-05-27 15:22:09,467] 25 root - INFO - Match heuristic business names to paybill payments
[ 2026-05-27 15:22:09,467] 174 root - INFO - Data transformation complete
[ 2026-05-27 15:22:09,467] 49 root - INFO - Started Regular Expression mapping
[ 2026-05-27 15:22:09,467] 25 root - INFO - Match heuristic business names to paybill payments
[ 2026-05-27 15:22:09,467] 174 root - INFO - Data transformation complete
[ 2026-05-27 15:22:09,467] 49 root - INFO - Started Regular Expression mapping
[ 2026-05-27 15:22:09,468] 174 root - INFO - Data transformation complete
[ 2026-05-27 15:22:09,468] 49 root - INFO - Started Regular Expression mapping
[ 2026-05-27 15:22:09,468] 174 root - INFO - Data transformation complete
[ 2026-05-27 15:22:09,468] 49 root - INFO - Started Regular Expression mapping
[ 2026-05-27 15:22:09,468] 25 root - INFO - Match heuristic business names to paybill payments
[ 2026-05-27 15:22:09,468] 174 root - INFO - Data transformation complete
[ 2026-05-27 15:22:09,468] 49 root - INFO - Started Regular Expression mapping
[ 2026-05-27 15:22:09,469] 174 root - INFO - Data transformation complete
[ 2026-05-27 15:22:09,469] 49 root - INFO - Started Regular Expression mapping
[ 2026-05-27 15:22:09,469] 25 root - INFO - Match heuristic business names to paybill payments
[ 2026-05-27 15:22:09,469] 174 root - INFO - Data transformation complete
[ 2026-05-27 15:22:09,469] 49 root - INFO - Started Regular Expression mapping
[ 2026-05-27 15:22:09,469] 25 root - INFO - Match heuristic business names to paybill payments
[ 2026-05-27 15:22:09,470] 174 root - INFO - Data transformation complete
[ 2026-05-27 15:22:09,470] 49 root - INFO - Started Regular Expression mapping
[ 2026-05-27 15:22:09,470] 174 root - INFO - Data transformation complete
[ 2026-05-27 15:22:09,470] 49 root - INFO - Started Regular Expression mapping
[ 2026-05-27 15:22:09,470] 174 root - INFO - Data transformation complete
[ 2026-05-27 15:22:09,470] 49 root - INFO - Started Regular Expression mapping
[ 2026-05-27 15:22:09,471] 25 root - INFO - Match heuristic business names to paybill payments
[ 2026-05-27 15:22:09,471] 174 root - INFO - Data transformation complete
[ 2026-05-27 15:22:09,471] 49 root - INFO - Started Regular Expression mapping
[ 2026-05-27 15:22:09,471] 174 root - INFO - Data transformation complete
[ 2026-05-27 15:22:09,471] 49 root - INFO - Started Regular Expression mapping
[ 2026-05-27 15:22:09,471] 174 root - INFO - Data transformation complete
[ 2026-05-27 15:22:09,471] 49 root - INFO - Started Regular Expression mapping
[ 2026-05-27 15:22:09,472] 174 root - INFO - Data transformation complete
[ 2026-05-27 15:22:09,472] 49 root - INFO - Started Regular Expression mapping
[ 2026-05-27 15:22:09,472] 174 root - INFO - Data transformation complete
[ 2026-05-27 15:22:09,472] 49 root - INFO - Started Regular Expression mapping
[ 2026-05-27 15:22:09,472] 25 root - INFO - Match heuristic business names to paybill payments
[ 2026-05-27 15:22:09,472] 174 root - INFO - Data transformation complete
[ 2026-05-27 15:22:09,472] 49 root - INFO - Started Regular Expression mapping
[ 2026-05-27 15:22:09,473] 25 root - INFO - Match heuristic business names to paybill payments
[ 2026-05-27 15:22:09,473] 174 root - INFO - Data transformation complete
[ 2026-05-27 15:22:09,473] 49 root - INFO - Started Regular Expression mapping
[ 2026-05-27 15:22:09,473] 25 root - INFO - Match heuristic business names to paybill payments
[ 2026-05-27 15:22:09,473] 174 root - INFO - Data transformation complete
[ 2026-05-27 15:22:09,473] 49 root - INFO - Started Regular Expression mapping
[ 2026-05-27 15:22:09,474] 174 root - INFO - Data transformation complete
[ 2026-05-27 15:22:09,474] 49 root - INFO - Started Regular Expression mapping
[ 2026-05-27 15:22:09,474] 25 root - INFO - Match heuristic business names to paybill payments
[ 2026-05-27 15:22:09,474] 174 root - INFO - Data transformation complete
[ 2026-05-27 15:22:09,474] 49 root - INFO - Started Regular Expression mapping
[ 2026-05-27 15:22:09,474] 174 root - INFO - Data transformation complete
[ 2026-05-27 15:22:09,474] 49 root - INFO - Started Regular Expression mapping
[ 2026-05-27 15:22:09,475] 174 root - INFO - Data transformation complete
[ 2026-05-27 15:22:09,475] 49 root - INFO - Started Regular Expression mapping
[ 2026-05-27 15:22:09,475] 174 root - INFO - Data transformation complete
[ 2026-05-27 15:22:09,476] 49 root - INFO - Started Regular Expression mapping
[ 2026-05-27 15:22:09,476] 174 root - INFO - Data transformation complete
[ 2026-05-27 15:22:09,476] 49 root - INFO - Started Regular Expression mapping
[ 2026-05-27 15:22:09,476] 174 root - INFO - Data transformation complete
[ 2026-05-27 15:22:09,477] 49 root - INFO - Started Regular Expression mapping
[ 2026-05-27 15:22:09,477] 174 root - INFO - Data transformation complete
[ 2026-05-27 15:22:09,477] 49 root - INFO - Started Regular Expression mapping
[ 2026-05-27 15:22:09,477] 174 root - INFO - Data transformation complete
[ 2026-05-27 15:22:09,478] 49 root - INFO - Started Regular Expression mapping
[ 2026-05-27 15:22:09,478] 174 root - INFO - Data transformation complete
[ 2026-05-27 15:22:09,478] 49 root - INFO - Started Regular Expression mapping
[ 2026-05-27 15:22:09,478] 25 root - INFO - Match heuristic business names to paybill payments
[ 2026-05-27 15:22:09,478] 174 root - INFO - Data transformation complete
[ 2026-05-27 15:22:09,478] 49 root - INFO - Started Regular Expression mapping
[ 2026-05-27 15:22:09,479] 25 root - INFO - Match heuristic business names to paybill payments
[ 2026-05-27 15:22:09,479] 174 root - INFO - Data transformation complete
[ 2026-05-27 15:22:09,479] 49 root - INFO - Started Regular Expression mapping
[ 2026-05-27 15:22:09,479] 25 root - INFO - Match heuristic business names to paybill payments
[ 2026-05-27 15:22:09,479] 174 root - INFO - Data transformation complete
[ 2026-05-27 15:22:09,479] 49 root - INFO - Started Regular Expression mapping
[ 2026-05-27 15:22:09,480] 25 root - INFO - Match heuristic business names to paybill payments
[ 2026-05-27 15:22:09,480] 174 root - INFO - Data transformation complete
[ 2026-05-27 15:22:09,480] 49 root - INFO - Started Regular Expression mapping
[ 2026-05-27 15:22:09,480] 174 root - INFO - Data transformation complete
[ 2026-05-27 15:22:09,480] 49 root - INFO - Started Regular Expression mapping
[ 2026-05-27 15:22:09,480] 174 root - INFO - Data transformation complete
[ 2026-05-27 15:22:09,480] 49 root - INFO - Started Regular Expression mapping
[ 2026-05-27 15:22:09,481] 25 root - INFO - Match heuristic business names to paybill payments
[ 2026-05-27 15:22:09,481] 174 root - INFO - Data transformation complete
[ 2026-05-27 15:22:09,481] 49 root - INFO - Started Regular Expression mapping
[ 2026-05-27 15:22:09,481] 174 root - INFO - Data transformation complete
[ 2026-05-27 15:22:09,481] 49 root - INFO - Started Regular Expression mapping
[ 2026-05-27 15:22:09,481] 174 root - INFO - Data transformation complete
[ 2026-05-27 15:22:09,482] 49 root - INFO - Started Regular Expression mapping
[ 2026-05-27 15:22:09,482] 174 root - INFO - Data transformation complete
[ 2026-05-27 15:22:09,482] 49 root - INFO - Started Regular Expression mapping
[ 2026-05-27 15:22:09,482] 25 root - INFO - Match heuristic business names to paybill payments
[ 2026-05-27 15:22:09,482] 174 root - INFO - Data transformation complete
[ 2026-05-27 15:22:09,482] 49 root - INFO - Started Regular Expression mapping
[ 2026-05-27 15:22:09,482] 174 root - INFO - Data transformation complete
[ 2026-05-27 15:22:09,483] 49 root - INFO - Started Regular Expression mapping
[ 2026-05-27 15:22:09,483] 174 root - INFO - Data transformation complete
[ 2026-05-27 15:22:09,483] 49 root - INFO - Started Regular Expression mapping
[ 2026-05-27 15:22:09,483] 174 root - INFO - Data transformation complete
[ 2026-05-27 15:22:09,483] 49 root - INFO - Started Regular Expression mapping
[ 2026-05-27 15:22:09,483] 174 root - INFO - Data transformation complete
[ 2026-05-27 15:22:09,484] 49 root - INFO - Started Regular Expression mapping
[ 2026-05-27 15:22:09,484] 174 root - INFO - Data transformation complete
[ 2026-05-27 15:22:09,484] 49 root - INFO - Started Regular Expression mapping
[ 2026-05-27 15:22:09,484] 174 root - INFO - Data transformation complete
[ 2026-05-27 15:22:09,484] 49 root - INFO - Started Regular Expression mapping
[ 2026-05-27 15:22:09,484] 174 root - INFO - Data transformation complete
[ 2026-05-27 15:22:09,485] 49 root - INFO - Started Regular Expression mapping
[ 2026-05-27 15:22:09,485] 25 root - INFO - Match heuristic business names to paybill payments
[ 2026-05-27 15:22:09,485] 174 root - INFO - Data transformation complete
[ 2026-05-27 15:22:09,485] 49 root - INFO - Started Regular Expression mapping
[ 2026-05-27 15:22:09,485] 174 root - INFO - Data transformation complete
[ 2026-05-27 15:22:09,485] 49 root - INFO - Started Regular Expression mapping
[ 2026-05-27 15:22:09,486] 174 root - INFO - Data transformation complete
[ 2026-05-27 15:22:09,486] 49 root - INFO - Started Regular Expression mapping
[ 2026-05-27 15:22:09,486] 25 root - INFO - Match heuristic business names to paybill payments
[ 2026-05-27 15:22:09,486] 174 root - INFO - Data transformation complete
[ 2026-05-27 15:22:09,486] 49 root - INFO - Started Regular Expression mapping
[ 2026-05-27 15:22:09,486] 174 root - INFO - Data transformation complete
[ 2026-05-27 15:22:09,486] 49 root - INFO - Started Regular Expression mapping
[ 2026-05-27 15:22:09,487] 174 root - INFO - Data transformation complete
[ 2026-05-27 15:22:09,487] 49 root - INFO - Started Regular Expression mapping
[ 2026-05-27 15:22:09,487] 174 root - INFO - Data transformation complete
[ 2026-05-27 15:22:09,487] 49 root - INFO - Started Regular Expression mapping
[ 2026-05-27 15:22:09,487] 174 root - INFO - Data transformation complete
[ 2026-05-27 15:22:09,487] 49 root - INFO - Started Regular Expression mapping
[ 2026-05-27 15:22:09,488] 25 root - INFO - Match heuristic business names to paybill payments
[ 2026-05-27 15:22:09,488] 174 root - INFO - Data transformation complete
[ 2026-05-27 15:22:09,488] 49 root - INFO - Started Regular Expression mapping
[ 2026-05-27 15:22:09,488] 25 root - INFO - Match heuristic business names to paybill payments
[ 2026-05-27 15:22:09,488] 174 root - INFO - Data transformation complete
[ 2026-05-27 15:22:09,488] 49 root - INFO - Started Regular Expression mapping
[ 2026-05-27 15:22:09,488] 174 root - INFO - Data transformation complete
[ 2026-05-27 15:22:09,489] 49 root - INFO - Started Regular Expression mapping
[ 2026-05-27 15:22:09,489] 25 root - INFO - Match heuristic business names to paybill payments
[ 2026-05-27 15:22:09,489] 174 root - INFO - Data transformation complete
[ 2026-05-27 15:22:09,489] 49 root - INFO - Started Regular Expression mapping
[ 2026-05-27 15:22:09,489] 174 root - INFO - Data transformation complete
[ 2026-05-27 15:22:09,489] 49 root - INFO - Started Regular Expression mapping
[ 2026-05-27 15:22:09,489] 174 root - INFO - Data transformation complete
[ 2026-05-27 15:22:09,490] 49 root - INFO - Started Regular Expression mapping
[ 2026-05-27 15:22:09,490] 174 root - INFO - Data transformation complete
[ 2026-05-27 15:22:09,490] 49 root - INFO - Started Regular Expression mapping
[ 2026-05-27 15:22:09,490] 25 root - INFO - Match heuristic business names to paybill payments
[ 2026-05-27 15:22:09,490] 174 root - INFO - Data transformation complete
[ 2026-05-27 15:22:09,490] 49 root - INFO - Started Regular Expression mapping
[ 2026-05-27 15:22:09,491] 25 root - INFO - Match heuristic business names to paybill payments
[ 2026-05-27 15:22:09,491] 174 root - INFO - Data transformation complete
[ 2026-05-27 15:22:09,491] 49 root - INFO - Started Regular Expression mapping
[ 2026-05-27 15:22:09,491] 25 root - INFO - Match heuristic business names to paybill payments
[ 2026-05-27 15:22:09,491] 174 root - INFO - Data transformation complete
[ 2026-05-27 15:22:09,491] 49 root - INFO - Started Regular Expression mapping
[ 2026-05-27 15:22:09,491] 174 root - INFO - Data transformation complete
[ 2026-05-27 15:22:09,492] 49 root - INFO - Started Regular Expression mapping
[ 2026-05-27 15:22:09,492] 174 root - INFO - Data transformation complete
[ 2026-05-27 15:22:09,492] 49 root - INFO - Started Regular Expression mapping
[ 2026-05-27 15:22:09,493] 174 root - INFO - Data transformation complete
[ 2026-05-27 15:22:09,493] 49 root - INFO - Started Regular Expression mapping
[ 2026-05-27 15:22:09,493] 174 root - INFO - Data transformation complete
[ 2026-05-27 15:22:09,493] 49 root - INFO - Started Regular Expression mapping
[ 2026-05-27 15:22:09,493] 25 root - INFO - Match heuristic business names to paybill payments
[ 2026-05-27 15:22:09,493] 174 root - INFO - Data transformation complete
[ 2026-05-27 15:22:09,494] 49 root - INFO - Started Regular Expression mapping
[ 2026-05-27 15:22:09,494] 174 root - INFO - Data transformation complete
[ 2026-05-27 15:22:09,494] 49 root - INFO - Started Regular Expression mapping
[ 2026-05-27 15:22:09,494] 174 root - INFO - Data transformation complete
[ 2026-05-27 15:22:09,494] 49 root - INFO - Started Regular Expression mapping
[ 2026-05-27 15:22:09,494] 174 root - INFO - Data transformation complete
[ 2026-05-27 15:22:09,494] 49 root - INFO - Started Regular Expression mapping
[ 2026-05-27 15:22:09,495] 174 root - INFO - Data transformation complete
[ 2026-05-27 15:22:09,495] 49 root - INFO - Started Regular Expression mapping
[ 2026-05-27 15:22:09,495] 25 root - INFO - Match heuristic business names to paybill payments
[ 2026-05-27 15:22:09,495] 174 root - INFO - Data transformation complete
[ 2026-05-27 15:22:09,495] 49 root - INFO - Started Regular Expression mapping
[ 2026-05-27 15:22:09,495] 174 root - INFO - Data transformation complete
[ 2026-05-27 15:22:09,496] 49 root - INFO - Started Regular Expression mapping
[ 2026-05-27 15:22:09,496] 174 root - INFO - Data transformation complete
[ 2026-05-27 15:22:09,496] 49 root - INFO - Started Regular Expression mapping
[ 2026-05-27 15:22:09,496] 174 root - INFO - Data transformation complete
[ 2026-05-27 15:22:09,496] 49 root - INFO - Started Regular Expression mapping
[ 2026-05-27 15:22:09,496] 174 root - INFO - Data transformation complete
[ 2026-05-27 15:22:09,497] 49 root - INFO - Started Regular Expression mapping
[ 2026-05-27 15:22:09,497] 25 root - INFO - Match heuristic business names to paybill payments
[ 2026-05-27 15:22:09,497] 174 root - INFO - Data transformation complete
[ 2026-05-27 15:22:09,497] 49 root - INFO - Started Regular Expression mapping
[ 2026-05-27 15:22:09,497] 174 root - INFO - Data transformation complete
[ 2026-05-27 15:22:09,497] 49 root - INFO - Started Regular Expression mapping
[ 2026-05-27 15:22:09,498] 174 root - INFO - Data transformation complete
[ 2026-05-27 15:22:09,498] 49 root - INFO - Started Regular Expression mapping
[ 2026-05-27 15:22:09,498] 174 root - INFO - Data transformation complete
[ 2026-05-27 15:22:09,498] 49 root - INFO - Started Regular Expression mapping
[ 2026-05-27 15:22:09,498] 174 root - INFO - Data transformation complete
[ 2026-05-27 15:22:09,498] 49 root - INFO - Started Regular Expression mapping
[ 2026-05-27 15:22:09,498] 25 root - INFO - Match heuristic business names to paybill payments
[ 2026-05-27 15:22:09,499] 174 root - INFO - Data transformation complete
[ 2026-05-27 15:22:09,499] 49 root - INFO - Started Regular Expression mapping
[ 2026-05-27 15:22:09,499] 174 root - INFO - Data transformation complete
[ 2026-05-27 15:22:09,499] 49 root - INFO - Started Regular Expression mapping
[ 2026-05-27 15:22:09,499] 25 root - INFO - Match heuristic business names to paybill payments
[ 2026-05-27 15:22:09,499] 174 root - INFO - Data transformation complete
[ 2026-05-27 15:22:09,500] 49 root - INFO - Started Regular Expression mapping
[ 2026-05-27 15:22:09,500] 25 root - INFO - Match heuristic business names to paybill payments
[ 2026-05-27 15:22:09,500] 174 root - INFO - Data transformation complete
[ 2026-05-27 15:22:09,500] 49 root - INFO - Started Regular Expression mapping
[ 2026-05-27 15:22:09,500] 174 root - INFO - Data transformation complete
[ 2026-05-27 15:22:09,500] 49 root - INFO - Started Regular Expression mapping
[ 2026-05-27 15:22:09,500] 25 root - INFO - Match heuristic business names to paybill payments
[ 2026-05-27 15:22:09,501] 174 root - INFO - Data transformation complete
[ 2026-05-27 15:22:09,501] 49 root - INFO - Started Regular Expression mapping
[ 2026-05-27 15:22:09,501] 174 root - INFO - Data transformation complete
[ 2026-05-27 15:22:09,501] 49 root - INFO - Started Regular Expression mapping
[ 2026-05-27 15:22:09,501] 174 root - INFO - Data transformation complete
[ 2026-05-27 15:22:09,501] 49 root - INFO - Started Regular Expression mapping
[ 2026-05-27 15:22:09,502] 174 root - INFO - Data transformation complete
[ 2026-05-27 15:22:09,502] 49 root - INFO - Started Regular Expression mapping
[ 2026-05-27 15:22:09,502] 174 root - INFO - Data transformation complete
[ 2026-05-27 15:22:09,502] 49 root - INFO - Started Regular Expression mapping
[ 2026-05-27 15:22:09,502] 174 root - INFO - Data transformation complete
[ 2026-05-27 15:22:09,502] 49 root - INFO - Started Regular Expression mapping
[ 2026-05-27 15:22:09,503] 174 root - INFO - Data transformation complete
[ 2026-05-27 15:22:09,503] 49 root - INFO - Started Regular Expression mapping
[ 2026-05-27 15:22:09,503] 25 root - INFO - Match heuristic business names to paybill payments
[ 2026-05-27 15:22:09,503] 174 root - INFO - Data transformation complete
[ 2026-05-27 15:22:09,503] 49 root - INFO - Started Regular Expression mapping
[ 2026-05-27 15:22:09,503] 25 root - INFO - Match heuristic business names to paybill payments
[ 2026-05-27 15:22:09,504] 174 root - INFO - Data transformation complete
[ 2026-05-27 15:22:09,504] 49 root - INFO - Started Regular Expression mapping
[ 2026-05-27 15:22:09,504] 25 root - INFO - Match heuristic business names to paybill payments
[ 2026-05-27 15:22:09,504] 174 root - INFO - Data transformation complete
[ 2026-05-27 15:22:09,504] 49 root - INFO - Started Regular Expression mapping
[ 2026-05-27 15:22:09,504] 174 root - INFO - Data transformation complete
[ 2026-05-27 15:22:09,504] 49 root - INFO - Started Regular Expression mapping
[ 2026-05-27 15:22:09,505] 174 root - INFO - Data transformation complete
[ 2026-05-27 15:22:09,505] 49 root - INFO - Started Regular Expression mapping
[ 2026-05-27 15:22:09,505] 174 root - INFO - Data transformation complete
[ 2026-05-27 15:22:09,505] 49 root - INFO - Started Regular Expression mapping
[ 2026-05-27 15:22:09,505] 174 root - INFO - Data transformation complete
[ 2026-05-27 15:22:09,505] 49 root - INFO - Started Regular Expression mapping
[ 2026-05-27 15:22:09,506] 25 root - INFO - Match heuristic business names to paybill payments
[ 2026-05-27 15:22:09,506] 174 root - INFO - Data transformation complete
[ 2026-05-27 15:22:09,506] 49 root - INFO - Started Regular Expression mapping
[ 2026-05-27 15:22:09,506] 174 root - INFO - Data transformation complete
[ 2026-05-27 15:22:09,506] 49 root - INFO - Started Regular Expression mapping
[ 2026-05-27 15:22:09,506] 174 root - INFO - Data transformation complete
[ 2026-05-27 15:22:09,506] 49 root - INFO - Started Regular Expression mapping
[ 2026-05-27 15:22:09,507] 25 root - INFO - Match heuristic business names to paybill payments
[ 2026-05-27 15:22:09,507] 174 root - INFO - Data transformation complete
[ 2026-05-27 15:22:09,507] 49 root - INFO - Started Regular Expression mapping
[ 2026-05-27 15:22:09,507] 25 root - INFO - Match heuristic business names to paybill payments
[ 2026-05-27 15:22:09,507] 174 root - INFO - Data transformation complete
[ 2026-05-27 15:22:09,507] 49 root - INFO - Started Regular Expression mapping
[ 2026-05-27 15:22:09,507] 174 root - INFO - Data transformation complete
[ 2026-05-27 15:22:09,508] 49 root - INFO - Started Regular Expression mapping
[ 2026-05-27 15:22:09,508] 174 root - INFO - Data transformation complete
[ 2026-05-27 15:22:09,508] 49 root - INFO - Started Regular Expression mapping
[ 2026-05-27 15:22:09,508] 174 root - INFO - Data transformation complete
[ 2026-05-27 15:22:09,508] 49 root - INFO - Started Regular Expression mapping
[ 2026-05-27 15:22:09,508] 174 root - INFO - Data transformation complete
[ 2026-05-27 15:22:09,509] 49 root - INFO - Started Regular Expression mapping
[ 2026-05-27 15:22:09,509] 174 root - INFO - Data transformation complete
[ 2026-05-27 15:22:09,509] 49 root - INFO - Started Regular Expression mapping
[ 2026-05-27 15:22:09,509] 174 root - INFO - Data transformation complete
[ 2026-05-27 15:22:09,509] 49 root - INFO - Started Regular Expression mapping
[ 2026-05-27 15:22:09,509] 174 root - INFO - Data transformation complete
[ 2026-05-27 15:22:09,510] 49 root - INFO - Started Regular Expression mapping
[ 2026-05-27 15:22:09,510] 174 root - INFO - Data transformation complete
[ 2026-05-27 15:22:09,510] 49 root - INFO - Started Regular Expression mapping
[ 2026-05-27 15:22:09,510] 174 root - INFO - Data transformation complete
[ 2026-05-27 15:22:09,510] 49 root - INFO - Started Regular Expression mapping
[ 2026-05-27 15:22:09,510] 174 root - INFO - Data transformation complete
[ 2026-05-27 15:22:09,510] 49 root - INFO - Started Regular Expression mapping
[ 2026-05-27 15:22:09,511] 174 root - INFO - Data transformation complete
[ 2026-05-27 15:22:09,511] 49 root - INFO - Started Regular Expression mapping
[ 2026-05-27 15:22:09,511] 174 root - INFO - Data transformation complete
[ 2026-05-27 15:22:09,511] 49 root - INFO - Started Regular Expression mapping
[ 2026-05-27 15:22:09,511] 174 root - INFO - Data transformation complete
[ 2026-05-27 15:22:09,511] 49 root - INFO - Started Regular Expression mapping
[ 2026-05-27 15:22:09,512] 25 root - INFO - Match heuristic business names to paybill payments
[ 2026-05-27 15:22:09,512] 174 root - INFO - Data transformation complete
[ 2026-05-27 15:22:09,512] 49 root - INFO - Started Regular Expression mapping
[ 2026-05-27 15:22:09,512] 174 root - INFO - Data transformation complete
[ 2026-05-27 15:22:09,512] 49 root - INFO - Started Regular Expression mapping
[ 2026-05-27 15:22:09,512] 174 root - INFO - Data transformation complete
[ 2026-05-27 15:22:09,513] 49 root - INFO - Started Regular Expression mapping
[ 2026-05-27 15:22:09,513] 25 root - INFO - Match heuristic business names to paybill payments
[ 2026-05-27 15:22:09,513] 174 root - INFO - Data transformation complete
[ 2026-05-27 15:22:09,513] 49 root - INFO - Started Regular Expression mapping
[ 2026-05-27 15:22:09,513] 174 root - INFO - Data transformation complete
[ 2026-05-27 15:22:09,513] 49 root - INFO - Started Regular Expression mapping
[ 2026-05-27 15:22:09,514] 174 root - INFO - Data transformation complete
[ 2026-05-27 15:22:09,514] 49 root - INFO - Started Regular Expression mapping
[ 2026-05-27 15:22:09,514] 174 root - INFO - Data transformation complete
[ 2026-05-27 15:22:09,514] 49 root - INFO - Started Regular Expression mapping
[ 2026-05-27 15:22:09,514] 174 root - INFO - Data transformation complete
[ 2026-05-27 15:22:09,514] 49 root - INFO - Started Regular Expression mapping
[ 2026-05-27 15:22:09,514] 174 root - INFO - Data transformation complete
[ 2026-05-27 15:22:09,515] 49 root - INFO - Started Regular Expression mapping
[ 2026-05-27 15:22:09,515] 25 root - INFO - Match heuristic business names to paybill payments
[ 2026-05-27 15:22:09,515] 174 root - INFO - Data transformation complete
[ 2026-05-27 15:22:09,515] 49 root - INFO - Started Regular Expression mapping
[ 2026-05-27 15:22:09,515] 174 root - INFO - Data transformation complete
[ 2026-05-27 15:22:09,515] 49 root - INFO - Started Regular Expression mapping
[ 2026-05-27 15:22:09,516] 25 root - INFO - Match heuristic business names to paybill payments
[ 2026-05-27 15:22:09,516] 174 root - INFO - Data transformation complete
[ 2026-05-27 15:22:09,516] 49 root - INFO - Started Regular Expression mapping
[ 2026-05-27 15:22:09,516] 174 root - INFO - Data transformation complete
[ 2026-05-27 15:22:09,516] 49 root - INFO - Started Regular Expression mapping
[ 2026-05-27 15:22:09,516] 174 root - INFO - Data transformation complete
[ 2026-05-27 15:22:09,516] 49 root - INFO - Started Regular Expression mapping
[ 2026-05-27 15:22:09,517] 174 root - INFO - Data transformation complete
[ 2026-05-27 15:22:09,517] 49 root - INFO - Started Regular Expression mapping
[ 2026-05-27 15:22:09,517] 174 root - INFO - Data transformation complete
[ 2026-05-27 15:22:09,517] 49 root - INFO - Started Regular Expression mapping
[ 2026-05-27 15:22:09,517] 174 root - INFO - Data transformation complete
[ 2026-05-27 15:22:09,517] 49 root - INFO - Started Regular Expression mapping
[ 2026-05-27 15:22:09,518] 174 root - INFO - Data transformation complete
[ 2026-05-27 15:22:09,518] 49 root - INFO - Started Regular Expression mapping
[ 2026-05-27 15:22:09,518] 174 root - INFO - Data transformation complete
[ 2026-05-27 15:22:09,518] 49 root - INFO - Started Regular Expression mapping
[ 2026-05-27 15:22:09,518] 174 root - INFO - Data transformation complete
[ 2026-05-27 15:22:09,518] 49 root - INFO - Started Regular Expression mapping
[ 2026-05-27 15:22:09,518] 174 root - INFO - Data transformation complete
[ 2026-05-27 15:22:09,519] 49 root - INFO - Started Regular Expression mapping
[ 2026-05-27 15:22:09,519] 174 root - INFO - Data transformation complete
[ 2026-05-27 15:22:09,519] 49 root - INFO - Started Regular Expression mapping
[ 2026-05-27 15:22:09,519] 174 root - INFO - Data transformation complete
[ 2026-05-27 15:22:09,519] 49 root - INFO - Started Regular Expression mapping
[ 2026-05-27 15:22:09,519] 25 root - INFO - Match heuristic business names to paybill payments
[ 2026-05-27 15:22:09,520] 174 root - INFO - Data transformation complete
[ 2026-05-27 15:22:09,520] 49 root - INFO - Started Regular Expression mapping
[ 2026-05-27 15:22:09,520] 174 root - INFO - Data transformation complete
[ 2026-05-27 15:22:09,520] 49 root - INFO - Started Regular Expression mapping
[ 2026-05-27 15:22:09,520] 174 root - INFO - Data transformation complete
[ 2026-05-27 15:22:09,520] 49 root - INFO - Started Regular Expression mapping
[ 2026-05-27 15:22:09,521] 174 root - INFO - Data transformation complete
[ 2026-05-27 15:22:09,521] 49 root - INFO - Started Regular Expression mapping
[ 2026-05-27 15:22:09,521] 174 root - INFO - Data transformation complete
[ 2026-05-27 15:22:09,521] 49 root - INFO - Started Regular Expression mapping
[ 2026-05-27 15:22:09,521] 174 root - INFO - Data transformation complete
[ 2026-05-27 15:22:09,521] 49 root - INFO - Started Regular Expression mapping
[ 2026-05-27 15:22:09,522] 174 root - INFO - Data transformation complete
[ 2026-05-27 15:22:09,522] 49 root - INFO - Started Regular Expression mapping
[ 2026-05-27 15:22:09,522] 174 root - INFO - Data transformation complete
[ 2026-05-27 15:22:09,522] 49 root - INFO - Started Regular Expression mapping
[ 2026-05-27 15:22:09,522] 25 root - INFO - Match heuristic business names to paybill payments
[ 2026-05-27 15:22:09,522] 174 root - INFO - Data transformation complete
[ 2026-05-27 15:22:09,522] 49 root - INFO - Started Regular Expression mapping
[ 2026-05-27 15:22:09,523] 174 root - INFO - Data transformation complete
[ 2026-05-27 15:22:09,523] 49 root - INFO - Started Regular Expression mapping
[ 2026-05-27 15:22:09,523] 174 root - INFO - Data transformation complete
[ 2026-05-27 15:22:09,523] 49 root - INFO - Started Regular Expression mapping
[ 2026-05-27 15:22:09,523] 174 root - INFO - Data transformation complete
[ 2026-05-27 15:22:09,523] 49 root - INFO - Started Regular Expression mapping
[ 2026-05-27 15:22:09,524] 25 root - INFO - Match heuristic business names to paybill payments
[ 2026-05-27 15:22:09,524] 174 root - INFO - Data transformation complete
[ 2026-05-27 15:22:09,524] 49 root - INFO - Started Regular Expression mapping
[ 2026-05-27 15:22:09,524] 174 root - INFO - Data transformation complete
[ 2026-05-27 15:22:09,524] 49 root - INFO - Started Regular Expression mapping
[ 2026-05-27 15:22:09,524] 174 root - INFO - Data transformation complete
[ 2026-05-27 15:22:09,524] 49 root - INFO - Started Regular Expression mapping
[ 2026-05-27 15:22:09,525] 25 root - INFO - Match heuristic business names to paybill payments
[ 2026-05-27 15:22:09,525] 174 root - INFO - Data transformation complete
[ 2026-05-27 15:22:09,525] 49 root - INFO - Started Regular Expression mapping
[ 2026-05-27 15:22:09,525] 174 root - INFO - Data transformation complete
[ 2026-05-27 15:22:09,525] 49 root - INFO - Started Regular Expression mapping
[ 2026-05-27 15:22:09,525] 174 root - INFO - Data transformation complete
[ 2026-05-27 15:22:09,526] 49 root - INFO - Started Regular Expression mapping
[ 2026-05-27 15:22:09,526] 174 root - INFO - Data transformation complete
[ 2026-05-27 15:22:09,526] 49 root - INFO - Started Regular Expression mapping
[ 2026-05-27 15:22:09,526] 174 root - INFO - Data transformation complete
[ 2026-05-27 15:22:09,526] 49 root - INFO - Started Regular Expression mapping
[ 2026-05-27 15:22:09,526] 174 root - INFO - Data transformation complete
[ 2026-05-27 15:22:09,526] 49 root - INFO - Started Regular Expression mapping
[ 2026-05-27 15:22:09,527] 25 root - INFO - Match heuristic business names to paybill payments
[ 2026-05-27 15:22:09,527] 174 root - INFO - Data transformation complete
[ 2026-05-27 15:22:09,527] 49 root - INFO - Started Regular Expression mapping
[ 2026-05-27 15:22:09,527] 25 root - INFO - Match heuristic business names to paybill payments
[ 2026-05-27 15:22:09,527] 174 root - INFO - Data transformation complete
[ 2026-05-27 15:22:09,527] 49 root - INFO - Started Regular Expression mapping
[ 2026-05-27 15:22:09,528] 174 root - INFO - Data transformation complete
[ 2026-05-27 15:22:09,528] 49 root - INFO - Started Regular Expression mapping
[ 2026-05-27 15:22:09,528] 174 root - INFO - Data transformation complete
[ 2026-05-27 15:22:09,528] 49 root - INFO - Started Regular Expression mapping
[ 2026-05-27 15:22:09,528] 25 root - INFO - Match heuristic business names to paybill payments
[ 2026-05-27 15:22:09,528] 174 root - INFO - Data transformation complete
[ 2026-05-27 15:22:09,528] 49 root - INFO - Started Regular Expression mapping
[ 2026-05-27 15:22:09,529] 174 root - INFO - Data transformation complete
[ 2026-05-27 15:22:09,529] 49 root - INFO - Started Regular Expression mapping
[ 2026-05-27 15:22:09,529] 174 root - INFO - Data transformation complete
[ 2026-05-27 15:22:09,529] 49 root - INFO - Started Regular Expression mapping
[ 2026-05-27 15:22:09,529] 174 root - INFO - Data transformation complete
[ 2026-05-27 15:22:09,529] 49 root - INFO - Started Regular Expression mapping
[ 2026-05-27 15:22:09,530] 174 root - INFO - Data transformation complete
[ 2026-05-27 15:22:09,530] 49 root - INFO - Started Regular Expression mapping
[ 2026-05-27 15:22:09,530] 25 root - INFO - Match heuristic business names to paybill payments
[ 2026-05-27 15:22:09,530] 174 root - INFO - Data transformation complete
[ 2026-05-27 15:22:09,530] 49 root - INFO - Started Regular Expression mapping
[ 2026-05-27 15:22:09,530] 174 root - INFO - Data transformation complete
[ 2026-05-27 15:22:09,531] 49 root - INFO - Started Regular Expression mapping
[ 2026-05-27 15:22:09,531] 174 root - INFO - Data transformation complete
[ 2026-05-27 15:22:09,531] 49 root - INFO - Started Regular Expression mapping
[ 2026-05-27 15:22:09,531] 25 root - INFO - Match heuristic business names to paybill payments
[ 2026-05-27 15:22:09,531] 174 root - INFO - Data transformation complete
[ 2026-05-27 15:22:09,531] 49 root - INFO - Started Regular Expression mapping
[ 2026-05-27 15:22:09,531] 174 root - INFO - Data transformation complete
[ 2026-05-27 15:22:09,532] 49 root - INFO - Started Regular Expression mapping
[ 2026-05-27 15:22:09,532] 174 root - INFO - Data transformation complete
[ 2026-05-27 15:22:09,532] 49 root - INFO - Started Regular Expression mapping
[ 2026-05-27 15:22:09,532] 25 root - INFO - Match heuristic business names to paybill payments
[ 2026-05-27 15:22:09,532] 174 root - INFO - Data transformation complete
[ 2026-05-27 15:22:09,532] 49 root - INFO - Started Regular Expression mapping
[ 2026-05-27 15:22:09,533] 25 root - INFO - Match heuristic business names to paybill payments
[ 2026-05-27 15:22:09,533] 174 root - INFO - Data transformation complete
[ 2026-05-27 15:22:09,533] 49 root - INFO - Started Regular Expression mapping
[ 2026-05-27 15:22:09,533] 174 root - INFO - Data transformation complete
[ 2026-05-27 15:22:09,533] 49 root - INFO - Started Regular Expression mapping
[ 2026-05-27 15:22:09,533] 174 root - INFO - Data transformation complete
[ 2026-05-27 15:22:09,534] 49 root - INFO - Started Regular Expression mapping
[ 2026-05-27 15:22:09,534] 25 root - INFO - Match heuristic business names to paybill payments
[ 2026-05-27 15:22:09,534] 174 root - INFO - Data transformation complete
[ 2026-05-27 15:22:09,534] 49 root - INFO - Started Regular Expression mapping
[ 2026-05-27 15:22:09,534] 174 root - INFO - Data transformation complete
[ 2026-05-27 15:22:09,534] 49 root - INFO - Started Regular Expression mapping
[ 2026-05-27 15:22:09,535] 174 root - INFO - Data transformation complete
[ 2026-05-27 15:22:09,535] 49 root - INFO - Started Regular Expression mapping
[ 2026-05-27 15:22:09,535] 174 root - INFO - Data transformation complete
[ 2026-05-27 15:22:09,535] 49 root - INFO - Started Regular Expression mapping
[ 2026-05-27 15:22:09,535] 174 root - INFO - Data transformation complete
[ 2026-05-27 15:22:09,535] 49 root - INFO - Started Regular Expression mapping
[ 2026-05-27 15:22:09,535] 25 root - INFO - Match heuristic business names to paybill payments
[ 2026-05-27 15:22:09,536] 174 root - INFO - Data transformation complete
[ 2026-05-27 15:22:09,536] 49 root - INFO - Started Regular Expression mapping
[ 2026-05-27 15:22:09,536] 25 root - INFO - Match heuristic business names to paybill payments
[ 2026-05-27 15:22:09,536] 174 root - INFO - Data transformation complete
[ 2026-05-27 15:22:09,536] 49 root - INFO - Started Regular Expression mapping
[ 2026-05-27 15:22:09,536] 174 root - INFO - Data transformation complete
[ 2026-05-27 15:22:09,537] 49 root - INFO - Started Regular Expression mapping
[ 2026-05-27 15:22:09,537] 174 root - INFO - Data transformation complete
[ 2026-05-27 15:22:09,537] 49 root - INFO - Started Regular Expression mapping
[ 2026-05-27 15:22:09,537] 174 root - INFO - Data transformation complete
[ 2026-05-27 15:22:09,537] 49 root - INFO - Started Regular Expression mapping
[ 2026-05-27 15:22:09,537] 25 root - INFO - Match heuristic business names to paybill payments
[ 2026-05-27 15:22:09,537] 174 root - INFO - Data transformation complete
[ 2026-05-27 15:22:09,538] 49 root - INFO - Started Regular Expression mapping
[ 2026-05-27 15:22:09,538] 25 root - INFO - Match heuristic business names to paybill payments
[ 2026-05-27 15:22:09,538] 174 root - INFO - Data transformation complete
[ 2026-05-27 15:22:09,538] 49 root - INFO - Started Regular Expression mapping
[ 2026-05-27 15:22:09,538] 174 root - INFO - Data transformation complete
[ 2026-05-27 15:22:09,538] 49 root - INFO - Started Regular Expression mapping
[ 2026-05-27 15:22:09,539] 25 root - INFO - Match heuristic business names to paybill payments
[ 2026-05-27 15:22:09,539] 174 root - INFO - Data transformation complete
[ 2026-05-27 15:22:09,539] 49 root - INFO - Started Regular Expression mapping
[ 2026-05-27 15:22:09,539] 174 root - INFO - Data transformation complete
[ 2026-05-27 15:22:09,539] 49 root - INFO - Started Regular Expression mapping
[ 2026-05-27 15:22:09,539] 174 root - INFO - Data transformation complete
[ 2026-05-27 15:22:09,539] 49 root - INFO - Started Regular Expression mapping
[ 2026-05-27 15:22:09,540] 174 root - INFO - Data transformation complete
[ 2026-05-27 15:22:09,540] 49 root - INFO - Started Regular Expression mapping
[ 2026-05-27 15:22:09,540] 174 root - INFO - Data transformation complete
[ 2026-05-27 15:22:09,540] 49 root - INFO - Started Regular Expression mapping
[ 2026-05-27 15:22:09,540] 174 root - INFO - Data transformation complete
[ 2026-05-27 15:22:09,540] 49 root - INFO - Started Regular Expression mapping
[ 2026-05-27 15:22:09,541] 25 root - INFO - Match heuristic business names to paybill payments
[ 2026-05-27 15:22:09,541] 174 root - INFO - Data transformation complete
[ 2026-05-27 15:22:09,541] 49 root - INFO - Started Regular Expression mapping
[ 2026-05-27 15:22:09,541] 174 root - INFO - Data transformation complete
[ 2026-05-27 15:22:09,541] 49 root - INFO - Started Regular Expression mapping
[ 2026-05-27 15:22:09,541] 174 root - INFO - Data transformation complete
[ 2026-05-27 15:22:09,542] 49 root - INFO - Started Regular Expression mapping
[ 2026-05-27 15:22:09,542] 25 root - INFO - Match heuristic business names to paybill payments
[ 2026-05-27 15:22:09,542] 174 root - INFO - Data transformation complete
[ 2026-05-27 15:22:09,542] 49 root - INFO - Started Regular Expression mapping
[ 2026-05-27 15:22:09,542] 25 root - INFO - Match heuristic business names to paybill payments
[ 2026-05-27 15:22:09,542] 174 root - INFO - Data transformation complete
[ 2026-05-27 15:22:09,542] 49 root - INFO - Started Regular Expression mapping
[ 2026-05-27 15:22:09,543] 174 root - INFO - Data transformation complete
[ 2026-05-27 15:22:09,543] 49 root - INFO - Started Regular Expression mapping
[ 2026-05-27 15:22:09,543] 25 root - INFO - Match heuristic business names to paybill payments
[ 2026-05-27 15:22:09,543] 174 root - INFO - Data transformation complete
[ 2026-05-27 15:22:09,543] 49 root - INFO - Started Regular Expression mapping
[ 2026-05-27 15:22:09,543] 174 root - INFO - Data transformation complete
[ 2026-05-27 15:22:09,544] 49 root - INFO - Started Regular Expression mapping
[ 2026-05-27 15:22:09,544] 174 root - INFO - Data transformation complete
[ 2026-05-27 15:22:09,544] 49 root - INFO - Started Regular Expression mapping
[ 2026-05-27 15:22:09,544] 25 root - INFO - Match heuristic business names to paybill payments
[ 2026-05-27 15:22:09,544] 174 root - INFO - Data transformation complete
[ 2026-05-27 15:22:09,544] 49 root - INFO - Started Regular Expression mapping
[ 2026-05-27 15:22:09,545] 174 root - INFO - Data transformation complete
[ 2026-05-27 15:22:09,545] 49 root - INFO - Started Regular Expression mapping
[ 2026-05-27 15:22:09,545] 174 root - INFO - Data transformation complete
[ 2026-05-27 15:22:09,545] 49 root - INFO - Started Regular Expression mapping
[ 2026-05-27 15:22:09,545] 174 root - INFO - Data transformation complete
[ 2026-05-27 15:22:09,545] 49 root - INFO - Started Regular Expression mapping
[ 2026-05-27 15:22:09,546] 25 root - INFO - Match heuristic business names to paybill payments
[ 2026-05-27 15:22:09,546] 174 root - INFO - Data transformation complete
[ 2026-05-27 15:22:09,546] 49 root - INFO - Started Regular Expression mapping
[ 2026-05-27 15:22:09,546] 174 root - INFO - Data transformation complete
[ 2026-05-27 15:22:09,546] 49 root - INFO - Started Regular Expression mapping
[ 2026-05-27 15:22:09,546] 174 root - INFO - Data transformation complete
[ 2026-05-27 15:22:09,546] 49 root - INFO - Started Regular Expression mapping
[ 2026-05-27 15:22:09,546] 174 root - INFO - Data transformation complete
[ 2026-05-27 15:22:09,546] 49 root - INFO - Started Regular Expression mapping
[ 2026-05-27 15:22:09,546] 25 root - INFO - Match heuristic business names to paybill payments
[ 2026-05-27 15:22:09,547] 174 root - INFO - Data transformation complete
[ 2026-05-27 15:22:09,547] 49 root - INFO - Started Regular Expression mapping
[ 2026-05-27 15:22:09,547] 25 root - INFO - Match heuristic business names to paybill payments
[ 2026-05-27 15:22:09,547] 174 root - INFO - Data transformation complete
[ 2026-05-27 15:22:09,547] 49 root - INFO - Started Regular Expression mapping
[ 2026-05-27 15:22:09,547] 174 root - INFO - Data transformation complete
[ 2026-05-27 15:22:09,547] 49 root - INFO - Started Regular Expression mapping
[ 2026-05-27 15:22:09,548] 174 root - INFO - Data transformation complete
[ 2026-05-27 15:22:09,548] 49 root - INFO - Started Regular Expression mapping
[ 2026-05-27 15:22:09,548] 25 root - INFO - Match heuristic business names to paybill payments
[ 2026-05-27 15:22:09,548] 174 root - INFO - Data transformation complete
[ 2026-05-27 15:22:09,548] 49 root - INFO - Started Regular Expression mapping
[ 2026-05-27 15:22:09,548] 174 root - INFO - Data transformation complete
[ 2026-05-27 15:22:09,548] 49 root - INFO - Started Regular Expression mapping
[ 2026-05-27 15:22:09,549] 25 root - INFO - Match heuristic business names to paybill payments
[ 2026-05-27 15:22:09,549] 174 root - INFO - Data transformation complete
[ 2026-05-27 15:22:09,549] 49 root - INFO - Started Regular Expression mapping
[ 2026-05-27 15:22:09,549] 174 root - INFO - Data transformation complete
[ 2026-05-27 15:22:09,549] 49 root - INFO - Started Regular Expression mapping
[ 2026-05-27 15:22:09,549] 25 root - INFO - Match heuristic business names to paybill payments
[ 2026-05-27 15:22:09,550] 174 root - INFO - Data transformation complete
[ 2026-05-27 15:22:09,550] 49 root - INFO - Started Regular Expression mapping
[ 2026-05-27 15:22:09,550] 174 root - INFO - Data transformation complete
[ 2026-05-27 15:22:09,550] 49 root - INFO - Started Regular Expression mapping
[ 2026-05-27 15:22:09,550] 25 root - INFO - Match heuristic business names to paybill payments
[ 2026-05-27 15:22:09,550] 174 root - INFO - Data transformation complete
[ 2026-05-27 15:22:09,550] 49 root - INFO - Started Regular Expression mapping
[ 2026-05-27 15:22:09,551] 25 root - INFO - Match heuristic business names to paybill payments
[ 2026-05-27 15:22:09,551] 174 root - INFO - Data transformation complete
[ 2026-05-27 15:22:09,551] 49 root - INFO - Started Regular Expression mapping
[ 2026-05-27 15:22:09,551] 25 root - INFO - Match heuristic business names to paybill payments
[ 2026-05-27 15:22:09,551] 174 root - INFO - Data transformation complete
[ 2026-05-27 15:22:09,551] 49 root - INFO - Started Regular Expression mapping
[ 2026-05-27 15:22:09,552] 174 root - INFO - Data transformation complete
[ 2026-05-27 15:22:09,552] 49 root - INFO - Started Regular Expression mapping
[ 2026-05-27 15:22:09,552] 25 root - INFO - Match heuristic business names to paybill payments
[ 2026-05-27 15:22:09,552] 174 root - INFO - Data transformation complete
[ 2026-05-27 15:22:09,552] 49 root - INFO - Started Regular Expression mapping
[ 2026-05-27 15:22:09,552] 25 root - INFO - Match heuristic business names to paybill payments
[ 2026-05-27 15:22:09,552] 174 root - INFO - Data transformation complete
[ 2026-05-27 15:22:09,553] 49 root - INFO - Started Regular Expression mapping
[ 2026-05-27 15:22:09,553] 174 root - INFO - Data transformation complete
[ 2026-05-27 15:22:09,553] 49 root - INFO - Started Regular Expression mapping
[ 2026-05-27 15:22:09,553] 25 root - INFO - Match heuristic business names to paybill payments
[ 2026-05-27 15:22:09,553] 174 root - INFO - Data transformation complete
[ 2026-05-27 15:22:09,553] 49 root - INFO - Started Regular Expression mapping
[ 2026-05-27 15:22:09,553] 174 root - INFO - Data transformation complete
[ 2026-05-27 15:22:09,554] 49 root - INFO - Started Regular Expression mapping
[ 2026-05-27 15:22:09,554] 25 root - INFO - Match heuristic business names to paybill payments
[ 2026-05-27 15:22:09,554] 174 root - INFO - Data transformation complete
[ 2026-05-27 15:22:09,554] 49 root - INFO - Started Regular Expression mapping
[ 2026-05-27 15:22:09,554] 174 root - INFO - Data transformation complete
[ 2026-05-27 15:22:09,554] 49 root - INFO - Started Regular Expression mapping
[ 2026-05-27 15:22:09,555] 174 root - INFO - Data transformation complete
[ 2026-05-27 15:22:09,555] 49 root - INFO - Started Regular Expression mapping
[ 2026-05-27 15:22:09,555] 25 root - INFO - Match heuristic business names to paybill payments
[ 2026-05-27 15:22:09,555] 174 root - INFO - Data transformation complete
[ 2026-05-27 15:22:09,555] 49 root - INFO - Started Regular Expression mapping
[ 2026-05-27 15:22:09,555] 25 root - INFO - Match heuristic business names to paybill payments
[ 2026-05-27 15:22:09,555] 174 root - INFO - Data transformation complete
[ 2026-05-27 15:22:09,556] 49 root - INFO - Started Regular Expression mapping
[ 2026-05-27 15:22:09,556] 174 root - INFO - Data transformation complete
[ 2026-05-27 15:22:09,556] 49 root - INFO - Started Regular Expression mapping
[ 2026-05-27 15:22:09,556] 25 root - INFO - Match heuristic business names to paybill payments
[ 2026-05-27 15:22:09,556] 174 root - INFO - Data transformation complete
[ 2026-05-27 15:22:09,556] 49 root - INFO - Started Regular Expression mapping
[ 2026-05-27 15:22:09,557] 174 root - INFO - Data transformation complete
[ 2026-05-27 15:22:09,557] 49 root - INFO - Started Regular Expression mapping
[ 2026-05-27 15:22:09,557] 25 root - INFO - Match heuristic business names to paybill payments
[ 2026-05-27 15:22:09,557] 174 root - INFO - Data transformation complete
[ 2026-05-27 15:22:09,557] 49 root - INFO - Started Regular Expression mapping
[ 2026-05-27 15:22:09,557] 174 root - INFO - Data transformation complete
[ 2026-05-27 15:22:09,557] 49 root - INFO - Started Regular Expression mapping
[ 2026-05-27 15:22:09,558] 174 root - INFO - Data transformation complete
[ 2026-05-27 15:22:09,558] 49 root - INFO - Started Regular Expression mapping
[ 2026-05-27 15:22:09,558] 25 root - INFO - Match heuristic business names to paybill payments
[ 2026-05-27 15:22:09,558] 174 root - INFO - Data transformation complete
[ 2026-05-27 15:22:09,558] 49 root - INFO - Started Regular Expression mapping
[ 2026-05-27 15:22:09,558] 174 root - INFO - Data transformation complete
[ 2026-05-27 15:22:09,559] 49 root - INFO - Started Regular Expression mapping
[ 2026-05-27 15:22:09,559] 25 root - INFO - Match heuristic business names to paybill payments
[ 2026-05-27 15:22:09,559] 174 root - INFO - Data transformation complete
[ 2026-05-27 15:22:09,559] 49 root - INFO - Started Regular Expression mapping
[ 2026-05-27 15:22:09,559] 25 root - INFO - Match heuristic business names to paybill payments
[ 2026-05-27 15:22:09,559] 174 root - INFO - Data transformation complete
[ 2026-05-27 15:22:09,560] 49 root - INFO - Started Regular Expression mapping
[ 2026-05-27 15:22:09,560] 25 root - INFO - Match heuristic business names to paybill payments
[ 2026-05-27 15:22:09,560] 174 root - INFO - Data transformation complete
[ 2026-05-27 15:22:09,560] 49 root - INFO - Started Regular Expression mapping
[ 2026-05-27 15:22:09,561] 174 root - INFO - Data transformation complete
[ 2026-05-27 15:22:09,561] 49 root - INFO - Started Regular Expression mapping
[ 2026-05-27 15:22:09,561] 174 root - INFO - Data transformation complete
[ 2026-05-27 15:22:09,561] 49 root - INFO - Started Regular Expression mapping
[ 2026-05-27 15:22:09,561] 25 root - INFO - Match heuristic business names to paybill payments
[ 2026-05-27 15:22:09,562] 174 root - INFO - Data transformation complete
[ 2026-05-27 15:22:09,562] 49 root - INFO - Started Regular Expression mapping
[ 2026-05-27 15:22:09,562] 174 root - INFO - Data transformation complete
[ 2026-05-27 15:22:09,562] 49 root - INFO - Started Regular Expression mapping
[ 2026-05-27 15:22:09,562] 174 root - INFO - Data transformation complete
[ 2026-05-27 15:22:09,562] 49 root - INFO - Started Regular Expression mapping
[ 2026-05-27 15:22:09,563] 174 root - INFO - Data transformation complete
[ 2026-05-27 15:22:09,563] 49 root - INFO - Started Regular Expression mapping
[ 2026-05-27 15:22:09,563] 25 root - INFO - Match heuristic business names to paybill payments
[ 2026-05-27 15:22:09,563] 174 root - INFO - Data transformation complete
[ 2026-05-27 15:22:09,563] 49 root - INFO - Started Regular Expression mapping
[ 2026-05-27 15:22:09,563] 25 root - INFO - Match heuristic business names to paybill payments
[ 2026-05-27 15:22:09,563] 174 root - INFO - Data transformation complete
[ 2026-05-27 15:22:09,564] 49 root - INFO - Started Regular Expression mapping
[ 2026-05-27 15:22:09,564] 174 root - INFO - Data transformation complete
[ 2026-05-27 15:22:09,564] 49 root - INFO - Started Regular Expression mapping
[ 2026-05-27 15:22:09,564] 174 root - INFO - Data transformation complete
[ 2026-05-27 15:22:09,564] 49 root - INFO - Started Regular Expression mapping
[ 2026-05-27 15:22:09,564] 174 root - INFO - Data transformation complete
[ 2026-05-27 15:22:09,565] 49 root - INFO - Started Regular Expression mapping
[ 2026-05-27 15:22:09,565] 174 root - INFO - Data transformation complete
[ 2026-05-27 15:22:09,565] 49 root - INFO - Started Regular Expression mapping
[ 2026-05-27 15:22:09,565] 174 root - INFO - Data transformation complete
[ 2026-05-27 15:22:09,565] 49 root - INFO - Started Regular Expression mapping
[ 2026-05-27 15:22:09,565] 174 root - INFO - Data transformation complete
[ 2026-05-27 15:22:09,566] 49 root - INFO - Started Regular Expression mapping
[ 2026-05-27 15:22:09,566] 25 root - INFO - Match heuristic business names to paybill payments
[ 2026-05-27 15:22:09,566] 174 root - INFO - Data transformation complete
[ 2026-05-27 15:22:09,566] 49 root - INFO - Started Regular Expression mapping
[ 2026-05-27 15:22:09,566] 174 root - INFO - Data transformation complete
[ 2026-05-27 15:22:09,566] 49 root - INFO - Started Regular Expression mapping
[ 2026-05-27 15:22:09,566] 174 root - INFO - Data transformation complete
[ 2026-05-27 15:22:09,567] 49 root - INFO - Started Regular Expression mapping
[ 2026-05-27 15:22:09,567] 174 root - INFO - Data transformation complete
[ 2026-05-27 15:22:09,567] 49 root - INFO - Started Regular Expression mapping
[ 2026-05-27 15:22:09,567] 25 root - INFO - Match heuristic business names to paybill payments
[ 2026-05-27 15:22:09,567] 174 root - INFO - Data transformation complete
[ 2026-05-27 15:22:09,567] 49 root - INFO - Started Regular Expression mapping
[ 2026-05-27 15:22:09,568] 174 root - INFO - Data transformation complete
[ 2026-05-27 15:22:09,568] 49 root - INFO - Started Regular Expression mapping
[ 2026-05-27 15:22:09,568] 174 root - INFO - Data transformation complete
[ 2026-05-27 15:22:09,568] 49 root - INFO - Started Regular Expression mapping
[ 2026-05-27 15:22:09,568] 174 root - INFO - Data transformation complete
[ 2026-05-27 15:22:09,568] 49 root - INFO - Started Regular Expression mapping
[ 2026-05-27 15:22:09,569] 174 root - INFO - Data transformation complete
[ 2026-05-27 15:22:09,569] 49 root - INFO - Started Regular Expression mapping
[ 2026-05-27 15:22:09,569] 25 root - INFO - Match heuristic business names to paybill payments
[ 2026-05-27 15:22:09,569] 174 root - INFO - Data transformation complete
[ 2026-05-27 15:22:09,569] 49 root - INFO - Started Regular Expression mapping
[ 2026-05-27 15:22:09,569] 174 root - INFO - Data transformation complete
[ 2026-05-27 15:22:09,569] 49 root - INFO - Started Regular Expression mapping
[ 2026-05-27 15:22:09,570] 174 root - INFO - Data transformation complete
[ 2026-05-27 15:22:09,570] 49 root - INFO - Started Regular Expression mapping
[ 2026-05-27 15:22:09,570] 25 root - INFO - Match heuristic business names to paybill payments
[ 2026-05-27 15:22:09,570] 174 root - INFO - Data transformation complete
[ 2026-05-27 15:22:09,570] 49 root - INFO - Started Regular Expression mapping
[ 2026-05-27 15:22:09,570] 174 root - INFO - Data transformation complete
[ 2026-05-27 15:22:09,571] 49 root - INFO - Started Regular Expression mapping
[ 2026-05-27 15:22:09,571] 25 root - INFO - Match heuristic business names to paybill payments
[ 2026-05-27 15:22:09,571] 174 root - INFO - Data transformation complete
[ 2026-05-27 15:22:09,571] 49 root - INFO - Started Regular Expression mapping
[ 2026-05-27 15:22:09,571] 25 root - INFO - Match heuristic business names to paybill payments
[ 2026-05-27 15:22:09,571] 174 root - INFO - Data transformation complete
[ 2026-05-27 15:22:09,571] 49 root - INFO - Started Regular Expression mapping
[ 2026-05-27 15:22:09,572] 174 root - INFO - Data transformation complete
[ 2026-05-27 15:22:09,573] 49 root - INFO - Started Regular Expression mapping
[ 2026-05-27 15:22:09,573] 174 root - INFO - Data transformation complete
[ 2026-05-27 15:22:09,573] 49 root - INFO - Started Regular Expression mapping
[ 2026-05-27 15:22:09,573] 174 root - INFO - Data transformation complete
[ 2026-05-27 15:22:09,573] 49 root - INFO - Started Regular Expression mapping
[ 2026-05-27 15:22:09,573] 174 root - INFO - Data transformation complete
[ 2026-05-27 15:22:09,573] 49 root - INFO - Started Regular Expression mapping
[ 2026-05-27 15:22:09,574] 174 root - INFO - Data transformation complete
[ 2026-05-27 15:22:09,574] 49 root - INFO - Started Regular Expression mapping
[ 2026-05-27 15:22:09,574] 25 root - INFO - Match heuristic business names to paybill payments
[ 2026-05-27 15:22:09,574] 174 root - INFO - Data transformation complete
[ 2026-05-27 15:22:09,574] 49 root - INFO - Started Regular Expression mapping
[ 2026-05-27 15:22:09,574] 25 root - INFO - Match heuristic business names to paybill payments
[ 2026-05-27 15:22:09,575] 174 root - INFO - Data transformation complete
[ 2026-05-27 15:22:09,575] 49 root - INFO - Started Regular Expression mapping
[ 2026-05-27 15:22:09,575] 25 root - INFO - Match heuristic business names to paybill payments
[ 2026-05-27 15:22:09,575] 174 root - INFO - Data transformation complete
[ 2026-05-27 15:22:09,575] 49 root - INFO - Started Regular Expression mapping
[ 2026-05-27 15:22:09,575] 174 root - INFO - Data transformation complete
[ 2026-05-27 15:22:09,575] 49 root - INFO - Started Regular Expression mapping
[ 2026-05-27 15:22:09,576] 174 root - INFO - Data transformation complete
[ 2026-05-27 15:22:09,576] 49 root - INFO - Started Regular Expression mapping
[ 2026-05-27 15:22:09,576] 174 root - INFO - Data transformation complete
[ 2026-05-27 15:22:09,576] 49 root - INFO - Started Regular Expression mapping
[ 2026-05-27 15:22:09,577] 174 root - INFO - Data transformation complete
[ 2026-05-27 15:22:09,577] 49 root - INFO - Started Regular Expression mapping
[ 2026-05-27 15:22:09,577] 174 root - INFO - Data transformation complete
[ 2026-05-27 15:22:09,577] 49 root - INFO - Started Regular Expression mapping
[ 2026-05-27 15:22:09,577] 174 root - INFO - Data transformation complete
[ 2026-05-27 15:22:09,577] 49 root - INFO - Started Regular Expression mapping
[ 2026-05-27 15:22:09,577] 25 root - INFO - Match heuristic business names to paybill payments
[ 2026-05-27 15:22:09,578] 174 root - INFO - Data transformation complete
[ 2026-05-27 15:22:09,578] 49 root - INFO - Started Regular Expression mapping
[ 2026-05-27 15:22:09,578] 174 root - INFO - Data transformation complete
[ 2026-05-27 15:22:09,578] 49 root - INFO - Started Regular Expression mapping
[ 2026-05-27 15:22:09,578] 25 root - INFO - Match heuristic business names to paybill payments
[ 2026-05-27 15:22:09,578] 174 root - INFO - Data transformation complete
[ 2026-05-27 15:22:09,579] 49 root - INFO - Started Regular Expression mapping
[ 2026-05-27 15:22:09,579] 25 root - INFO - Match heuristic business names to paybill payments
[ 2026-05-27 15:22:09,579] 174 root - INFO - Data transformation complete
[ 2026-05-27 15:22:09,579] 49 root - INFO - Started Regular Expression mapping
[ 2026-05-27 15:22:09,579] 25 root - INFO - Match heuristic business names to paybill payments
[ 2026-05-27 15:22:09,579] 174 root - INFO - Data transformation complete
[ 2026-05-27 15:22:09,579] 49 root - INFO - Started Regular Expression mapping
[ 2026-05-27 15:22:09,580] 174 root - INFO - Data transformation complete
[ 2026-05-27 15:22:09,580] 49 root - INFO - Started Regular Expression mapping
[ 2026-05-27 15:22:09,580] 174 root - INFO - Data transformation complete
[ 2026-05-27 15:22:09,580] 49 root - INFO - Started Regular Expression mapping
[ 2026-05-27 15:22:09,580] 174 root - INFO - Data transformation complete
[ 2026-05-27 15:22:09,580] 49 root - INFO - Started Regular Expression mapping
[ 2026-05-27 15:22:09,581] 25 root - INFO - Match heuristic business names to paybill payments
[ 2026-05-27 15:22:09,581] 174 root - INFO - Data transformation complete
[ 2026-05-27 15:22:09,581] 49 root - INFO - Started Regular Expression mapping
[ 2026-05-27 15:22:09,581] 174 root - INFO - Data transformation complete
[ 2026-05-27 15:22:09,581] 49 root - INFO - Started Regular Expression mapping
[ 2026-05-27 15:22:09,581] 174 root - INFO - Data transformation complete
[ 2026-05-27 15:22:09,582] 49 root - INFO - Started Regular Expression mapping
[ 2026-05-27 15:22:09,582] 25 root - INFO - Match heuristic business names to paybill payments
[ 2026-05-27 15:22:09,582] 174 root - INFO - Data transformation complete
[ 2026-05-27 15:22:09,582] 49 root - INFO - Started Regular Expression mapping
[ 2026-05-27 15:22:09,582] 174 root - INFO - Data transformation complete
[ 2026-05-27 15:22:09,582] 49 root - INFO - Started Regular Expression mapping
[ 2026-05-27 15:22:09,582] 25 root - INFO - Match heuristic business names to paybill payments
[ 2026-05-27 15:22:09,583] 174 root - INFO - Data transformation complete
[ 2026-05-27 15:22:09,583] 49 root - INFO - Started Regular Expression mapping
[ 2026-05-27 15:22:09,583] 174 root - INFO - Data transformation complete
[ 2026-05-27 15:22:09,583] 49 root - INFO - Started Regular Expression mapping
[ 2026-05-27 15:22:09,583] 174 root - INFO - Data transformation complete
[ 2026-05-27 15:22:09,583] 49 root - INFO - Started Regular Expression mapping
[ 2026-05-27 15:22:09,583] 174 root - INFO - Data transformation complete
[ 2026-05-27 15:22:09,584] 49 root - INFO - Started Regular Expression mapping
[ 2026-05-27 15:22:09,584] 174 root - INFO - Data transformation complete
[ 2026-05-27 15:22:09,584] 49 root - INFO - Started Regular Expression mapping
[ 2026-05-27 15:22:09,584] 25 root - INFO - Match heuristic business names to paybill payments
[ 2026-05-27 15:22:09,584] 174 root - INFO - Data transformation complete
[ 2026-05-27 15:22:09,584] 49 root - INFO - Started Regular Expression mapping
[ 2026-05-27 15:22:09,585] 174 root - INFO - Data transformation complete
[ 2026-05-27 15:22:09,585] 49 root - INFO - Started Regular Expression mapping
[ 2026-05-27 15:22:09,585] 174 root - INFO - Data transformation complete
[ 2026-05-27 15:22:09,585] 49 root - INFO - Started Regular Expression mapping
[ 2026-05-27 15:22:09,585] 25 root - INFO - Match heuristic business names to paybill payments
[ 2026-05-27 15:22:09,585] 174 root - INFO - Data transformation complete
[ 2026-05-27 15:22:09,585] 49 root - INFO - Started Regular Expression mapping
[ 2026-05-27 15:22:09,586] 25 root - INFO - Match heuristic business names to paybill payments
[ 2026-05-27 15:22:09,586] 174 root - INFO - Data transformation complete
[ 2026-05-27 15:22:09,586] 49 root - INFO - Started Regular Expression mapping
[ 2026-05-27 15:22:09,586] 25 root - INFO - Match heuristic business names to paybill payments
[ 2026-05-27 15:22:09,586] 174 root - INFO - Data transformation complete
[ 2026-05-27 15:22:09,586] 49 root - INFO - Started Regular Expression mapping
[ 2026-05-27 15:22:09,587] 25 root - INFO - Match heuristic business names to paybill payments
[ 2026-05-27 15:22:09,587] 174 root - INFO - Data transformation complete
[ 2026-05-27 15:22:09,587] 49 root - INFO - Started Regular Expression mapping
[ 2026-05-27 15:22:09,587] 25 root - INFO - Match heuristic business names to paybill payments
[ 2026-05-27 15:22:09,587] 174 root - INFO - Data transformation complete
[ 2026-05-27 15:22:09,587] 49 root - INFO - Started Regular Expression mapping
[ 2026-05-27 15:22:09,587] 174 root - INFO - Data transformation complete
[ 2026-05-27 15:22:09,588] 49 root - INFO - Started Regular Expression mapping
[ 2026-05-27 15:22:09,588] 174 root - INFO - Data transformation complete
[ 2026-05-27 15:22:09,588] 49 root - INFO - Started Regular Expression mapping
[ 2026-05-27 15:22:09,588] 174 root - INFO - Data transformation complete
[ 2026-05-27 15:22:09,588] 49 root - INFO - Started Regular Expression mapping
[ 2026-05-27 15:22:09,588] 25 root - INFO - Match heuristic business names to paybill payments
[ 2026-05-27 15:22:09,588] 174 root - INFO - Data transformation complete
[ 2026-05-27 15:22:09,589] 49 root - INFO - Started Regular Expression mapping
[ 2026-05-27 15:22:09,589] 174 root - INFO - Data transformation complete
[ 2026-05-27 15:22:09,589] 49 root - INFO - Started Regular Expression mapping
[ 2026-05-27 15:22:09,589] 174 root - INFO - Data transformation complete
[ 2026-05-27 15:22:09,589] 49 root - INFO - Started Regular Expression mapping
[ 2026-05-27 15:22:09,589] 25 root - INFO - Match heuristic business names to paybill payments
[ 2026-05-27 15:22:09,590] 174 root - INFO - Data transformation complete
[ 2026-05-27 15:22:09,590] 49 root - INFO - Started Regular Expression mapping
[ 2026-05-27 15:22:09,590] 25 root - INFO - Match heuristic business names to paybill payments
[ 2026-05-27 15:22:09,590] 174 root - INFO - Data transformation complete
[ 2026-05-27 15:22:09,590] 49 root - INFO - Started Regular Expression mapping
[ 2026-05-27 15:22:09,590] 174 root - INFO - Data transformation complete
[ 2026-05-27 15:22:09,590] 49 root - INFO - Started Regular Expression mapping
[ 2026-05-27 15:22:09,591] 25 root - INFO - Match heuristic business names to paybill payments
[ 2026-05-27 15:22:09,591] 174 root - INFO - Data transformation complete
[ 2026-05-27 15:22:09,591] 49 root - INFO - Started Regular Expression mapping
[ 2026-05-27 15:22:09,591] 174 root - INFO - Data transformation complete
[ 2026-05-27 15:22:09,591] 49 root - INFO - Started Regular Expression mapping
[ 2026-05-27 15:22:09,591] 25 root - INFO - Match heuristic business names to paybill payments
[ 2026-05-27 15:22:09,591] 174 root - INFO - Data transformation complete
[ 2026-05-27 15:22:09,592] 49 root - INFO - Started Regular Expression mapping
[ 2026-05-27 15:22:09,592] 174 root - INFO - Data transformation complete
[ 2026-05-27 15:22:09,592] 49 root - INFO - Started Regular Expression mapping
[ 2026-05-27 15:22:09,592] 174 root - INFO - Data transformation complete
[ 2026-05-27 15:22:09,593] 49 root - INFO - Started Regular Expression mapping
[ 2026-05-27 15:22:09,593] 174 root - INFO - Data transformation complete
[ 2026-05-27 15:22:09,593] 49 root - INFO - Started Regular Expression mapping
[ 2026-05-27 15:22:09,593] 174 root - INFO - Data transformation complete
[ 2026-05-27 15:22:09,593] 49 root - INFO - Started Regular Expression mapping
[ 2026-05-27 15:22:09,593] 174 root - INFO - Data transformation complete
[ 2026-05-27 15:22:09,594] 49 root - INFO - Started Regular Expression mapping
[ 2026-05-27 15:22:09,594] 174 root - INFO - Data transformation complete
[ 2026-05-27 15:22:09,594] 49 root - INFO - Started Regular Expression mapping
[ 2026-05-27 15:22:09,594] 174 root - INFO - Data transformation complete
[ 2026-05-27 15:22:09,594] 49 root - INFO - Started Regular Expression mapping
[ 2026-05-27 15:22:09,594] 174 root - INFO - Data transformation complete
[ 2026-05-27 15:22:09,594] 49 root - INFO - Started Regular Expression mapping
[ 2026-05-27 15:22:09,595] 174 root - INFO - Data transformation complete
[ 2026-05-27 15:22:09,595] 49 root - INFO - Started Regular Expression mapping
[ 2026-05-27 15:22:09,595] 174 root - INFO - Data transformation complete
[ 2026-05-27 15:22:09,595] 49 root - INFO - Started Regular Expression mapping
[ 2026-05-27 15:22:09,595] 174 root - INFO - Data transformation complete
[ 2026-05-27 15:22:09,595] 49 root - INFO - Started Regular Expression mapping
[ 2026-05-27 15:22:09,596] 25 root - INFO - Match heuristic business names to paybill payments
[ 2026-05-27 15:22:09,596] 174 root - INFO - Data transformation complete
[ 2026-05-27 15:22:09,596] 49 root - INFO - Started Regular Expression mapping
[ 2026-05-27 15:22:09,596] 174 root - INFO - Data transformation complete
[ 2026-05-27 15:22:09,596] 49 root - INFO - Started Regular Expression mapping
[ 2026-05-27 15:22:09,596] 25 root - INFO - Match heuristic business names to paybill payments
[ 2026-05-27 15:22:09,596] 174 root - INFO - Data transformation complete
[ 2026-05-27 15:22:09,597] 49 root - INFO - Started Regular Expression mapping
[ 2026-05-27 15:22:09,597] 174 root - INFO - Data transformation complete
[ 2026-05-27 15:22:09,597] 49 root - INFO - Started Regular Expression mapping
[ 2026-05-27 15:22:09,597] 174 root - INFO - Data transformation complete
[ 2026-05-27 15:22:09,597] 49 root - INFO - Started Regular Expression mapping
[ 2026-05-27 15:22:09,597] 25 root - INFO - Match heuristic business names to paybill payments
[ 2026-05-27 15:22:09,597] 174 root - INFO - Data transformation complete
[ 2026-05-27 15:22:09,598] 49 root - INFO - Started Regular Expression mapping
[ 2026-05-27 15:22:09,598] 174 root - INFO - Data transformation complete
[ 2026-05-27 15:22:09,598] 49 root - INFO - Started Regular Expression mapping
[ 2026-05-27 15:22:09,598] 174 root - INFO - Data transformation complete
[ 2026-05-27 15:22:09,598] 49 root - INFO - Started Regular Expression mapping
[ 2026-05-27 15:22:09,598] 174 root - INFO - Data transformation complete
[ 2026-05-27 15:22:09,598] 49 root - INFO - Started Regular Expression mapping
[ 2026-05-27 15:22:09,599] 25 root - INFO - Match heuristic business names to paybill payments
[ 2026-05-27 15:22:09,599] 174 root - INFO - Data transformation complete
[ 2026-05-27 15:22:09,599] 49 root - INFO - Started Regular Expression mapping
[ 2026-05-27 15:22:09,599] 174 root - INFO - Data transformation complete
[ 2026-05-27 15:22:09,599] 49 root - INFO - Started Regular Expression mapping
[ 2026-05-27 15:22:09,599] 174 root - INFO - Data transformation complete
[ 2026-05-27 15:22:09,599] 49 root - INFO - Started Regular Expression mapping
[ 2026-05-27 15:22:09,600] 25 root - INFO - Match heuristic business names to paybill payments
[ 2026-05-27 15:22:09,600] 174 root - INFO - Data transformation complete
[ 2026-05-27 15:22:09,600] 49 root - INFO - Started Regular Expression mapping
[ 2026-05-27 15:22:09,600] 174 root - INFO - Data transformation complete
[ 2026-05-27 15:22:09,600] 49 root - INFO - Started Regular Expression mapping
[ 2026-05-27 15:22:09,600] 174 root - INFO - Data transformation complete
[ 2026-05-27 15:22:09,601] 49 root - INFO - Started Regular Expression mapping
[ 2026-05-27 15:22:09,601] 25 root - INFO - Match heuristic business names to paybill payments
[ 2026-05-27 15:22:09,601] 174 root - INFO - Data transformation complete
[ 2026-05-27 15:22:09,601] 49 root - INFO - Started Regular Expression mapping
[ 2026-05-27 15:22:09,601] 174 root - INFO - Data transformation complete
[ 2026-05-27 15:22:09,601] 49 root - INFO - Started Regular Expression mapping
[ 2026-05-27 15:22:09,601] 174 root - INFO - Data transformation complete
[ 2026-05-27 15:22:09,602] 49 root - INFO - Started Regular Expression mapping
[ 2026-05-27 15:22:09,602] 174 root - INFO - Data transformation complete
[ 2026-05-27 15:22:09,602] 49 root - INFO - Started Regular Expression mapping
[ 2026-05-27 15:22:09,602] 174 root - INFO - Data transformation complete
[ 2026-05-27 15:22:09,602] 49 root - INFO - Started Regular Expression mapping
[ 2026-05-27 15:22:09,602] 174 root - INFO - Data transformation complete
[ 2026-05-27 15:22:09,603] 49 root - INFO - Started Regular Expression mapping
[ 2026-05-27 15:22:09,603] 174 root - INFO - Data transformation complete
[ 2026-05-27 15:22:09,603] 49 root - INFO - Started Regular Expression mapping
[ 2026-05-27 15:22:09,603] 174 root - INFO - Data transformation complete
[ 2026-05-27 15:22:09,603] 49 root - INFO - Started Regular Expression mapping
[ 2026-05-27 15:22:09,603] 174 root - INFO - Data transformation complete
[ 2026-05-27 15:22:09,603] 49 root - INFO - Started Regular Expression mapping
[ 2026-05-27 15:22:09,604] 174 root - INFO - Data transformation complete
[ 2026-05-27 15:22:09,604] 49 root - INFO - Started Regular Expression mapping
[ 2026-05-27 15:22:09,604] 25 root - INFO - Match heuristic business names to paybill payments
[ 2026-05-27 15:22:09,604] 174 root - INFO - Data transformation complete
[ 2026-05-27 15:22:09,604] 49 root - INFO - Started Regular Expression mapping
[ 2026-05-27 15:22:09,604] 174 root - INFO - Data transformation complete
[ 2026-05-27 15:22:09,605] 49 root - INFO - Started Regular Expression mapping
[ 2026-05-27 15:22:09,605] 174 root - INFO - Data transformation complete
[ 2026-05-27 15:22:09,605] 49 root - INFO - Started Regular Expression mapping
[ 2026-05-27 15:22:09,605] 25 root - INFO - Match heuristic business names to paybill payments
[ 2026-05-27 15:22:09,605] 174 root - INFO - Data transformation complete
[ 2026-05-27 15:22:09,605] 49 root - INFO - Started Regular Expression mapping
[ 2026-05-27 15:22:09,605] 174 root - INFO - Data transformation complete
[ 2026-05-27 15:22:09,606] 49 root - INFO - Started Regular Expression mapping
[ 2026-05-27 15:22:09,606] 25 root - INFO - Match heuristic business names to paybill payments
[ 2026-05-27 15:22:09,606] 174 root - INFO - Data transformation complete
[ 2026-05-27 15:22:09,606] 49 root - INFO - Started Regular Expression mapping
[ 2026-05-27 15:22:09,606] 174 root - INFO - Data transformation complete
[ 2026-05-27 15:22:09,606] 49 root - INFO - Started Regular Expression mapping
[ 2026-05-27 15:22:09,606] 25 root - INFO - Match heuristic business names to paybill payments
[ 2026-05-27 15:22:09,607] 174 root - INFO - Data transformation complete
[ 2026-05-27 15:22:09,607] 49 root - INFO - Started Regular Expression mapping
[ 2026-05-27 15:22:09,607] 25 root - INFO - Match heuristic business names to paybill payments
[ 2026-05-27 15:22:09,607] 174 root - INFO - Data transformation complete
[ 2026-05-27 15:22:09,607] 49 root - INFO - Started Regular Expression mapping
[ 2026-05-27 15:22:09,607] 174 root - INFO - Data transformation complete
[ 2026-05-27 15:22:09,607] 49 root - INFO - Started Regular Expression mapping
[ 2026-05-27 15:22:09,608] 174 root - INFO - Data transformation complete
[ 2026-05-27 15:22:09,608] 49 root - INFO - Started Regular Expression mapping
[ 2026-05-27 15:22:09,608] 174 root - INFO - Data transformation complete
[ 2026-05-27 15:22:09,608] 49 root - INFO - Started Regular Expression mapping
[ 2026-05-27 15:22:09,608] 174 root - INFO - Data transformation complete
[ 2026-05-27 15:22:09,609] 49 root - INFO - Started Regular Expression mapping
[ 2026-05-27 15:22:09,609] 174 root - INFO - Data transformation complete
[ 2026-05-27 15:22:09,609] 49 root - INFO - Started Regular Expression mapping
[ 2026-05-27 15:22:09,609] 174 root - INFO - Data transformation complete
[ 2026-05-27 15:22:09,609] 49 root - INFO - Started Regular Expression mapping
[ 2026-05-27 15:22:09,609] 174 root - INFO - Data transformation complete
[ 2026-05-27 15:22:09,609] 49 root - INFO - Started Regular Expression mapping
[ 2026-05-27 15:22:09,610] 25 root - INFO - Match heuristic business names to paybill payments
[ 2026-05-27 15:22:09,610] 174 root - INFO - Data transformation complete
[ 2026-05-27 15:22:09,610] 49 root - INFO - Started Regular Expression mapping
[ 2026-05-27 15:22:09,610] 25 root - INFO - Match heuristic business names to paybill payments
[ 2026-05-27 15:22:09,610] 174 root - INFO - Data transformation complete
[ 2026-05-27 15:22:09,610] 49 root - INFO - Started Regular Expression mapping
[ 2026-05-27 15:22:09,611] 174 root - INFO - Data transformation complete
[ 2026-05-27 15:22:09,611] 49 root - INFO - Started Regular Expression mapping
[ 2026-05-27 15:22:09,611] 174 root - INFO - Data transformation complete
[ 2026-05-27 15:22:09,611] 49 root - INFO - Started Regular Expression mapping
[ 2026-05-27 15:22:09,611] 174 root - INFO - Data transformation complete
[ 2026-05-27 15:22:09,611] 49 root - INFO - Started Regular Expression mapping
[ 2026-05-27 15:22:09,612] 174 root - INFO - Data transformation complete
[ 2026-05-27 15:22:09,612] 49 root - INFO - Started Regular Expression mapping
[ 2026-05-27 15:22:09,612] 174 root - INFO - Data transformation complete
[ 2026-05-27 15:22:09,612] 49 root - INFO - Started Regular Expression mapping
[ 2026-05-27 15:22:09,612] 25 root - INFO - Match heuristic business names to paybill payments
[ 2026-05-27 15:22:09,612] 174 root - INFO - Data transformation complete
[ 2026-05-27 15:22:09,612] 49 root - INFO - Started Regular Expression mapping
[ 2026-05-27 15:22:09,613] 25 root - INFO - Match heuristic business names to paybill payments
[ 2026-05-27 15:22:09,613] 174 root - INFO - Data transformation complete
[ 2026-05-27 15:22:09,613] 49 root - INFO - Started Regular Expression mapping
[ 2026-05-27 15:22:09,613] 25 root - INFO - Match heuristic business names to paybill payments
[ 2026-05-27 15:22:09,613] 174 root - INFO - Data transformation complete
[ 2026-05-27 15:22:09,613] 49 root - INFO - Started Regular Expression mapping
[ 2026-05-27 15:22:09,613] 174 root - INFO - Data transformation complete
[ 2026-05-27 15:22:09,614] 49 root - INFO - Started Regular Expression mapping
[ 2026-05-27 15:22:09,614] 174 root - INFO - Data transformation complete
[ 2026-05-27 15:22:09,614] 49 root - INFO - Started Regular Expression mapping
[ 2026-05-27 15:22:09,614] 25 root - INFO - Match heuristic business names to paybill payments
[ 2026-05-27 15:22:09,614] 174 root - INFO - Data transformation complete
[ 2026-05-27 15:22:09,614] 49 root - INFO - Started Regular Expression mapping
[ 2026-05-27 15:22:09,614] 25 root - INFO - Match heuristic business names to paybill payments
[ 2026-05-27 15:22:09,615] 174 root - INFO - Data transformation complete
[ 2026-05-27 15:22:09,615] 49 root - INFO - Started Regular Expression mapping
[ 2026-05-27 15:22:09,615] 174 root - INFO - Data transformation complete
[ 2026-05-27 15:22:09,615] 49 root - INFO - Started Regular Expression mapping
[ 2026-05-27 15:22:09,615] 174 root - INFO - Data transformation complete
[ 2026-05-27 15:22:09,615] 49 root - INFO - Started Regular Expression mapping
[ 2026-05-27 15:22:09,615] 174 root - INFO - Data transformation complete
[ 2026-05-27 15:22:09,616] 49 root - INFO - Started Regular Expression mapping
[ 2026-05-27 15:22:09,616] 174 root - INFO - Data transformation complete
[ 2026-05-27 15:22:09,616] 49 root - INFO - Started Regular Expression mapping
[ 2026-05-27 15:22:09,616] 174 root - INFO - Data transformation complete
[ 2026-05-27 15:22:09,616] 49 root - INFO - Started Regular Expression mapping
[ 2026-05-27 15:22:09,616] 25 root - INFO - Match heuristic business names to paybill payments
[ 2026-05-27 15:22:09,617] 174 root - INFO - Data transformation complete
[ 2026-05-27 15:22:09,617] 49 root - INFO - Started Regular Expression mapping
[ 2026-05-27 15:22:09,617] 174 root - INFO - Data transformation complete
[ 2026-05-27 15:22:09,617] 49 root - INFO - Started Regular Expression mapping
[ 2026-05-27 15:22:09,617] 174 root - INFO - Data transformation complete
[ 2026-05-27 15:22:09,617] 49 root - INFO - Started Regular Expression mapping
[ 2026-05-27 15:22:09,617] 174 root - INFO - Data transformation complete
[ 2026-05-27 15:22:09,618] 49 root - INFO - Started Regular Expression mapping
[ 2026-05-27 15:22:09,618] 174 root - INFO - Data transformation complete
[ 2026-05-27 15:22:09,618] 49 root - INFO - Started Regular Expression mapping
[ 2026-05-27 15:22:09,618] 174 root - INFO - Data transformation complete
[ 2026-05-27 15:22:09,618] 49 root - INFO - Started Regular Expression mapping
[ 2026-05-27 15:22:09,618] 174 root - INFO - Data transformation complete
[ 2026-05-27 15:22:09,619] 49 root - INFO - Started Regular Expression mapping
[ 2026-05-27 15:22:09,619] 174 root - INFO - Data transformation complete
[ 2026-05-27 15:22:09,619] 49 root - INFO - Started Regular Expression mapping
[ 2026-05-27 15:22:09,619] 174 root - INFO - Data transformation complete
[ 2026-05-27 15:22:09,619] 49 root - INFO - Started Regular Expression mapping
[ 2026-05-27 15:22:09,619] 25 root - INFO - Match heuristic business names to paybill payments
[ 2026-05-27 15:22:09,619] 174 root - INFO - Data transformation complete
[ 2026-05-27 15:22:09,620] 49 root - INFO - Started Regular Expression mapping
[ 2026-05-27 15:22:09,620] 25 root - INFO - Match heuristic business names to paybill payments
[ 2026-05-27 15:22:09,620] 174 root - INFO - Data transformation complete
[ 2026-05-27 15:22:09,620] 49 root - INFO - Started Regular Expression mapping
[ 2026-05-27 15:22:09,620] 174 root - INFO - Data transformation complete
[ 2026-05-27 15:22:09,620] 49 root - INFO - Started Regular Expression mapping
[ 2026-05-27 15:22:09,620] 174 root - INFO - Data transformation complete
[ 2026-05-27 15:22:09,621] 49 root - INFO - Started Regular Expression mapping
[ 2026-05-27 15:22:09,621] 174 root - INFO - Data transformation complete
[ 2026-05-27 15:22:09,621] 49 root - INFO - Started Regular Expression mapping
[ 2026-05-27 15:22:09,621] 174 root - INFO - Data transformation complete
[ 2026-05-27 15:22:09,621] 49 root - INFO - Started Regular Expression mapping
[ 2026-05-27 15:22:09,621] 174 root - INFO - Data transformation complete
[ 2026-05-27 15:22:09,622] 49 root - INFO - Started Regular Expression mapping
[ 2026-05-27 15:22:09,622] 174 root - INFO - Data transformation complete
[ 2026-05-27 15:22:09,622] 49 root - INFO - Started Regular Expression mapping
[ 2026-05-27 15:22:09,622] 174 root - INFO - Data transformation complete
[ 2026-05-27 15:22:09,622] 49 root - INFO - Started Regular Expression mapping
[ 2026-05-27 15:22:09,622] 174 root - INFO - Data transformation complete
[ 2026-05-27 15:22:09,622] 49 root - INFO - Started Regular Expression mapping
[ 2026-05-27 15:22:09,623] 25 root - INFO - Match heuristic business names to paybill payments
[ 2026-05-27 15:22:09,623] 174 root - INFO - Data transformation complete
[ 2026-05-27 15:22:09,623] 49 root - INFO - Started Regular Expression mapping
[ 2026-05-27 15:22:09,623] 174 root - INFO - Data transformation complete
[ 2026-05-27 15:22:09,623] 49 root - INFO - Started Regular Expression mapping
[ 2026-05-27 15:22:09,623] 25 root - INFO - Match heuristic business names to paybill payments
[ 2026-05-27 15:22:09,624] 174 root - INFO - Data transformation complete
[ 2026-05-27 15:22:09,624] 49 root - INFO - Started Regular Expression mapping
[ 2026-05-27 15:22:09,624] 174 root - INFO - Data transformation complete
[ 2026-05-27 15:22:09,624] 49 root - INFO - Started Regular Expression mapping
[ 2026-05-27 15:22:09,624] 25 root - INFO - Match heuristic business names to paybill payments
[ 2026-05-27 15:22:09,624] 174 root - INFO - Data transformation complete
[ 2026-05-27 15:22:09,625] 49 root - INFO - Started Regular Expression mapping
[ 2026-05-27 15:22:09,625] 25 root - INFO - Match heuristic business names to paybill payments
[ 2026-05-27 15:22:09,625] 174 root - INFO - Data transformation complete
[ 2026-05-27 15:22:09,625] 49 root - INFO - Started Regular Expression mapping
[ 2026-05-27 15:22:09,625] 25 root - INFO - Match heuristic business names to paybill payments
[ 2026-05-27 15:22:09,625] 174 root - INFO - Data transformation complete
[ 2026-05-27 15:22:09,625] 49 root - INFO - Started Regular Expression mapping
[ 2026-05-27 15:22:09,626] 174 root - INFO - Data transformation complete
[ 2026-05-27 15:22:09,626] 49 root - INFO - Started Regular Expression mapping
[ 2026-05-27 15:22:09,626] 174 root - INFO - Data transformation complete
[ 2026-05-27 15:22:09,626] 49 root - INFO - Started Regular Expression mapping
[ 2026-05-27 15:22:09,626] 174 root - INFO - Data transformation complete
[ 2026-05-27 15:22:09,626] 49 root - INFO - Started Regular Expression mapping
[ 2026-05-27 15:22:09,627] 174 root - INFO - Data transformation complete
[ 2026-05-27 15:22:09,627] 49 root - INFO - Started Regular Expression mapping
[ 2026-05-27 15:22:09,627] 174 root - INFO - Data transformation complete
[ 2026-05-27 15:22:09,627] 49 root - INFO - Started Regular Expression mapping
[ 2026-05-27 15:22:09,627] 174 root - INFO - Data transformation complete
[ 2026-05-27 15:22:09,627] 49 root - INFO - Started Regular Expression mapping
[ 2026-05-27 15:22:09,627] 25 root - INFO - Match heuristic business names to paybill payments
[ 2026-05-27 15:22:09,628] 174 root - INFO - Data transformation complete
[ 2026-05-27 15:22:09,628] 49 root - INFO - Started Regular Expression mapping
[ 2026-05-27 15:22:09,628] 174 root - INFO - Data transformation complete
[ 2026-05-27 15:22:09,628] 49 root - INFO - Started Regular Expression mapping
[ 2026-05-27 15:22:09,628] 174 root - INFO - Data transformation complete
[ 2026-05-27 15:22:09,628] 49 root - INFO - Started Regular Expression mapping
[ 2026-05-27 15:22:09,629] 25 root - INFO - Match heuristic business names to paybill payments
[ 2026-05-27 15:22:09,629] 174 root - INFO - Data transformation complete
[ 2026-05-27 15:22:09,629] 49 root - INFO - Started Regular Expression mapping
[ 2026-05-27 15:22:09,629] 174 root - INFO - Data transformation complete
[ 2026-05-27 15:22:09,629] 49 root - INFO - Started Regular Expression mapping
[ 2026-05-27 15:22:09,629] 174 root - INFO - Data transformation complete
[ 2026-05-27 15:22:09,629] 49 root - INFO - Started Regular Expression mapping
[ 2026-05-27 15:22:09,630] 174 root - INFO - Data transformation complete
[ 2026-05-27 15:22:09,630] 49 root - INFO - Started Regular Expression mapping
[ 2026-05-27 15:22:09,630] 174 root - INFO - Data transformation complete
[ 2026-05-27 15:22:09,630] 49 root - INFO - Started Regular Expression mapping
[ 2026-05-27 15:22:09,630] 25 root - INFO - Match heuristic business names to paybill payments
[ 2026-05-27 15:22:09,630] 174 root - INFO - Data transformation complete
[ 2026-05-27 15:22:09,630] 49 root - INFO - Started Regular Expression mapping
[ 2026-05-27 15:22:09,631] 25 root - INFO - Match heuristic business names to paybill payments
[ 2026-05-27 15:22:09,631] 174 root - INFO - Data transformation complete
[ 2026-05-27 15:22:09,631] 49 root - INFO - Started Regular Expression mapping
[ 2026-05-27 15:22:09,631] 25 root - INFO - Match heuristic business names to paybill payments
[ 2026-05-27 15:22:09,631] 174 root - INFO - Data transformation complete
[ 2026-05-27 15:22:09,631] 49 root - INFO - Started Regular Expression mapping
[ 2026-05-27 15:22:09,631] 174 root - INFO - Data transformation complete
[ 2026-05-27 15:22:09,632] 49 root - INFO - Started Regular Expression mapping
[ 2026-05-27 15:22:09,632] 174 root - INFO - Data transformation complete
[ 2026-05-27 15:22:09,632] 49 root - INFO - Started Regular Expression mapping
[ 2026-05-27 15:22:09,632] 25 root - INFO - Match heuristic business names to paybill payments
[ 2026-05-27 15:22:09,632] 174 root - INFO - Data transformation complete
[ 2026-05-27 15:22:09,632] 49 root - INFO - Started Regular Expression mapping
[ 2026-05-27 15:22:09,633] 174 root - INFO - Data transformation complete
[ 2026-05-27 15:22:09,633] 49 root - INFO - Started Regular Expression mapping
[ 2026-05-27 15:22:09,633] 25 root - INFO - Match heuristic business names to paybill payments
[ 2026-05-27 15:22:09,633] 174 root - INFO - Data transformation complete
[ 2026-05-27 15:22:09,633] 49 root - INFO - Started Regular Expression mapping
[ 2026-05-27 15:22:09,633] 174 root - INFO - Data transformation complete
[ 2026-05-27 15:22:09,633] 49 root - INFO - Started Regular Expression mapping
[ 2026-05-27 15:22:09,634] 25 root - INFO - Match heuristic business names to paybill payments
[ 2026-05-27 15:22:09,634] 174 root - INFO - Data transformation complete
[ 2026-05-27 15:22:09,634] 49 root - INFO - Started Regular Expression mapping
[ 2026-05-27 15:22:09,634] 174 root - INFO - Data transformation complete
[ 2026-05-27 15:22:09,634] 49 root - INFO - Started Regular Expression mapping
[ 2026-05-27 15:22:09,634] 174 root - INFO - Data transformation complete
[ 2026-05-27 15:22:09,634] 49 root - INFO - Started Regular Expression mapping
[ 2026-05-27 15:22:09,635] 174 root - INFO - Data transformation complete
[ 2026-05-27 15:22:09,635] 49 root - INFO - Started Regular Expression mapping
[ 2026-05-27 15:22:09,635] 174 root - INFO - Data transformation complete
[ 2026-05-27 15:22:09,635] 49 root - INFO - Started Regular Expression mapping
[ 2026-05-27 15:22:09,635] 25 root - INFO - Match heuristic business names to paybill payments
[ 2026-05-27 15:22:09,635] 174 root - INFO - Data transformation complete
[ 2026-05-27 15:22:09,635] 49 root - INFO - Started Regular Expression mapping
[ 2026-05-27 15:22:09,636] 25 root - INFO - Match heuristic business names to paybill payments
[ 2026-05-27 15:22:09,636] 174 root - INFO - Data transformation complete
[ 2026-05-27 15:22:09,636] 49 root - INFO - Started Regular Expression mapping
[ 2026-05-27 15:22:09,636] 174 root - INFO - Data transformation complete
[ 2026-05-27 15:22:09,636] 49 root - INFO - Started Regular Expression mapping
[ 2026-05-27 15:22:09,636] 174 root - INFO - Data transformation complete
[ 2026-05-27 15:22:09,637] 49 root - INFO - Started Regular Expression mapping
[ 2026-05-27 15:22:09,637] 25 root - INFO - Match heuristic business names to paybill payments
[ 2026-05-27 15:22:09,637] 174 root - INFO - Data transformation complete
[ 2026-05-27 15:22:09,637] 49 root - INFO - Started Regular Expression mapping
[ 2026-05-27 15:22:09,637] 174 root - INFO - Data transformation complete
[ 2026-05-27 15:22:09,637] 49 root - INFO - Started Regular Expression mapping
[ 2026-05-27 15:22:09,637] 174 root - INFO - Data transformation complete
[ 2026-05-27 15:22:09,638] 49 root - INFO - Started Regular Expression mapping
[ 2026-05-27 15:22:09,638] 174 root - INFO - Data transformation complete
[ 2026-05-27 15:22:09,638] 49 root - INFO - Started Regular Expression mapping
[ 2026-05-27 15:22:09,638] 25 root - INFO - Match heuristic business names to paybill payments
[ 2026-05-27 15:22:09,638] 174 root - INFO - Data transformation complete
[ 2026-05-27 15:22:09,638] 49 root - INFO - Started Regular Expression mapping
[ 2026-05-27 15:22:09,639] 25 root - INFO - Match heuristic business names to paybill payments
[ 2026-05-27 15:22:09,639] 174 root - INFO - Data transformation complete
[ 2026-05-27 15:22:09,639] 49 root - INFO - Started Regular Expression mapping
[ 2026-05-27 15:22:09,639] 174 root - INFO - Data transformation complete
[ 2026-05-27 15:22:09,639] 49 root - INFO - Started Regular Expression mapping
[ 2026-05-27 15:22:09,639] 25 root - INFO - Match heuristic business names to paybill payments
[ 2026-05-27 15:22:09,639] 174 root - INFO - Data transformation complete
[ 2026-05-27 15:22:09,639] 49 root - INFO - Started Regular Expression mapping
[ 2026-05-27 15:22:09,640] 25 root - INFO - Match heuristic business names to paybill payments
[ 2026-05-27 15:22:09,640] 174 root - INFO - Data transformation complete
[ 2026-05-27 15:22:09,640] 49 root - INFO - Started Regular Expression mapping
[ 2026-05-27 15:22:09,641] 174 root - INFO - Data transformation complete
[ 2026-05-27 15:22:09,641] 49 root - INFO - Started Regular Expression mapping
[ 2026-05-27 15:22:09,641] 25 root - INFO - Match heuristic business names to paybill payments
[ 2026-05-27 15:22:09,641] 174 root - INFO - Data transformation complete
[ 2026-05-27 15:22:09,641] 49 root - INFO - Started Regular Expression mapping
[ 2026-05-27 15:22:09,642] 174 root - INFO - Data transformation complete
[ 2026-05-27 15:22:09,642] 49 root - INFO - Started Regular Expression mapping
[ 2026-05-27 15:22:09,642] 25 root - INFO - Match heuristic business names to paybill payments
[ 2026-05-27 15:22:09,642] 174 root - INFO - Data transformation complete
[ 2026-05-27 15:22:09,643] 49 root - INFO - Started Regular Expression mapping
[ 2026-05-27 15:22:09,643] 174 root - INFO - Data transformation complete
[ 2026-05-27 15:22:09,643] 49 root - INFO - Started Regular Expression mapping
[ 2026-05-27 15:22:09,643] 174 root - INFO - Data transformation complete
[ 2026-05-27 15:22:09,643] 49 root - INFO - Started Regular Expression mapping
[ 2026-05-27 15:22:09,643] 174 root - INFO - Data transformation complete
[ 2026-05-27 15:22:09,643] 49 root - INFO - Started Regular Expression mapping
[ 2026-05-27 15:22:09,644] 174 root - INFO - Data transformation complete
[ 2026-05-27 15:22:09,644] 49 root - INFO - Started Regular Expression mapping
[ 2026-05-27 15:22:09,644] 25 root - INFO - Match heuristic business names to paybill payments
[ 2026-05-27 15:22:09,644] 174 root - INFO - Data transformation complete
[ 2026-05-27 15:22:09,644] 49 root - INFO - Started Regular Expression mapping
[ 2026-05-27 15:22:09,644] 174 root - INFO - Data transformation complete
[ 2026-05-27 15:22:09,645] 49 root - INFO - Started Regular Expression mapping
[ 2026-05-27 15:22:09,645] 25 root - INFO - Match heuristic business names to paybill payments
[ 2026-05-27 15:22:09,645] 174 root - INFO - Data transformation complete
[ 2026-05-27 15:22:09,645] 49 root - INFO - Started Regular Expression mapping
[ 2026-05-27 15:22:09,645] 25 root - INFO - Match heuristic business names to paybill payments
[ 2026-05-27 15:22:09,645] 174 root - INFO - Data transformation complete
[ 2026-05-27 15:22:09,645] 49 root - INFO - Started Regular Expression mapping
[ 2026-05-27 15:22:09,646] 25 root - INFO - Match heuristic business names to paybill payments
[ 2026-05-27 15:22:09,646] 174 root - INFO - Data transformation complete
[ 2026-05-27 15:22:09,646] 49 root - INFO - Started Regular Expression mapping
[ 2026-05-27 15:22:09,646] 25 root - INFO - Match heuristic business names to paybill payments
[ 2026-05-27 15:22:09,646] 174 root - INFO - Data transformation complete
[ 2026-05-27 15:22:09,646] 49 root - INFO - Started Regular Expression mapping
[ 2026-05-27 15:22:09,646] 174 root - INFO - Data transformation complete
[ 2026-05-27 15:22:09,647] 49 root - INFO - Started Regular Expression mapping
[ 2026-05-27 15:22:09,647] 174 root - INFO - Data transformation complete
[ 2026-05-27 15:22:09,647] 49 root - INFO - Started Regular Expression mapping
[ 2026-05-27 15:22:09,647] 25 root - INFO - Match heuristic business names to paybill payments
[ 2026-05-27 15:22:09,647] 174 root - INFO - Data transformation complete
[ 2026-05-27 15:22:09,647] 49 root - INFO - Started Regular Expression mapping
[ 2026-05-27 15:22:09,647] 174 root - INFO - Data transformation complete
[ 2026-05-27 15:22:09,648] 49 root - INFO - Started Regular Expression mapping
[ 2026-05-27 15:22:09,648] 174 root - INFO - Data transformation complete
[ 2026-05-27 15:22:09,648] 49 root - INFO - Started Regular Expression mapping
[ 2026-05-27 15:22:09,648] 25 root - INFO - Match heuristic business names to paybill payments
[ 2026-05-27 15:22:09,648] 174 root - INFO - Data transformation complete
[ 2026-05-27 15:22:09,648] 49 root - INFO - Started Regular Expression mapping
[ 2026-05-27 15:22:09,649] 174 root - INFO - Data transformation complete
[ 2026-05-27 15:22:09,649] 49 root - INFO - Started Regular Expression mapping
[ 2026-05-27 15:22:09,649] 174 root - INFO - Data transformation complete
[ 2026-05-27 15:22:09,649] 49 root - INFO - Started Regular Expression mapping
[ 2026-05-27 15:22:09,649] 25 root - INFO - Match heuristic business names to paybill payments
[ 2026-05-27 15:22:09,649] 174 root - INFO - Data transformation complete
[ 2026-05-27 15:22:09,649] 49 root - INFO - Started Regular Expression mapping
[ 2026-05-27 15:22:09,650] 174 root - INFO - Data transformation complete
[ 2026-05-27 15:22:09,650] 49 root - INFO - Started Regular Expression mapping
[ 2026-05-27 15:22:09,650] 25 root - INFO - Match heuristic business names to paybill payments
[ 2026-05-27 15:22:09,650] 174 root - INFO - Data transformation complete
[ 2026-05-27 15:22:09,650] 49 root - INFO - Started Regular Expression mapping
[ 2026-05-27 15:22:09,650] 174 root - INFO - Data transformation complete
[ 2026-05-27 15:22:09,650] 49 root - INFO - Started Regular Expression mapping
[ 2026-05-27 15:22:09,651] 174 root - INFO - Data transformation complete
[ 2026-05-27 15:22:09,651] 49 root - INFO - Started Regular Expression mapping
[ 2026-05-27 15:22:09,651] 174 root - INFO - Data transformation complete
[ 2026-05-27 15:22:09,651] 49 root - INFO - Started Regular Expression mapping
[ 2026-05-27 15:22:09,651] 174 root - INFO - Data transformation complete
[ 2026-05-27 15:22:09,651] 49 root - INFO - Started Regular Expression mapping
[ 2026-05-27 15:22:09,651] 174 root - INFO - Data transformation complete
[ 2026-05-27 15:22:09,652] 49 root - INFO - Started Regular Expression mapping
[ 2026-05-27 15:22:09,652] 174 root - INFO - Data transformation complete
[ 2026-05-27 15:22:09,652] 49 root - INFO - Started Regular Expression mapping
[ 2026-05-27 15:22:09,652] 174 root - INFO - Data transformation complete
[ 2026-05-27 15:22:09,652] 49 root - INFO - Started Regular Expression mapping
[ 2026-05-27 15:22:09,652] 174 root - INFO - Data transformation complete
[ 2026-05-27 15:22:09,653] 49 root - INFO - Started Regular Expression mapping
[ 2026-05-27 15:22:09,653] 25 root - INFO - Match heuristic business names to paybill payments
[ 2026-05-27 15:22:09,653] 174 root - INFO - Data transformation complete
[ 2026-05-27 15:22:09,653] 49 root - INFO - Started Regular Expression mapping
[ 2026-05-27 15:22:09,653] 174 root - INFO - Data transformation complete
[ 2026-05-27 15:22:09,653] 49 root - INFO - Started Regular Expression mapping
[ 2026-05-27 15:22:09,654] 174 root - INFO - Data transformation complete
[ 2026-05-27 15:22:09,654] 49 root - INFO - Started Regular Expression mapping
[ 2026-05-27 15:22:09,654] 174 root - INFO - Data transformation complete
[ 2026-05-27 15:22:09,654] 49 root - INFO - Started Regular Expression mapping
[ 2026-05-27 15:22:09,654] 174 root - INFO - Data transformation complete
[ 2026-05-27 15:22:09,654] 49 root - INFO - Started Regular Expression mapping
[ 2026-05-27 15:22:09,654] 174 root - INFO - Data transformation complete
[ 2026-05-27 15:22:09,655] 49 root - INFO - Started Regular Expression mapping
[ 2026-05-27 15:22:09,655] 174 root - INFO - Data transformation complete
[ 2026-05-27 15:22:09,655] 49 root - INFO - Started Regular Expression mapping
[ 2026-05-27 15:22:09,655] 174 root - INFO - Data transformation complete
[ 2026-05-27 15:22:09,655] 49 root - INFO - Started Regular Expression mapping
[ 2026-05-27 15:22:09,655] 174 root - INFO - Data transformation complete
[ 2026-05-27 15:22:09,655] 49 root - INFO - Started Regular Expression mapping
[ 2026-05-27 15:22:09,656] 25 root - INFO - Match heuristic business names to paybill payments
[ 2026-05-27 15:22:09,656] 174 root - INFO - Data transformation complete
[ 2026-05-27 15:22:09,656] 49 root - INFO - Started Regular Expression mapping
[ 2026-05-27 15:22:09,656] 174 root - INFO - Data transformation complete
[ 2026-05-27 15:22:09,656] 49 root - INFO - Started Regular Expression mapping
[ 2026-05-27 15:22:09,656] 174 root - INFO - Data transformation complete
[ 2026-05-27 15:22:09,657] 49 root - INFO - Started Regular Expression mapping
[ 2026-05-27 15:22:09,657] 174 root - INFO - Data transformation complete
[ 2026-05-27 15:22:09,657] 49 root - INFO - Started Regular Expression mapping
[ 2026-05-27 15:22:09,657] 174 root - INFO - Data transformation complete
[ 2026-05-27 15:22:09,657] 49 root - INFO - Started Regular Expression mapping
[ 2026-05-27 15:22:09,657] 174 root - INFO - Data transformation complete
[ 2026-05-27 15:22:09,657] 49 root - INFO - Started Regular Expression mapping
[ 2026-05-27 15:22:09,658] 25 root - INFO - Match heuristic business names to paybill payments
[ 2026-05-27 15:22:09,658] 174 root - INFO - Data transformation complete
[ 2026-05-27 15:22:09,658] 49 root - INFO - Started Regular Expression mapping
[ 2026-05-27 15:22:09,658] 25 root - INFO - Match heuristic business names to paybill payments
[ 2026-05-27 15:22:09,658] 174 root - INFO - Data transformation complete
[ 2026-05-27 15:22:09,658] 49 root - INFO - Started Regular Expression mapping
[ 2026-05-27 15:22:09,659] 25 root - INFO - Match heuristic business names to paybill payments
[ 2026-05-27 15:22:09,659] 174 root - INFO - Data transformation complete
[ 2026-05-27 15:22:09,659] 49 root - INFO - Started Regular Expression mapping
[ 2026-05-27 15:22:09,659] 174 root - INFO - Data transformation complete
[ 2026-05-27 15:22:09,659] 49 root - INFO - Started Regular Expression mapping
[ 2026-05-27 15:22:09,659] 25 root - INFO - Match heuristic business names to paybill payments
[ 2026-05-27 15:22:09,659] 174 root - INFO - Data transformation complete
[ 2026-05-27 15:22:09,660] 49 root - INFO - Started Regular Expression mapping
[ 2026-05-27 15:22:09,660] 174 root - INFO - Data transformation complete
[ 2026-05-27 15:22:09,660] 49 root - INFO - Started Regular Expression mapping
[ 2026-05-27 15:22:09,660] 174 root - INFO - Data transformation complete
[ 2026-05-27 15:22:09,660] 49 root - INFO - Started Regular Expression mapping
[ 2026-05-27 15:22:09,660] 174 root - INFO - Data transformation complete
[ 2026-05-27 15:22:09,660] 49 root - INFO - Started Regular Expression mapping
[ 2026-05-27 15:22:09,661] 174 root - INFO - Data transformation complete
[ 2026-05-27 15:22:09,661] 49 root - INFO - Started Regular Expression mapping
[ 2026-05-27 15:22:09,661] 174 root - INFO - Data transformation complete
[ 2026-05-27 15:22:09,661] 49 root - INFO - Started Regular Expression mapping
[ 2026-05-27 15:22:09,661] 25 root - INFO - Match heuristic business names to paybill payments
[ 2026-05-27 15:22:09,661] 174 root - INFO - Data transformation complete
[ 2026-05-27 15:22:09,662] 49 root - INFO - Started Regular Expression mapping
[ 2026-05-27 15:22:09,662] 174 root - INFO - Data transformation complete
[ 2026-05-27 15:22:09,662] 49 root - INFO - Started Regular Expression mapping
[ 2026-05-27 15:22:09,662] 25 root - INFO - Match heuristic business names to paybill payments
[ 2026-05-27 15:22:09,662] 174 root - INFO - Data transformation complete
[ 2026-05-27 15:22:09,662] 49 root - INFO - Started Regular Expression mapping
[ 2026-05-27 15:22:09,662] 25 root - INFO - Match heuristic business names to paybill payments
[ 2026-05-27 15:22:09,663] 174 root - INFO - Data transformation complete
[ 2026-05-27 15:22:09,663] 49 root - INFO - Started Regular Expression mapping
[ 2026-05-27 15:22:09,663] 174 root - INFO - Data transformation complete
[ 2026-05-27 15:22:09,663] 49 root - INFO - Started Regular Expression mapping
[ 2026-05-27 15:22:09,663] 174 root - INFO - Data transformation complete
[ 2026-05-27 15:22:09,663] 49 root - INFO - Started Regular Expression mapping
[ 2026-05-27 15:22:09,663] 25 root - INFO - Match heuristic business names to paybill payments
[ 2026-05-27 15:22:09,664] 174 root - INFO - Data transformation complete
[ 2026-05-27 15:22:09,664] 49 root - INFO - Started Regular Expression mapping
[ 2026-05-27 15:22:09,664] 25 root - INFO - Match heuristic business names to paybill payments
[ 2026-05-27 15:22:09,664] 174 root - INFO - Data transformation complete
[ 2026-05-27 15:22:09,664] 49 root - INFO - Started Regular Expression mapping
[ 2026-05-27 15:22:09,664] 25 root - INFO - Match heuristic business names to paybill payments
[ 2026-05-27 15:22:09,664] 174 root - INFO - Data transformation complete
[ 2026-05-27 15:22:09,665] 49 root - INFO - Started Regular Expression mapping
[ 2026-05-27 15:22:09,665] 25 root - INFO - Match heuristic business names to paybill payments
[ 2026-05-27 15:22:09,665] 174 root - INFO - Data transformation complete
[ 2026-05-27 15:22:09,665] 49 root - INFO - Started Regular Expression mapping
[ 2026-05-27 15:22:09,665] 174 root - INFO - Data transformation complete
[ 2026-05-27 15:22:09,665] 49 root - INFO - Started Regular Expression mapping
[ 2026-05-27 15:22:09,666] 174 root - INFO - Data transformation complete
[ 2026-05-27 15:22:09,666] 49 root - INFO - Started Regular Expression mapping
[ 2026-05-27 15:22:09,666] 25 root - INFO - Match heuristic business names to paybill payments
[ 2026-05-27 15:22:09,666] 174 root - INFO - Data transformation complete
[ 2026-05-27 15:22:09,666] 49 root - INFO - Started Regular Expression mapping
[ 2026-05-27 15:22:09,666] 25 root - INFO - Match heuristic business names to paybill payments
[ 2026-05-27 15:22:09,666] 174 root - INFO - Data transformation complete
[ 2026-05-27 15:22:09,666] 49 root - INFO - Started Regular Expression mapping
[ 2026-05-27 15:22:09,667] 25 root - INFO - Match heuristic business names to paybill payments
[ 2026-05-27 15:22:09,667] 174 root - INFO - Data transformation complete
[ 2026-05-27 15:22:09,667] 49 root - INFO - Started Regular Expression mapping
[ 2026-05-27 15:22:09,667] 174 root - INFO - Data transformation complete
[ 2026-05-27 15:22:09,667] 49 root - INFO - Started Regular Expression mapping
[ 2026-05-27 15:22:09,667] 174 root - INFO - Data transformation complete
[ 2026-05-27 15:22:09,668] 49 root - INFO - Started Regular Expression mapping
[ 2026-05-27 15:22:09,668] 174 root - INFO - Data transformation complete
[ 2026-05-27 15:22:09,668] 49 root - INFO - Started Regular Expression mapping
[ 2026-05-27 15:22:09,668] 174 root - INFO - Data transformation complete
[ 2026-05-27 15:22:09,668] 49 root - INFO - Started Regular Expression mapping
[ 2026-05-27 15:22:09,668] 25 root - INFO - Match heuristic business names to paybill payments
[ 2026-05-27 15:22:09,668] 174 root - INFO - Data transformation complete
[ 2026-05-27 15:22:09,669] 49 root - INFO - Started Regular Expression mapping
[ 2026-05-27 15:22:09,669] 174 root - INFO - Data transformation complete
[ 2026-05-27 15:22:09,669] 49 root - INFO - Started Regular Expression mapping
[ 2026-05-27 15:22:09,669] 25 root - INFO - Match heuristic business names to paybill payments
[ 2026-05-27 15:22:09,669] 174 root - INFO - Data transformation complete
[ 2026-05-27 15:22:09,669] 49 root - INFO - Started Regular Expression mapping
[ 2026-05-27 15:22:09,670] 174 root - INFO - Data transformation complete
[ 2026-05-27 15:22:09,670] 49 root - INFO - Started Regular Expression mapping
[ 2026-05-27 15:22:09,670] 174 root - INFO - Data transformation complete
[ 2026-05-27 15:22:09,670] 49 root - INFO - Started Regular Expression mapping
[ 2026-05-27 15:22:09,670] 174 root - INFO - Data transformation complete
[ 2026-05-27 15:22:09,670] 49 root - INFO - Started Regular Expression mapping
[ 2026-05-27 15:22:09,670] 25 root - INFO - Match heuristic business names to paybill payments
[ 2026-05-27 15:22:09,671] 174 root - INFO - Data transformation complete
[ 2026-05-27 15:22:09,671] 49 root - INFO - Started Regular Expression mapping
[ 2026-05-27 15:22:09,671] 174 root - INFO - Data transformation complete
[ 2026-05-27 15:22:09,671] 49 root - INFO - Started Regular Expression mapping
[ 2026-05-27 15:22:09,671] 174 root - INFO - Data transformation complete
[ 2026-05-27 15:22:09,671] 49 root - INFO - Started Regular Expression mapping
[ 2026-05-27 15:22:09,671] 174 root - INFO - Data transformation complete
[ 2026-05-27 15:22:09,672] 49 root - INFO - Started Regular Expression mapping
[ 2026-05-27 15:22:09,672] 174 root - INFO - Data transformation complete
[ 2026-05-27 15:22:09,672] 49 root - INFO - Started Regular Expression mapping
[ 2026-05-27 15:22:09,672] 174 root - INFO - Data transformation complete
[ 2026-05-27 15:22:09,672] 49 root - INFO - Started Regular Expression mapping
[ 2026-05-27 15:22:09,672] 25 root - INFO - Match heuristic business names to paybill payments
[ 2026-05-27 15:22:09,673] 174 root - INFO - Data transformation complete
[ 2026-05-27 15:22:09,673] 49 root - INFO - Started Regular Expression mapping
[ 2026-05-27 15:22:09,673] 174 root - INFO - Data transformation complete
[ 2026-05-27 15:22:09,673] 49 root - INFO - Started Regular Expression mapping
[ 2026-05-27 15:22:09,673] 174 root - INFO - Data transformation complete
[ 2026-05-27 15:22:09,673] 49 root - INFO - Started Regular Expression mapping
[ 2026-05-27 15:22:09,673] 174 root - INFO - Data transformation complete
[ 2026-05-27 15:22:09,674] 49 root - INFO - Started Regular Expression mapping
[ 2026-05-27 15:22:09,674] 174 root - INFO - Data transformation complete
[ 2026-05-27 15:22:09,674] 49 root - INFO - Started Regular Expression mapping
[ 2026-05-27 15:22:09,674] 174 root - INFO - Data transformation complete
[ 2026-05-27 15:22:09,674] 49 root - INFO - Started Regular Expression mapping
[ 2026-05-27 15:22:09,674] 25 root - INFO - Match heuristic business names to paybill payments
[ 2026-05-27 15:22:09,674] 174 root - INFO - Data transformation complete
[ 2026-05-27 15:22:09,675] 49 root - INFO - Started Regular Expression mapping
[ 2026-05-27 15:22:09,675] 174 root - INFO - Data transformation complete
[ 2026-05-27 15:22:09,675] 49 root - INFO - Started Regular Expression mapping
[ 2026-05-27 15:22:09,675] 25 root - INFO - Match heuristic business names to paybill payments
[ 2026-05-27 15:22:09,675] 174 root - INFO - Data transformation complete
[ 2026-05-27 15:22:09,675] 49 root - INFO - Started Regular Expression mapping
[ 2026-05-27 15:22:09,676] 174 root - INFO - Data transformation complete
[ 2026-05-27 15:22:09,676] 49 root - INFO - Started Regular Expression mapping
[ 2026-05-27 15:22:09,676] 174 root - INFO - Data transformation complete
[ 2026-05-27 15:22:09,676] 49 root - INFO - Started Regular Expression mapping
[ 2026-05-27 15:22:09,676] 174 root - INFO - Data transformation complete
[ 2026-05-27 15:22:09,676] 49 root - INFO - Started Regular Expression mapping
[ 2026-05-27 15:22:09,676] 174 root - INFO - Data transformation complete
[ 2026-05-27 15:22:09,677] 49 root - INFO - Started Regular Expression mapping
[ 2026-05-27 15:22:09,677] 25 root - INFO - Match heuristic business names to paybill payments
[ 2026-05-27 15:22:09,677] 174 root - INFO - Data transformation complete
[ 2026-05-27 15:22:09,677] 49 root - INFO - Started Regular Expression mapping
[ 2026-05-27 15:22:09,677] 174 root - INFO - Data transformation complete
[ 2026-05-27 15:22:09,677] 49 root - INFO - Started Regular Expression mapping
[ 2026-05-27 15:22:09,677] 174 root - INFO - Data transformation complete
[ 2026-05-27 15:22:09,678] 49 root - INFO - Started Regular Expression mapping
[ 2026-05-27 15:22:09,678] 174 root - INFO - Data transformation complete
[ 2026-05-27 15:22:09,678] 49 root - INFO - Started Regular Expression mapping
[ 2026-05-27 15:22:09,678] 174 root - INFO - Data transformation complete
[ 2026-05-27 15:22:09,678] 49 root - INFO - Started Regular Expression mapping
[ 2026-05-27 15:22:09,678] 174 root - INFO - Data transformation complete
[ 2026-05-27 15:22:09,679] 49 root - INFO - Started Regular Expression mapping
[ 2026-05-27 15:22:09,679] 25 root - INFO - Match heuristic business names to paybill payments
[ 2026-05-27 15:22:09,679] 174 root - INFO - Data transformation complete
[ 2026-05-27 15:22:09,679] 49 root - INFO - Started Regular Expression mapping
[ 2026-05-27 15:22:09,679] 25 root - INFO - Match heuristic business names to paybill payments
[ 2026-05-27 15:22:09,679] 174 root - INFO - Data transformation complete
[ 2026-05-27 15:22:09,679] 49 root - INFO - Started Regular Expression mapping
[ 2026-05-27 15:22:09,680] 25 root - INFO - Match heuristic business names to paybill payments
[ 2026-05-27 15:22:09,680] 174 root - INFO - Data transformation complete
[ 2026-05-27 15:22:09,680] 49 root - INFO - Started Regular Expression mapping
[ 2026-05-27 15:22:09,680] 174 root - INFO - Data transformation complete
[ 2026-05-27 15:22:09,680] 49 root - INFO - Started Regular Expression mapping
[ 2026-05-27 15:22:09,680] 174 root - INFO - Data transformation complete
[ 2026-05-27 15:22:09,680] 49 root - INFO - Started Regular Expression mapping
[ 2026-05-27 15:22:09,681] 174 root - INFO - Data transformation complete
[ 2026-05-27 15:22:09,681] 49 root - INFO - Started Regular Expression mapping
[ 2026-05-27 15:22:09,681] 174 root - INFO - Data transformation complete
[ 2026-05-27 15:22:09,681] 49 root - INFO - Started Regular Expression mapping
[ 2026-05-27 15:22:09,681] 174 root - INFO - Data transformation complete
[ 2026-05-27 15:22:09,681] 49 root - INFO - Started Regular Expression mapping
[ 2026-05-27 15:22:09,682] 174 root - INFO - Data transformation complete
[ 2026-05-27 15:22:09,682] 49 root - INFO - Started Regular Expression mapping
[ 2026-05-27 15:22:09,682] 25 root - INFO - Match heuristic business names to paybill payments
[ 2026-05-27 15:22:09,682] 174 root - INFO - Data transformation complete
[ 2026-05-27 15:22:09,682] 49 root - INFO - Started Regular Expression mapping
[ 2026-05-27 15:22:09,682] 174 root - INFO - Data transformation complete
[ 2026-05-27 15:22:09,682] 49 root - INFO - Started Regular Expression mapping
[ 2026-05-27 15:22:09,683] 174 root - INFO - Data transformation complete
[ 2026-05-27 15:22:09,683] 49 root - INFO - Started Regular Expression mapping
[ 2026-05-27 15:22:09,683] 174 root - INFO - Data transformation complete
[ 2026-05-27 15:22:09,683] 49 root - INFO - Started Regular Expression mapping
[ 2026-05-27 15:22:09,683] 174 root - INFO - Data transformation complete
[ 2026-05-27 15:22:09,683] 49 root - INFO - Started Regular Expression mapping
[ 2026-05-27 15:22:09,684] 174 root - INFO - Data transformation complete
[ 2026-05-27 15:22:09,684] 49 root - INFO - Started Regular Expression mapping
[ 2026-05-27 15:22:09,684] 174 root - INFO - Data transformation complete
[ 2026-05-27 15:22:09,684] 49 root - INFO - Started Regular Expression mapping
[ 2026-05-27 15:22:09,684] 174 root - INFO - Data transformation complete
[ 2026-05-27 15:22:09,684] 49 root - INFO - Started Regular Expression mapping
[ 2026-05-27 15:22:09,684] 25 root - INFO - Match heuristic business names to paybill payments
[ 2026-05-27 15:22:09,685] 174 root - INFO - Data transformation complete
[ 2026-05-27 15:22:09,685] 49 root - INFO - Started Regular Expression mapping
[ 2026-05-27 15:22:09,685] 174 root - INFO - Data transformation complete
[ 2026-05-27 15:22:09,685] 49 root - INFO - Started Regular Expression mapping
[ 2026-05-27 15:22:09,685] 174 root - INFO - Data transformation complete
[ 2026-05-27 15:22:09,685] 49 root - INFO - Started Regular Expression mapping
[ 2026-05-27 15:22:09,686] 174 root - INFO - Data transformation complete
[ 2026-05-27 15:22:09,686] 49 root - INFO - Started Regular Expression mapping
[ 2026-05-27 15:22:09,686] 174 root - INFO - Data transformation complete
[ 2026-05-27 15:22:09,686] 49 root - INFO - Started Regular Expression mapping
[ 2026-05-27 15:22:09,686] 174 root - INFO - Data transformation complete
[ 2026-05-27 15:22:09,686] 49 root - INFO - Started Regular Expression mapping
[ 2026-05-27 15:22:09,686] 174 root - INFO - Data transformation complete
[ 2026-05-27 15:22:09,687] 49 root - INFO - Started Regular Expression mapping
[ 2026-05-27 15:22:09,687] 25 root - INFO - Match heuristic business names to paybill payments
[ 2026-05-27 15:22:09,687] 174 root - INFO - Data transformation complete
[ 2026-05-27 15:22:09,687] 49 root - INFO - Started Regular Expression mapping
[ 2026-05-27 15:22:09,687] 25 root - INFO - Match heuristic business names to paybill payments
[ 2026-05-27 15:22:09,687] 174 root - INFO - Data transformation complete
[ 2026-05-27 15:22:09,688] 49 root - INFO - Started Regular Expression mapping
[ 2026-05-27 15:22:09,688] 174 root - INFO - Data transformation complete
[ 2026-05-27 15:22:09,688] 49 root - INFO - Started Regular Expression mapping
[ 2026-05-27 15:22:09,689] 25 root - INFO - Match heuristic business names to paybill payments
[ 2026-05-27 15:22:09,689] 174 root - INFO - Data transformation complete
[ 2026-05-27 15:22:09,689] 49 root - INFO - Started Regular Expression mapping
[ 2026-05-27 15:22:09,689] 174 root - INFO - Data transformation complete
[ 2026-05-27 15:22:09,689] 49 root - INFO - Started Regular Expression mapping
[ 2026-05-27 15:22:09,689] 174 root - INFO - Data transformation complete
[ 2026-05-27 15:22:09,689] 49 root - INFO - Started Regular Expression mapping
[ 2026-05-27 15:22:09,689] 174 root - INFO - Data transformation complete
[ 2026-05-27 15:22:09,689] 49 root - INFO - Started Regular Expression mapping
[ 2026-05-27 15:22:09,690] 25 root - INFO - Match heuristic business names to paybill payments
[ 2026-05-27 15:22:09,690] 174 root - INFO - Data transformation complete
[ 2026-05-27 15:22:09,690] 49 root - INFO - Started Regular Expression mapping
[ 2026-05-27 15:22:09,690] 174 root - INFO - Data transformation complete
[ 2026-05-27 15:22:09,690] 49 root - INFO - Started Regular Expression mapping
[ 2026-05-27 15:22:09,690] 174 root - INFO - Data transformation complete
[ 2026-05-27 15:22:09,690] 49 root - INFO - Started Regular Expression mapping
[ 2026-05-27 15:22:09,691] 174 root - INFO - Data transformation complete
[ 2026-05-27 15:22:09,691] 49 root - INFO - Started Regular Expression mapping
[ 2026-05-27 15:22:09,691] 174 root - INFO - Data transformation complete
[ 2026-05-27 15:22:09,691] 49 root - INFO - Started Regular Expression mapping
[ 2026-05-27 15:22:09,691] 25 root - INFO - Match heuristic business names to paybill payments
[ 2026-05-27 15:22:09,691] 174 root - INFO - Data transformation complete
[ 2026-05-27 15:22:09,692] 49 root - INFO - Started Regular Expression mapping
[ 2026-05-27 15:22:09,692] 174 root - INFO - Data transformation complete
[ 2026-05-27 15:22:09,692] 49 root - INFO - Started Regular Expression mapping
[ 2026-05-27 15:22:09,692] 174 root - INFO - Data transformation complete
[ 2026-05-27 15:22:09,692] 49 root - INFO - Started Regular Expression mapping
[ 2026-05-27 15:22:09,692] 25 root - INFO - Match heuristic business names to paybill payments
[ 2026-05-27 15:22:09,692] 174 root - INFO - Data transformation complete
[ 2026-05-27 15:22:09,693] 49 root - INFO - Started Regular Expression mapping
[ 2026-05-27 15:22:09,693] 25 root - INFO - Match heuristic business names to paybill payments
[ 2026-05-27 15:22:09,693] 174 root - INFO - Data transformation complete
[ 2026-05-27 15:22:09,693] 49 root - INFO - Started Regular Expression mapping
[ 2026-05-27 15:22:09,693] 174 root - INFO - Data transformation complete
[ 2026-05-27 15:22:09,693] 49 root - INFO - Started Regular Expression mapping
[ 2026-05-27 15:22:09,694] 174 root - INFO - Data transformation complete
[ 2026-05-27 15:22:09,694] 49 root - INFO - Started Regular Expression mapping
[ 2026-05-27 15:22:09,694] 174 root - INFO - Data transformation complete
[ 2026-05-27 15:22:09,694] 49 root - INFO - Started Regular Expression mapping
[ 2026-05-27 15:22:09,694] 25 root - INFO - Match heuristic business names to paybill payments
[ 2026-05-27 15:22:09,694] 174 root - INFO - Data transformation complete
[ 2026-05-27 15:22:09,694] 49 root - INFO - Started Regular Expression mapping
[ 2026-05-27 15:22:09,695] 174 root - INFO - Data transformation complete
[ 2026-05-27 15:22:09,695] 49 root - INFO - Started Regular Expression mapping
[ 2026-05-27 15:22:09,695] 25 root - INFO - Match heuristic business names to paybill payments
[ 2026-05-27 15:22:09,695] 174 root - INFO - Data transformation complete
[ 2026-05-27 15:22:09,695] 49 root - INFO - Started Regular Expression mapping
[ 2026-05-27 15:22:09,695] 174 root - INFO - Data transformation complete
[ 2026-05-27 15:22:09,696] 49 root - INFO - Started Regular Expression mapping
[ 2026-05-27 15:22:09,696] 174 root - INFO - Data transformation complete
[ 2026-05-27 15:22:09,696] 49 root - INFO - Started Regular Expression mapping
[ 2026-05-27 15:22:09,696] 25 root - INFO - Match heuristic business names to paybill payments
[ 2026-05-27 15:22:09,696] 174 root - INFO - Data transformation complete
[ 2026-05-27 15:22:09,696] 49 root - INFO - Started Regular Expression mapping
[ 2026-05-27 15:22:09,696] 25 root - INFO - Match heuristic business names to paybill payments
[ 2026-05-27 15:22:09,697] 174 root - INFO - Data transformation complete
[ 2026-05-27 15:22:09,697] 49 root - INFO - Started Regular Expression mapping
[ 2026-05-27 15:22:09,697] 174 root - INFO - Data transformation complete
[ 2026-05-27 15:22:09,697] 49 root - INFO - Started Regular Expression mapping
[ 2026-05-27 15:22:09,697] 25 root - INFO - Match heuristic business names to paybill payments
[ 2026-05-27 15:22:09,697] 174 root - INFO - Data transformation complete
[ 2026-05-27 15:22:09,697] 49 root - INFO - Started Regular Expression mapping
[ 2026-05-27 15:22:09,698] 174 root - INFO - Data transformation complete
[ 2026-05-27 15:22:09,698] 49 root - INFO - Started Regular Expression mapping
[ 2026-05-27 15:22:09,698] 174 root - INFO - Data transformation complete
[ 2026-05-27 15:22:09,698] 49 root - INFO - Started Regular Expression mapping
[ 2026-05-27 15:22:09,698] 174 root - INFO - Data transformation complete
[ 2026-05-27 15:22:09,698] 49 root - INFO - Started Regular Expression mapping
[ 2026-05-27 15:22:09,699] 25 root - INFO - Match heuristic business names to paybill payments
[ 2026-05-27 15:22:09,699] 174 root - INFO - Data transformation complete
[ 2026-05-27 15:22:09,699] 49 root - INFO - Started Regular Expression mapping
[ 2026-05-27 15:22:09,699] 25 root - INFO - Match heuristic business names to paybill payments
[ 2026-05-27 15:22:09,699] 174 root - INFO - Data transformation complete
[ 2026-05-27 15:22:09,699] 49 root - INFO - Started Regular Expression mapping
[ 2026-05-27 15:22:09,699] 25 root - INFO - Match heuristic business names to paybill payments
[ 2026-05-27 15:22:09,700] 174 root - INFO - Data transformation complete
[ 2026-05-27 15:22:09,700] 49 root - INFO - Started Regular Expression mapping
[ 2026-05-27 15:22:09,700] 174 root - INFO - Data transformation complete
[ 2026-05-27 15:22:09,700] 49 root - INFO - Started Regular Expression mapping
[ 2026-05-27 15:22:09,700] 25 root - INFO - Match heuristic business names to paybill payments
[ 2026-05-27 15:22:09,700] 174 root - INFO - Data transformation complete
[ 2026-05-27 15:22:09,700] 49 root - INFO - Started Regular Expression mapping
[ 2026-05-27 15:22:09,701] 174 root - INFO - Data transformation complete
[ 2026-05-27 15:22:09,701] 49 root - INFO - Started Regular Expression mapping
[ 2026-05-27 15:22:09,701] 174 root - INFO - Data transformation complete
[ 2026-05-27 15:22:09,701] 49 root - INFO - Started Regular Expression mapping
[ 2026-05-27 15:22:09,701] 25 root - INFO - Match heuristic business names to paybill payments
[ 2026-05-27 15:22:09,701] 174 root - INFO - Data transformation complete
[ 2026-05-27 15:22:09,701] 49 root - INFO - Started Regular Expression mapping
[ 2026-05-27 15:22:09,702] 25 root - INFO - Match heuristic business names to paybill payments
[ 2026-05-27 15:22:09,702] 174 root - INFO - Data transformation complete
[ 2026-05-27 15:22:09,702] 49 root - INFO - Started Regular Expression mapping
[ 2026-05-27 15:22:09,702] 174 root - INFO - Data transformation complete
[ 2026-05-27 15:22:09,702] 49 root - INFO - Started Regular Expression mapping
[ 2026-05-27 15:22:09,702] 25 root - INFO - Match heuristic business names to paybill payments
[ 2026-05-27 15:22:09,703] 174 root - INFO - Data transformation complete
[ 2026-05-27 15:22:09,703] 49 root - INFO - Started Regular Expression mapping
[ 2026-05-27 15:22:09,703] 25 root - INFO - Match heuristic business names to paybill payments
[ 2026-05-27 15:22:09,703] 174 root - INFO - Data transformation complete
[ 2026-05-27 15:22:09,703] 49 root - INFO - Started Regular Expression mapping
[ 2026-05-27 15:22:09,703] 174 root - INFO - Data transformation complete
[ 2026-05-27 15:22:09,703] 49 root - INFO - Started Regular Expression mapping
[ 2026-05-27 15:22:09,704] 25 root - INFO - Match heuristic business names to paybill payments
[ 2026-05-27 15:22:09,704] 174 root - INFO - Data transformation complete
[ 2026-05-27 15:22:09,704] 49 root - INFO - Started Regular Expression mapping
[ 2026-05-27 15:22:09,704] 174 root - INFO - Data transformation complete
[ 2026-05-27 15:22:09,704] 49 root - INFO - Started Regular Expression mapping
[ 2026-05-27 15:22:09,704] 174 root - INFO - Data transformation complete
[ 2026-05-27 15:22:09,704] 49 root - INFO - Started Regular Expression mapping
[ 2026-05-27 15:22:09,705] 174 root - INFO - Data transformation complete
[ 2026-05-27 15:22:09,705] 49 root - INFO - Started Regular Expression mapping
[ 2026-05-27 15:22:09,705] 174 root - INFO - Data transformation complete
[ 2026-05-27 15:22:09,705] 49 root - INFO - Started Regular Expression mapping
[ 2026-05-27 15:22:09,705] 25 root - INFO - Match heuristic business names to paybill payments
[ 2026-05-27 15:22:09,705] 174 root - INFO - Data transformation complete
[ 2026-05-27 15:22:09,706] 49 root - INFO - Started Regular Expression mapping
[ 2026-05-27 15:22:09,706] 174 root - INFO - Data transformation complete
[ 2026-05-27 15:22:09,706] 49 root - INFO - Started Regular Expression mapping
[ 2026-05-27 15:22:09,706] 174 root - INFO - Data transformation complete
[ 2026-05-27 15:22:09,706] 49 root - INFO - Started Regular Expression mapping
[ 2026-05-27 15:22:09,706] 174 root - INFO - Data transformation complete
[ 2026-05-27 15:22:09,706] 49 root - INFO - Started Regular Expression mapping
[ 2026-05-27 15:22:09,707] 25 root - INFO - Match heuristic business names to paybill payments
[ 2026-05-27 15:22:09,707] 174 root - INFO - Data transformation complete
[ 2026-05-27 15:22:09,707] 49 root - INFO - Started Regular Expression mapping
[ 2026-05-27 15:22:09,707] 174 root - INFO - Data transformation complete
[ 2026-05-27 15:22:09,707] 49 root - INFO - Started Regular Expression mapping
[ 2026-05-27 15:22:09,707] 25 root - INFO - Match heuristic business names to paybill payments
[ 2026-05-27 15:22:09,707] 174 root - INFO - Data transformation complete
[ 2026-05-27 15:22:09,707] 49 root - INFO - Started Regular Expression mapping
[ 2026-05-27 15:22:09,708] 174 root - INFO - Data transformation complete
[ 2026-05-27 15:22:09,708] 49 root - INFO - Started Regular Expression mapping
[ 2026-05-27 15:22:09,708] 25 root - INFO - Match heuristic business names to paybill payments
[ 2026-05-27 15:22:09,708] 174 root - INFO - Data transformation complete
[ 2026-05-27 15:22:09,708] 49 root - INFO - Started Regular Expression mapping
[ 2026-05-27 15:22:09,709] 25 root - INFO - Match heuristic business names to paybill payments
[ 2026-05-27 15:22:09,709] 174 root - INFO - Data transformation complete
[ 2026-05-27 15:22:09,709] 49 root - INFO - Started Regular Expression mapping
[ 2026-05-27 15:22:09,709] 174 root - INFO - Data transformation complete
[ 2026-05-27 15:22:09,709] 49 root - INFO - Started Regular Expression mapping
[ 2026-05-27 15:22:09,709] 25 root - INFO - Match heuristic business names to paybill payments
[ 2026-05-27 15:22:09,709] 174 root - INFO - Data transformation complete
[ 2026-05-27 15:22:09,710] 49 root - INFO - Started Regular Expression mapping
[ 2026-05-27 15:22:09,710] 174 root - INFO - Data transformation complete
[ 2026-05-27 15:22:09,710] 49 root - INFO - Started Regular Expression mapping
[ 2026-05-27 15:22:09,710] 25 root - INFO - Match heuristic business names to paybill payments
[ 2026-05-27 15:22:09,710] 174 root - INFO - Data transformation complete
[ 2026-05-27 15:22:09,710] 49 root - INFO - Started Regular Expression mapping
[ 2026-05-27 15:22:09,710] 25 root - INFO - Match heuristic business names to paybill payments
[ 2026-05-27 15:22:09,711] 174 root - INFO - Data transformation complete
[ 2026-05-27 15:22:09,711] 49 root - INFO - Started Regular Expression mapping
[ 2026-05-27 15:22:09,711] 174 root - INFO - Data transformation complete
[ 2026-05-27 15:22:09,711] 49 root - INFO - Started Regular Expression mapping
[ 2026-05-27 15:22:09,711] 174 root - INFO - Data transformation complete
[ 2026-05-27 15:22:09,711] 49 root - INFO - Started Regular Expression mapping
[ 2026-05-27 15:22:09,712] 174 root - INFO - Data transformation complete
[ 2026-05-27 15:22:09,712] 49 root - INFO - Started Regular Expression mapping
[ 2026-05-27 15:22:09,712] 25 root - INFO - Match heuristic business names to paybill payments
[ 2026-05-27 15:22:09,712] 174 root - INFO - Data transformation complete
[ 2026-05-27 15:22:09,712] 49 root - INFO - Started Regular Expression mapping
[ 2026-05-27 15:22:09,712] 174 root - INFO - Data transformation complete
[ 2026-05-27 15:22:09,712] 49 root - INFO - Started Regular Expression mapping
[ 2026-05-27 15:22:09,713] 174 root - INFO - Data transformation complete
[ 2026-05-27 15:22:09,713] 49 root - INFO - Started Regular Expression mapping
[ 2026-05-27 15:22:09,713] 174 root - INFO - Data transformation complete
[ 2026-05-27 15:22:09,714] 49 root - INFO - Started Regular Expression mapping
[ 2026-05-27 15:22:09,714] 174 root - INFO - Data transformation complete
[ 2026-05-27 15:22:09,714] 49 root - INFO - Started Regular Expression mapping
[ 2026-05-27 15:22:09,714] 174 root - INFO - Data transformation complete
[ 2026-05-27 15:22:09,714] 49 root - INFO - Started Regular Expression mapping
[ 2026-05-27 15:22:09,715] 174 root - INFO - Data transformation complete
[ 2026-05-27 15:22:09,715] 49 root - INFO - Started Regular Expression mapping
[ 2026-05-27 15:22:09,715] 174 root - INFO - Data transformation complete
[ 2026-05-27 15:22:09,715] 49 root - INFO - Started Regular Expression mapping
[ 2026-05-27 15:22:09,715] 174 root - INFO - Data transformation complete
[ 2026-05-27 15:22:09,716] 49 root - INFO - Started Regular Expression mapping
[ 2026-05-27 15:22:09,716] 174 root - INFO - Data transformation complete
[ 2026-05-27 15:22:09,716] 49 root - INFO - Started Regular Expression mapping
[ 2026-05-27 15:22:09,716] 174 root - INFO - Data transformation complete
[ 2026-05-27 15:22:09,716] 49 root - INFO - Started Regular Expression mapping
[ 2026-05-27 15:22:09,717] 174 root - INFO - Data transformation complete
[ 2026-05-27 15:22:09,717] 49 root - INFO - Started Regular Expression mapping
[ 2026-05-27 15:22:09,717] 174 root - INFO - Data transformation complete
[ 2026-05-27 15:22:09,717] 49 root - INFO - Started Regular Expression mapping
[ 2026-05-27 15:22:09,717] 174 root - INFO - Data transformation complete
[ 2026-05-27 15:22:09,717] 49 root - INFO - Started Regular Expression mapping
[ 2026-05-27 15:22:09,718] 174 root - INFO - Data transformation complete
[ 2026-05-27 15:22:09,718] 49 root - INFO - Started Regular Expression mapping
[ 2026-05-27 15:22:09,718] 174 root - INFO - Data transformation complete
[ 2026-05-27 15:22:09,718] 49 root - INFO - Started Regular Expression mapping
[ 2026-05-27 15:22:09,718] 25 root - INFO - Match heuristic business names to paybill payments
[ 2026-05-27 15:22:09,719] 174 root - INFO - Data transformation complete
[ 2026-05-27 15:22:09,719] 49 root - INFO - Started Regular Expression mapping
[ 2026-05-27 15:22:09,720] 174 root - INFO - Data transformation complete
[ 2026-05-27 15:22:09,720] 49 root - INFO - Started Regular Expression mapping
[ 2026-05-27 15:22:09,720] 174 root - INFO - Data transformation complete
[ 2026-05-27 15:22:09,720] 49 root - INFO - Started Regular Expression mapping
[ 2026-05-27 15:22:09,721] 25 root - INFO - Match heuristic business names to paybill payments
[ 2026-05-27 15:22:09,721] 174 root - INFO - Data transformation complete
[ 2026-05-27 15:22:09,721] 49 root - INFO - Started Regular Expression mapping
[ 2026-05-27 15:22:09,722] 174 root - INFO - Data transformation complete
[ 2026-05-27 15:22:09,722] 49 root - INFO - Started Regular Expression mapping
[ 2026-05-27 15:22:09,722] 25 root - INFO - Match heuristic business names to paybill payments
[ 2026-05-27 15:22:09,722] 174 root - INFO - Data transformation complete
[ 2026-05-27 15:22:09,723] 49 root - INFO - Started Regular Expression mapping
[ 2026-05-27 15:22:09,723] 25 root - INFO - Match heuristic business names to paybill payments
[ 2026-05-27 15:22:09,723] 174 root - INFO - Data transformation complete
[ 2026-05-27 15:22:09,723] 49 root - INFO - Started Regular Expression mapping
[ 2026-05-27 15:22:09,723] 174 root - INFO - Data transformation complete
[ 2026-05-27 15:22:09,723] 49 root - INFO - Started Regular Expression mapping
[ 2026-05-27 15:22:09,724] 174 root - INFO - Data transformation complete
[ 2026-05-27 15:22:09,724] 49 root - INFO - Started Regular Expression mapping
[ 2026-05-27 15:22:09,724] 174 root - INFO - Data transformation complete
[ 2026-05-27 15:22:09,724] 49 root - INFO - Started Regular Expression mapping
[ 2026-05-27 15:22:09,724] 174 root - INFO - Data transformation complete
[ 2026-05-27 15:22:09,725] 49 root - INFO - Started Regular Expression mapping
[ 2026-05-27 15:22:09,725] 174 root - INFO - Data transformation complete
[ 2026-05-27 15:22:09,725] 49 root - INFO - Started Regular Expression mapping
[ 2026-05-27 15:22:09,725] 174 root - INFO - Data transformation complete
[ 2026-05-27 15:22:09,725] 49 root - INFO - Started Regular Expression mapping
[ 2026-05-27 15:22:09,726] 174 root - INFO - Data transformation complete
[ 2026-05-27 15:22:09,726] 49 root - INFO - Started Regular Expression mapping
[ 2026-05-27 15:22:09,726] 25 root - INFO - Match heuristic business names to paybill payments
[ 2026-05-27 15:22:09,726] 174 root - INFO - Data transformation complete
[ 2026-05-27 15:22:09,726] 49 root - INFO - Started Regular Expression mapping
[ 2026-05-27 15:22:09,727] 174 root - INFO - Data transformation complete
[ 2026-05-27 15:22:09,727] 49 root - INFO - Started Regular Expression mapping
[ 2026-05-27 15:22:09,727] 25 root - INFO - Match heuristic business names to paybill payments
[ 2026-05-27 15:22:09,727] 174 root - INFO - Data transformation complete
[ 2026-05-27 15:22:09,727] 49 root - INFO - Started Regular Expression mapping
[ 2026-05-27 15:22:09,727] 174 root - INFO - Data transformation complete
[ 2026-05-27 15:22:09,728] 49 root - INFO - Started Regular Expression mapping
[ 2026-05-27 15:22:09,728] 174 root - INFO - Data transformation complete
[ 2026-05-27 15:22:09,728] 49 root - INFO - Started Regular Expression mapping
[ 2026-05-27 15:22:09,728] 25 root - INFO - Match heuristic business names to paybill payments
[ 2026-05-27 15:22:09,728] 174 root - INFO - Data transformation complete
[ 2026-05-27 15:22:09,728] 49 root - INFO - Started Regular Expression mapping
[ 2026-05-27 15:22:09,729] 174 root - INFO - Data transformation complete
[ 2026-05-27 15:22:09,729] 49 root - INFO - Started Regular Expression mapping
[ 2026-05-27 15:22:09,729] 174 root - INFO - Data transformation complete
[ 2026-05-27 15:22:09,729] 49 root - INFO - Started Regular Expression mapping
[ 2026-05-27 15:22:09,729] 174 root - INFO - Data transformation complete
[ 2026-05-27 15:22:09,730] 49 root - INFO - Started Regular Expression mapping
[ 2026-05-27 15:22:09,730] 174 root - INFO - Data transformation complete
[ 2026-05-27 15:22:09,730] 49 root - INFO - Started Regular Expression mapping
[ 2026-05-27 15:22:09,730] 174 root - INFO - Data transformation complete
[ 2026-05-27 15:22:09,730] 49 root - INFO - Started Regular Expression mapping
[ 2026-05-27 15:22:09,731] 174 root - INFO - Data transformation complete
[ 2026-05-27 15:22:09,731] 49 root - INFO - Started Regular Expression mapping
[ 2026-05-27 15:22:09,731] 174 root - INFO - Data transformation complete
[ 2026-05-27 15:22:09,731] 49 root - INFO - Started Regular Expression mapping
[ 2026-05-27 15:22:09,731] 25 root - INFO - Match heuristic business names to paybill payments
[ 2026-05-27 15:22:09,731] 174 root - INFO - Data transformation complete
[ 2026-05-27 15:22:09,732] 49 root - INFO - Started Regular Expression mapping
[ 2026-05-27 15:22:09,732] 25 root - INFO - Match heuristic business names to paybill payments
[ 2026-05-27 15:22:09,732] 174 root - INFO - Data transformation complete
[ 2026-05-27 15:22:09,732] 49 root - INFO - Started Regular Expression mapping
[ 2026-05-27 15:22:09,732] 25 root - INFO - Match heuristic business names to paybill payments
[ 2026-05-27 15:22:09,733] 174 root - INFO - Data transformation complete
[ 2026-05-27 15:22:09,733] 49 root - INFO - Started Regular Expression mapping
[ 2026-05-27 15:22:09,733] 174 root - INFO - Data transformation complete
[ 2026-05-27 15:22:09,733] 49 root - INFO - Started Regular Expression mapping
[ 2026-05-27 15:22:09,733] 174 root - INFO - Data transformation complete
[ 2026-05-27 15:22:09,733] 49 root - INFO - Started Regular Expression mapping
[ 2026-05-27 15:22:09,734] 25 root - INFO - Match heuristic business names to paybill payments
[ 2026-05-27 15:22:09,734] 174 root - INFO - Data transformation complete
[ 2026-05-27 15:22:09,734] 49 root - INFO - Started Regular Expression mapping
[ 2026-05-27 15:22:09,734] 25 root - INFO - Match heuristic business names to paybill payments
[ 2026-05-27 15:22:09,734] 174 root - INFO - Data transformation complete
[ 2026-05-27 15:22:09,734] 49 root - INFO - Started Regular Expression mapping
[ 2026-05-27 15:22:09,735] 25 root - INFO - Match heuristic business names to paybill payments
[ 2026-05-27 15:22:09,735] 174 root - INFO - Data transformation complete
[ 2026-05-27 15:22:09,735] 49 root - INFO - Started Regular Expression mapping
[ 2026-05-27 15:22:09,735] 174 root - INFO - Data transformation complete
[ 2026-05-27 15:22:09,736] 49 root - INFO - Started Regular Expression mapping
[ 2026-05-27 15:22:09,736] 174 root - INFO - Data transformation complete
[ 2026-05-27 15:22:09,736] 49 root - INFO - Started Regular Expression mapping
[ 2026-05-27 15:22:09,736] 174 root - INFO - Data transformation complete
[ 2026-05-27 15:22:09,736] 49 root - INFO - Started Regular Expression mapping
[ 2026-05-27 15:22:09,737] 174 root - INFO - Data transformation complete
[ 2026-05-27 15:22:09,737] 49 root - INFO - Started Regular Expression mapping
[ 2026-05-27 15:22:09,737] 174 root - INFO - Data transformation complete
[ 2026-05-27 15:22:09,737] 49 root - INFO - Started Regular Expression mapping
[ 2026-05-27 15:22:09,737] 25 root - INFO - Match heuristic business names to paybill payments
[ 2026-05-27 15:22:09,738] 174 root - INFO - Data transformation complete
[ 2026-05-27 15:22:09,738] 49 root - INFO - Started Regular Expression mapping
[ 2026-05-27 15:22:09,738] 25 root - INFO - Match heuristic business names to paybill payments
[ 2026-05-27 15:22:09,738] 174 root - INFO - Data transformation complete
[ 2026-05-27 15:22:09,738] 49 root - INFO - Started Regular Expression mapping
[ 2026-05-27 15:22:09,738] 174 root - INFO - Data transformation complete
[ 2026-05-27 15:22:09,739] 49 root - INFO - Started Regular Expression mapping
[ 2026-05-27 15:22:09,739] 174 root - INFO - Data transformation complete
[ 2026-05-27 15:22:09,739] 49 root - INFO - Started Regular Expression mapping
[ 2026-05-27 15:22:09,739] 174 root - INFO - Data transformation complete
[ 2026-05-27 15:22:09,739] 49 root - INFO - Started Regular Expression mapping
[ 2026-05-27 15:22:09,740] 174 root - INFO - Data transformation complete
[ 2026-05-27 15:22:09,740] 49 root - INFO - Started Regular Expression mapping
[ 2026-05-27 15:22:09,740] 25 root - INFO - Match heuristic business names to paybill payments
[ 2026-05-27 15:22:09,740] 174 root - INFO - Data transformation complete
[ 2026-05-27 15:22:09,740] 49 root - INFO - Started Regular Expression mapping
[ 2026-05-27 15:22:09,740] 174 root - INFO - Data transformation complete
[ 2026-05-27 15:22:09,741] 49 root - INFO - Started Regular Expression mapping
[ 2026-05-27 15:22:09,741] 174 root - INFO - Data transformation complete
[ 2026-05-27 15:22:09,741] 49 root - INFO - Started Regular Expression mapping
[ 2026-05-27 15:22:09,741] 174 root - INFO - Data transformation complete
[ 2026-05-27 15:22:09,741] 49 root - INFO - Started Regular Expression mapping
[ 2026-05-27 15:22:09,742] 174 root - INFO - Data transformation complete
[ 2026-05-27 15:22:09,742] 49 root - INFO - Started Regular Expression mapping
[ 2026-05-27 15:22:09,742] 174 root - INFO - Data transformation complete
[ 2026-05-27 15:22:09,743] 49 root - INFO - Started Regular Expression mapping
[ 2026-05-27 15:22:09,743] 25 root - INFO - Match heuristic business names to paybill payments
[ 2026-05-27 15:22:09,743] 174 root - INFO - Data transformation complete
[ 2026-05-27 15:22:09,743] 49 root - INFO - Started Regular Expression mapping
[ 2026-05-27 15:22:09,743] 174 root - INFO - Data transformation complete
[ 2026-05-27 15:22:09,743] 49 root - INFO - Started Regular Expression mapping
[ 2026-05-27 15:22:09,744] 174 root - INFO - Data transformation complete
[ 2026-05-27 15:22:09,744] 49 root - INFO - Started Regular Expression mapping
[ 2026-05-27 15:22:09,744] 174 root - INFO - Data transformation complete
[ 2026-05-27 15:22:09,744] 49 root - INFO - Started Regular Expression mapping
[ 2026-05-27 15:22:09,744] 25 root - INFO - Match heuristic business names to paybill payments
[ 2026-05-27 15:22:09,745] 174 root - INFO - Data transformation complete
[ 2026-05-27 15:22:09,745] 49 root - INFO - Started Regular Expression mapping
[ 2026-05-27 15:22:09,745] 174 root - INFO - Data transformation complete
[ 2026-05-27 15:22:09,745] 49 root - INFO - Started Regular Expression mapping
[ 2026-05-27 15:22:09,745] 174 root - INFO - Data transformation complete
[ 2026-05-27 15:22:09,745] 49 root - INFO - Started Regular Expression mapping
[ 2026-05-27 15:22:09,746] 174 root - INFO - Data transformation complete
[ 2026-05-27 15:22:09,746] 49 root - INFO - Started Regular Expression mapping
[ 2026-05-27 15:22:09,746] 174 root - INFO - Data transformation complete
[ 2026-05-27 15:22:09,746] 49 root - INFO - Started Regular Expression mapping
[ 2026-05-27 15:22:09,746] 174 root - INFO - Data transformation complete
[ 2026-05-27 15:22:09,747] 49 root - INFO - Started Regular Expression mapping
[ 2026-05-27 15:22:09,747] 25 root - INFO - Match heuristic business names to paybill payments
[ 2026-05-27 15:22:09,747] 174 root - INFO - Data transformation complete
[ 2026-05-27 15:22:09,747] 49 root - INFO - Started Regular Expression mapping
[ 2026-05-27 15:22:09,747] 174 root - INFO - Data transformation complete
[ 2026-05-27 15:22:09,747] 49 root - INFO - Started Regular Expression mapping
[ 2026-05-27 15:22:09,748] 25 root - INFO - Match heuristic business names to paybill payments
[ 2026-05-27 15:22:09,748] 174 root - INFO - Data transformation complete
[ 2026-05-27 15:22:09,748] 49 root - INFO - Started Regular Expression mapping
[ 2026-05-27 15:22:09,748] 25 root - INFO - Match heuristic business names to paybill payments
[ 2026-05-27 15:22:09,748] 174 root - INFO - Data transformation complete
[ 2026-05-27 15:22:09,749] 49 root - INFO - Started Regular Expression mapping
[ 2026-05-27 15:22:09,749] 174 root - INFO - Data transformation complete
[ 2026-05-27 15:22:09,749] 49 root - INFO - Started Regular Expression mapping
[ 2026-05-27 15:22:09,749] 174 root - INFO - Data transformation complete
[ 2026-05-27 15:22:09,749] 49 root - INFO - Started Regular Expression mapping
[ 2026-05-27 15:22:09,750] 174 root - INFO - Data transformation complete
[ 2026-05-27 15:22:09,750] 49 root - INFO - Started Regular Expression mapping
[ 2026-05-27 15:22:09,750] 25 root - INFO - Match heuristic business names to paybill payments
[ 2026-05-27 15:22:09,750] 174 root - INFO - Data transformation complete
[ 2026-05-27 15:22:09,750] 49 root - INFO - Started Regular Expression mapping
[ 2026-05-27 15:22:09,750] 25 root - INFO - Match heuristic business names to paybill payments
[ 2026-05-27 15:22:09,751] 174 root - INFO - Data transformation complete
[ 2026-05-27 15:22:09,751] 49 root - INFO - Started Regular Expression mapping
[ 2026-05-27 15:22:09,751] 25 root - INFO - Match heuristic business names to paybill payments
[ 2026-05-27 15:22:09,751] 174 root - INFO - Data transformation complete
[ 2026-05-27 15:22:09,752] 49 root - INFO - Started Regular Expression mapping
[ 2026-05-27 15:22:09,752] 174 root - INFO - Data transformation complete
[ 2026-05-27 15:22:09,752] 49 root - INFO - Started Regular Expression mapping
[ 2026-05-27 15:22:09,752] 25 root - INFO - Match heuristic business names to paybill payments
[ 2026-05-27 15:22:09,752] 174 root - INFO - Data transformation complete
[ 2026-05-27 15:22:09,753] 49 root - INFO - Started Regular Expression mapping
[ 2026-05-27 15:22:09,753] 174 root - INFO - Data transformation complete
[ 2026-05-27 15:22:09,753] 49 root - INFO - Started Regular Expression mapping
[ 2026-05-27 15:22:09,753] 174 root - INFO - Data transformation complete
[ 2026-05-27 15:22:09,753] 49 root - INFO - Started Regular Expression mapping
[ 2026-05-27 15:22:09,754] 174 root - INFO - Data transformation complete
[ 2026-05-27 15:22:09,754] 49 root - INFO - Started Regular Expression mapping
[ 2026-05-27 15:22:09,754] 25 root - INFO - Match heuristic business names to paybill payments
[ 2026-05-27 15:22:09,754] 174 root - INFO - Data transformation complete
[ 2026-05-27 15:22:09,754] 49 root - INFO - Started Regular Expression mapping
[ 2026-05-27 15:22:09,754] 174 root - INFO - Data transformation complete
[ 2026-05-27 15:22:09,755] 49 root - INFO - Started Regular Expression mapping
[ 2026-05-27 15:22:09,755] 174 root - INFO - Data transformation complete
[ 2026-05-27 15:22:09,755] 49 root - INFO - Started Regular Expression mapping
[ 2026-05-27 15:22:09,755] 25 root - INFO - Match heuristic business names to paybill payments
[ 2026-05-27 15:22:09,755] 174 root - INFO - Data transformation complete
[ 2026-05-27 15:22:09,755] 49 root - INFO - Started Regular Expression mapping
[ 2026-05-27 15:22:09,756] 174 root - INFO - Data transformation complete
[ 2026-05-27 15:22:09,756] 49 root - INFO - Started Regular Expression mapping
[ 2026-05-27 15:22:09,756] 174 root - INFO - Data transformation complete
[ 2026-05-27 15:22:09,756] 49 root - INFO - Started Regular Expression mapping
[ 2026-05-27 15:22:09,756] 174 root - INFO - Data transformation complete
[ 2026-05-27 15:22:09,757] 49 root - INFO - Started Regular Expression mapping
[ 2026-05-27 15:22:09,757] 174 root - INFO - Data transformation complete
[ 2026-05-27 15:22:09,757] 49 root - INFO - Started Regular Expression mapping
[ 2026-05-27 15:22:09,757] 174 root - INFO - Data transformation complete
[ 2026-05-27 15:22:09,757] 49 root - INFO - Started Regular Expression mapping
[ 2026-05-27 15:22:09,758] 174 root - INFO - Data transformation complete
[ 2026-05-27 15:22:09,758] 49 root - INFO - Started Regular Expression mapping
[ 2026-05-27 15:22:09,758] 25 root - INFO - Match heuristic business names to paybill payments
[ 2026-05-27 15:22:09,758] 174 root - INFO - Data transformation complete
[ 2026-05-27 15:22:09,758] 49 root - INFO - Started Regular Expression mapping
[ 2026-05-27 15:22:09,758] 174 root - INFO - Data transformation complete
[ 2026-05-27 15:22:09,759] 49 root - INFO - Started Regular Expression mapping
[ 2026-05-27 15:22:09,759] 25 root - INFO - Match heuristic business names to paybill payments
[ 2026-05-27 15:22:09,759] 174 root - INFO - Data transformation complete
[ 2026-05-27 15:22:09,759] 49 root - INFO - Started Regular Expression mapping
[ 2026-05-27 15:22:09,760] 174 root - INFO - Data transformation complete
[ 2026-05-27 15:22:09,760] 49 root - INFO - Started Regular Expression mapping
[ 2026-05-27 15:22:09,760] 174 root - INFO - Data transformation complete
[ 2026-05-27 15:22:09,760] 49 root - INFO - Started Regular Expression mapping
[ 2026-05-27 15:22:09,760] 174 root - INFO - Data transformation complete
[ 2026-05-27 15:22:09,760] 49 root - INFO - Started Regular Expression mapping
[ 2026-05-27 15:22:09,761] 25 root - INFO - Match heuristic business names to paybill payments
[ 2026-05-27 15:22:09,761] 174 root - INFO - Data transformation complete
[ 2026-05-27 15:22:09,761] 49 root - INFO - Started Regular Expression mapping
[ 2026-05-27 15:22:09,761] 174 root - INFO - Data transformation complete
[ 2026-05-27 15:22:09,761] 49 root - INFO - Started Regular Expression mapping
[ 2026-05-27 15:22:09,762] 174 root - INFO - Data transformation complete
[ 2026-05-27 15:22:09,762] 49 root - INFO - Started Regular Expression mapping
[ 2026-05-27 15:22:09,762] 174 root - INFO - Data transformation complete
[ 2026-05-27 15:22:09,762] 49 root - INFO - Started Regular Expression mapping
[ 2026-05-27 15:22:09,762] 25 root - INFO - Match heuristic business names to paybill payments
[ 2026-05-27 15:22:09,763] 174 root - INFO - Data transformation complete
[ 2026-05-27 15:22:09,763] 49 root - INFO - Started Regular Expression mapping
[ 2026-05-27 15:22:09,763] 174 root - INFO - Data transformation complete
[ 2026-05-27 15:22:09,763] 49 root - INFO - Started Regular Expression mapping
[ 2026-05-27 15:22:09,763] 174 root - INFO - Data transformation complete
[ 2026-05-27 15:22:09,763] 49 root - INFO - Started Regular Expression mapping
[ 2026-05-27 15:22:09,764] 25 root - INFO - Match heuristic business names to paybill payments
[ 2026-05-27 15:22:09,764] 174 root - INFO - Data transformation complete
[ 2026-05-27 15:22:09,764] 49 root - INFO - Started Regular Expression mapping
[ 2026-05-27 15:22:09,764] 174 root - INFO - Data transformation complete
[ 2026-05-27 15:22:09,764] 49 root - INFO - Started Regular Expression mapping
[ 2026-05-27 15:22:09,765] 174 root - INFO - Data transformation complete
[ 2026-05-27 15:22:09,765] 49 root - INFO - Started Regular Expression mapping
[ 2026-05-27 15:22:09,765] 174 root - INFO - Data transformation complete
[ 2026-05-27 15:22:09,765] 49 root - INFO - Started Regular Expression mapping
[ 2026-05-27 15:22:09,765] 174 root - INFO - Data transformation complete
[ 2026-05-27 15:22:09,765] 49 root - INFO - Started Regular Expression mapping
[ 2026-05-27 15:22:09,766] 25 root - INFO - Match heuristic business names to paybill payments
[ 2026-05-27 15:22:09,766] 174 root - INFO - Data transformation complete
[ 2026-05-27 15:22:09,766] 49 root - INFO - Started Regular Expression mapping
[ 2026-05-27 15:22:09,766] 25 root - INFO - Match heuristic business names to paybill payments
[ 2026-05-27 15:22:09,766] 174 root - INFO - Data transformation complete
[ 2026-05-27 15:22:09,766] 49 root - INFO - Started Regular Expression mapping
[ 2026-05-27 15:22:09,767] 174 root - INFO - Data transformation complete
[ 2026-05-27 15:22:09,767] 49 root - INFO - Started Regular Expression mapping
[ 2026-05-27 15:22:09,767] 174 root - INFO - Data transformation complete
[ 2026-05-27 15:22:09,768] 49 root - INFO - Started Regular Expression mapping
[ 2026-05-27 15:22:09,768] 25 root - INFO - Match heuristic business names to paybill payments
[ 2026-05-27 15:22:09,768] 174 root - INFO - Data transformation complete
[ 2026-05-27 15:22:09,768] 49 root - INFO - Started Regular Expression mapping
[ 2026-05-27 15:22:09,768] 25 root - INFO - Match heuristic business names to paybill payments
[ 2026-05-27 15:22:09,769] 174 root - INFO - Data transformation complete
[ 2026-05-27 15:22:09,769] 49 root - INFO - Started Regular Expression mapping
[ 2026-05-27 15:22:09,769] 174 root - INFO - Data transformation complete
[ 2026-05-27 15:22:09,769] 49 root - INFO - Started Regular Expression mapping
[ 2026-05-27 15:22:09,769] 25 root - INFO - Match heuristic business names to paybill payments
[ 2026-05-27 15:22:09,769] 174 root - INFO - Data transformation complete
[ 2026-05-27 15:22:09,770] 49 root - INFO - Started Regular Expression mapping
[ 2026-05-27 15:22:09,770] 174 root - INFO - Data transformation complete
[ 2026-05-27 15:22:09,770] 49 root - INFO - Started Regular Expression mapping
[ 2026-05-27 15:22:09,770] 174 root - INFO - Data transformation complete
[ 2026-05-27 15:22:09,770] 49 root - INFO - Started Regular Expression mapping
[ 2026-05-27 15:22:09,771] 174 root - INFO - Data transformation complete
[ 2026-05-27 15:22:09,771] 49 root - INFO - Started Regular Expression mapping
[ 2026-05-27 15:22:09,771] 174 root - INFO - Data transformation complete
[ 2026-05-27 15:22:09,771] 49 root - INFO - Started Regular Expression mapping
[ 2026-05-27 15:22:09,771] 174 root - INFO - Data transformation complete
[ 2026-05-27 15:22:09,771] 49 root - INFO - Started Regular Expression mapping
[ 2026-05-27 15:22:09,772] 174 root - INFO - Data transformation complete
[ 2026-05-27 15:22:09,772] 49 root - INFO - Started Regular Expression mapping
[ 2026-05-27 15:22:09,772] 174 root - INFO - Data transformation complete
[ 2026-05-27 15:22:09,772] 49 root - INFO - Started Regular Expression mapping
[ 2026-05-27 15:22:09,772] 25 root - INFO - Match heuristic business names to paybill payments
[ 2026-05-27 15:22:09,773] 174 root - INFO - Data transformation complete
[ 2026-05-27 15:22:09,773] 49 root - INFO - Started Regular Expression mapping
[ 2026-05-27 15:22:09,773] 174 root - INFO - Data transformation complete
[ 2026-05-27 15:22:09,773] 49 root - INFO - Started Regular Expression mapping
[ 2026-05-27 15:22:09,773] 174 root - INFO - Data transformation complete
[ 2026-05-27 15:22:09,774] 49 root - INFO - Started Regular Expression mapping
[ 2026-05-27 15:22:09,774] 174 root - INFO - Data transformation complete
[ 2026-05-27 15:22:09,774] 49 root - INFO - Started Regular Expression mapping
[ 2026-05-27 15:22:09,774] 174 root - INFO - Data transformation complete
[ 2026-05-27 15:22:09,774] 49 root - INFO - Started Regular Expression mapping
[ 2026-05-27 15:22:09,775] 25 root - INFO - Match heuristic business names to paybill payments
[ 2026-05-27 15:22:09,775] 174 root - INFO - Data transformation complete
[ 2026-05-27 15:22:09,775] 49 root - INFO - Started Regular Expression mapping
[ 2026-05-27 15:22:09,775] 174 root - INFO - Data transformation complete
[ 2026-05-27 15:22:09,776] 49 root - INFO - Started Regular Expression mapping
[ 2026-05-27 15:22:09,776] 174 root - INFO - Data transformation complete
[ 2026-05-27 15:22:09,776] 49 root - INFO - Started Regular Expression mapping
[ 2026-05-27 15:22:09,776] 25 root - INFO - Match heuristic business names to paybill payments
[ 2026-05-27 15:22:09,776] 174 root - INFO - Data transformation complete
[ 2026-05-27 15:22:09,777] 49 root - INFO - Started Regular Expression mapping
[ 2026-05-27 15:22:09,777] 174 root - INFO - Data transformation complete
[ 2026-05-27 15:22:09,777] 49 root - INFO - Started Regular Expression mapping
[ 2026-05-27 15:22:09,777] 25 root - INFO - Match heuristic business names to paybill payments
[ 2026-05-27 15:22:09,777] 174 root - INFO - Data transformation complete
[ 2026-05-27 15:22:09,777] 49 root - INFO - Started Regular Expression mapping
[ 2026-05-27 15:22:09,778] 174 root - INFO - Data transformation complete
[ 2026-05-27 15:22:09,778] 49 root - INFO - Started Regular Expression mapping
[ 2026-05-27 15:22:09,778] 174 root - INFO - Data transformation complete
[ 2026-05-27 15:22:09,778] 49 root - INFO - Started Regular Expression mapping
[ 2026-05-27 15:22:09,778] 25 root - INFO - Match heuristic business names to paybill payments
[ 2026-05-27 15:22:09,779] 174 root - INFO - Data transformation complete
[ 2026-05-27 15:22:09,779] 49 root - INFO - Started Regular Expression mapping
[ 2026-05-27 15:22:09,779] 174 root - INFO - Data transformation complete
[ 2026-05-27 15:22:09,779] 49 root - INFO - Started Regular Expression mapping
[ 2026-05-27 15:22:09,779] 174 root - INFO - Data transformation complete
[ 2026-05-27 15:22:09,779] 49 root - INFO - Started Regular Expression mapping
[ 2026-05-27 15:22:09,780] 174 root - INFO - Data transformation complete
[ 2026-05-27 15:22:09,780] 49 root - INFO - Started Regular Expression mapping
[ 2026-05-27 15:22:09,780] 174 root - INFO - Data transformation complete
[ 2026-05-27 15:22:09,780] 49 root - INFO - Started Regular Expression mapping
[ 2026-05-27 15:22:09,780] 25 root - INFO - Match heuristic business names to paybill payments
[ 2026-05-27 15:22:09,781] 174 root - INFO - Data transformation complete
[ 2026-05-27 15:22:09,781] 49 root - INFO - Started Regular Expression mapping
[ 2026-05-27 15:22:09,781] 174 root - INFO - Data transformation complete
[ 2026-05-27 15:22:09,781] 49 root - INFO - Started Regular Expression mapping
[ 2026-05-27 15:22:09,781] 174 root - INFO - Data transformation complete
[ 2026-05-27 15:22:09,782] 49 root - INFO - Started Regular Expression mapping
[ 2026-05-27 15:22:09,782] 174 root - INFO - Data transformation complete
[ 2026-05-27 15:22:09,782] 49 root - INFO - Started Regular Expression mapping
[ 2026-05-27 15:22:09,782] 25 root - INFO - Match heuristic business names to paybill payments
[ 2026-05-27 15:22:09,782] 174 root - INFO - Data transformation complete
[ 2026-05-27 15:22:09,782] 49 root - INFO - Started Regular Expression mapping
[ 2026-05-27 15:22:09,783] 174 root - INFO - Data transformation complete
[ 2026-05-27 15:22:09,783] 49 root - INFO - Started Regular Expression mapping
[ 2026-05-27 15:22:09,783] 25 root - INFO - Match heuristic business names to paybill payments
[ 2026-05-27 15:22:09,783] 174 root - INFO - Data transformation complete
[ 2026-05-27 15:22:09,783] 49 root - INFO - Started Regular Expression mapping
[ 2026-05-27 15:22:09,784] 174 root - INFO - Data transformation complete
[ 2026-05-27 15:22:09,784] 49 root - INFO - Started Regular Expression mapping
[ 2026-05-27 15:22:09,784] 25 root - INFO - Match heuristic business names to paybill payments
[ 2026-05-27 15:22:09,784] 174 root - INFO - Data transformation complete
[ 2026-05-27 15:22:09,784] 49 root - INFO - Started Regular Expression mapping
[ 2026-05-27 15:22:09,784] 174 root - INFO - Data transformation complete
[ 2026-05-27 15:22:09,785] 49 root - INFO - Started Regular Expression mapping
[ 2026-05-27 15:22:09,785] 25 root - INFO - Match heuristic business names to paybill payments
[ 2026-05-27 15:22:09,785] 174 root - INFO - Data transformation complete
[ 2026-05-27 15:22:09,785] 49 root - INFO - Started Regular Expression mapping
[ 2026-05-27 15:22:09,785] 25 root - INFO - Match heuristic business names to paybill payments
[ 2026-05-27 15:22:09,785] 174 root - INFO - Data transformation complete
[ 2026-05-27 15:22:09,786] 49 root - INFO - Started Regular Expression mapping
[ 2026-05-27 15:22:09,786] 25 root - INFO - Match heuristic business names to paybill payments
[ 2026-05-27 15:22:09,786] 174 root - INFO - Data transformation complete
[ 2026-05-27 15:22:09,786] 49 root - INFO - Started Regular Expression mapping
[ 2026-05-27 15:22:09,786] 174 root - INFO - Data transformation complete
[ 2026-05-27 15:22:09,786] 49 root - INFO - Started Regular Expression mapping
[ 2026-05-27 15:22:09,787] 174 root - INFO - Data transformation complete
[ 2026-05-27 15:22:09,787] 49 root - INFO - Started Regular Expression mapping
[ 2026-05-27 15:22:09,787] 25 root - INFO - Match heuristic business names to paybill payments
[ 2026-05-27 15:22:09,787] 174 root - INFO - Data transformation complete
[ 2026-05-27 15:22:09,787] 49 root - INFO - Started Regular Expression mapping
[ 2026-05-27 15:22:09,788] 174 root - INFO - Data transformation complete
[ 2026-05-27 15:22:09,788] 49 root - INFO - Started Regular Expression mapping
[ 2026-05-27 15:22:09,788] 174 root - INFO - Data transformation complete
[ 2026-05-27 15:22:09,788] 49 root - INFO - Started Regular Expression mapping
[ 2026-05-27 15:22:09,788] 174 root - INFO - Data transformation complete
[ 2026-05-27 15:22:09,788] 49 root - INFO - Started Regular Expression mapping
[ 2026-05-27 15:22:09,789] 25 root - INFO - Match heuristic business names to paybill payments
[ 2026-05-27 15:22:09,789] 174 root - INFO - Data transformation complete
[ 2026-05-27 15:22:09,789] 49 root - INFO - Started Regular Expression mapping
[ 2026-05-27 15:22:09,789] 174 root - INFO - Data transformation complete
[ 2026-05-27 15:22:09,789] 49 root - INFO - Started Regular Expression mapping
[ 2026-05-27 15:22:09,790] 25 root - INFO - Match heuristic business names to paybill payments
[ 2026-05-27 15:22:09,790] 174 root - INFO - Data transformation complete
[ 2026-05-27 15:22:09,790] 49 root - INFO - Started Regular Expression mapping
[ 2026-05-27 15:22:09,790] 25 root - INFO - Match heuristic business names to paybill payments
[ 2026-05-27 15:22:09,790] 174 root - INFO - Data transformation complete
[ 2026-05-27 15:22:09,790] 49 root - INFO - Started Regular Expression mapping
[ 2026-05-27 15:22:09,791] 174 root - INFO - Data transformation complete
[ 2026-05-27 15:22:09,791] 49 root - INFO - Started Regular Expression mapping
[ 2026-05-27 15:22:09,791] 174 root - INFO - Data transformation complete
[ 2026-05-27 15:22:09,791] 49 root - INFO - Started Regular Expression mapping
[ 2026-05-27 15:22:09,791] 174 root - INFO - Data transformation complete
[ 2026-05-27 15:22:09,792] 49 root - INFO - Started Regular Expression mapping
[ 2026-05-27 15:22:09,792] 174 root - INFO - Data transformation complete
[ 2026-05-27 15:22:09,792] 49 root - INFO - Started Regular Expression mapping
[ 2026-05-27 15:22:09,792] 25 root - INFO - Match heuristic business names to paybill payments
[ 2026-05-27 15:22:09,793] 174 root - INFO - Data transformation complete
[ 2026-05-27 15:22:09,793] 49 root - INFO - Started Regular Expression mapping
[ 2026-05-27 15:22:09,793] 25 root - INFO - Match heuristic business names to paybill payments
[ 2026-05-27 15:22:09,793] 174 root - INFO - Data transformation complete
[ 2026-05-27 15:22:09,793] 49 root - INFO - Started Regular Expression mapping
[ 2026-05-27 15:22:09,793] 25 root - INFO - Match heuristic business names to paybill payments
[ 2026-05-27 15:22:09,794] 174 root - INFO - Data transformation complete
[ 2026-05-27 15:22:09,794] 49 root - INFO - Started Regular Expression mapping
[ 2026-05-27 15:22:09,794] 174 root - INFO - Data transformation complete
[ 2026-05-27 15:22:09,794] 49 root - INFO - Started Regular Expression mapping
[ 2026-05-27 15:22:09,794] 174 root - INFO - Data transformation complete
[ 2026-05-27 15:22:09,794] 49 root - INFO - Started Regular Expression mapping
[ 2026-05-27 15:22:09,795] 174 root - INFO - Data transformation complete
[ 2026-05-27 15:22:09,795] 49 root - INFO - Started Regular Expression mapping
[ 2026-05-27 15:22:09,795] 174 root - INFO - Data transformation complete
[ 2026-05-27 15:22:09,795] 49 root - INFO - Started Regular Expression mapping
[ 2026-05-27 15:22:09,795] 25 root - INFO - Match heuristic business names to paybill payments
[ 2026-05-27 15:22:09,796] 174 root - INFO - Data transformation complete
[ 2026-05-27 15:22:09,796] 49 root - INFO - Started Regular Expression mapping
[ 2026-05-27 15:22:09,796] 174 root - INFO - Data transformation complete
[ 2026-05-27 15:22:09,796] 49 root - INFO - Started Regular Expression mapping
[ 2026-05-27 15:22:09,796] 174 root - INFO - Data transformation complete
[ 2026-05-27 15:22:09,797] 49 root - INFO - Started Regular Expression mapping
[ 2026-05-27 15:22:09,797] 174 root - INFO - Data transformation complete
[ 2026-05-27 15:22:09,797] 49 root - INFO - Started Regular Expression mapping
[ 2026-05-27 15:22:09,797] 174 root - INFO - Data transformation complete
[ 2026-05-27 15:22:09,797] 49 root - INFO - Started Regular Expression mapping
[ 2026-05-27 15:22:09,797] 174 root - INFO - Data transformation complete
[ 2026-05-27 15:22:09,798] 49 root - INFO - Started Regular Expression mapping
[ 2026-05-27 15:22:09,798] 174 root - INFO - Data transformation complete
[ 2026-05-27 15:22:09,798] 49 root - INFO - Started Regular Expression mapping
[ 2026-05-27 15:22:09,799] 174 root - INFO - Data transformation complete
[ 2026-05-27 15:22:09,799] 49 root - INFO - Started Regular Expression mapping
[ 2026-05-27 15:22:09,799] 174 root - INFO - Data transformation complete
[ 2026-05-27 15:22:09,799] 49 root - INFO - Started Regular Expression mapping
[ 2026-05-27 15:22:09,799] 174 root - INFO - Data transformation complete
[ 2026-05-27 15:22:09,799] 49 root - INFO - Started Regular Expression mapping
[ 2026-05-27 15:22:09,800] 174 root - INFO - Data transformation complete
[ 2026-05-27 15:22:09,800] 49 root - INFO - Started Regular Expression mapping
[ 2026-05-27 15:22:09,800] 174 root - INFO - Data transformation complete
[ 2026-05-27 15:22:09,800] 49 root - INFO - Started Regular Expression mapping
[ 2026-05-27 15:22:09,800] 174 root - INFO - Data transformation complete
[ 2026-05-27 15:22:09,801] 49 root - INFO - Started Regular Expression mapping
[ 2026-05-27 15:22:09,801] 25 root - INFO - Match heuristic business names to paybill payments
[ 2026-05-27 15:22:09,801] 174 root - INFO - Data transformation complete
[ 2026-05-27 15:22:09,801] 49 root - INFO - Started Regular Expression mapping
[ 2026-05-27 15:22:09,801] 174 root - INFO - Data transformation complete
[ 2026-05-27 15:22:09,801] 49 root - INFO - Started Regular Expression mapping
[ 2026-05-27 15:22:09,802] 174 root - INFO - Data transformation complete
[ 2026-05-27 15:22:09,802] 49 root - INFO - Started Regular Expression mapping
[ 2026-05-27 15:22:09,802] 25 root - INFO - Match heuristic business names to paybill payments
[ 2026-05-27 15:22:09,802] 174 root - INFO - Data transformation complete
[ 2026-05-27 15:22:09,802] 49 root - INFO - Started Regular Expression mapping
[ 2026-05-27 15:22:09,803] 25 root - INFO - Match heuristic business names to paybill payments
[ 2026-05-27 15:22:09,803] 174 root - INFO - Data transformation complete
[ 2026-05-27 15:22:09,803] 49 root - INFO - Started Regular Expression mapping
[ 2026-05-27 15:22:09,803] 174 root - INFO - Data transformation complete
[ 2026-05-27 15:22:09,803] 49 root - INFO - Started Regular Expression mapping
[ 2026-05-27 15:22:09,804] 174 root - INFO - Data transformation complete
[ 2026-05-27 15:22:09,804] 49 root - INFO - Started Regular Expression mapping
[ 2026-05-27 15:22:09,804] 174 root - INFO - Data transformation complete
[ 2026-05-27 15:22:09,804] 49 root - INFO - Started Regular Expression mapping
[ 2026-05-27 15:22:09,804] 174 root - INFO - Data transformation complete
[ 2026-05-27 15:22:09,804] 49 root - INFO - Started Regular Expression mapping
[ 2026-05-27 15:22:09,805] 25 root - INFO - Match heuristic business names to paybill payments
[ 2026-05-27 15:22:09,805] 174 root - INFO - Data transformation complete
[ 2026-05-27 15:22:09,805] 49 root - INFO - Started Regular Expression mapping
[ 2026-05-27 15:22:09,805] 25 root - INFO - Match heuristic business names to paybill payments
[ 2026-05-27 15:22:09,805] 174 root - INFO - Data transformation complete
[ 2026-05-27 15:22:09,805] 49 root - INFO - Started Regular Expression mapping
[ 2026-05-27 15:22:09,805] 174 root - INFO - Data transformation complete
[ 2026-05-27 15:22:09,806] 49 root - INFO - Started Regular Expression mapping
[ 2026-05-27 15:22:09,806] 174 root - INFO - Data transformation complete
[ 2026-05-27 15:22:09,806] 49 root - INFO - Started Regular Expression mapping
[ 2026-05-27 15:22:09,806] 25 root - INFO - Match heuristic business names to paybill payments
[ 2026-05-27 15:22:09,806] 174 root - INFO - Data transformation complete
[ 2026-05-27 15:22:09,806] 49 root - INFO - Started Regular Expression mapping
[ 2026-05-27 15:22:09,806] 174 root - INFO - Data transformation complete
[ 2026-05-27 15:22:09,807] 49 root - INFO - Started Regular Expression mapping
[ 2026-05-27 15:22:09,807] 174 root - INFO - Data transformation complete
[ 2026-05-27 15:22:09,807] 49 root - INFO - Started Regular Expression mapping
[ 2026-05-27 15:22:09,807] 174 root - INFO - Data transformation complete
[ 2026-05-27 15:22:09,807] 49 root - INFO - Started Regular Expression mapping
[ 2026-05-27 15:22:09,807] 174 root - INFO - Data transformation complete
[ 2026-05-27 15:22:09,807] 49 root - INFO - Started Regular Expression mapping
[ 2026-05-27 15:22:09,808] 25 root - INFO - Match heuristic business names to paybill payments
[ 2026-05-27 15:22:09,808] 174 root - INFO - Data transformation complete
[ 2026-05-27 15:22:09,808] 49 root - INFO - Started Regular Expression mapping
[ 2026-05-27 15:22:09,808] 174 root - INFO - Data transformation complete
[ 2026-05-27 15:22:09,808] 49 root - INFO - Started Regular Expression mapping
[ 2026-05-27 15:22:09,808] 174 root - INFO - Data transformation complete
[ 2026-05-27 15:22:09,809] 49 root - INFO - Started Regular Expression mapping
[ 2026-05-27 15:22:09,809] 174 root - INFO - Data transformation complete
[ 2026-05-27 15:22:09,809] 49 root - INFO - Started Regular Expression mapping
[ 2026-05-27 15:22:09,809] 174 root - INFO - Data transformation complete
[ 2026-05-27 15:22:09,809] 49 root - INFO - Started Regular Expression mapping
[ 2026-05-27 15:22:09,809] 25 root - INFO - Match heuristic business names to paybill payments
[ 2026-05-27 15:22:09,810] 174 root - INFO - Data transformation complete
[ 2026-05-27 15:22:09,810] 49 root - INFO - Started Regular Expression mapping
[ 2026-05-27 15:22:09,810] 174 root - INFO - Data transformation complete
[ 2026-05-27 15:22:09,810] 49 root - INFO - Started Regular Expression mapping
[ 2026-05-27 15:22:09,810] 25 root - INFO - Match heuristic business names to paybill payments
[ 2026-05-27 15:22:09,810] 174 root - INFO - Data transformation complete
[ 2026-05-27 15:22:09,810] 49 root - INFO - Started Regular Expression mapping
[ 2026-05-27 15:22:09,811] 174 root - INFO - Data transformation complete
[ 2026-05-27 15:22:09,811] 49 root - INFO - Started Regular Expression mapping
[ 2026-05-27 15:22:09,811] 174 root - INFO - Data transformation complete
[ 2026-05-27 15:22:09,811] 49 root - INFO - Started Regular Expression mapping
[ 2026-05-27 15:22:09,811] 174 root - INFO - Data transformation complete
[ 2026-05-27 15:22:09,811] 49 root - INFO - Started Regular Expression mapping
[ 2026-05-27 15:22:09,811] 174 root - INFO - Data transformation complete
[ 2026-05-27 15:22:09,812] 49 root - INFO - Started Regular Expression mapping
[ 2026-05-27 15:22:09,812] 25 root - INFO - Match heuristic business names to paybill payments
[ 2026-05-27 15:22:09,812] 174 root - INFO - Data transformation complete
[ 2026-05-27 15:22:09,812] 49 root - INFO - Started Regular Expression mapping
[ 2026-05-27 15:22:09,812] 174 root - INFO - Data transformation complete
[ 2026-05-27 15:22:09,812] 49 root - INFO - Started Regular Expression mapping
[ 2026-05-27 15:22:09,813] 174 root - INFO - Data transformation complete
[ 2026-05-27 15:22:09,813] 49 root - INFO - Started Regular Expression mapping
[ 2026-05-27 15:22:09,813] 174 root - INFO - Data transformation complete
[ 2026-05-27 15:22:09,813] 49 root - INFO - Started Regular Expression mapping
[ 2026-05-27 15:22:09,813] 174 root - INFO - Data transformation complete
[ 2026-05-27 15:22:09,813] 49 root - INFO - Started Regular Expression mapping
[ 2026-05-27 15:22:09,813] 25 root - INFO - Match heuristic business names to paybill payments
[ 2026-05-27 15:22:09,814] 174 root - INFO - Data transformation complete
[ 2026-05-27 15:22:09,814] 49 root - INFO - Started Regular Expression mapping
[ 2026-05-27 15:22:09,814] 174 root - INFO - Data transformation complete
[ 2026-05-27 15:22:09,814] 49 root - INFO - Started Regular Expression mapping
[ 2026-05-27 15:22:09,814] 25 root - INFO - Match heuristic business names to paybill payments
[ 2026-05-27 15:22:09,814] 174 root - INFO - Data transformation complete
[ 2026-05-27 15:22:09,814] 49 root - INFO - Started Regular Expression mapping
[ 2026-05-27 15:22:09,815] 174 root - INFO - Data transformation complete
[ 2026-05-27 15:22:09,815] 49 root - INFO - Started Regular Expression mapping
[ 2026-05-27 15:22:09,815] 25 root - INFO - Match heuristic business names to paybill payments
[ 2026-05-27 15:22:09,815] 174 root - INFO - Data transformation complete
[ 2026-05-27 15:22:09,815] 49 root - INFO - Started Regular Expression mapping
[ 2026-05-27 15:22:09,815] 174 root - INFO - Data transformation complete
[ 2026-05-27 15:22:09,815] 49 root - INFO - Started Regular Expression mapping
[ 2026-05-27 15:22:09,816] 174 root - INFO - Data transformation complete
[ 2026-05-27 15:22:09,816] 49 root - INFO - Started Regular Expression mapping
[ 2026-05-27 15:22:09,816] 25 root - INFO - Match heuristic business names to paybill payments
[ 2026-05-27 15:22:09,816] 174 root - INFO - Data transformation complete
[ 2026-05-27 15:22:09,816] 49 root - INFO - Started Regular Expression mapping
[ 2026-05-27 15:22:09,816] 25 root - INFO - Match heuristic business names to paybill payments
[ 2026-05-27 15:22:09,816] 174 root - INFO - Data transformation complete
[ 2026-05-27 15:22:09,817] 49 root - INFO - Started Regular Expression mapping
[ 2026-05-27 15:22:09,817] 174 root - INFO - Data transformation complete
[ 2026-05-27 15:22:09,817] 49 root - INFO - Started Regular Expression mapping
[ 2026-05-27 15:22:09,817] 174 root - INFO - Data transformation complete
[ 2026-05-27 15:22:09,817] 49 root - INFO - Started Regular Expression mapping
[ 2026-05-27 15:22:09,817] 174 root - INFO - Data transformation complete
[ 2026-05-27 15:22:09,817] 49 root - INFO - Started Regular Expression mapping
[ 2026-05-27 15:22:09,818] 174 root - INFO - Data transformation complete
[ 2026-05-27 15:22:09,818] 49 root - INFO - Started Regular Expression mapping
[ 2026-05-27 15:22:09,818] 174 root - INFO - Data transformation complete
[ 2026-05-27 15:22:09,818] 49 root - INFO - Started Regular Expression mapping
[ 2026-05-27 15:22:09,818] 174 root - INFO - Data transformation complete
[ 2026-05-27 15:22:09,818] 49 root - INFO - Started Regular Expression mapping
[ 2026-05-27 15:22:09,819] 174 root - INFO - Data transformation complete
[ 2026-05-27 15:22:09,819] 49 root - INFO - Started Regular Expression mapping
[ 2026-05-27 15:22:09,819] 174 root - INFO - Data transformation complete
[ 2026-05-27 15:22:09,819] 49 root - INFO - Started Regular Expression mapping
[ 2026-05-27 15:22:09,819] 25 root - INFO - Match heuristic business names to paybill payments
[ 2026-05-27 15:22:09,819] 174 root - INFO - Data transformation complete
[ 2026-05-27 15:22:09,819] 49 root - INFO - Started Regular Expression mapping
[ 2026-05-27 15:22:09,820] 174 root - INFO - Data transformation complete
[ 2026-05-27 15:22:09,820] 49 root - INFO - Started Regular Expression mapping
[ 2026-05-27 15:22:09,820] 174 root - INFO - Data transformation complete
[ 2026-05-27 15:22:09,820] 49 root - INFO - Started Regular Expression mapping
[ 2026-05-27 15:22:09,820] 25 root - INFO - Match heuristic business names to paybill payments
[ 2026-05-27 15:22:09,820] 174 root - INFO - Data transformation complete
[ 2026-05-27 15:22:09,821] 49 root - INFO - Started Regular Expression mapping
[ 2026-05-27 15:22:09,821] 174 root - INFO - Data transformation complete
[ 2026-05-27 15:22:09,821] 49 root - INFO - Started Regular Expression mapping
[ 2026-05-27 15:22:09,821] 174 root - INFO - Data transformation complete
[ 2026-05-27 15:22:09,821] 49 root - INFO - Started Regular Expression mapping
[ 2026-05-27 15:22:09,821] 25 root - INFO - Match heuristic business names to paybill payments
[ 2026-05-27 15:22:09,821] 174 root - INFO - Data transformation complete
[ 2026-05-27 15:22:09,822] 49 root - INFO - Started Regular Expression mapping
[ 2026-05-27 15:22:09,822] 25 root - INFO - Match heuristic business names to paybill payments
[ 2026-05-27 15:22:09,822] 174 root - INFO - Data transformation complete
[ 2026-05-27 15:22:09,822] 49 root - INFO - Started Regular Expression mapping
[ 2026-05-27 15:22:09,822] 174 root - INFO - Data transformation complete
[ 2026-05-27 15:22:09,822] 49 root - INFO - Started Regular Expression mapping
[ 2026-05-27 15:22:09,823] 25 root - INFO - Match heuristic business names to paybill payments
[ 2026-05-27 15:22:09,823] 174 root - INFO - Data transformation complete
[ 2026-05-27 15:22:09,823] 49 root - INFO - Started Regular Expression mapping
[ 2026-05-27 15:22:09,823] 174 root - INFO - Data transformation complete
[ 2026-05-27 15:22:09,823] 49 root - INFO - Started Regular Expression mapping
[ 2026-05-27 15:22:09,823] 174 root - INFO - Data transformation complete
[ 2026-05-27 15:22:09,823] 49 root - INFO - Started Regular Expression mapping
[ 2026-05-27 15:22:09,824] 174 root - INFO - Data transformation complete
[ 2026-05-27 15:22:09,824] 49 root - INFO - Started Regular Expression mapping
[ 2026-05-27 15:22:09,824] 174 root - INFO - Data transformation complete
[ 2026-05-27 15:22:09,824] 49 root - INFO - Started Regular Expression mapping
[ 2026-05-27 15:22:09,824] 174 root - INFO - Data transformation complete
[ 2026-05-27 15:22:09,824] 49 root - INFO - Started Regular Expression mapping
[ 2026-05-27 15:22:09,825] 174 root - INFO - Data transformation complete
[ 2026-05-27 15:22:09,825] 49 root - INFO - Started Regular Expression mapping
[ 2026-05-27 15:22:09,825] 174 root - INFO - Data transformation complete
[ 2026-05-27 15:22:09,825] 49 root - INFO - Started Regular Expression mapping
[ 2026-05-27 15:22:09,825] 174 root - INFO - Data transformation complete
[ 2026-05-27 15:22:09,825] 49 root - INFO - Started Regular Expression mapping
[ 2026-05-27 15:22:09,825] 25 root - INFO - Match heuristic business names to paybill payments
[ 2026-05-27 15:22:09,826] 174 root - INFO - Data transformation complete
[ 2026-05-27 15:22:09,826] 49 root - INFO - Started Regular Expression mapping
[ 2026-05-27 15:22:09,826] 174 root - INFO - Data transformation complete
[ 2026-05-27 15:22:09,826] 49 root - INFO - Started Regular Expression mapping
[ 2026-05-27 15:22:09,826] 174 root - INFO - Data transformation complete
[ 2026-05-27 15:22:09,826] 49 root - INFO - Started Regular Expression mapping
[ 2026-05-27 15:22:09,827] 174 root - INFO - Data transformation complete
[ 2026-05-27 15:22:09,827] 49 root - INFO - Started Regular Expression mapping
[ 2026-05-27 15:22:09,827] 174 root - INFO - Data transformation complete
[ 2026-05-27 15:22:09,827] 49 root - INFO - Started Regular Expression mapping
[ 2026-05-27 15:22:09,827] 25 root - INFO - Match heuristic business names to paybill payments
[ 2026-05-27 15:22:09,827] 174 root - INFO - Data transformation complete
[ 2026-05-27 15:22:09,827] 49 root - INFO - Started Regular Expression mapping
[ 2026-05-27 15:22:09,828] 25 root - INFO - Match heuristic business names to paybill payments
[ 2026-05-27 15:22:09,828] 174 root - INFO - Data transformation complete
[ 2026-05-27 15:22:09,828] 49 root - INFO - Started Regular Expression mapping
[ 2026-05-27 15:22:09,828] 174 root - INFO - Data transformation complete
[ 2026-05-27 15:22:09,828] 49 root - INFO - Started Regular Expression mapping
[ 2026-05-27 15:22:09,828] 174 root - INFO - Data transformation complete
[ 2026-05-27 15:22:09,828] 49 root - INFO - Started Regular Expression mapping
[ 2026-05-27 15:22:09,829] 174 root - INFO - Data transformation complete
[ 2026-05-27 15:22:09,829] 49 root - INFO - Started Regular Expression mapping
[ 2026-05-27 15:22:09,829] 174 root - INFO - Data transformation complete
[ 2026-05-27 15:22:09,829] 49 root - INFO - Started Regular Expression mapping
[ 2026-05-27 15:22:09,829] 174 root - INFO - Data transformation complete
[ 2026-05-27 15:22:09,829] 49 root - INFO - Started Regular Expression mapping
[ 2026-05-27 15:22:09,830] 174 root - INFO - Data transformation complete
[ 2026-05-27 15:22:09,830] 49 root - INFO - Started Regular Expression mapping
[ 2026-05-27 15:22:09,833] 25 root - INFO - Match heuristic business names to paybill payments
[ 2026-05-27 15:22:09,833] 174 root - INFO - Data transformation complete
[ 2026-05-27 15:22:09,833] 49 root - INFO - Started Regular Expression mapping
[ 2026-05-27 15:22:09,833] 174 root - INFO - Data transformation complete
[ 2026-05-27 15:22:09,833] 49 root - INFO - Started Regular Expression mapping
[ 2026-05-27 15:22:09,834] 174 root - INFO - Data transformation complete
[ 2026-05-27 15:22:09,834] 49 root - INFO - Started Regular Expression mapping
[ 2026-05-27 15:22:09,834] 174 root - INFO - Data transformation complete
[ 2026-05-27 15:22:09,834] 49 root - INFO - Started Regular Expression mapping
[ 2026-05-27 15:22:09,834] 25 root - INFO - Match heuristic business names to paybill payments
[ 2026-05-27 15:22:09,834] 174 root - INFO - Data transformation complete
[ 2026-05-27 15:22:09,834] 49 root - INFO - Started Regular Expression mapping
[ 2026-05-27 15:22:09,835] 25 root - INFO - Match heuristic business names to paybill payments
[ 2026-05-27 15:22:09,835] 174 root - INFO - Data transformation complete
[ 2026-05-27 15:22:09,835] 49 root - INFO - Started Regular Expression mapping
[ 2026-05-27 15:22:09,835] 174 root - INFO - Data transformation complete
[ 2026-05-27 15:22:09,835] 49 root - INFO - Started Regular Expression mapping
[ 2026-05-27 15:22:09,835] 174 root - INFO - Data transformation complete
[ 2026-05-27 15:22:09,835] 49 root - INFO - Started Regular Expression mapping
[ 2026-05-27 15:22:09,836] 25 root - INFO - Match heuristic business names to paybill payments
[ 2026-05-27 15:22:09,836] 174 root - INFO - Data transformation complete
[ 2026-05-27 15:22:09,836] 49 root - INFO - Started Regular Expression mapping
[ 2026-05-27 15:22:09,836] 174 root - INFO - Data transformation complete
[ 2026-05-27 15:22:09,836] 49 root - INFO - Started Regular Expression mapping
[ 2026-05-27 15:22:09,836] 174 root - INFO - Data transformation complete
[ 2026-05-27 15:22:09,837] 49 root - INFO - Started Regular Expression mapping
[ 2026-05-27 15:22:09,837] 174 root - INFO - Data transformation complete
[ 2026-05-27 15:22:09,837] 49 root - INFO - Started Regular Expression mapping
[ 2026-05-27 15:22:09,837] 174 root - INFO - Data transformation complete
[ 2026-05-27 15:22:09,837] 49 root - INFO - Started Regular Expression mapping
[ 2026-05-27 15:22:09,837] 25 root - INFO - Match heuristic business names to paybill payments
[ 2026-05-27 15:22:09,838] 174 root - INFO - Data transformation complete
[ 2026-05-27 15:22:09,838] 49 root - INFO - Started Regular Expression mapping
[ 2026-05-27 15:22:09,838] 25 root - INFO - Match heuristic business names to paybill payments
[ 2026-05-27 15:22:09,838] 174 root - INFO - Data transformation complete
[ 2026-05-27 15:22:09,838] 49 root - INFO - Started Regular Expression mapping
[ 2026-05-27 15:22:09,838] 25 root - INFO - Match heuristic business names to paybill payments
[ 2026-05-27 15:22:09,838] 174 root - INFO - Data transformation complete
[ 2026-05-27 15:22:09,839] 49 root - INFO - Started Regular Expression mapping
[ 2026-05-27 15:22:09,839] 174 root - INFO - Data transformation complete
[ 2026-05-27 15:22:09,839] 49 root - INFO - Started Regular Expression mapping
[ 2026-05-27 15:22:09,839] 25 root - INFO - Match heuristic business names to paybill payments
[ 2026-05-27 15:22:09,839] 174 root - INFO - Data transformation complete
[ 2026-05-27 15:22:09,839] 49 root - INFO - Started Regular Expression mapping
[ 2026-05-27 15:22:09,839] 174 root - INFO - Data transformation complete
[ 2026-05-27 15:22:09,840] 49 root - INFO - Started Regular Expression mapping
[ 2026-05-27 15:22:09,840] 174 root - INFO - Data transformation complete
[ 2026-05-27 15:22:09,840] 49 root - INFO - Started Regular Expression mapping
[ 2026-05-27 15:22:09,840] 25 root - INFO - Match heuristic business names to paybill payments
[ 2026-05-27 15:22:09,840] 174 root - INFO - Data transformation complete
[ 2026-05-27 15:22:09,840] 49 root - INFO - Started Regular Expression mapping
[ 2026-05-27 15:22:09,841] 174 root - INFO - Data transformation complete
[ 2026-05-27 15:22:09,841] 49 root - INFO - Started Regular Expression mapping
[ 2026-05-27 15:22:09,841] 25 root - INFO - Match heuristic business names to paybill payments
[ 2026-05-27 15:22:09,841] 174 root - INFO - Data transformation complete
[ 2026-05-27 15:22:09,841] 49 root - INFO - Started Regular Expression mapping
[ 2026-05-27 15:22:09,841] 174 root - INFO - Data transformation complete
[ 2026-05-27 15:22:09,841] 49 root - INFO - Started Regular Expression mapping
[ 2026-05-27 15:22:09,842] 25 root - INFO - Match heuristic business names to paybill payments
[ 2026-05-27 15:22:09,842] 174 root - INFO - Data transformation complete
[ 2026-05-27 15:22:09,842] 49 root - INFO - Started Regular Expression mapping
[ 2026-05-27 15:22:09,842] 174 root - INFO - Data transformation complete
[ 2026-05-27 15:22:09,842] 49 root - INFO - Started Regular Expression mapping
[ 2026-05-27 15:22:09,842] 174 root - INFO - Data transformation complete
[ 2026-05-27 15:22:09,843] 49 root - INFO - Started Regular Expression mapping
[ 2026-05-27 15:22:09,843] 174 root - INFO - Data transformation complete
[ 2026-05-27 15:22:09,843] 49 root - INFO - Started Regular Expression mapping
[ 2026-05-27 15:22:09,843] 174 root - INFO - Data transformation complete
[ 2026-05-27 15:22:09,843] 49 root - INFO - Started Regular Expression mapping
[ 2026-05-27 15:22:09,843] 174 root - INFO - Data transformation complete
[ 2026-05-27 15:22:09,843] 49 root - INFO - Started Regular Expression mapping
[ 2026-05-27 15:22:09,844] 174 root - INFO - Data transformation complete
[ 2026-05-27 15:22:09,844] 49 root - INFO - Started Regular Expression mapping
[ 2026-05-27 15:22:09,844] 174 root - INFO - Data transformation complete
[ 2026-05-27 15:22:09,844] 49 root - INFO - Started Regular Expression mapping
[ 2026-05-27 15:22:09,844] 174 root - INFO - Data transformation complete
[ 2026-05-27 15:22:09,844] 49 root - INFO - Started Regular Expression mapping
[ 2026-05-27 15:22:09,845] 174 root - INFO - Data transformation complete
[ 2026-05-27 15:22:09,845] 49 root - INFO - Started Regular Expression mapping
[ 2026-05-27 15:22:09,845] 174 root - INFO - Data transformation complete
[ 2026-05-27 15:22:09,845] 49 root - INFO - Started Regular Expression mapping
[ 2026-05-27 15:22:09,845] 174 root - INFO - Data transformation complete
[ 2026-05-27 15:22:09,845] 49 root - INFO - Started Regular Expression mapping
[ 2026-05-27 15:22:09,845] 174 root - INFO - Data transformation complete
[ 2026-05-27 15:22:09,846] 49 root - INFO - Started Regular Expression mapping
[ 2026-05-27 15:22:09,846] 174 root - INFO - Data transformation complete
[ 2026-05-27 15:22:09,846] 49 root - INFO - Started Regular Expression mapping
[ 2026-05-27 15:22:09,846] 174 root - INFO - Data transformation complete
[ 2026-05-27 15:22:09,846] 49 root - INFO - Started Regular Expression mapping
[ 2026-05-27 15:22:09,846] 174 root - INFO - Data transformation complete
[ 2026-05-27 15:22:09,847] 49 root - INFO - Started Regular Expression mapping
[ 2026-05-27 15:22:09,847] 174 root - INFO - Data transformation complete
[ 2026-05-27 15:22:09,847] 49 root - INFO - Started Regular Expression mapping
[ 2026-05-27 15:22:09,847] 174 root - INFO - Data transformation complete
[ 2026-05-27 15:22:09,847] 49 root - INFO - Started Regular Expression mapping
[ 2026-05-27 15:22:09,847] 25 root - INFO - Match heuristic business names to paybill payments
[ 2026-05-27 15:22:09,847] 174 root - INFO - Data transformation complete
[ 2026-05-27 15:22:09,848] 49 root - INFO - Started Regular Expression mapping
[ 2026-05-27 15:22:09,848] 25 root - INFO - Match heuristic business names to paybill payments
[ 2026-05-27 15:22:09,848] 174 root - INFO - Data transformation complete
[ 2026-05-27 15:22:09,848] 49 root - INFO - Started Regular Expression mapping
[ 2026-05-27 15:22:09,848] 174 root - INFO - Data transformation complete
[ 2026-05-27 15:22:09,848] 49 root - INFO - Started Regular Expression mapping
[ 2026-05-27 15:22:09,849] 25 root - INFO - Match heuristic business names to paybill payments
[ 2026-05-27 15:22:09,849] 174 root - INFO - Data transformation complete
[ 2026-05-27 15:22:09,849] 49 root - INFO - Started Regular Expression mapping
[ 2026-05-27 15:22:09,849] 174 root - INFO - Data transformation complete
[ 2026-05-27 15:22:09,849] 49 root - INFO - Started Regular Expression mapping
[ 2026-05-27 15:22:09,849] 174 root - INFO - Data transformation complete
[ 2026-05-27 15:22:09,849] 49 root - INFO - Started Regular Expression mapping
[ 2026-05-27 15:22:09,850] 174 root - INFO - Data transformation complete
[ 2026-05-27 15:22:09,850] 49 root - INFO - Started Regular Expression mapping
[ 2026-05-27 15:22:09,850] 174 root - INFO - Data transformation complete
[ 2026-05-27 15:22:09,850] 49 root - INFO - Started Regular Expression mapping
[ 2026-05-27 15:22:09,850] 25 root - INFO - Match heuristic business names to paybill payments
[ 2026-05-27 15:22:09,850] 174 root - INFO - Data transformation complete
[ 2026-05-27 15:22:09,850] 49 root - INFO - Started Regular Expression mapping
[ 2026-05-27 15:22:09,851] 174 root - INFO - Data transformation complete
[ 2026-05-27 15:22:09,851] 49 root - INFO - Started Regular Expression mapping
[ 2026-05-27 15:22:09,851] 174 root - INFO - Data transformation complete
[ 2026-05-27 15:22:09,851] 49 root - INFO - Started Regular Expression mapping
[ 2026-05-27 15:22:09,851] 174 root - INFO - Data transformation complete
[ 2026-05-27 15:22:09,851] 49 root - INFO - Started Regular Expression mapping
[ 2026-05-27 15:22:09,852] 174 root - INFO - Data transformation complete
[ 2026-05-27 15:22:09,852] 49 root - INFO - Started Regular Expression mapping
[ 2026-05-27 15:22:09,852] 25 root - INFO - Match heuristic business names to paybill payments
[ 2026-05-27 15:22:09,852] 174 root - INFO - Data transformation complete
[ 2026-05-27 15:22:09,852] 49 root - INFO - Started Regular Expression mapping
[ 2026-05-27 15:22:09,852] 174 root - INFO - Data transformation complete
[ 2026-05-27 15:22:09,852] 49 root - INFO - Started Regular Expression mapping
[ 2026-05-27 15:22:09,853] 25 root - INFO - Match heuristic business names to paybill payments
[ 2026-05-27 15:22:09,853] 174 root - INFO - Data transformation complete
[ 2026-05-27 15:22:09,853] 49 root - INFO - Started Regular Expression mapping
[ 2026-05-27 15:22:09,853] 174 root - INFO - Data transformation complete
[ 2026-05-27 15:22:09,853] 49 root - INFO - Started Regular Expression mapping
[ 2026-05-27 15:22:09,853] 25 root - INFO - Match heuristic business names to paybill payments
[ 2026-05-27 15:22:09,853] 174 root - INFO - Data transformation complete
[ 2026-05-27 15:22:09,854] 49 root - INFO - Started Regular Expression mapping
[ 2026-05-27 15:22:09,854] 25 root - INFO - Match heuristic business names to paybill payments
[ 2026-05-27 15:22:09,854] 174 root - INFO - Data transformation complete
[ 2026-05-27 15:22:09,854] 49 root - INFO - Started Regular Expression mapping
[ 2026-05-27 15:22:09,854] 174 root - INFO - Data transformation complete
[ 2026-05-27 15:22:09,854] 49 root - INFO - Started Regular Expression mapping
[ 2026-05-27 15:22:09,854] 25 root - INFO - Match heuristic business names to paybill payments
[ 2026-05-27 15:22:09,855] 174 root - INFO - Data transformation complete
[ 2026-05-27 15:22:09,855] 49 root - INFO - Started Regular Expression mapping
[ 2026-05-27 15:22:09,855] 174 root - INFO - Data transformation complete
[ 2026-05-27 15:22:09,855] 49 root - INFO - Started Regular Expression mapping
[ 2026-05-27 15:22:09,855] 174 root - INFO - Data transformation complete
[ 2026-05-27 15:22:09,855] 49 root - INFO - Started Regular Expression mapping
[ 2026-05-27 15:22:09,856] 174 root - INFO - Data transformation complete
[ 2026-05-27 15:22:09,856] 49 root - INFO - Started Regular Expression mapping
[ 2026-05-27 15:22:09,856] 25 root - INFO - Match heuristic business names to paybill payments
[ 2026-05-27 15:22:09,856] 174 root - INFO - Data transformation complete
[ 2026-05-27 15:22:09,856] 49 root - INFO - Started Regular Expression mapping
[ 2026-05-27 15:22:09,856] 174 root - INFO - Data transformation complete
[ 2026-05-27 15:22:09,856] 49 root - INFO - Started Regular Expression mapping
[ 2026-05-27 15:22:09,857] 174 root - INFO - Data transformation complete
[ 2026-05-27 15:22:09,857] 49 root - INFO - Started Regular Expression mapping
[ 2026-05-27 15:22:09,857] 25 root - INFO - Match heuristic business names to paybill payments
[ 2026-05-27 15:22:09,857] 174 root - INFO - Data transformation complete
[ 2026-05-27 15:22:09,857] 49 root - INFO - Started Regular Expression mapping
[ 2026-05-27 15:22:09,857] 25 root - INFO - Match heuristic business names to paybill payments
[ 2026-05-27 15:22:09,857] 174 root - INFO - Data transformation complete
[ 2026-05-27 15:22:09,858] 49 root - INFO - Started Regular Expression mapping
[ 2026-05-27 15:22:09,858] 25 root - INFO - Match heuristic business names to paybill payments
[ 2026-05-27 15:22:09,858] 174 root - INFO - Data transformation complete
[ 2026-05-27 15:22:09,858] 49 root - INFO - Started Regular Expression mapping
[ 2026-05-27 15:22:09,858] 25 root - INFO - Match heuristic business names to paybill payments
[ 2026-05-27 15:22:09,858] 174 root - INFO - Data transformation complete
[ 2026-05-27 15:22:09,858] 49 root - INFO - Started Regular Expression mapping
[ 2026-05-27 15:22:09,859] 174 root - INFO - Data transformation complete
[ 2026-05-27 15:22:09,859] 49 root - INFO - Started Regular Expression mapping
[ 2026-05-27 15:22:09,859] 174 root - INFO - Data transformation complete
[ 2026-05-27 15:22:09,859] 49 root - INFO - Started Regular Expression mapping
[ 2026-05-27 15:22:09,859] 174 root - INFO - Data transformation complete
[ 2026-05-27 15:22:09,859] 49 root - INFO - Started Regular Expression mapping
[ 2026-05-27 15:22:09,860] 25 root - INFO - Match heuristic business names to paybill payments
[ 2026-05-27 15:22:09,860] 174 root - INFO - Data transformation complete
[ 2026-05-27 15:22:09,860] 49 root - INFO - Started Regular Expression mapping
[ 2026-05-27 15:22:09,860] 174 root - INFO - Data transformation complete
[ 2026-05-27 15:22:09,860] 49 root - INFO - Started Regular Expression mapping
[ 2026-05-27 15:22:09,860] 174 root - INFO - Data transformation complete
[ 2026-05-27 15:22:09,860] 49 root - INFO - Started Regular Expression mapping
[ 2026-05-27 15:22:09,861] 174 root - INFO - Data transformation complete
[ 2026-05-27 15:22:09,861] 49 root - INFO - Started Regular Expression mapping
[ 2026-05-27 15:22:09,861] 174 root - INFO - Data transformation complete
[ 2026-05-27 15:22:09,861] 49 root - INFO - Started Regular Expression mapping
[ 2026-05-27 15:22:09,861] 174 root - INFO - Data transformation complete
[ 2026-05-27 15:22:09,861] 49 root - INFO - Started Regular Expression mapping
[ 2026-05-27 15:22:09,861] 174 root - INFO - Data transformation complete
[ 2026-05-27 15:22:09,862] 49 root - INFO - Started Regular Expression mapping
[ 2026-05-27 15:22:09,862] 174 root - INFO - Data transformation complete
[ 2026-05-27 15:22:09,862] 49 root - INFO - Started Regular Expression mapping
[ 2026-05-27 15:22:09,862] 174 root - INFO - Data transformation complete
[ 2026-05-27 15:22:09,862] 49 root - INFO - Started Regular Expression mapping
[ 2026-05-27 15:22:09,862] 174 root - INFO - Data transformation complete
[ 2026-05-27 15:22:09,863] 49 root - INFO - Started Regular Expression mapping
[ 2026-05-27 15:22:09,863] 174 root - INFO - Data transformation complete
[ 2026-05-27 15:22:09,863] 49 root - INFO - Started Regular Expression mapping
[ 2026-05-27 15:22:09,863] 174 root - INFO - Data transformation complete
[ 2026-05-27 15:22:09,863] 49 root - INFO - Started Regular Expression mapping
[ 2026-05-27 15:22:09,863] 174 root - INFO - Data transformation complete
[ 2026-05-27 15:22:09,863] 49 root - INFO - Started Regular Expression mapping
[ 2026-05-27 15:22:09,864] 25 root - INFO - Match heuristic business names to paybill payments
[ 2026-05-27 15:22:09,864] 174 root - INFO - Data transformation complete
[ 2026-05-27 15:22:09,864] 49 root - INFO - Started Regular Expression mapping
[ 2026-05-27 15:22:09,864] 25 root - INFO - Match heuristic business names to paybill payments
[ 2026-05-27 15:22:09,864] 174 root - INFO - Data transformation complete
[ 2026-05-27 15:22:09,864] 49 root - INFO - Started Regular Expression mapping
[ 2026-05-27 15:22:09,865] 25 root - INFO - Match heuristic business names to paybill payments
[ 2026-05-27 15:22:09,865] 174 root - INFO - Data transformation complete
[ 2026-05-27 15:22:09,865] 49 root - INFO - Started Regular Expression mapping
[ 2026-05-27 15:22:09,865] 25 root - INFO - Match heuristic business names to paybill payments
[ 2026-05-27 15:22:09,865] 174 root - INFO - Data transformation complete
[ 2026-05-27 15:22:09,865] 49 root - INFO - Started Regular Expression mapping
[ 2026-05-27 15:22:09,865] 25 root - INFO - Match heuristic business names to paybill payments
[ 2026-05-27 15:22:09,865] 174 root - INFO - Data transformation complete
[ 2026-05-27 15:22:09,866] 49 root - INFO - Started Regular Expression mapping
[ 2026-05-27 15:22:09,866] 25 root - INFO - Match heuristic business names to paybill payments
[ 2026-05-27 15:22:09,866] 174 root - INFO - Data transformation complete
[ 2026-05-27 15:22:09,866] 49 root - INFO - Started Regular Expression mapping
[ 2026-05-27 15:22:09,866] 174 root - INFO - Data transformation complete
[ 2026-05-27 15:22:09,866] 49 root - INFO - Started Regular Expression mapping
[ 2026-05-27 15:22:09,867] 174 root - INFO - Data transformation complete
[ 2026-05-27 15:22:09,867] 49 root - INFO - Started Regular Expression mapping
[ 2026-05-27 15:22:09,867] 25 root - INFO - Match heuristic business names to paybill payments
[ 2026-05-27 15:22:09,867] 174 root - INFO - Data transformation complete
[ 2026-05-27 15:22:09,867] 49 root - INFO - Started Regular Expression mapping
[ 2026-05-27 15:22:09,867] 174 root - INFO - Data transformation complete
[ 2026-05-27 15:22:09,867] 49 root - INFO - Started Regular Expression mapping
[ 2026-05-27 15:22:09,868] 25 root - INFO - Match heuristic business names to paybill payments
[ 2026-05-27 15:22:09,868] 174 root - INFO - Data transformation complete
[ 2026-05-27 15:22:09,868] 49 root - INFO - Started Regular Expression mapping
[ 2026-05-27 15:22:09,868] 174 root - INFO - Data transformation complete
[ 2026-05-27 15:22:09,868] 49 root - INFO - Started Regular Expression mapping
[ 2026-05-27 15:22:09,868] 25 root - INFO - Match heuristic business names to paybill payments
[ 2026-05-27 15:22:09,868] 174 root - INFO - Data transformation complete
[ 2026-05-27 15:22:09,869] 49 root - INFO - Started Regular Expression mapping
[ 2026-05-27 15:22:09,869] 174 root - INFO - Data transformation complete
[ 2026-05-27 15:22:09,869] 49 root - INFO - Started Regular Expression mapping
[ 2026-05-27 15:22:09,869] 174 root - INFO - Data transformation complete
[ 2026-05-27 15:22:09,869] 49 root - INFO - Started Regular Expression mapping
[ 2026-05-27 15:22:09,869] 174 root - INFO - Data transformation complete
[ 2026-05-27 15:22:09,869] 49 root - INFO - Started Regular Expression mapping
[ 2026-05-27 15:22:09,870] 174 root - INFO - Data transformation complete
[ 2026-05-27 15:22:09,870] 49 root - INFO - Started Regular Expression mapping
[ 2026-05-27 15:22:09,870] 25 root - INFO - Match heuristic business names to paybill payments
[ 2026-05-27 15:22:09,870] 174 root - INFO - Data transformation complete
[ 2026-05-27 15:22:09,870] 49 root - INFO - Started Regular Expression mapping
[ 2026-05-27 15:22:09,870] 25 root - INFO - Match heuristic business names to paybill payments
[ 2026-05-27 15:22:09,871] 174 root - INFO - Data transformation complete
[ 2026-05-27 15:22:09,871] 49 root - INFO - Started Regular Expression mapping
[ 2026-05-27 15:22:09,871] 174 root - INFO - Data transformation complete
[ 2026-05-27 15:22:09,871] 49 root - INFO - Started Regular Expression mapping
[ 2026-05-27 15:22:09,871] 25 root - INFO - Match heuristic business names to paybill payments
[ 2026-05-27 15:22:09,871] 174 root - INFO - Data transformation complete
[ 2026-05-27 15:22:09,871] 49 root - INFO - Started Regular Expression mapping
[ 2026-05-27 15:22:09,872] 174 root - INFO - Data transformation complete
[ 2026-05-27 15:22:09,872] 49 root - INFO - Started Regular Expression mapping
[ 2026-05-27 15:22:09,872] 174 root - INFO - Data transformation complete
[ 2026-05-27 15:22:09,872] 49 root - INFO - Started Regular Expression mapping
[ 2026-05-27 15:22:09,872] 174 root - INFO - Data transformation complete
[ 2026-05-27 15:22:09,872] 49 root - INFO - Started Regular Expression mapping
[ 2026-05-27 15:22:09,872] 174 root - INFO - Data transformation complete
[ 2026-05-27 15:22:09,873] 49 root - INFO - Started Regular Expression mapping
[ 2026-05-27 15:22:09,873] 174 root - INFO - Data transformation complete
[ 2026-05-27 15:22:09,873] 49 root - INFO - Started Regular Expression mapping
[ 2026-05-27 15:22:09,873] 174 root - INFO - Data transformation complete
[ 2026-05-27 15:22:09,873] 49 root - INFO - Started Regular Expression mapping
[ 2026-05-27 15:22:09,873] 174 root - INFO - Data transformation complete
[ 2026-05-27 15:22:09,874] 49 root - INFO - Started Regular Expression mapping
[ 2026-05-27 15:22:09,874] 25 root - INFO - Match heuristic business names to paybill payments
[ 2026-05-27 15:22:09,874] 174 root - INFO - Data transformation complete
[ 2026-05-27 15:22:09,874] 49 root - INFO - Started Regular Expression mapping
[ 2026-05-27 15:22:09,874] 25 root - INFO - Match heuristic business names to paybill payments
[ 2026-05-27 15:22:09,874] 174 root - INFO - Data transformation complete
[ 2026-05-27 15:22:09,874] 49 root - INFO - Started Regular Expression mapping
[ 2026-05-27 15:22:09,875] 174 root - INFO - Data transformation complete
[ 2026-05-27 15:22:09,875] 49 root - INFO - Started Regular Expression mapping
[ 2026-05-27 15:22:09,875] 174 root - INFO - Data transformation complete
[ 2026-05-27 15:22:09,875] 49 root - INFO - Started Regular Expression mapping
[ 2026-05-27 15:22:09,875] 25 root - INFO - Match heuristic business names to paybill payments
[ 2026-05-27 15:22:09,875] 174 root - INFO - Data transformation complete
[ 2026-05-27 15:22:09,875] 49 root - INFO - Started Regular Expression mapping
[ 2026-05-27 15:22:09,876] 174 root - INFO - Data transformation complete
[ 2026-05-27 15:22:09,876] 49 root - INFO - Started Regular Expression mapping
[ 2026-05-27 15:22:09,876] 174 root - INFO - Data transformation complete
[ 2026-05-27 15:22:09,876] 49 root - INFO - Started Regular Expression mapping
[ 2026-05-27 15:22:09,876] 174 root - INFO - Data transformation complete
[ 2026-05-27 15:22:09,876] 49 root - INFO - Started Regular Expression mapping
[ 2026-05-27 15:22:09,877] 174 root - INFO - Data transformation complete
[ 2026-05-27 15:22:09,877] 49 root - INFO - Started Regular Expression mapping
[ 2026-05-27 15:22:09,877] 25 root - INFO - Match heuristic business names to paybill payments
[ 2026-05-27 15:22:09,877] 174 root - INFO - Data transformation complete
[ 2026-05-27 15:22:09,877] 49 root - INFO - Started Regular Expression mapping
[ 2026-05-27 15:22:09,877] 25 root - INFO - Match heuristic business names to paybill payments
[ 2026-05-27 15:22:09,877] 174 root - INFO - Data transformation complete
[ 2026-05-27 15:22:09,878] 49 root - INFO - Started Regular Expression mapping
[ 2026-05-27 15:22:09,878] 174 root - INFO - Data transformation complete
[ 2026-05-27 15:22:09,878] 49 root - INFO - Started Regular Expression mapping
[ 2026-05-27 15:22:09,878] 174 root - INFO - Data transformation complete
[ 2026-05-27 15:22:09,878] 49 root - INFO - Started Regular Expression mapping
[ 2026-05-27 15:22:09,878] 25 root - INFO - Match heuristic business names to paybill payments
[ 2026-05-27 15:22:09,878] 174 root - INFO - Data transformation complete
[ 2026-05-27 15:22:09,879] 49 root - INFO - Started Regular Expression mapping
[ 2026-05-27 15:22:09,879] 25 root - INFO - Match heuristic business names to paybill payments
[ 2026-05-27 15:22:09,879] 174 root - INFO - Data transformation complete
[ 2026-05-27 15:22:09,879] 49 root - INFO - Started Regular Expression mapping
[ 2026-05-27 15:22:09,879] 174 root - INFO - Data transformation complete
[ 2026-05-27 15:22:09,879] 49 root - INFO - Started Regular Expression mapping
[ 2026-05-27 15:22:09,880] 174 root - INFO - Data transformation complete
[ 2026-05-27 15:22:09,880] 49 root - INFO - Started Regular Expression mapping
[ 2026-05-27 15:22:09,880] 174 root - INFO - Data transformation complete
[ 2026-05-27 15:22:09,880] 49 root - INFO - Started Regular Expression mapping
[ 2026-05-27 15:22:09,880] 174 root - INFO - Data transformation complete
[ 2026-05-27 15:22:09,880] 49 root - INFO - Started Regular Expression mapping
[ 2026-05-27 15:22:09,880] 174 root - INFO - Data transformation complete
[ 2026-05-27 15:22:09,881] 49 root - INFO - Started Regular Expression mapping
[ 2026-05-27 15:22:09,881] 174 root - INFO - Data transformation complete
[ 2026-05-27 15:22:09,881] 49 root - INFO - Started Regular Expression mapping
[ 2026-05-27 15:22:09,881] 174 root - INFO - Data transformation complete
[ 2026-05-27 15:22:09,881] 49 root - INFO - Started Regular Expression mapping
[ 2026-05-27 15:22:09,881] 25 root - INFO - Match heuristic business names to paybill payments
[ 2026-05-27 15:22:09,881] 174 root - INFO - Data transformation complete
[ 2026-05-27 15:22:09,882] 49 root - INFO - Started Regular Expression mapping
[ 2026-05-27 15:22:09,882] 174 root - INFO - Data transformation complete
[ 2026-05-27 15:22:09,882] 49 root - INFO - Started Regular Expression mapping
[ 2026-05-27 15:22:09,882] 174 root - INFO - Data transformation complete
[ 2026-05-27 15:22:09,882] 49 root - INFO - Started Regular Expression mapping
[ 2026-05-27 15:22:09,882] 25 root - INFO - Match heuristic business names to paybill payments
[ 2026-05-27 15:22:09,883] 174 root - INFO - Data transformation complete
[ 2026-05-27 15:22:09,883] 49 root - INFO - Started Regular Expression mapping
[ 2026-05-27 15:22:09,883] 174 root - INFO - Data transformation complete
[ 2026-05-27 15:22:09,883] 49 root - INFO - Started Regular Expression mapping
[ 2026-05-27 15:22:09,883] 25 root - INFO - Match heuristic business names to paybill payments
[ 2026-05-27 15:22:09,883] 174 root - INFO - Data transformation complete
[ 2026-05-27 15:22:09,883] 49 root - INFO - Started Regular Expression mapping
[ 2026-05-27 15:22:09,884] 25 root - INFO - Match heuristic business names to paybill payments
[ 2026-05-27 15:22:09,884] 174 root - INFO - Data transformation complete
[ 2026-05-27 15:22:09,884] 49 root - INFO - Started Regular Expression mapping
[ 2026-05-27 15:22:09,884] 174 root - INFO - Data transformation complete
[ 2026-05-27 15:22:09,884] 49 root - INFO - Started Regular Expression mapping
[ 2026-05-27 15:22:09,884] 174 root - INFO - Data transformation complete
[ 2026-05-27 15:22:09,884] 49 root - INFO - Started Regular Expression mapping
[ 2026-05-27 15:22:09,885] 174 root - INFO - Data transformation complete
[ 2026-05-27 15:22:09,885] 49 root - INFO - Started Regular Expression mapping
[ 2026-05-27 15:22:09,885] 25 root - INFO - Match heuristic business names to paybill payments
[ 2026-05-27 15:22:09,885] 174 root - INFO - Data transformation complete
[ 2026-05-27 15:22:09,885] 49 root - INFO - Started Regular Expression mapping
[ 2026-05-27 15:22:09,885] 174 root - INFO - Data transformation complete
[ 2026-05-27 15:22:09,885] 49 root - INFO - Started Regular Expression mapping
[ 2026-05-27 15:22:09,886] 174 root - INFO - Data transformation complete
[ 2026-05-27 15:22:09,886] 49 root - INFO - Started Regular Expression mapping
[ 2026-05-27 15:22:09,886] 174 root - INFO - Data transformation complete
[ 2026-05-27 15:22:09,886] 49 root - INFO - Started Regular Expression mapping
[ 2026-05-27 15:22:09,886] 174 root - INFO - Data transformation complete
[ 2026-05-27 15:22:09,886] 49 root - INFO - Started Regular Expression mapping
[ 2026-05-27 15:22:09,887] 174 root - INFO - Data transformation complete
[ 2026-05-27 15:22:09,887] 49 root - INFO - Started Regular Expression mapping
[ 2026-05-27 15:22:09,887] 174 root - INFO - Data transformation complete
[ 2026-05-27 15:22:09,887] 49 root - INFO - Started Regular Expression mapping
[ 2026-05-27 15:22:09,887] 174 root - INFO - Data transformation complete
[ 2026-05-27 15:22:09,887] 49 root - INFO - Started Regular Expression mapping
[ 2026-05-27 15:22:09,887] 174 root - INFO - Data transformation complete
[ 2026-05-27 15:22:09,888] 49 root - INFO - Started Regular Expression mapping
[ 2026-05-27 15:22:09,888] 174 root - INFO - Data transformation complete
[ 2026-05-27 15:22:09,888] 49 root - INFO - Started Regular Expression mapping
[ 2026-05-27 15:22:09,888] 174 root - INFO - Data transformation complete
[ 2026-05-27 15:22:09,888] 49 root - INFO - Started Regular Expression mapping
[ 2026-05-27 15:22:09,888] 174 root - INFO - Data transformation complete
[ 2026-05-27 15:22:09,889] 49 root - INFO - Started Regular Expression mapping
[ 2026-05-27 15:22:09,889] 25 root - INFO - Match heuristic business names to paybill payments
[ 2026-05-27 15:22:09,889] 174 root - INFO - Data transformation complete
[ 2026-05-27 15:22:09,889] 49 root - INFO - Started Regular Expression mapping
[ 2026-05-27 15:22:09,889] 25 root - INFO - Match heuristic business names to paybill payments
[ 2026-05-27 15:22:09,889] 174 root - INFO - Data transformation complete
[ 2026-05-27 15:22:09,889] 49 root - INFO - Started Regular Expression mapping
[ 2026-05-27 15:22:09,890] 174 root - INFO - Data transformation complete
[ 2026-05-27 15:22:09,890] 49 root - INFO - Started Regular Expression mapping
[ 2026-05-27 15:22:09,890] 174 root - INFO - Data transformation complete
[ 2026-05-27 15:22:09,890] 49 root - INFO - Started Regular Expression mapping
[ 2026-05-27 15:22:09,890] 25 root - INFO - Match heuristic business names to paybill payments
[ 2026-05-27 15:22:09,890] 174 root - INFO - Data transformation complete
[ 2026-05-27 15:22:09,890] 49 root - INFO - Started Regular Expression mapping
[ 2026-05-27 15:22:09,891] 25 root - INFO - Match heuristic business names to paybill payments
[ 2026-05-27 15:22:09,891] 174 root - INFO - Data transformation complete
[ 2026-05-27 15:22:09,891] 49 root - INFO - Started Regular Expression mapping
[ 2026-05-27 15:22:09,891] 174 root - INFO - Data transformation complete
[ 2026-05-27 15:22:09,891] 49 root - INFO - Started Regular Expression mapping
[ 2026-05-27 15:22:09,891] 174 root - INFO - Data transformation complete
[ 2026-05-27 15:22:09,891] 49 root - INFO - Started Regular Expression mapping
[ 2026-05-27 15:22:09,892] 174 root - INFO - Data transformation complete
[ 2026-05-27 15:22:09,892] 49 root - INFO - Started Regular Expression mapping
[ 2026-05-27 15:22:09,892] 25 root - INFO - Match heuristic business names to paybill payments
[ 2026-05-27 15:22:09,892] 174 root - INFO - Data transformation complete
[ 2026-05-27 15:22:09,892] 49 root - INFO - Started Regular Expression mapping
[ 2026-05-27 15:22:09,892] 174 root - INFO - Data transformation complete
[ 2026-05-27 15:22:09,892] 49 root - INFO - Started Regular Expression mapping
[ 2026-05-27 15:22:09,893] 174 root - INFO - Data transformation complete
[ 2026-05-27 15:22:09,893] 49 root - INFO - Started Regular Expression mapping
[ 2026-05-27 15:22:09,893] 174 root - INFO - Data transformation complete
[ 2026-05-27 15:22:09,893] 49 root - INFO - Started Regular Expression mapping
[ 2026-05-27 15:22:09,893] 25 root - INFO - Match heuristic business names to paybill payments
[ 2026-05-27 15:22:09,894] 174 root - INFO - Data transformation complete
[ 2026-05-27 15:22:09,894] 49 root - INFO - Started Regular Expression mapping
[ 2026-05-27 15:22:09,894] 174 root - INFO - Data transformation complete
[ 2026-05-27 15:22:09,894] 49 root - INFO - Started Regular Expression mapping
[ 2026-05-27 15:22:09,894] 174 root - INFO - Data transformation complete
[ 2026-05-27 15:22:09,894] 49 root - INFO - Started Regular Expression mapping
[ 2026-05-27 15:22:09,894] 174 root - INFO - Data transformation complete
[ 2026-05-27 15:22:09,895] 49 root - INFO - Started Regular Expression mapping
[ 2026-05-27 15:22:09,895] 174 root - INFO - Data transformation complete
[ 2026-05-27 15:22:09,895] 49 root - INFO - Started Regular Expression mapping
[ 2026-05-27 15:22:09,895] 174 root - INFO - Data transformation complete
[ 2026-05-27 15:22:09,895] 49 root - INFO - Started Regular Expression mapping
[ 2026-05-27 15:22:09,895] 174 root - INFO - Data transformation complete
[ 2026-05-27 15:22:09,896] 49 root - INFO - Started Regular Expression mapping
[ 2026-05-27 15:22:09,896] 174 root - INFO - Data transformation complete
[ 2026-05-27 15:22:09,896] 49 root - INFO - Started Regular Expression mapping
[ 2026-05-27 15:22:09,896] 25 root - INFO - Match heuristic business names to paybill payments
[ 2026-05-27 15:22:09,896] 174 root - INFO - Data transformation complete
[ 2026-05-27 15:22:09,896] 49 root - INFO - Started Regular Expression mapping
[ 2026-05-27 15:22:09,896] 174 root - INFO - Data transformation complete
[ 2026-05-27 15:22:09,897] 49 root - INFO - Started Regular Expression mapping
[ 2026-05-27 15:22:09,897] 174 root - INFO - Data transformation complete
[ 2026-05-27 15:22:09,897] 49 root - INFO - Started Regular Expression mapping
[ 2026-05-27 15:22:09,897] 174 root - INFO - Data transformation complete
[ 2026-05-27 15:22:09,897] 49 root - INFO - Started Regular Expression mapping
[ 2026-05-27 15:22:09,897] 174 root - INFO - Data transformation complete
[ 2026-05-27 15:22:09,898] 49 root - INFO - Started Regular Expression mapping
[ 2026-05-27 15:22:09,898] 25 root - INFO - Match heuristic business names to paybill payments
[ 2026-05-27 15:22:09,898] 174 root - INFO - Data transformation complete
[ 2026-05-27 15:22:09,898] 49 root - INFO - Started Regular Expression mapping
[ 2026-05-27 15:22:09,898] 174 root - INFO - Data transformation complete
[ 2026-05-27 15:22:09,898] 49 root - INFO - Started Regular Expression mapping
[ 2026-05-27 15:22:09,898] 174 root - INFO - Data transformation complete
[ 2026-05-27 15:22:09,899] 49 root - INFO - Started Regular Expression mapping
[ 2026-05-27 15:22:09,899] 174 root - INFO - Data transformation complete
[ 2026-05-27 15:22:09,899] 49 root - INFO - Started Regular Expression mapping
[ 2026-05-27 15:22:09,899] 174 root - INFO - Data transformation complete
[ 2026-05-27 15:22:09,899] 49 root - INFO - Started Regular Expression mapping
[ 2026-05-27 15:22:09,899] 174 root - INFO - Data transformation complete
[ 2026-05-27 15:22:09,899] 49 root - INFO - Started Regular Expression mapping
[ 2026-05-27 15:22:09,900] 25 root - INFO - Match heuristic business names to paybill payments
[ 2026-05-27 15:22:09,900] 174 root - INFO - Data transformation complete
[ 2026-05-27 15:22:09,900] 49 root - INFO - Started Regular Expression mapping
[ 2026-05-27 15:22:09,900] 174 root - INFO - Data transformation complete
[ 2026-05-27 15:22:09,900] 49 root - INFO - Started Regular Expression mapping
[ 2026-05-27 15:22:09,900] 174 root - INFO - Data transformation complete
[ 2026-05-27 15:22:09,901] 49 root - INFO - Started Regular Expression mapping
[ 2026-05-27 15:22:09,901] 25 root - INFO - Match heuristic business names to paybill payments
[ 2026-05-27 15:22:09,901] 174 root - INFO - Data transformation complete
[ 2026-05-27 15:22:09,901] 49 root - INFO - Started Regular Expression mapping
[ 2026-05-27 15:22:09,901] 174 root - INFO - Data transformation complete
[ 2026-05-27 15:22:09,901] 49 root - INFO - Started Regular Expression mapping
[ 2026-05-27 15:22:09,901] 174 root - INFO - Data transformation complete
[ 2026-05-27 15:22:09,902] 49 root - INFO - Started Regular Expression mapping
[ 2026-05-27 15:22:09,902] 174 root - INFO - Data transformation complete
[ 2026-05-27 15:22:09,902] 49 root - INFO - Started Regular Expression mapping
[ 2026-05-27 15:22:09,902] 174 root - INFO - Data transformation complete
[ 2026-05-27 15:22:09,902] 49 root - INFO - Started Regular Expression mapping
[ 2026-05-27 15:22:09,902] 174 root - INFO - Data transformation complete
[ 2026-05-27 15:22:09,903] 49 root - INFO - Started Regular Expression mapping
[ 2026-05-27 15:22:09,903] 25 root - INFO - Match heuristic business names to paybill payments
[ 2026-05-27 15:22:09,903] 174 root - INFO - Data transformation complete
[ 2026-05-27 15:22:09,903] 49 root - INFO - Started Regular Expression mapping
[ 2026-05-27 15:22:09,903] 174 root - INFO - Data transformation complete
[ 2026-05-27 15:22:09,903] 49 root - INFO - Started Regular Expression mapping
[ 2026-05-27 15:22:09,903] 25 root - INFO - Match heuristic business names to paybill payments
[ 2026-05-27 15:22:09,904] 174 root - INFO - Data transformation complete
[ 2026-05-27 15:22:09,904] 49 root - INFO - Started Regular Expression mapping
[ 2026-05-27 15:22:09,904] 174 root - INFO - Data transformation complete
[ 2026-05-27 15:22:09,904] 49 root - INFO - Started Regular Expression mapping
[ 2026-05-27 15:22:09,904] 174 root - INFO - Data transformation complete
[ 2026-05-27 15:22:09,904] 49 root - INFO - Started Regular Expression mapping
[ 2026-05-27 15:22:09,904] 174 root - INFO - Data transformation complete
[ 2026-05-27 15:22:09,905] 49 root - INFO - Started Regular Expression mapping
[ 2026-05-27 15:22:09,905] 25 root - INFO - Match heuristic business names to paybill payments
[ 2026-05-27 15:22:09,905] 174 root - INFO - Data transformation complete
[ 2026-05-27 15:22:09,905] 49 root - INFO - Started Regular Expression mapping
[ 2026-05-27 15:22:09,905] 174 root - INFO - Data transformation complete
[ 2026-05-27 15:22:09,905] 49 root - INFO - Started Regular Expression mapping
[ 2026-05-27 15:22:09,905] 174 root - INFO - Data transformation complete
[ 2026-05-27 15:22:09,906] 49 root - INFO - Started Regular Expression mapping
[ 2026-05-27 15:22:09,906] 174 root - INFO - Data transformation complete
[ 2026-05-27 15:22:09,906] 49 root - INFO - Started Regular Expression mapping
[ 2026-05-27 15:22:09,906] 174 root - INFO - Data transformation complete
[ 2026-05-27 15:22:09,906] 49 root - INFO - Started Regular Expression mapping
[ 2026-05-27 15:22:09,906] 25 root - INFO - Match heuristic business names to paybill payments
[ 2026-05-27 15:22:09,907] 174 root - INFO - Data transformation complete
[ 2026-05-27 15:22:09,907] 49 root - INFO - Started Regular Expression mapping
[ 2026-05-27 15:22:09,907] 174 root - INFO - Data transformation complete
[ 2026-05-27 15:22:09,907] 49 root - INFO - Started Regular Expression mapping
[ 2026-05-27 15:22:09,907] 174 root - INFO - Data transformation complete
[ 2026-05-27 15:22:09,907] 49 root - INFO - Started Regular Expression mapping
[ 2026-05-27 15:22:09,907] 174 root - INFO - Data transformation complete
[ 2026-05-27 15:22:09,908] 49 root - INFO - Started Regular Expression mapping
[ 2026-05-27 15:22:09,908] 25 root - INFO - Match heuristic business names to paybill payments
[ 2026-05-27 15:22:09,908] 174 root - INFO - Data transformation complete
[ 2026-05-27 15:22:09,908] 49 root - INFO - Started Regular Expression mapping
[ 2026-05-27 15:22:09,908] 25 root - INFO - Match heuristic business names to paybill payments
[ 2026-05-27 15:22:09,908] 174 root - INFO - Data transformation complete
[ 2026-05-27 15:22:09,908] 49 root - INFO - Started Regular Expression mapping
[ 2026-05-27 15:22:09,909] 174 root - INFO - Data transformation complete
[ 2026-05-27 15:22:09,909] 49 root - INFO - Started Regular Expression mapping
[ 2026-05-27 15:22:09,909] 174 root - INFO - Data transformation complete
[ 2026-05-27 15:22:09,909] 49 root - INFO - Started Regular Expression mapping
[ 2026-05-27 15:22:09,909] 174 root - INFO - Data transformation complete
[ 2026-05-27 15:22:09,909] 49 root - INFO - Started Regular Expression mapping
[ 2026-05-27 15:22:09,910] 174 root - INFO - Data transformation complete
[ 2026-05-27 15:22:09,910] 49 root - INFO - Started Regular Expression mapping
[ 2026-05-27 15:22:09,910] 174 root - INFO - Data transformation complete
[ 2026-05-27 15:22:09,911] 49 root - INFO - Started Regular Expression mapping
[ 2026-05-27 15:22:09,911] 174 root - INFO - Data transformation complete
[ 2026-05-27 15:22:09,911] 49 root - INFO - Started Regular Expression mapping
[ 2026-05-27 15:22:09,911] 174 root - INFO - Data transformation complete
[ 2026-05-27 15:22:09,911] 49 root - INFO - Started Regular Expression mapping
[ 2026-05-27 15:22:09,912] 25 root - INFO - Match heuristic business names to paybill payments
[ 2026-05-27 15:22:09,912] 174 root - INFO - Data transformation complete
[ 2026-05-27 15:22:09,912] 49 root - INFO - Started Regular Expression mapping
[ 2026-05-27 15:22:09,912] 25 root - INFO - Match heuristic business names to paybill payments
[ 2026-05-27 15:22:09,912] 174 root - INFO - Data transformation complete
[ 2026-05-27 15:22:09,912] 49 root - INFO - Started Regular Expression mapping
[ 2026-05-27 15:22:09,912] 174 root - INFO - Data transformation complete
[ 2026-05-27 15:22:09,913] 49 root - INFO - Started Regular Expression mapping
[ 2026-05-27 15:22:09,913] 174 root - INFO - Data transformation complete
[ 2026-05-27 15:22:09,913] 49 root - INFO - Started Regular Expression mapping
[ 2026-05-27 15:22:09,913] 25 root - INFO - Match heuristic business names to paybill payments
[ 2026-05-27 15:22:09,913] 174 root - INFO - Data transformation complete
[ 2026-05-27 15:22:09,913] 49 root - INFO - Started Regular Expression mapping
[ 2026-05-27 15:22:09,914] 174 root - INFO - Data transformation complete
[ 2026-05-27 15:22:09,914] 49 root - INFO - Started Regular Expression mapping
[ 2026-05-27 15:22:09,914] 25 root - INFO - Match heuristic business names to paybill payments
[ 2026-05-27 15:22:09,914] 174 root - INFO - Data transformation complete
[ 2026-05-27 15:22:09,914] 49 root - INFO - Started Regular Expression mapping
[ 2026-05-27 15:22:09,914] 25 root - INFO - Match heuristic business names to paybill payments
[ 2026-05-27 15:22:09,914] 174 root - INFO - Data transformation complete
[ 2026-05-27 15:22:09,914] 49 root - INFO - Started Regular Expression mapping
[ 2026-05-27 15:22:09,915] 174 root - INFO - Data transformation complete
[ 2026-05-27 15:22:09,915] 49 root - INFO - Started Regular Expression mapping
[ 2026-05-27 15:22:09,915] 174 root - INFO - Data transformation complete
[ 2026-05-27 15:22:09,915] 49 root - INFO - Started Regular Expression mapping
[ 2026-05-27 15:22:09,915] 25 root - INFO - Match heuristic business names to paybill payments
[ 2026-05-27 15:22:09,915] 174 root - INFO - Data transformation complete
[ 2026-05-27 15:22:09,916] 49 root - INFO - Started Regular Expression mapping
[ 2026-05-27 15:22:09,916] 174 root - INFO - Data transformation complete
[ 2026-05-27 15:22:09,916] 49 root - INFO - Started Regular Expression mapping
[ 2026-05-27 15:22:09,916] 174 root - INFO - Data transformation complete
[ 2026-05-27 15:22:09,916] 49 root - INFO - Started Regular Expression mapping
[ 2026-05-27 15:22:09,916] 25 root - INFO - Match heuristic business names to paybill payments
[ 2026-05-27 15:22:09,916] 174 root - INFO - Data transformation complete
[ 2026-05-27 15:22:09,917] 49 root - INFO - Started Regular Expression mapping
[ 2026-05-27 15:22:09,917] 174 root - INFO - Data transformation complete
[ 2026-05-27 15:22:09,917] 49 root - INFO - Started Regular Expression mapping
[ 2026-05-27 15:22:09,917] 174 root - INFO - Data transformation complete
[ 2026-05-27 15:22:09,917] 49 root - INFO - Started Regular Expression mapping
[ 2026-05-27 15:22:09,917] 174 root - INFO - Data transformation complete
[ 2026-05-27 15:22:09,917] 49 root - INFO - Started Regular Expression mapping
[ 2026-05-27 15:22:09,918] 174 root - INFO - Data transformation complete
[ 2026-05-27 15:22:09,918] 49 root - INFO - Started Regular Expression mapping
[ 2026-05-27 15:22:09,918] 174 root - INFO - Data transformation complete
[ 2026-05-27 15:22:09,918] 49 root - INFO - Started Regular Expression mapping
[ 2026-05-27 15:22:09,918] 174 root - INFO - Data transformation complete
[ 2026-05-27 15:22:09,918] 49 root - INFO - Started Regular Expression mapping
[ 2026-05-27 15:22:09,919] 174 root - INFO - Data transformation complete
[ 2026-05-27 15:22:09,919] 49 root - INFO - Started Regular Expression mapping
[ 2026-05-27 15:22:09,919] 174 root - INFO - Data transformation complete
[ 2026-05-27 15:22:09,919] 49 root - INFO - Started Regular Expression mapping
[ 2026-05-27 15:22:09,919] 25 root - INFO - Match heuristic business names to paybill payments
[ 2026-05-27 15:22:09,919] 174 root - INFO - Data transformation complete
[ 2026-05-27 15:22:09,919] 49 root - INFO - Started Regular Expression mapping
[ 2026-05-27 15:22:09,920] 174 root - INFO - Data transformation complete
[ 2026-05-27 15:22:09,920] 49 root - INFO - Started Regular Expression mapping
[ 2026-05-27 15:22:09,920] 174 root - INFO - Data transformation complete
[ 2026-05-27 15:22:09,920] 49 root - INFO - Started Regular Expression mapping
[ 2026-05-27 15:22:09,920] 174 root - INFO - Data transformation complete
[ 2026-05-27 15:22:09,920] 49 root - INFO - Started Regular Expression mapping
[ 2026-05-27 15:22:09,921] 174 root - INFO - Data transformation complete
[ 2026-05-27 15:22:09,921] 49 root - INFO - Started Regular Expression mapping
[ 2026-05-27 15:22:09,921] 174 root - INFO - Data transformation complete
[ 2026-05-27 15:22:09,921] 49 root - INFO - Started Regular Expression mapping
[ 2026-05-27 15:22:09,921] 174 root - INFO - Data transformation complete
[ 2026-05-27 15:22:09,921] 49 root - INFO - Started Regular Expression mapping
[ 2026-05-27 15:22:09,922] 174 root - INFO - Data transformation complete
[ 2026-05-27 15:22:09,922] 49 root - INFO - Started Regular Expression mapping
[ 2026-05-27 15:22:09,922] 174 root - INFO - Data transformation complete
[ 2026-05-27 15:22:09,922] 49 root - INFO - Started Regular Expression mapping
[ 2026-05-27 15:22:09,922] 174 root - INFO - Data transformation complete
[ 2026-05-27 15:22:09,922] 49 root - INFO - Started Regular Expression mapping
[ 2026-05-27 15:22:09,922] 174 root - INFO - Data transformation complete
[ 2026-05-27 15:22:09,923] 49 root - INFO - Started Regular Expression mapping
[ 2026-05-27 15:22:09,923] 174 root - INFO - Data transformation complete
[ 2026-05-27 15:22:09,923] 49 root - INFO - Started Regular Expression mapping
[ 2026-05-27 15:22:09,923] 174 root - INFO - Data transformation complete
[ 2026-05-27 15:22:09,923] 49 root - INFO - Started Regular Expression mapping
[ 2026-05-27 15:22:09,923] 174 root - INFO - Data transformation complete
[ 2026-05-27 15:22:09,924] 49 root - INFO - Started Regular Expression mapping
[ 2026-05-27 15:22:09,924] 174 root - INFO - Data transformation complete
[ 2026-05-27 15:22:09,924] 49 root - INFO - Started Regular Expression mapping
[ 2026-05-27 15:22:09,924] 25 root - INFO - Match heuristic business names to paybill payments
[ 2026-05-27 15:22:09,924] 174 root - INFO - Data transformation complete
[ 2026-05-27 15:22:09,924] 49 root - INFO - Started Regular Expression mapping
[ 2026-05-27 15:22:09,924] 174 root - INFO - Data transformation complete
[ 2026-05-27 15:22:09,925] 49 root - INFO - Started Regular Expression mapping
[ 2026-05-27 15:22:09,925] 174 root - INFO - Data transformation complete
[ 2026-05-27 15:22:09,925] 49 root - INFO - Started Regular Expression mapping
[ 2026-05-27 15:22:09,926] 174 root - INFO - Data transformation complete
[ 2026-05-27 15:22:09,926] 49 root - INFO - Started Regular Expression mapping
[ 2026-05-27 15:22:09,926] 174 root - INFO - Data transformation complete
[ 2026-05-27 15:22:09,926] 49 root - INFO - Started Regular Expression mapping
[ 2026-05-27 15:22:09,926] 174 root - INFO - Data transformation complete
[ 2026-05-27 15:22:09,927] 49 root - INFO - Started Regular Expression mapping
[ 2026-05-27 15:22:09,927] 25 root - INFO - Match heuristic business names to paybill payments
[ 2026-05-27 15:22:09,927] 174 root - INFO - Data transformation complete
[ 2026-05-27 15:22:09,927] 49 root - INFO - Started Regular Expression mapping
[ 2026-05-27 15:22:09,927] 25 root - INFO - Match heuristic business names to paybill payments
[ 2026-05-27 15:22:09,927] 174 root - INFO - Data transformation complete
[ 2026-05-27 15:22:09,928] 49 root - INFO - Started Regular Expression mapping
[ 2026-05-27 15:22:09,928] 174 root - INFO - Data transformation complete
[ 2026-05-27 15:22:09,928] 49 root - INFO - Started Regular Expression mapping
[ 2026-05-27 15:22:09,928] 174 root - INFO - Data transformation complete
[ 2026-05-27 15:22:09,928] 49 root - INFO - Started Regular Expression mapping
[ 2026-05-27 15:22:09,928] 174 root - INFO - Data transformation complete
[ 2026-05-27 15:22:09,929] 49 root - INFO - Started Regular Expression mapping
[ 2026-05-27 15:22:09,929] 174 root - INFO - Data transformation complete
[ 2026-05-27 15:22:09,929] 49 root - INFO - Started Regular Expression mapping
[ 2026-05-27 15:22:09,929] 174 root - INFO - Data transformation complete
[ 2026-05-27 15:22:09,929] 49 root - INFO - Started Regular Expression mapping
[ 2026-05-27 15:22:09,929] 25 root - INFO - Match heuristic business names to paybill payments
[ 2026-05-27 15:22:09,929] 174 root - INFO - Data transformation complete
[ 2026-05-27 15:22:09,930] 49 root - INFO - Started Regular Expression mapping
[ 2026-05-27 15:22:09,930] 174 root - INFO - Data transformation complete
[ 2026-05-27 15:22:09,930] 49 root - INFO - Started Regular Expression mapping
[ 2026-05-27 15:22:09,930] 174 root - INFO - Data transformation complete
[ 2026-05-27 15:22:09,930] 49 root - INFO - Started Regular Expression mapping
[ 2026-05-27 15:22:09,930] 174 root - INFO - Data transformation complete
[ 2026-05-27 15:22:09,930] 49 root - INFO - Started Regular Expression mapping
[ 2026-05-27 15:22:09,931] 174 root - INFO - Data transformation complete
[ 2026-05-27 15:22:09,931] 49 root - INFO - Started Regular Expression mapping
[ 2026-05-27 15:22:09,931] 174 root - INFO - Data transformation complete
[ 2026-05-27 15:22:09,931] 49 root - INFO - Started Regular Expression mapping
[ 2026-05-27 15:22:09,931] 174 root - INFO - Data transformation complete
[ 2026-05-27 15:22:09,931] 49 root - INFO - Started Regular Expression mapping
[ 2026-05-27 15:22:09,932] 174 root - INFO - Data transformation complete
[ 2026-05-27 15:22:09,932] 49 root - INFO - Started Regular Expression mapping
[ 2026-05-27 15:22:09,932] 174 root - INFO - Data transformation complete
[ 2026-05-27 15:22:09,932] 49 root - INFO - Started Regular Expression mapping
[ 2026-05-27 15:22:09,932] 25 root - INFO - Match heuristic business names to paybill payments
[ 2026-05-27 15:22:09,932] 174 root - INFO - Data transformation complete
[ 2026-05-27 15:22:09,932] 49 root - INFO - Started Regular Expression mapping
[ 2026-05-27 15:22:09,933] 25 root - INFO - Match heuristic business names to paybill payments
[ 2026-05-27 15:22:09,933] 174 root - INFO - Data transformation complete
[ 2026-05-27 15:22:09,933] 49 root - INFO - Started Regular Expression mapping
[ 2026-05-27 15:22:09,933] 174 root - INFO - Data transformation complete
[ 2026-05-27 15:22:09,933] 49 root - INFO - Started Regular Expression mapping
[ 2026-05-27 15:22:09,933] 174 root - INFO - Data transformation complete
[ 2026-05-27 15:22:09,933] 49 root - INFO - Started Regular Expression mapping
[ 2026-05-27 15:22:09,934] 174 root - INFO - Data transformation complete
[ 2026-05-27 15:22:09,934] 49 root - INFO - Started Regular Expression mapping
[ 2026-05-27 15:22:09,934] 174 root - INFO - Data transformation complete
[ 2026-05-27 15:22:09,934] 49 root - INFO - Started Regular Expression mapping
[ 2026-05-27 15:22:09,934] 174 root - INFO - Data transformation complete
[ 2026-05-27 15:22:09,934] 49 root - INFO - Started Regular Expression mapping
[ 2026-05-27 15:22:09,935] 174 root - INFO - Data transformation complete
[ 2026-05-27 15:22:09,935] 49 root - INFO - Started Regular Expression mapping
[ 2026-05-27 15:22:09,935] 174 root - INFO - Data transformation complete
[ 2026-05-27 15:22:09,935] 49 root - INFO - Started Regular Expression mapping
[ 2026-05-27 15:22:09,935] 174 root - INFO - Data transformation complete
[ 2026-05-27 15:22:09,935] 49 root - INFO - Started Regular Expression mapping
[ 2026-05-27 15:22:09,935] 25 root - INFO - Match heuristic business names to paybill payments
[ 2026-05-27 15:22:09,936] 174 root - INFO - Data transformation complete
[ 2026-05-27 15:22:09,936] 49 root - INFO - Started Regular Expression mapping
[ 2026-05-27 15:22:09,936] 174 root - INFO - Data transformation complete
[ 2026-05-27 15:22:09,936] 49 root - INFO - Started Regular Expression mapping
[ 2026-05-27 15:22:09,936] 174 root - INFO - Data transformation complete
[ 2026-05-27 15:22:09,936] 49 root - INFO - Started Regular Expression mapping
[ 2026-05-27 15:22:09,937] 25 root - INFO - Match heuristic business names to paybill payments
[ 2026-05-27 15:22:09,937] 174 root - INFO - Data transformation complete
[ 2026-05-27 15:22:09,937] 49 root - INFO - Started Regular Expression mapping
[ 2026-05-27 15:22:09,937] 25 root - INFO - Match heuristic business names to paybill payments
[ 2026-05-27 15:22:09,937] 174 root - INFO - Data transformation complete
[ 2026-05-27 15:22:09,937] 49 root - INFO - Started Regular Expression mapping
[ 2026-05-27 15:22:09,937] 25 root - INFO - Match heuristic business names to paybill payments
[ 2026-05-27 15:22:09,937] 174 root - INFO - Data transformation complete
[ 2026-05-27 15:22:09,938] 49 root - INFO - Started Regular Expression mapping
[ 2026-05-27 15:22:09,938] 174 root - INFO - Data transformation complete
[ 2026-05-27 15:22:09,938] 49 root - INFO - Started Regular Expression mapping
[ 2026-05-27 15:22:09,938] 174 root - INFO - Data transformation complete
[ 2026-05-27 15:22:09,938] 49 root - INFO - Started Regular Expression mapping
[ 2026-05-27 15:22:09,938] 174 root - INFO - Data transformation complete
[ 2026-05-27 15:22:09,939] 49 root - INFO - Started Regular Expression mapping
[ 2026-05-27 15:22:09,939] 174 root - INFO - Data transformation complete
[ 2026-05-27 15:22:09,939] 49 root - INFO - Started Regular Expression mapping
[ 2026-05-27 15:22:09,939] 174 root - INFO - Data transformation complete
[ 2026-05-27 15:22:09,939] 49 root - INFO - Started Regular Expression mapping
[ 2026-05-27 15:22:09,939] 174 root - INFO - Data transformation complete
[ 2026-05-27 15:22:09,939] 49 root - INFO - Started Regular Expression mapping
[ 2026-05-27 15:22:09,940] 174 root - INFO - Data transformation complete
[ 2026-05-27 15:22:09,940] 49 root - INFO - Started Regular Expression mapping
[ 2026-05-27 15:22:09,940] 25 root - INFO - Match heuristic business names to paybill payments
[ 2026-05-27 15:22:09,940] 174 root - INFO - Data transformation complete
[ 2026-05-27 15:22:09,940] 49 root - INFO - Started Regular Expression mapping
[ 2026-05-27 15:22:09,940] 174 root - INFO - Data transformation complete
[ 2026-05-27 15:22:09,940] 49 root - INFO - Started Regular Expression mapping
[ 2026-05-27 15:22:09,941] 174 root - INFO - Data transformation complete
[ 2026-05-27 15:22:09,941] 49 root - INFO - Started Regular Expression mapping
[ 2026-05-27 15:22:09,941] 174 root - INFO - Data transformation complete
[ 2026-05-27 15:22:09,941] 49 root - INFO - Started Regular Expression mapping
[ 2026-05-27 15:22:09,941] 174 root - INFO - Data transformation complete
[ 2026-05-27 15:22:09,941] 49 root - INFO - Started Regular Expression mapping
[ 2026-05-27 15:22:09,942] 174 root - INFO - Data transformation complete
[ 2026-05-27 15:22:09,942] 49 root - INFO - Started Regular Expression mapping
[ 2026-05-27 15:22:09,942] 174 root - INFO - Data transformation complete
[ 2026-05-27 15:22:09,942] 49 root - INFO - Started Regular Expression mapping
[ 2026-05-27 15:22:09,943] 25 root - INFO - Match heuristic business names to paybill payments
[ 2026-05-27 15:22:09,943] 174 root - INFO - Data transformation complete
[ 2026-05-27 15:22:09,943] 49 root - INFO - Started Regular Expression mapping
[ 2026-05-27 15:22:09,943] 174 root - INFO - Data transformation complete
[ 2026-05-27 15:22:09,943] 49 root - INFO - Started Regular Expression mapping
[ 2026-05-27 15:22:09,943] 174 root - INFO - Data transformation complete
[ 2026-05-27 15:22:09,943] 49 root - INFO - Started Regular Expression mapping
[ 2026-05-27 15:22:09,943] 25 root - INFO - Match heuristic business names to paybill payments
[ 2026-05-27 15:22:09,943] 174 root - INFO - Data transformation complete
[ 2026-05-27 15:22:09,943] 49 root - INFO - Started Regular Expression mapping
[ 2026-05-27 15:22:09,944] 174 root - INFO - Data transformation complete
[ 2026-05-27 15:22:09,944] 49 root - INFO - Started Regular Expression mapping
[ 2026-05-27 15:22:09,944] 174 root - INFO - Data transformation complete
[ 2026-05-27 15:22:09,944] 49 root - INFO - Started Regular Expression mapping
[ 2026-05-27 15:22:09,944] 174 root - INFO - Data transformation complete
[ 2026-05-27 15:22:09,944] 49 root - INFO - Started Regular Expression mapping
[ 2026-05-27 15:22:09,945] 174 root - INFO - Data transformation complete
[ 2026-05-27 15:22:09,945] 49 root - INFO - Started Regular Expression mapping
[ 2026-05-27 15:22:09,945] 25 root - INFO - Match heuristic business names to paybill payments
[ 2026-05-27 15:22:09,945] 174 root - INFO - Data transformation complete
[ 2026-05-27 15:22:09,945] 49 root - INFO - Started Regular Expression mapping
[ 2026-05-27 15:22:09,945] 174 root - INFO - Data transformation complete
[ 2026-05-27 15:22:09,945] 49 root - INFO - Started Regular Expression mapping
[ 2026-05-27 15:22:09,946] 174 root - INFO - Data transformation complete
[ 2026-05-27 15:22:09,946] 49 root - INFO - Started Regular Expression mapping
[ 2026-05-27 15:22:09,946] 174 root - INFO - Data transformation complete
[ 2026-05-27 15:22:09,946] 49 root - INFO - Started Regular Expression mapping
[ 2026-05-27 15:22:09,946] 174 root - INFO - Data transformation complete
[ 2026-05-27 15:22:09,946] 49 root - INFO - Started Regular Expression mapping
[ 2026-05-27 15:22:09,946] 174 root - INFO - Data transformation complete
[ 2026-05-27 15:22:09,947] 49 root - INFO - Started Regular Expression mapping
[ 2026-05-27 15:22:09,947] 174 root - INFO - Data transformation complete
[ 2026-05-27 15:22:09,947] 49 root - INFO - Started Regular Expression mapping
[ 2026-05-27 15:22:09,947] 174 root - INFO - Data transformation complete
[ 2026-05-27 15:22:09,947] 49 root - INFO - Started Regular Expression mapping
[ 2026-05-27 15:22:09,947] 174 root - INFO - Data transformation complete
[ 2026-05-27 15:22:09,948] 49 root - INFO - Started Regular Expression mapping
[ 2026-05-27 15:22:09,948] 174 root - INFO - Data transformation complete
[ 2026-05-27 15:22:09,948] 49 root - INFO - Started Regular Expression mapping
[ 2026-05-27 15:22:09,948] 174 root - INFO - Data transformation complete
[ 2026-05-27 15:22:09,948] 49 root - INFO - Started Regular Expression mapping
[ 2026-05-27 15:22:09,948] 25 root - INFO - Match heuristic business names to paybill payments
[ 2026-05-27 15:22:09,948] 174 root - INFO - Data transformation complete
[ 2026-05-27 15:22:09,949] 49 root - INFO - Started Regular Expression mapping
[ 2026-05-27 15:22:09,949] 25 root - INFO - Match heuristic business names to paybill payments
[ 2026-05-27 15:22:09,949] 174 root - INFO - Data transformation complete
[ 2026-05-27 15:22:09,949] 49 root - INFO - Started Regular Expression mapping
[ 2026-05-27 15:22:09,949] 174 root - INFO - Data transformation complete
[ 2026-05-27 15:22:09,949] 49 root - INFO - Started Regular Expression mapping
[ 2026-05-27 15:22:09,949] 174 root - INFO - Data transformation complete
[ 2026-05-27 15:22:09,950] 49 root - INFO - Started Regular Expression mapping
[ 2026-05-27 15:22:09,950] 174 root - INFO - Data transformation complete
[ 2026-05-27 15:22:09,950] 49 root - INFO - Started Regular Expression mapping
[ 2026-05-27 15:22:09,950] 174 root - INFO - Data transformation complete
[ 2026-05-27 15:22:09,950] 49 root - INFO - Started Regular Expression mapping
[ 2026-05-27 15:22:09,950] 174 root - INFO - Data transformation complete
[ 2026-05-27 15:22:09,951] 49 root - INFO - Started Regular Expression mapping
[ 2026-05-27 15:22:09,951] 174 root - INFO - Data transformation complete
[ 2026-05-27 15:22:09,951] 49 root - INFO - Started Regular Expression mapping
[ 2026-05-27 15:22:09,951] 174 root - INFO - Data transformation complete
[ 2026-05-27 15:22:09,951] 49 root - INFO - Started Regular Expression mapping
[ 2026-05-27 15:22:09,951] 174 root - INFO - Data transformation complete
[ 2026-05-27 15:22:09,951] 49 root - INFO - Started Regular Expression mapping
[ 2026-05-27 15:22:09,952] 174 root - INFO - Data transformation complete
[ 2026-05-27 15:22:09,952] 49 root - INFO - Started Regular Expression mapping
[ 2026-05-27 15:22:09,952] 174 root - INFO - Data transformation complete
[ 2026-05-27 15:22:09,952] 49 root - INFO - Started Regular Expression mapping
[ 2026-05-27 15:22:09,952] 174 root - INFO - Data transformation complete
[ 2026-05-27 15:22:09,952] 49 root - INFO - Started Regular Expression mapping
[ 2026-05-27 15:22:09,953] 174 root - INFO - Data transformation complete
[ 2026-05-27 15:22:09,953] 49 root - INFO - Started Regular Expression mapping
[ 2026-05-27 15:22:09,953] 174 root - INFO - Data transformation complete
[ 2026-05-27 15:22:09,953] 49 root - INFO - Started Regular Expression mapping
[ 2026-05-27 15:22:09,953] 174 root - INFO - Data transformation complete
[ 2026-05-27 15:22:09,953] 49 root - INFO - Started Regular Expression mapping
[ 2026-05-27 15:22:09,954] 174 root - INFO - Data transformation complete
[ 2026-05-27 15:22:09,954] 49 root - INFO - Started Regular Expression mapping
[ 2026-05-27 15:22:09,954] 174 root - INFO - Data transformation complete
[ 2026-05-27 15:22:09,954] 49 root - INFO - Started Regular Expression mapping
[ 2026-05-27 15:22:09,954] 25 root - INFO - Match heuristic business names to paybill payments
[ 2026-05-27 15:22:09,954] 174 root - INFO - Data transformation complete
[ 2026-05-27 15:22:09,954] 49 root - INFO - Started Regular Expression mapping
[ 2026-05-27 15:22:09,955] 25 root - INFO - Match heuristic business names to paybill payments
[ 2026-05-27 15:22:09,955] 174 root - INFO - Data transformation complete
[ 2026-05-27 15:22:09,955] 49 root - INFO - Started Regular Expression mapping
[ 2026-05-27 15:22:09,955] 174 root - INFO - Data transformation complete
[ 2026-05-27 15:22:09,955] 49 root - INFO - Started Regular Expression mapping
[ 2026-05-27 15:22:09,955] 25 root - INFO - Match heuristic business names to paybill payments
[ 2026-05-27 15:22:09,955] 174 root - INFO - Data transformation complete
[ 2026-05-27 15:22:09,956] 49 root - INFO - Started Regular Expression mapping
[ 2026-05-27 15:22:09,956] 25 root - INFO - Match heuristic business names to paybill payments
[ 2026-05-27 15:22:09,956] 174 root - INFO - Data transformation complete
[ 2026-05-27 15:22:09,956] 49 root - INFO - Started Regular Expression mapping
[ 2026-05-27 15:22:09,956] 25 root - INFO - Match heuristic business names to paybill payments
[ 2026-05-27 15:22:09,956] 174 root - INFO - Data transformation complete
[ 2026-05-27 15:22:09,956] 49 root - INFO - Started Regular Expression mapping
[ 2026-05-27 15:22:09,957] 174 root - INFO - Data transformation complete
[ 2026-05-27 15:22:09,957] 49 root - INFO - Started Regular Expression mapping
[ 2026-05-27 15:22:09,957] 174 root - INFO - Data transformation complete
[ 2026-05-27 15:22:09,957] 49 root - INFO - Started Regular Expression mapping
[ 2026-05-27 15:22:09,958] 174 root - INFO - Data transformation complete
[ 2026-05-27 15:22:09,958] 49 root - INFO - Started Regular Expression mapping
[ 2026-05-27 15:22:09,958] 174 root - INFO - Data transformation complete
[ 2026-05-27 15:22:09,958] 49 root - INFO - Started Regular Expression mapping
[ 2026-05-27 15:22:09,959] 25 root - INFO - Match heuristic business names to paybill payments
[ 2026-05-27 15:22:09,959] 174 root - INFO - Data transformation complete
[ 2026-05-27 15:22:09,959] 49 root - INFO - Started Regular Expression mapping
[ 2026-05-27 15:22:09,959] 174 root - INFO - Data transformation complete
[ 2026-05-27 15:22:09,959] 49 root - INFO - Started Regular Expression mapping
[ 2026-05-27 15:22:09,959] 174 root - INFO - Data transformation complete
[ 2026-05-27 15:22:09,959] 49 root - INFO - Started Regular Expression mapping
[ 2026-05-27 15:22:09,960] 25 root - INFO - Match heuristic business names to paybill payments
[ 2026-05-27 15:22:09,960] 174 root - INFO - Data transformation complete
[ 2026-05-27 15:22:09,960] 49 root - INFO - Started Regular Expression mapping
[ 2026-05-27 15:22:09,960] 174 root - INFO - Data transformation complete
[ 2026-05-27 15:22:09,960] 49 root - INFO - Started Regular Expression mapping
[ 2026-05-27 15:22:09,961] 25 root - INFO - Match heuristic business names to paybill payments
[ 2026-05-27 15:22:09,961] 174 root - INFO - Data transformation complete
[ 2026-05-27 15:22:09,961] 49 root - INFO - Started Regular Expression mapping
[ 2026-05-27 15:22:09,961] 174 root - INFO - Data transformation complete
[ 2026-05-27 15:22:09,961] 49 root - INFO - Started Regular Expression mapping
[ 2026-05-27 15:22:09,961] 174 root - INFO - Data transformation complete
[ 2026-05-27 15:22:09,961] 49 root - INFO - Started Regular Expression mapping
[ 2026-05-27 15:22:09,962] 174 root - INFO - Data transformation complete
[ 2026-05-27 15:22:09,962] 49 root - INFO - Started Regular Expression mapping
[ 2026-05-27 15:22:09,962] 174 root - INFO - Data transformation complete
[ 2026-05-27 15:22:09,962] 49 root - INFO - Started Regular Expression mapping
[ 2026-05-27 15:22:09,962] 174 root - INFO - Data transformation complete
[ 2026-05-27 15:22:09,962] 49 root - INFO - Started Regular Expression mapping
[ 2026-05-27 15:22:09,962] 174 root - INFO - Data transformation complete
[ 2026-05-27 15:22:09,963] 49 root - INFO - Started Regular Expression mapping
[ 2026-05-27 15:22:09,963] 25 root - INFO - Match heuristic business names to paybill payments
[ 2026-05-27 15:22:09,963] 174 root - INFO - Data transformation complete
[ 2026-05-27 15:22:09,963] 49 root - INFO - Started Regular Expression mapping
[ 2026-05-27 15:22:09,963] 174 root - INFO - Data transformation complete
[ 2026-05-27 15:22:09,963] 49 root - INFO - Started Regular Expression mapping
[ 2026-05-27 15:22:09,964] 174 root - INFO - Data transformation complete
[ 2026-05-27 15:22:09,964] 49 root - INFO - Started Regular Expression mapping
[ 2026-05-27 15:22:09,964] 174 root - INFO - Data transformation complete
[ 2026-05-27 15:22:09,964] 49 root - INFO - Started Regular Expression mapping
[ 2026-05-27 15:22:09,964] 174 root - INFO - Data transformation complete
[ 2026-05-27 15:22:09,964] 49 root - INFO - Started Regular Expression mapping
[ 2026-05-27 15:22:09,964] 174 root - INFO - Data transformation complete
[ 2026-05-27 15:22:09,965] 49 root - INFO - Started Regular Expression mapping
[ 2026-05-27 15:22:09,965] 174 root - INFO - Data transformation complete
[ 2026-05-27 15:22:09,965] 49 root - INFO - Started Regular Expression mapping
[ 2026-05-27 15:22:09,965] 25 root - INFO - Match heuristic business names to paybill payments
[ 2026-05-27 15:22:09,965] 174 root - INFO - Data transformation complete
[ 2026-05-27 15:22:09,965] 49 root - INFO - Started Regular Expression mapping
[ 2026-05-27 15:22:09,965] 25 root - INFO - Match heuristic business names to paybill payments
[ 2026-05-27 15:22:09,966] 174 root - INFO - Data transformation complete
[ 2026-05-27 15:22:09,966] 49 root - INFO - Started Regular Expression mapping
[ 2026-05-27 15:22:09,966] 174 root - INFO - Data transformation complete
[ 2026-05-27 15:22:09,966] 49 root - INFO - Started Regular Expression mapping
[ 2026-05-27 15:22:09,966] 174 root - INFO - Data transformation complete
[ 2026-05-27 15:22:09,966] 49 root - INFO - Started Regular Expression mapping
[ 2026-05-27 15:22:09,967] 25 root - INFO - Match heuristic business names to paybill payments
[ 2026-05-27 15:22:09,967] 174 root - INFO - Data transformation complete
[ 2026-05-27 15:22:09,967] 49 root - INFO - Started Regular Expression mapping
[ 2026-05-27 15:22:09,967] 174 root - INFO - Data transformation complete
[ 2026-05-27 15:22:09,967] 49 root - INFO - Started Regular Expression mapping
[ 2026-05-27 15:22:09,967] 174 root - INFO - Data transformation complete
[ 2026-05-27 15:22:09,967] 49 root - INFO - Started Regular Expression mapping
[ 2026-05-27 15:22:09,968] 25 root - INFO - Match heuristic business names to paybill payments
[ 2026-05-27 15:22:09,968] 174 root - INFO - Data transformation complete
[ 2026-05-27 15:22:09,968] 49 root - INFO - Started Regular Expression mapping
[ 2026-05-27 15:22:09,968] 25 root - INFO - Match heuristic business names to paybill payments
[ 2026-05-27 15:22:09,968] 174 root - INFO - Data transformation complete
[ 2026-05-27 15:22:09,968] 49 root - INFO - Started Regular Expression mapping
[ 2026-05-27 15:22:09,968] 174 root - INFO - Data transformation complete
[ 2026-05-27 15:22:09,969] 49 root - INFO - Started Regular Expression mapping
[ 2026-05-27 15:22:09,969] 174 root - INFO - Data transformation complete
[ 2026-05-27 15:22:09,969] 49 root - INFO - Started Regular Expression mapping
[ 2026-05-27 15:22:09,969] 174 root - INFO - Data transformation complete
[ 2026-05-27 15:22:09,969] 49 root - INFO - Started Regular Expression mapping
[ 2026-05-27 15:22:09,969] 174 root - INFO - Data transformation complete
[ 2026-05-27 15:22:09,969] 49 root - INFO - Started Regular Expression mapping
[ 2026-05-27 15:22:09,970] 174 root - INFO - Data transformation complete
[ 2026-05-27 15:22:09,970] 49 root - INFO - Started Regular Expression mapping
[ 2026-05-27 15:22:09,970] 174 root - INFO - Data transformation complete
[ 2026-05-27 15:22:09,970] 49 root - INFO - Started Regular Expression mapping
[ 2026-05-27 15:22:09,970] 174 root - INFO - Data transformation complete
[ 2026-05-27 15:22:09,970] 49 root - INFO - Started Regular Expression mapping
[ 2026-05-27 15:22:09,971] 174 root - INFO - Data transformation complete
[ 2026-05-27 15:22:09,971] 49 root - INFO - Started Regular Expression mapping
[ 2026-05-27 15:22:09,971] 174 root - INFO - Data transformation complete
[ 2026-05-27 15:22:09,971] 49 root - INFO - Started Regular Expression mapping
[ 2026-05-27 15:22:09,971] 174 root - INFO - Data transformation complete
[ 2026-05-27 15:22:09,971] 49 root - INFO - Started Regular Expression mapping
[ 2026-05-27 15:22:09,971] 25 root - INFO - Match heuristic business names to paybill payments
[ 2026-05-27 15:22:09,972] 174 root - INFO - Data transformation complete
[ 2026-05-27 15:22:09,972] 49 root - INFO - Started Regular Expression mapping
[ 2026-05-27 15:22:09,972] 25 root - INFO - Match heuristic business names to paybill payments
[ 2026-05-27 15:22:09,972] 174 root - INFO - Data transformation complete
[ 2026-05-27 15:22:09,972] 49 root - INFO - Started Regular Expression mapping
[ 2026-05-27 15:22:09,972] 174 root - INFO - Data transformation complete
[ 2026-05-27 15:22:09,972] 49 root - INFO - Started Regular Expression mapping
[ 2026-05-27 15:22:09,973] 174 root - INFO - Data transformation complete
[ 2026-05-27 15:22:09,973] 49 root - INFO - Started Regular Expression mapping
[ 2026-05-27 15:22:09,973] 174 root - INFO - Data transformation complete
[ 2026-05-27 15:22:09,973] 49 root - INFO - Started Regular Expression mapping
[ 2026-05-27 15:22:09,974] 174 root - INFO - Data transformation complete
[ 2026-05-27 15:22:09,974] 49 root - INFO - Started Regular Expression mapping
[ 2026-05-27 15:22:09,974] 174 root - INFO - Data transformation complete
[ 2026-05-27 15:22:09,975] 49 root - INFO - Started Regular Expression mapping
[ 2026-05-27 15:22:09,975] 174 root - INFO - Data transformation complete
[ 2026-05-27 15:22:09,975] 49 root - INFO - Started Regular Expression mapping
[ 2026-05-27 15:22:09,975] 174 root - INFO - Data transformation complete
[ 2026-05-27 15:22:09,976] 49 root - INFO - Started Regular Expression mapping
[ 2026-05-27 15:22:09,976] 174 root - INFO - Data transformation complete
[ 2026-05-27 15:22:09,976] 49 root - INFO - Started Regular Expression mapping
[ 2026-05-27 15:22:09,976] 25 root - INFO - Match heuristic business names to paybill payments
[ 2026-05-27 15:22:09,976] 174 root - INFO - Data transformation complete
[ 2026-05-27 15:22:09,976] 49 root - INFO - Started Regular Expression mapping
[ 2026-05-27 15:22:09,976] 25 root - INFO - Match heuristic business names to paybill payments
[ 2026-05-27 15:22:09,977] 174 root - INFO - Data transformation complete
[ 2026-05-27 15:22:09,977] 49 root - INFO - Started Regular Expression mapping
[ 2026-05-27 15:22:09,977] 174 root - INFO - Data transformation complete
[ 2026-05-27 15:22:09,977] 49 root - INFO - Started Regular Expression mapping
[ 2026-05-27 15:22:09,977] 174 root - INFO - Data transformation complete
[ 2026-05-27 15:22:09,977] 49 root - INFO - Started Regular Expression mapping
[ 2026-05-27 15:22:09,978] 174 root - INFO - Data transformation complete
[ 2026-05-27 15:22:09,978] 49 root - INFO - Started Regular Expression mapping
[ 2026-05-27 15:22:09,978] 174 root - INFO - Data transformation complete
[ 2026-05-27 15:22:09,978] 49 root - INFO - Started Regular Expression mapping
[ 2026-05-27 15:22:09,978] 174 root - INFO - Data transformation complete
[ 2026-05-27 15:22:09,978] 49 root - INFO - Started Regular Expression mapping
[ 2026-05-27 15:22:09,978] 25 root - INFO - Match heuristic business names to paybill payments
[ 2026-05-27 15:22:09,979] 174 root - INFO - Data transformation complete
[ 2026-05-27 15:22:09,979] 49 root - INFO - Started Regular Expression mapping
[ 2026-05-27 15:22:09,979] 174 root - INFO - Data transformation complete
[ 2026-05-27 15:22:09,979] 49 root - INFO - Started Regular Expression mapping
[ 2026-05-27 15:22:09,979] 174 root - INFO - Data transformation complete
[ 2026-05-27 15:22:09,979] 49 root - INFO - Started Regular Expression mapping
[ 2026-05-27 15:22:09,980] 25 root - INFO - Match heuristic business names to paybill payments
[ 2026-05-27 15:22:09,980] 174 root - INFO - Data transformation complete
[ 2026-05-27 15:22:09,980] 49 root - INFO - Started Regular Expression mapping
[ 2026-05-27 15:22:09,980] 25 root - INFO - Match heuristic business names to paybill payments
[ 2026-05-27 15:22:09,980] 174 root - INFO - Data transformation complete
[ 2026-05-27 15:22:09,980] 49 root - INFO - Started Regular Expression mapping
[ 2026-05-27 15:22:09,980] 174 root - INFO - Data transformation complete
[ 2026-05-27 15:22:09,980] 49 root - INFO - Started Regular Expression mapping
[ 2026-05-27 15:22:09,981] 25 root - INFO - Match heuristic business names to paybill payments
[ 2026-05-27 15:22:09,981] 174 root - INFO - Data transformation complete
[ 2026-05-27 15:22:09,981] 49 root - INFO - Started Regular Expression mapping
[ 2026-05-27 15:22:09,981] 25 root - INFO - Match heuristic business names to paybill payments
[ 2026-05-27 15:22:09,981] 174 root - INFO - Data transformation complete
[ 2026-05-27 15:22:09,981] 49 root - INFO - Started Regular Expression mapping
[ 2026-05-27 15:22:09,982] 174 root - INFO - Data transformation complete
[ 2026-05-27 15:22:09,982] 49 root - INFO - Started Regular Expression mapping
[ 2026-05-27 15:22:09,982] 174 root - INFO - Data transformation complete
[ 2026-05-27 15:22:09,982] 49 root - INFO - Started Regular Expression mapping
[ 2026-05-27 15:22:09,982] 174 root - INFO - Data transformation complete
[ 2026-05-27 15:22:09,982] 49 root - INFO - Started Regular Expression mapping
[ 2026-05-27 15:22:09,983] 174 root - INFO - Data transformation complete
[ 2026-05-27 15:22:09,983] 49 root - INFO - Started Regular Expression mapping
[ 2026-05-27 15:22:09,983] 25 root - INFO - Match heuristic business names to paybill payments
[ 2026-05-27 15:22:09,983] 174 root - INFO - Data transformation complete
[ 2026-05-27 15:22:09,983] 49 root - INFO - Started Regular Expression mapping
[ 2026-05-27 15:22:09,983] 174 root - INFO - Data transformation complete
[ 2026-05-27 15:22:09,983] 49 root - INFO - Started Regular Expression mapping
[ 2026-05-27 15:22:09,984] 174 root - INFO - Data transformation complete
[ 2026-05-27 15:22:09,984] 49 root - INFO - Started Regular Expression mapping
[ 2026-05-27 15:22:09,984] 25 root - INFO - Match heuristic business names to paybill payments
[ 2026-05-27 15:22:09,984] 174 root - INFO - Data transformation complete
[ 2026-05-27 15:22:09,984] 49 root - INFO - Started Regular Expression mapping
[ 2026-05-27 15:22:09,984] 174 root - INFO - Data transformation complete
[ 2026-05-27 15:22:09,984] 49 root - INFO - Started Regular Expression mapping
[ 2026-05-27 15:22:09,985] 25 root - INFO - Match heuristic business names to paybill payments
[ 2026-05-27 15:22:09,985] 174 root - INFO - Data transformation complete
[ 2026-05-27 15:22:09,985] 49 root - INFO - Started Regular Expression mapping
[ 2026-05-27 15:22:09,985] 25 root - INFO - Match heuristic business names to paybill payments
[ 2026-05-27 15:22:09,985] 174 root - INFO - Data transformation complete
[ 2026-05-27 15:22:09,985] 49 root - INFO - Started Regular Expression mapping
[ 2026-05-27 15:22:09,985] 174 root - INFO - Data transformation complete
[ 2026-05-27 15:22:09,986] 49 root - INFO - Started Regular Expression mapping
[ 2026-05-27 15:22:09,986] 174 root - INFO - Data transformation complete
[ 2026-05-27 15:22:09,986] 49 root - INFO - Started Regular Expression mapping
[ 2026-05-27 15:22:09,986] 25 root - INFO - Match heuristic business names to paybill payments
[ 2026-05-27 15:22:09,986] 174 root - INFO - Data transformation complete
[ 2026-05-27 15:22:09,986] 49 root - INFO - Started Regular Expression mapping
[ 2026-05-27 15:22:09,986] 25 root - INFO - Match heuristic business names to paybill payments
[ 2026-05-27 15:22:09,987] 174 root - INFO - Data transformation complete
[ 2026-05-27 15:22:09,987] 49 root - INFO - Started Regular Expression mapping
[ 2026-05-27 15:22:09,987] 174 root - INFO - Data transformation complete
[ 2026-05-27 15:22:09,987] 49 root - INFO - Started Regular Expression mapping
[ 2026-05-27 15:22:09,987] 174 root - INFO - Data transformation complete
[ 2026-05-27 15:22:09,987] 49 root - INFO - Started Regular Expression mapping
[ 2026-05-27 15:22:09,988] 174 root - INFO - Data transformation complete
[ 2026-05-27 15:22:09,988] 49 root - INFO - Started Regular Expression mapping
[ 2026-05-27 15:22:09,988] 174 root - INFO - Data transformation complete
[ 2026-05-27 15:22:09,988] 49 root - INFO - Started Regular Expression mapping
[ 2026-05-27 15:22:09,988] 174 root - INFO - Data transformation complete
[ 2026-05-27 15:22:09,988] 49 root - INFO - Started Regular Expression mapping
[ 2026-05-27 15:22:09,988] 174 root - INFO - Data transformation complete
[ 2026-05-27 15:22:09,989] 49 root - INFO - Started Regular Expression mapping
[ 2026-05-27 15:22:09,990] 174 root - INFO - Data transformation complete
[ 2026-05-27 15:22:09,990] 49 root - INFO - Started Regular Expression mapping
[ 2026-05-27 15:22:09,990] 174 root - INFO - Data transformation complete
[ 2026-05-27 15:22:09,990] 49 root - INFO - Started Regular Expression mapping
[ 2026-05-27 15:22:09,991] 174 root - INFO - Data transformation complete
[ 2026-05-27 15:22:09,991] 49 root - INFO - Started Regular Expression mapping
[ 2026-05-27 15:22:09,991] 174 root - INFO - Data transformation complete
[ 2026-05-27 15:22:09,991] 49 root - INFO - Started Regular Expression mapping
[ 2026-05-27 15:22:09,992] 174 root - INFO - Data transformation complete
[ 2026-05-27 15:22:09,992] 49 root - INFO - Started Regular Expression mapping
[ 2026-05-27 15:22:09,992] 174 root - INFO - Data transformation complete
[ 2026-05-27 15:22:09,992] 49 root - INFO - Started Regular Expression mapping
[ 2026-05-27 15:22:09,992] 174 root - INFO - Data transformation complete
[ 2026-05-27 15:22:09,992] 49 root - INFO - Started Regular Expression mapping
[ 2026-05-27 15:22:09,993] 174 root - INFO - Data transformation complete
[ 2026-05-27 15:22:09,993] 49 root - INFO - Started Regular Expression mapping
[ 2026-05-27 15:22:09,993] 174 root - INFO - Data transformation complete
[ 2026-05-27 15:22:09,993] 49 root - INFO - Started Regular Expression mapping
[ 2026-05-27 15:22:09,993] 174 root - INFO - Data transformation complete
[ 2026-05-27 15:22:09,993] 49 root - INFO - Started Regular Expression mapping
[ 2026-05-27 15:22:09,994] 174 root - INFO - Data transformation complete
[ 2026-05-27 15:22:09,994] 49 root - INFO - Started Regular Expression mapping
[ 2026-05-27 15:22:09,994] 174 root - INFO - Data transformation complete
[ 2026-05-27 15:22:09,994] 49 root - INFO - Started Regular Expression mapping
[ 2026-05-27 15:22:09,994] 174 root - INFO - Data transformation complete
[ 2026-05-27 15:22:09,994] 49 root - INFO - Started Regular Expression mapping
[ 2026-05-27 15:22:09,995] 25 root - INFO - Match heuristic business names to paybill payments
[ 2026-05-27 15:22:09,995] 174 root - INFO - Data transformation complete
[ 2026-05-27 15:22:09,995] 49 root - INFO - Started Regular Expression mapping
[ 2026-05-27 15:22:09,995] 25 root - INFO - Match heuristic business names to paybill payments
[ 2026-05-27 15:22:09,995] 174 root - INFO - Data transformation complete
[ 2026-05-27 15:22:09,995] 49 root - INFO - Started Regular Expression mapping
[ 2026-05-27 15:22:09,995] 174 root - INFO - Data transformation complete
[ 2026-05-27 15:22:09,996] 49 root - INFO - Started Regular Expression mapping
[ 2026-05-27 15:22:09,996] 25 root - INFO - Match heuristic business names to paybill payments
[ 2026-05-27 15:22:09,996] 174 root - INFO - Data transformation complete
[ 2026-05-27 15:22:09,996] 49 root - INFO - Started Regular Expression mapping
[ 2026-05-27 15:22:09,996] 174 root - INFO - Data transformation complete
[ 2026-05-27 15:22:09,996] 49 root - INFO - Started Regular Expression mapping
[ 2026-05-27 15:22:09,996] 174 root - INFO - Data transformation complete
[ 2026-05-27 15:22:09,997] 49 root - INFO - Started Regular Expression mapping
[ 2026-05-27 15:22:09,997] 174 root - INFO - Data transformation complete
[ 2026-05-27 15:22:09,997] 49 root - INFO - Started Regular Expression mapping
[ 2026-05-27 15:22:09,997] 174 root - INFO - Data transformation complete
[ 2026-05-27 15:22:09,997] 49 root - INFO - Started Regular Expression mapping
[ 2026-05-27 15:22:09,997] 174 root - INFO - Data transformation complete
[ 2026-05-27 15:22:09,997] 49 root - INFO - Started Regular Expression mapping
[ 2026-05-27 15:22:09,998] 174 root - INFO - Data transformation complete
[ 2026-05-27 15:22:09,998] 49 root - INFO - Started Regular Expression mapping
[ 2026-05-27 15:22:09,998] 25 root - INFO - Match heuristic business names to paybill payments
[ 2026-05-27 15:22:09,998] 174 root - INFO - Data transformation complete
[ 2026-05-27 15:22:09,998] 49 root - INFO - Started Regular Expression mapping
[ 2026-05-27 15:22:09,998] 25 root - INFO - Match heuristic business names to paybill payments
[ 2026-05-27 15:22:09,999] 174 root - INFO - Data transformation complete
[ 2026-05-27 15:22:09,999] 49 root - INFO - Started Regular Expression mapping
[ 2026-05-27 15:22:09,999] 25 root - INFO - Match heuristic business names to paybill payments
[ 2026-05-27 15:22:09,999] 174 root - INFO - Data transformation complete
[ 2026-05-27 15:22:09,999] 49 root - INFO - Started Regular Expression mapping
[ 2026-05-27 15:22:09,999] 25 root - INFO - Match heuristic business names to paybill payments
[ 2026-05-27 15:22:09,999] 174 root - INFO - Data transformation complete
[ 2026-05-27 15:22:09,999] 49 root - INFO - Started Regular Expression mapping
[ 2026-05-27 15:22:10,000] 174 root - INFO - Data transformation complete
[ 2026-05-27 15:22:10,000] 49 root - INFO - Started Regular Expression mapping
[ 2026-05-27 15:22:10,000] 174 root - INFO - Data transformation complete
[ 2026-05-27 15:22:10,000] 49 root - INFO - Started Regular Expression mapping
[ 2026-05-27 15:22:10,000] 174 root - INFO - Data transformation complete
[ 2026-05-27 15:22:10,000] 49 root - INFO - Started Regular Expression mapping
[ 2026-05-27 15:22:10,001] 174 root - INFO - Data transformation complete
[ 2026-05-27 15:22:10,001] 49 root - INFO - Started Regular Expression mapping
[ 2026-05-27 15:22:10,001] 25 root - INFO - Match heuristic business names to paybill payments
[ 2026-05-27 15:22:10,001] 174 root - INFO - Data transformation complete
[ 2026-05-27 15:22:10,001] 49 root - INFO - Started Regular Expression mapping
[ 2026-05-27 15:22:10,001] 25 root - INFO - Match heuristic business names to paybill payments
[ 2026-05-27 15:22:10,001] 174 root - INFO - Data transformation complete
[ 2026-05-27 15:22:10,002] 49 root - INFO - Started Regular Expression mapping
[ 2026-05-27 15:22:10,002] 174 root - INFO - Data transformation complete
[ 2026-05-27 15:22:10,002] 49 root - INFO - Started Regular Expression mapping
[ 2026-05-27 15:22:10,002] 174 root - INFO - Data transformation complete
[ 2026-05-27 15:22:10,002] 49 root - INFO - Started Regular Expression mapping
[ 2026-05-27 15:22:10,002] 174 root - INFO - Data transformation complete
[ 2026-05-27 15:22:10,002] 49 root - INFO - Started Regular Expression mapping
[ 2026-05-27 15:22:10,003] 174 root - INFO - Data transformation complete
[ 2026-05-27 15:22:10,003] 49 root - INFO - Started Regular Expression mapping
[ 2026-05-27 15:22:10,003] 174 root - INFO - Data transformation complete
[ 2026-05-27 15:22:10,003] 49 root - INFO - Started Regular Expression mapping
[ 2026-05-27 15:22:10,003] 25 root - INFO - Match heuristic business names to paybill payments
[ 2026-05-27 15:22:10,003] 174 root - INFO - Data transformation complete
[ 2026-05-27 15:22:10,004] 49 root - INFO - Started Regular Expression mapping
[ 2026-05-27 15:22:10,004] 25 root - INFO - Match heuristic business names to paybill payments
[ 2026-05-27 15:22:10,004] 174 root - INFO - Data transformation complete
[ 2026-05-27 15:22:10,004] 49 root - INFO - Started Regular Expression mapping
[ 2026-05-27 15:22:10,004] 25 root - INFO - Match heuristic business names to paybill payments
[ 2026-05-27 15:22:10,004] 174 root - INFO - Data transformation complete
[ 2026-05-27 15:22:10,004] 49 root - INFO - Started Regular Expression mapping
[ 2026-05-27 15:22:10,005] 174 root - INFO - Data transformation complete
[ 2026-05-27 15:22:10,005] 49 root - INFO - Started Regular Expression mapping
[ 2026-05-27 15:22:10,005] 174 root - INFO - Data transformation complete
[ 2026-05-27 15:22:10,005] 49 root - INFO - Started Regular Expression mapping
[ 2026-05-27 15:22:10,005] 25 root - INFO - Match heuristic business names to paybill payments
[ 2026-05-27 15:22:10,005] 174 root - INFO - Data transformation complete
[ 2026-05-27 15:22:10,005] 49 root - INFO - Started Regular Expression mapping
[ 2026-05-27 15:22:10,006] 174 root - INFO - Data transformation complete
[ 2026-05-27 15:22:10,006] 49 root - INFO - Started Regular Expression mapping
[ 2026-05-27 15:22:10,006] 174 root - INFO - Data transformation complete
[ 2026-05-27 15:22:10,006] 49 root - INFO - Started Regular Expression mapping
[ 2026-05-27 15:22:10,006] 174 root - INFO - Data transformation complete
[ 2026-05-27 15:22:10,006] 49 root - INFO - Started Regular Expression mapping
[ 2026-05-27 15:22:10,007] 174 root - INFO - Data transformation complete
[ 2026-05-27 15:22:10,007] 49 root - INFO - Started Regular Expression mapping
[ 2026-05-27 15:22:10,007] 174 root - INFO - Data transformation complete
[ 2026-05-27 15:22:10,007] 49 root - INFO - Started Regular Expression mapping
[ 2026-05-27 15:22:10,007] 174 root - INFO - Data transformation complete
[ 2026-05-27 15:22:10,007] 49 root - INFO - Started Regular Expression mapping
[ 2026-05-27 15:22:10,007] 174 root - INFO - Data transformation complete
[ 2026-05-27 15:22:10,008] 49 root - INFO - Started Regular Expression mapping
[ 2026-05-27 15:22:10,008] 25 root - INFO - Match heuristic business names to paybill payments
[ 2026-05-27 15:22:10,008] 174 root - INFO - Data transformation complete
[ 2026-05-27 15:22:10,009] 49 root - INFO - Started Regular Expression mapping
[ 2026-05-27 15:22:10,009] 174 root - INFO - Data transformation complete
[ 2026-05-27 15:22:10,009] 49 root - INFO - Started Regular Expression mapping
[ 2026-05-27 15:22:10,009] 174 root - INFO - Data transformation complete
[ 2026-05-27 15:22:10,009] 49 root - INFO - Started Regular Expression mapping
[ 2026-05-27 15:22:10,009] 25 root - INFO - Match heuristic business names to paybill payments
[ 2026-05-27 15:22:10,010] 174 root - INFO - Data transformation complete
[ 2026-05-27 15:22:10,010] 49 root - INFO - Started Regular Expression mapping
[ 2026-05-27 15:22:10,010] 174 root - INFO - Data transformation complete
[ 2026-05-27 15:22:10,010] 49 root - INFO - Started Regular Expression mapping
[ 2026-05-27 15:22:10,010] 174 root - INFO - Data transformation complete
[ 2026-05-27 15:22:10,010] 49 root - INFO - Started Regular Expression mapping
[ 2026-05-27 15:22:10,011] 25 root - INFO - Match heuristic business names to paybill payments
[ 2026-05-27 15:22:10,011] 174 root - INFO - Data transformation complete
[ 2026-05-27 15:22:10,011] 49 root - INFO - Started Regular Expression mapping
[ 2026-05-27 15:22:10,011] 174 root - INFO - Data transformation complete
[ 2026-05-27 15:22:10,011] 49 root - INFO - Started Regular Expression mapping
[ 2026-05-27 15:22:10,011] 25 root - INFO - Match heuristic business names to paybill payments
[ 2026-05-27 15:22:10,011] 174 root - INFO - Data transformation complete
[ 2026-05-27 15:22:10,012] 49 root - INFO - Started Regular Expression mapping
[ 2026-05-27 15:22:10,012] 174 root - INFO - Data transformation complete
[ 2026-05-27 15:22:10,012] 49 root - INFO - Started Regular Expression mapping
[ 2026-05-27 15:22:10,012] 174 root - INFO - Data transformation complete
[ 2026-05-27 15:22:10,012] 49 root - INFO - Started Regular Expression mapping
[ 2026-05-27 15:22:10,012] 174 root - INFO - Data transformation complete
[ 2026-05-27 15:22:10,012] 49 root - INFO - Started Regular Expression mapping
[ 2026-05-27 15:22:10,013] 174 root - INFO - Data transformation complete
[ 2026-05-27 15:22:10,013] 49 root - INFO - Started Regular Expression mapping
[ 2026-05-27 15:22:10,013] 25 root - INFO - Match heuristic business names to paybill payments
[ 2026-05-27 15:22:10,013] 174 root - INFO - Data transformation complete
[ 2026-05-27 15:22:10,013] 49 root - INFO - Started Regular Expression mapping
[ 2026-05-27 15:22:10,013] 25 root - INFO - Match heuristic business names to paybill payments
[ 2026-05-27 15:22:10,014] 174 root - INFO - Data transformation complete
[ 2026-05-27 15:22:10,014] 49 root - INFO - Started Regular Expression mapping
[ 2026-05-27 15:22:10,014] 25 root - INFO - Match heuristic business names to paybill payments
[ 2026-05-27 15:22:10,014] 174 root - INFO - Data transformation complete
[ 2026-05-27 15:22:10,014] 49 root - INFO - Started Regular Expression mapping
[ 2026-05-27 15:22:10,014] 174 root - INFO - Data transformation complete
[ 2026-05-27 15:22:10,014] 49 root - INFO - Started Regular Expression mapping
[ 2026-05-27 15:22:10,015] 174 root - INFO - Data transformation complete
[ 2026-05-27 15:22:10,015] 49 root - INFO - Started Regular Expression mapping
[ 2026-05-27 15:22:10,015] 174 root - INFO - Data transformation complete
[ 2026-05-27 15:22:10,015] 49 root - INFO - Started Regular Expression mapping
[ 2026-05-27 15:22:10,015] 25 root - INFO - Match heuristic business names to paybill payments
[ 2026-05-27 15:22:10,015] 174 root - INFO - Data transformation complete
[ 2026-05-27 15:22:10,015] 49 root - INFO - Started Regular Expression mapping
[ 2026-05-27 15:22:10,016] 25 root - INFO - Match heuristic business names to paybill payments
[ 2026-05-27 15:22:10,016] 174 root - INFO - Data transformation complete
[ 2026-05-27 15:22:10,016] 49 root - INFO - Started Regular Expression mapping
[ 2026-05-27 15:22:10,016] 174 root - INFO - Data transformation complete
[ 2026-05-27 15:22:10,016] 49 root - INFO - Started Regular Expression mapping
[ 2026-05-27 15:22:10,016] 174 root - INFO - Data transformation complete
[ 2026-05-27 15:22:10,016] 49 root - INFO - Started Regular Expression mapping
[ 2026-05-27 15:22:10,017] 174 root - INFO - Data transformation complete
[ 2026-05-27 15:22:10,017] 49 root - INFO - Started Regular Expression mapping
[ 2026-05-27 15:22:10,017] 174 root - INFO - Data transformation complete
[ 2026-05-27 15:22:10,017] 49 root - INFO - Started Regular Expression mapping
[ 2026-05-27 15:22:10,017] 174 root - INFO - Data transformation complete
[ 2026-05-27 15:22:10,017] 49 root - INFO - Started Regular Expression mapping
[ 2026-05-27 15:22:10,018] 25 root - INFO - Match heuristic business names to paybill payments
[ 2026-05-27 15:22:10,018] 174 root - INFO - Data transformation complete
[ 2026-05-27 15:22:10,018] 49 root - INFO - Started Regular Expression mapping
[ 2026-05-27 15:22:10,018] 25 root - INFO - Match heuristic business names to paybill payments
[ 2026-05-27 15:22:10,018] 174 root - INFO - Data transformation complete
[ 2026-05-27 15:22:10,018] 49 root - INFO - Started Regular Expression mapping
[ 2026-05-27 15:22:10,018] 174 root - INFO - Data transformation complete
[ 2026-05-27 15:22:10,019] 49 root - INFO - Started Regular Expression mapping
[ 2026-05-27 15:22:10,019] 174 root - INFO - Data transformation complete
[ 2026-05-27 15:22:10,019] 49 root - INFO - Started Regular Expression mapping
[ 2026-05-27 15:22:10,019] 25 root - INFO - Match heuristic business names to paybill payments
[ 2026-05-27 15:22:10,019] 174 root - INFO - Data transformation complete
[ 2026-05-27 15:22:10,019] 49 root - INFO - Started Regular Expression mapping
[ 2026-05-27 15:22:10,020] 174 root - INFO - Data transformation complete
[ 2026-05-27 15:22:10,020] 49 root - INFO - Started Regular Expression mapping
[ 2026-05-27 15:22:10,020] 174 root - INFO - Data transformation complete
[ 2026-05-27 15:22:10,020] 49 root - INFO - Started Regular Expression mapping
[ 2026-05-27 15:22:10,020] 174 root - INFO - Data transformation complete
[ 2026-05-27 15:22:10,020] 49 root - INFO - Started Regular Expression mapping
[ 2026-05-27 15:22:10,020] 174 root - INFO - Data transformation complete
[ 2026-05-27 15:22:10,021] 49 root - INFO - Started Regular Expression mapping
[ 2026-05-27 15:22:10,021] 174 root - INFO - Data transformation complete
[ 2026-05-27 15:22:10,021] 49 root - INFO - Started Regular Expression mapping
[ 2026-05-27 15:22:10,021] 25 root - INFO - Match heuristic business names to paybill payments
[ 2026-05-27 15:22:10,021] 174 root - INFO - Data transformation complete
[ 2026-05-27 15:22:10,021] 49 root - INFO - Started Regular Expression mapping
[ 2026-05-27 15:22:10,021] 174 root - INFO - Data transformation complete
[ 2026-05-27 15:22:10,022] 49 root - INFO - Started Regular Expression mapping
[ 2026-05-27 15:22:10,022] 25 root - INFO - Match heuristic business names to paybill payments
[ 2026-05-27 15:22:10,022] 174 root - INFO - Data transformation complete
[ 2026-05-27 15:22:10,022] 49 root - INFO - Started Regular Expression mapping
[ 2026-05-27 15:22:10,022] 174 root - INFO - Data transformation complete
[ 2026-05-27 15:22:10,022] 49 root - INFO - Started Regular Expression mapping
[ 2026-05-27 15:22:10,023] 174 root - INFO - Data transformation complete
[ 2026-05-27 15:22:10,023] 49 root - INFO - Started Regular Expression mapping
[ 2026-05-27 15:22:10,023] 174 root - INFO - Data transformation complete
[ 2026-05-27 15:22:10,023] 49 root - INFO - Started Regular Expression mapping
[ 2026-05-27 15:22:10,023] 25 root - INFO - Match heuristic business names to paybill payments
[ 2026-05-27 15:22:10,023] 174 root - INFO - Data transformation complete
[ 2026-05-27 15:22:10,023] 49 root - INFO - Started Regular Expression mapping
[ 2026-05-27 15:22:10,024] 174 root - INFO - Data transformation complete
[ 2026-05-27 15:22:10,024] 49 root - INFO - Started Regular Expression mapping
[ 2026-05-27 15:22:10,024] 25 root - INFO - Match heuristic business names to paybill payments
[ 2026-05-27 15:22:10,024] 174 root - INFO - Data transformation complete
[ 2026-05-27 15:22:10,024] 49 root - INFO - Started Regular Expression mapping
[ 2026-05-27 15:22:10,024] 174 root - INFO - Data transformation complete
[ 2026-05-27 15:22:10,024] 49 root - INFO - Started Regular Expression mapping
[ 2026-05-27 15:22:10,025] 174 root - INFO - Data transformation complete
[ 2026-05-27 15:22:10,025] 49 root - INFO - Started Regular Expression mapping
[ 2026-05-27 15:22:10,025] 174 root - INFO - Data transformation complete
[ 2026-05-27 15:22:10,025] 49 root - INFO - Started Regular Expression mapping
[ 2026-05-27 15:22:10,025] 174 root - INFO - Data transformation complete
[ 2026-05-27 15:22:10,025] 49 root - INFO - Started Regular Expression mapping
[ 2026-05-27 15:22:10,026] 25 root - INFO - Match heuristic business names to paybill payments
[ 2026-05-27 15:22:10,026] 174 root - INFO - Data transformation complete
[ 2026-05-27 15:22:10,026] 49 root - INFO - Started Regular Expression mapping
[ 2026-05-27 15:22:10,026] 174 root - INFO - Data transformation complete
[ 2026-05-27 15:22:10,026] 49 root - INFO - Started Regular Expression mapping
[ 2026-05-27 15:22:10,026] 25 root - INFO - Match heuristic business names to paybill payments
[ 2026-05-27 15:22:10,026] 174 root - INFO - Data transformation complete
[ 2026-05-27 15:22:10,027] 49 root - INFO - Started Regular Expression mapping
[ 2026-05-27 15:22:10,027] 174 root - INFO - Data transformation complete
[ 2026-05-27 15:22:10,027] 49 root - INFO - Started Regular Expression mapping
[ 2026-05-27 15:22:10,027] 174 root - INFO - Data transformation complete
[ 2026-05-27 15:22:10,027] 49 root - INFO - Started Regular Expression mapping
[ 2026-05-27 15:22:10,027] 25 root - INFO - Match heuristic business names to paybill payments
[ 2026-05-27 15:22:10,027] 174 root - INFO - Data transformation complete
[ 2026-05-27 15:22:10,028] 49 root - INFO - Started Regular Expression mapping
[ 2026-05-27 15:22:10,028] 25 root - INFO - Match heuristic business names to paybill payments
[ 2026-05-27 15:22:10,028] 174 root - INFO - Data transformation complete
[ 2026-05-27 15:22:10,028] 49 root - INFO - Started Regular Expression mapping
[ 2026-05-27 15:22:10,028] 25 root - INFO - Match heuristic business names to paybill payments
[ 2026-05-27 15:22:10,028] 174 root - INFO - Data transformation complete
[ 2026-05-27 15:22:10,028] 49 root - INFO - Started Regular Expression mapping
[ 2026-05-27 15:22:10,029] 174 root - INFO - Data transformation complete
[ 2026-05-27 15:22:10,029] 49 root - INFO - Started Regular Expression mapping
[ 2026-05-27 15:22:10,029] 174 root - INFO - Data transformation complete
[ 2026-05-27 15:22:10,029] 49 root - INFO - Started Regular Expression mapping
[ 2026-05-27 15:22:10,029] 25 root - INFO - Match heuristic business names to paybill payments
[ 2026-05-27 15:22:10,029] 174 root - INFO - Data transformation complete
[ 2026-05-27 15:22:10,029] 49 root - INFO - Started Regular Expression mapping
[ 2026-05-27 15:22:10,030] 174 root - INFO - Data transformation complete
[ 2026-05-27 15:22:10,030] 49 root - INFO - Started Regular Expression mapping
[ 2026-05-27 15:22:10,030] 174 root - INFO - Data transformation complete
[ 2026-05-27 15:22:10,030] 49 root - INFO - Started Regular Expression mapping
[ 2026-05-27 15:22:10,030] 174 root - INFO - Data transformation complete
[ 2026-05-27 15:22:10,030] 49 root - INFO - Started Regular Expression mapping
[ 2026-05-27 15:22:10,031] 174 root - INFO - Data transformation complete
[ 2026-05-27 15:22:10,031] 49 root - INFO - Started Regular Expression mapping
[ 2026-05-27 15:22:10,031] 25 root - INFO - Match heuristic business names to paybill payments
[ 2026-05-27 15:22:10,031] 174 root - INFO - Data transformation complete
[ 2026-05-27 15:22:10,031] 49 root - INFO - Started Regular Expression mapping
[ 2026-05-27 15:22:10,031] 174 root - INFO - Data transformation complete
[ 2026-05-27 15:22:10,031] 49 root - INFO - Started Regular Expression mapping
[ 2026-05-27 15:22:10,032] 174 root - INFO - Data transformation complete
[ 2026-05-27 15:22:10,032] 49 root - INFO - Started Regular Expression mapping
[ 2026-05-27 15:22:10,032] 174 root - INFO - Data transformation complete
[ 2026-05-27 15:22:10,032] 49 root - INFO - Started Regular Expression mapping
[ 2026-05-27 15:22:10,032] 25 root - INFO - Match heuristic business names to paybill payments
[ 2026-05-27 15:22:10,032] 174 root - INFO - Data transformation complete
[ 2026-05-27 15:22:10,032] 49 root - INFO - Started Regular Expression mapping
[ 2026-05-27 15:22:10,033] 174 root - INFO - Data transformation complete
[ 2026-05-27 15:22:10,033] 49 root - INFO - Started Regular Expression mapping
[ 2026-05-27 15:22:10,033] 174 root - INFO - Data transformation complete
[ 2026-05-27 15:22:10,033] 49 root - INFO - Started Regular Expression mapping
[ 2026-05-27 15:22:10,033] 25 root - INFO - Match heuristic business names to paybill payments
[ 2026-05-27 15:22:10,033] 174 root - INFO - Data transformation complete
[ 2026-05-27 15:22:10,034] 49 root - INFO - Started Regular Expression mapping
[ 2026-05-27 15:22:10,034] 25 root - INFO - Match heuristic business names to paybill payments
[ 2026-05-27 15:22:10,034] 174 root - INFO - Data transformation complete
[ 2026-05-27 15:22:10,034] 49 root - INFO - Started Regular Expression mapping
[ 2026-05-27 15:22:10,034] 174 root - INFO - Data transformation complete
[ 2026-05-27 15:22:10,034] 49 root - INFO - Started Regular Expression mapping
[ 2026-05-27 15:22:10,034] 174 root - INFO - Data transformation complete
[ 2026-05-27 15:22:10,035] 49 root - INFO - Started Regular Expression mapping
[ 2026-05-27 15:22:10,035] 174 root - INFO - Data transformation complete
[ 2026-05-27 15:22:10,035] 49 root - INFO - Started Regular Expression mapping
[ 2026-05-27 15:22:10,035] 174 root - INFO - Data transformation complete
[ 2026-05-27 15:22:10,035] 49 root - INFO - Started Regular Expression mapping
[ 2026-05-27 15:22:10,035] 25 root - INFO - Match heuristic business names to paybill payments
[ 2026-05-27 15:22:10,035] 174 root - INFO - Data transformation complete
[ 2026-05-27 15:22:10,036] 49 root - INFO - Started Regular Expression mapping
[ 2026-05-27 15:22:10,036] 174 root - INFO - Data transformation complete
[ 2026-05-27 15:22:10,036] 49 root - INFO - Started Regular Expression mapping
[ 2026-05-27 15:22:10,036] 174 root - INFO - Data transformation complete
[ 2026-05-27 15:22:10,036] 49 root - INFO - Started Regular Expression mapping
[ 2026-05-27 15:22:10,036] 25 root - INFO - Match heuristic business names to paybill payments
[ 2026-05-27 15:22:10,036] 174 root - INFO - Data transformation complete
[ 2026-05-27 15:22:10,037] 49 root - INFO - Started Regular Expression mapping
[ 2026-05-27 15:22:10,037] 25 root - INFO - Match heuristic business names to paybill payments
[ 2026-05-27 15:22:10,037] 174 root - INFO - Data transformation complete
[ 2026-05-27 15:22:10,038] 49 root - INFO - Started Regular Expression mapping
[ 2026-05-27 15:22:10,038] 174 root - INFO - Data transformation complete
[ 2026-05-27 15:22:10,038] 49 root - INFO - Started Regular Expression mapping
[ 2026-05-27 15:22:10,039] 174 root - INFO - Data transformation complete
[ 2026-05-27 15:22:10,039] 49 root - INFO - Started Regular Expression mapping
[ 2026-05-27 15:22:10,039] 174 root - INFO - Data transformation complete
[ 2026-05-27 15:22:10,039] 49 root - INFO - Started Regular Expression mapping
[ 2026-05-27 15:22:10,040] 25 root - INFO - Match heuristic business names to paybill payments
[ 2026-05-27 15:22:10,040] 174 root - INFO - Data transformation complete
[ 2026-05-27 15:22:10,040] 49 root - INFO - Started Regular Expression mapping
[ 2026-05-27 15:22:10,040] 25 root - INFO - Match heuristic business names to paybill payments
[ 2026-05-27 15:22:10,040] 174 root - INFO - Data transformation complete
[ 2026-05-27 15:22:10,040] 49 root - INFO - Started Regular Expression mapping
[ 2026-05-27 15:22:10,040] 174 root - INFO - Data transformation complete
[ 2026-05-27 15:22:10,041] 49 root - INFO - Started Regular Expression mapping
[ 2026-05-27 15:22:10,041] 25 root - INFO - Match heuristic business names to paybill payments
[ 2026-05-27 15:22:10,041] 174 root - INFO - Data transformation complete
[ 2026-05-27 15:22:10,041] 49 root - INFO - Started Regular Expression mapping
[ 2026-05-27 15:22:10,041] 174 root - INFO - Data transformation complete
[ 2026-05-27 15:22:10,042] 49 root - INFO - Started Regular Expression mapping
[ 2026-05-27 15:22:10,042] 174 root - INFO - Data transformation complete
[ 2026-05-27 15:22:10,042] 49 root - INFO - Started Regular Expression mapping
[ 2026-05-27 15:22:10,042] 174 root - INFO - Data transformation complete
[ 2026-05-27 15:22:10,042] 49 root - INFO - Started Regular Expression mapping
[ 2026-05-27 15:22:10,042] 25 root - INFO - Match heuristic business names to paybill payments
[ 2026-05-27 15:22:10,043] 174 root - INFO - Data transformation complete
[ 2026-05-27 15:22:10,043] 49 root - INFO - Started Regular Expression mapping
[ 2026-05-27 15:22:10,043] 25 root - INFO - Match heuristic business names to paybill payments
[ 2026-05-27 15:22:10,043] 174 root - INFO - Data transformation complete
[ 2026-05-27 15:22:10,043] 49 root - INFO - Started Regular Expression mapping
[ 2026-05-27 15:22:10,043] 174 root - INFO - Data transformation complete
[ 2026-05-27 15:22:10,043] 49 root - INFO - Started Regular Expression mapping
[ 2026-05-27 15:22:10,044] 174 root - INFO - Data transformation complete
[ 2026-05-27 15:22:10,044] 49 root - INFO - Started Regular Expression mapping
[ 2026-05-27 15:22:10,044] 174 root - INFO - Data transformation complete
[ 2026-05-27 15:22:10,044] 49 root - INFO - Started Regular Expression mapping
[ 2026-05-27 15:22:10,044] 174 root - INFO - Data transformation complete
[ 2026-05-27 15:22:10,044] 49 root - INFO - Started Regular Expression mapping
[ 2026-05-27 15:22:10,045] 174 root - INFO - Data transformation complete
[ 2026-05-27 15:22:10,045] 49 root - INFO - Started Regular Expression mapping
[ 2026-05-27 15:22:10,045] 174 root - INFO - Data transformation complete
[ 2026-05-27 15:22:10,045] 49 root - INFO - Started Regular Expression mapping
[ 2026-05-27 15:22:10,045] 25 root - INFO - Match heuristic business names to paybill payments
[ 2026-05-27 15:22:10,045] 174 root - INFO - Data transformation complete
[ 2026-05-27 15:22:10,045] 49 root - INFO - Started Regular Expression mapping
[ 2026-05-27 15:22:10,046] 174 root - INFO - Data transformation complete
[ 2026-05-27 15:22:10,046] 49 root - INFO - Started Regular Expression mapping
[ 2026-05-27 15:22:10,046] 174 root - INFO - Data transformation complete
[ 2026-05-27 15:22:10,046] 49 root - INFO - Started Regular Expression mapping
[ 2026-05-27 15:22:10,046] 174 root - INFO - Data transformation complete
[ 2026-05-27 15:22:10,046] 49 root - INFO - Started Regular Expression mapping
[ 2026-05-27 15:22:10,047] 174 root - INFO - Data transformation complete
[ 2026-05-27 15:22:10,047] 49 root - INFO - Started Regular Expression mapping
[ 2026-05-27 15:22:10,047] 25 root - INFO - Match heuristic business names to paybill payments
[ 2026-05-27 15:22:10,047] 174 root - INFO - Data transformation complete
[ 2026-05-27 15:22:10,047] 49 root - INFO - Started Regular Expression mapping
[ 2026-05-27 15:22:10,047] 174 root - INFO - Data transformation complete
[ 2026-05-27 15:22:10,047] 49 root - INFO - Started Regular Expression mapping
[ 2026-05-27 15:22:10,048] 174 root - INFO - Data transformation complete
[ 2026-05-27 15:22:10,048] 49 root - INFO - Started Regular Expression mapping
[ 2026-05-27 15:22:10,048] 174 root - INFO - Data transformation complete
[ 2026-05-27 15:22:10,048] 49 root - INFO - Started Regular Expression mapping
[ 2026-05-27 15:22:10,048] 174 root - INFO - Data transformation complete
[ 2026-05-27 15:22:10,048] 49 root - INFO - Started Regular Expression mapping
[ 2026-05-27 15:22:10,049] 174 root - INFO - Data transformation complete
[ 2026-05-27 15:22:10,049] 49 root - INFO - Started Regular Expression mapping
[ 2026-05-27 15:22:10,049] 174 root - INFO - Data transformation complete
[ 2026-05-27 15:22:10,049] 49 root - INFO - Started Regular Expression mapping
[ 2026-05-27 15:22:10,049] 174 root - INFO - Data transformation complete
[ 2026-05-27 15:22:10,049] 49 root - INFO - Started Regular Expression mapping
[ 2026-05-27 15:22:10,049] 25 root - INFO - Match heuristic business names to paybill payments
[ 2026-05-27 15:22:10,050] 174 root - INFO - Data transformation complete
[ 2026-05-27 15:22:10,050] 49 root - INFO - Started Regular Expression mapping
[ 2026-05-27 15:22:10,050] 174 root - INFO - Data transformation complete
[ 2026-05-27 15:22:10,050] 49 root - INFO - Started Regular Expression mapping
[ 2026-05-27 15:22:10,050] 174 root - INFO - Data transformation complete
[ 2026-05-27 15:22:10,050] 49 root - INFO - Started Regular Expression mapping
[ 2026-05-27 15:22:10,051] 174 root - INFO - Data transformation complete
[ 2026-05-27 15:22:10,051] 49 root - INFO - Started Regular Expression mapping
[ 2026-05-27 15:22:10,051] 174 root - INFO - Data transformation complete
[ 2026-05-27 15:22:10,051] 49 root - INFO - Started Regular Expression mapping
[ 2026-05-27 15:22:10,051] 25 root - INFO - Match heuristic business names to paybill payments
[ 2026-05-27 15:22:10,051] 174 root - INFO - Data transformation complete
[ 2026-05-27 15:22:10,051] 49 root - INFO - Started Regular Expression mapping
[ 2026-05-27 15:22:10,052] 174 root - INFO - Data transformation complete
[ 2026-05-27 15:22:10,052] 49 root - INFO - Started Regular Expression mapping
[ 2026-05-27 15:22:10,052] 174 root - INFO - Data transformation complete
[ 2026-05-27 15:22:10,052] 49 root - INFO - Started Regular Expression mapping
[ 2026-05-27 15:22:10,052] 174 root - INFO - Data transformation complete
[ 2026-05-27 15:22:10,052] 49 root - INFO - Started Regular Expression mapping
[ 2026-05-27 15:22:10,052] 25 root - INFO - Match heuristic business names to paybill payments
[ 2026-05-27 15:22:10,053] 174 root - INFO - Data transformation complete
[ 2026-05-27 15:22:10,053] 49 root - INFO - Started Regular Expression mapping
[ 2026-05-27 15:22:10,053] 25 root - INFO - Match heuristic business names to paybill payments
[ 2026-05-27 15:22:10,053] 174 root - INFO - Data transformation complete
[ 2026-05-27 15:22:10,053] 49 root - INFO - Started Regular Expression mapping
[ 2026-05-27 15:22:10,054] 174 root - INFO - Data transformation complete
[ 2026-05-27 15:22:10,054] 49 root - INFO - Started Regular Expression mapping
[ 2026-05-27 15:22:10,054] 25 root - INFO - Match heuristic business names to paybill payments
[ 2026-05-27 15:22:10,054] 174 root - INFO - Data transformation complete
[ 2026-05-27 15:22:10,054] 49 root - INFO - Started Regular Expression mapping
[ 2026-05-27 15:22:10,055] 174 root - INFO - Data transformation complete
[ 2026-05-27 15:22:10,055] 49 root - INFO - Started Regular Expression mapping
[ 2026-05-27 15:22:10,055] 174 root - INFO - Data transformation complete
[ 2026-05-27 15:22:10,055] 49 root - INFO - Started Regular Expression mapping
[ 2026-05-27 15:22:10,055] 174 root - INFO - Data transformation complete
[ 2026-05-27 15:22:10,056] 49 root - INFO - Started Regular Expression mapping
[ 2026-05-27 15:22:10,056] 174 root - INFO - Data transformation complete
[ 2026-05-27 15:22:10,056] 49 root - INFO - Started Regular Expression mapping
[ 2026-05-27 15:22:10,056] 174 root - INFO - Data transformation complete
[ 2026-05-27 15:22:10,056] 49 root - INFO - Started Regular Expression mapping
[ 2026-05-27 15:22:10,056] 174 root - INFO - Data transformation complete
[ 2026-05-27 15:22:10,056] 49 root - INFO - Started Regular Expression mapping
[ 2026-05-27 15:22:10,057] 174 root - INFO - Data transformation complete
[ 2026-05-27 15:22:10,057] 49 root - INFO - Started Regular Expression mapping
[ 2026-05-27 15:22:10,057] 174 root - INFO - Data transformation complete
[ 2026-05-27 15:22:10,057] 49 root - INFO - Started Regular Expression mapping
[ 2026-05-27 15:22:10,057] 174 root - INFO - Data transformation complete
[ 2026-05-27 15:22:10,057] 49 root - INFO - Started Regular Expression mapping
[ 2026-05-27 15:22:10,058] 174 root - INFO - Data transformation complete
[ 2026-05-27 15:22:10,058] 49 root - INFO - Started Regular Expression mapping
[ 2026-05-27 15:22:10,058] 174 root - INFO - Data transformation complete
[ 2026-05-27 15:22:10,059] 49 root - INFO - Started Regular Expression mapping
[ 2026-05-27 15:22:10,059] 25 root - INFO - Match heuristic business names to paybill payments
[ 2026-05-27 15:22:10,059] 174 root - INFO - Data transformation complete
[ 2026-05-27 15:22:10,059] 49 root - INFO - Started Regular Expression mapping
[ 2026-05-27 15:22:10,059] 174 root - INFO - Data transformation complete
[ 2026-05-27 15:22:10,059] 49 root - INFO - Started Regular Expression mapping
[ 2026-05-27 15:22:10,060] 174 root - INFO - Data transformation complete
[ 2026-05-27 15:22:10,060] 49 root - INFO - Started Regular Expression mapping
[ 2026-05-27 15:22:10,060] 174 root - INFO - Data transformation complete
[ 2026-05-27 15:22:10,060] 49 root - INFO - Started Regular Expression mapping
[ 2026-05-27 15:22:10,060] 174 root - INFO - Data transformation complete
[ 2026-05-27 15:22:10,060] 49 root - INFO - Started Regular Expression mapping
[ 2026-05-27 15:22:10,060] 174 root - INFO - Data transformation complete
[ 2026-05-27 15:22:10,061] 49 root - INFO - Started Regular Expression mapping
[ 2026-05-27 15:22:10,061] 174 root - INFO - Data transformation complete
[ 2026-05-27 15:22:10,061] 49 root - INFO - Started Regular Expression mapping
[ 2026-05-27 15:22:10,061] 174 root - INFO - Data transformation complete
[ 2026-05-27 15:22:10,061] 49 root - INFO - Started Regular Expression mapping
[ 2026-05-27 15:22:10,061] 25 root - INFO - Match heuristic business names to paybill payments
[ 2026-05-27 15:22:10,062] 174 root - INFO - Data transformation complete
[ 2026-05-27 15:22:10,062] 49 root - INFO - Started Regular Expression mapping
[ 2026-05-27 15:22:10,062] 174 root - INFO - Data transformation complete
[ 2026-05-27 15:22:10,062] 49 root - INFO - Started Regular Expression mapping
[ 2026-05-27 15:22:10,062] 174 root - INFO - Data transformation complete
[ 2026-05-27 15:22:10,062] 49 root - INFO - Started Regular Expression mapping
[ 2026-05-27 15:22:10,062] 174 root - INFO - Data transformation complete
[ 2026-05-27 15:22:10,063] 49 root - INFO - Started Regular Expression mapping
[ 2026-05-27 15:22:10,063] 174 root - INFO - Data transformation complete
[ 2026-05-27 15:22:10,063] 49 root - INFO - Started Regular Expression mapping
[ 2026-05-27 15:22:10,063] 174 root - INFO - Data transformation complete
[ 2026-05-27 15:22:10,063] 49 root - INFO - Started Regular Expression mapping
[ 2026-05-27 15:22:10,063] 25 root - INFO - Match heuristic business names to paybill payments
[ 2026-05-27 15:22:10,064] 174 root - INFO - Data transformation complete
[ 2026-05-27 15:22:10,064] 49 root - INFO - Started Regular Expression mapping
[ 2026-05-27 15:22:10,064] 174 root - INFO - Data transformation complete
[ 2026-05-27 15:22:10,064] 49 root - INFO - Started Regular Expression mapping
[ 2026-05-27 15:22:10,064] 25 root - INFO - Match heuristic business names to paybill payments
[ 2026-05-27 15:22:10,064] 174 root - INFO - Data transformation complete
[ 2026-05-27 15:22:10,064] 49 root - INFO - Started Regular Expression mapping
[ 2026-05-27 15:22:10,065] 25 root - INFO - Match heuristic business names to paybill payments
[ 2026-05-27 15:22:10,065] 174 root - INFO - Data transformation complete
[ 2026-05-27 15:22:10,065] 49 root - INFO - Started Regular Expression mapping
[ 2026-05-27 15:22:10,065] 174 root - INFO - Data transformation complete
[ 2026-05-27 15:22:10,065] 49 root - INFO - Started Regular Expression mapping
[ 2026-05-27 15:22:10,065] 174 root - INFO - Data transformation complete
[ 2026-05-27 15:22:10,065] 49 root - INFO - Started Regular Expression mapping
[ 2026-05-27 15:22:10,066] 174 root - INFO - Data transformation complete
[ 2026-05-27 15:22:10,066] 49 root - INFO - Started Regular Expression mapping
[ 2026-05-27 15:22:10,066] 174 root - INFO - Data transformation complete
[ 2026-05-27 15:22:10,066] 49 root - INFO - Started Regular Expression mapping
[ 2026-05-27 15:22:10,066] 174 root - INFO - Data transformation complete
[ 2026-05-27 15:22:10,066] 49 root - INFO - Started Regular Expression mapping
[ 2026-05-27 15:22:10,067] 174 root - INFO - Data transformation complete
[ 2026-05-27 15:22:10,067] 49 root - INFO - Started Regular Expression mapping
[ 2026-05-27 15:22:10,067] 174 root - INFO - Data transformation complete
[ 2026-05-27 15:22:10,067] 49 root - INFO - Started Regular Expression mapping
[ 2026-05-27 15:22:10,067] 174 root - INFO - Data transformation complete
[ 2026-05-27 15:22:10,067] 49 root - INFO - Started Regular Expression mapping
[ 2026-05-27 15:22:10,068] 174 root - INFO - Data transformation complete
[ 2026-05-27 15:22:10,068] 49 root - INFO - Started Regular Expression mapping
[ 2026-05-27 15:22:10,068] 174 root - INFO - Data transformation complete
[ 2026-05-27 15:22:10,068] 49 root - INFO - Started Regular Expression mapping
[ 2026-05-27 15:22:10,068] 25 root - INFO - Match heuristic business names to paybill payments
[ 2026-05-27 15:22:10,068] 174 root - INFO - Data transformation complete
[ 2026-05-27 15:22:10,068] 49 root - INFO - Started Regular Expression mapping
[ 2026-05-27 15:22:10,069] 174 root - INFO - Data transformation complete
[ 2026-05-27 15:22:10,069] 49 root - INFO - Started Regular Expression mapping
[ 2026-05-27 15:22:10,069] 174 root - INFO - Data transformation complete
[ 2026-05-27 15:22:10,069] 49 root - INFO - Started Regular Expression mapping
[ 2026-05-27 15:22:10,069] 174 root - INFO - Data transformation complete
[ 2026-05-27 15:22:10,070] 49 root - INFO - Started Regular Expression mapping
[ 2026-05-27 15:22:10,070] 25 root - INFO - Match heuristic business names to paybill payments
[ 2026-05-27 15:22:10,070] 174 root - INFO - Data transformation complete
[ 2026-05-27 15:22:10,070] 49 root - INFO - Started Regular Expression mapping
[ 2026-05-27 15:22:10,070] 174 root - INFO - Data transformation complete
[ 2026-05-27 15:22:10,071] 49 root - INFO - Started Regular Expression mapping
[ 2026-05-27 15:22:10,071] 174 root - INFO - Data transformation complete
[ 2026-05-27 15:22:10,071] 49 root - INFO - Started Regular Expression mapping
[ 2026-05-27 15:22:10,071] 174 root - INFO - Data transformation complete
[ 2026-05-27 15:22:10,071] 49 root - INFO - Started Regular Expression mapping
[ 2026-05-27 15:22:10,071] 174 root - INFO - Data transformation complete
[ 2026-05-27 15:22:10,072] 49 root - INFO - Started Regular Expression mapping
[ 2026-05-27 15:22:10,072] 174 root - INFO - Data transformation complete
[ 2026-05-27 15:22:10,072] 49 root - INFO - Started Regular Expression mapping
[ 2026-05-27 15:22:10,072] 174 root - INFO - Data transformation complete
[ 2026-05-27 15:22:10,072] 49 root - INFO - Started Regular Expression mapping
[ 2026-05-27 15:22:10,072] 174 root - INFO - Data transformation complete
[ 2026-05-27 15:22:10,072] 49 root - INFO - Started Regular Expression mapping
[ 2026-05-27 15:22:10,073] 25 root - INFO - Match heuristic business names to paybill payments
[ 2026-05-27 15:22:10,073] 174 root - INFO - Data transformation complete
[ 2026-05-27 15:22:10,073] 49 root - INFO - Started Regular Expression mapping
[ 2026-05-27 15:22:10,073] 174 root - INFO - Data transformation complete
[ 2026-05-27 15:22:10,073] 49 root - INFO - Started Regular Expression mapping
[ 2026-05-27 15:22:10,074] 174 root - INFO - Data transformation complete
[ 2026-05-27 15:22:10,074] 49 root - INFO - Started Regular Expression mapping
[ 2026-05-27 15:22:10,074] 174 root - INFO - Data transformation complete
[ 2026-05-27 15:22:10,074] 49 root - INFO - Started Regular Expression mapping
[ 2026-05-27 15:22:10,074] 174 root - INFO - Data transformation complete
[ 2026-05-27 15:22:10,074] 49 root - INFO - Started Regular Expression mapping
[ 2026-05-27 15:22:10,075] 174 root - INFO - Data transformation complete
[ 2026-05-27 15:22:10,075] 49 root - INFO - Started Regular Expression mapping
[ 2026-05-27 15:22:10,075] 174 root - INFO - Data transformation complete
[ 2026-05-27 15:22:10,075] 49 root - INFO - Started Regular Expression mapping
[ 2026-05-27 15:22:10,076] 174 root - INFO - Data transformation complete
[ 2026-05-27 15:22:10,076] 49 root - INFO - Started Regular Expression mapping
[ 2026-05-27 15:22:10,076] 174 root - INFO - Data transformation complete
[ 2026-05-27 15:22:10,076] 49 root - INFO - Started Regular Expression mapping
[ 2026-05-27 15:22:10,076] 174 root - INFO - Data transformation complete
[ 2026-05-27 15:22:10,076] 49 root - INFO - Started Regular Expression mapping
[ 2026-05-27 15:22:10,077] 174 root - INFO - Data transformation complete
[ 2026-05-27 15:22:10,077] 49 root - INFO - Started Regular Expression mapping
[ 2026-05-27 15:22:10,077] 174 root - INFO - Data transformation complete
[ 2026-05-27 15:22:10,077] 49 root - INFO - Started Regular Expression mapping
[ 2026-05-27 15:22:10,077] 174 root - INFO - Data transformation complete
[ 2026-05-27 15:22:10,077] 49 root - INFO - Started Regular Expression mapping
[ 2026-05-27 15:22:10,077] 174 root - INFO - Data transformation complete
[ 2026-05-27 15:22:10,078] 49 root - INFO - Started Regular Expression mapping
[ 2026-05-27 15:22:10,078] 174 root - INFO - Data transformation complete
[ 2026-05-27 15:22:10,078] 49 root - INFO - Started Regular Expression mapping
[ 2026-05-27 15:22:10,078] 174 root - INFO - Data transformation complete
[ 2026-05-27 15:22:10,078] 49 root - INFO - Started Regular Expression mapping
[ 2026-05-27 15:22:10,078] 174 root - INFO - Data transformation complete
[ 2026-05-27 15:22:10,079] 49 root - INFO - Started Regular Expression mapping
[ 2026-05-27 15:22:10,079] 174 root - INFO - Data transformation complete
[ 2026-05-27 15:22:10,079] 49 root - INFO - Started Regular Expression mapping
[ 2026-05-27 15:22:10,079] 174 root - INFO - Data transformation complete
[ 2026-05-27 15:22:10,079] 49 root - INFO - Started Regular Expression mapping
[ 2026-05-27 15:22:10,079] 174 root - INFO - Data transformation complete
[ 2026-05-27 15:22:10,079] 49 root - INFO - Started Regular Expression mapping
[ 2026-05-27 15:22:10,080] 174 root - INFO - Data transformation complete
[ 2026-05-27 15:22:10,080] 49 root - INFO - Started Regular Expression mapping
[ 2026-05-27 15:22:10,080] 174 root - INFO - Data transformation complete
[ 2026-05-27 15:22:10,080] 49 root - INFO - Started Regular Expression mapping
[ 2026-05-27 15:22:10,080] 25 root - INFO - Match heuristic business names to paybill payments
[ 2026-05-27 15:22:10,080] 174 root - INFO - Data transformation complete
[ 2026-05-27 15:22:10,081] 49 root - INFO - Started Regular Expression mapping
[ 2026-05-27 15:22:10,081] 25 root - INFO - Match heuristic business names to paybill payments
[ 2026-05-27 15:22:10,081] 174 root - INFO - Data transformation complete
[ 2026-05-27 15:22:10,081] 49 root - INFO - Started Regular Expression mapping
[ 2026-05-27 15:22:10,081] 25 root - INFO - Match heuristic business names to paybill payments
[ 2026-05-27 15:22:10,081] 174 root - INFO - Data transformation complete
[ 2026-05-27 15:22:10,081] 49 root - INFO - Started Regular Expression mapping
[ 2026-05-27 15:22:10,082] 174 root - INFO - Data transformation complete
[ 2026-05-27 15:22:10,082] 49 root - INFO - Started Regular Expression mapping
[ 2026-05-27 15:22:10,082] 174 root - INFO - Data transformation complete
[ 2026-05-27 15:22:10,082] 49 root - INFO - Started Regular Expression mapping
[ 2026-05-27 15:22:10,082] 174 root - INFO - Data transformation complete
[ 2026-05-27 15:22:10,082] 49 root - INFO - Started Regular Expression mapping
[ 2026-05-27 15:22:10,083] 174 root - INFO - Data transformation complete
[ 2026-05-27 15:22:10,083] 49 root - INFO - Started Regular Expression mapping
[ 2026-05-27 15:22:10,083] 25 root - INFO - Match heuristic business names to paybill payments
[ 2026-05-27 15:22:10,083] 174 root - INFO - Data transformation complete
[ 2026-05-27 15:22:10,083] 49 root - INFO - Started Regular Expression mapping
[ 2026-05-27 15:22:10,083] 174 root - INFO - Data transformation complete
[ 2026-05-27 15:22:10,083] 49 root - INFO - Started Regular Expression mapping
[ 2026-05-27 15:22:10,084] 174 root - INFO - Data transformation complete
[ 2026-05-27 15:22:10,084] 49 root - INFO - Started Regular Expression mapping
[ 2026-05-27 15:22:10,084] 174 root - INFO - Data transformation complete
[ 2026-05-27 15:22:10,084] 49 root - INFO - Started Regular Expression mapping
[ 2026-05-27 15:22:10,084] 174 root - INFO - Data transformation complete
[ 2026-05-27 15:22:10,084] 49 root - INFO - Started Regular Expression mapping
[ 2026-05-27 15:22:10,084] 174 root - INFO - Data transformation complete
[ 2026-05-27 15:22:10,085] 49 root - INFO - Started Regular Expression mapping
[ 2026-05-27 15:22:10,085] 174 root - INFO - Data transformation complete
[ 2026-05-27 15:22:10,085] 49 root - INFO - Started Regular Expression mapping
[ 2026-05-27 15:22:10,086] 174 root - INFO - Data transformation complete
[ 2026-05-27 15:22:10,086] 49 root - INFO - Started Regular Expression mapping
[ 2026-05-27 15:22:10,086] 174 root - INFO - Data transformation complete
[ 2026-05-27 15:22:10,086] 49 root - INFO - Started Regular Expression mapping
[ 2026-05-27 15:22:10,086] 174 root - INFO - Data transformation complete
[ 2026-05-27 15:22:10,087] 49 root - INFO - Started Regular Expression mapping
[ 2026-05-27 15:22:10,087] 25 root - INFO - Match heuristic business names to paybill payments
[ 2026-05-27 15:22:10,087] 174 root - INFO - Data transformation complete
[ 2026-05-27 15:22:10,087] 49 root - INFO - Started Regular Expression mapping
[ 2026-05-27 15:22:10,087] 174 root - INFO - Data transformation complete
[ 2026-05-27 15:22:10,087] 49 root - INFO - Started Regular Expression mapping
[ 2026-05-27 15:22:10,088] 174 root - INFO - Data transformation complete
[ 2026-05-27 15:22:10,088] 49 root - INFO - Started Regular Expression mapping
[ 2026-05-27 15:22:10,088] 174 root - INFO - Data transformation complete
[ 2026-05-27 15:22:10,088] 49 root - INFO - Started Regular Expression mapping
[ 2026-05-27 15:22:10,088] 174 root - INFO - Data transformation complete
[ 2026-05-27 15:22:10,088] 49 root - INFO - Started Regular Expression mapping
[ 2026-05-27 15:22:10,089] 174 root - INFO - Data transformation complete
[ 2026-05-27 15:22:10,089] 49 root - INFO - Started Regular Expression mapping
[ 2026-05-27 15:22:10,089] 174 root - INFO - Data transformation complete
[ 2026-05-27 15:22:10,089] 49 root - INFO - Started Regular Expression mapping
[ 2026-05-27 15:22:10,089] 174 root - INFO - Data transformation complete
[ 2026-05-27 15:22:10,089] 49 root - INFO - Started Regular Expression mapping
[ 2026-05-27 15:22:10,089] 174 root - INFO - Data transformation complete
[ 2026-05-27 15:22:10,090] 49 root - INFO - Started Regular Expression mapping
[ 2026-05-27 15:22:10,090] 25 root - INFO - Match heuristic business names to paybill payments
[ 2026-05-27 15:22:10,090] 174 root - INFO - Data transformation complete
[ 2026-05-27 15:22:10,090] 49 root - INFO - Started Regular Expression mapping
[ 2026-05-27 15:22:10,090] 174 root - INFO - Data transformation complete
[ 2026-05-27 15:22:10,090] 49 root - INFO - Started Regular Expression mapping
[ 2026-05-27 15:22:10,090] 25 root - INFO - Match heuristic business names to paybill payments
[ 2026-05-27 15:22:10,091] 174 root - INFO - Data transformation complete
[ 2026-05-27 15:22:10,091] 49 root - INFO - Started Regular Expression mapping
[ 2026-05-27 15:22:10,091] 25 root - INFO - Match heuristic business names to paybill payments
[ 2026-05-27 15:22:10,091] 174 root - INFO - Data transformation complete
[ 2026-05-27 15:22:10,091] 49 root - INFO - Started Regular Expression mapping
[ 2026-05-27 15:22:10,091] 174 root - INFO - Data transformation complete
[ 2026-05-27 15:22:10,091] 49 root - INFO - Started Regular Expression mapping
[ 2026-05-27 15:22:10,092] 174 root - INFO - Data transformation complete
[ 2026-05-27 15:22:10,092] 49 root - INFO - Started Regular Expression mapping
[ 2026-05-27 15:22:10,092] 25 root - INFO - Match heuristic business names to paybill payments
[ 2026-05-27 15:22:10,092] 174 root - INFO - Data transformation complete
[ 2026-05-27 15:22:10,092] 49 root - INFO - Started Regular Expression mapping
[ 2026-05-27 15:22:10,092] 174 root - INFO - Data transformation complete
[ 2026-05-27 15:22:10,093] 49 root - INFO - Started Regular Expression mapping
[ 2026-05-27 15:22:10,093] 25 root - INFO - Match heuristic business names to paybill payments
[ 2026-05-27 15:22:10,093] 174 root - INFO - Data transformation complete
[ 2026-05-27 15:22:10,093] 49 root - INFO - Started Regular Expression mapping
[ 2026-05-27 15:22:10,093] 174 root - INFO - Data transformation complete
[ 2026-05-27 15:22:10,093] 49 root - INFO - Started Regular Expression mapping
[ 2026-05-27 15:22:10,094] 25 root - INFO - Match heuristic business names to paybill payments
[ 2026-05-27 15:22:10,094] 174 root - INFO - Data transformation complete
[ 2026-05-27 15:22:10,094] 49 root - INFO - Started Regular Expression mapping
[ 2026-05-27 15:22:10,094] 174 root - INFO - Data transformation complete
[ 2026-05-27 15:22:10,094] 49 root - INFO - Started Regular Expression mapping
[ 2026-05-27 15:22:10,094] 25 root - INFO - Match heuristic business names to paybill payments
[ 2026-05-27 15:22:10,094] 174 root - INFO - Data transformation complete
[ 2026-05-27 15:22:10,095] 49 root - INFO - Started Regular Expression mapping
[ 2026-05-27 15:22:10,095] 174 root - INFO - Data transformation complete
[ 2026-05-27 15:22:10,095] 49 root - INFO - Started Regular Expression mapping
[ 2026-05-27 15:22:10,095] 174 root - INFO - Data transformation complete
[ 2026-05-27 15:22:10,095] 49 root - INFO - Started Regular Expression mapping
[ 2026-05-27 15:22:10,095] 25 root - INFO - Match heuristic business names to paybill payments
[ 2026-05-27 15:22:10,095] 174 root - INFO - Data transformation complete
[ 2026-05-27 15:22:10,096] 49 root - INFO - Started Regular Expression mapping
[ 2026-05-27 15:22:10,096] 174 root - INFO - Data transformation complete
[ 2026-05-27 15:22:10,096] 49 root - INFO - Started Regular Expression mapping
[ 2026-05-27 15:22:10,096] 174 root - INFO - Data transformation complete
[ 2026-05-27 15:22:10,096] 49 root - INFO - Started Regular Expression mapping
[ 2026-05-27 15:22:10,096] 174 root - INFO - Data transformation complete
[ 2026-05-27 15:22:10,097] 49 root - INFO - Started Regular Expression mapping
[ 2026-05-27 15:22:10,097] 174 root - INFO - Data transformation complete
[ 2026-05-27 15:22:10,097] 49 root - INFO - Started Regular Expression mapping
[ 2026-05-27 15:22:10,097] 174 root - INFO - Data transformation complete
[ 2026-05-27 15:22:10,097] 49 root - INFO - Started Regular Expression mapping
[ 2026-05-27 15:22:10,097] 174 root - INFO - Data transformation complete
[ 2026-05-27 15:22:10,097] 49 root - INFO - Started Regular Expression mapping
[ 2026-05-27 15:22:10,098] 174 root - INFO - Data transformation complete
[ 2026-05-27 15:22:10,098] 49 root - INFO - Started Regular Expression mapping
[ 2026-05-27 15:22:10,098] 174 root - INFO - Data transformation complete
[ 2026-05-27 15:22:10,098] 49 root - INFO - Started Regular Expression mapping
[ 2026-05-27 15:22:10,098] 174 root - INFO - Data transformation complete
[ 2026-05-27 15:22:10,098] 49 root - INFO - Started Regular Expression mapping
[ 2026-05-27 15:22:10,099] 174 root - INFO - Data transformation complete
[ 2026-05-27 15:22:10,099] 49 root - INFO - Started Regular Expression mapping
[ 2026-05-27 15:22:10,099] 174 root - INFO - Data transformation complete
[ 2026-05-27 15:22:10,099] 49 root - INFO - Started Regular Expression mapping
[ 2026-05-27 15:22:10,099] 25 root - INFO - Match heuristic business names to paybill payments
[ 2026-05-27 15:22:10,099] 174 root - INFO - Data transformation complete
[ 2026-05-27 15:22:10,099] 49 root - INFO - Started Regular Expression mapping
[ 2026-05-27 15:22:10,100] 25 root - INFO - Match heuristic business names to paybill payments
[ 2026-05-27 15:22:10,100] 174 root - INFO - Data transformation complete
[ 2026-05-27 15:22:10,100] 49 root - INFO - Started Regular Expression mapping
[ 2026-05-27 15:22:10,100] 25 root - INFO - Match heuristic business names to paybill payments
[ 2026-05-27 15:22:10,100] 174 root - INFO - Data transformation complete
[ 2026-05-27 15:22:10,100] 49 root - INFO - Started Regular Expression mapping
[ 2026-05-27 15:22:10,100] 174 root - INFO - Data transformation complete
[ 2026-05-27 15:22:10,101] 49 root - INFO - Started Regular Expression mapping
[ 2026-05-27 15:22:10,101] 174 root - INFO - Data transformation complete
[ 2026-05-27 15:22:10,101] 49 root - INFO - Started Regular Expression mapping
[ 2026-05-27 15:22:10,102] 25 root - INFO - Match heuristic business names to paybill payments
[ 2026-05-27 15:22:10,102] 174 root - INFO - Data transformation complete
[ 2026-05-27 15:22:10,102] 49 root - INFO - Started Regular Expression mapping
[ 2026-05-27 15:22:10,103] 25 root - INFO - Match heuristic business names to paybill payments
[ 2026-05-27 15:22:10,103] 174 root - INFO - Data transformation complete
[ 2026-05-27 15:22:10,103] 49 root - INFO - Started Regular Expression mapping
[ 2026-05-27 15:22:10,103] 25 root - INFO - Match heuristic business names to paybill payments
[ 2026-05-27 15:22:10,103] 174 root - INFO - Data transformation complete
[ 2026-05-27 15:22:10,104] 49 root - INFO - Started Regular Expression mapping
[ 2026-05-27 15:22:10,104] 174 root - INFO - Data transformation complete
[ 2026-05-27 15:22:10,104] 49 root - INFO - Started Regular Expression mapping
[ 2026-05-27 15:22:10,104] 174 root - INFO - Data transformation complete
[ 2026-05-27 15:22:10,104] 49 root - INFO - Started Regular Expression mapping
[ 2026-05-27 15:22:10,104] 174 root - INFO - Data transformation complete
[ 2026-05-27 15:22:10,105] 49 root - INFO - Started Regular Expression mapping
[ 2026-05-27 15:22:10,105] 174 root - INFO - Data transformation complete
[ 2026-05-27 15:22:10,105] 49 root - INFO - Started Regular Expression mapping
[ 2026-05-27 15:22:10,105] 174 root - INFO - Data transformation complete
[ 2026-05-27 15:22:10,105] 49 root - INFO - Started Regular Expression mapping
[ 2026-05-27 15:22:10,105] 174 root - INFO - Data transformation complete
[ 2026-05-27 15:22:10,105] 49 root - INFO - Started Regular Expression mapping
[ 2026-05-27 15:22:10,106] 174 root - INFO - Data transformation complete
[ 2026-05-27 15:22:10,106] 49 root - INFO - Started Regular Expression mapping
[ 2026-05-27 15:22:10,106] 174 root - INFO - Data transformation complete
[ 2026-05-27 15:22:10,106] 49 root - INFO - Started Regular Expression mapping
[ 2026-05-27 15:22:10,106] 174 root - INFO - Data transformation complete
[ 2026-05-27 15:22:10,106] 49 root - INFO - Started Regular Expression mapping
[ 2026-05-27 15:22:10,107] 174 root - INFO - Data transformation complete
[ 2026-05-27 15:22:10,107] 49 root - INFO - Started Regular Expression mapping
[ 2026-05-27 15:22:10,107] 174 root - INFO - Data transformation complete
[ 2026-05-27 15:22:10,107] 49 root - INFO - Started Regular Expression mapping
[ 2026-05-27 15:22:10,107] 174 root - INFO - Data transformation complete
[ 2026-05-27 15:22:10,107] 49 root - INFO - Started Regular Expression mapping
[ 2026-05-27 15:22:10,107] 174 root - INFO - Data transformation complete
[ 2026-05-27 15:22:10,108] 49 root - INFO - Started Regular Expression mapping
[ 2026-05-27 15:22:10,108] 174 root - INFO - Data transformation complete
[ 2026-05-27 15:22:10,108] 49 root - INFO - Started Regular Expression mapping
[ 2026-05-27 15:22:10,108] 174 root - INFO - Data transformation complete
[ 2026-05-27 15:22:10,109] 49 root - INFO - Started Regular Expression mapping
[ 2026-05-27 15:22:10,109] 174 root - INFO - Data transformation complete
[ 2026-05-27 15:22:10,109] 49 root - INFO - Started Regular Expression mapping
[ 2026-05-27 15:22:10,109] 174 root - INFO - Data transformation complete
[ 2026-05-27 15:22:10,109] 49 root - INFO - Started Regular Expression mapping
[ 2026-05-27 15:22:10,110] 174 root - INFO - Data transformation complete
[ 2026-05-27 15:22:10,110] 49 root - INFO - Started Regular Expression mapping
[ 2026-05-27 15:22:10,110] 174 root - INFO - Data transformation complete
[ 2026-05-27 15:22:10,110] 49 root - INFO - Started Regular Expression mapping
[ 2026-05-27 15:22:10,110] 25 root - INFO - Match heuristic business names to paybill payments
[ 2026-05-27 15:22:10,111] 174 root - INFO - Data transformation complete
[ 2026-05-27 15:22:10,111] 49 root - INFO - Started Regular Expression mapping
[ 2026-05-27 15:22:10,111] 25 root - INFO - Match heuristic business names to paybill payments
[ 2026-05-27 15:22:10,111] 174 root - INFO - Data transformation complete
[ 2026-05-27 15:22:10,111] 49 root - INFO - Started Regular Expression mapping
[ 2026-05-27 15:22:10,112] 174 root - INFO - Data transformation complete
[ 2026-05-27 15:22:10,112] 49 root - INFO - Started Regular Expression mapping
[ 2026-05-27 15:22:10,112] 174 root - INFO - Data transformation complete
[ 2026-05-27 15:22:10,112] 49 root - INFO - Started Regular Expression mapping
[ 2026-05-27 15:22:10,112] 174 root - INFO - Data transformation complete
[ 2026-05-27 15:22:10,112] 49 root - INFO - Started Regular Expression mapping
[ 2026-05-27 15:22:10,112] 174 root - INFO - Data transformation complete
[ 2026-05-27 15:22:10,113] 49 root - INFO - Started Regular Expression mapping
[ 2026-05-27 15:22:10,113] 174 root - INFO - Data transformation complete
[ 2026-05-27 15:22:10,113] 49 root - INFO - Started Regular Expression mapping
[ 2026-05-27 15:22:10,113] 174 root - INFO - Data transformation complete
[ 2026-05-27 15:22:10,113] 49 root - INFO - Started Regular Expression mapping
[ 2026-05-27 15:22:10,113] 174 root - INFO - Data transformation complete
[ 2026-05-27 15:22:10,113] 49 root - INFO - Started Regular Expression mapping
[ 2026-05-27 15:22:10,114] 174 root - INFO - Data transformation complete
[ 2026-05-27 15:22:10,114] 49 root - INFO - Started Regular Expression mapping
[ 2026-05-27 15:22:10,114] 174 root - INFO - Data transformation complete
[ 2026-05-27 15:22:10,114] 49 root - INFO - Started Regular Expression mapping
[ 2026-05-27 15:22:10,114] 174 root - INFO - Data transformation complete
[ 2026-05-27 15:22:10,114] 49 root - INFO - Started Regular Expression mapping
[ 2026-05-27 15:22:10,115] 25 root - INFO - Match heuristic business names to paybill payments
[ 2026-05-27 15:22:10,115] 174 root - INFO - Data transformation complete
[ 2026-05-27 15:22:10,115] 49 root - INFO - Started Regular Expression mapping
[ 2026-05-27 15:22:10,115] 25 root - INFO - Match heuristic business names to paybill payments
[ 2026-05-27 15:22:10,115] 174 root - INFO - Data transformation complete
[ 2026-05-27 15:22:10,115] 49 root - INFO - Started Regular Expression mapping
[ 2026-05-27 15:22:10,115] 25 root - INFO - Match heuristic business names to paybill payments
[ 2026-05-27 15:22:10,116] 174 root - INFO - Data transformation complete
[ 2026-05-27 15:22:10,116] 49 root - INFO - Started Regular Expression mapping
[ 2026-05-27 15:22:10,116] 25 root - INFO - Match heuristic business names to paybill payments
[ 2026-05-27 15:22:10,116] 174 root - INFO - Data transformation complete
[ 2026-05-27 15:22:10,116] 49 root - INFO - Started Regular Expression mapping
[ 2026-05-27 15:22:10,116] 25 root - INFO - Match heuristic business names to paybill payments
[ 2026-05-27 15:22:10,116] 174 root - INFO - Data transformation complete
[ 2026-05-27 15:22:10,117] 49 root - INFO - Started Regular Expression mapping
[ 2026-05-27 15:22:10,117] 174 root - INFO - Data transformation complete
[ 2026-05-27 15:22:10,117] 49 root - INFO - Started Regular Expression mapping
[ 2026-05-27 15:22:10,117] 174 root - INFO - Data transformation complete
[ 2026-05-27 15:22:10,117] 49 root - INFO - Started Regular Expression mapping
[ 2026-05-27 15:22:10,118] 174 root - INFO - Data transformation complete
[ 2026-05-27 15:22:10,118] 49 root - INFO - Started Regular Expression mapping
[ 2026-05-27 15:22:10,118] 174 root - INFO - Data transformation complete
[ 2026-05-27 15:22:10,118] 49 root - INFO - Started Regular Expression mapping
[ 2026-05-27 15:22:10,118] 174 root - INFO - Data transformation complete
[ 2026-05-27 15:22:10,118] 49 root - INFO - Started Regular Expression mapping
[ 2026-05-27 15:22:10,119] 174 root - INFO - Data transformation complete
[ 2026-05-27 15:22:10,119] 49 root - INFO - Started Regular Expression mapping
[ 2026-05-27 15:22:10,119] 174 root - INFO - Data transformation complete
[ 2026-05-27 15:22:10,119] 49 root - INFO - Started Regular Expression mapping
[ 2026-05-27 15:22:10,119] 174 root - INFO - Data transformation complete
[ 2026-05-27 15:22:10,119] 49 root - INFO - Started Regular Expression mapping
[ 2026-05-27 15:22:10,120] 174 root - INFO - Data transformation complete
[ 2026-05-27 15:22:10,120] 49 root - INFO - Started Regular Expression mapping
[ 2026-05-27 15:22:10,120] 174 root - INFO - Data transformation complete
[ 2026-05-27 15:22:10,120] 49 root - INFO - Started Regular Expression mapping
[ 2026-05-27 15:22:10,120] 25 root - INFO - Match heuristic business names to paybill payments
[ 2026-05-27 15:22:10,120] 174 root - INFO - Data transformation complete
[ 2026-05-27 15:22:10,120] 49 root - INFO - Started Regular Expression mapping
[ 2026-05-27 15:22:10,121] 174 root - INFO - Data transformation complete
[ 2026-05-27 15:22:10,121] 49 root - INFO - Started Regular Expression mapping
[ 2026-05-27 15:22:10,121] 174 root - INFO - Data transformation complete
[ 2026-05-27 15:22:10,121] 49 root - INFO - Started Regular Expression mapping
[ 2026-05-27 15:22:10,121] 25 root - INFO - Match heuristic business names to paybill payments
[ 2026-05-27 15:22:10,121] 174 root - INFO - Data transformation complete
[ 2026-05-27 15:22:10,121] 49 root - INFO - Started Regular Expression mapping
[ 2026-05-27 15:22:10,122] 174 root - INFO - Data transformation complete
[ 2026-05-27 15:22:10,122] 49 root - INFO - Started Regular Expression mapping
[ 2026-05-27 15:22:10,122] 25 root - INFO - Match heuristic business names to paybill payments
[ 2026-05-27 15:22:10,122] 174 root - INFO - Data transformation complete
[ 2026-05-27 15:22:10,122] 49 root - INFO - Started Regular Expression mapping
[ 2026-05-27 15:22:10,122] 174 root - INFO - Data transformation complete
[ 2026-05-27 15:22:10,122] 49 root - INFO - Started Regular Expression mapping
[ 2026-05-27 15:22:10,123] 25 root - INFO - Match heuristic business names to paybill payments
[ 2026-05-27 15:22:10,123] 174 root - INFO - Data transformation complete
[ 2026-05-27 15:22:10,123] 49 root - INFO - Started Regular Expression mapping
[ 2026-05-27 15:22:10,123] 25 root - INFO - Match heuristic business names to paybill payments
[ 2026-05-27 15:22:10,123] 174 root - INFO - Data transformation complete
[ 2026-05-27 15:22:10,123] 49 root - INFO - Started Regular Expression mapping
[ 2026-05-27 15:22:10,123] 174 root - INFO - Data transformation complete
[ 2026-05-27 15:22:10,124] 49 root - INFO - Started Regular Expression mapping
[ 2026-05-27 15:22:10,124] 25 root - INFO - Match heuristic business names to paybill payments
[ 2026-05-27 15:22:10,124] 174 root - INFO - Data transformation complete
[ 2026-05-27 15:22:10,124] 49 root - INFO - Started Regular Expression mapping
[ 2026-05-27 15:22:10,124] 174 root - INFO - Data transformation complete
[ 2026-05-27 15:22:10,124] 49 root - INFO - Started Regular Expression mapping
[ 2026-05-27 15:22:10,125] 25 root - INFO - Match heuristic business names to paybill payments
[ 2026-05-27 15:22:10,125] 174 root - INFO - Data transformation complete
[ 2026-05-27 15:22:10,125] 49 root - INFO - Started Regular Expression mapping
[ 2026-05-27 15:22:10,126] 174 root - INFO - Data transformation complete
[ 2026-05-27 15:22:10,126] 49 root - INFO - Started Regular Expression mapping
[ 2026-05-27 15:22:10,126] 25 root - INFO - Match heuristic business names to paybill payments
[ 2026-05-27 15:22:10,126] 174 root - INFO - Data transformation complete
[ 2026-05-27 15:22:10,126] 49 root - INFO - Started Regular Expression mapping
[ 2026-05-27 15:22:10,126] 25 root - INFO - Match heuristic business names to paybill payments
[ 2026-05-27 15:22:10,127] 174 root - INFO - Data transformation complete
[ 2026-05-27 15:22:10,127] 49 root - INFO - Started Regular Expression mapping
[ 2026-05-27 15:22:10,127] 25 root - INFO - Match heuristic business names to paybill payments
[ 2026-05-27 15:22:10,127] 174 root - INFO - Data transformation complete
[ 2026-05-27 15:22:10,127] 49 root - INFO - Started Regular Expression mapping
[ 2026-05-27 15:22:10,127] 174 root - INFO - Data transformation complete
[ 2026-05-27 15:22:10,127] 49 root - INFO - Started Regular Expression mapping
[ 2026-05-27 15:22:10,128] 174 root - INFO - Data transformation complete
[ 2026-05-27 15:22:10,128] 49 root - INFO - Started Regular Expression mapping
[ 2026-05-27 15:22:10,128] 25 root - INFO - Match heuristic business names to paybill payments
[ 2026-05-27 15:22:10,128] 174 root - INFO - Data transformation complete
[ 2026-05-27 15:22:10,128] 49 root - INFO - Started Regular Expression mapping
[ 2026-05-27 15:22:10,128] 25 root - INFO - Match heuristic business names to paybill payments
[ 2026-05-27 15:22:10,128] 174 root - INFO - Data transformation complete
[ 2026-05-27 15:22:10,129] 49 root - INFO - Started Regular Expression mapping
[ 2026-05-27 15:22:10,129] 25 root - INFO - Match heuristic business names to paybill payments
[ 2026-05-27 15:22:10,129] 174 root - INFO - Data transformation complete
[ 2026-05-27 15:22:10,129] 49 root - INFO - Started Regular Expression mapping
[ 2026-05-27 15:22:10,129] 174 root - INFO - Data transformation complete
[ 2026-05-27 15:22:10,129] 49 root - INFO - Started Regular Expression mapping
[ 2026-05-27 15:22:10,129] 174 root - INFO - Data transformation complete
[ 2026-05-27 15:22:10,130] 49 root - INFO - Started Regular Expression mapping
[ 2026-05-27 15:22:10,130] 25 root - INFO - Match heuristic business names to paybill payments
[ 2026-05-27 15:22:10,130] 174 root - INFO - Data transformation complete
[ 2026-05-27 15:22:10,130] 49 root - INFO - Started Regular Expression mapping
[ 2026-05-27 15:22:10,130] 25 root - INFO - Match heuristic business names to paybill payments
[ 2026-05-27 15:22:10,130] 174 root - INFO - Data transformation complete
[ 2026-05-27 15:22:10,130] 49 root - INFO - Started Regular Expression mapping
[ 2026-05-27 15:22:10,131] 25 root - INFO - Match heuristic business names to paybill payments
[ 2026-05-27 15:22:10,131] 174 root - INFO - Data transformation complete
[ 2026-05-27 15:22:10,131] 49 root - INFO - Started Regular Expression mapping
[ 2026-05-27 15:22:10,131] 174 root - INFO - Data transformation complete
[ 2026-05-27 15:22:10,131] 49 root - INFO - Started Regular Expression mapping
[ 2026-05-27 15:22:10,131] 25 root - INFO - Match heuristic business names to paybill payments
[ 2026-05-27 15:22:10,131] 174 root - INFO - Data transformation complete
[ 2026-05-27 15:22:10,132] 49 root - INFO - Started Regular Expression mapping
[ 2026-05-27 15:22:10,132] 174 root - INFO - Data transformation complete
[ 2026-05-27 15:22:10,132] 49 root - INFO - Started Regular Expression mapping
[ 2026-05-27 15:22:10,132] 174 root - INFO - Data transformation complete
[ 2026-05-27 15:22:10,132] 49 root - INFO - Started Regular Expression mapping
[ 2026-05-27 15:22:10,132] 174 root - INFO - Data transformation complete
[ 2026-05-27 15:22:10,133] 49 root - INFO - Started Regular Expression mapping
[ 2026-05-27 15:22:10,133] 174 root - INFO - Data transformation complete
[ 2026-05-27 15:22:10,133] 49 root - INFO - Started Regular Expression mapping
[ 2026-05-27 15:22:10,133] 174 root - INFO - Data transformation complete
[ 2026-05-27 15:22:10,133] 49 root - INFO - Started Regular Expression mapping
[ 2026-05-27 15:22:10,134] 174 root - INFO - Data transformation complete
[ 2026-05-27 15:22:10,134] 49 root - INFO - Started Regular Expression mapping
[ 2026-05-27 15:22:10,134] 174 root - INFO - Data transformation complete
[ 2026-05-27 15:22:10,134] 49 root - INFO - Started Regular Expression mapping
[ 2026-05-27 15:22:10,135] 174 root - INFO - Data transformation complete
[ 2026-05-27 15:22:10,135] 49 root - INFO - Started Regular Expression mapping
[ 2026-05-27 15:22:10,135] 174 root - INFO - Data transformation complete
[ 2026-05-27 15:22:10,135] 49 root - INFO - Started Regular Expression mapping
[ 2026-05-27 15:22:10,135] 174 root - INFO - Data transformation complete
[ 2026-05-27 15:22:10,135] 49 root - INFO - Started Regular Expression mapping
[ 2026-05-27 15:22:10,136] 174 root - INFO - Data transformation complete
[ 2026-05-27 15:22:10,136] 49 root - INFO - Started Regular Expression mapping
[ 2026-05-27 15:22:10,136] 174 root - INFO - Data transformation complete
[ 2026-05-27 15:22:10,136] 49 root - INFO - Started Regular Expression mapping
[ 2026-05-27 15:22:10,136] 174 root - INFO - Data transformation complete
[ 2026-05-27 15:22:10,137] 49 root - INFO - Started Regular Expression mapping
[ 2026-05-27 15:22:10,137] 174 root - INFO - Data transformation complete
[ 2026-05-27 15:22:10,137] 49 root - INFO - Started Regular Expression mapping
[ 2026-05-27 15:22:10,137] 174 root - INFO - Data transformation complete
[ 2026-05-27 15:22:10,137] 49 root - INFO - Started Regular Expression mapping
[ 2026-05-27 15:22:10,137] 174 root - INFO - Data transformation complete
[ 2026-05-27 15:22:10,137] 49 root - INFO - Started Regular Expression mapping
[ 2026-05-27 15:22:10,138] 174 root - INFO - Data transformation complete
[ 2026-05-27 15:22:10,138] 49 root - INFO - Started Regular Expression mapping
[ 2026-05-27 15:22:10,138] 174 root - INFO - Data transformation complete
[ 2026-05-27 15:22:10,138] 49 root - INFO - Started Regular Expression mapping
[ 2026-05-27 15:22:10,138] 174 root - INFO - Data transformation complete
[ 2026-05-27 15:22:10,138] 49 root - INFO - Started Regular Expression mapping
[ 2026-05-27 15:22:10,139] 174 root - INFO - Data transformation complete
[ 2026-05-27 15:22:10,139] 49 root - INFO - Started Regular Expression mapping
[ 2026-05-27 15:22:10,139] 25 root - INFO - Match heuristic business names to paybill payments
[ 2026-05-27 15:22:10,139] 174 root - INFO - Data transformation complete
[ 2026-05-27 15:22:10,139] 49 root - INFO - Started Regular Expression mapping
[ 2026-05-27 15:22:10,139] 174 root - INFO - Data transformation complete
[ 2026-05-27 15:22:10,139] 49 root - INFO - Started Regular Expression mapping
[ 2026-05-27 15:22:10,140] 174 root - INFO - Data transformation complete
[ 2026-05-27 15:22:10,140] 49 root - INFO - Started Regular Expression mapping
[ 2026-05-27 15:22:10,140] 174 root - INFO - Data transformation complete
[ 2026-05-27 15:22:10,140] 49 root - INFO - Started Regular Expression mapping
[ 2026-05-27 15:22:10,140] 174 root - INFO - Data transformation complete
[ 2026-05-27 15:22:10,140] 49 root - INFO - Started Regular Expression mapping
[ 2026-05-27 15:22:10,141] 174 root - INFO - Data transformation complete
[ 2026-05-27 15:22:10,141] 49 root - INFO - Started Regular Expression mapping
[ 2026-05-27 15:22:10,141] 174 root - INFO - Data transformation complete
[ 2026-05-27 15:22:10,141] 49 root - INFO - Started Regular Expression mapping
[ 2026-05-27 15:22:10,141] 174 root - INFO - Data transformation complete
[ 2026-05-27 15:22:10,141] 49 root - INFO - Started Regular Expression mapping
[ 2026-05-27 15:22:10,141] 25 root - INFO - Match heuristic business names to paybill payments
[ 2026-05-27 15:22:10,142] 174 root - INFO - Data transformation complete
[ 2026-05-27 15:22:10,142] 49 root - INFO - Started Regular Expression mapping
[ 2026-05-27 15:22:10,142] 25 root - INFO - Match heuristic business names to paybill payments
[ 2026-05-27 15:22:10,142] 174 root - INFO - Data transformation complete
[ 2026-05-27 15:22:10,143] 49 root - INFO - Started Regular Expression mapping
[ 2026-05-27 15:22:10,143] 25 root - INFO - Match heuristic business names to paybill payments
[ 2026-05-27 15:22:10,143] 174 root - INFO - Data transformation complete
[ 2026-05-27 15:22:10,143] 49 root - INFO - Started Regular Expression mapping
[ 2026-05-27 15:22:10,143] 174 root - INFO - Data transformation complete
[ 2026-05-27 15:22:10,144] 49 root - INFO - Started Regular Expression mapping
[ 2026-05-27 15:22:10,144] 174 root - INFO - Data transformation complete
[ 2026-05-27 15:22:10,144] 49 root - INFO - Started Regular Expression mapping
[ 2026-05-27 15:22:10,144] 174 root - INFO - Data transformation complete
[ 2026-05-27 15:22:10,144] 49 root - INFO - Started Regular Expression mapping
[ 2026-05-27 15:22:10,145] 174 root - INFO - Data transformation complete
[ 2026-05-27 15:22:10,145] 49 root - INFO - Started Regular Expression mapping
[ 2026-05-27 15:22:10,145] 174 root - INFO - Data transformation complete
[ 2026-05-27 15:22:10,145] 49 root - INFO - Started Regular Expression mapping
[ 2026-05-27 15:22:10,145] 174 root - INFO - Data transformation complete
[ 2026-05-27 15:22:10,145] 49 root - INFO - Started Regular Expression mapping
[ 2026-05-27 15:22:10,146] 174 root - INFO - Data transformation complete
[ 2026-05-27 15:22:10,146] 49 root - INFO - Started Regular Expression mapping
[ 2026-05-27 15:22:10,146] 25 root - INFO - Match heuristic business names to paybill payments
[ 2026-05-27 15:22:10,146] 174 root - INFO - Data transformation complete
[ 2026-05-27 15:22:10,146] 49 root - INFO - Started Regular Expression mapping
[ 2026-05-27 15:22:10,146] 174 root - INFO - Data transformation complete
[ 2026-05-27 15:22:10,146] 49 root - INFO - Started Regular Expression mapping
[ 2026-05-27 15:22:10,147] 174 root - INFO - Data transformation complete
[ 2026-05-27 15:22:10,147] 49 root - INFO - Started Regular Expression mapping
[ 2026-05-27 15:22:10,147] 25 root - INFO - Match heuristic business names to paybill payments
[ 2026-05-27 15:22:10,147] 174 root - INFO - Data transformation complete
[ 2026-05-27 15:22:10,147] 49 root - INFO - Started Regular Expression mapping
[ 2026-05-27 15:22:10,147] 174 root - INFO - Data transformation complete
[ 2026-05-27 15:22:10,148] 49 root - INFO - Started Regular Expression mapping
[ 2026-05-27 15:22:10,148] 174 root - INFO - Data transformation complete
[ 2026-05-27 15:22:10,148] 49 root - INFO - Started Regular Expression mapping
[ 2026-05-27 15:22:10,148] 174 root - INFO - Data transformation complete
[ 2026-05-27 15:22:10,148] 49 root - INFO - Started Regular Expression mapping
[ 2026-05-27 15:22:10,148] 25 root - INFO - Match heuristic business names to paybill payments
[ 2026-05-27 15:22:10,148] 174 root - INFO - Data transformation complete
[ 2026-05-27 15:22:10,149] 49 root - INFO - Started Regular Expression mapping
[ 2026-05-27 15:22:10,149] 174 root - INFO - Data transformation complete
[ 2026-05-27 15:22:10,149] 49 root - INFO - Started Regular Expression mapping
[ 2026-05-27 15:22:10,149] 174 root - INFO - Data transformation complete
[ 2026-05-27 15:22:10,149] 49 root - INFO - Started Regular Expression mapping
[ 2026-05-27 15:22:10,150] 25 root - INFO - Match heuristic business names to paybill payments
[ 2026-05-27 15:22:10,150] 174 root - INFO - Data transformation complete
[ 2026-05-27 15:22:10,150] 49 root - INFO - Started Regular Expression mapping
[ 2026-05-27 15:22:10,150] 174 root - INFO - Data transformation complete
[ 2026-05-27 15:22:10,151] 49 root - INFO - Started Regular Expression mapping
[ 2026-05-27 15:22:10,151] 174 root - INFO - Data transformation complete
[ 2026-05-27 15:22:10,151] 49 root - INFO - Started Regular Expression mapping
[ 2026-05-27 15:22:10,151] 174 root - INFO - Data transformation complete
[ 2026-05-27 15:22:10,151] 49 root - INFO - Started Regular Expression mapping
[ 2026-05-27 15:22:10,152] 25 root - INFO - Match heuristic business names to paybill payments
[ 2026-05-27 15:22:10,152] 174 root - INFO - Data transformation complete
[ 2026-05-27 15:22:10,152] 49 root - INFO - Started Regular Expression mapping
[ 2026-05-27 15:22:10,152] 174 root - INFO - Data transformation complete
[ 2026-05-27 15:22:10,152] 49 root - INFO - Started Regular Expression mapping
[ 2026-05-27 15:22:10,152] 25 root - INFO - Match heuristic business names to paybill payments
[ 2026-05-27 15:22:10,152] 174 root - INFO - Data transformation complete
[ 2026-05-27 15:22:10,152] 49 root - INFO - Started Regular Expression mapping
[ 2026-05-27 15:22:10,153] 174 root - INFO - Data transformation complete
[ 2026-05-27 15:22:10,153] 49 root - INFO - Started Regular Expression mapping
[ 2026-05-27 15:22:10,153] 25 root - INFO - Match heuristic business names to paybill payments
[ 2026-05-27 15:22:10,153] 174 root - INFO - Data transformation complete
[ 2026-05-27 15:22:10,153] 49 root - INFO - Started Regular Expression mapping
[ 2026-05-27 15:22:10,153] 174 root - INFO - Data transformation complete
[ 2026-05-27 15:22:10,154] 49 root - INFO - Started Regular Expression mapping
[ 2026-05-27 15:22:10,154] 174 root - INFO - Data transformation complete
[ 2026-05-27 15:22:10,154] 49 root - INFO - Started Regular Expression mapping
[ 2026-05-27 15:22:10,154] 174 root - INFO - Data transformation complete
[ 2026-05-27 15:22:10,154] 49 root - INFO - Started Regular Expression mapping
[ 2026-05-27 15:22:10,154] 174 root - INFO - Data transformation complete
[ 2026-05-27 15:22:10,154] 49 root - INFO - Started Regular Expression mapping
[ 2026-05-27 15:22:10,155] 174 root - INFO - Data transformation complete
[ 2026-05-27 15:22:10,155] 49 root - INFO - Started Regular Expression mapping
[ 2026-05-27 15:22:10,155] 174 root - INFO - Data transformation complete
[ 2026-05-27 15:22:10,155] 49 root - INFO - Started Regular Expression mapping
[ 2026-05-27 15:22:10,155] 174 root - INFO - Data transformation complete
[ 2026-05-27 15:22:10,155] 49 root - INFO - Started Regular Expression mapping
[ 2026-05-27 15:22:10,156] 25 root - INFO - Match heuristic business names to paybill payments
[ 2026-05-27 15:22:10,156] 174 root - INFO - Data transformation complete
[ 2026-05-27 15:22:10,156] 49 root - INFO - Started Regular Expression mapping
[ 2026-05-27 15:22:10,156] 25 root - INFO - Match heuristic business names to paybill payments
[ 2026-05-27 15:22:10,156] 174 root - INFO - Data transformation complete
[ 2026-05-27 15:22:10,156] 49 root - INFO - Started Regular Expression mapping
[ 2026-05-27 15:22:10,156] 174 root - INFO - Data transformation complete
[ 2026-05-27 15:22:10,157] 49 root - INFO - Started Regular Expression mapping
[ 2026-05-27 15:22:10,157] 174 root - INFO - Data transformation complete
[ 2026-05-27 15:22:10,157] 49 root - INFO - Started Regular Expression mapping
[ 2026-05-27 15:22:10,157] 174 root - INFO - Data transformation complete
[ 2026-05-27 15:22:10,157] 49 root - INFO - Started Regular Expression mapping
[ 2026-05-27 15:22:10,157] 174 root - INFO - Data transformation complete
[ 2026-05-27 15:22:10,158] 49 root - INFO - Started Regular Expression mapping
[ 2026-05-27 15:22:10,158] 174 root - INFO - Data transformation complete
[ 2026-05-27 15:22:10,158] 49 root - INFO - Started Regular Expression mapping
[ 2026-05-27 15:22:10,158] 25 root - INFO - Match heuristic business names to paybill payments
[ 2026-05-27 15:22:10,158] 174 root - INFO - Data transformation complete
[ 2026-05-27 15:22:10,158] 49 root - INFO - Started Regular Expression mapping
[ 2026-05-27 15:22:10,159] 25 root - INFO - Match heuristic business names to paybill payments
[ 2026-05-27 15:22:10,159] 174 root - INFO - Data transformation complete
[ 2026-05-27 15:22:10,159] 49 root - INFO - Started Regular Expression mapping
[ 2026-05-27 15:22:10,159] 174 root - INFO - Data transformation complete
[ 2026-05-27 15:22:10,159] 49 root - INFO - Started Regular Expression mapping
[ 2026-05-27 15:22:10,159] 174 root - INFO - Data transformation complete
[ 2026-05-27 15:22:10,159] 49 root - INFO - Started Regular Expression mapping
[ 2026-05-27 15:22:10,160] 174 root - INFO - Data transformation complete
[ 2026-05-27 15:22:10,160] 49 root - INFO - Started Regular Expression mapping
[ 2026-05-27 15:22:10,160] 174 root - INFO - Data transformation complete
[ 2026-05-27 15:22:10,160] 49 root - INFO - Started Regular Expression mapping
[ 2026-05-27 15:22:10,160] 174 root - INFO - Data transformation complete
[ 2026-05-27 15:22:10,160] 49 root - INFO - Started Regular Expression mapping
[ 2026-05-27 15:22:10,161] 25 root - INFO - Match heuristic business names to paybill payments
[ 2026-05-27 15:22:10,161] 174 root - INFO - Data transformation complete
[ 2026-05-27 15:22:10,161] 49 root - INFO - Started Regular Expression mapping
[ 2026-05-27 15:22:10,161] 25 root - INFO - Match heuristic business names to paybill payments
[ 2026-05-27 15:22:10,161] 174 root - INFO - Data transformation complete
[ 2026-05-27 15:22:10,161] 49 root - INFO - Started Regular Expression mapping
[ 2026-05-27 15:22:10,161] 174 root - INFO - Data transformation complete
[ 2026-05-27 15:22:10,162] 49 root - INFO - Started Regular Expression mapping
[ 2026-05-27 15:22:10,162] 174 root - INFO - Data transformation complete
[ 2026-05-27 15:22:10,162] 49 root - INFO - Started Regular Expression mapping
[ 2026-05-27 15:22:10,162] 174 root - INFO - Data transformation complete
[ 2026-05-27 15:22:10,162] 49 root - INFO - Started Regular Expression mapping
[ 2026-05-27 15:22:10,162] 25 root - INFO - Match heuristic business names to paybill payments
[ 2026-05-27 15:22:10,163] 174 root - INFO - Data transformation complete
[ 2026-05-27 15:22:10,163] 49 root - INFO - Started Regular Expression mapping
[ 2026-05-27 15:22:10,163] 174 root - INFO - Data transformation complete
[ 2026-05-27 15:22:10,163] 49 root - INFO - Started Regular Expression mapping
[ 2026-05-27 15:22:10,163] 174 root - INFO - Data transformation complete
[ 2026-05-27 15:22:10,163] 49 root - INFO - Started Regular Expression mapping
[ 2026-05-27 15:22:10,164] 174 root - INFO - Data transformation complete
[ 2026-05-27 15:22:10,164] 49 root - INFO - Started Regular Expression mapping
[ 2026-05-27 15:22:10,164] 174 root - INFO - Data transformation complete
[ 2026-05-27 15:22:10,164] 49 root - INFO - Started Regular Expression mapping
[ 2026-05-27 15:22:10,164] 174 root - INFO - Data transformation complete
[ 2026-05-27 15:22:10,164] 49 root - INFO - Started Regular Expression mapping
[ 2026-05-27 15:22:10,165] 174 root - INFO - Data transformation complete
[ 2026-05-27 15:22:10,165] 49 root - INFO - Started Regular Expression mapping
[ 2026-05-27 15:22:10,165] 25 root - INFO - Match heuristic business names to paybill payments
[ 2026-05-27 15:22:10,165] 174 root - INFO - Data transformation complete
[ 2026-05-27 15:22:10,165] 49 root - INFO - Started Regular Expression mapping
[ 2026-05-27 15:22:10,166] 25 root - INFO - Match heuristic business names to paybill payments
[ 2026-05-27 15:22:10,166] 174 root - INFO - Data transformation complete
[ 2026-05-27 15:22:10,166] 49 root - INFO - Started Regular Expression mapping
[ 2026-05-27 15:22:10,166] 174 root - INFO - Data transformation complete
[ 2026-05-27 15:22:10,166] 49 root - INFO - Started Regular Expression mapping
[ 2026-05-27 15:22:10,166] 174 root - INFO - Data transformation complete
[ 2026-05-27 15:22:10,167] 49 root - INFO - Started Regular Expression mapping
[ 2026-05-27 15:22:10,167] 174 root - INFO - Data transformation complete
[ 2026-05-27 15:22:10,167] 49 root - INFO - Started Regular Expression mapping
[ 2026-05-27 15:22:10,167] 25 root - INFO - Match heuristic business names to paybill payments
[ 2026-05-27 15:22:10,167] 174 root - INFO - Data transformation complete
[ 2026-05-27 15:22:10,168] 49 root - INFO - Started Regular Expression mapping
[ 2026-05-27 15:22:10,168] 25 root - INFO - Match heuristic business names to paybill payments
[ 2026-05-27 15:22:10,168] 174 root - INFO - Data transformation complete
[ 2026-05-27 15:22:10,168] 49 root - INFO - Started Regular Expression mapping
[ 2026-05-27 15:22:10,168] 25 root - INFO - Match heuristic business names to paybill payments
[ 2026-05-27 15:22:10,168] 174 root - INFO - Data transformation complete
[ 2026-05-27 15:22:10,169] 49 root - INFO - Started Regular Expression mapping
[ 2026-05-27 15:22:10,169] 25 root - INFO - Match heuristic business names to paybill payments
[ 2026-05-27 15:22:10,169] 174 root - INFO - Data transformation complete
[ 2026-05-27 15:22:10,169] 49 root - INFO - Started Regular Expression mapping
[ 2026-05-27 15:22:10,169] 174 root - INFO - Data transformation complete
[ 2026-05-27 15:22:10,169] 49 root - INFO - Started Regular Expression mapping
[ 2026-05-27 15:22:10,170] 174 root - INFO - Data transformation complete
[ 2026-05-27 15:22:10,170] 49 root - INFO - Started Regular Expression mapping
[ 2026-05-27 15:22:10,170] 174 root - INFO - Data transformation complete
[ 2026-05-27 15:22:10,170] 49 root - INFO - Started Regular Expression mapping
[ 2026-05-27 15:22:10,170] 25 root - INFO - Match heuristic business names to paybill payments
[ 2026-05-27 15:22:10,171] 174 root - INFO - Data transformation complete
[ 2026-05-27 15:22:10,171] 49 root - INFO - Started Regular Expression mapping
[ 2026-05-27 15:22:10,171] 25 root - INFO - Match heuristic business names to paybill payments
[ 2026-05-27 15:22:10,171] 174 root - INFO - Data transformation complete
[ 2026-05-27 15:22:10,171] 49 root - INFO - Started Regular Expression mapping
[ 2026-05-27 15:22:10,171] 174 root - INFO - Data transformation complete
[ 2026-05-27 15:22:10,172] 49 root - INFO - Started Regular Expression mapping
[ 2026-05-27 15:22:10,172] 174 root - INFO - Data transformation complete
[ 2026-05-27 15:22:10,172] 49 root - INFO - Started Regular Expression mapping
[ 2026-05-27 15:22:10,172] 174 root - INFO - Data transformation complete
[ 2026-05-27 15:22:10,172] 49 root - INFO - Started Regular Expression mapping
[ 2026-05-27 15:22:10,173] 174 root - INFO - Data transformation complete
[ 2026-05-27 15:22:10,173] 49 root - INFO - Started Regular Expression mapping
[ 2026-05-27 15:22:10,173] 174 root - INFO - Data transformation complete
[ 2026-05-27 15:22:10,173] 49 root - INFO - Started Regular Expression mapping
[ 2026-05-27 15:22:10,173] 174 root - INFO - Data transformation complete
[ 2026-05-27 15:22:10,173] 49 root - INFO - Started Regular Expression mapping
[ 2026-05-27 15:22:10,174] 174 root - INFO - Data transformation complete
[ 2026-05-27 15:22:10,174] 49 root - INFO - Started Regular Expression mapping
[ 2026-05-27 15:22:10,174] 174 root - INFO - Data transformation complete
[ 2026-05-27 15:22:10,174] 49 root - INFO - Started Regular Expression mapping
[ 2026-05-27 15:22:10,174] 174 root - INFO - Data transformation complete
[ 2026-05-27 15:22:10,175] 49 root - INFO - Started Regular Expression mapping
[ 2026-05-27 15:22:10,175] 25 root - INFO - Match heuristic business names to paybill payments
[ 2026-05-27 15:22:10,175] 174 root - INFO - Data transformation complete
[ 2026-05-27 15:22:10,175] 49 root - INFO - Started Regular Expression mapping
[ 2026-05-27 15:22:10,176] 174 root - INFO - Data transformation complete
[ 2026-05-27 15:22:10,176] 49 root - INFO - Started Regular Expression mapping
[ 2026-05-27 15:22:10,176] 25 root - INFO - Match heuristic business names to paybill payments
[ 2026-05-27 15:22:10,176] 174 root - INFO - Data transformation complete
[ 2026-05-27 15:22:10,176] 49 root - INFO - Started Regular Expression mapping
[ 2026-05-27 15:22:10,176] 25 root - INFO - Match heuristic business names to paybill payments
[ 2026-05-27 15:22:10,177] 174 root - INFO - Data transformation complete
[ 2026-05-27 15:22:10,177] 49 root - INFO - Started Regular Expression mapping
[ 2026-05-27 15:22:10,177] 174 root - INFO - Data transformation complete
[ 2026-05-27 15:22:10,177] 49 root - INFO - Started Regular Expression mapping
[ 2026-05-27 15:22:10,177] 174 root - INFO - Data transformation complete
[ 2026-05-27 15:22:10,178] 49 root - INFO - Started Regular Expression mapping
[ 2026-05-27 15:22:10,178] 25 root - INFO - Match heuristic business names to paybill payments
[ 2026-05-27 15:22:10,178] 174 root - INFO - Data transformation complete
[ 2026-05-27 15:22:10,178] 49 root - INFO - Started Regular Expression mapping
[ 2026-05-27 15:22:10,178] 174 root - INFO - Data transformation complete
[ 2026-05-27 15:22:10,178] 49 root - INFO - Started Regular Expression mapping
[ 2026-05-27 15:22:10,179] 174 root - INFO - Data transformation complete
[ 2026-05-27 15:22:10,179] 49 root - INFO - Started Regular Expression mapping
[ 2026-05-27 15:22:10,179] 174 root - INFO - Data transformation complete
[ 2026-05-27 15:22:10,179] 49 root - INFO - Started Regular Expression mapping
[ 2026-05-27 15:22:10,179] 174 root - INFO - Data transformation complete
[ 2026-05-27 15:22:10,180] 49 root - INFO - Started Regular Expression mapping
[ 2026-05-27 15:22:10,180] 174 root - INFO - Data transformation complete
[ 2026-05-27 15:22:10,180] 49 root - INFO - Started Regular Expression mapping
[ 2026-05-27 15:22:10,180] 174 root - INFO - Data transformation complete
[ 2026-05-27 15:22:10,180] 49 root - INFO - Started Regular Expression mapping
[ 2026-05-27 15:22:10,180] 174 root - INFO - Data transformation complete
[ 2026-05-27 15:22:10,181] 49 root - INFO - Started Regular Expression mapping
[ 2026-05-27 15:22:10,181] 174 root - INFO - Data transformation complete
[ 2026-05-27 15:22:10,181] 49 root - INFO - Started Regular Expression mapping
[ 2026-05-27 15:22:10,181] 174 root - INFO - Data transformation complete
[ 2026-05-27 15:22:10,181] 49 root - INFO - Started Regular Expression mapping
[ 2026-05-27 15:22:10,182] 174 root - INFO - Data transformation complete
[ 2026-05-27 15:22:10,182] 49 root - INFO - Started Regular Expression mapping
[ 2026-05-27 15:22:10,182] 174 root - INFO - Data transformation complete
[ 2026-05-27 15:22:10,182] 49 root - INFO - Started Regular Expression mapping
[ 2026-05-27 15:22:10,182] 25 root - INFO - Match heuristic business names to paybill payments
[ 2026-05-27 15:22:10,183] 174 root - INFO - Data transformation complete
[ 2026-05-27 15:22:10,183] 49 root - INFO - Started Regular Expression mapping
[ 2026-05-27 15:22:10,183] 174 root - INFO - Data transformation complete
[ 2026-05-27 15:22:10,183] 49 root - INFO - Started Regular Expression mapping
[ 2026-05-27 15:22:10,183] 174 root - INFO - Data transformation complete
[ 2026-05-27 15:22:10,183] 49 root - INFO - Started Regular Expression mapping
[ 2026-05-27 15:22:10,184] 174 root - INFO - Data transformation complete
[ 2026-05-27 15:22:10,184] 49 root - INFO - Started Regular Expression mapping
[ 2026-05-27 15:22:10,184] 174 root - INFO - Data transformation complete
[ 2026-05-27 15:22:10,184] 49 root - INFO - Started Regular Expression mapping
[ 2026-05-27 15:22:10,184] 174 root - INFO - Data transformation complete
[ 2026-05-27 15:22:10,185] 49 root - INFO - Started Regular Expression mapping
[ 2026-05-27 15:22:10,185] 174 root - INFO - Data transformation complete
[ 2026-05-27 15:22:10,185] 49 root - INFO - Started Regular Expression mapping
[ 2026-05-27 15:22:10,185] 174 root - INFO - Data transformation complete
[ 2026-05-27 15:22:10,185] 49 root - INFO - Started Regular Expression mapping
[ 2026-05-27 15:22:10,186] 174 root - INFO - Data transformation complete
[ 2026-05-27 15:22:10,186] 49 root - INFO - Started Regular Expression mapping
[ 2026-05-27 15:22:10,186] 25 root - INFO - Match heuristic business names to paybill payments
[ 2026-05-27 15:22:10,186] 174 root - INFO - Data transformation complete
[ 2026-05-27 15:22:10,186] 49 root - INFO - Started Regular Expression mapping
[ 2026-05-27 15:22:10,186] 174 root - INFO - Data transformation complete
[ 2026-05-27 15:22:10,187] 49 root - INFO - Started Regular Expression mapping
[ 2026-05-27 15:22:10,187] 174 root - INFO - Data transformation complete
[ 2026-05-27 15:22:10,187] 49 root - INFO - Started Regular Expression mapping
[ 2026-05-27 15:22:10,187] 25 root - INFO - Match heuristic business names to paybill payments
[ 2026-05-27 15:22:10,187] 174 root - INFO - Data transformation complete
[ 2026-05-27 15:22:10,187] 49 root - INFO - Started Regular Expression mapping
[ 2026-05-27 15:22:10,188] 174 root - INFO - Data transformation complete
[ 2026-05-27 15:22:10,188] 49 root - INFO - Started Regular Expression mapping
[ 2026-05-27 15:22:10,188] 174 root - INFO - Data transformation complete
[ 2026-05-27 15:22:10,188] 49 root - INFO - Started Regular Expression mapping
[ 2026-05-27 15:22:10,188] 25 root - INFO - Match heuristic business names to paybill payments
[ 2026-05-27 15:22:10,189] 174 root - INFO - Data transformation complete
[ 2026-05-27 15:22:10,189] 49 root - INFO - Started Regular Expression mapping
[ 2026-05-27 15:22:10,189] 174 root - INFO - Data transformation complete
[ 2026-05-27 15:22:10,189] 49 root - INFO - Started Regular Expression mapping
[ 2026-05-27 15:22:10,189] 174 root - INFO - Data transformation complete
[ 2026-05-27 15:22:10,189] 49 root - INFO - Started Regular Expression mapping
[ 2026-05-27 15:22:10,190] 174 root - INFO - Data transformation complete
[ 2026-05-27 15:22:10,190] 49 root - INFO - Started Regular Expression mapping
[ 2026-05-27 15:22:10,190] 174 root - INFO - Data transformation complete
[ 2026-05-27 15:22:10,190] 49 root - INFO - Started Regular Expression mapping
[ 2026-05-27 15:22:10,190] 174 root - INFO - Data transformation complete
[ 2026-05-27 15:22:10,191] 49 root - INFO - Started Regular Expression mapping
[ 2026-05-27 15:22:10,191] 25 root - INFO - Match heuristic business names to paybill payments
[ 2026-05-27 15:22:10,191] 174 root - INFO - Data transformation complete
[ 2026-05-27 15:22:10,191] 49 root - INFO - Started Regular Expression mapping
[ 2026-05-27 15:22:10,191] 174 root - INFO - Data transformation complete
[ 2026-05-27 15:22:10,191] 49 root - INFO - Started Regular Expression mapping
[ 2026-05-27 15:22:10,192] 174 root - INFO - Data transformation complete
[ 2026-05-27 15:22:10,192] 49 root - INFO - Started Regular Expression mapping
[ 2026-05-27 15:22:10,192] 25 root - INFO - Match heuristic business names to paybill payments
[ 2026-05-27 15:22:10,192] 174 root - INFO - Data transformation complete
[ 2026-05-27 15:22:10,193] 49 root - INFO - Started Regular Expression mapping
[ 2026-05-27 15:22:10,193] 174 root - INFO - Data transformation complete
[ 2026-05-27 15:22:10,193] 49 root - INFO - Started Regular Expression mapping
[ 2026-05-27 15:22:10,193] 25 root - INFO - Match heuristic business names to paybill payments
[ 2026-05-27 15:22:10,193] 174 root - INFO - Data transformation complete
[ 2026-05-27 15:22:10,194] 49 root - INFO - Started Regular Expression mapping
[ 2026-05-27 15:22:10,194] 174 root - INFO - Data transformation complete
[ 2026-05-27 15:22:10,194] 49 root - INFO - Started Regular Expression mapping
[ 2026-05-27 15:22:10,194] 174 root - INFO - Data transformation complete
[ 2026-05-27 15:22:10,194] 49 root - INFO - Started Regular Expression mapping
[ 2026-05-27 15:22:10,194] 25 root - INFO - Match heuristic business names to paybill payments
[ 2026-05-27 15:22:10,194] 174 root - INFO - Data transformation complete
[ 2026-05-27 15:22:10,195] 49 root - INFO - Started Regular Expression mapping
[ 2026-05-27 15:22:10,195] 174 root - INFO - Data transformation complete
[ 2026-05-27 15:22:10,195] 49 root - INFO - Started Regular Expression mapping
[ 2026-05-27 15:22:10,195] 174 root - INFO - Data transformation complete
[ 2026-05-27 15:22:10,195] 49 root - INFO - Started Regular Expression mapping
[ 2026-05-27 15:22:10,195] 174 root - INFO - Data transformation complete
[ 2026-05-27 15:22:10,196] 49 root - INFO - Started Regular Expression mapping
[ 2026-05-27 15:22:10,196] 174 root - INFO - Data transformation complete
[ 2026-05-27 15:22:10,196] 49 root - INFO - Started Regular Expression mapping
[ 2026-05-27 15:22:10,196] 174 root - INFO - Data transformation complete
[ 2026-05-27 15:22:10,196] 49 root - INFO - Started Regular Expression mapping
[ 2026-05-27 15:22:10,196] 25 root - INFO - Match heuristic business names to paybill payments
[ 2026-05-27 15:22:10,196] 174 root - INFO - Data transformation complete
[ 2026-05-27 15:22:10,197] 49 root - INFO - Started Regular Expression mapping
[ 2026-05-27 15:22:10,197] 174 root - INFO - Data transformation complete
[ 2026-05-27 15:22:10,197] 49 root - INFO - Started Regular Expression mapping
[ 2026-05-27 15:22:10,197] 174 root - INFO - Data transformation complete
[ 2026-05-27 15:22:10,197] 49 root - INFO - Started Regular Expression mapping
[ 2026-05-27 15:22:10,197] 174 root - INFO - Data transformation complete
[ 2026-05-27 15:22:10,197] 49 root - INFO - Started Regular Expression mapping
[ 2026-05-27 15:22:10,198] 174 root - INFO - Data transformation complete
[ 2026-05-27 15:22:10,198] 49 root - INFO - Started Regular Expression mapping
[ 2026-05-27 15:22:10,198] 174 root - INFO - Data transformation complete
[ 2026-05-27 15:22:10,198] 49 root - INFO - Started Regular Expression mapping
[ 2026-05-27 15:22:10,198] 174 root - INFO - Data transformation complete
[ 2026-05-27 15:22:10,198] 49 root - INFO - Started Regular Expression mapping
[ 2026-05-27 15:22:10,199] 174 root - INFO - Data transformation complete
[ 2026-05-27 15:22:10,199] 49 root - INFO - Started Regular Expression mapping
[ 2026-05-27 15:22:10,199] 25 root - INFO - Match heuristic business names to paybill payments
[ 2026-05-27 15:22:10,199] 174 root - INFO - Data transformation complete
[ 2026-05-27 15:22:10,199] 49 root - INFO - Started Regular Expression mapping
[ 2026-05-27 15:22:10,199] 174 root - INFO - Data transformation complete
[ 2026-05-27 15:22:10,199] 49 root - INFO - Started Regular Expression mapping
[ 2026-05-27 15:22:10,200] 174 root - INFO - Data transformation complete
[ 2026-05-27 15:22:10,200] 49 root - INFO - Started Regular Expression mapping
[ 2026-05-27 15:22:10,200] 174 root - INFO - Data transformation complete
[ 2026-05-27 15:22:10,200] 49 root - INFO - Started Regular Expression mapping
[ 2026-05-27 15:22:10,200] 174 root - INFO - Data transformation complete
[ 2026-05-27 15:22:10,200] 49 root - INFO - Started Regular Expression mapping
[ 2026-05-27 15:22:10,201] 174 root - INFO - Data transformation complete
[ 2026-05-27 15:22:10,201] 49 root - INFO - Started Regular Expression mapping
[ 2026-05-27 15:22:10,201] 174 root - INFO - Data transformation complete
[ 2026-05-27 15:22:10,201] 49 root - INFO - Started Regular Expression mapping
[ 2026-05-27 15:22:10,201] 174 root - INFO - Data transformation complete
[ 2026-05-27 15:22:10,201] 49 root - INFO - Started Regular Expression mapping
[ 2026-05-27 15:22:10,201] 25 root - INFO - Match heuristic business names to paybill payments
[ 2026-05-27 15:22:10,202] 174 root - INFO - Data transformation complete
[ 2026-05-27 15:22:10,202] 49 root - INFO - Started Regular Expression mapping
[ 2026-05-27 15:22:10,202] 25 root - INFO - Match heuristic business names to paybill payments
[ 2026-05-27 15:22:10,202] 174 root - INFO - Data transformation complete
[ 2026-05-27 15:22:10,202] 49 root - INFO - Started Regular Expression mapping
[ 2026-05-27 15:22:10,202] 174 root - INFO - Data transformation complete
[ 2026-05-27 15:22:10,202] 49 root - INFO - Started Regular Expression mapping
[ 2026-05-27 15:22:10,203] 174 root - INFO - Data transformation complete
[ 2026-05-27 15:22:10,203] 49 root - INFO - Started Regular Expression mapping
[ 2026-05-27 15:22:10,203] 25 root - INFO - Match heuristic business names to paybill payments
[ 2026-05-27 15:22:10,203] 174 root - INFO - Data transformation complete
[ 2026-05-27 15:22:10,203] 49 root - INFO - Started Regular Expression mapping
[ 2026-05-27 15:22:10,203] 174 root - INFO - Data transformation complete
[ 2026-05-27 15:22:10,203] 49 root - INFO - Started Regular Expression mapping
[ 2026-05-27 15:22:10,204] 174 root - INFO - Data transformation complete
[ 2026-05-27 15:22:10,204] 49 root - INFO - Started Regular Expression mapping
[ 2026-05-27 15:22:10,204] 25 root - INFO - Match heuristic business names to paybill payments
[ 2026-05-27 15:22:10,204] 174 root - INFO - Data transformation complete
[ 2026-05-27 15:22:10,204] 49 root - INFO - Started Regular Expression mapping
[ 2026-05-27 15:22:10,204] 25 root - INFO - Match heuristic business names to paybill payments
[ 2026-05-27 15:22:10,205] 174 root - INFO - Data transformation complete
[ 2026-05-27 15:22:10,205] 49 root - INFO - Started Regular Expression mapping
[ 2026-05-27 15:22:10,205] 25 root - INFO - Match heuristic business names to paybill payments
[ 2026-05-27 15:22:10,205] 174 root - INFO - Data transformation complete
[ 2026-05-27 15:22:10,205] 49 root - INFO - Started Regular Expression mapping
[ 2026-05-27 15:22:10,205] 174 root - INFO - Data transformation complete
[ 2026-05-27 15:22:10,205] 49 root - INFO - Started Regular Expression mapping
[ 2026-05-27 15:22:10,206] 174 root - INFO - Data transformation complete
[ 2026-05-27 15:22:10,206] 49 root - INFO - Started Regular Expression mapping
[ 2026-05-27 15:22:10,206] 174 root - INFO - Data transformation complete
[ 2026-05-27 15:22:10,206] 49 root - INFO - Started Regular Expression mapping
[ 2026-05-27 15:22:10,206] 174 root - INFO - Data transformation complete
[ 2026-05-27 15:22:10,206] 49 root - INFO - Started Regular Expression mapping
[ 2026-05-27 15:22:10,206] 25 root - INFO - Match heuristic business names to paybill payments
[ 2026-05-27 15:22:10,207] 174 root - INFO - Data transformation complete
[ 2026-05-27 15:22:10,207] 49 root - INFO - Started Regular Expression mapping
[ 2026-05-27 15:22:10,207] 174 root - INFO - Data transformation complete
[ 2026-05-27 15:22:10,207] 49 root - INFO - Started Regular Expression mapping
[ 2026-05-27 15:22:10,207] 174 root - INFO - Data transformation complete
[ 2026-05-27 15:22:10,207] 49 root - INFO - Started Regular Expression mapping
[ 2026-05-27 15:22:10,208] 174 root - INFO - Data transformation complete
[ 2026-05-27 15:22:10,208] 49 root - INFO - Started Regular Expression mapping
[ 2026-05-27 15:22:10,208] 174 root - INFO - Data transformation complete
[ 2026-05-27 15:22:10,208] 49 root - INFO - Started Regular Expression mapping
[ 2026-05-27 15:22:10,208] 25 root - INFO - Match heuristic business names to paybill payments
[ 2026-05-27 15:22:10,209] 174 root - INFO - Data transformation complete
[ 2026-05-27 15:22:10,209] 49 root - INFO - Started Regular Expression mapping
[ 2026-05-27 15:22:10,209] 174 root - INFO - Data transformation complete
[ 2026-05-27 15:22:10,209] 49 root - INFO - Started Regular Expression mapping
[ 2026-05-27 15:22:10,210] 25 root - INFO - Match heuristic business names to paybill payments
[ 2026-05-27 15:22:10,210] 174 root - INFO - Data transformation complete
[ 2026-05-27 15:22:10,210] 49 root - INFO - Started Regular Expression mapping
[ 2026-05-27 15:22:10,210] 174 root - INFO - Data transformation complete
[ 2026-05-27 15:22:10,210] 49 root - INFO - Started Regular Expression mapping
[ 2026-05-27 15:22:10,211] 174 root - INFO - Data transformation complete
[ 2026-05-27 15:22:10,211] 49 root - INFO - Started Regular Expression mapping
[ 2026-05-27 15:22:10,211] 174 root - INFO - Data transformation complete
[ 2026-05-27 15:22:10,211] 49 root - INFO - Started Regular Expression mapping
[ 2026-05-27 15:22:10,211] 174 root - INFO - Data transformation complete
[ 2026-05-27 15:22:10,212] 49 root - INFO - Started Regular Expression mapping
[ 2026-05-27 15:22:10,212] 174 root - INFO - Data transformation complete
[ 2026-05-27 15:22:10,212] 49 root - INFO - Started Regular Expression mapping
[ 2026-05-27 15:22:10,212] 25 root - INFO - Match heuristic business names to paybill payments
[ 2026-05-27 15:22:10,212] 174 root - INFO - Data transformation complete
[ 2026-05-27 15:22:10,212] 49 root - INFO - Started Regular Expression mapping
[ 2026-05-27 15:22:10,212] 174 root - INFO - Data transformation complete
[ 2026-05-27 15:22:10,213] 49 root - INFO - Started Regular Expression mapping
[ 2026-05-27 15:22:10,213] 174 root - INFO - Data transformation complete
[ 2026-05-27 15:22:10,213] 49 root - INFO - Started Regular Expression mapping
[ 2026-05-27 15:22:10,213] 174 root - INFO - Data transformation complete
[ 2026-05-27 15:22:10,213] 49 root - INFO - Started Regular Expression mapping
[ 2026-05-27 15:22:10,213] 25 root - INFO - Match heuristic business names to paybill payments
[ 2026-05-27 15:22:10,213] 174 root - INFO - Data transformation complete
[ 2026-05-27 15:22:10,214] 49 root - INFO - Started Regular Expression mapping
[ 2026-05-27 15:22:10,214] 174 root - INFO - Data transformation complete
[ 2026-05-27 15:22:10,214] 49 root - INFO - Started Regular Expression mapping
[ 2026-05-27 15:22:10,214] 174 root - INFO - Data transformation complete
[ 2026-05-27 15:22:10,214] 49 root - INFO - Started Regular Expression mapping
[ 2026-05-27 15:22:10,214] 174 root - INFO - Data transformation complete
[ 2026-05-27 15:22:10,215] 49 root - INFO - Started Regular Expression mapping
[ 2026-05-27 15:22:10,215] 174 root - INFO - Data transformation complete
[ 2026-05-27 15:22:10,215] 49 root - INFO - Started Regular Expression mapping
[ 2026-05-27 15:22:10,215] 174 root - INFO - Data transformation complete
[ 2026-05-27 15:22:10,215] 49 root - INFO - Started Regular Expression mapping
[ 2026-05-27 15:22:10,215] 174 root - INFO - Data transformation complete
[ 2026-05-27 15:22:10,215] 49 root - INFO - Started Regular Expression mapping
[ 2026-05-27 15:22:10,216] 174 root - INFO - Data transformation complete
[ 2026-05-27 15:22:10,216] 49 root - INFO - Started Regular Expression mapping
[ 2026-05-27 15:22:10,216] 25 root - INFO - Match heuristic business names to paybill payments
[ 2026-05-27 15:22:10,216] 174 root - INFO - Data transformation complete
[ 2026-05-27 15:22:10,216] 49 root - INFO - Started Regular Expression mapping
[ 2026-05-27 15:22:10,216] 174 root - INFO - Data transformation complete
[ 2026-05-27 15:22:10,216] 49 root - INFO - Started Regular Expression mapping
[ 2026-05-27 15:22:10,217] 174 root - INFO - Data transformation complete
[ 2026-05-27 15:22:10,217] 49 root - INFO - Started Regular Expression mapping
[ 2026-05-27 15:22:10,217] 174 root - INFO - Data transformation complete
[ 2026-05-27 15:22:10,217] 49 root - INFO - Started Regular Expression mapping
[ 2026-05-27 15:22:10,217] 174 root - INFO - Data transformation complete
[ 2026-05-27 15:22:10,217] 49 root - INFO - Started Regular Expression mapping
[ 2026-05-27 15:22:10,218] 174 root - INFO - Data transformation complete
[ 2026-05-27 15:22:10,218] 49 root - INFO - Started Regular Expression mapping
[ 2026-05-27 15:22:10,218] 174 root - INFO - Data transformation complete
[ 2026-05-27 15:22:10,218] 49 root - INFO - Started Regular Expression mapping
[ 2026-05-27 15:22:10,218] 25 root - INFO - Match heuristic business names to paybill payments
[ 2026-05-27 15:22:10,218] 174 root - INFO - Data transformation complete
[ 2026-05-27 15:22:10,218] 49 root - INFO - Started Regular Expression mapping
[ 2026-05-27 15:22:10,219] 25 root - INFO - Match heuristic business names to paybill payments
[ 2026-05-27 15:22:10,219] 174 root - INFO - Data transformation complete
[ 2026-05-27 15:22:10,219] 49 root - INFO - Started Regular Expression mapping
[ 2026-05-27 15:22:10,219] 174 root - INFO - Data transformation complete
[ 2026-05-27 15:22:10,219] 49 root - INFO - Started Regular Expression mapping
[ 2026-05-27 15:22:10,219] 174 root - INFO - Data transformation complete
[ 2026-05-27 15:22:10,219] 49 root - INFO - Started Regular Expression mapping
[ 2026-05-27 15:22:10,220] 174 root - INFO - Data transformation complete
[ 2026-05-27 15:22:10,220] 49 root - INFO - Started Regular Expression mapping
[ 2026-05-27 15:22:10,220] 174 root - INFO - Data transformation complete
[ 2026-05-27 15:22:10,220] 49 root - INFO - Started Regular Expression mapping
[ 2026-05-27 15:22:10,220] 174 root - INFO - Data transformation complete
[ 2026-05-27 15:22:10,220] 49 root - INFO - Started Regular Expression mapping
[ 2026-05-27 15:22:10,221] 25 root - INFO - Match heuristic business names to paybill payments
[ 2026-05-27 15:22:10,221] 174 root - INFO - Data transformation complete
[ 2026-05-27 15:22:10,221] 49 root - INFO - Started Regular Expression mapping
[ 2026-05-27 15:22:10,221] 174 root - INFO - Data transformation complete
[ 2026-05-27 15:22:10,221] 49 root - INFO - Started Regular Expression mapping
[ 2026-05-27 15:22:10,221] 174 root - INFO - Data transformation complete
[ 2026-05-27 15:22:10,221] 49 root - INFO - Started Regular Expression mapping
[ 2026-05-27 15:22:10,222] 174 root - INFO - Data transformation complete
[ 2026-05-27 15:22:10,222] 49 root - INFO - Started Regular Expression mapping
[ 2026-05-27 15:22:10,222] 25 root - INFO - Match heuristic business names to paybill payments
[ 2026-05-27 15:22:10,222] 174 root - INFO - Data transformation complete
[ 2026-05-27 15:22:10,222] 49 root - INFO - Started Regular Expression mapping
[ 2026-05-27 15:22:10,222] 174 root - INFO - Data transformation complete
[ 2026-05-27 15:22:10,222] 49 root - INFO - Started Regular Expression mapping
[ 2026-05-27 15:22:10,223] 174 root - INFO - Data transformation complete
[ 2026-05-27 15:22:10,223] 49 root - INFO - Started Regular Expression mapping
[ 2026-05-27 15:22:10,223] 174 root - INFO - Data transformation complete
[ 2026-05-27 15:22:10,223] 49 root - INFO - Started Regular Expression mapping
[ 2026-05-27 15:22:10,223] 174 root - INFO - Data transformation complete
[ 2026-05-27 15:22:10,223] 49 root - INFO - Started Regular Expression mapping
[ 2026-05-27 15:22:10,224] 174 root - INFO - Data transformation complete
[ 2026-05-27 15:22:10,224] 49 root - INFO - Started Regular Expression mapping
[ 2026-05-27 15:22:10,224] 174 root - INFO - Data transformation complete
[ 2026-05-27 15:22:10,224] 49 root - INFO - Started Regular Expression mapping
[ 2026-05-27 15:22:10,224] 174 root - INFO - Data transformation complete
[ 2026-05-27 15:22:10,224] 49 root - INFO - Started Regular Expression mapping
[ 2026-05-27 15:22:10,225] 174 root - INFO - Data transformation complete
[ 2026-05-27 15:22:10,225] 49 root - INFO - Started Regular Expression mapping
[ 2026-05-27 15:22:10,225] 174 root - INFO - Data transformation complete
[ 2026-05-27 15:22:10,225] 49 root - INFO - Started Regular Expression mapping
[ 2026-05-27 15:22:10,226] 174 root - INFO - Data transformation complete
[ 2026-05-27 15:22:10,226] 49 root - INFO - Started Regular Expression mapping
[ 2026-05-27 15:22:10,226] 174 root - INFO - Data transformation complete
[ 2026-05-27 15:22:10,226] 49 root - INFO - Started Regular Expression mapping
[ 2026-05-27 15:22:10,226] 174 root - INFO - Data transformation complete
[ 2026-05-27 15:22:10,227] 49 root - INFO - Started Regular Expression mapping
[ 2026-05-27 15:22:10,227] 174 root - INFO - Data transformation complete
[ 2026-05-27 15:22:10,227] 49 root - INFO - Started Regular Expression mapping
[ 2026-05-27 15:22:10,227] 174 root - INFO - Data transformation complete
[ 2026-05-27 15:22:10,227] 49 root - INFO - Started Regular Expression mapping
[ 2026-05-27 15:22:10,227] 174 root - INFO - Data transformation complete
[ 2026-05-27 15:22:10,228] 49 root - INFO - Started Regular Expression mapping
[ 2026-05-27 15:22:10,228] 174 root - INFO - Data transformation complete
[ 2026-05-27 15:22:10,228] 49 root - INFO - Started Regular Expression mapping
[ 2026-05-27 15:22:10,228] 174 root - INFO - Data transformation complete
[ 2026-05-27 15:22:10,228] 49 root - INFO - Started Regular Expression mapping
[ 2026-05-27 15:22:10,228] 174 root - INFO - Data transformation complete
[ 2026-05-27 15:22:10,228] 49 root - INFO - Started Regular Expression mapping
[ 2026-05-27 15:22:10,229] 174 root - INFO - Data transformation complete
[ 2026-05-27 15:22:10,229] 49 root - INFO - Started Regular Expression mapping
[ 2026-05-27 15:22:10,229] 174 root - INFO - Data transformation complete
[ 2026-05-27 15:22:10,229] 49 root - INFO - Started Regular Expression mapping
[ 2026-05-27 15:22:10,229] 174 root - INFO - Data transformation complete
[ 2026-05-27 15:22:10,229] 49 root - INFO - Started Regular Expression mapping
[ 2026-05-27 15:22:10,230] 25 root - INFO - Match heuristic business names to paybill payments
[ 2026-05-27 15:22:10,230] 174 root - INFO - Data transformation complete
[ 2026-05-27 15:22:10,230] 49 root - INFO - Started Regular Expression mapping
[ 2026-05-27 15:22:10,230] 174 root - INFO - Data transformation complete
[ 2026-05-27 15:22:10,230] 49 root - INFO - Started Regular Expression mapping
[ 2026-05-27 15:22:10,230] 25 root - INFO - Match heuristic business names to paybill payments
[ 2026-05-27 15:22:10,230] 174 root - INFO - Data transformation complete
[ 2026-05-27 15:22:10,231] 49 root - INFO - Started Regular Expression mapping
[ 2026-05-27 15:22:10,231] 174 root - INFO - Data transformation complete
[ 2026-05-27 15:22:10,231] 49 root - INFO - Started Regular Expression mapping
[ 2026-05-27 15:22:10,231] 174 root - INFO - Data transformation complete
[ 2026-05-27 15:22:10,231] 49 root - INFO - Started Regular Expression mapping
[ 2026-05-27 15:22:10,231] 174 root - INFO - Data transformation complete
[ 2026-05-27 15:22:10,232] 49 root - INFO - Started Regular Expression mapping
[ 2026-05-27 15:22:10,232] 174 root - INFO - Data transformation complete
[ 2026-05-27 15:22:10,232] 49 root - INFO - Started Regular Expression mapping
[ 2026-05-27 15:22:10,232] 174 root - INFO - Data transformation complete
[ 2026-05-27 15:22:10,232] 49 root - INFO - Started Regular Expression mapping
[ 2026-05-27 15:22:10,232] 174 root - INFO - Data transformation complete
[ 2026-05-27 15:22:10,233] 49 root - INFO - Started Regular Expression mapping
[ 2026-05-27 15:22:10,233] 25 root - INFO - Match heuristic business names to paybill payments
[ 2026-05-27 15:22:10,233] 174 root - INFO - Data transformation complete
[ 2026-05-27 15:22:10,233] 49 root - INFO - Started Regular Expression mapping
[ 2026-05-27 15:22:10,233] 174 root - INFO - Data transformation complete
[ 2026-05-27 15:22:10,233] 49 root - INFO - Started Regular Expression mapping
[ 2026-05-27 15:22:10,233] 174 root - INFO - Data transformation complete
[ 2026-05-27 15:22:10,234] 49 root - INFO - Started Regular Expression mapping
[ 2026-05-27 15:22:10,234] 174 root - INFO - Data transformation complete
[ 2026-05-27 15:22:10,234] 49 root - INFO - Started Regular Expression mapping
[ 2026-05-27 15:22:10,234] 174 root - INFO - Data transformation complete
[ 2026-05-27 15:22:10,234] 49 root - INFO - Started Regular Expression mapping
[ 2026-05-27 15:22:10,234] 25 root - INFO - Match heuristic business names to paybill payments
[ 2026-05-27 15:22:10,234] 174 root - INFO - Data transformation complete
[ 2026-05-27 15:22:10,235] 49 root - INFO - Started Regular Expression mapping
[ 2026-05-27 15:22:10,235] 174 root - INFO - Data transformation complete
[ 2026-05-27 15:22:10,235] 49 root - INFO - Started Regular Expression mapping
[ 2026-05-27 15:22:10,235] 25 root - INFO - Match heuristic business names to paybill payments
[ 2026-05-27 15:22:10,235] 174 root - INFO - Data transformation complete
[ 2026-05-27 15:22:10,235] 49 root - INFO - Started Regular Expression mapping
[ 2026-05-27 15:22:10,236] 174 root - INFO - Data transformation complete
[ 2026-05-27 15:22:10,236] 49 root - INFO - Started Regular Expression mapping
[ 2026-05-27 15:22:10,236] 174 root - INFO - Data transformation complete
[ 2026-05-27 15:22:10,236] 49 root - INFO - Started Regular Expression mapping
[ 2026-05-27 15:22:10,236] 174 root - INFO - Data transformation complete
[ 2026-05-27 15:22:10,236] 49 root - INFO - Started Regular Expression mapping
[ 2026-05-27 15:22:10,236] 174 root - INFO - Data transformation complete
[ 2026-05-27 15:22:10,237] 49 root - INFO - Started Regular Expression mapping
[ 2026-05-27 15:22:10,237] 174 root - INFO - Data transformation complete
[ 2026-05-27 15:22:10,237] 49 root - INFO - Started Regular Expression mapping
[ 2026-05-27 15:22:10,237] 174 root - INFO - Data transformation complete
[ 2026-05-27 15:22:10,237] 49 root - INFO - Started Regular Expression mapping
[ 2026-05-27 15:22:10,237] 25 root - INFO - Match heuristic business names to paybill payments
[ 2026-05-27 15:22:10,237] 174 root - INFO - Data transformation complete
[ 2026-05-27 15:22:10,238] 49 root - INFO - Started Regular Expression mapping
[ 2026-05-27 15:22:10,238] 174 root - INFO - Data transformation complete
[ 2026-05-27 15:22:10,238] 49 root - INFO - Started Regular Expression mapping
[ 2026-05-27 15:22:10,238] 174 root - INFO - Data transformation complete
[ 2026-05-27 15:22:10,238] 49 root - INFO - Started Regular Expression mapping
[ 2026-05-27 15:22:10,238] 174 root - INFO - Data transformation complete
[ 2026-05-27 15:22:10,239] 49 root - INFO - Started Regular Expression mapping
[ 2026-05-27 15:22:10,239] 174 root - INFO - Data transformation complete
[ 2026-05-27 15:22:10,239] 49 root - INFO - Started Regular Expression mapping
[ 2026-05-27 15:22:10,239] 174 root - INFO - Data transformation complete
[ 2026-05-27 15:22:10,239] 49 root - INFO - Started Regular Expression mapping
[ 2026-05-27 15:22:10,239] 174 root - INFO - Data transformation complete
[ 2026-05-27 15:22:10,239] 49 root - INFO - Started Regular Expression mapping
[ 2026-05-27 15:22:10,240] 174 root - INFO - Data transformation complete
[ 2026-05-27 15:22:10,240] 49 root - INFO - Started Regular Expression mapping
[ 2026-05-27 15:22:10,240] 25 root - INFO - Match heuristic business names to paybill payments
[ 2026-05-27 15:22:10,240] 174 root - INFO - Data transformation complete
[ 2026-05-27 15:22:10,240] 49 root - INFO - Started Regular Expression mapping
[ 2026-05-27 15:22:10,240] 174 root - INFO - Data transformation complete
[ 2026-05-27 15:22:10,241] 49 root - INFO - Started Regular Expression mapping
[ 2026-05-27 15:22:10,241] 174 root - INFO - Data transformation complete
[ 2026-05-27 15:22:10,241] 49 root - INFO - Started Regular Expression mapping
[ 2026-05-27 15:22:10,241] 25 root - INFO - Match heuristic business names to paybill payments
[ 2026-05-27 15:22:10,241] 174 root - INFO - Data transformation complete
[ 2026-05-27 15:22:10,241] 49 root - INFO - Started Regular Expression mapping
[ 2026-05-27 15:22:10,241] 25 root - INFO - Match heuristic business names to paybill payments
[ 2026-05-27 15:22:10,242] 174 root - INFO - Data transformation complete
[ 2026-05-27 15:22:10,242] 49 root - INFO - Started Regular Expression mapping
[ 2026-05-27 15:22:10,242] 174 root - INFO - Data transformation complete
[ 2026-05-27 15:22:10,242] 49 root - INFO - Started Regular Expression mapping
[ 2026-05-27 15:22:10,243] 174 root - INFO - Data transformation complete
[ 2026-05-27 15:22:10,243] 49 root - INFO - Started Regular Expression mapping
[ 2026-05-27 15:22:10,243] 174 root - INFO - Data transformation complete
[ 2026-05-27 15:22:10,243] 49 root - INFO - Started Regular Expression mapping
[ 2026-05-27 15:22:10,244] 174 root - INFO - Data transformation complete
[ 2026-05-27 15:22:10,244] 49 root - INFO - Started Regular Expression mapping
[ 2026-05-27 15:22:10,244] 174 root - INFO - Data transformation complete
[ 2026-05-27 15:22:10,244] 49 root - INFO - Started Regular Expression mapping
[ 2026-05-27 15:22:10,244] 174 root - INFO - Data transformation complete
[ 2026-05-27 15:22:10,245] 49 root - INFO - Started Regular Expression mapping
[ 2026-05-27 15:22:10,245] 174 root - INFO - Data transformation complete
[ 2026-05-27 15:22:10,245] 49 root - INFO - Started Regular Expression mapping
[ 2026-05-27 15:22:10,245] 25 root - INFO - Match heuristic business names to paybill payments
[ 2026-05-27 15:22:10,245] 174 root - INFO - Data transformation complete
[ 2026-05-27 15:22:10,245] 49 root - INFO - Started Regular Expression mapping
[ 2026-05-27 15:22:10,246] 25 root - INFO - Match heuristic business names to paybill payments
[ 2026-05-27 15:22:10,246] 174 root - INFO - Data transformation complete
[ 2026-05-27 15:22:10,246] 49 root - INFO - Started Regular Expression mapping
[ 2026-05-27 15:22:10,246] 174 root - INFO - Data transformation complete
[ 2026-05-27 15:22:10,246] 49 root - INFO - Started Regular Expression mapping
[ 2026-05-27 15:22:10,246] 174 root - INFO - Data transformation complete
[ 2026-05-27 15:22:10,246] 49 root - INFO - Started Regular Expression mapping
[ 2026-05-27 15:22:10,246] 174 root - INFO - Data transformation complete
[ 2026-05-27 15:22:10,247] 49 root - INFO - Started Regular Expression mapping
[ 2026-05-27 15:22:10,247] 25 root - INFO - Match heuristic business names to paybill payments
[ 2026-05-27 15:22:10,247] 174 root - INFO - Data transformation complete
[ 2026-05-27 15:22:10,247] 49 root - INFO - Started Regular Expression mapping
[ 2026-05-27 15:22:10,248] 174 root - INFO - Data transformation complete
[ 2026-05-27 15:22:10,248] 49 root - INFO - Started Regular Expression mapping
[ 2026-05-27 15:22:10,248] 174 root - INFO - Data transformation complete
[ 2026-05-27 15:22:10,248] 49 root - INFO - Started Regular Expression mapping
[ 2026-05-27 15:22:10,248] 174 root - INFO - Data transformation complete
[ 2026-05-27 15:22:10,248] 49 root - INFO - Started Regular Expression mapping
[ 2026-05-27 15:22:10,249] 174 root - INFO - Data transformation complete
[ 2026-05-27 15:22:10,249] 49 root - INFO - Started Regular Expression mapping
[ 2026-05-27 15:22:10,249] 25 root - INFO - Match heuristic business names to paybill payments
[ 2026-05-27 15:22:10,249] 174 root - INFO - Data transformation complete
[ 2026-05-27 15:22:10,249] 49 root - INFO - Started Regular Expression mapping
[ 2026-05-27 15:22:10,249] 174 root - INFO - Data transformation complete
[ 2026-05-27 15:22:10,250] 49 root - INFO - Started Regular Expression mapping
[ 2026-05-27 15:22:10,250] 174 root - INFO - Data transformation complete
[ 2026-05-27 15:22:10,250] 49 root - INFO - Started Regular Expression mapping
[ 2026-05-27 15:22:10,250] 174 root - INFO - Data transformation complete
[ 2026-05-27 15:22:10,250] 49 root - INFO - Started Regular Expression mapping
[ 2026-05-27 15:22:10,250] 174 root - INFO - Data transformation complete
[ 2026-05-27 15:22:10,250] 49 root - INFO - Started Regular Expression mapping
[ 2026-05-27 15:22:10,251] 174 root - INFO - Data transformation complete
[ 2026-05-27 15:22:10,251] 49 root - INFO - Started Regular Expression mapping
[ 2026-05-27 15:22:10,251] 174 root - INFO - Data transformation complete
[ 2026-05-27 15:22:10,251] 49 root - INFO - Started Regular Expression mapping
[ 2026-05-27 15:22:10,251] 174 root - INFO - Data transformation complete
[ 2026-05-27 15:22:10,251] 49 root - INFO - Started Regular Expression mapping
[ 2026-05-27 15:22:10,252] 174 root - INFO - Data transformation complete
[ 2026-05-27 15:22:10,252] 49 root - INFO - Started Regular Expression mapping
[ 2026-05-27 15:22:10,252] 174 root - INFO - Data transformation complete
[ 2026-05-27 15:22:10,252] 49 root - INFO - Started Regular Expression mapping
[ 2026-05-27 15:22:10,252] 25 root - INFO - Match heuristic business names to paybill payments
[ 2026-05-27 15:22:10,252] 174 root - INFO - Data transformation complete
[ 2026-05-27 15:22:10,252] 49 root - INFO - Started Regular Expression mapping
[ 2026-05-27 15:22:10,253] 174 root - INFO - Data transformation complete
[ 2026-05-27 15:22:10,253] 49 root - INFO - Started Regular Expression mapping
[ 2026-05-27 15:22:10,253] 174 root - INFO - Data transformation complete
[ 2026-05-27 15:22:10,253] 49 root - INFO - Started Regular Expression mapping
[ 2026-05-27 15:22:10,253] 174 root - INFO - Data transformation complete
[ 2026-05-27 15:22:10,253] 49 root - INFO - Started Regular Expression mapping
[ 2026-05-27 15:22:10,254] 25 root - INFO - Match heuristic business names to paybill payments
[ 2026-05-27 15:22:10,254] 174 root - INFO - Data transformation complete
[ 2026-05-27 15:22:10,254] 49 root - INFO - Started Regular Expression mapping
[ 2026-05-27 15:22:10,254] 174 root - INFO - Data transformation complete
[ 2026-05-27 15:22:10,254] 49 root - INFO - Started Regular Expression mapping
[ 2026-05-27 15:22:10,254] 174 root - INFO - Data transformation complete
[ 2026-05-27 15:22:10,254] 49 root - INFO - Started Regular Expression mapping
[ 2026-05-27 15:22:10,255] 174 root - INFO - Data transformation complete
[ 2026-05-27 15:22:10,255] 49 root - INFO - Started Regular Expression mapping
[ 2026-05-27 15:22:10,255] 174 root - INFO - Data transformation complete
[ 2026-05-27 15:22:10,255] 49 root - INFO - Started Regular Expression mapping
[ 2026-05-27 15:22:10,255] 174 root - INFO - Data transformation complete
[ 2026-05-27 15:22:10,255] 49 root - INFO - Started Regular Expression mapping
[ 2026-05-27 15:22:10,255] 174 root - INFO - Data transformation complete
[ 2026-05-27 15:22:10,256] 49 root - INFO - Started Regular Expression mapping
[ 2026-05-27 15:22:10,256] 174 root - INFO - Data transformation complete
[ 2026-05-27 15:22:10,256] 49 root - INFO - Started Regular Expression mapping
[ 2026-05-27 15:22:10,256] 174 root - INFO - Data transformation complete
[ 2026-05-27 15:22:10,256] 49 root - INFO - Started Regular Expression mapping
[ 2026-05-27 15:22:10,256] 174 root - INFO - Data transformation complete
[ 2026-05-27 15:22:10,256] 49 root - INFO - Started Regular Expression mapping
[ 2026-05-27 15:22:10,257] 174 root - INFO - Data transformation complete
[ 2026-05-27 15:22:10,257] 49 root - INFO - Started Regular Expression mapping
[ 2026-05-27 15:22:10,257] 174 root - INFO - Data transformation complete
[ 2026-05-27 15:22:10,257] 49 root - INFO - Started Regular Expression mapping
[ 2026-05-27 15:22:10,257] 174 root - INFO - Data transformation complete
[ 2026-05-27 15:22:10,257] 49 root - INFO - Started Regular Expression mapping
[ 2026-05-27 15:22:10,258] 174 root - INFO - Data transformation complete
[ 2026-05-27 15:22:10,258] 49 root - INFO - Started Regular Expression mapping
[ 2026-05-27 15:22:10,258] 174 root - INFO - Data transformation complete
[ 2026-05-27 15:22:10,258] 49 root - INFO - Started Regular Expression mapping
[ 2026-05-27 15:22:10,258] 174 root - INFO - Data transformation complete
[ 2026-05-27 15:22:10,259] 49 root - INFO - Started Regular Expression mapping
[ 2026-05-27 15:22:10,259] 174 root - INFO - Data transformation complete
[ 2026-05-27 15:22:10,259] 49 root - INFO - Started Regular Expression mapping
[ 2026-05-27 15:22:10,259] 25 root - INFO - Match heuristic business names to paybill payments
[ 2026-05-27 15:22:10,260] 174 root - INFO - Data transformation complete
[ 2026-05-27 15:22:10,260] 49 root - INFO - Started Regular Expression mapping
[ 2026-05-27 15:22:10,260] 174 root - INFO - Data transformation complete
[ 2026-05-27 15:22:10,260] 49 root - INFO - Started Regular Expression mapping
[ 2026-05-27 15:22:10,260] 174 root - INFO - Data transformation complete
[ 2026-05-27 15:22:10,261] 49 root - INFO - Started Regular Expression mapping
[ 2026-05-27 15:22:10,261] 174 root - INFO - Data transformation complete
[ 2026-05-27 15:22:10,261] 49 root - INFO - Started Regular Expression mapping
[ 2026-05-27 15:22:10,261] 25 root - INFO - Match heuristic business names to paybill payments
[ 2026-05-27 15:22:10,262] 174 root - INFO - Data transformation complete
[ 2026-05-27 15:22:10,262] 49 root - INFO - Started Regular Expression mapping
[ 2026-05-27 15:22:10,262] 174 root - INFO - Data transformation complete
[ 2026-05-27 15:22:10,262] 49 root - INFO - Started Regular Expression mapping
[ 2026-05-27 15:22:10,262] 174 root - INFO - Data transformation complete
[ 2026-05-27 15:22:10,262] 49 root - INFO - Started Regular Expression mapping
[ 2026-05-27 15:22:10,262] 174 root - INFO - Data transformation complete
[ 2026-05-27 15:22:10,263] 49 root - INFO - Started Regular Expression mapping
[ 2026-05-27 15:22:10,263] 174 root - INFO - Data transformation complete
[ 2026-05-27 15:22:10,263] 49 root - INFO - Started Regular Expression mapping
[ 2026-05-27 15:22:10,263] 25 root - INFO - Match heuristic business names to paybill payments
[ 2026-05-27 15:22:10,263] 174 root - INFO - Data transformation complete
[ 2026-05-27 15:22:10,263] 49 root - INFO - Started Regular Expression mapping
[ 2026-05-27 15:22:10,264] 174 root - INFO - Data transformation complete
[ 2026-05-27 15:22:10,264] 49 root - INFO - Started Regular Expression mapping
[ 2026-05-27 15:22:10,264] 174 root - INFO - Data transformation complete
[ 2026-05-27 15:22:10,264] 49 root - INFO - Started Regular Expression mapping
[ 2026-05-27 15:22:10,264] 174 root - INFO - Data transformation complete
[ 2026-05-27 15:22:10,264] 49 root - INFO - Started Regular Expression mapping
[ 2026-05-27 15:22:10,264] 174 root - INFO - Data transformation complete
[ 2026-05-27 15:22:10,265] 49 root - INFO - Started Regular Expression mapping
[ 2026-05-27 15:22:10,265] 174 root - INFO - Data transformation complete
[ 2026-05-27 15:22:10,265] 49 root - INFO - Started Regular Expression mapping
[ 2026-05-27 15:22:10,265] 25 root - INFO - Match heuristic business names to paybill payments
[ 2026-05-27 15:22:10,265] 174 root - INFO - Data transformation complete
[ 2026-05-27 15:22:10,265] 49 root - INFO - Started Regular Expression mapping
[ 2026-05-27 15:22:10,266] 174 root - INFO - Data transformation complete
[ 2026-05-27 15:22:10,266] 49 root - INFO - Started Regular Expression mapping
[ 2026-05-27 15:22:10,266] 174 root - INFO - Data transformation complete
[ 2026-05-27 15:22:10,266] 49 root - INFO - Started Regular Expression mapping
[ 2026-05-27 15:22:10,266] 174 root - INFO - Data transformation complete
[ 2026-05-27 15:22:10,266] 49 root - INFO - Started Regular Expression mapping
[ 2026-05-27 15:22:10,266] 174 root - INFO - Data transformation complete
[ 2026-05-27 15:22:10,267] 49 root - INFO - Started Regular Expression mapping
[ 2026-05-27 15:22:10,267] 174 root - INFO - Data transformation complete
[ 2026-05-27 15:22:10,267] 49 root - INFO - Started Regular Expression mapping
[ 2026-05-27 15:22:10,267] 174 root - INFO - Data transformation complete
[ 2026-05-27 15:22:10,267] 49 root - INFO - Started Regular Expression mapping
[ 2026-05-27 15:22:10,267] 174 root - INFO - Data transformation complete
[ 2026-05-27 15:22:10,267] 49 root - INFO - Started Regular Expression mapping
[ 2026-05-27 15:22:10,268] 174 root - INFO - Data transformation complete
[ 2026-05-27 15:22:10,268] 49 root - INFO - Started Regular Expression mapping
[ 2026-05-27 15:22:10,268] 174 root - INFO - Data transformation complete
[ 2026-05-27 15:22:10,268] 49 root - INFO - Started Regular Expression mapping
[ 2026-05-27 15:22:10,268] 174 root - INFO - Data transformation complete
[ 2026-05-27 15:22:10,268] 49 root - INFO - Started Regular Expression mapping
[ 2026-05-27 15:22:10,269] 174 root - INFO - Data transformation complete
[ 2026-05-27 15:22:10,269] 49 root - INFO - Started Regular Expression mapping
[ 2026-05-27 15:22:10,269] 174 root - INFO - Data transformation complete
[ 2026-05-27 15:22:10,269] 49 root - INFO - Started Regular Expression mapping
[ 2026-05-27 15:22:10,269] 25 root - INFO - Match heuristic business names to paybill payments
[ 2026-05-27 15:22:10,269] 174 root - INFO - Data transformation complete
[ 2026-05-27 15:22:10,269] 49 root - INFO - Started Regular Expression mapping
[ 2026-05-27 15:22:10,270] 174 root - INFO - Data transformation complete
[ 2026-05-27 15:22:10,270] 49 root - INFO - Started Regular Expression mapping
[ 2026-05-27 15:22:10,270] 174 root - INFO - Data transformation complete
[ 2026-05-27 15:22:10,270] 49 root - INFO - Started Regular Expression mapping
[ 2026-05-27 15:22:10,270] 174 root - INFO - Data transformation complete
[ 2026-05-27 15:22:10,270] 49 root - INFO - Started Regular Expression mapping
[ 2026-05-27 15:22:10,271] 174 root - INFO - Data transformation complete
[ 2026-05-27 15:22:10,271] 49 root - INFO - Started Regular Expression mapping
[ 2026-05-27 15:22:10,271] 174 root - INFO - Data transformation complete
[ 2026-05-27 15:22:10,271] 49 root - INFO - Started Regular Expression mapping
[ 2026-05-27 15:22:10,271] 174 root - INFO - Data transformation complete
[ 2026-05-27 15:22:10,271] 49 root - INFO - Started Regular Expression mapping
[ 2026-05-27 15:22:10,271] 174 root - INFO - Data transformation complete
[ 2026-05-27 15:22:10,272] 49 root - INFO - Started Regular Expression mapping
[ 2026-05-27 15:22:10,272] 174 root - INFO - Data transformation complete
[ 2026-05-27 15:22:10,272] 49 root - INFO - Started Regular Expression mapping
[ 2026-05-27 15:22:10,272] 174 root - INFO - Data transformation complete
[ 2026-05-27 15:22:10,272] 49 root - INFO - Started Regular Expression mapping
[ 2026-05-27 15:22:10,272] 25 root - INFO - Match heuristic business names to paybill payments
[ 2026-05-27 15:22:10,273] 174 root - INFO - Data transformation complete
[ 2026-05-27 15:22:10,273] 49 root - INFO - Started Regular Expression mapping
[ 2026-05-27 15:22:10,273] 174 root - INFO - Data transformation complete
[ 2026-05-27 15:22:10,273] 49 root - INFO - Started Regular Expression mapping
[ 2026-05-27 15:22:10,273] 174 root - INFO - Data transformation complete
[ 2026-05-27 15:22:10,273] 49 root - INFO - Started Regular Expression mapping
[ 2026-05-27 15:22:10,273] 174 root - INFO - Data transformation complete
[ 2026-05-27 15:22:10,274] 49 root - INFO - Started Regular Expression mapping
[ 2026-05-27 15:22:10,274] 174 root - INFO - Data transformation complete
[ 2026-05-27 15:22:10,274] 49 root - INFO - Started Regular Expression mapping
[ 2026-05-27 15:22:10,274] 174 root - INFO - Data transformation complete
[ 2026-05-27 15:22:10,274] 49 root - INFO - Started Regular Expression mapping
[ 2026-05-27 15:22:10,274] 174 root - INFO - Data transformation complete
[ 2026-05-27 15:22:10,274] 49 root - INFO - Started Regular Expression mapping
[ 2026-05-27 15:22:10,275] 174 root - INFO - Data transformation complete
[ 2026-05-27 15:22:10,275] 49 root - INFO - Started Regular Expression mapping
[ 2026-05-27 15:22:10,275] 174 root - INFO - Data transformation complete
[ 2026-05-27 15:22:10,275] 49 root - INFO - Started Regular Expression mapping
[ 2026-05-27 15:22:10,275] 174 root - INFO - Data transformation complete
[ 2026-05-27 15:22:10,276] 49 root - INFO - Started Regular Expression mapping
[ 2026-05-27 15:22:10,276] 174 root - INFO - Data transformation complete
[ 2026-05-27 15:22:10,276] 49 root - INFO - Started Regular Expression mapping
[ 2026-05-27 15:22:10,276] 174 root - INFO - Data transformation complete
[ 2026-05-27 15:22:10,276] 49 root - INFO - Started Regular Expression mapping
[ 2026-05-27 15:22:10,276] 174 root - INFO - Data transformation complete
[ 2026-05-27 15:22:10,277] 49 root - INFO - Started Regular Expression mapping
[ 2026-05-27 15:22:10,277] 25 root - INFO - Match heuristic business names to paybill payments
[ 2026-05-27 15:22:10,277] 174 root - INFO - Data transformation complete
[ 2026-05-27 15:22:10,278] 49 root - INFO - Started Regular Expression mapping
[ 2026-05-27 15:22:10,278] 174 root - INFO - Data transformation complete
[ 2026-05-27 15:22:10,278] 49 root - INFO - Started Regular Expression mapping
[ 2026-05-27 15:22:10,278] 174 root - INFO - Data transformation complete
[ 2026-05-27 15:22:10,278] 49 root - INFO - Started Regular Expression mapping
[ 2026-05-27 15:22:10,278] 174 root - INFO - Data transformation complete
[ 2026-05-27 15:22:10,279] 49 root - INFO - Started Regular Expression mapping
[ 2026-05-27 15:22:10,279] 25 root - INFO - Match heuristic business names to paybill payments
[ 2026-05-27 15:22:10,279] 174 root - INFO - Data transformation complete
[ 2026-05-27 15:22:10,279] 49 root - INFO - Started Regular Expression mapping
[ 2026-05-27 15:22:10,279] 25 root - INFO - Match heuristic business names to paybill payments
[ 2026-05-27 15:22:10,279] 174 root - INFO - Data transformation complete
[ 2026-05-27 15:22:10,279] 49 root - INFO - Started Regular Expression mapping
[ 2026-05-27 15:22:10,280] 25 root - INFO - Match heuristic business names to paybill payments
[ 2026-05-27 15:22:10,280] 174 root - INFO - Data transformation complete
[ 2026-05-27 15:22:10,280] 49 root - INFO - Started Regular Expression mapping
[ 2026-05-27 15:22:10,280] 25 root - INFO - Match heuristic business names to paybill payments
[ 2026-05-27 15:22:10,280] 174 root - INFO - Data transformation complete
[ 2026-05-27 15:22:10,280] 49 root - INFO - Started Regular Expression mapping
[ 2026-05-27 15:22:10,280] 174 root - INFO - Data transformation complete
[ 2026-05-27 15:22:10,281] 49 root - INFO - Started Regular Expression mapping
[ 2026-05-27 15:22:10,281] 174 root - INFO - Data transformation complete
[ 2026-05-27 15:22:10,281] 49 root - INFO - Started Regular Expression mapping
[ 2026-05-27 15:22:10,281] 174 root - INFO - Data transformation complete
[ 2026-05-27 15:22:10,281] 49 root - INFO - Started Regular Expression mapping
[ 2026-05-27 15:22:10,281] 174 root - INFO - Data transformation complete
[ 2026-05-27 15:22:10,281] 49 root - INFO - Started Regular Expression mapping
[ 2026-05-27 15:22:10,282] 174 root - INFO - Data transformation complete
[ 2026-05-27 15:22:10,282] 49 root - INFO - Started Regular Expression mapping
[ 2026-05-27 15:22:10,282] 25 root - INFO - Match heuristic business names to paybill payments
[ 2026-05-27 15:22:10,282] 174 root - INFO - Data transformation complete
[ 2026-05-27 15:22:10,282] 49 root - INFO - Started Regular Expression mapping
[ 2026-05-27 15:22:10,282] 174 root - INFO - Data transformation complete
[ 2026-05-27 15:22:10,283] 49 root - INFO - Started Regular Expression mapping
[ 2026-05-27 15:22:10,283] 174 root - INFO - Data transformation complete
[ 2026-05-27 15:22:10,283] 49 root - INFO - Started Regular Expression mapping
[ 2026-05-27 15:22:10,283] 174 root - INFO - Data transformation complete
[ 2026-05-27 15:22:10,283] 49 root - INFO - Started Regular Expression mapping
[ 2026-05-27 15:22:10,283] 25 root - INFO - Match heuristic business names to paybill payments
[ 2026-05-27 15:22:10,284] 174 root - INFO - Data transformation complete
[ 2026-05-27 15:22:10,284] 49 root - INFO - Started Regular Expression mapping
[ 2026-05-27 15:22:10,284] 174 root - INFO - Data transformation complete
[ 2026-05-27 15:22:10,284] 49 root - INFO - Started Regular Expression mapping
[ 2026-05-27 15:22:10,284] 174 root - INFO - Data transformation complete
[ 2026-05-27 15:22:10,284] 49 root - INFO - Started Regular Expression mapping
[ 2026-05-27 15:22:10,285] 174 root - INFO - Data transformation complete
[ 2026-05-27 15:22:10,285] 49 root - INFO - Started Regular Expression mapping
[ 2026-05-27 15:22:10,285] 174 root - INFO - Data transformation complete
[ 2026-05-27 15:22:10,285] 49 root - INFO - Started Regular Expression mapping
[ 2026-05-27 15:22:10,285] 174 root - INFO - Data transformation complete
[ 2026-05-27 15:22:10,285] 49 root - INFO - Started Regular Expression mapping
[ 2026-05-27 15:22:10,285] 174 root - INFO - Data transformation complete
[ 2026-05-27 15:22:10,286] 49 root - INFO - Started Regular Expression mapping
[ 2026-05-27 15:22:10,286] 25 root - INFO - Match heuristic business names to paybill payments
[ 2026-05-27 15:22:10,286] 174 root - INFO - Data transformation complete
[ 2026-05-27 15:22:10,286] 49 root - INFO - Started Regular Expression mapping
[ 2026-05-27 15:22:10,286] 25 root - INFO - Match heuristic business names to paybill payments
[ 2026-05-27 15:22:10,286] 174 root - INFO - Data transformation complete
[ 2026-05-27 15:22:10,286] 49 root - INFO - Started Regular Expression mapping
[ 2026-05-27 15:22:10,287] 174 root - INFO - Data transformation complete
[ 2026-05-27 15:22:10,287] 49 root - INFO - Started Regular Expression mapping
[ 2026-05-27 15:22:10,287] 174 root - INFO - Data transformation complete
[ 2026-05-27 15:22:10,287] 49 root - INFO - Started Regular Expression mapping
[ 2026-05-27 15:22:10,287] 174 root - INFO - Data transformation complete
[ 2026-05-27 15:22:10,287] 49 root - INFO - Started Regular Expression mapping
[ 2026-05-27 15:22:10,287] 174 root - INFO - Data transformation complete
[ 2026-05-27 15:22:10,288] 49 root - INFO - Started Regular Expression mapping
[ 2026-05-27 15:22:10,288] 174 root - INFO - Data transformation complete
[ 2026-05-27 15:22:10,288] 49 root - INFO - Started Regular Expression mapping
[ 2026-05-27 15:22:10,288] 174 root - INFO - Data transformation complete
[ 2026-05-27 15:22:10,288] 49 root - INFO - Started Regular Expression mapping
[ 2026-05-27 15:22:10,288] 25 root - INFO - Match heuristic business names to paybill payments
[ 2026-05-27 15:22:10,289] 174 root - INFO - Data transformation complete
[ 2026-05-27 15:22:10,289] 49 root - INFO - Started Regular Expression mapping
[ 2026-05-27 15:22:10,289] 174 root - INFO - Data transformation complete
[ 2026-05-27 15:22:10,289] 49 root - INFO - Started Regular Expression mapping
[ 2026-05-27 15:22:10,289] 174 root - INFO - Data transformation complete
[ 2026-05-27 15:22:10,289] 49 root - INFO - Started Regular Expression mapping
[ 2026-05-27 15:22:10,289] 174 root - INFO - Data transformation complete
[ 2026-05-27 15:22:10,290] 49 root - INFO - Started Regular Expression mapping
[ 2026-05-27 15:22:10,290] 174 root - INFO - Data transformation complete
[ 2026-05-27 15:22:10,290] 49 root - INFO - Started Regular Expression mapping
[ 2026-05-27 15:22:10,290] 174 root - INFO - Data transformation complete
[ 2026-05-27 15:22:10,290] 49 root - INFO - Started Regular Expression mapping
[ 2026-05-27 15:22:10,290] 174 root - INFO - Data transformation complete
[ 2026-05-27 15:22:10,290] 49 root - INFO - Started Regular Expression mapping
[ 2026-05-27 15:22:10,291] 25 root - INFO - Match heuristic business names to paybill payments
[ 2026-05-27 15:22:10,291] 174 root - INFO - Data transformation complete
[ 2026-05-27 15:22:10,291] 49 root - INFO - Started Regular Expression mapping
[ 2026-05-27 15:22:10,291] 174 root - INFO - Data transformation complete
[ 2026-05-27 15:22:10,291] 49 root - INFO - Started Regular Expression mapping
[ 2026-05-27 15:22:10,291] 174 root - INFO - Data transformation complete
[ 2026-05-27 15:22:10,292] 49 root - INFO - Started Regular Expression mapping
[ 2026-05-27 15:22:10,292] 174 root - INFO - Data transformation complete
[ 2026-05-27 15:22:10,292] 49 root - INFO - Started Regular Expression mapping
[ 2026-05-27 15:22:10,293] 25 root - INFO - Match heuristic business names to paybill payments
[ 2026-05-27 15:22:10,293] 174 root - INFO - Data transformation complete
[ 2026-05-27 15:22:10,293] 49 root - INFO - Started Regular Expression mapping
[ 2026-05-27 15:22:10,293] 174 root - INFO - Data transformation complete
[ 2026-05-27 15:22:10,293] 49 root - INFO - Started Regular Expression mapping
[ 2026-05-27 15:22:10,293] 174 root - INFO - Data transformation complete
[ 2026-05-27 15:22:10,294] 49 root - INFO - Started Regular Expression mapping
[ 2026-05-27 15:22:10,294] 174 root - INFO - Data transformation complete
[ 2026-05-27 15:22:10,294] 49 root - INFO - Started Regular Expression mapping
[ 2026-05-27 15:22:10,294] 174 root - INFO - Data transformation complete
[ 2026-05-27 15:22:10,294] 49 root - INFO - Started Regular Expression mapping
[ 2026-05-27 15:22:10,294] 25 root - INFO - Match heuristic business names to paybill payments
[ 2026-05-27 15:22:10,294] 174 root - INFO - Data transformation complete
[ 2026-05-27 15:22:10,295] 49 root - INFO - Started Regular Expression mapping
[ 2026-05-27 15:22:10,295] 174 root - INFO - Data transformation complete
[ 2026-05-27 15:22:10,295] 49 root - INFO - Started Regular Expression mapping
[ 2026-05-27 15:22:10,295] 174 root - INFO - Data transformation complete
[ 2026-05-27 15:22:10,295] 49 root - INFO - Started Regular Expression mapping
[ 2026-05-27 15:22:10,295] 174 root - INFO - Data transformation complete
[ 2026-05-27 15:22:10,295] 49 root - INFO - Started Regular Expression mapping
[ 2026-05-27 15:22:10,296] 25 root - INFO - Match heuristic business names to paybill payments
[ 2026-05-27 15:22:10,296] 174 root - INFO - Data transformation complete
[ 2026-05-27 15:22:10,296] 49 root - INFO - Started Regular Expression mapping
[ 2026-05-27 15:22:10,296] 25 root - INFO - Match heuristic business names to paybill payments
[ 2026-05-27 15:22:10,296] 174 root - INFO - Data transformation complete
[ 2026-05-27 15:22:10,296] 49 root - INFO - Started Regular Expression mapping
[ 2026-05-27 15:22:10,297] 174 root - INFO - Data transformation complete
[ 2026-05-27 15:22:10,297] 49 root - INFO - Started Regular Expression mapping
[ 2026-05-27 15:22:10,297] 174 root - INFO - Data transformation complete
[ 2026-05-27 15:22:10,297] 49 root - INFO - Started Regular Expression mapping
[ 2026-05-27 15:22:10,297] 174 root - INFO - Data transformation complete
[ 2026-05-27 15:22:10,297] 49 root - INFO - Started Regular Expression mapping
[ 2026-05-27 15:22:10,297] 174 root - INFO - Data transformation complete
[ 2026-05-27 15:22:10,298] 49 root - INFO - Started Regular Expression mapping
[ 2026-05-27 15:22:10,298] 174 root - INFO - Data transformation complete
[ 2026-05-27 15:22:10,298] 49 root - INFO - Started Regular Expression mapping
[ 2026-05-27 15:22:10,298] 174 root - INFO - Data transformation complete
[ 2026-05-27 15:22:10,298] 49 root - INFO - Started Regular Expression mapping
[ 2026-05-27 15:22:10,298] 174 root - INFO - Data transformation complete
[ 2026-05-27 15:22:10,298] 49 root - INFO - Started Regular Expression mapping
[ 2026-05-27 15:22:10,299] 174 root - INFO - Data transformation complete
[ 2026-05-27 15:22:10,299] 49 root - INFO - Started Regular Expression mapping
[ 2026-05-27 15:22:10,299] 174 root - INFO - Data transformation complete
[ 2026-05-27 15:22:10,299] 49 root - INFO - Started Regular Expression mapping
[ 2026-05-27 15:22:10,299] 174 root - INFO - Data transformation complete
[ 2026-05-27 15:22:10,299] 49 root - INFO - Started Regular Expression mapping
[ 2026-05-27 15:22:10,300] 174 root - INFO - Data transformation complete
[ 2026-05-27 15:22:10,300] 49 root - INFO - Started Regular Expression mapping
[ 2026-05-27 15:22:10,300] 25 root - INFO - Match heuristic business names to paybill payments
[ 2026-05-27 15:22:10,300] 174 root - INFO - Data transformation complete
[ 2026-05-27 15:22:10,300] 49 root - INFO - Started Regular Expression mapping
[ 2026-05-27 15:22:10,300] 25 root - INFO - Match heuristic business names to paybill payments
[ 2026-05-27 15:22:10,300] 174 root - INFO - Data transformation complete
[ 2026-05-27 15:22:10,301] 49 root - INFO - Started Regular Expression mapping
[ 2026-05-27 15:22:10,301] 174 root - INFO - Data transformation complete
[ 2026-05-27 15:22:10,301] 49 root - INFO - Started Regular Expression mapping
[ 2026-05-27 15:22:10,301] 174 root - INFO - Data transformation complete
[ 2026-05-27 15:22:10,301] 49 root - INFO - Started Regular Expression mapping
[ 2026-05-27 15:22:10,301] 174 root - INFO - Data transformation complete
[ 2026-05-27 15:22:10,301] 49 root - INFO - Started Regular Expression mapping
[ 2026-05-27 15:22:10,302] 174 root - INFO - Data transformation complete
[ 2026-05-27 15:22:10,302] 49 root - INFO - Started Regular Expression mapping
[ 2026-05-27 15:22:10,302] 174 root - INFO - Data transformation complete
[ 2026-05-27 15:22:10,302] 49 root - INFO - Started Regular Expression mapping
[ 2026-05-27 15:22:10,302] 25 root - INFO - Match heuristic business names to paybill payments
[ 2026-05-27 15:22:10,302] 174 root - INFO - Data transformation complete
[ 2026-05-27 15:22:10,303] 49 root - INFO - Started Regular Expression mapping
[ 2026-05-27 15:22:10,303] 25 root - INFO - Match heuristic business names to paybill payments
[ 2026-05-27 15:22:10,303] 174 root - INFO - Data transformation complete
[ 2026-05-27 15:22:10,303] 49 root - INFO - Started Regular Expression mapping
[ 2026-05-27 15:22:10,303] 174 root - INFO - Data transformation complete
[ 2026-05-27 15:22:10,303] 49 root - INFO - Started Regular Expression mapping
[ 2026-05-27 15:22:10,303] 174 root - INFO - Data transformation complete
[ 2026-05-27 15:22:10,304] 49 root - INFO - Started Regular Expression mapping
[ 2026-05-27 15:22:10,304] 174 root - INFO - Data transformation complete
[ 2026-05-27 15:22:10,304] 49 root - INFO - Started Regular Expression mapping
[ 2026-05-27 15:22:10,304] 174 root - INFO - Data transformation complete
[ 2026-05-27 15:22:10,304] 49 root - INFO - Started Regular Expression mapping
[ 2026-05-27 15:22:10,304] 174 root - INFO - Data transformation complete
[ 2026-05-27 15:22:10,304] 49 root - INFO - Started Regular Expression mapping
[ 2026-05-27 15:22:10,305] 174 root - INFO - Data transformation complete
[ 2026-05-27 15:22:10,305] 49 root - INFO - Started Regular Expression mapping
[ 2026-05-27 15:22:10,305] 174 root - INFO - Data transformation complete
[ 2026-05-27 15:22:10,305] 49 root - INFO - Started Regular Expression mapping
[ 2026-05-27 15:22:10,305] 174 root - INFO - Data transformation complete
[ 2026-05-27 15:22:10,305] 49 root - INFO - Started Regular Expression mapping
[ 2026-05-27 15:22:10,306] 174 root - INFO - Data transformation complete
[ 2026-05-27 15:22:10,306] 49 root - INFO - Started Regular Expression mapping
[ 2026-05-27 15:22:10,306] 25 root - INFO - Match heuristic business names to paybill payments
[ 2026-05-27 15:22:10,306] 174 root - INFO - Data transformation complete
[ 2026-05-27 15:22:10,306] 49 root - INFO - Started Regular Expression mapping
[ 2026-05-27 15:22:10,306] 25 root - INFO - Match heuristic business names to paybill payments
[ 2026-05-27 15:22:10,306] 174 root - INFO - Data transformation complete
[ 2026-05-27 15:22:10,307] 49 root - INFO - Started Regular Expression mapping
[ 2026-05-27 15:22:10,307] 174 root - INFO - Data transformation complete
[ 2026-05-27 15:22:10,307] 49 root - INFO - Started Regular Expression mapping
[ 2026-05-27 15:22:10,307] 174 root - INFO - Data transformation complete
[ 2026-05-27 15:22:10,307] 49 root - INFO - Started Regular Expression mapping
[ 2026-05-27 15:22:10,307] 174 root - INFO - Data transformation complete
[ 2026-05-27 15:22:10,307] 49 root - INFO - Started Regular Expression mapping
[ 2026-05-27 15:22:10,308] 174 root - INFO - Data transformation complete
[ 2026-05-27 15:22:10,309] 49 root - INFO - Started Regular Expression mapping
[ 2026-05-27 15:22:10,309] 174 root - INFO - Data transformation complete
[ 2026-05-27 15:22:10,309] 49 root - INFO - Started Regular Expression mapping
[ 2026-05-27 15:22:10,309] 25 root - INFO - Match heuristic business names to paybill payments
[ 2026-05-27 15:22:10,310] 174 root - INFO - Data transformation complete
[ 2026-05-27 15:22:10,310] 49 root - INFO - Started Regular Expression mapping
[ 2026-05-27 15:22:10,310] 25 root - INFO - Match heuristic business names to paybill payments
[ 2026-05-27 15:22:10,310] 174 root - INFO - Data transformation complete
[ 2026-05-27 15:22:10,310] 49 root - INFO - Started Regular Expression mapping
[ 2026-05-27 15:22:10,310] 174 root - INFO - Data transformation complete
[ 2026-05-27 15:22:10,310] 49 root - INFO - Started Regular Expression mapping
[ 2026-05-27 15:22:10,311] 174 root - INFO - Data transformation complete
[ 2026-05-27 15:22:10,311] 49 root - INFO - Started Regular Expression mapping
[ 2026-05-27 15:22:10,311] 25 root - INFO - Match heuristic business names to paybill payments
[ 2026-05-27 15:22:10,311] 174 root - INFO - Data transformation complete
[ 2026-05-27 15:22:10,311] 49 root - INFO - Started Regular Expression mapping
[ 2026-05-27 15:22:10,311] 25 root - INFO - Match heuristic business names to paybill payments
[ 2026-05-27 15:22:10,311] 174 root - INFO - Data transformation complete
[ 2026-05-27 15:22:10,312] 49 root - INFO - Started Regular Expression mapping
[ 2026-05-27 15:22:10,312] 174 root - INFO - Data transformation complete
[ 2026-05-27 15:22:10,312] 49 root - INFO - Started Regular Expression mapping
[ 2026-05-27 15:22:10,312] 174 root - INFO - Data transformation complete
[ 2026-05-27 15:22:10,312] 49 root - INFO - Started Regular Expression mapping
[ 2026-05-27 15:22:10,312] 25 root - INFO - Match heuristic business names to paybill payments
[ 2026-05-27 15:22:10,312] 174 root - INFO - Data transformation complete
[ 2026-05-27 15:22:10,313] 49 root - INFO - Started Regular Expression mapping
[ 2026-05-27 15:22:10,313] 25 root - INFO - Match heuristic business names to paybill payments
[ 2026-05-27 15:22:10,313] 174 root - INFO - Data transformation complete
[ 2026-05-27 15:22:10,313] 49 root - INFO - Started Regular Expression mapping
[ 2026-05-27 15:22:10,313] 174 root - INFO - Data transformation complete
[ 2026-05-27 15:22:10,313] 49 root - INFO - Started Regular Expression mapping
[ 2026-05-27 15:22:10,314] 174 root - INFO - Data transformation complete
[ 2026-05-27 15:22:10,314] 49 root - INFO - Started Regular Expression mapping
[ 2026-05-27 15:22:10,314] 25 root - INFO - Match heuristic business names to paybill payments
[ 2026-05-27 15:22:10,314] 174 root - INFO - Data transformation complete
[ 2026-05-27 15:22:10,314] 49 root - INFO - Started Regular Expression mapping
[ 2026-05-27 15:22:10,315] 174 root - INFO - Data transformation complete
[ 2026-05-27 15:22:10,315] 49 root - INFO - Started Regular Expression mapping
[ 2026-05-27 15:22:10,315] 174 root - INFO - Data transformation complete
[ 2026-05-27 15:22:10,315] 49 root - INFO - Started Regular Expression mapping
[ 2026-05-27 15:22:10,315] 174 root - INFO - Data transformation complete
[ 2026-05-27 15:22:10,316] 49 root - INFO - Started Regular Expression mapping
[ 2026-05-27 15:22:10,316] 174 root - INFO - Data transformation complete
[ 2026-05-27 15:22:10,316] 49 root - INFO - Started Regular Expression mapping
[ 2026-05-27 15:22:10,316] 174 root - INFO - Data transformation complete
[ 2026-05-27 15:22:10,316] 49 root - INFO - Started Regular Expression mapping
[ 2026-05-27 15:22:10,316] 174 root - INFO - Data transformation complete
[ 2026-05-27 15:22:10,317] 49 root - INFO - Started Regular Expression mapping
[ 2026-05-27 15:22:10,317] 174 root - INFO - Data transformation complete
[ 2026-05-27 15:22:10,317] 49 root - INFO - Started Regular Expression mapping
[ 2026-05-27 15:22:10,317] 174 root - INFO - Data transformation complete
[ 2026-05-27 15:22:10,317] 49 root - INFO - Started Regular Expression mapping
[ 2026-05-27 15:22:10,318] 25 root - INFO - Match heuristic business names to paybill payments
[ 2026-05-27 15:22:10,318] 174 root - INFO - Data transformation complete
[ 2026-05-27 15:22:10,318] 49 root - INFO - Started Regular Expression mapping
[ 2026-05-27 15:22:10,318] 174 root - INFO - Data transformation complete
[ 2026-05-27 15:22:10,318] 49 root - INFO - Started Regular Expression mapping
[ 2026-05-27 15:22:10,318] 174 root - INFO - Data transformation complete
[ 2026-05-27 15:22:10,319] 49 root - INFO - Started Regular Expression mapping
[ 2026-05-27 15:22:10,319] 174 root - INFO - Data transformation complete
[ 2026-05-27 15:22:10,319] 49 root - INFO - Started Regular Expression mapping
[ 2026-05-27 15:22:10,319] 25 root - INFO - Match heuristic business names to paybill payments
[ 2026-05-27 15:22:10,319] 174 root - INFO - Data transformation complete
[ 2026-05-27 15:22:10,320] 49 root - INFO - Started Regular Expression mapping
[ 2026-05-27 15:22:10,320] 174 root - INFO - Data transformation complete
[ 2026-05-27 15:22:10,320] 49 root - INFO - Started Regular Expression mapping
[ 2026-05-27 15:22:10,320] 174 root - INFO - Data transformation complete
[ 2026-05-27 15:22:10,320] 49 root - INFO - Started Regular Expression mapping
[ 2026-05-27 15:22:10,320] 174 root - INFO - Data transformation complete
[ 2026-05-27 15:22:10,321] 49 root - INFO - Started Regular Expression mapping
[ 2026-05-27 15:22:10,321] 174 root - INFO - Data transformation complete
[ 2026-05-27 15:22:10,321] 49 root - INFO - Started Regular Expression mapping
[ 2026-05-27 15:22:10,321] 25 root - INFO - Match heuristic business names to paybill payments
[ 2026-05-27 15:22:10,321] 174 root - INFO - Data transformation complete
[ 2026-05-27 15:22:10,322] 49 root - INFO - Started Regular Expression mapping
[ 2026-05-27 15:22:10,322] 25 root - INFO - Match heuristic business names to paybill payments
[ 2026-05-27 15:22:10,322] 174 root - INFO - Data transformation complete
[ 2026-05-27 15:22:10,322] 49 root - INFO - Started Regular Expression mapping
[ 2026-05-27 15:22:10,322] 174 root - INFO - Data transformation complete
[ 2026-05-27 15:22:10,322] 49 root - INFO - Started Regular Expression mapping
[ 2026-05-27 15:22:10,323] 174 root - INFO - Data transformation complete
[ 2026-05-27 15:22:10,323] 49 root - INFO - Started Regular Expression mapping
[ 2026-05-27 15:22:10,323] 174 root - INFO - Data transformation complete
[ 2026-05-27 15:22:10,323] 49 root - INFO - Started Regular Expression mapping
[ 2026-05-27 15:22:10,323] 174 root - INFO - Data transformation complete
[ 2026-05-27 15:22:10,324] 49 root - INFO - Started Regular Expression mapping
[ 2026-05-27 15:22:10,324] 25 root - INFO - Match heuristic business names to paybill payments
[ 2026-05-27 15:22:10,324] 174 root - INFO - Data transformation complete
[ 2026-05-27 15:22:10,324] 49 root - INFO - Started Regular Expression mapping
[ 2026-05-27 15:22:10,324] 174 root - INFO - Data transformation complete
[ 2026-05-27 15:22:10,324] 49 root - INFO - Started Regular Expression mapping
[ 2026-05-27 15:22:10,325] 174 root - INFO - Data transformation complete
[ 2026-05-27 15:22:10,325] 49 root - INFO - Started Regular Expression mapping
[ 2026-05-27 15:22:10,325] 174 root - INFO - Data transformation complete
[ 2026-05-27 15:22:10,326] 49 root - INFO - Started Regular Expression mapping
[ 2026-05-27 15:22:10,326] 174 root - INFO - Data transformation complete
[ 2026-05-27 15:22:10,326] 49 root - INFO - Started Regular Expression mapping
[ 2026-05-27 15:22:10,326] 174 root - INFO - Data transformation complete
[ 2026-05-27 15:22:10,326] 49 root - INFO - Started Regular Expression mapping
[ 2026-05-27 15:22:10,327] 174 root - INFO - Data transformation complete
[ 2026-05-27 15:22:10,327] 49 root - INFO - Started Regular Expression mapping
[ 2026-05-27 15:22:10,327] 174 root - INFO - Data transformation complete
[ 2026-05-27 15:22:10,327] 49 root - INFO - Started Regular Expression mapping
[ 2026-05-27 15:22:10,327] 174 root - INFO - Data transformation complete
[ 2026-05-27 15:22:10,327] 49 root - INFO - Started Regular Expression mapping
[ 2026-05-27 15:22:10,328] 25 root - INFO - Match heuristic business names to paybill payments
[ 2026-05-27 15:22:10,328] 174 root - INFO - Data transformation complete
[ 2026-05-27 15:22:10,328] 49 root - INFO - Started Regular Expression mapping
[ 2026-05-27 15:22:10,328] 174 root - INFO - Data transformation complete
[ 2026-05-27 15:22:10,328] 49 root - INFO - Started Regular Expression mapping
[ 2026-05-27 15:22:10,329] 25 root - INFO - Match heuristic business names to paybill payments
[ 2026-05-27 15:22:10,329] 174 root - INFO - Data transformation complete
[ 2026-05-27 15:22:10,329] 49 root - INFO - Started Regular Expression mapping
[ 2026-05-27 15:22:10,329] 174 root - INFO - Data transformation complete
[ 2026-05-27 15:22:10,329] 49 root - INFO - Started Regular Expression mapping
[ 2026-05-27 15:22:10,330] 174 root - INFO - Data transformation complete
[ 2026-05-27 15:22:10,330] 49 root - INFO - Started Regular Expression mapping
[ 2026-05-27 15:22:10,330] 174 root - INFO - Data transformation complete
[ 2026-05-27 15:22:10,330] 49 root - INFO - Started Regular Expression mapping
[ 2026-05-27 15:22:10,330] 174 root - INFO - Data transformation complete
[ 2026-05-27 15:22:10,330] 49 root - INFO - Started Regular Expression mapping
[ 2026-05-27 15:22:10,331] 25 root - INFO - Match heuristic business names to paybill payments
[ 2026-05-27 15:22:10,331] 174 root - INFO - Data transformation complete
[ 2026-05-27 15:22:10,331] 49 root - INFO - Started Regular Expression mapping
[ 2026-05-27 15:22:10,331] 174 root - INFO - Data transformation complete
[ 2026-05-27 15:22:10,331] 49 root - INFO - Started Regular Expression mapping
[ 2026-05-27 15:22:10,332] 174 root - INFO - Data transformation complete
[ 2026-05-27 15:22:10,332] 49 root - INFO - Started Regular Expression mapping
[ 2026-05-27 15:22:10,332] 174 root - INFO - Data transformation complete
[ 2026-05-27 15:22:10,332] 49 root - INFO - Started Regular Expression mapping
[ 2026-05-27 15:22:10,332] 174 root - INFO - Data transformation complete
[ 2026-05-27 15:22:10,332] 49 root - INFO - Started Regular Expression mapping
[ 2026-05-27 15:22:10,333] 174 root - INFO - Data transformation complete
[ 2026-05-27 15:22:10,333] 49 root - INFO - Started Regular Expression mapping
[ 2026-05-27 15:22:10,333] 25 root - INFO - Match heuristic business names to paybill payments
[ 2026-05-27 15:22:10,333] 174 root - INFO - Data transformation complete
[ 2026-05-27 15:22:10,333] 49 root - INFO - Started Regular Expression mapping
[ 2026-05-27 15:22:10,334] 174 root - INFO - Data transformation complete
[ 2026-05-27 15:22:10,334] 49 root - INFO - Started Regular Expression mapping
[ 2026-05-27 15:22:10,334] 174 root - INFO - Data transformation complete
[ 2026-05-27 15:22:10,334] 49 root - INFO - Started Regular Expression mapping
[ 2026-05-27 15:22:10,334] 174 root - INFO - Data transformation complete
[ 2026-05-27 15:22:10,334] 49 root - INFO - Started Regular Expression mapping
[ 2026-05-27 15:22:10,335] 174 root - INFO - Data transformation complete
[ 2026-05-27 15:22:10,335] 49 root - INFO - Started Regular Expression mapping
[ 2026-05-27 15:22:10,335] 174 root - INFO - Data transformation complete
[ 2026-05-27 15:22:10,335] 49 root - INFO - Started Regular Expression mapping
[ 2026-05-27 15:22:10,335] 174 root - INFO - Data transformation complete
[ 2026-05-27 15:22:10,336] 49 root - INFO - Started Regular Expression mapping
[ 2026-05-27 15:22:10,336] 174 root - INFO - Data transformation complete
[ 2026-05-27 15:22:10,336] 49 root - INFO - Started Regular Expression mapping
[ 2026-05-27 15:22:10,336] 174 root - INFO - Data transformation complete
[ 2026-05-27 15:22:10,336] 49 root - INFO - Started Regular Expression mapping
[ 2026-05-27 15:22:10,337] 174 root - INFO - Data transformation complete
[ 2026-05-27 15:22:10,337] 49 root - INFO - Started Regular Expression mapping
[ 2026-05-27 15:22:10,337] 174 root - INFO - Data transformation complete
[ 2026-05-27 15:22:10,337] 49 root - INFO - Started Regular Expression mapping
[ 2026-05-27 15:22:10,337] 174 root - INFO - Data transformation complete
[ 2026-05-27 15:22:10,337] 49 root - INFO - Started Regular Expression mapping
[ 2026-05-27 15:22:10,338] 174 root - INFO - Data transformation complete
[ 2026-05-27 15:22:10,338] 49 root - INFO - Started Regular Expression mapping
[ 2026-05-27 15:22:10,338] 174 root - INFO - Data transformation complete
[ 2026-05-27 15:22:10,338] 49 root - INFO - Started Regular Expression mapping
[ 2026-05-27 15:22:10,338] 174 root - INFO - Data transformation complete
[ 2026-05-27 15:22:10,339] 49 root - INFO - Started Regular Expression mapping
[ 2026-05-27 15:22:10,339] 174 root - INFO - Data transformation complete
[ 2026-05-27 15:22:10,339] 49 root - INFO - Started Regular Expression mapping
[ 2026-05-27 15:22:10,339] 25 root - INFO - Match heuristic business names to paybill payments
[ 2026-05-27 15:22:10,339] 174 root - INFO - Data transformation complete
[ 2026-05-27 15:22:10,339] 49 root - INFO - Started Regular Expression mapping
[ 2026-05-27 15:22:10,340] 25 root - INFO - Match heuristic business names to paybill payments
[ 2026-05-27 15:22:10,340] 174 root - INFO - Data transformation complete
[ 2026-05-27 15:22:10,340] 49 root - INFO - Started Regular Expression mapping
[ 2026-05-27 15:22:10,340] 25 root - INFO - Match heuristic business names to paybill payments
[ 2026-05-27 15:22:10,340] 174 root - INFO - Data transformation complete
[ 2026-05-27 15:22:10,341] 49 root - INFO - Started Regular Expression mapping
[ 2026-05-27 15:22:10,341] 174 root - INFO - Data transformation complete
[ 2026-05-27 15:22:10,341] 49 root - INFO - Started Regular Expression mapping
[ 2026-05-27 15:22:10,341] 25 root - INFO - Match heuristic business names to paybill payments
[ 2026-05-27 15:22:10,341] 174 root - INFO - Data transformation complete
[ 2026-05-27 15:22:10,342] 49 root - INFO - Started Regular Expression mapping
[ 2026-05-27 15:22:10,342] 25 root - INFO - Match heuristic business names to paybill payments
[ 2026-05-27 15:22:10,342] 174 root - INFO - Data transformation complete
[ 2026-05-27 15:22:10,342] 49 root - INFO - Started Regular Expression mapping
[ 2026-05-27 15:22:10,343] 174 root - INFO - Data transformation complete
[ 2026-05-27 15:22:10,343] 49 root - INFO - Started Regular Expression mapping
[ 2026-05-27 15:22:10,343] 174 root - INFO - Data transformation complete
[ 2026-05-27 15:22:10,343] 49 root - INFO - Started Regular Expression mapping
[ 2026-05-27 15:22:10,343] 25 root - INFO - Match heuristic business names to paybill payments
[ 2026-05-27 15:22:10,344] 174 root - INFO - Data transformation complete
[ 2026-05-27 15:22:10,344] 49 root - INFO - Started Regular Expression mapping
[ 2026-05-27 15:22:10,344] 25 root - INFO - Match heuristic business names to paybill payments
[ 2026-05-27 15:22:10,344] 174 root - INFO - Data transformation complete
[ 2026-05-27 15:22:10,344] 49 root - INFO - Started Regular Expression mapping
[ 2026-05-27 15:22:10,345] 174 root - INFO - Data transformation complete
[ 2026-05-27 15:22:10,345] 49 root - INFO - Started Regular Expression mapping
[ 2026-05-27 15:22:10,345] 174 root - INFO - Data transformation complete
[ 2026-05-27 15:22:10,345] 49 root - INFO - Started Regular Expression mapping
[ 2026-05-27 15:22:10,345] 174 root - INFO - Data transformation complete
[ 2026-05-27 15:22:10,345] 49 root - INFO - Started Regular Expression mapping
[ 2026-05-27 15:22:10,346] 25 root - INFO - Match heuristic business names to paybill payments
[ 2026-05-27 15:22:10,346] 174 root - INFO - Data transformation complete
[ 2026-05-27 15:22:10,346] 49 root - INFO - Started Regular Expression mapping
[ 2026-05-27 15:22:10,346] 174 root - INFO - Data transformation complete
[ 2026-05-27 15:22:10,346] 49 root - INFO - Started Regular Expression mapping
[ 2026-05-27 15:22:10,347] 174 root - INFO - Data transformation complete
[ 2026-05-27 15:22:10,347] 49 root - INFO - Started Regular Expression mapping
[ 2026-05-27 15:22:10,347] 174 root - INFO - Data transformation complete
[ 2026-05-27 15:22:10,347] 49 root - INFO - Started Regular Expression mapping
[ 2026-05-27 15:22:10,347] 174 root - INFO - Data transformation complete
[ 2026-05-27 15:22:10,347] 49 root - INFO - Started Regular Expression mapping
[ 2026-05-27 15:22:10,348] 174 root - INFO - Data transformation complete
[ 2026-05-27 15:22:10,348] 49 root - INFO - Started Regular Expression mapping
[ 2026-05-27 15:22:10,348] 174 root - INFO - Data transformation complete
[ 2026-05-27 15:22:10,348] 49 root - INFO - Started Regular Expression mapping
[ 2026-05-27 15:22:10,348] 174 root - INFO - Data transformation complete
[ 2026-05-27 15:22:10,349] 49 root - INFO - Started Regular Expression mapping
[ 2026-05-27 15:22:10,349] 174 root - INFO - Data transformation complete
[ 2026-05-27 15:22:10,349] 49 root - INFO - Started Regular Expression mapping
[ 2026-05-27 15:22:10,349] 174 root - INFO - Data transformation complete
[ 2026-05-27 15:22:10,349] 49 root - INFO - Started Regular Expression mapping
[ 2026-05-27 15:22:10,349] 174 root - INFO - Data transformation complete
[ 2026-05-27 15:22:10,350] 49 root - INFO - Started Regular Expression mapping
[ 2026-05-27 15:22:10,350] 174 root - INFO - Data transformation complete
[ 2026-05-27 15:22:10,350] 49 root - INFO - Started Regular Expression mapping
[ 2026-05-27 15:22:10,350] 174 root - INFO - Data transformation complete
[ 2026-05-27 15:22:10,350] 49 root - INFO - Started Regular Expression mapping
[ 2026-05-27 15:22:10,351] 174 root - INFO - Data transformation complete
[ 2026-05-27 15:22:10,351] 49 root - INFO - Started Regular Expression mapping
[ 2026-05-27 15:22:10,351] 25 root - INFO - Match heuristic business names to paybill payments
[ 2026-05-27 15:22:10,351] 174 root - INFO - Data transformation complete
[ 2026-05-27 15:22:10,351] 49 root - INFO - Started Regular Expression mapping
[ 2026-05-27 15:22:10,351] 174 root - INFO - Data transformation complete
[ 2026-05-27 15:22:10,351] 49 root - INFO - Started Regular Expression mapping
[ 2026-05-27 15:22:10,352] 174 root - INFO - Data transformation complete
[ 2026-05-27 15:22:10,352] 49 root - INFO - Started Regular Expression mapping
[ 2026-05-27 15:22:10,353] 174 root - INFO - Data transformation complete
[ 2026-05-27 15:22:10,353] 49 root - INFO - Started Regular Expression mapping
[ 2026-05-27 15:22:10,353] 174 root - INFO - Data transformation complete
[ 2026-05-27 15:22:10,353] 49 root - INFO - Started Regular Expression mapping
[ 2026-05-27 15:22:10,353] 174 root - INFO - Data transformation complete
[ 2026-05-27 15:22:10,354] 49 root - INFO - Started Regular Expression mapping
[ 2026-05-27 15:22:10,354] 25 root - INFO - Match heuristic business names to paybill payments
[ 2026-05-27 15:22:10,354] 174 root - INFO - Data transformation complete
[ 2026-05-27 15:22:10,354] 49 root - INFO - Started Regular Expression mapping
[ 2026-05-27 15:22:10,354] 25 root - INFO - Match heuristic business names to paybill payments
[ 2026-05-27 15:22:10,354] 174 root - INFO - Data transformation complete
[ 2026-05-27 15:22:10,355] 49 root - INFO - Started Regular Expression mapping
[ 2026-05-27 15:22:10,355] 174 root - INFO - Data transformation complete
[ 2026-05-27 15:22:10,355] 49 root - INFO - Started Regular Expression mapping
[ 2026-05-27 15:22:10,355] 174 root - INFO - Data transformation complete
[ 2026-05-27 15:22:10,355] 49 root - INFO - Started Regular Expression mapping
[ 2026-05-27 15:22:10,356] 174 root - INFO - Data transformation complete
[ 2026-05-27 15:22:10,356] 49 root - INFO - Started Regular Expression mapping
[ 2026-05-27 15:22:10,356] 174 root - INFO - Data transformation complete
[ 2026-05-27 15:22:10,356] 49 root - INFO - Started Regular Expression mapping
[ 2026-05-27 15:22:10,356] 174 root - INFO - Data transformation complete
[ 2026-05-27 15:22:10,356] 49 root - INFO - Started Regular Expression mapping
[ 2026-05-27 15:22:10,357] 174 root - INFO - Data transformation complete
[ 2026-05-27 15:22:10,357] 49 root - INFO - Started Regular Expression mapping
[ 2026-05-27 15:22:10,357] 174 root - INFO - Data transformation complete
[ 2026-05-27 15:22:10,357] 49 root - INFO - Started Regular Expression mapping
[ 2026-05-27 15:22:10,357] 174 root - INFO - Data transformation complete
[ 2026-05-27 15:22:10,357] 49 root - INFO - Started Regular Expression mapping
[ 2026-05-27 15:22:10,358] 174 root - INFO - Data transformation complete
[ 2026-05-27 15:22:10,358] 49 root - INFO - Started Regular Expression mapping
[ 2026-05-27 15:22:10,358] 174 root - INFO - Data transformation complete
[ 2026-05-27 15:22:10,359] 49 root - INFO - Started Regular Expression mapping
[ 2026-05-27 15:22:10,359] 174 root - INFO - Data transformation complete
[ 2026-05-27 15:22:10,359] 49 root - INFO - Started Regular Expression mapping
[ 2026-05-27 15:22:10,359] 174 root - INFO - Data transformation complete
[ 2026-05-27 15:22:10,359] 49 root - INFO - Started Regular Expression mapping
[ 2026-05-27 15:22:10,360] 174 root - INFO - Data transformation complete
[ 2026-05-27 15:22:10,360] 49 root - INFO - Started Regular Expression mapping
[ 2026-05-27 15:22:10,360] 174 root - INFO - Data transformation complete
[ 2026-05-27 15:22:10,360] 49 root - INFO - Started Regular Expression mapping
[ 2026-05-27 15:22:10,360] 174 root - INFO - Data transformation complete
[ 2026-05-27 15:22:10,361] 49 root - INFO - Started Regular Expression mapping
[ 2026-05-27 15:22:10,361] 174 root - INFO - Data transformation complete
[ 2026-05-27 15:22:10,361] 49 root - INFO - Started Regular Expression mapping
[ 2026-05-27 15:22:10,361] 174 root - INFO - Data transformation complete
[ 2026-05-27 15:22:10,361] 49 root - INFO - Started Regular Expression mapping
[ 2026-05-27 15:22:10,361] 174 root - INFO - Data transformation complete
[ 2026-05-27 15:22:10,362] 49 root - INFO - Started Regular Expression mapping
[ 2026-05-27 15:22:10,362] 174 root - INFO - Data transformation complete
[ 2026-05-27 15:22:10,362] 49 root - INFO - Started Regular Expression mapping
[ 2026-05-27 15:22:10,362] 174 root - INFO - Data transformation complete
[ 2026-05-27 15:22:10,362] 49 root - INFO - Started Regular Expression mapping
[ 2026-05-27 15:22:10,363] 174 root - INFO - Data transformation complete
[ 2026-05-27 15:22:10,363] 49 root - INFO - Started Regular Expression mapping
[ 2026-05-27 15:22:10,363] 174 root - INFO - Data transformation complete
[ 2026-05-27 15:22:10,363] 49 root - INFO - Started Regular Expression mapping
[ 2026-05-27 15:22:10,363] 174 root - INFO - Data transformation complete
[ 2026-05-27 15:22:10,363] 49 root - INFO - Started Regular Expression mapping
[ 2026-05-27 15:22:10,364] 174 root - INFO - Data transformation complete
[ 2026-05-27 15:22:10,364] 49 root - INFO - Started Regular Expression mapping
[ 2026-05-27 15:22:10,364] 174 root - INFO - Data transformation complete
[ 2026-05-27 15:22:10,364] 49 root - INFO - Started Regular Expression mapping
[ 2026-05-27 15:22:10,364] 174 root - INFO - Data transformation complete
[ 2026-05-27 15:22:10,365] 49 root - INFO - Started Regular Expression mapping
[ 2026-05-27 15:22:10,365] 174 root - INFO - Data transformation complete
[ 2026-05-27 15:22:10,365] 49 root - INFO - Started Regular Expression mapping
[ 2026-05-27 15:22:10,365] 174 root - INFO - Data transformation complete
[ 2026-05-27 15:22:10,365] 49 root - INFO - Started Regular Expression mapping
[ 2026-05-27 15:22:10,366] 174 root - INFO - Data transformation complete
[ 2026-05-27 15:22:10,366] 49 root - INFO - Started Regular Expression mapping
[ 2026-05-27 15:22:10,366] 174 root - INFO - Data transformation complete
[ 2026-05-27 15:22:10,366] 49 root - INFO - Started Regular Expression mapping
[ 2026-05-27 15:22:10,366] 174 root - INFO - Data transformation complete
[ 2026-05-27 15:22:10,366] 49 root - INFO - Started Regular Expression mapping
[ 2026-05-27 15:22:10,367] 174 root - INFO - Data transformation complete
[ 2026-05-27 15:22:10,367] 49 root - INFO - Started Regular Expression mapping
[ 2026-05-27 15:22:10,367] 174 root - INFO - Data transformation complete
[ 2026-05-27 15:22:10,367] 49 root - INFO - Started Regular Expression mapping
[ 2026-05-27 15:22:10,367] 25 root - INFO - Match heuristic business names to paybill payments
[ 2026-05-27 15:22:10,368] 174 root - INFO - Data transformation complete
[ 2026-05-27 15:22:10,368] 49 root - INFO - Started Regular Expression mapping
[ 2026-05-27 15:22:10,368] 174 root - INFO - Data transformation complete
[ 2026-05-27 15:22:10,368] 49 root - INFO - Started Regular Expression mapping
[ 2026-05-27 15:22:10,368] 174 root - INFO - Data transformation complete
[ 2026-05-27 15:22:10,368] 49 root - INFO - Started Regular Expression mapping
[ 2026-05-27 15:22:10,369] 174 root - INFO - Data transformation complete
[ 2026-05-27 15:22:10,369] 49 root - INFO - Started Regular Expression mapping
[ 2026-05-27 15:22:10,369] 174 root - INFO - Data transformation complete
[ 2026-05-27 15:22:10,369] 49 root - INFO - Started Regular Expression mapping
[ 2026-05-27 15:22:10,369] 174 root - INFO - Data transformation complete
[ 2026-05-27 15:22:10,370] 49 root - INFO - Started Regular Expression mapping
[ 2026-05-27 15:22:10,370] 174 root - INFO - Data transformation complete
[ 2026-05-27 15:22:10,370] 49 root - INFO - Started Regular Expression mapping
[ 2026-05-27 15:22:10,370] 174 root - INFO - Data transformation complete
[ 2026-05-27 15:22:10,370] 49 root - INFO - Started Regular Expression mapping
[ 2026-05-27 15:22:10,371] 174 root - INFO - Data transformation complete
[ 2026-05-27 15:22:10,371] 49 root - INFO - Started Regular Expression mapping
[ 2026-05-27 15:22:10,371] 174 root - INFO - Data transformation complete
[ 2026-05-27 15:22:10,371] 49 root - INFO - Started Regular Expression mapping
[ 2026-05-27 15:22:10,371] 25 root - INFO - Match heuristic business names to paybill payments
[ 2026-05-27 15:22:10,371] 174 root - INFO - Data transformation complete
[ 2026-05-27 15:22:10,372] 49 root - INFO - Started Regular Expression mapping
[ 2026-05-27 15:22:10,372] 174 root - INFO - Data transformation complete
[ 2026-05-27 15:22:10,372] 49 root - INFO - Started Regular Expression mapping
[ 2026-05-27 15:22:10,372] 174 root - INFO - Data transformation complete
[ 2026-05-27 15:22:10,372] 49 root - INFO - Started Regular Expression mapping
[ 2026-05-27 15:22:10,373] 174 root - INFO - Data transformation complete
[ 2026-05-27 15:22:10,373] 49 root - INFO - Started Regular Expression mapping
[ 2026-05-27 15:22:10,373] 174 root - INFO - Data transformation complete
[ 2026-05-27 15:22:10,373] 49 root - INFO - Started Regular Expression mapping
[ 2026-05-27 15:22:10,374] 174 root - INFO - Data transformation complete
[ 2026-05-27 15:22:10,374] 49 root - INFO - Started Regular Expression mapping
[ 2026-05-27 15:22:10,374] 25 root - INFO - Match heuristic business names to paybill payments
[ 2026-05-27 15:22:10,374] 174 root - INFO - Data transformation complete
[ 2026-05-27 15:22:10,375] 49 root - INFO - Started Regular Expression mapping
[ 2026-05-27 15:22:10,376] 25 root - INFO - Match heuristic business names to paybill payments
[ 2026-05-27 15:22:10,376] 174 root - INFO - Data transformation complete
[ 2026-05-27 15:22:10,376] 49 root - INFO - Started Regular Expression mapping
[ 2026-05-27 15:22:10,376] 174 root - INFO - Data transformation complete
[ 2026-05-27 15:22:10,376] 49 root - INFO - Started Regular Expression mapping
[ 2026-05-27 15:22:10,377] 174 root - INFO - Data transformation complete
[ 2026-05-27 15:22:10,377] 49 root - INFO - Started Regular Expression mapping
[ 2026-05-27 15:22:10,377] 174 root - INFO - Data transformation complete
[ 2026-05-27 15:22:10,377] 49 root - INFO - Started Regular Expression mapping
[ 2026-05-27 15:22:10,377] 174 root - INFO - Data transformation complete
[ 2026-05-27 15:22:10,378] 49 root - INFO - Started Regular Expression mapping
[ 2026-05-27 15:22:10,378] 174 root - INFO - Data transformation complete
[ 2026-05-27 15:22:10,378] 49 root - INFO - Started Regular Expression mapping
[ 2026-05-27 15:22:10,378] 25 root - INFO - Match heuristic business names to paybill payments
[ 2026-05-27 15:22:10,378] 174 root - INFO - Data transformation complete
[ 2026-05-27 15:22:10,378] 49 root - INFO - Started Regular Expression mapping
[ 2026-05-27 15:22:10,379] 174 root - INFO - Data transformation complete
[ 2026-05-27 15:22:10,379] 49 root - INFO - Started Regular Expression mapping
[ 2026-05-27 15:22:10,379] 174 root - INFO - Data transformation complete
[ 2026-05-27 15:22:10,379] 49 root - INFO - Started Regular Expression mapping
[ 2026-05-27 15:22:10,379] 174 root - INFO - Data transformation complete
[ 2026-05-27 15:22:10,380] 49 root - INFO - Started Regular Expression mapping
[ 2026-05-27 15:22:10,380] 174 root - INFO - Data transformation complete
[ 2026-05-27 15:22:10,380] 49 root - INFO - Started Regular Expression mapping
[ 2026-05-27 15:22:10,380] 174 root - INFO - Data transformation complete
[ 2026-05-27 15:22:10,380] 49 root - INFO - Started Regular Expression mapping
[ 2026-05-27 15:22:10,381] 25 root - INFO - Match heuristic business names to paybill payments
[ 2026-05-27 15:22:10,381] 174 root - INFO - Data transformation complete
[ 2026-05-27 15:22:10,381] 49 root - INFO - Started Regular Expression mapping
[ 2026-05-27 15:22:10,381] 174 root - INFO - Data transformation complete
[ 2026-05-27 15:22:10,381] 49 root - INFO - Started Regular Expression mapping
[ 2026-05-27 15:22:10,382] 174 root - INFO - Data transformation complete
[ 2026-05-27 15:22:10,382] 49 root - INFO - Started Regular Expression mapping
[ 2026-05-27 15:22:10,382] 25 root - INFO - Match heuristic business names to paybill payments
[ 2026-05-27 15:22:10,382] 174 root - INFO - Data transformation complete
[ 2026-05-27 15:22:10,382] 49 root - INFO - Started Regular Expression mapping
[ 2026-05-27 15:22:10,382] 25 root - INFO - Match heuristic business names to paybill payments
[ 2026-05-27 15:22:10,383] 174 root - INFO - Data transformation complete
[ 2026-05-27 15:22:10,383] 49 root - INFO - Started Regular Expression mapping
[ 2026-05-27 15:22:10,383] 174 root - INFO - Data transformation complete
[ 2026-05-27 15:22:10,383] 49 root - INFO - Started Regular Expression mapping
[ 2026-05-27 15:22:10,383] 174 root - INFO - Data transformation complete
[ 2026-05-27 15:22:10,384] 49 root - INFO - Started Regular Expression mapping
[ 2026-05-27 15:22:10,384] 174 root - INFO - Data transformation complete
[ 2026-05-27 15:22:10,384] 49 root - INFO - Started Regular Expression mapping
[ 2026-05-27 15:22:10,384] 174 root - INFO - Data transformation complete
[ 2026-05-27 15:22:10,384] 49 root - INFO - Started Regular Expression mapping
[ 2026-05-27 15:22:10,385] 174 root - INFO - Data transformation complete
[ 2026-05-27 15:22:10,385] 49 root - INFO - Started Regular Expression mapping
[ 2026-05-27 15:22:10,385] 174 root - INFO - Data transformation complete
[ 2026-05-27 15:22:10,385] 49 root - INFO - Started Regular Expression mapping
[ 2026-05-27 15:22:10,385] 174 root - INFO - Data transformation complete
[ 2026-05-27 15:22:10,385] 49 root - INFO - Started Regular Expression mapping
[ 2026-05-27 15:22:10,386] 174 root - INFO - Data transformation complete
[ 2026-05-27 15:22:10,386] 49 root - INFO - Started Regular Expression mapping
[ 2026-05-27 15:22:10,386] 25 root - INFO - Match heuristic business names to paybill payments
[ 2026-05-27 15:22:10,386] 174 root - INFO - Data transformation complete
[ 2026-05-27 15:22:10,386] 49 root - INFO - Started Regular Expression mapping
[ 2026-05-27 15:22:10,387] 174 root - INFO - Data transformation complete
[ 2026-05-27 15:22:10,387] 49 root - INFO - Started Regular Expression mapping
[ 2026-05-27 15:22:10,387] 174 root - INFO - Data transformation complete
[ 2026-05-27 15:22:10,387] 49 root - INFO - Started Regular Expression mapping
[ 2026-05-27 15:22:10,387] 174 root - INFO - Data transformation complete
[ 2026-05-27 15:22:10,387] 49 root - INFO - Started Regular Expression mapping
[ 2026-05-27 15:22:10,388] 174 root - INFO - Data transformation complete
[ 2026-05-27 15:22:10,389] 49 root - INFO - Started Regular Expression mapping
[ 2026-05-27 15:22:10,389] 174 root - INFO - Data transformation complete
[ 2026-05-27 15:22:10,389] 49 root - INFO - Started Regular Expression mapping
[ 2026-05-27 15:22:10,389] 174 root - INFO - Data transformation complete
[ 2026-05-27 15:22:10,389] 49 root - INFO - Started Regular Expression mapping
[ 2026-05-27 15:22:10,390] 174 root - INFO - Data transformation complete
[ 2026-05-27 15:22:10,390] 49 root - INFO - Started Regular Expression mapping
[ 2026-05-27 15:22:10,390] 174 root - INFO - Data transformation complete
[ 2026-05-27 15:22:10,390] 49 root - INFO - Started Regular Expression mapping
[ 2026-05-27 15:22:10,390] 174 root - INFO - Data transformation complete
[ 2026-05-27 15:22:10,390] 49 root - INFO - Started Regular Expression mapping
[ 2026-05-27 15:22:10,391] 174 root - INFO - Data transformation complete
[ 2026-05-27 15:22:10,391] 49 root - INFO - Started Regular Expression mapping
[ 2026-05-27 15:22:10,391] 174 root - INFO - Data transformation complete
[ 2026-05-27 15:22:10,391] 49 root - INFO - Started Regular Expression mapping
[ 2026-05-27 15:22:10,391] 174 root - INFO - Data transformation complete
[ 2026-05-27 15:22:10,392] 49 root - INFO - Started Regular Expression mapping
[ 2026-05-27 15:22:10,392] 174 root - INFO - Data transformation complete
[ 2026-05-27 15:22:10,392] 49 root - INFO - Started Regular Expression mapping
[ 2026-05-27 15:22:10,393] 25 root - INFO - Match heuristic business names to paybill payments
[ 2026-05-27 15:22:10,393] 174 root - INFO - Data transformation complete
[ 2026-05-27 15:22:10,393] 49 root - INFO - Started Regular Expression mapping
[ 2026-05-27 15:22:10,393] 25 root - INFO - Match heuristic business names to paybill payments
[ 2026-05-27 15:22:10,393] 174 root - INFO - Data transformation complete
[ 2026-05-27 15:22:10,393] 49 root - INFO - Started Regular Expression mapping
[ 2026-05-27 15:22:10,394] 174 root - INFO - Data transformation complete
[ 2026-05-27 15:22:10,394] 49 root - INFO - Started Regular Expression mapping
[ 2026-05-27 15:22:10,394] 174 root - INFO - Data transformation complete
[ 2026-05-27 15:22:10,394] 49 root - INFO - Started Regular Expression mapping
[ 2026-05-27 15:22:10,394] 174 root - INFO - Data transformation complete
[ 2026-05-27 15:22:10,395] 49 root - INFO - Started Regular Expression mapping
[ 2026-05-27 15:22:10,395] 174 root - INFO - Data transformation complete
[ 2026-05-27 15:22:10,395] 49 root - INFO - Started Regular Expression mapping
[ 2026-05-27 15:22:10,395] 174 root - INFO - Data transformation complete
[ 2026-05-27 15:22:10,395] 49 root - INFO - Started Regular Expression mapping
[ 2026-05-27 15:22:10,396] 25 root - INFO - Match heuristic business names to paybill payments
[ 2026-05-27 15:22:10,396] 174 root - INFO - Data transformation complete
[ 2026-05-27 15:22:10,396] 49 root - INFO - Started Regular Expression mapping
[ 2026-05-27 15:22:10,396] 174 root - INFO - Data transformation complete
[ 2026-05-27 15:22:10,396] 49 root - INFO - Started Regular Expression mapping
[ 2026-05-27 15:22:10,396] 174 root - INFO - Data transformation complete
[ 2026-05-27 15:22:10,397] 49 root - INFO - Started Regular Expression mapping
[ 2026-05-27 15:22:10,397] 174 root - INFO - Data transformation complete
[ 2026-05-27 15:22:10,397] 49 root - INFO - Started Regular Expression mapping
[ 2026-05-27 15:22:10,397] 174 root - INFO - Data transformation complete
[ 2026-05-27 15:22:10,397] 49 root - INFO - Started Regular Expression mapping
[ 2026-05-27 15:22:10,398] 174 root - INFO - Data transformation complete
[ 2026-05-27 15:22:10,398] 49 root - INFO - Started Regular Expression mapping
[ 2026-05-27 15:22:10,398] 174 root - INFO - Data transformation complete
[ 2026-05-27 15:22:10,398] 49 root - INFO - Started Regular Expression mapping
[ 2026-05-27 15:22:10,398] 174 root - INFO - Data transformation complete
[ 2026-05-27 15:22:10,398] 49 root - INFO - Started Regular Expression mapping
[ 2026-05-27 15:22:10,399] 174 root - INFO - Data transformation complete
[ 2026-05-27 15:22:10,399] 49 root - INFO - Started Regular Expression mapping
[ 2026-05-27 15:22:10,399] 174 root - INFO - Data transformation complete
[ 2026-05-27 15:22:10,399] 49 root - INFO - Started Regular Expression mapping
[ 2026-05-27 15:22:10,399] 174 root - INFO - Data transformation complete
[ 2026-05-27 15:22:10,400] 49 root - INFO - Started Regular Expression mapping
[ 2026-05-27 15:22:10,400] 174 root - INFO - Data transformation complete
[ 2026-05-27 15:22:10,400] 49 root - INFO - Started Regular Expression mapping
[ 2026-05-27 15:22:10,400] 174 root - INFO - Data transformation complete
[ 2026-05-27 15:22:10,400] 49 root - INFO - Started Regular Expression mapping
[ 2026-05-27 15:22:10,401] 174 root - INFO - Data transformation complete
[ 2026-05-27 15:22:10,401] 49 root - INFO - Started Regular Expression mapping
[ 2026-05-27 15:22:10,401] 174 root - INFO - Data transformation complete
[ 2026-05-27 15:22:10,401] 49 root - INFO - Started Regular Expression mapping
[ 2026-05-27 15:22:10,401] 174 root - INFO - Data transformation complete
[ 2026-05-27 15:22:10,401] 49 root - INFO - Started Regular Expression mapping
[ 2026-05-27 15:22:10,402] 174 root - INFO - Data transformation complete
[ 2026-05-27 15:22:10,402] 49 root - INFO - Started Regular Expression mapping
[ 2026-05-27 15:22:10,402] 174 root - INFO - Data transformation complete
[ 2026-05-27 15:22:10,402] 49 root - INFO - Started Regular Expression mapping
[ 2026-05-27 15:22:10,402] 174 root - INFO - Data transformation complete
[ 2026-05-27 15:22:10,403] 49 root - INFO - Started Regular Expression mapping
[ 2026-05-27 15:22:10,403] 174 root - INFO - Data transformation complete
[ 2026-05-27 15:22:10,403] 49 root - INFO - Started Regular Expression mapping
[ 2026-05-27 15:22:10,403] 25 root - INFO - Match heuristic business names to paybill payments
[ 2026-05-27 15:22:10,403] 174 root - INFO - Data transformation complete
[ 2026-05-27 15:22:10,404] 49 root - INFO - Started Regular Expression mapping
[ 2026-05-27 15:22:10,404] 174 root - INFO - Data transformation complete
[ 2026-05-27 15:22:10,404] 49 root - INFO - Started Regular Expression mapping
[ 2026-05-27 15:22:10,404] 174 root - INFO - Data transformation complete
[ 2026-05-27 15:22:10,405] 49 root - INFO - Started Regular Expression mapping
[ 2026-05-27 15:22:10,405] 174 root - INFO - Data transformation complete
[ 2026-05-27 15:22:10,405] 49 root - INFO - Started Regular Expression mapping
[ 2026-05-27 15:22:10,405] 174 root - INFO - Data transformation complete
[ 2026-05-27 15:22:10,405] 49 root - INFO - Started Regular Expression mapping
[ 2026-05-27 15:22:10,406] 174 root - INFO - Data transformation complete
[ 2026-05-27 15:22:10,406] 49 root - INFO - Started Regular Expression mapping
[ 2026-05-27 15:22:10,406] 174 root - INFO - Data transformation complete
[ 2026-05-27 15:22:10,406] 49 root - INFO - Started Regular Expression mapping
[ 2026-05-27 15:22:10,406] 25 root - INFO - Match heuristic business names to paybill payments
[ 2026-05-27 15:22:10,406] 174 root - INFO - Data transformation complete
[ 2026-05-27 15:22:10,407] 49 root - INFO - Started Regular Expression mapping
[ 2026-05-27 15:22:10,407] 25 root - INFO - Match heuristic business names to paybill payments
[ 2026-05-27 15:22:10,407] 174 root - INFO - Data transformation complete
[ 2026-05-27 15:22:10,407] 49 root - INFO - Started Regular Expression mapping
[ 2026-05-27 15:22:10,407] 174 root - INFO - Data transformation complete
[ 2026-05-27 15:22:10,408] 49 root - INFO - Started Regular Expression mapping
[ 2026-05-27 15:22:10,408] 174 root - INFO - Data transformation complete
[ 2026-05-27 15:22:10,408] 49 root - INFO - Started Regular Expression mapping
[ 2026-05-27 15:22:10,409] 174 root - INFO - Data transformation complete
[ 2026-05-27 15:22:10,409] 49 root - INFO - Started Regular Expression mapping
[ 2026-05-27 15:22:10,409] 174 root - INFO - Data transformation complete
[ 2026-05-27 15:22:10,409] 49 root - INFO - Started Regular Expression mapping
[ 2026-05-27 15:22:10,409] 25 root - INFO - Match heuristic business names to paybill payments
[ 2026-05-27 15:22:10,409] 174 root - INFO - Data transformation complete
[ 2026-05-27 15:22:10,410] 49 root - INFO - Started Regular Expression mapping
[ 2026-05-27 15:22:10,410] 174 root - INFO - Data transformation complete
[ 2026-05-27 15:22:10,410] 49 root - INFO - Started Regular Expression mapping
[ 2026-05-27 15:22:10,410] 25 root - INFO - Match heuristic business names to paybill payments
[ 2026-05-27 15:22:10,410] 174 root - INFO - Data transformation complete
[ 2026-05-27 15:22:10,411] 49 root - INFO - Started Regular Expression mapping
[ 2026-05-27 15:22:10,411] 25 root - INFO - Match heuristic business names to paybill payments
[ 2026-05-27 15:22:10,411] 174 root - INFO - Data transformation complete
[ 2026-05-27 15:22:10,411] 49 root - INFO - Started Regular Expression mapping
[ 2026-05-27 15:22:10,411] 174 root - INFO - Data transformation complete
[ 2026-05-27 15:22:10,411] 49 root - INFO - Started Regular Expression mapping
[ 2026-05-27 15:22:10,412] 174 root - INFO - Data transformation complete
[ 2026-05-27 15:22:10,412] 49 root - INFO - Started Regular Expression mapping
[ 2026-05-27 15:22:10,412] 174 root - INFO - Data transformation complete
[ 2026-05-27 15:22:10,412] 49 root - INFO - Started Regular Expression mapping
[ 2026-05-27 15:22:10,412] 174 root - INFO - Data transformation complete
[ 2026-05-27 15:22:10,413] 49 root - INFO - Started Regular Expression mapping
[ 2026-05-27 15:22:10,413] 174 root - INFO - Data transformation complete
[ 2026-05-27 15:22:10,413] 49 root - INFO - Started Regular Expression mapping
[ 2026-05-27 15:22:10,413] 25 root - INFO - Match heuristic business names to paybill payments
[ 2026-05-27 15:22:10,413] 174 root - INFO - Data transformation complete
[ 2026-05-27 15:22:10,413] 49 root - INFO - Started Regular Expression mapping
[ 2026-05-27 15:22:10,414] 174 root - INFO - Data transformation complete
[ 2026-05-27 15:22:10,414] 49 root - INFO - Started Regular Expression mapping
[ 2026-05-27 15:22:10,414] 174 root - INFO - Data transformation complete
[ 2026-05-27 15:22:10,414] 49 root - INFO - Started Regular Expression mapping
[ 2026-05-27 15:22:10,414] 25 root - INFO - Match heuristic business names to paybill payments
[ 2026-05-27 15:22:10,415] 174 root - INFO - Data transformation complete
[ 2026-05-27 15:22:10,415] 49 root - INFO - Started Regular Expression mapping
[ 2026-05-27 15:22:10,415] 25 root - INFO - Match heuristic business names to paybill payments
[ 2026-05-27 15:22:10,415] 174 root - INFO - Data transformation complete
[ 2026-05-27 15:22:10,415] 49 root - INFO - Started Regular Expression mapping
[ 2026-05-27 15:22:10,415] 174 root - INFO - Data transformation complete
[ 2026-05-27 15:22:10,416] 49 root - INFO - Started Regular Expression mapping
[ 2026-05-27 15:22:10,416] 174 root - INFO - Data transformation complete
[ 2026-05-27 15:22:10,416] 49 root - INFO - Started Regular Expression mapping
[ 2026-05-27 15:22:10,416] 174 root - INFO - Data transformation complete
[ 2026-05-27 15:22:10,416] 49 root - INFO - Started Regular Expression mapping
[ 2026-05-27 15:22:10,417] 174 root - INFO - Data transformation complete
[ 2026-05-27 15:22:10,417] 49 root - INFO - Started Regular Expression mapping
[ 2026-05-27 15:22:10,417] 174 root - INFO - Data transformation complete
[ 2026-05-27 15:22:10,417] 49 root - INFO - Started Regular Expression mapping
[ 2026-05-27 15:22:10,417] 25 root - INFO - Match heuristic business names to paybill payments
[ 2026-05-27 15:22:10,417] 174 root - INFO - Data transformation complete
[ 2026-05-27 15:22:10,418] 49 root - INFO - Started Regular Expression mapping
[ 2026-05-27 15:22:10,418] 174 root - INFO - Data transformation complete
[ 2026-05-27 15:22:10,418] 49 root - INFO - Started Regular Expression mapping
[ 2026-05-27 15:22:10,418] 174 root - INFO - Data transformation complete
[ 2026-05-27 15:22:10,418] 49 root - INFO - Started Regular Expression mapping
[ 2026-05-27 15:22:10,419] 174 root - INFO - Data transformation complete
[ 2026-05-27 15:22:10,419] 49 root - INFO - Started Regular Expression mapping
[ 2026-05-27 15:22:10,419] 174 root - INFO - Data transformation complete
[ 2026-05-27 15:22:10,419] 49 root - INFO - Started Regular Expression mapping
[ 2026-05-27 15:22:10,419] 25 root - INFO - Match heuristic business names to paybill payments
[ 2026-05-27 15:22:10,419] 174 root - INFO - Data transformation complete
[ 2026-05-27 15:22:10,420] 49 root - INFO - Started Regular Expression mapping
[ 2026-05-27 15:22:10,420] 174 root - INFO - Data transformation complete
[ 2026-05-27 15:22:10,420] 49 root - INFO - Started Regular Expression mapping
[ 2026-05-27 15:22:10,420] 174 root - INFO - Data transformation complete
[ 2026-05-27 15:22:10,420] 49 root - INFO - Started Regular Expression mapping
[ 2026-05-27 15:22:10,421] 174 root - INFO - Data transformation complete
[ 2026-05-27 15:22:10,421] 49 root - INFO - Started Regular Expression mapping
[ 2026-05-27 15:22:10,421] 174 root - INFO - Data transformation complete
[ 2026-05-27 15:22:10,421] 49 root - INFO - Started Regular Expression mapping
[ 2026-05-27 15:22:10,421] 174 root - INFO - Data transformation complete
[ 2026-05-27 15:22:10,421] 49 root - INFO - Started Regular Expression mapping
[ 2026-05-27 15:22:10,422] 25 root - INFO - Match heuristic business names to paybill payments
[ 2026-05-27 15:22:10,422] 174 root - INFO - Data transformation complete
[ 2026-05-27 15:22:10,422] 49 root - INFO - Started Regular Expression mapping
[ 2026-05-27 15:22:10,422] 25 root - INFO - Match heuristic business names to paybill payments
[ 2026-05-27 15:22:10,422] 174 root - INFO - Data transformation complete
[ 2026-05-27 15:22:10,423] 49 root - INFO - Started Regular Expression mapping
[ 2026-05-27 15:22:10,423] 174 root - INFO - Data transformation complete
[ 2026-05-27 15:22:10,423] 49 root - INFO - Started Regular Expression mapping
[ 2026-05-27 15:22:10,423] 174 root - INFO - Data transformation complete
[ 2026-05-27 15:22:10,423] 49 root - INFO - Started Regular Expression mapping
[ 2026-05-27 15:22:10,423] 174 root - INFO - Data transformation complete
[ 2026-05-27 15:22:10,424] 49 root - INFO - Started Regular Expression mapping
[ 2026-05-27 15:22:10,424] 25 root - INFO - Match heuristic business names to paybill payments
[ 2026-05-27 15:22:10,424] 174 root - INFO - Data transformation complete
[ 2026-05-27 15:22:10,424] 49 root - INFO - Started Regular Expression mapping
[ 2026-05-27 15:22:10,424] 25 root - INFO - Match heuristic business names to paybill payments
[ 2026-05-27 15:22:10,425] 174 root - INFO - Data transformation complete
[ 2026-05-27 15:22:10,425] 49 root - INFO - Started Regular Expression mapping
[ 2026-05-27 15:22:10,425] 174 root - INFO - Data transformation complete
[ 2026-05-27 15:22:10,425] 49 root - INFO - Started Regular Expression mapping
[ 2026-05-27 15:22:10,425] 174 root - INFO - Data transformation complete
[ 2026-05-27 15:22:10,425] 49 root - INFO - Started Regular Expression mapping
[ 2026-05-27 15:22:10,426] 174 root - INFO - Data transformation complete
[ 2026-05-27 15:22:10,426] 49 root - INFO - Started Regular Expression mapping
[ 2026-05-27 15:22:10,426] 174 root - INFO - Data transformation complete
[ 2026-05-27 15:22:10,426] 49 root - INFO - Started Regular Expression mapping
[ 2026-05-27 15:22:10,426] 174 root - INFO - Data transformation complete
[ 2026-05-27 15:22:10,427] 49 root - INFO - Started Regular Expression mapping
[ 2026-05-27 15:22:10,427] 174 root - INFO - Data transformation complete
[ 2026-05-27 15:22:10,427] 49 root - INFO - Started Regular Expression mapping
[ 2026-05-27 15:22:10,427] 174 root - INFO - Data transformation complete
[ 2026-05-27 15:22:10,427] 49 root - INFO - Started Regular Expression mapping
[ 2026-05-27 15:22:10,428] 174 root - INFO - Data transformation complete
[ 2026-05-27 15:22:10,428] 49 root - INFO - Started Regular Expression mapping
[ 2026-05-27 15:22:10,428] 25 root - INFO - Match heuristic business names to paybill payments
[ 2026-05-27 15:22:10,428] 174 root - INFO - Data transformation complete
[ 2026-05-27 15:22:10,428] 49 root - INFO - Started Regular Expression mapping
[ 2026-05-27 15:22:10,428] 25 root - INFO - Match heuristic business names to paybill payments
[ 2026-05-27 15:22:10,429] 174 root - INFO - Data transformation complete
[ 2026-05-27 15:22:10,429] 49 root - INFO - Started Regular Expression mapping
[ 2026-05-27 15:22:10,429] 174 root - INFO - Data transformation complete
[ 2026-05-27 15:22:10,429] 49 root - INFO - Started Regular Expression mapping
[ 2026-05-27 15:22:10,429] 174 root - INFO - Data transformation complete
[ 2026-05-27 15:22:10,429] 49 root - INFO - Started Regular Expression mapping
[ 2026-05-27 15:22:10,430] 174 root - INFO - Data transformation complete
[ 2026-05-27 15:22:10,430] 49 root - INFO - Started Regular Expression mapping
[ 2026-05-27 15:22:10,430] 174 root - INFO - Data transformation complete
[ 2026-05-27 15:22:10,430] 49 root - INFO - Started Regular Expression mapping
[ 2026-05-27 15:22:10,430] 174 root - INFO - Data transformation complete
[ 2026-05-27 15:22:10,431] 49 root - INFO - Started Regular Expression mapping
[ 2026-05-27 15:22:10,431] 174 root - INFO - Data transformation complete
[ 2026-05-27 15:22:10,431] 49 root - INFO - Started Regular Expression mapping
[ 2026-05-27 15:22:10,431] 174 root - INFO - Data transformation complete
[ 2026-05-27 15:22:10,431] 49 root - INFO - Started Regular Expression mapping
[ 2026-05-27 15:22:10,432] 174 root - INFO - Data transformation complete
[ 2026-05-27 15:22:10,432] 49 root - INFO - Started Regular Expression mapping
[ 2026-05-27 15:22:10,432] 174 root - INFO - Data transformation complete
[ 2026-05-27 15:22:10,432] 49 root - INFO - Started Regular Expression mapping
[ 2026-05-27 15:22:10,432] 174 root - INFO - Data transformation complete
[ 2026-05-27 15:22:10,432] 49 root - INFO - Started Regular Expression mapping
[ 2026-05-27 15:22:10,433] 174 root - INFO - Data transformation complete
[ 2026-05-27 15:22:10,433] 49 root - INFO - Started Regular Expression mapping
[ 2026-05-27 15:22:10,433] 174 root - INFO - Data transformation complete
[ 2026-05-27 15:22:10,433] 49 root - INFO - Started Regular Expression mapping
[ 2026-05-27 15:22:10,434] 174 root - INFO - Data transformation complete
[ 2026-05-27 15:22:10,434] 49 root - INFO - Started Regular Expression mapping
[ 2026-05-27 15:22:10,434] 174 root - INFO - Data transformation complete
[ 2026-05-27 15:22:10,434] 49 root - INFO - Started Regular Expression mapping
[ 2026-05-27 15:22:10,434] 25 root - INFO - Match heuristic business names to paybill payments
[ 2026-05-27 15:22:10,435] 174 root - INFO - Data transformation complete
[ 2026-05-27 15:22:10,435] 49 root - INFO - Started Regular Expression mapping
[ 2026-05-27 15:22:10,435] 25 root - INFO - Match heuristic business names to paybill payments
[ 2026-05-27 15:22:10,435] 174 root - INFO - Data transformation complete
[ 2026-05-27 15:22:10,435] 49 root - INFO - Started Regular Expression mapping
[ 2026-05-27 15:22:10,436] 174 root - INFO - Data transformation complete
[ 2026-05-27 15:22:10,436] 49 root - INFO - Started Regular Expression mapping
[ 2026-05-27 15:22:10,436] 174 root - INFO - Data transformation complete
[ 2026-05-27 15:22:10,436] 49 root - INFO - Started Regular Expression mapping
[ 2026-05-27 15:22:10,437] 174 root - INFO - Data transformation complete
[ 2026-05-27 15:22:10,437] 49 root - INFO - Started Regular Expression mapping
[ 2026-05-27 15:22:10,437] 25 root - INFO - Match heuristic business names to paybill payments
[ 2026-05-27 15:22:10,437] 174 root - INFO - Data transformation complete
[ 2026-05-27 15:22:10,437] 49 root - INFO - Started Regular Expression mapping
[ 2026-05-27 15:22:10,437] 174 root - INFO - Data transformation complete
[ 2026-05-27 15:22:10,438] 49 root - INFO - Started Regular Expression mapping
[ 2026-05-27 15:22:10,438] 174 root - INFO - Data transformation complete
[ 2026-05-27 15:22:10,438] 49 root - INFO - Started Regular Expression mapping
[ 2026-05-27 15:22:10,438] 174 root - INFO - Data transformation complete
[ 2026-05-27 15:22:10,438] 49 root - INFO - Started Regular Expression mapping
[ 2026-05-27 15:22:10,439] 174 root - INFO - Data transformation complete
[ 2026-05-27 15:22:10,439] 49 root - INFO - Started Regular Expression mapping
[ 2026-05-27 15:22:10,439] 174 root - INFO - Data transformation complete
[ 2026-05-27 15:22:10,439] 49 root - INFO - Started Regular Expression mapping
[ 2026-05-27 15:22:10,439] 174 root - INFO - Data transformation complete
[ 2026-05-27 15:22:10,439] 49 root - INFO - Started Regular Expression mapping
[ 2026-05-27 15:22:10,440] 174 root - INFO - Data transformation complete
[ 2026-05-27 15:22:10,440] 49 root - INFO - Started Regular Expression mapping
[ 2026-05-27 15:22:10,440] 174 root - INFO - Data transformation complete
[ 2026-05-27 15:22:10,440] 49 root - INFO - Started Regular Expression mapping
[ 2026-05-27 15:22:10,440] 174 root - INFO - Data transformation complete
[ 2026-05-27 15:22:10,441] 49 root - INFO - Started Regular Expression mapping
[ 2026-05-27 15:22:10,441] 174 root - INFO - Data transformation complete
[ 2026-05-27 15:22:10,441] 49 root - INFO - Started Regular Expression mapping
[ 2026-05-27 15:22:10,441] 174 root - INFO - Data transformation complete
[ 2026-05-27 15:22:10,441] 49 root - INFO - Started Regular Expression mapping
[ 2026-05-27 15:22:10,442] 25 root - INFO - Match heuristic business names to paybill payments
[ 2026-05-27 15:22:10,442] 174 root - INFO - Data transformation complete
[ 2026-05-27 15:22:10,442] 49 root - INFO - Started Regular Expression mapping
[ 2026-05-27 15:22:10,442] 25 root - INFO - Match heuristic business names to paybill payments
[ 2026-05-27 15:22:10,442] 174 root - INFO - Data transformation complete
[ 2026-05-27 15:22:10,442] 49 root - INFO - Started Regular Expression mapping
[ 2026-05-27 15:22:10,443] 174 root - INFO - Data transformation complete
[ 2026-05-27 15:22:10,443] 49 root - INFO - Started Regular Expression mapping
[ 2026-05-27 15:22:10,443] 174 root - INFO - Data transformation complete
[ 2026-05-27 15:22:10,443] 49 root - INFO - Started Regular Expression mapping
[ 2026-05-27 15:22:10,443] 174 root - INFO - Data transformation complete
[ 2026-05-27 15:22:10,443] 49 root - INFO - Started Regular Expression mapping
[ 2026-05-27 15:22:10,444] 174 root - INFO - Data transformation complete
[ 2026-05-27 15:22:10,444] 49 root - INFO - Started Regular Expression mapping
[ 2026-05-27 15:22:10,444] 25 root - INFO - Match heuristic business names to paybill payments
[ 2026-05-27 15:22:10,444] 174 root - INFO - Data transformation complete
[ 2026-05-27 15:22:10,444] 49 root - INFO - Started Regular Expression mapping
[ 2026-05-27 15:22:10,445] 25 root - INFO - Match heuristic business names to paybill payments
[ 2026-05-27 15:22:10,445] 174 root - INFO - Data transformation complete
[ 2026-05-27 15:22:10,445] 49 root - INFO - Started Regular Expression mapping
[ 2026-05-27 15:22:10,445] 174 root - INFO - Data transformation complete
[ 2026-05-27 15:22:10,445] 49 root - INFO - Started Regular Expression mapping
[ 2026-05-27 15:22:10,446] 174 root - INFO - Data transformation complete
[ 2026-05-27 15:22:10,446] 49 root - INFO - Started Regular Expression mapping
[ 2026-05-27 15:22:10,446] 174 root - INFO - Data transformation complete
[ 2026-05-27 15:22:10,446] 49 root - INFO - Started Regular Expression mapping
[ 2026-05-27 15:22:10,446] 174 root - INFO - Data transformation complete
[ 2026-05-27 15:22:10,446] 49 root - INFO - Started Regular Expression mapping
[ 2026-05-27 15:22:10,447] 25 root - INFO - Match heuristic business names to paybill payments
[ 2026-05-27 15:22:10,447] 174 root - INFO - Data transformation complete
[ 2026-05-27 15:22:10,447] 49 root - INFO - Started Regular Expression mapping
[ 2026-05-27 15:22:10,447] 25 root - INFO - Match heuristic business names to paybill payments
[ 2026-05-27 15:22:10,447] 174 root - INFO - Data transformation complete
[ 2026-05-27 15:22:10,447] 49 root - INFO - Started Regular Expression mapping
[ 2026-05-27 15:22:10,448] 174 root - INFO - Data transformation complete
[ 2026-05-27 15:22:10,448] 49 root - INFO - Started Regular Expression mapping
[ 2026-05-27 15:22:10,448] 174 root - INFO - Data transformation complete
[ 2026-05-27 15:22:10,448] 49 root - INFO - Started Regular Expression mapping
[ 2026-05-27 15:22:10,448] 174 root - INFO - Data transformation complete
[ 2026-05-27 15:22:10,449] 49 root - INFO - Started Regular Expression mapping
[ 2026-05-27 15:22:10,449] 174 root - INFO - Data transformation complete
[ 2026-05-27 15:22:10,449] 49 root - INFO - Started Regular Expression mapping
[ 2026-05-27 15:22:10,449] 174 root - INFO - Data transformation complete
[ 2026-05-27 15:22:10,449] 49 root - INFO - Started Regular Expression mapping
[ 2026-05-27 15:22:10,450] 174 root - INFO - Data transformation complete
[ 2026-05-27 15:22:10,450] 49 root - INFO - Started Regular Expression mapping
[ 2026-05-27 15:22:10,450] 174 root - INFO - Data transformation complete
[ 2026-05-27 15:22:10,450] 49 root - INFO - Started Regular Expression mapping
[ 2026-05-27 15:22:10,450] 25 root - INFO - Match heuristic business names to paybill payments
[ 2026-05-27 15:22:10,450] 174 root - INFO - Data transformation complete
[ 2026-05-27 15:22:10,451] 49 root - INFO - Started Regular Expression mapping
[ 2026-05-27 15:22:10,451] 174 root - INFO - Data transformation complete
[ 2026-05-27 15:22:10,451] 49 root - INFO - Started Regular Expression mapping
[ 2026-05-27 15:22:10,451] 25 root - INFO - Match heuristic business names to paybill payments
[ 2026-05-27 15:22:10,451] 174 root - INFO - Data transformation complete
[ 2026-05-27 15:22:10,451] 49 root - INFO - Started Regular Expression mapping
[ 2026-05-27 15:22:10,452] 174 root - INFO - Data transformation complete
[ 2026-05-27 15:22:10,452] 49 root - INFO - Started Regular Expression mapping
[ 2026-05-27 15:22:10,452] 174 root - INFO - Data transformation complete
[ 2026-05-27 15:22:10,453] 49 root - INFO - Started Regular Expression mapping
[ 2026-05-27 15:22:10,453] 174 root - INFO - Data transformation complete
[ 2026-05-27 15:22:10,453] 49 root - INFO - Started Regular Expression mapping
[ 2026-05-27 15:22:10,453] 174 root - INFO - Data transformation complete
[ 2026-05-27 15:22:10,453] 49 root - INFO - Started Regular Expression mapping
[ 2026-05-27 15:22:10,453] 174 root - INFO - Data transformation complete
[ 2026-05-27 15:22:10,454] 49 root - INFO - Started Regular Expression mapping
[ 2026-05-27 15:22:10,454] 174 root - INFO - Data transformation complete
[ 2026-05-27 15:22:10,454] 49 root - INFO - Started Regular Expression mapping
[ 2026-05-27 15:22:10,454] 174 root - INFO - Data transformation complete
[ 2026-05-27 15:22:10,454] 49 root - INFO - Started Regular Expression mapping
[ 2026-05-27 15:22:10,454] 25 root - INFO - Match heuristic business names to paybill payments
[ 2026-05-27 15:22:10,455] 174 root - INFO - Data transformation complete
[ 2026-05-27 15:22:10,455] 49 root - INFO - Started Regular Expression mapping
[ 2026-05-27 15:22:10,455] 174 root - INFO - Data transformation complete
[ 2026-05-27 15:22:10,455] 49 root - INFO - Started Regular Expression mapping
[ 2026-05-27 15:22:10,455] 25 root - INFO - Match heuristic business names to paybill payments
[ 2026-05-27 15:22:10,455] 174 root - INFO - Data transformation complete
[ 2026-05-27 15:22:10,455] 49 root - INFO - Started Regular Expression mapping
[ 2026-05-27 15:22:10,456] 174 root - INFO - Data transformation complete
[ 2026-05-27 15:22:10,456] 49 root - INFO - Started Regular Expression mapping
[ 2026-05-27 15:22:10,456] 25 root - INFO - Match heuristic business names to paybill payments
[ 2026-05-27 15:22:10,456] 174 root - INFO - Data transformation complete
[ 2026-05-27 15:22:10,456] 49 root - INFO - Started Regular Expression mapping
[ 2026-05-27 15:22:10,456] 174 root - INFO - Data transformation complete
[ 2026-05-27 15:22:10,456] 49 root - INFO - Started Regular Expression mapping
[ 2026-05-27 15:22:10,457] 174 root - INFO - Data transformation complete
[ 2026-05-27 15:22:10,457] 49 root - INFO - Started Regular Expression mapping
[ 2026-05-27 15:22:10,457] 174 root - INFO - Data transformation complete
[ 2026-05-27 15:22:10,457] 49 root - INFO - Started Regular Expression mapping
[ 2026-05-27 15:22:10,457] 174 root - INFO - Data transformation complete
[ 2026-05-27 15:22:10,457] 49 root - INFO - Started Regular Expression mapping
[ 2026-05-27 15:22:10,457] 174 root - INFO - Data transformation complete
[ 2026-05-27 15:22:10,457] 49 root - INFO - Started Regular Expression mapping
[ 2026-05-27 15:22:10,458] 174 root - INFO - Data transformation complete
[ 2026-05-27 15:22:10,458] 49 root - INFO - Started Regular Expression mapping
[ 2026-05-27 15:22:10,459] 174 root - INFO - Data transformation complete
[ 2026-05-27 15:22:10,459] 49 root - INFO - Started Regular Expression mapping
[ 2026-05-27 15:22:10,459] 25 root - INFO - Match heuristic business names to paybill payments
[ 2026-05-27 15:22:10,459] 174 root - INFO - Data transformation complete
[ 2026-05-27 15:22:10,459] 49 root - INFO - Started Regular Expression mapping
[ 2026-05-27 15:22:10,459] 174 root - INFO - Data transformation complete
[ 2026-05-27 15:22:10,460] 49 root - INFO - Started Regular Expression mapping
[ 2026-05-27 15:22:10,460] 174 root - INFO - Data transformation complete
[ 2026-05-27 15:22:10,460] 49 root - INFO - Started Regular Expression mapping
[ 2026-05-27 15:22:10,460] 174 root - INFO - Data transformation complete
[ 2026-05-27 15:22:10,460] 49 root - INFO - Started Regular Expression mapping
[ 2026-05-27 15:22:10,461] 25 root - INFO - Match heuristic business names to paybill payments
[ 2026-05-27 15:22:10,461] 174 root - INFO - Data transformation complete
[ 2026-05-27 15:22:10,461] 49 root - INFO - Started Regular Expression mapping
[ 2026-05-27 15:22:10,461] 25 root - INFO - Match heuristic business names to paybill payments
[ 2026-05-27 15:22:10,461] 174 root - INFO - Data transformation complete
[ 2026-05-27 15:22:10,461] 49 root - INFO - Started Regular Expression mapping
[ 2026-05-27 15:22:10,462] 174 root - INFO - Data transformation complete
[ 2026-05-27 15:22:10,462] 49 root - INFO - Started Regular Expression mapping
[ 2026-05-27 15:22:10,462] 174 root - INFO - Data transformation complete
[ 2026-05-27 15:22:10,462] 49 root - INFO - Started Regular Expression mapping
[ 2026-05-27 15:22:10,462] 174 root - INFO - Data transformation complete
[ 2026-05-27 15:22:10,463] 49 root - INFO - Started Regular Expression mapping
[ 2026-05-27 15:22:10,463] 25 root - INFO - Match heuristic business names to paybill payments
[ 2026-05-27 15:22:10,463] 174 root - INFO - Data transformation complete
[ 2026-05-27 15:22:10,463] 49 root - INFO - Started Regular Expression mapping
[ 2026-05-27 15:22:10,463] 174 root - INFO - Data transformation complete
[ 2026-05-27 15:22:10,464] 49 root - INFO - Started Regular Expression mapping
[ 2026-05-27 15:22:10,464] 174 root - INFO - Data transformation complete
[ 2026-05-27 15:22:10,464] 49 root - INFO - Started Regular Expression mapping
[ 2026-05-27 15:22:10,464] 174 root - INFO - Data transformation complete
[ 2026-05-27 15:22:10,464] 49 root - INFO - Started Regular Expression mapping
[ 2026-05-27 15:22:10,465] 25 root - INFO - Match heuristic business names to paybill payments
[ 2026-05-27 15:22:10,465] 174 root - INFO - Data transformation complete
[ 2026-05-27 15:22:10,465] 49 root - INFO - Started Regular Expression mapping
[ 2026-05-27 15:22:10,465] 25 root - INFO - Match heuristic business names to paybill payments
[ 2026-05-27 15:22:10,465] 174 root - INFO - Data transformation complete
[ 2026-05-27 15:22:10,465] 49 root - INFO - Started Regular Expression mapping
[ 2026-05-27 15:22:10,466] 174 root - INFO - Data transformation complete
[ 2026-05-27 15:22:10,466] 49 root - INFO - Started Regular Expression mapping
[ 2026-05-27 15:22:10,466] 25 root - INFO - Match heuristic business names to paybill payments
[ 2026-05-27 15:22:10,466] 174 root - INFO - Data transformation complete
[ 2026-05-27 15:22:10,466] 49 root - INFO - Started Regular Expression mapping
[ 2026-05-27 15:22:10,467] 25 root - INFO - Match heuristic business names to paybill payments
[ 2026-05-27 15:22:10,467] 174 root - INFO - Data transformation complete
[ 2026-05-27 15:22:10,467] 49 root - INFO - Started Regular Expression mapping
[ 2026-05-27 15:22:10,467] 174 root - INFO - Data transformation complete
[ 2026-05-27 15:22:10,467] 49 root - INFO - Started Regular Expression mapping
[ 2026-05-27 15:22:10,467] 174 root - INFO - Data transformation complete
[ 2026-05-27 15:22:10,468] 49 root - INFO - Started Regular Expression mapping
[ 2026-05-27 15:22:10,468] 174 root - INFO - Data transformation complete
[ 2026-05-27 15:22:10,468] 49 root - INFO - Started Regular Expression mapping
[ 2026-05-27 15:22:10,468] 174 root - INFO - Data transformation complete
[ 2026-05-27 15:22:10,468] 49 root - INFO - Started Regular Expression mapping
[ 2026-05-27 15:22:10,468] 174 root - INFO - Data transformation complete
[ 2026-05-27 15:22:10,469] 49 root - INFO - Started Regular Expression mapping
[ 2026-05-27 15:22:10,469] 174 root - INFO - Data transformation complete
[ 2026-05-27 15:22:10,469] 49 root - INFO - Started Regular Expression mapping
[ 2026-05-27 15:22:10,469] 174 root - INFO - Data transformation complete
[ 2026-05-27 15:22:10,469] 49 root - INFO - Started Regular Expression mapping
[ 2026-05-27 15:22:10,470] 174 root - INFO - Data transformation complete
[ 2026-05-27 15:22:10,470] 49 root - INFO - Started Regular Expression mapping
[ 2026-05-27 15:22:10,470] 174 root - INFO - Data transformation complete
[ 2026-05-27 15:22:10,470] 49 root - INFO - Started Regular Expression mapping
[ 2026-05-27 15:22:10,470] 174 root - INFO - Data transformation complete
[ 2026-05-27 15:22:10,471] 49 root - INFO - Started Regular Expression mapping
[ 2026-05-27 15:22:10,471] 174 root - INFO - Data transformation complete
[ 2026-05-27 15:22:10,471] 49 root - INFO - Started Regular Expression mapping
[ 2026-05-27 15:22:10,471] 174 root - INFO - Data transformation complete
[ 2026-05-27 15:22:10,471] 49 root - INFO - Started Regular Expression mapping
[ 2026-05-27 15:22:10,472] 174 root - INFO - Data transformation complete
[ 2026-05-27 15:22:10,472] 49 root - INFO - Started Regular Expression mapping
[ 2026-05-27 15:22:10,472] 174 root - INFO - Data transformation complete
[ 2026-05-27 15:22:10,472] 49 root - INFO - Started Regular Expression mapping
[ 2026-05-27 15:22:10,472] 174 root - INFO - Data transformation complete
[ 2026-05-27 15:22:10,472] 49 root - INFO - Started Regular Expression mapping
[ 2026-05-27 15:22:10,473] 174 root - INFO - Data transformation complete
[ 2026-05-27 15:22:10,473] 49 root - INFO - Started Regular Expression mapping
[ 2026-05-27 15:22:10,473] 25 root - INFO - Match heuristic business names to paybill payments
[ 2026-05-27 15:22:10,473] 174 root - INFO - Data transformation complete
[ 2026-05-27 15:22:10,473] 49 root - INFO - Started Regular Expression mapping
[ 2026-05-27 15:22:10,474] 25 root - INFO - Match heuristic business names to paybill payments
[ 2026-05-27 15:22:10,474] 174 root - INFO - Data transformation complete
[ 2026-05-27 15:22:10,474] 49 root - INFO - Started Regular Expression mapping
[ 2026-05-27 15:22:10,474] 174 root - INFO - Data transformation complete
[ 2026-05-27 15:22:10,474] 49 root - INFO - Started Regular Expression mapping
[ 2026-05-27 15:22:10,475] 174 root - INFO - Data transformation complete
[ 2026-05-27 15:22:10,475] 49 root - INFO - Started Regular Expression mapping
[ 2026-05-27 15:22:10,475] 174 root - INFO - Data transformation complete
[ 2026-05-27 15:22:10,475] 49 root - INFO - Started Regular Expression mapping
[ 2026-05-27 15:22:10,476] 174 root - INFO - Data transformation complete
[ 2026-05-27 15:22:10,476] 49 root - INFO - Started Regular Expression mapping
[ 2026-05-27 15:22:10,476] 174 root - INFO - Data transformation complete
[ 2026-05-27 15:22:10,476] 49 root - INFO - Started Regular Expression mapping
[ 2026-05-27 15:22:10,476] 174 root - INFO - Data transformation complete
[ 2026-05-27 15:22:10,477] 49 root - INFO - Started Regular Expression mapping
[ 2026-05-27 15:22:10,477] 174 root - INFO - Data transformation complete
[ 2026-05-27 15:22:10,477] 49 root - INFO - Started Regular Expression mapping
[ 2026-05-27 15:22:10,477] 174 root - INFO - Data transformation complete
[ 2026-05-27 15:22:10,477] 49 root - INFO - Started Regular Expression mapping
[ 2026-05-27 15:22:10,477] 174 root - INFO - Data transformation complete
[ 2026-05-27 15:22:10,478] 49 root - INFO - Started Regular Expression mapping
[ 2026-05-27 15:22:10,478] 174 root - INFO - Data transformation complete
[ 2026-05-27 15:22:10,478] 49 root - INFO - Started Regular Expression mapping
[ 2026-05-27 15:22:10,478] 174 root - INFO - Data transformation complete
[ 2026-05-27 15:22:10,478] 49 root - INFO - Started Regular Expression mapping
[ 2026-05-27 15:22:10,479] 174 root - INFO - Data transformation complete
[ 2026-05-27 15:22:10,479] 49 root - INFO - Started Regular Expression mapping
[ 2026-05-27 15:22:10,479] 174 root - INFO - Data transformation complete
[ 2026-05-27 15:22:10,479] 49 root - INFO - Started Regular Expression mapping
[ 2026-05-27 15:22:10,479] 174 root - INFO - Data transformation complete
[ 2026-05-27 15:22:10,479] 49 root - INFO - Started Regular Expression mapping
[ 2026-05-27 15:22:10,480] 25 root - INFO - Match heuristic business names to paybill payments
[ 2026-05-27 15:22:10,480] 174 root - INFO - Data transformation complete
[ 2026-05-27 15:22:10,480] 49 root - INFO - Started Regular Expression mapping
[ 2026-05-27 15:22:10,480] 174 root - INFO - Data transformation complete
[ 2026-05-27 15:22:10,480] 49 root - INFO - Started Regular Expression mapping
[ 2026-05-27 15:22:10,481] 174 root - INFO - Data transformation complete
[ 2026-05-27 15:22:10,481] 49 root - INFO - Started Regular Expression mapping
[ 2026-05-27 15:22:10,481] 174 root - INFO - Data transformation complete
[ 2026-05-27 15:22:10,481] 49 root - INFO - Started Regular Expression mapping
[ 2026-05-27 15:22:10,481] 174 root - INFO - Data transformation complete
[ 2026-05-27 15:22:10,481] 49 root - INFO - Started Regular Expression mapping
[ 2026-05-27 15:22:10,482] 174 root - INFO - Data transformation complete
[ 2026-05-27 15:22:10,482] 49 root - INFO - Started Regular Expression mapping
[ 2026-05-27 15:22:10,482] 174 root - INFO - Data transformation complete
[ 2026-05-27 15:22:10,482] 49 root - INFO - Started Regular Expression mapping
[ 2026-05-27 15:22:10,482] 174 root - INFO - Data transformation complete
[ 2026-05-27 15:22:10,483] 49 root - INFO - Started Regular Expression mapping
[ 2026-05-27 15:22:10,483] 174 root - INFO - Data transformation complete
[ 2026-05-27 15:22:10,483] 49 root - INFO - Started Regular Expression mapping
[ 2026-05-27 15:22:10,483] 25 root - INFO - Match heuristic business names to paybill payments
[ 2026-05-27 15:22:10,483] 174 root - INFO - Data transformation complete
[ 2026-05-27 15:22:10,483] 49 root - INFO - Started Regular Expression mapping
[ 2026-05-27 15:22:10,484] 174 root - INFO - Data transformation complete
[ 2026-05-27 15:22:10,484] 49 root - INFO - Started Regular Expression mapping
[ 2026-05-27 15:22:10,484] 174 root - INFO - Data transformation complete
[ 2026-05-27 15:22:10,484] 49 root - INFO - Started Regular Expression mapping
[ 2026-05-27 15:22:10,484] 25 root - INFO - Match heuristic business names to paybill payments
[ 2026-05-27 15:22:10,485] 174 root - INFO - Data transformation complete
[ 2026-05-27 15:22:10,485] 49 root - INFO - Started Regular Expression mapping
[ 2026-05-27 15:22:10,485] 174 root - INFO - Data transformation complete
[ 2026-05-27 15:22:10,485] 49 root - INFO - Started Regular Expression mapping
[ 2026-05-27 15:22:10,485] 174 root - INFO - Data transformation complete
[ 2026-05-27 15:22:10,486] 49 root - INFO - Started Regular Expression mapping
[ 2026-05-27 15:22:10,486] 174 root - INFO - Data transformation complete
[ 2026-05-27 15:22:10,486] 49 root - INFO - Started Regular Expression mapping
[ 2026-05-27 15:22:10,486] 174 root - INFO - Data transformation complete
[ 2026-05-27 15:22:10,486] 49 root - INFO - Started Regular Expression mapping
[ 2026-05-27 15:22:10,487] 174 root - INFO - Data transformation complete
[ 2026-05-27 15:22:10,487] 49 root - INFO - Started Regular Expression mapping
[ 2026-05-27 15:22:10,487] 174 root - INFO - Data transformation complete
[ 2026-05-27 15:22:10,487] 49 root - INFO - Started Regular Expression mapping
[ 2026-05-27 15:22:10,487] 174 root - INFO - Data transformation complete
[ 2026-05-27 15:22:10,487] 49 root - INFO - Started Regular Expression mapping
[ 2026-05-27 15:22:10,488] 174 root - INFO - Data transformation complete
[ 2026-05-27 15:22:10,488] 49 root - INFO - Started Regular Expression mapping
[ 2026-05-27 15:22:10,488] 25 root - INFO - Match heuristic business names to paybill payments
[ 2026-05-27 15:22:10,488] 174 root - INFO - Data transformation complete
[ 2026-05-27 15:22:10,488] 49 root - INFO - Started Regular Expression mapping
[ 2026-05-27 15:22:10,489] 174 root - INFO - Data transformation complete
[ 2026-05-27 15:22:10,489] 49 root - INFO - Started Regular Expression mapping
[ 2026-05-27 15:22:10,489] 174 root - INFO - Data transformation complete
[ 2026-05-27 15:22:10,489] 49 root - INFO - Started Regular Expression mapping
[ 2026-05-27 15:22:10,489] 25 root - INFO - Match heuristic business names to paybill payments
[ 2026-05-27 15:22:10,489] 174 root - INFO - Data transformation complete
[ 2026-05-27 15:22:10,490] 49 root - INFO - Started Regular Expression mapping
[ 2026-05-27 15:22:10,490] 174 root - INFO - Data transformation complete
[ 2026-05-27 15:22:10,490] 49 root - INFO - Started Regular Expression mapping
[ 2026-05-27 15:22:10,490] 25 root - INFO - Match heuristic business names to paybill payments
[ 2026-05-27 15:22:10,490] 174 root - INFO - Data transformation complete
[ 2026-05-27 15:22:10,491] 49 root - INFO - Started Regular Expression mapping
[ 2026-05-27 15:22:10,491] 25 root - INFO - Match heuristic business names to paybill payments
[ 2026-05-27 15:22:10,491] 174 root - INFO - Data transformation complete
[ 2026-05-27 15:22:10,491] 49 root - INFO - Started Regular Expression mapping
[ 2026-05-27 15:22:10,491] 25 root - INFO - Match heuristic business names to paybill payments
[ 2026-05-27 15:22:10,491] 174 root - INFO - Data transformation complete
[ 2026-05-27 15:22:10,492] 49 root - INFO - Started Regular Expression mapping
[ 2026-05-27 15:22:10,492] 174 root - INFO - Data transformation complete
[ 2026-05-27 15:22:10,492] 49 root - INFO - Started Regular Expression mapping
[ 2026-05-27 15:22:10,492] 174 root - INFO - Data transformation complete
[ 2026-05-27 15:22:10,492] 49 root - INFO - Started Regular Expression mapping
[ 2026-05-27 15:22:10,493] 174 root - INFO - Data transformation complete
[ 2026-05-27 15:22:10,493] 49 root - INFO - Started Regular Expression mapping
[ 2026-05-27 15:22:10,493] 174 root - INFO - Data transformation complete
[ 2026-05-27 15:22:10,493] 49 root - INFO - Started Regular Expression mapping
[ 2026-05-27 15:22:10,493] 25 root - INFO - Match heuristic business names to paybill payments
[ 2026-05-27 15:22:10,494] 174 root - INFO - Data transformation complete
[ 2026-05-27 15:22:10,494] 49 root - INFO - Started Regular Expression mapping
[ 2026-05-27 15:22:10,494] 174 root - INFO - Data transformation complete
[ 2026-05-27 15:22:10,494] 49 root - INFO - Started Regular Expression mapping
[ 2026-05-27 15:22:10,494] 174 root - INFO - Data transformation complete
[ 2026-05-27 15:22:10,494] 49 root - INFO - Started Regular Expression mapping
[ 2026-05-27 15:22:10,495] 174 root - INFO - Data transformation complete
[ 2026-05-27 15:22:10,495] 49 root - INFO - Started Regular Expression mapping
[ 2026-05-27 15:22:10,495] 174 root - INFO - Data transformation complete
[ 2026-05-27 15:22:10,495] 49 root - INFO - Started Regular Expression mapping
[ 2026-05-27 15:22:10,495] 174 root - INFO - Data transformation complete
[ 2026-05-27 15:22:10,496] 49 root - INFO - Started Regular Expression mapping
[ 2026-05-27 15:22:10,496] 25 root - INFO - Match heuristic business names to paybill payments
[ 2026-05-27 15:22:10,496] 174 root - INFO - Data transformation complete
[ 2026-05-27 15:22:10,496] 49 root - INFO - Started Regular Expression mapping
[ 2026-05-27 15:22:10,496] 25 root - INFO - Match heuristic business names to paybill payments
[ 2026-05-27 15:22:10,497] 174 root - INFO - Data transformation complete
[ 2026-05-27 15:22:10,497] 49 root - INFO - Started Regular Expression mapping
[ 2026-05-27 15:22:10,497] 174 root - INFO - Data transformation complete
[ 2026-05-27 15:22:10,497] 49 root - INFO - Started Regular Expression mapping
[ 2026-05-27 15:22:10,497] 174 root - INFO - Data transformation complete
[ 2026-05-27 15:22:10,497] 49 root - INFO - Started Regular Expression mapping
[ 2026-05-27 15:22:10,498] 174 root - INFO - Data transformation complete
[ 2026-05-27 15:22:10,498] 49 root - INFO - Started Regular Expression mapping
[ 2026-05-27 15:22:10,498] 174 root - INFO - Data transformation complete
[ 2026-05-27 15:22:10,498] 49 root - INFO - Started Regular Expression mapping
[ 2026-05-27 15:22:10,498] 174 root - INFO - Data transformation complete
[ 2026-05-27 15:22:10,498] 49 root - INFO - Started Regular Expression mapping
[ 2026-05-27 15:22:10,499] 25 root - INFO - Match heuristic business names to paybill payments
[ 2026-05-27 15:22:10,499] 174 root - INFO - Data transformation complete
[ 2026-05-27 15:22:10,499] 49 root - INFO - Started Regular Expression mapping
[ 2026-05-27 15:22:10,499] 174 root - INFO - Data transformation complete
[ 2026-05-27 15:22:10,499] 49 root - INFO - Started Regular Expression mapping
[ 2026-05-27 15:22:10,500] 174 root - INFO - Data transformation complete
[ 2026-05-27 15:22:10,500] 49 root - INFO - Started Regular Expression mapping
[ 2026-05-27 15:22:10,500] 25 root - INFO - Match heuristic business names to paybill payments
[ 2026-05-27 15:22:10,500] 174 root - INFO - Data transformation complete
[ 2026-05-27 15:22:10,500] 49 root - INFO - Started Regular Expression mapping
[ 2026-05-27 15:22:10,501] 174 root - INFO - Data transformation complete
[ 2026-05-27 15:22:10,501] 49 root - INFO - Started Regular Expression mapping
[ 2026-05-27 15:22:10,501] 25 root - INFO - Match heuristic business names to paybill payments
[ 2026-05-27 15:22:10,501] 174 root - INFO - Data transformation complete
[ 2026-05-27 15:22:10,501] 49 root - INFO - Started Regular Expression mapping
[ 2026-05-27 15:22:10,501] 174 root - INFO - Data transformation complete
[ 2026-05-27 15:22:10,502] 49 root - INFO - Started Regular Expression mapping
[ 2026-05-27 15:22:10,502] 174 root - INFO - Data transformation complete
[ 2026-05-27 15:22:10,502] 49 root - INFO - Started Regular Expression mapping
[ 2026-05-27 15:22:10,502] 174 root - INFO - Data transformation complete
[ 2026-05-27 15:22:10,502] 49 root - INFO - Started Regular Expression mapping
[ 2026-05-27 15:22:10,503] 174 root - INFO - Data transformation complete
[ 2026-05-27 15:22:10,503] 49 root - INFO - Started Regular Expression mapping
[ 2026-05-27 15:22:10,503] 174 root - INFO - Data transformation complete
[ 2026-05-27 15:22:10,503] 49 root - INFO - Started Regular Expression mapping
[ 2026-05-27 15:22:10,503] 174 root - INFO - Data transformation complete
[ 2026-05-27 15:22:10,503] 49 root - INFO - Started Regular Expression mapping
[ 2026-05-27 15:22:10,504] 25 root - INFO - Match heuristic business names to paybill payments
[ 2026-05-27 15:22:10,504] 174 root - INFO - Data transformation complete
[ 2026-05-27 15:22:10,504] 49 root - INFO - Started Regular Expression mapping
[ 2026-05-27 15:22:10,504] 25 root - INFO - Match heuristic business names to paybill payments
[ 2026-05-27 15:22:10,504] 174 root - INFO - Data transformation complete
[ 2026-05-27 15:22:10,505] 49 root - INFO - Started Regular Expression mapping
[ 2026-05-27 15:22:10,505] 25 root - INFO - Match heuristic business names to paybill payments
[ 2026-05-27 15:22:10,505] 174 root - INFO - Data transformation complete
[ 2026-05-27 15:22:10,505] 49 root - INFO - Started Regular Expression mapping
[ 2026-05-27 15:22:10,505] 174 root - INFO - Data transformation complete
[ 2026-05-27 15:22:10,505] 49 root - INFO - Started Regular Expression mapping
[ 2026-05-27 15:22:10,506] 174 root - INFO - Data transformation complete
[ 2026-05-27 15:22:10,506] 49 root - INFO - Started Regular Expression mapping
[ 2026-05-27 15:22:10,506] 174 root - INFO - Data transformation complete
[ 2026-05-27 15:22:10,506] 49 root - INFO - Started Regular Expression mapping
[ 2026-05-27 15:22:10,506] 174 root - INFO - Data transformation complete
[ 2026-05-27 15:22:10,506] 49 root - INFO - Started Regular Expression mapping
[ 2026-05-27 15:22:10,507] 174 root - INFO - Data transformation complete
[ 2026-05-27 15:22:10,507] 49 root - INFO - Started Regular Expression mapping
[ 2026-05-27 15:22:10,507] 174 root - INFO - Data transformation complete
[ 2026-05-27 15:22:10,507] 49 root - INFO - Started Regular Expression mapping
[ 2026-05-27 15:22:10,507] 174 root - INFO - Data transformation complete
[ 2026-05-27 15:22:10,507] 49 root - INFO - Started Regular Expression mapping
[ 2026-05-27 15:22:10,508] 174 root - INFO - Data transformation complete
[ 2026-05-27 15:22:10,508] 49 root - INFO - Started Regular Expression mapping
[ 2026-05-27 15:22:10,508] 25 root - INFO - Match heuristic business names to paybill payments
[ 2026-05-27 15:22:10,508] 174 root - INFO - Data transformation complete
[ 2026-05-27 15:22:10,509] 49 root - INFO - Started Regular Expression mapping
[ 2026-05-27 15:22:10,509] 25 root - INFO - Match heuristic business names to paybill payments
[ 2026-05-27 15:22:10,509] 174 root - INFO - Data transformation complete
[ 2026-05-27 15:22:10,509] 49 root - INFO - Started Regular Expression mapping
[ 2026-05-27 15:22:10,509] 174 root - INFO - Data transformation complete
[ 2026-05-27 15:22:10,509] 49 root - INFO - Started Regular Expression mapping
[ 2026-05-27 15:22:10,510] 174 root - INFO - Data transformation complete
[ 2026-05-27 15:22:10,510] 49 root - INFO - Started Regular Expression mapping
[ 2026-05-27 15:22:10,510] 174 root - INFO - Data transformation complete
[ 2026-05-27 15:22:10,510] 49 root - INFO - Started Regular Expression mapping
[ 2026-05-27 15:22:10,510] 174 root - INFO - Data transformation complete
[ 2026-05-27 15:22:10,511] 49 root - INFO - Started Regular Expression mapping
[ 2026-05-27 15:22:10,511] 174 root - INFO - Data transformation complete
[ 2026-05-27 15:22:10,511] 49 root - INFO - Started Regular Expression mapping
[ 2026-05-27 15:22:10,511] 25 root - INFO - Match heuristic business names to paybill payments
[ 2026-05-27 15:22:10,511] 174 root - INFO - Data transformation complete
[ 2026-05-27 15:22:10,511] 49 root - INFO - Started Regular Expression mapping
[ 2026-05-27 15:22:10,512] 174 root - INFO - Data transformation complete
[ 2026-05-27 15:22:10,512] 49 root - INFO - Started Regular Expression mapping
[ 2026-05-27 15:22:10,512] 174 root - INFO - Data transformation complete
[ 2026-05-27 15:22:10,512] 49 root - INFO - Started Regular Expression mapping
[ 2026-05-27 15:22:10,512] 174 root - INFO - Data transformation complete
[ 2026-05-27 15:22:10,513] 49 root - INFO - Started Regular Expression mapping
[ 2026-05-27 15:22:10,513] 174 root - INFO - Data transformation complete
[ 2026-05-27 15:22:10,513] 49 root - INFO - Started Regular Expression mapping
[ 2026-05-27 15:22:10,513] 174 root - INFO - Data transformation complete
[ 2026-05-27 15:22:10,513] 49 root - INFO - Started Regular Expression mapping
[ 2026-05-27 15:22:10,514] 25 root - INFO - Match heuristic business names to paybill payments
[ 2026-05-27 15:22:10,514] 174 root - INFO - Data transformation complete
[ 2026-05-27 15:22:10,514] 49 root - INFO - Started Regular Expression mapping
[ 2026-05-27 15:22:10,514] 25 root - INFO - Match heuristic business names to paybill payments
[ 2026-05-27 15:22:10,514] 174 root - INFO - Data transformation complete
[ 2026-05-27 15:22:10,514] 49 root - INFO - Started Regular Expression mapping
[ 2026-05-27 15:22:10,515] 174 root - INFO - Data transformation complete
[ 2026-05-27 15:22:10,515] 49 root - INFO - Started Regular Expression mapping
[ 2026-05-27 15:22:10,515] 174 root - INFO - Data transformation complete
[ 2026-05-27 15:22:10,515] 49 root - INFO - Started Regular Expression mapping
[ 2026-05-27 15:22:10,515] 174 root - INFO - Data transformation complete
[ 2026-05-27 15:22:10,515] 49 root - INFO - Started Regular Expression mapping
[ 2026-05-27 15:22:10,516] 174 root - INFO - Data transformation complete
[ 2026-05-27 15:22:10,516] 49 root - INFO - Started Regular Expression mapping
[ 2026-05-27 15:22:10,517] 174 root - INFO - Data transformation complete
[ 2026-05-27 15:22:10,517] 49 root - INFO - Started Regular Expression mapping
[ 2026-05-27 15:22:10,517] 25 root - INFO - Match heuristic business names to paybill payments
[ 2026-05-27 15:22:10,517] 174 root - INFO - Data transformation complete
[ 2026-05-27 15:22:10,517] 49 root - INFO - Started Regular Expression mapping
[ 2026-05-27 15:22:10,518] 25 root - INFO - Match heuristic business names to paybill payments
[ 2026-05-27 15:22:10,518] 174 root - INFO - Data transformation complete
[ 2026-05-27 15:22:10,518] 49 root - INFO - Started Regular Expression mapping
[ 2026-05-27 15:22:10,518] 174 root - INFO - Data transformation complete
[ 2026-05-27 15:22:10,518] 49 root - INFO - Started Regular Expression mapping
[ 2026-05-27 15:22:10,519] 174 root - INFO - Data transformation complete
[ 2026-05-27 15:22:10,519] 49 root - INFO - Started Regular Expression mapping
[ 2026-05-27 15:22:10,519] 174 root - INFO - Data transformation complete
[ 2026-05-27 15:22:10,519] 49 root - INFO - Started Regular Expression mapping
[ 2026-05-27 15:22:10,519] 174 root - INFO - Data transformation complete
[ 2026-05-27 15:22:10,520] 49 root - INFO - Started Regular Expression mapping
[ 2026-05-27 15:22:10,520] 174 root - INFO - Data transformation complete
[ 2026-05-27 15:22:10,520] 49 root - INFO - Started Regular Expression mapping
[ 2026-05-27 15:22:10,520] 174 root - INFO - Data transformation complete
[ 2026-05-27 15:22:10,520] 49 root - INFO - Started Regular Expression mapping
[ 2026-05-27 15:22:10,521] 174 root - INFO - Data transformation complete
[ 2026-05-27 15:22:10,521] 49 root - INFO - Started Regular Expression mapping
[ 2026-05-27 15:22:10,521] 174 root - INFO - Data transformation complete
[ 2026-05-27 15:22:10,521] 49 root - INFO - Started Regular Expression mapping
[ 2026-05-27 15:22:10,521] 174 root - INFO - Data transformation complete
[ 2026-05-27 15:22:10,521] 49 root - INFO - Started Regular Expression mapping
[ 2026-05-27 15:22:10,522] 174 root - INFO - Data transformation complete
[ 2026-05-27 15:22:10,522] 49 root - INFO - Started Regular Expression mapping
[ 2026-05-27 15:22:10,522] 174 root - INFO - Data transformation complete
[ 2026-05-27 15:22:10,522] 49 root - INFO - Started Regular Expression mapping
[ 2026-05-27 15:22:10,522] 25 root - INFO - Match heuristic business names to paybill payments
[ 2026-05-27 15:22:10,523] 174 root - INFO - Data transformation complete
[ 2026-05-27 15:22:10,523] 49 root - INFO - Started Regular Expression mapping
[ 2026-05-27 15:22:10,523] 174 root - INFO - Data transformation complete
[ 2026-05-27 15:22:10,523] 49 root - INFO - Started Regular Expression mapping
[ 2026-05-27 15:22:10,523] 174 root - INFO - Data transformation complete
[ 2026-05-27 15:22:10,524] 49 root - INFO - Started Regular Expression mapping
[ 2026-05-27 15:22:10,524] 174 root - INFO - Data transformation complete
[ 2026-05-27 15:22:10,524] 49 root - INFO - Started Regular Expression mapping
[ 2026-05-27 15:22:10,524] 25 root - INFO - Match heuristic business names to paybill payments
[ 2026-05-27 15:22:10,525] 174 root - INFO - Data transformation complete
[ 2026-05-27 15:22:10,525] 49 root - INFO - Started Regular Expression mapping
[ 2026-05-27 15:22:10,526] 174 root - INFO - Data transformation complete
[ 2026-05-27 15:22:10,526] 49 root - INFO - Started Regular Expression mapping
[ 2026-05-27 15:22:10,526] 174 root - INFO - Data transformation complete
[ 2026-05-27 15:22:10,526] 49 root - INFO - Started Regular Expression mapping
[ 2026-05-27 15:22:10,526] 174 root - INFO - Data transformation complete
[ 2026-05-27 15:22:10,526] 49 root - INFO - Started Regular Expression mapping
[ 2026-05-27 15:22:10,527] 174 root - INFO - Data transformation complete
[ 2026-05-27 15:22:10,527] 49 root - INFO - Started Regular Expression mapping
[ 2026-05-27 15:22:10,527] 174 root - INFO - Data transformation complete
[ 2026-05-27 15:22:10,527] 49 root - INFO - Started Regular Expression mapping
[ 2026-05-27 15:22:10,527] 174 root - INFO - Data transformation complete
[ 2026-05-27 15:22:10,528] 49 root - INFO - Started Regular Expression mapping
[ 2026-05-27 15:22:10,528] 25 root - INFO - Match heuristic business names to paybill payments
[ 2026-05-27 15:22:10,528] 174 root - INFO - Data transformation complete
[ 2026-05-27 15:22:10,528] 49 root - INFO - Started Regular Expression mapping
[ 2026-05-27 15:22:10,528] 25 root - INFO - Match heuristic business names to paybill payments
[ 2026-05-27 15:22:10,529] 174 root - INFO - Data transformation complete
[ 2026-05-27 15:22:10,529] 49 root - INFO - Started Regular Expression mapping
[ 2026-05-27 15:22:10,529] 174 root - INFO - Data transformation complete
[ 2026-05-27 15:22:10,529] 49 root - INFO - Started Regular Expression mapping
[ 2026-05-27 15:22:10,529] 174 root - INFO - Data transformation complete
[ 2026-05-27 15:22:10,529] 49 root - INFO - Started Regular Expression mapping
[ 2026-05-27 15:22:10,530] 174 root - INFO - Data transformation complete
[ 2026-05-27 15:22:10,530] 49 root - INFO - Started Regular Expression mapping
[ 2026-05-27 15:22:10,530] 174 root - INFO - Data transformation complete
[ 2026-05-27 15:22:10,530] 49 root - INFO - Started Regular Expression mapping
[ 2026-05-27 15:22:10,530] 25 root - INFO - Match heuristic business names to paybill payments
[ 2026-05-27 15:22:10,531] 174 root - INFO - Data transformation complete
[ 2026-05-27 15:22:10,531] 49 root - INFO - Started Regular Expression mapping
[ 2026-05-27 15:22:10,531] 174 root - INFO - Data transformation complete
[ 2026-05-27 15:22:10,531] 49 root - INFO - Started Regular Expression mapping
[ 2026-05-27 15:22:10,531] 25 root - INFO - Match heuristic business names to paybill payments
[ 2026-05-27 15:22:10,531] 174 root - INFO - Data transformation complete
[ 2026-05-27 15:22:10,532] 49 root - INFO - Started Regular Expression mapping
[ 2026-05-27 15:22:10,532] 174 root - INFO - Data transformation complete
[ 2026-05-27 15:22:10,532] 49 root - INFO - Started Regular Expression mapping
[ 2026-05-27 15:22:10,533] 25 root - INFO - Match heuristic business names to paybill payments
[ 2026-05-27 15:22:10,533] 174 root - INFO - Data transformation complete
[ 2026-05-27 15:22:10,533] 49 root - INFO - Started Regular Expression mapping
[ 2026-05-27 15:22:10,533] 174 root - INFO - Data transformation complete
[ 2026-05-27 15:22:10,534] 49 root - INFO - Started Regular Expression mapping
[ 2026-05-27 15:22:10,534] 174 root - INFO - Data transformation complete
[ 2026-05-27 15:22:10,534] 49 root - INFO - Started Regular Expression mapping
[ 2026-05-27 15:22:10,534] 174 root - INFO - Data transformation complete
[ 2026-05-27 15:22:10,534] 49 root - INFO - Started Regular Expression mapping
[ 2026-05-27 15:22:10,535] 174 root - INFO - Data transformation complete
[ 2026-05-27 15:22:10,535] 49 root - INFO - Started Regular Expression mapping
[ 2026-05-27 15:22:10,535] 174 root - INFO - Data transformation complete
[ 2026-05-27 15:22:10,535] 49 root - INFO - Started Regular Expression mapping
[ 2026-05-27 15:22:10,535] 174 root - INFO - Data transformation complete
[ 2026-05-27 15:22:10,535] 49 root - INFO - Started Regular Expression mapping
[ 2026-05-27 15:22:10,536] 25 root - INFO - Match heuristic business names to paybill payments
[ 2026-05-27 15:22:10,536] 174 root - INFO - Data transformation complete
[ 2026-05-27 15:22:10,536] 49 root - INFO - Started Regular Expression mapping
[ 2026-05-27 15:22:10,536] 25 root - INFO - Match heuristic business names to paybill payments
[ 2026-05-27 15:22:10,536] 174 root - INFO - Data transformation complete
[ 2026-05-27 15:22:10,536] 49 root - INFO - Started Regular Expression mapping
[ 2026-05-27 15:22:10,537] 174 root - INFO - Data transformation complete
[ 2026-05-27 15:22:10,537] 49 root - INFO - Started Regular Expression mapping
[ 2026-05-27 15:22:10,537] 174 root - INFO - Data transformation complete
[ 2026-05-27 15:22:10,537] 49 root - INFO - Started Regular Expression mapping
[ 2026-05-27 15:22:10,537] 174 root - INFO - Data transformation complete
[ 2026-05-27 15:22:10,538] 49 root - INFO - Started Regular Expression mapping
[ 2026-05-27 15:22:10,538] 174 root - INFO - Data transformation complete
[ 2026-05-27 15:22:10,538] 49 root - INFO - Started Regular Expression mapping
[ 2026-05-27 15:22:10,538] 174 root - INFO - Data transformation complete
[ 2026-05-27 15:22:10,538] 49 root - INFO - Started Regular Expression mapping
[ 2026-05-27 15:22:10,538] 174 root - INFO - Data transformation complete
[ 2026-05-27 15:22:10,539] 49 root - INFO - Started Regular Expression mapping
[ 2026-05-27 15:22:10,539] 174 root - INFO - Data transformation complete
[ 2026-05-27 15:22:10,539] 49 root - INFO - Started Regular Expression mapping
[ 2026-05-27 15:22:10,539] 174 root - INFO - Data transformation complete
[ 2026-05-27 15:22:10,539] 49 root - INFO - Started Regular Expression mapping
[ 2026-05-27 15:22:10,540] 174 root - INFO - Data transformation complete
[ 2026-05-27 15:22:10,540] 49 root - INFO - Started Regular Expression mapping
[ 2026-05-27 15:22:10,540] 174 root - INFO - Data transformation complete
[ 2026-05-27 15:22:10,540] 49 root - INFO - Started Regular Expression mapping
[ 2026-05-27 15:22:10,540] 25 root - INFO - Match heuristic business names to paybill payments
[ 2026-05-27 15:22:10,540] 174 root - INFO - Data transformation complete
[ 2026-05-27 15:22:10,541] 49 root - INFO - Started Regular Expression mapping
[ 2026-05-27 15:22:10,541] 174 root - INFO - Data transformation complete
[ 2026-05-27 15:22:10,541] 49 root - INFO - Started Regular Expression mapping
[ 2026-05-27 15:22:10,541] 174 root - INFO - Data transformation complete
[ 2026-05-27 15:22:10,542] 49 root - INFO - Started Regular Expression mapping
[ 2026-05-27 15:22:10,542] 25 root - INFO - Match heuristic business names to paybill payments
[ 2026-05-27 15:22:10,542] 174 root - INFO - Data transformation complete
[ 2026-05-27 15:22:10,542] 49 root - INFO - Started Regular Expression mapping
[ 2026-05-27 15:22:10,543] 174 root - INFO - Data transformation complete
[ 2026-05-27 15:22:10,543] 49 root - INFO - Started Regular Expression mapping
[ 2026-05-27 15:22:10,543] 174 root - INFO - Data transformation complete
[ 2026-05-27 15:22:10,543] 49 root - INFO - Started Regular Expression mapping
[ 2026-05-27 15:22:10,543] 174 root - INFO - Data transformation complete
[ 2026-05-27 15:22:10,544] 49 root - INFO - Started Regular Expression mapping
[ 2026-05-27 15:22:10,544] 174 root - INFO - Data transformation complete
[ 2026-05-27 15:22:10,544] 49 root - INFO - Started Regular Expression mapping
[ 2026-05-27 15:22:10,544] 174 root - INFO - Data transformation complete
[ 2026-05-27 15:22:10,544] 49 root - INFO - Started Regular Expression mapping
[ 2026-05-27 15:22:10,545] 174 root - INFO - Data transformation complete
[ 2026-05-27 15:22:10,545] 49 root - INFO - Started Regular Expression mapping
[ 2026-05-27 15:22:10,545] 174 root - INFO - Data transformation complete
[ 2026-05-27 15:22:10,545] 49 root - INFO - Started Regular Expression mapping
[ 2026-05-27 15:22:10,545] 174 root - INFO - Data transformation complete
[ 2026-05-27 15:22:10,545] 49 root - INFO - Started Regular Expression mapping
[ 2026-05-27 15:22:10,546] 174 root - INFO - Data transformation complete
[ 2026-05-27 15:22:10,546] 49 root - INFO - Started Regular Expression mapping
[ 2026-05-27 15:22:10,546] 25 root - INFO - Match heuristic business names to paybill payments
[ 2026-05-27 15:22:10,546] 174 root - INFO - Data transformation complete
[ 2026-05-27 15:22:10,546] 49 root - INFO - Started Regular Expression mapping
[ 2026-05-27 15:22:10,547] 174 root - INFO - Data transformation complete
[ 2026-05-27 15:22:10,547] 49 root - INFO - Started Regular Expression mapping
[ 2026-05-27 15:22:10,547] 174 root - INFO - Data transformation complete
[ 2026-05-27 15:22:10,547] 49 root - INFO - Started Regular Expression mapping
[ 2026-05-27 15:22:10,547] 25 root - INFO - Match heuristic business names to paybill payments
[ 2026-05-27 15:22:10,547] 174 root - INFO - Data transformation complete
[ 2026-05-27 15:22:10,548] 49 root - INFO - Started Regular Expression mapping
[ 2026-05-27 15:22:10,548] 25 root - INFO - Match heuristic business names to paybill payments
[ 2026-05-27 15:22:10,548] 174 root - INFO - Data transformation complete
[ 2026-05-27 15:22:10,548] 49 root - INFO - Started Regular Expression mapping
[ 2026-05-27 15:22:10,548] 174 root - INFO - Data transformation complete
[ 2026-05-27 15:22:10,549] 49 root - INFO - Started Regular Expression mapping
[ 2026-05-27 15:22:10,549] 174 root - INFO - Data transformation complete
[ 2026-05-27 15:22:10,549] 49 root - INFO - Started Regular Expression mapping
[ 2026-05-27 15:22:10,549] 174 root - INFO - Data transformation complete
[ 2026-05-27 15:22:10,549] 49 root - INFO - Started Regular Expression mapping
[ 2026-05-27 15:22:10,550] 174 root - INFO - Data transformation complete
[ 2026-05-27 15:22:10,550] 49 root - INFO - Started Regular Expression mapping
[ 2026-05-27 15:22:10,550] 174 root - INFO - Data transformation complete
[ 2026-05-27 15:22:10,550] 49 root - INFO - Started Regular Expression mapping
[ 2026-05-27 15:22:10,550] 174 root - INFO - Data transformation complete
[ 2026-05-27 15:22:10,550] 49 root - INFO - Started Regular Expression mapping
[ 2026-05-27 15:22:10,551] 174 root - INFO - Data transformation complete
[ 2026-05-27 15:22:10,551] 49 root - INFO - Started Regular Expression mapping
[ 2026-05-27 15:22:10,551] 25 root - INFO - Match heuristic business names to paybill payments
[ 2026-05-27 15:22:10,551] 174 root - INFO - Data transformation complete
[ 2026-05-27 15:22:10,551] 49 root - INFO - Started Regular Expression mapping
[ 2026-05-27 15:22:10,552] 174 root - INFO - Data transformation complete
[ 2026-05-27 15:22:10,552] 49 root - INFO - Started Regular Expression mapping
[ 2026-05-27 15:22:10,552] 174 root - INFO - Data transformation complete
[ 2026-05-27 15:22:10,552] 49 root - INFO - Started Regular Expression mapping
[ 2026-05-27 15:22:10,552] 174 root - INFO - Data transformation complete
[ 2026-05-27 15:22:10,553] 49 root - INFO - Started Regular Expression mapping
[ 2026-05-27 15:22:10,553] 174 root - INFO - Data transformation complete
[ 2026-05-27 15:22:10,553] 49 root - INFO - Started Regular Expression mapping
[ 2026-05-27 15:22:10,553] 174 root - INFO - Data transformation complete
[ 2026-05-27 15:22:10,553] 49 root - INFO - Started Regular Expression mapping
[ 2026-05-27 15:22:10,554] 174 root - INFO - Data transformation complete
[ 2026-05-27 15:22:10,554] 49 root - INFO - Started Regular Expression mapping
[ 2026-05-27 15:22:10,554] 174 root - INFO - Data transformation complete
[ 2026-05-27 15:22:10,554] 49 root - INFO - Started Regular Expression mapping
[ 2026-05-27 15:22:10,554] 174 root - INFO - Data transformation complete
[ 2026-05-27 15:22:10,555] 49 root - INFO - Started Regular Expression mapping
[ 2026-05-27 15:22:10,555] 174 root - INFO - Data transformation complete
[ 2026-05-27 15:22:10,555] 49 root - INFO - Started Regular Expression mapping
[ 2026-05-27 15:22:10,555] 174 root - INFO - Data transformation complete
[ 2026-05-27 15:22:10,555] 49 root - INFO - Started Regular Expression mapping
[ 2026-05-27 15:22:10,555] 25 root - INFO - Match heuristic business names to paybill payments
[ 2026-05-27 15:22:10,556] 174 root - INFO - Data transformation complete
[ 2026-05-27 15:22:10,556] 49 root - INFO - Started Regular Expression mapping
[ 2026-05-27 15:22:10,556] 174 root - INFO - Data transformation complete
[ 2026-05-27 15:22:10,556] 49 root - INFO - Started Regular Expression mapping
[ 2026-05-27 15:22:10,556] 174 root - INFO - Data transformation complete
[ 2026-05-27 15:22:10,557] 49 root - INFO - Started Regular Expression mapping
[ 2026-05-27 15:22:10,557] 174 root - INFO - Data transformation complete
[ 2026-05-27 15:22:10,557] 49 root - INFO - Started Regular Expression mapping
[ 2026-05-27 15:22:10,557] 174 root - INFO - Data transformation complete
[ 2026-05-27 15:22:10,557] 49 root - INFO - Started Regular Expression mapping
[ 2026-05-27 15:22:10,558] 174 root - INFO - Data transformation complete
[ 2026-05-27 15:22:10,558] 49 root - INFO - Started Regular Expression mapping
[ 2026-05-27 15:22:10,558] 174 root - INFO - Data transformation complete
[ 2026-05-27 15:22:10,559] 49 root - INFO - Started Regular Expression mapping
[ 2026-05-27 15:22:10,559] 174 root - INFO - Data transformation complete
[ 2026-05-27 15:22:10,559] 49 root - INFO - Started Regular Expression mapping
[ 2026-05-27 15:22:10,559] 174 root - INFO - Data transformation complete
[ 2026-05-27 15:22:10,560] 49 root - INFO - Started Regular Expression mapping
[ 2026-05-27 15:22:10,560] 174 root - INFO - Data transformation complete
[ 2026-05-27 15:22:10,560] 49 root - INFO - Started Regular Expression mapping
[ 2026-05-27 15:22:10,560] 174 root - INFO - Data transformation complete
[ 2026-05-27 15:22:10,560] 49 root - INFO - Started Regular Expression mapping
[ 2026-05-27 15:22:10,561] 25 root - INFO - Match heuristic business names to paybill payments
[ 2026-05-27 15:22:10,561] 174 root - INFO - Data transformation complete
[ 2026-05-27 15:22:10,561] 49 root - INFO - Started Regular Expression mapping
[ 2026-05-27 15:22:10,561] 174 root - INFO - Data transformation complete
[ 2026-05-27 15:22:10,561] 49 root - INFO - Started Regular Expression mapping
[ 2026-05-27 15:22:10,561] 174 root - INFO - Data transformation complete
[ 2026-05-27 15:22:10,562] 49 root - INFO - Started Regular Expression mapping
[ 2026-05-27 15:22:10,562] 174 root - INFO - Data transformation complete
[ 2026-05-27 15:22:10,562] 49 root - INFO - Started Regular Expression mapping
[ 2026-05-27 15:22:10,562] 174 root - INFO - Data transformation complete
[ 2026-05-27 15:22:10,562] 49 root - INFO - Started Regular Expression mapping
[ 2026-05-27 15:22:10,563] 174 root - INFO - Data transformation complete
[ 2026-05-27 15:22:10,563] 49 root - INFO - Started Regular Expression mapping
[ 2026-05-27 15:22:10,563] 174 root - INFO - Data transformation complete
[ 2026-05-27 15:22:10,563] 49 root - INFO - Started Regular Expression mapping
[ 2026-05-27 15:22:10,563] 25 root - INFO - Match heuristic business names to paybill payments
[ 2026-05-27 15:22:10,563] 174 root - INFO - Data transformation complete
[ 2026-05-27 15:22:10,564] 49 root - INFO - Started Regular Expression mapping
[ 2026-05-27 15:22:10,564] 174 root - INFO - Data transformation complete
[ 2026-05-27 15:22:10,564] 49 root - INFO - Started Regular Expression mapping
[ 2026-05-27 15:22:10,564] 25 root - INFO - Match heuristic business names to paybill payments
[ 2026-05-27 15:22:10,565] 174 root - INFO - Data transformation complete
[ 2026-05-27 15:22:10,565] 49 root - INFO - Started Regular Expression mapping
[ 2026-05-27 15:22:10,565] 174 root - INFO - Data transformation complete
[ 2026-05-27 15:22:10,565] 49 root - INFO - Started Regular Expression mapping
[ 2026-05-27 15:22:10,565] 25 root - INFO - Match heuristic business names to paybill payments
[ 2026-05-27 15:22:10,565] 174 root - INFO - Data transformation complete
[ 2026-05-27 15:22:10,566] 49 root - INFO - Started Regular Expression mapping
[ 2026-05-27 15:22:10,566] 174 root - INFO - Data transformation complete
[ 2026-05-27 15:22:10,566] 49 root - INFO - Started Regular Expression mapping
[ 2026-05-27 15:22:10,566] 174 root - INFO - Data transformation complete
[ 2026-05-27 15:22:10,566] 49 root - INFO - Started Regular Expression mapping
[ 2026-05-27 15:22:10,566] 174 root - INFO - Data transformation complete
[ 2026-05-27 15:22:10,567] 49 root - INFO - Started Regular Expression mapping
[ 2026-05-27 15:22:10,567] 174 root - INFO - Data transformation complete
[ 2026-05-27 15:22:10,567] 49 root - INFO - Started Regular Expression mapping
[ 2026-05-27 15:22:10,567] 174 root - INFO - Data transformation complete
[ 2026-05-27 15:22:10,567] 49 root - INFO - Started Regular Expression mapping
[ 2026-05-27 15:22:10,567] 174 root - INFO - Data transformation complete
[ 2026-05-27 15:22:10,568] 49 root - INFO - Started Regular Expression mapping
[ 2026-05-27 15:22:10,568] 174 root - INFO - Data transformation complete
[ 2026-05-27 15:22:10,568] 49 root - INFO - Started Regular Expression mapping
[ 2026-05-27 15:22:10,568] 174 root - INFO - Data transformation complete
[ 2026-05-27 15:22:10,568] 49 root - INFO - Started Regular Expression mapping
[ 2026-05-27 15:22:10,568] 174 root - INFO - Data transformation complete
[ 2026-05-27 15:22:10,568] 49 root - INFO - Started Regular Expression mapping
[ 2026-05-27 15:22:10,569] 174 root - INFO - Data transformation complete
[ 2026-05-27 15:22:10,569] 49 root - INFO - Started Regular Expression mapping
[ 2026-05-27 15:22:10,569] 174 root - INFO - Data transformation complete
[ 2026-05-27 15:22:10,569] 49 root - INFO - Started Regular Expression mapping
[ 2026-05-27 15:22:10,569] 25 root - INFO - Match heuristic business names to paybill payments
[ 2026-05-27 15:22:10,569] 174 root - INFO - Data transformation complete
[ 2026-05-27 15:22:10,569] 49 root - INFO - Started Regular Expression mapping
[ 2026-05-27 15:22:10,570] 174 root - INFO - Data transformation complete
[ 2026-05-27 15:22:10,570] 49 root - INFO - Started Regular Expression mapping
[ 2026-05-27 15:22:10,570] 174 root - INFO - Data transformation complete
[ 2026-05-27 15:22:10,570] 49 root - INFO - Started Regular Expression mapping
[ 2026-05-27 15:22:10,570] 25 root - INFO - Match heuristic business names to paybill payments
[ 2026-05-27 15:22:10,570] 174 root - INFO - Data transformation complete
[ 2026-05-27 15:22:10,571] 49 root - INFO - Started Regular Expression mapping
[ 2026-05-27 15:22:10,571] 174 root - INFO - Data transformation complete
[ 2026-05-27 15:22:10,571] 49 root - INFO - Started Regular Expression mapping
[ 2026-05-27 15:22:10,571] 174 root - INFO - Data transformation complete
[ 2026-05-27 15:22:10,571] 49 root - INFO - Started Regular Expression mapping
[ 2026-05-27 15:22:10,571] 174 root - INFO - Data transformation complete
[ 2026-05-27 15:22:10,571] 49 root - INFO - Started Regular Expression mapping
[ 2026-05-27 15:22:10,572] 174 root - INFO - Data transformation complete
[ 2026-05-27 15:22:10,572] 49 root - INFO - Started Regular Expression mapping
[ 2026-05-27 15:22:10,572] 174 root - INFO - Data transformation complete
[ 2026-05-27 15:22:10,572] 49 root - INFO - Started Regular Expression mapping
[ 2026-05-27 15:22:10,572] 25 root - INFO - Match heuristic business names to paybill payments
[ 2026-05-27 15:22:10,572] 174 root - INFO - Data transformation complete
[ 2026-05-27 15:22:10,572] 49 root - INFO - Started Regular Expression mapping
[ 2026-05-27 15:22:10,573] 174 root - INFO - Data transformation complete
[ 2026-05-27 15:22:10,573] 49 root - INFO - Started Regular Expression mapping
[ 2026-05-27 15:22:10,573] 174 root - INFO - Data transformation complete
[ 2026-05-27 15:22:10,573] 49 root - INFO - Started Regular Expression mapping
[ 2026-05-27 15:22:10,573] 174 root - INFO - Data transformation complete
[ 2026-05-27 15:22:10,573] 49 root - INFO - Started Regular Expression mapping
[ 2026-05-27 15:22:10,574] 174 root - INFO - Data transformation complete
[ 2026-05-27 15:22:10,574] 49 root - INFO - Started Regular Expression mapping
[ 2026-05-27 15:22:10,574] 174 root - INFO - Data transformation complete
[ 2026-05-27 15:22:10,574] 49 root - INFO - Started Regular Expression mapping
[ 2026-05-27 15:22:10,574] 174 root - INFO - Data transformation complete
[ 2026-05-27 15:22:10,574] 49 root - INFO - Started Regular Expression mapping
[ 2026-05-27 15:22:10,574] 25 root - INFO - Match heuristic business names to paybill payments
[ 2026-05-27 15:22:10,575] 174 root - INFO - Data transformation complete
[ 2026-05-27 15:22:10,575] 49 root - INFO - Started Regular Expression mapping
[ 2026-05-27 15:22:10,575] 174 root - INFO - Data transformation complete
[ 2026-05-27 15:22:10,575] 49 root - INFO - Started Regular Expression mapping
[ 2026-05-27 15:22:10,576] 174 root - INFO - Data transformation complete
[ 2026-05-27 15:22:10,576] 49 root - INFO - Started Regular Expression mapping
[ 2026-05-27 15:22:10,576] 174 root - INFO - Data transformation complete
[ 2026-05-27 15:22:10,576] 49 root - INFO - Started Regular Expression mapping
[ 2026-05-27 15:22:10,576] 174 root - INFO - Data transformation complete
[ 2026-05-27 15:22:10,577] 49 root - INFO - Started Regular Expression mapping
[ 2026-05-27 15:22:10,577] 174 root - INFO - Data transformation complete
[ 2026-05-27 15:22:10,577] 49 root - INFO - Started Regular Expression mapping
[ 2026-05-27 15:22:10,577] 25 root - INFO - Match heuristic business names to paybill payments
[ 2026-05-27 15:22:10,577] 174 root - INFO - Data transformation complete
[ 2026-05-27 15:22:10,577] 49 root - INFO - Started Regular Expression mapping
[ 2026-05-27 15:22:10,578] 174 root - INFO - Data transformation complete
[ 2026-05-27 15:22:10,578] 49 root - INFO - Started Regular Expression mapping
[ 2026-05-27 15:22:10,578] 174 root - INFO - Data transformation complete
[ 2026-05-27 15:22:10,578] 49 root - INFO - Started Regular Expression mapping
[ 2026-05-27 15:22:10,578] 174 root - INFO - Data transformation complete
[ 2026-05-27 15:22:10,579] 49 root - INFO - Started Regular Expression mapping
[ 2026-05-27 15:22:10,579] 174 root - INFO - Data transformation complete
[ 2026-05-27 15:22:10,579] 49 root - INFO - Started Regular Expression mapping
[ 2026-05-27 15:22:10,579] 174 root - INFO - Data transformation complete
[ 2026-05-27 15:22:10,579] 49 root - INFO - Started Regular Expression mapping
[ 2026-05-27 15:22:10,580] 174 root - INFO - Data transformation complete
[ 2026-05-27 15:22:10,580] 49 root - INFO - Started Regular Expression mapping
[ 2026-05-27 15:22:10,580] 174 root - INFO - Data transformation complete
[ 2026-05-27 15:22:10,580] 49 root - INFO - Started Regular Expression mapping
[ 2026-05-27 15:22:10,580] 174 root - INFO - Data transformation complete
[ 2026-05-27 15:22:10,580] 49 root - INFO - Started Regular Expression mapping
[ 2026-05-27 15:22:10,581] 174 root - INFO - Data transformation complete
[ 2026-05-27 15:22:10,581] 49 root - INFO - Started Regular Expression mapping
[ 2026-05-27 15:22:10,581] 174 root - INFO - Data transformation complete
[ 2026-05-27 15:22:10,581] 49 root - INFO - Started Regular Expression mapping
[ 2026-05-27 15:22:10,581] 174 root - INFO - Data transformation complete
[ 2026-05-27 15:22:10,582] 49 root - INFO - Started Regular Expression mapping
[ 2026-05-27 15:22:10,582] 174 root - INFO - Data transformation complete
[ 2026-05-27 15:22:10,582] 49 root - INFO - Started Regular Expression mapping
[ 2026-05-27 15:22:10,582] 174 root - INFO - Data transformation complete
[ 2026-05-27 15:22:10,582] 49 root - INFO - Started Regular Expression mapping
[ 2026-05-27 15:22:10,583] 174 root - INFO - Data transformation complete
[ 2026-05-27 15:22:10,583] 49 root - INFO - Started Regular Expression mapping
[ 2026-05-27 15:22:10,583] 174 root - INFO - Data transformation complete
[ 2026-05-27 15:22:10,583] 49 root - INFO - Started Regular Expression mapping
[ 2026-05-27 15:22:10,583] 174 root - INFO - Data transformation complete
[ 2026-05-27 15:22:10,584] 49 root - INFO - Started Regular Expression mapping
[ 2026-05-27 15:22:10,584] 174 root - INFO - Data transformation complete
[ 2026-05-27 15:22:10,584] 49 root - INFO - Started Regular Expression mapping
[ 2026-05-27 15:22:10,584] 25 root - INFO - Match heuristic business names to paybill payments
[ 2026-05-27 15:22:10,585] 174 root - INFO - Data transformation complete
[ 2026-05-27 15:22:10,585] 49 root - INFO - Started Regular Expression mapping
[ 2026-05-27 15:22:10,585] 174 root - INFO - Data transformation complete
[ 2026-05-27 15:22:10,585] 49 root - INFO - Started Regular Expression mapping
[ 2026-05-27 15:22:10,585] 174 root - INFO - Data transformation complete
[ 2026-05-27 15:22:10,586] 49 root - INFO - Started Regular Expression mapping
[ 2026-05-27 15:22:10,586] 174 root - INFO - Data transformation complete
[ 2026-05-27 15:22:10,586] 49 root - INFO - Started Regular Expression mapping
[ 2026-05-27 15:22:10,586] 174 root - INFO - Data transformation complete
[ 2026-05-27 15:22:10,586] 49 root - INFO - Started Regular Expression mapping
[ 2026-05-27 15:22:10,587] 174 root - INFO - Data transformation complete
[ 2026-05-27 15:22:10,587] 49 root - INFO - Started Regular Expression mapping
[ 2026-05-27 15:22:10,587] 174 root - INFO - Data transformation complete
[ 2026-05-27 15:22:10,587] 49 root - INFO - Started Regular Expression mapping
[ 2026-05-27 15:22:10,587] 174 root - INFO - Data transformation complete
[ 2026-05-27 15:22:10,587] 49 root - INFO - Started Regular Expression mapping
[ 2026-05-27 15:22:10,588] 174 root - INFO - Data transformation complete
[ 2026-05-27 15:22:10,588] 49 root - INFO - Started Regular Expression mapping
[ 2026-05-27 15:22:10,588] 25 root - INFO - Match heuristic business names to paybill payments
[ 2026-05-27 15:22:10,588] 174 root - INFO - Data transformation complete
[ 2026-05-27 15:22:10,588] 49 root - INFO - Started Regular Expression mapping
[ 2026-05-27 15:22:10,589] 174 root - INFO - Data transformation complete
[ 2026-05-27 15:22:10,589] 49 root - INFO - Started Regular Expression mapping
[ 2026-05-27 15:22:10,589] 25 root - INFO - Match heuristic business names to paybill payments
[ 2026-05-27 15:22:10,589] 174 root - INFO - Data transformation complete
[ 2026-05-27 15:22:10,589] 49 root - INFO - Started Regular Expression mapping
[ 2026-05-27 15:22:10,589] 174 root - INFO - Data transformation complete
[ 2026-05-27 15:22:10,590] 49 root - INFO - Started Regular Expression mapping
[ 2026-05-27 15:22:10,590] 25 root - INFO - Match heuristic business names to paybill payments
[ 2026-05-27 15:22:10,590] 174 root - INFO - Data transformation complete
[ 2026-05-27 15:22:10,590] 49 root - INFO - Started Regular Expression mapping
[ 2026-05-27 15:22:10,590] 174 root - INFO - Data transformation complete
[ 2026-05-27 15:22:10,590] 49 root - INFO - Started Regular Expression mapping
[ 2026-05-27 15:22:10,591] 25 root - INFO - Match heuristic business names to paybill payments
[ 2026-05-27 15:22:10,591] 174 root - INFO - Data transformation complete
[ 2026-05-27 15:22:10,591] 49 root - INFO - Started Regular Expression mapping
[ 2026-05-27 15:22:10,592] 174 root - INFO - Data transformation complete
[ 2026-05-27 15:22:10,592] 49 root - INFO - Started Regular Expression mapping
[ 2026-05-27 15:22:10,592] 174 root - INFO - Data transformation complete
[ 2026-05-27 15:22:10,592] 49 root - INFO - Started Regular Expression mapping
[ 2026-05-27 15:22:10,592] 174 root - INFO - Data transformation complete
[ 2026-05-27 15:22:10,593] 49 root - INFO - Started Regular Expression mapping
[ 2026-05-27 15:22:10,593] 174 root - INFO - Data transformation complete
[ 2026-05-27 15:22:10,593] 49 root - INFO - Started Regular Expression mapping
[ 2026-05-27 15:22:10,593] 174 root - INFO - Data transformation complete
[ 2026-05-27 15:22:10,593] 49 root - INFO - Started Regular Expression mapping
[ 2026-05-27 15:22:10,594] 174 root - INFO - Data transformation complete
[ 2026-05-27 15:22:10,594] 49 root - INFO - Started Regular Expression mapping
[ 2026-05-27 15:22:10,594] 174 root - INFO - Data transformation complete
[ 2026-05-27 15:22:10,594] 49 root - INFO - Started Regular Expression mapping
[ 2026-05-27 15:22:10,594] 174 root - INFO - Data transformation complete
[ 2026-05-27 15:22:10,594] 49 root - INFO - Started Regular Expression mapping
[ 2026-05-27 15:22:10,595] 174 root - INFO - Data transformation complete
[ 2026-05-27 15:22:10,595] 49 root - INFO - Started Regular Expression mapping
[ 2026-05-27 15:22:10,595] 174 root - INFO - Data transformation complete
[ 2026-05-27 15:22:10,595] 49 root - INFO - Started Regular Expression mapping
[ 2026-05-27 15:22:10,595] 25 root - INFO - Match heuristic business names to paybill payments
[ 2026-05-27 15:22:10,596] 174 root - INFO - Data transformation complete
[ 2026-05-27 15:22:10,596] 49 root - INFO - Started Regular Expression mapping
[ 2026-05-27 15:22:10,596] 174 root - INFO - Data transformation complete
[ 2026-05-27 15:22:10,596] 49 root - INFO - Started Regular Expression mapping
[ 2026-05-27 15:22:10,596] 25 root - INFO - Match heuristic business names to paybill payments
[ 2026-05-27 15:22:10,596] 174 root - INFO - Data transformation complete
[ 2026-05-27 15:22:10,597] 49 root - INFO - Started Regular Expression mapping
[ 2026-05-27 15:22:10,597] 174 root - INFO - Data transformation complete
[ 2026-05-27 15:22:10,597] 49 root - INFO - Started Regular Expression mapping
[ 2026-05-27 15:22:10,597] 174 root - INFO - Data transformation complete
[ 2026-05-27 15:22:10,597] 49 root - INFO - Started Regular Expression mapping
[ 2026-05-27 15:22:10,598] 174 root - INFO - Data transformation complete
[ 2026-05-27 15:22:10,598] 49 root - INFO - Started Regular Expression mapping
[ 2026-05-27 15:22:10,598] 174 root - INFO - Data transformation complete
[ 2026-05-27 15:22:10,598] 49 root - INFO - Started Regular Expression mapping
[ 2026-05-27 15:22:10,598] 174 root - INFO - Data transformation complete
[ 2026-05-27 15:22:10,598] 49 root - INFO - Started Regular Expression mapping
[ 2026-05-27 15:22:10,599] 174 root - INFO - Data transformation complete
[ 2026-05-27 15:22:10,599] 49 root - INFO - Started Regular Expression mapping
[ 2026-05-27 15:22:10,599] 25 root - INFO - Match heuristic business names to paybill payments
[ 2026-05-27 15:22:10,599] 174 root - INFO - Data transformation complete
[ 2026-05-27 15:22:10,599] 49 root - INFO - Started Regular Expression mapping
[ 2026-05-27 15:22:10,600] 174 root - INFO - Data transformation complete
[ 2026-05-27 15:22:10,600] 49 root - INFO - Started Regular Expression mapping
[ 2026-05-27 15:22:10,600] 174 root - INFO - Data transformation complete
[ 2026-05-27 15:22:10,600] 49 root - INFO - Started Regular Expression mapping
[ 2026-05-27 15:22:10,600] 174 root - INFO - Data transformation complete
[ 2026-05-27 15:22:10,600] 49 root - INFO - Started Regular Expression mapping
[ 2026-05-27 15:22:10,601] 174 root - INFO - Data transformation complete
[ 2026-05-27 15:22:10,601] 49 root - INFO - Started Regular Expression mapping
[ 2026-05-27 15:22:10,601] 174 root - INFO - Data transformation complete
[ 2026-05-27 15:22:10,601] 49 root - INFO - Started Regular Expression mapping
[ 2026-05-27 15:22:10,601] 174 root - INFO - Data transformation complete
[ 2026-05-27 15:22:10,602] 49 root - INFO - Started Regular Expression mapping
[ 2026-05-27 15:22:10,602] 174 root - INFO - Data transformation complete
[ 2026-05-27 15:22:10,602] 49 root - INFO - Started Regular Expression mapping
[ 2026-05-27 15:22:10,602] 174 root - INFO - Data transformation complete
[ 2026-05-27 15:22:10,602] 49 root - INFO - Started Regular Expression mapping
[ 2026-05-27 15:22:10,603] 174 root - INFO - Data transformation complete
[ 2026-05-27 15:22:10,603] 49 root - INFO - Started Regular Expression mapping
[ 2026-05-27 15:22:10,603] 174 root - INFO - Data transformation complete
[ 2026-05-27 15:22:10,603] 49 root - INFO - Started Regular Expression mapping
[ 2026-05-27 15:22:10,603] 174 root - INFO - Data transformation complete
[ 2026-05-27 15:22:10,603] 49 root - INFO - Started Regular Expression mapping
[ 2026-05-27 15:22:10,604] 174 root - INFO - Data transformation complete
[ 2026-05-27 15:22:10,604] 49 root - INFO - Started Regular Expression mapping
[ 2026-05-27 15:22:10,604] 25 root - INFO - Match heuristic business names to paybill payments
[ 2026-05-27 15:22:10,604] 174 root - INFO - Data transformation complete
[ 2026-05-27 15:22:10,604] 49 root - INFO - Started Regular Expression mapping
[ 2026-05-27 15:22:10,605] 174 root - INFO - Data transformation complete
[ 2026-05-27 15:22:10,605] 49 root - INFO - Started Regular Expression mapping
[ 2026-05-27 15:22:10,605] 174 root - INFO - Data transformation complete
[ 2026-05-27 15:22:10,605] 49 root - INFO - Started Regular Expression mapping
[ 2026-05-27 15:22:10,605] 174 root - INFO - Data transformation complete
[ 2026-05-27 15:22:10,605] 49 root - INFO - Started Regular Expression mapping
[ 2026-05-27 15:22:10,606] 174 root - INFO - Data transformation complete
[ 2026-05-27 15:22:10,606] 49 root - INFO - Started Regular Expression mapping
[ 2026-05-27 15:22:10,606] 174 root - INFO - Data transformation complete
[ 2026-05-27 15:22:10,606] 49 root - INFO - Started Regular Expression mapping
[ 2026-05-27 15:22:10,606] 174 root - INFO - Data transformation complete
[ 2026-05-27 15:22:10,607] 49 root - INFO - Started Regular Expression mapping
[ 2026-05-27 15:22:10,607] 174 root - INFO - Data transformation complete
[ 2026-05-27 15:22:10,607] 49 root - INFO - Started Regular Expression mapping
[ 2026-05-27 15:22:10,607] 174 root - INFO - Data transformation complete
[ 2026-05-27 15:22:10,607] 49 root - INFO - Started Regular Expression mapping
[ 2026-05-27 15:22:10,607] 174 root - INFO - Data transformation complete
[ 2026-05-27 15:22:10,607] 49 root - INFO - Started Regular Expression mapping
[ 2026-05-27 15:22:10,608] 174 root - INFO - Data transformation complete
[ 2026-05-27 15:22:10,608] 49 root - INFO - Started Regular Expression mapping
[ 2026-05-27 15:22:10,608] 174 root - INFO - Data transformation complete
[ 2026-05-27 15:22:10,608] 49 root - INFO - Started Regular Expression mapping
[ 2026-05-27 15:22:10,609] 174 root - INFO - Data transformation complete
[ 2026-05-27 15:22:10,609] 49 root - INFO - Started Regular Expression mapping
[ 2026-05-27 15:22:10,609] 174 root - INFO - Data transformation complete
[ 2026-05-27 15:22:10,609] 49 root - INFO - Started Regular Expression mapping
[ 2026-05-27 15:22:10,609] 174 root - INFO - Data transformation complete
[ 2026-05-27 15:22:10,610] 49 root - INFO - Started Regular Expression mapping
[ 2026-05-27 15:22:10,610] 25 root - INFO - Match heuristic business names to paybill payments
[ 2026-05-27 15:22:10,610] 174 root - INFO - Data transformation complete
[ 2026-05-27 15:22:10,610] 49 root - INFO - Started Regular Expression mapping
[ 2026-05-27 15:22:10,610] 174 root - INFO - Data transformation complete
[ 2026-05-27 15:22:10,610] 49 root - INFO - Started Regular Expression mapping
[ 2026-05-27 15:22:10,611] 174 root - INFO - Data transformation complete
[ 2026-05-27 15:22:10,611] 49 root - INFO - Started Regular Expression mapping
[ 2026-05-27 15:22:10,611] 174 root - INFO - Data transformation complete
[ 2026-05-27 15:22:10,611] 49 root - INFO - Started Regular Expression mapping
[ 2026-05-27 15:22:10,611] 25 root - INFO - Match heuristic business names to paybill payments
[ 2026-05-27 15:22:10,612] 174 root - INFO - Data transformation complete
[ 2026-05-27 15:22:10,612] 49 root - INFO - Started Regular Expression mapping
[ 2026-05-27 15:22:10,612] 174 root - INFO - Data transformation complete
[ 2026-05-27 15:22:10,612] 49 root - INFO - Started Regular Expression mapping
[ 2026-05-27 15:22:10,612] 174 root - INFO - Data transformation complete
[ 2026-05-27 15:22:10,613] 49 root - INFO - Started Regular Expression mapping
[ 2026-05-27 15:22:10,613] 174 root - INFO - Data transformation complete
[ 2026-05-27 15:22:10,613] 49 root - INFO - Started Regular Expression mapping
[ 2026-05-27 15:22:10,613] 25 root - INFO - Match heuristic business names to paybill payments
[ 2026-05-27 15:22:10,613] 174 root - INFO - Data transformation complete
[ 2026-05-27 15:22:10,613] 49 root - INFO - Started Regular Expression mapping
[ 2026-05-27 15:22:10,614] 174 root - INFO - Data transformation complete
[ 2026-05-27 15:22:10,614] 49 root - INFO - Started Regular Expression mapping
[ 2026-05-27 15:22:10,614] 25 root - INFO - Match heuristic business names to paybill payments
[ 2026-05-27 15:22:10,614] 174 root - INFO - Data transformation complete
[ 2026-05-27 15:22:10,614] 49 root - INFO - Started Regular Expression mapping
[ 2026-05-27 15:22:10,615] 174 root - INFO - Data transformation complete
[ 2026-05-27 15:22:10,615] 49 root - INFO - Started Regular Expression mapping
[ 2026-05-27 15:22:10,615] 174 root - INFO - Data transformation complete
[ 2026-05-27 15:22:10,615] 49 root - INFO - Started Regular Expression mapping
[ 2026-05-27 15:22:10,615] 174 root - INFO - Data transformation complete
[ 2026-05-27 15:22:10,615] 49 root - INFO - Started Regular Expression mapping
[ 2026-05-27 15:22:10,616] 174 root - INFO - Data transformation complete
[ 2026-05-27 15:22:10,616] 49 root - INFO - Started Regular Expression mapping
[ 2026-05-27 15:22:10,616] 174 root - INFO - Data transformation complete
[ 2026-05-27 15:22:10,616] 49 root - INFO - Started Regular Expression mapping
[ 2026-05-27 15:22:10,616] 25 root - INFO - Match heuristic business names to paybill payments
[ 2026-05-27 15:22:10,617] 174 root - INFO - Data transformation complete
[ 2026-05-27 15:22:10,617] 49 root - INFO - Started Regular Expression mapping
[ 2026-05-27 15:22:10,617] 174 root - INFO - Data transformation complete
[ 2026-05-27 15:22:10,617] 49 root - INFO - Started Regular Expression mapping
[ 2026-05-27 15:22:10,617] 25 root - INFO - Match heuristic business names to paybill payments
[ 2026-05-27 15:22:10,618] 174 root - INFO - Data transformation complete
[ 2026-05-27 15:22:10,618] 49 root - INFO - Started Regular Expression mapping
[ 2026-05-27 15:22:10,618] 174 root - INFO - Data transformation complete
[ 2026-05-27 15:22:10,618] 49 root - INFO - Started Regular Expression mapping
[ 2026-05-27 15:22:10,618] 174 root - INFO - Data transformation complete
[ 2026-05-27 15:22:10,618] 49 root - INFO - Started Regular Expression mapping
[ 2026-05-27 15:22:10,619] 174 root - INFO - Data transformation complete
[ 2026-05-27 15:22:10,619] 49 root - INFO - Started Regular Expression mapping
[ 2026-05-27 15:22:10,619] 174 root - INFO - Data transformation complete
[ 2026-05-27 15:22:10,619] 49 root - INFO - Started Regular Expression mapping
[ 2026-05-27 15:22:10,619] 174 root - INFO - Data transformation complete
[ 2026-05-27 15:22:10,620] 49 root - INFO - Started Regular Expression mapping
[ 2026-05-27 15:22:10,620] 25 root - INFO - Match heuristic business names to paybill payments
[ 2026-05-27 15:22:10,620] 174 root - INFO - Data transformation complete
[ 2026-05-27 15:22:10,620] 49 root - INFO - Started Regular Expression mapping
[ 2026-05-27 15:22:10,620] 174 root - INFO - Data transformation complete
[ 2026-05-27 15:22:10,620] 49 root - INFO - Started Regular Expression mapping
[ 2026-05-27 15:22:10,621] 174 root - INFO - Data transformation complete
[ 2026-05-27 15:22:10,621] 49 root - INFO - Started Regular Expression mapping
[ 2026-05-27 15:22:10,621] 174 root - INFO - Data transformation complete
[ 2026-05-27 15:22:10,621] 49 root - INFO - Started Regular Expression mapping
[ 2026-05-27 15:22:10,621] 174 root - INFO - Data transformation complete
[ 2026-05-27 15:22:10,622] 49 root - INFO - Started Regular Expression mapping
[ 2026-05-27 15:22:10,622] 25 root - INFO - Match heuristic business names to paybill payments
[ 2026-05-27 15:22:10,622] 174 root - INFO - Data transformation complete
[ 2026-05-27 15:22:10,622] 49 root - INFO - Started Regular Expression mapping
[ 2026-05-27 15:22:10,622] 174 root - INFO - Data transformation complete
[ 2026-05-27 15:22:10,622] 49 root - INFO - Started Regular Expression mapping
[ 2026-05-27 15:22:10,623] 174 root - INFO - Data transformation complete
[ 2026-05-27 15:22:10,623] 49 root - INFO - Started Regular Expression mapping
[ 2026-05-27 15:22:10,623] 174 root - INFO - Data transformation complete
[ 2026-05-27 15:22:10,623] 49 root - INFO - Started Regular Expression mapping
[ 2026-05-27 15:22:10,623] 174 root - INFO - Data transformation complete
[ 2026-05-27 15:22:10,624] 49 root - INFO - Started Regular Expression mapping
[ 2026-05-27 15:22:10,624] 174 root - INFO - Data transformation complete
[ 2026-05-27 15:22:10,624] 49 root - INFO - Started Regular Expression mapping
[ 2026-05-27 15:22:10,624] 174 root - INFO - Data transformation complete
[ 2026-05-27 15:22:10,624] 49 root - INFO - Started Regular Expression mapping
[ 2026-05-27 15:22:10,625] 174 root - INFO - Data transformation complete
[ 2026-05-27 15:22:10,625] 49 root - INFO - Started Regular Expression mapping
[ 2026-05-27 15:22:10,625] 25 root - INFO - Match heuristic business names to paybill payments
[ 2026-05-27 15:22:10,625] 174 root - INFO - Data transformation complete
[ 2026-05-27 15:22:10,625] 49 root - INFO - Started Regular Expression mapping
[ 2026-05-27 15:22:10,625] 25 root - INFO - Match heuristic business names to paybill payments
[ 2026-05-27 15:22:10,626] 174 root - INFO - Data transformation complete
[ 2026-05-27 15:22:10,626] 49 root - INFO - Started Regular Expression mapping
[ 2026-05-27 15:22:10,626] 174 root - INFO - Data transformation complete
[ 2026-05-27 15:22:10,626] 49 root - INFO - Started Regular Expression mapping
[ 2026-05-27 15:22:10,626] 174 root - INFO - Data transformation complete
[ 2026-05-27 15:22:10,626] 49 root - INFO - Started Regular Expression mapping
[ 2026-05-27 15:22:10,627] 174 root - INFO - Data transformation complete
[ 2026-05-27 15:22:10,627] 49 root - INFO - Started Regular Expression mapping
[ 2026-05-27 15:22:10,627] 174 root - INFO - Data transformation complete
[ 2026-05-27 15:22:10,627] 49 root - INFO - Started Regular Expression mapping
[ 2026-05-27 15:22:10,627] 174 root - INFO - Data transformation complete
[ 2026-05-27 15:22:10,628] 49 root - INFO - Started Regular Expression mapping
[ 2026-05-27 15:22:10,628] 25 root - INFO - Match heuristic business names to paybill payments
[ 2026-05-27 15:22:10,628] 174 root - INFO - Data transformation complete
[ 2026-05-27 15:22:10,628] 49 root - INFO - Started Regular Expression mapping
[ 2026-05-27 15:22:10,628] 174 root - INFO - Data transformation complete
[ 2026-05-27 15:22:10,628] 49 root - INFO - Started Regular Expression mapping
[ 2026-05-27 15:22:10,629] 174 root - INFO - Data transformation complete
[ 2026-05-27 15:22:10,629] 49 root - INFO - Started Regular Expression mapping
[ 2026-05-27 15:22:10,629] 174 root - INFO - Data transformation complete
[ 2026-05-27 15:22:10,629] 49 root - INFO - Started Regular Expression mapping
[ 2026-05-27 15:22:10,629] 25 root - INFO - Match heuristic business names to paybill payments
[ 2026-05-27 15:22:10,630] 174 root - INFO - Data transformation complete
[ 2026-05-27 15:22:10,630] 49 root - INFO - Started Regular Expression mapping
[ 2026-05-27 15:22:10,630] 174 root - INFO - Data transformation complete
[ 2026-05-27 15:22:10,630] 49 root - INFO - Started Regular Expression mapping
[ 2026-05-27 15:22:10,630] 174 root - INFO - Data transformation complete
[ 2026-05-27 15:22:10,630] 49 root - INFO - Started Regular Expression mapping
[ 2026-05-27 15:22:10,631] 25 root - INFO - Match heuristic business names to paybill payments
[ 2026-05-27 15:22:10,631] 174 root - INFO - Data transformation complete
[ 2026-05-27 15:22:10,631] 49 root - INFO - Started Regular Expression mapping
[ 2026-05-27 15:22:10,631] 174 root - INFO - Data transformation complete
[ 2026-05-27 15:22:10,631] 49 root - INFO - Started Regular Expression mapping
[ 2026-05-27 15:22:10,632] 174 root - INFO - Data transformation complete
[ 2026-05-27 15:22:10,632] 49 root - INFO - Started Regular Expression mapping
[ 2026-05-27 15:22:10,632] 174 root - INFO - Data transformation complete
[ 2026-05-27 15:22:10,632] 49 root - INFO - Started Regular Expression mapping
[ 2026-05-27 15:22:10,632] 174 root - INFO - Data transformation complete
[ 2026-05-27 15:22:10,632] 49 root - INFO - Started Regular Expression mapping
[ 2026-05-27 15:22:10,633] 174 root - INFO - Data transformation complete
[ 2026-05-27 15:22:10,633] 49 root - INFO - Started Regular Expression mapping
[ 2026-05-27 15:22:10,633] 25 root - INFO - Match heuristic business names to paybill payments
[ 2026-05-27 15:22:10,633] 174 root - INFO - Data transformation complete
[ 2026-05-27 15:22:10,633] 49 root - INFO - Started Regular Expression mapping
[ 2026-05-27 15:22:10,634] 174 root - INFO - Data transformation complete
[ 2026-05-27 15:22:10,634] 49 root - INFO - Started Regular Expression mapping
[ 2026-05-27 15:22:10,634] 25 root - INFO - Match heuristic business names to paybill payments
[ 2026-05-27 15:22:10,634] 174 root - INFO - Data transformation complete
[ 2026-05-27 15:22:10,634] 49 root - INFO - Started Regular Expression mapping
[ 2026-05-27 15:22:10,634] 174 root - INFO - Data transformation complete
[ 2026-05-27 15:22:10,635] 49 root - INFO - Started Regular Expression mapping
[ 2026-05-27 15:22:10,635] 174 root - INFO - Data transformation complete
[ 2026-05-27 15:22:10,635] 49 root - INFO - Started Regular Expression mapping
[ 2026-05-27 15:22:10,635] 174 root - INFO - Data transformation complete
[ 2026-05-27 15:22:10,635] 49 root - INFO - Started Regular Expression mapping
[ 2026-05-27 15:22:10,636] 174 root - INFO - Data transformation complete
[ 2026-05-27 15:22:10,636] 49 root - INFO - Started Regular Expression mapping
[ 2026-05-27 15:22:10,636] 25 root - INFO - Match heuristic business names to paybill payments
[ 2026-05-27 15:22:10,636] 174 root - INFO - Data transformation complete
[ 2026-05-27 15:22:10,636] 49 root - INFO - Started Regular Expression mapping
[ 2026-05-27 15:22:10,636] 174 root - INFO - Data transformation complete
[ 2026-05-27 15:22:10,637] 49 root - INFO - Started Regular Expression mapping
[ 2026-05-27 15:22:10,637] 174 root - INFO - Data transformation complete
[ 2026-05-27 15:22:10,637] 49 root - INFO - Started Regular Expression mapping
[ 2026-05-27 15:22:10,637] 174 root - INFO - Data transformation complete
[ 2026-05-27 15:22:10,637] 49 root - INFO - Started Regular Expression mapping
[ 2026-05-27 15:22:10,638] 174 root - INFO - Data transformation complete
[ 2026-05-27 15:22:10,638] 49 root - INFO - Started Regular Expression mapping
[ 2026-05-27 15:22:10,638] 174 root - INFO - Data transformation complete
[ 2026-05-27 15:22:10,638] 49 root - INFO - Started Regular Expression mapping
[ 2026-05-27 15:22:10,638] 174 root - INFO - Data transformation complete
[ 2026-05-27 15:22:10,638] 49 root - INFO - Started Regular Expression mapping
[ 2026-05-27 15:22:10,639] 174 root - INFO - Data transformation complete
[ 2026-05-27 15:22:10,639] 49 root - INFO - Started Regular Expression mapping
[ 2026-05-27 15:22:10,639] 174 root - INFO - Data transformation complete
[ 2026-05-27 15:22:10,639] 49 root - INFO - Started Regular Expression mapping
[ 2026-05-27 15:22:10,639] 174 root - INFO - Data transformation complete
[ 2026-05-27 15:22:10,639] 49 root - INFO - Started Regular Expression mapping
[ 2026-05-27 15:22:10,640] 174 root - INFO - Data transformation complete
[ 2026-05-27 15:22:10,640] 49 root - INFO - Started Regular Expression mapping
[ 2026-05-27 15:22:10,640] 174 root - INFO - Data transformation complete
[ 2026-05-27 15:22:10,640] 49 root - INFO - Started Regular Expression mapping
[ 2026-05-27 15:22:10,640] 174 root - INFO - Data transformation complete
[ 2026-05-27 15:22:10,641] 49 root - INFO - Started Regular Expression mapping
[ 2026-05-27 15:22:10,641] 174 root - INFO - Data transformation complete
[ 2026-05-27 15:22:10,641] 49 root - INFO - Started Regular Expression mapping
[ 2026-05-27 15:22:10,641] 174 root - INFO - Data transformation complete
[ 2026-05-27 15:22:10,641] 49 root - INFO - Started Regular Expression mapping
[ 2026-05-27 15:22:10,642] 25 root - INFO - Match heuristic business names to paybill payments
[ 2026-05-27 15:22:10,642] 174 root - INFO - Data transformation complete
[ 2026-05-27 15:22:10,642] 49 root - INFO - Started Regular Expression mapping
[ 2026-05-27 15:22:10,642] 174 root - INFO - Data transformation complete
[ 2026-05-27 15:22:10,642] 49 root - INFO - Started Regular Expression mapping
[ 2026-05-27 15:22:10,642] 174 root - INFO - Data transformation complete
[ 2026-05-27 15:22:10,643] 49 root - INFO - Started Regular Expression mapping
[ 2026-05-27 15:22:10,643] 174 root - INFO - Data transformation complete
[ 2026-05-27 15:22:10,643] 49 root - INFO - Started Regular Expression mapping
[ 2026-05-27 15:22:10,643] 174 root - INFO - Data transformation complete
[ 2026-05-27 15:22:10,643] 49 root - INFO - Started Regular Expression mapping
[ 2026-05-27 15:22:10,644] 174 root - INFO - Data transformation complete
[ 2026-05-27 15:22:10,644] 49 root - INFO - Started Regular Expression mapping
[ 2026-05-27 15:22:10,644] 174 root - INFO - Data transformation complete
[ 2026-05-27 15:22:10,644] 49 root - INFO - Started Regular Expression mapping
[ 2026-05-27 15:22:10,644] 174 root - INFO - Data transformation complete
[ 2026-05-27 15:22:10,644] 49 root - INFO - Started Regular Expression mapping
[ 2026-05-27 15:22:10,644] 174 root - INFO - Data transformation complete
[ 2026-05-27 15:22:10,645] 49 root - INFO - Started Regular Expression mapping
[ 2026-05-27 15:22:10,645] 174 root - INFO - Data transformation complete
[ 2026-05-27 15:22:10,645] 49 root - INFO - Started Regular Expression mapping
[ 2026-05-27 15:22:10,645] 25 root - INFO - Match heuristic business names to paybill payments
[ 2026-05-27 15:22:10,645] 174 root - INFO - Data transformation complete
[ 2026-05-27 15:22:10,645] 49 root - INFO - Started Regular Expression mapping
[ 2026-05-27 15:22:10,646] 174 root - INFO - Data transformation complete
[ 2026-05-27 15:22:10,646] 49 root - INFO - Started Regular Expression mapping
[ 2026-05-27 15:22:10,646] 25 root - INFO - Match heuristic business names to paybill payments
[ 2026-05-27 15:22:10,646] 174 root - INFO - Data transformation complete
[ 2026-05-27 15:22:10,646] 49 root - INFO - Started Regular Expression mapping
[ 2026-05-27 15:22:10,646] 25 root - INFO - Match heuristic business names to paybill payments
[ 2026-05-27 15:22:10,646] 174 root - INFO - Data transformation complete
[ 2026-05-27 15:22:10,647] 49 root - INFO - Started Regular Expression mapping
[ 2026-05-27 15:22:10,647] 174 root - INFO - Data transformation complete
[ 2026-05-27 15:22:10,647] 49 root - INFO - Started Regular Expression mapping
[ 2026-05-27 15:22:10,647] 174 root - INFO - Data transformation complete
[ 2026-05-27 15:22:10,647] 49 root - INFO - Started Regular Expression mapping
[ 2026-05-27 15:22:10,647] 174 root - INFO - Data transformation complete
[ 2026-05-27 15:22:10,648] 49 root - INFO - Started Regular Expression mapping
[ 2026-05-27 15:22:10,648] 174 root - INFO - Data transformation complete
[ 2026-05-27 15:22:10,648] 49 root - INFO - Started Regular Expression mapping
[ 2026-05-27 15:22:10,648] 174 root - INFO - Data transformation complete
[ 2026-05-27 15:22:10,648] 49 root - INFO - Started Regular Expression mapping
[ 2026-05-27 15:22:10,648] 174 root - INFO - Data transformation complete
[ 2026-05-27 15:22:10,648] 49 root - INFO - Started Regular Expression mapping
[ 2026-05-27 15:22:10,649] 174 root - INFO - Data transformation complete
[ 2026-05-27 15:22:10,649] 49 root - INFO - Started Regular Expression mapping
[ 2026-05-27 15:22:10,649] 174 root - INFO - Data transformation complete
[ 2026-05-27 15:22:10,649] 49 root - INFO - Started Regular Expression mapping
[ 2026-05-27 15:22:10,649] 174 root - INFO - Data transformation complete
[ 2026-05-27 15:22:10,649] 49 root - INFO - Started Regular Expression mapping
[ 2026-05-27 15:22:10,649] 25 root - INFO - Match heuristic business names to paybill payments
[ 2026-05-27 15:22:10,650] 174 root - INFO - Data transformation complete
[ 2026-05-27 15:22:10,650] 49 root - INFO - Started Regular Expression mapping
[ 2026-05-27 15:22:10,650] 174 root - INFO - Data transformation complete
[ 2026-05-27 15:22:10,650] 49 root - INFO - Started Regular Expression mapping
[ 2026-05-27 15:22:10,650] 174 root - INFO - Data transformation complete
[ 2026-05-27 15:22:10,650] 49 root - INFO - Started Regular Expression mapping
[ 2026-05-27 15:22:10,651] 174 root - INFO - Data transformation complete
[ 2026-05-27 15:22:10,651] 49 root - INFO - Started Regular Expression mapping
[ 2026-05-27 15:22:10,651] 174 root - INFO - Data transformation complete
[ 2026-05-27 15:22:10,651] 49 root - INFO - Started Regular Expression mapping
[ 2026-05-27 15:22:10,651] 174 root - INFO - Data transformation complete
[ 2026-05-27 15:22:10,651] 49 root - INFO - Started Regular Expression mapping
[ 2026-05-27 15:22:10,651] 174 root - INFO - Data transformation complete
[ 2026-05-27 15:22:10,652] 49 root - INFO - Started Regular Expression mapping
[ 2026-05-27 15:22:10,652] 174 root - INFO - Data transformation complete
[ 2026-05-27 15:22:10,652] 49 root - INFO - Started Regular Expression mapping
[ 2026-05-27 15:22:10,652] 174 root - INFO - Data transformation complete
[ 2026-05-27 15:22:10,652] 49 root - INFO - Started Regular Expression mapping
[ 2026-05-27 15:22:10,652] 174 root - INFO - Data transformation complete
[ 2026-05-27 15:22:10,653] 49 root - INFO - Started Regular Expression mapping
[ 2026-05-27 15:22:10,653] 174 root - INFO - Data transformation complete
[ 2026-05-27 15:22:10,653] 49 root - INFO - Started Regular Expression mapping
[ 2026-05-27 15:22:10,653] 174 root - INFO - Data transformation complete
[ 2026-05-27 15:22:10,653] 49 root - INFO - Started Regular Expression mapping
[ 2026-05-27 15:22:10,653] 174 root - INFO - Data transformation complete
[ 2026-05-27 15:22:10,654] 49 root - INFO - Started Regular Expression mapping
[ 2026-05-27 15:22:10,654] 174 root - INFO - Data transformation complete
[ 2026-05-27 15:22:10,654] 49 root - INFO - Started Regular Expression mapping
[ 2026-05-27 15:22:10,654] 174 root - INFO - Data transformation complete
[ 2026-05-27 15:22:10,654] 49 root - INFO - Started Regular Expression mapping
[ 2026-05-27 15:22:10,654] 174 root - INFO - Data transformation complete
[ 2026-05-27 15:22:10,654] 49 root - INFO - Started Regular Expression mapping
[ 2026-05-27 15:22:10,655] 174 root - INFO - Data transformation complete
[ 2026-05-27 15:22:10,655] 49 root - INFO - Started Regular Expression mapping
[ 2026-05-27 15:22:10,655] 174 root - INFO - Data transformation complete
[ 2026-05-27 15:22:10,655] 49 root - INFO - Started Regular Expression mapping
[ 2026-05-27 15:22:10,655] 174 root - INFO - Data transformation complete
[ 2026-05-27 15:22:10,655] 49 root - INFO - Started Regular Expression mapping
[ 2026-05-27 15:22:10,656] 174 root - INFO - Data transformation complete
[ 2026-05-27 15:22:10,656] 49 root - INFO - Started Regular Expression mapping
[ 2026-05-27 15:22:10,656] 174 root - INFO - Data transformation complete
[ 2026-05-27 15:22:10,656] 49 root - INFO - Started Regular Expression mapping
[ 2026-05-27 15:22:10,656] 174 root - INFO - Data transformation complete
[ 2026-05-27 15:22:10,656] 49 root - INFO - Started Regular Expression mapping
[ 2026-05-27 15:22:10,656] 174 root - INFO - Data transformation complete
[ 2026-05-27 15:22:10,657] 49 root - INFO - Started Regular Expression mapping
[ 2026-05-27 15:22:10,657] 25 root - INFO - Match heuristic business names to paybill payments
[ 2026-05-27 15:22:10,657] 174 root - INFO - Data transformation complete
[ 2026-05-27 15:22:10,657] 49 root - INFO - Started Regular Expression mapping
[ 2026-05-27 15:22:10,657] 25 root - INFO - Match heuristic business names to paybill payments
[ 2026-05-27 15:22:10,657] 174 root - INFO - Data transformation complete
[ 2026-05-27 15:22:10,657] 49 root - INFO - Started Regular Expression mapping
[ 2026-05-27 15:22:10,658] 174 root - INFO - Data transformation complete
[ 2026-05-27 15:22:10,658] 49 root - INFO - Started Regular Expression mapping
[ 2026-05-27 15:22:10,658] 174 root - INFO - Data transformation complete
[ 2026-05-27 15:22:10,658] 49 root - INFO - Started Regular Expression mapping
[ 2026-05-27 15:22:10,658] 174 root - INFO - Data transformation complete
[ 2026-05-27 15:22:10,658] 49 root - INFO - Started Regular Expression mapping
[ 2026-05-27 15:22:10,659] 174 root - INFO - Data transformation complete
[ 2026-05-27 15:22:10,659] 49 root - INFO - Started Regular Expression mapping
[ 2026-05-27 15:22:10,659] 174 root - INFO - Data transformation complete
[ 2026-05-27 15:22:10,659] 49 root - INFO - Started Regular Expression mapping
[ 2026-05-27 15:22:10,659] 174 root - INFO - Data transformation complete
[ 2026-05-27 15:22:10,659] 49 root - INFO - Started Regular Expression mapping
[ 2026-05-27 15:22:10,660] 174 root - INFO - Data transformation complete
[ 2026-05-27 15:22:10,660] 49 root - INFO - Started Regular Expression mapping
[ 2026-05-27 15:22:10,660] 174 root - INFO - Data transformation complete
[ 2026-05-27 15:22:10,660] 49 root - INFO - Started Regular Expression mapping
[ 2026-05-27 15:22:10,660] 174 root - INFO - Data transformation complete
[ 2026-05-27 15:22:10,660] 49 root - INFO - Started Regular Expression mapping
[ 2026-05-27 15:22:10,660] 174 root - INFO - Data transformation complete
[ 2026-05-27 15:22:10,661] 49 root - INFO - Started Regular Expression mapping
[ 2026-05-27 15:22:10,661] 174 root - INFO - Data transformation complete
[ 2026-05-27 15:22:10,661] 49 root - INFO - Started Regular Expression mapping
[ 2026-05-27 15:22:10,661] 25 root - INFO - Match heuristic business names to paybill payments
[ 2026-05-27 15:22:10,661] 174 root - INFO - Data transformation complete
[ 2026-05-27 15:22:10,661] 49 root - INFO - Started Regular Expression mapping
[ 2026-05-27 15:22:10,662] 174 root - INFO - Data transformation complete
[ 2026-05-27 15:22:10,662] 49 root - INFO - Started Regular Expression mapping
[ 2026-05-27 15:22:10,662] 25 root - INFO - Match heuristic business names to paybill payments
[ 2026-05-27 15:22:10,662] 174 root - INFO - Data transformation complete
[ 2026-05-27 15:22:10,662] 49 root - INFO - Started Regular Expression mapping
[ 2026-05-27 15:22:10,662] 174 root - INFO - Data transformation complete
[ 2026-05-27 15:22:10,662] 49 root - INFO - Started Regular Expression mapping
[ 2026-05-27 15:22:10,663] 174 root - INFO - Data transformation complete
[ 2026-05-27 15:22:10,663] 49 root - INFO - Started Regular Expression mapping
[ 2026-05-27 15:22:10,663] 174 root - INFO - Data transformation complete
[ 2026-05-27 15:22:10,663] 49 root - INFO - Started Regular Expression mapping
[ 2026-05-27 15:22:10,663] 174 root - INFO - Data transformation complete
[ 2026-05-27 15:22:10,663] 49 root - INFO - Started Regular Expression mapping
[ 2026-05-27 15:22:10,664] 174 root - INFO - Data transformation complete
[ 2026-05-27 15:22:10,664] 49 root - INFO - Started Regular Expression mapping
[ 2026-05-27 15:22:10,664] 174 root - INFO - Data transformation complete
[ 2026-05-27 15:22:10,664] 49 root - INFO - Started Regular Expression mapping
[ 2026-05-27 15:22:10,664] 174 root - INFO - Data transformation complete
[ 2026-05-27 15:22:10,664] 49 root - INFO - Started Regular Expression mapping
[ 2026-05-27 15:22:10,664] 174 root - INFO - Data transformation complete
[ 2026-05-27 15:22:10,665] 49 root - INFO - Started Regular Expression mapping
[ 2026-05-27 15:22:10,665] 174 root - INFO - Data transformation complete
[ 2026-05-27 15:22:10,665] 49 root - INFO - Started Regular Expression mapping
[ 2026-05-27 15:22:10,665] 174 root - INFO - Data transformation complete
[ 2026-05-27 15:22:10,665] 49 root - INFO - Started Regular Expression mapping
[ 2026-05-27 15:22:10,665] 174 root - INFO - Data transformation complete
[ 2026-05-27 15:22:10,665] 49 root - INFO - Started Regular Expression mapping
[ 2026-05-27 15:22:10,666] 174 root - INFO - Data transformation complete
[ 2026-05-27 15:22:10,666] 49 root - INFO - Started Regular Expression mapping
[ 2026-05-27 15:22:10,666] 174 root - INFO - Data transformation complete
[ 2026-05-27 15:22:10,666] 49 root - INFO - Started Regular Expression mapping
[ 2026-05-27 15:22:10,666] 174 root - INFO - Data transformation complete
[ 2026-05-27 15:22:10,666] 49 root - INFO - Started Regular Expression mapping
[ 2026-05-27 15:22:10,667] 174 root - INFO - Data transformation complete
[ 2026-05-27 15:22:10,667] 49 root - INFO - Started Regular Expression mapping
[ 2026-05-27 15:22:10,667] 174 root - INFO - Data transformation complete
[ 2026-05-27 15:22:10,667] 49 root - INFO - Started Regular Expression mapping
[ 2026-05-27 15:22:10,667] 174 root - INFO - Data transformation complete
[ 2026-05-27 15:22:10,667] 49 root - INFO - Started Regular Expression mapping
[ 2026-05-27 15:22:10,667] 174 root - INFO - Data transformation complete
[ 2026-05-27 15:22:10,668] 49 root - INFO - Started Regular Expression mapping
[ 2026-05-27 15:22:10,668] 174 root - INFO - Data transformation complete
[ 2026-05-27 15:22:10,668] 49 root - INFO - Started Regular Expression mapping
[ 2026-05-27 15:22:10,668] 174 root - INFO - Data transformation complete
[ 2026-05-27 15:22:10,668] 49 root - INFO - Started Regular Expression mapping
[ 2026-05-27 15:22:10,668] 174 root - INFO - Data transformation complete
[ 2026-05-27 15:22:10,668] 49 root - INFO - Started Regular Expression mapping
[ 2026-05-27 15:22:10,669] 174 root - INFO - Data transformation complete
[ 2026-05-27 15:22:10,669] 49 root - INFO - Started Regular Expression mapping
[ 2026-05-27 15:22:10,669] 174 root - INFO - Data transformation complete
[ 2026-05-27 15:22:10,669] 49 root - INFO - Started Regular Expression mapping
[ 2026-05-27 15:22:10,669] 174 root - INFO - Data transformation complete
[ 2026-05-27 15:22:10,669] 49 root - INFO - Started Regular Expression mapping
[ 2026-05-27 15:22:10,670] 174 root - INFO - Data transformation complete
[ 2026-05-27 15:22:10,670] 49 root - INFO - Started Regular Expression mapping
[ 2026-05-27 15:22:10,670] 174 root - INFO - Data transformation complete
[ 2026-05-27 15:22:10,670] 49 root - INFO - Started Regular Expression mapping
[ 2026-05-27 15:22:10,670] 174 root - INFO - Data transformation complete
[ 2026-05-27 15:22:10,670] 49 root - INFO - Started Regular Expression mapping
[ 2026-05-27 15:22:10,670] 174 root - INFO - Data transformation complete
[ 2026-05-27 15:22:10,671] 49 root - INFO - Started Regular Expression mapping
[ 2026-05-27 15:22:10,671] 174 root - INFO - Data transformation complete
[ 2026-05-27 15:22:10,671] 49 root - INFO - Started Regular Expression mapping
[ 2026-05-27 15:22:10,671] 174 root - INFO - Data transformation complete
[ 2026-05-27 15:22:10,671] 49 root - INFO - Started Regular Expression mapping
[ 2026-05-27 15:22:10,671] 174 root - INFO - Data transformation complete
[ 2026-05-27 15:22:10,671] 49 root - INFO - Started Regular Expression mapping
[ 2026-05-27 15:22:10,672] 174 root - INFO - Data transformation complete
[ 2026-05-27 15:22:10,672] 49 root - INFO - Started Regular Expression mapping
[ 2026-05-27 15:22:10,672] 174 root - INFO - Data transformation complete
[ 2026-05-27 15:22:10,672] 49 root - INFO - Started Regular Expression mapping
[ 2026-05-27 15:22:10,672] 174 root - INFO - Data transformation complete
[ 2026-05-27 15:22:10,672] 49 root - INFO - Started Regular Expression mapping
[ 2026-05-27 15:22:10,672] 174 root - INFO - Data transformation complete
[ 2026-05-27 15:22:10,673] 49 root - INFO - Started Regular Expression mapping
[ 2026-05-27 15:22:10,673] 174 root - INFO - Data transformation complete
[ 2026-05-27 15:22:10,673] 49 root - INFO - Started Regular Expression mapping
[ 2026-05-27 15:22:10,673] 174 root - INFO - Data transformation complete
[ 2026-05-27 15:22:10,673] 49 root - INFO - Started Regular Expression mapping
[ 2026-05-27 15:22:10,673] 174 root - INFO - Data transformation complete
[ 2026-05-27 15:22:10,674] 49 root - INFO - Started Regular Expression mapping
[ 2026-05-27 15:22:10,674] 174 root - INFO - Data transformation complete
[ 2026-05-27 15:22:10,674] 49 root - INFO - Started Regular Expression mapping
[ 2026-05-27 15:22:10,674] 174 root - INFO - Data transformation complete
[ 2026-05-27 15:22:10,674] 49 root - INFO - Started Regular Expression mapping
[ 2026-05-27 15:22:10,674] 174 root - INFO - Data transformation complete
[ 2026-05-27 15:22:10,674] 49 root - INFO - Started Regular Expression mapping
[ 2026-05-27 15:22:10,675] 174 root - INFO - Data transformation complete
[ 2026-05-27 15:22:10,675] 49 root - INFO - Started Regular Expression mapping
[ 2026-05-27 15:22:10,675] 174 root - INFO - Data transformation complete
[ 2026-05-27 15:22:10,675] 49 root - INFO - Started Regular Expression mapping
[ 2026-05-27 15:22:10,675] 174 root - INFO - Data transformation complete
[ 2026-05-27 15:22:10,675] 49 root - INFO - Started Regular Expression mapping
[ 2026-05-27 15:22:10,676] 174 root - INFO - Data transformation complete
[ 2026-05-27 15:22:10,676] 49 root - INFO - Started Regular Expression mapping
[ 2026-05-27 15:22:10,676] 174 root - INFO - Data transformation complete
[ 2026-05-27 15:22:10,676] 49 root - INFO - Started Regular Expression mapping
[ 2026-05-27 15:22:10,676] 174 root - INFO - Data transformation complete
[ 2026-05-27 15:22:10,676] 49 root - INFO - Started Regular Expression mapping
[ 2026-05-27 15:22:10,676] 25 root - INFO - Match heuristic business names to paybill payments
[ 2026-05-27 15:22:10,677] 174 root - INFO - Data transformation complete
[ 2026-05-27 15:22:10,677] 49 root - INFO - Started Regular Expression mapping
[ 2026-05-27 15:22:10,677] 174 root - INFO - Data transformation complete
[ 2026-05-27 15:22:10,677] 49 root - INFO - Started Regular Expression mapping
[ 2026-05-27 15:22:10,677] 174 root - INFO - Data transformation complete
[ 2026-05-27 15:22:10,677] 49 root - INFO - Started Regular Expression mapping
[ 2026-05-27 15:22:10,678] 174 root - INFO - Data transformation complete
[ 2026-05-27 15:22:10,678] 49 root - INFO - Started Regular Expression mapping
[ 2026-05-27 15:22:10,678] 174 root - INFO - Data transformation complete
[ 2026-05-27 15:22:10,678] 49 root - INFO - Started Regular Expression mapping
[ 2026-05-27 15:22:10,678] 174 root - INFO - Data transformation complete
[ 2026-05-27 15:22:10,678] 49 root - INFO - Started Regular Expression mapping
[ 2026-05-27 15:22:10,678] 174 root - INFO - Data transformation complete
[ 2026-05-27 15:22:10,679] 49 root - INFO - Started Regular Expression mapping
[ 2026-05-27 15:22:10,679] 25 root - INFO - Match heuristic business names to paybill payments
[ 2026-05-27 15:22:10,679] 174 root - INFO - Data transformation complete
[ 2026-05-27 15:22:10,679] 49 root - INFO - Started Regular Expression mapping
[ 2026-05-27 15:22:10,679] 174 root - INFO - Data transformation complete
[ 2026-05-27 15:22:10,679] 49 root - INFO - Started Regular Expression mapping
[ 2026-05-27 15:22:10,680] 174 root - INFO - Data transformation complete
[ 2026-05-27 15:22:10,680] 49 root - INFO - Started Regular Expression mapping
[ 2026-05-27 15:22:10,680] 174 root - INFO - Data transformation complete
[ 2026-05-27 15:22:10,680] 49 root - INFO - Started Regular Expression mapping
[ 2026-05-27 15:22:10,680] 174 root - INFO - Data transformation complete
[ 2026-05-27 15:22:10,680] 49 root - INFO - Started Regular Expression mapping
[ 2026-05-27 15:22:10,681] 174 root - INFO - Data transformation complete
[ 2026-05-27 15:22:10,681] 49 root - INFO - Started Regular Expression mapping
[ 2026-05-27 15:22:10,681] 174 root - INFO - Data transformation complete
[ 2026-05-27 15:22:10,681] 49 root - INFO - Started Regular Expression mapping
[ 2026-05-27 15:22:10,681] 174 root - INFO - Data transformation complete
[ 2026-05-27 15:22:10,681] 49 root - INFO - Started Regular Expression mapping
[ 2026-05-27 15:22:10,681] 174 root - INFO - Data transformation complete
[ 2026-05-27 15:22:10,682] 49 root - INFO - Started Regular Expression mapping
[ 2026-05-27 15:22:10,682] 174 root - INFO - Data transformation complete
[ 2026-05-27 15:22:10,682] 49 root - INFO - Started Regular Expression mapping
[ 2026-05-27 15:22:10,682] 174 root - INFO - Data transformation complete
[ 2026-05-27 15:22:10,682] 49 root - INFO - Started Regular Expression mapping
[ 2026-05-27 15:22:10,682] 174 root - INFO - Data transformation complete
[ 2026-05-27 15:22:10,683] 49 root - INFO - Started Regular Expression mapping
[ 2026-05-27 15:22:10,683] 174 root - INFO - Data transformation complete
[ 2026-05-27 15:22:10,683] 49 root - INFO - Started Regular Expression mapping
[ 2026-05-27 15:22:10,683] 174 root - INFO - Data transformation complete
[ 2026-05-27 15:22:10,683] 49 root - INFO - Started Regular Expression mapping
[ 2026-05-27 15:22:10,683] 174 root - INFO - Data transformation complete
[ 2026-05-27 15:22:10,683] 49 root - INFO - Started Regular Expression mapping
[ 2026-05-27 15:22:10,684] 174 root - INFO - Data transformation complete
[ 2026-05-27 15:22:10,684] 49 root - INFO - Started Regular Expression mapping
[ 2026-05-27 15:22:10,684] 174 root - INFO - Data transformation complete
[ 2026-05-27 15:22:10,684] 49 root - INFO - Started Regular Expression mapping
[ 2026-05-27 15:22:10,684] 174 root - INFO - Data transformation complete
[ 2026-05-27 15:22:10,684] 49 root - INFO - Started Regular Expression mapping
[ 2026-05-27 15:22:10,685] 174 root - INFO - Data transformation complete
[ 2026-05-27 15:22:10,685] 49 root - INFO - Started Regular Expression mapping
[ 2026-05-27 15:22:10,685] 174 root - INFO - Data transformation complete
[ 2026-05-27 15:22:10,685] 49 root - INFO - Started Regular Expression mapping
[ 2026-05-27 15:22:10,685] 25 root - INFO - Match heuristic business names to paybill payments
[ 2026-05-27 15:22:10,685] 174 root - INFO - Data transformation complete
[ 2026-05-27 15:22:10,685] 49 root - INFO - Started Regular Expression mapping
[ 2026-05-27 15:22:10,686] 174 root - INFO - Data transformation complete
[ 2026-05-27 15:22:10,686] 49 root - INFO - Started Regular Expression mapping
[ 2026-05-27 15:22:10,686] 25 root - INFO - Match heuristic business names to paybill payments
[ 2026-05-27 15:22:10,686] 174 root - INFO - Data transformation complete
[ 2026-05-27 15:22:10,686] 49 root - INFO - Started Regular Expression mapping
[ 2026-05-27 15:22:10,686] 174 root - INFO - Data transformation complete
[ 2026-05-27 15:22:10,686] 49 root - INFO - Started Regular Expression mapping
[ 2026-05-27 15:22:10,687] 174 root - INFO - Data transformation complete
[ 2026-05-27 15:22:10,687] 49 root - INFO - Started Regular Expression mapping
[ 2026-05-27 15:22:10,687] 174 root - INFO - Data transformation complete
[ 2026-05-27 15:22:10,687] 49 root - INFO - Started Regular Expression mapping
[ 2026-05-27 15:22:10,687] 174 root - INFO - Data transformation complete
[ 2026-05-27 15:22:10,687] 49 root - INFO - Started Regular Expression mapping
[ 2026-05-27 15:22:10,688] 174 root - INFO - Data transformation complete
[ 2026-05-27 15:22:10,688] 49 root - INFO - Started Regular Expression mapping
[ 2026-05-27 15:22:10,688] 25 root - INFO - Match heuristic business names to paybill payments
[ 2026-05-27 15:22:10,688] 174 root - INFO - Data transformation complete
[ 2026-05-27 15:22:10,688] 49 root - INFO - Started Regular Expression mapping
[ 2026-05-27 15:22:10,688] 174 root - INFO - Data transformation complete
[ 2026-05-27 15:22:10,688] 49 root - INFO - Started Regular Expression mapping
[ 2026-05-27 15:22:10,689] 174 root - INFO - Data transformation complete
[ 2026-05-27 15:22:10,689] 49 root - INFO - Started Regular Expression mapping
[ 2026-05-27 15:22:10,689] 174 root - INFO - Data transformation complete
[ 2026-05-27 15:22:10,689] 49 root - INFO - Started Regular Expression mapping
[ 2026-05-27 15:22:10,689] 174 root - INFO - Data transformation complete
[ 2026-05-27 15:22:10,689] 49 root - INFO - Started Regular Expression mapping
[ 2026-05-27 15:22:10,689] 25 root - INFO - Match heuristic business names to paybill payments
[ 2026-05-27 15:22:10,690] 174 root - INFO - Data transformation complete
[ 2026-05-27 15:22:10,690] 49 root - INFO - Started Regular Expression mapping
[ 2026-05-27 15:22:10,690] 174 root - INFO - Data transformation complete
[ 2026-05-27 15:22:10,690] 49 root - INFO - Started Regular Expression mapping
[ 2026-05-27 15:22:10,690] 174 root - INFO - Data transformation complete
[ 2026-05-27 15:22:10,690] 49 root - INFO - Started Regular Expression mapping
[ 2026-05-27 15:22:10,691] 174 root - INFO - Data transformation complete
[ 2026-05-27 15:22:10,691] 49 root - INFO - Started Regular Expression mapping
[ 2026-05-27 15:22:10,691] 174 root - INFO - Data transformation complete
[ 2026-05-27 15:22:10,691] 49 root - INFO - Started Regular Expression mapping
[ 2026-05-27 15:22:10,691] 174 root - INFO - Data transformation complete
[ 2026-05-27 15:22:10,691] 49 root - INFO - Started Regular Expression mapping
[ 2026-05-27 15:22:10,691] 25 root - INFO - Match heuristic business names to paybill payments
[ 2026-05-27 15:22:10,692] 174 root - INFO - Data transformation complete
[ 2026-05-27 15:22:10,692] 49 root - INFO - Started Regular Expression mapping
[ 2026-05-27 15:22:10,692] 174 root - INFO - Data transformation complete
[ 2026-05-27 15:22:10,692] 49 root - INFO - Started Regular Expression mapping
[ 2026-05-27 15:22:10,693] 174 root - INFO - Data transformation complete
[ 2026-05-27 15:22:10,693] 49 root - INFO - Started Regular Expression mapping
[ 2026-05-27 15:22:10,693] 174 root - INFO - Data transformation complete
[ 2026-05-27 15:22:10,693] 49 root - INFO - Started Regular Expression mapping
[ 2026-05-27 15:22:10,694] 174 root - INFO - Data transformation complete
[ 2026-05-27 15:22:10,694] 49 root - INFO - Started Regular Expression mapping
[ 2026-05-27 15:22:10,694] 174 root - INFO - Data transformation complete
[ 2026-05-27 15:22:10,694] 49 root - INFO - Started Regular Expression mapping
[ 2026-05-27 15:22:10,694] 174 root - INFO - Data transformation complete
[ 2026-05-27 15:22:10,694] 49 root - INFO - Started Regular Expression mapping
[ 2026-05-27 15:22:10,695] 174 root - INFO - Data transformation complete
[ 2026-05-27 15:22:10,695] 49 root - INFO - Started Regular Expression mapping
[ 2026-05-27 15:22:10,695] 174 root - INFO - Data transformation complete
[ 2026-05-27 15:22:10,695] 49 root - INFO - Started Regular Expression mapping
[ 2026-05-27 15:22:10,695] 174 root - INFO - Data transformation complete
[ 2026-05-27 15:22:10,695] 49 root - INFO - Started Regular Expression mapping
[ 2026-05-27 15:22:10,696] 174 root - INFO - Data transformation complete
[ 2026-05-27 15:22:10,696] 49 root - INFO - Started Regular Expression mapping
[ 2026-05-27 15:22:10,696] 25 root - INFO - Match heuristic business names to paybill payments
[ 2026-05-27 15:22:10,696] 174 root - INFO - Data transformation complete
[ 2026-05-27 15:22:10,696] 49 root - INFO - Started Regular Expression mapping
[ 2026-05-27 15:22:10,696] 174 root - INFO - Data transformation complete
[ 2026-05-27 15:22:10,696] 49 root - INFO - Started Regular Expression mapping
[ 2026-05-27 15:22:10,697] 174 root - INFO - Data transformation complete
[ 2026-05-27 15:22:10,697] 49 root - INFO - Started Regular Expression mapping
[ 2026-05-27 15:22:10,697] 174 root - INFO - Data transformation complete
[ 2026-05-27 15:22:10,697] 49 root - INFO - Started Regular Expression mapping
[ 2026-05-27 15:22:10,697] 174 root - INFO - Data transformation complete
[ 2026-05-27 15:22:10,697] 49 root - INFO - Started Regular Expression mapping
[ 2026-05-27 15:22:10,698] 174 root - INFO - Data transformation complete
[ 2026-05-27 15:22:10,698] 49 root - INFO - Started Regular Expression mapping
[ 2026-05-27 15:22:10,698] 174 root - INFO - Data transformation complete
[ 2026-05-27 15:22:10,698] 49 root - INFO - Started Regular Expression mapping
[ 2026-05-27 15:22:10,698] 25 root - INFO - Match heuristic business names to paybill payments
[ 2026-05-27 15:22:10,698] 174 root - INFO - Data transformation complete
[ 2026-05-27 15:22:10,698] 49 root - INFO - Started Regular Expression mapping
[ 2026-05-27 15:22:10,698] 174 root - INFO - Data transformation complete
[ 2026-05-27 15:22:10,699] 49 root - INFO - Started Regular Expression mapping
[ 2026-05-27 15:22:10,699] 174 root - INFO - Data transformation complete
[ 2026-05-27 15:22:10,699] 49 root - INFO - Started Regular Expression mapping
[ 2026-05-27 15:22:10,699] 174 root - INFO - Data transformation complete
[ 2026-05-27 15:22:10,699] 49 root - INFO - Started Regular Expression mapping
[ 2026-05-27 15:22:10,699] 174 root - INFO - Data transformation complete
[ 2026-05-27 15:22:10,700] 49 root - INFO - Started Regular Expression mapping
[ 2026-05-27 15:22:10,700] 174 root - INFO - Data transformation complete
[ 2026-05-27 15:22:10,700] 49 root - INFO - Started Regular Expression mapping
[ 2026-05-27 15:22:10,700] 174 root - INFO - Data transformation complete
[ 2026-05-27 15:22:10,700] 49 root - INFO - Started Regular Expression mapping
[ 2026-05-27 15:22:10,700] 174 root - INFO - Data transformation complete
[ 2026-05-27 15:22:10,700] 49 root - INFO - Started Regular Expression mapping
[ 2026-05-27 15:22:10,701] 174 root - INFO - Data transformation complete
[ 2026-05-27 15:22:10,701] 49 root - INFO - Started Regular Expression mapping
[ 2026-05-27 15:22:10,701] 174 root - INFO - Data transformation complete
[ 2026-05-27 15:22:10,701] 49 root - INFO - Started Regular Expression mapping
[ 2026-05-27 15:22:10,701] 174 root - INFO - Data transformation complete
[ 2026-05-27 15:22:10,701] 49 root - INFO - Started Regular Expression mapping
[ 2026-05-27 15:22:10,702] 174 root - INFO - Data transformation complete
[ 2026-05-27 15:22:10,702] 49 root - INFO - Started Regular Expression mapping
[ 2026-05-27 15:22:10,702] 25 root - INFO - Match heuristic business names to paybill payments
[ 2026-05-27 15:22:10,702] 174 root - INFO - Data transformation complete
[ 2026-05-27 15:22:10,702] 49 root - INFO - Started Regular Expression mapping
[ 2026-05-27 15:22:10,702] 174 root - INFO - Data transformation complete
[ 2026-05-27 15:22:10,702] 49 root - INFO - Started Regular Expression mapping
[ 2026-05-27 15:22:10,703] 174 root - INFO - Data transformation complete
[ 2026-05-27 15:22:10,703] 49 root - INFO - Started Regular Expression mapping
[ 2026-05-27 15:22:10,703] 174 root - INFO - Data transformation complete
[ 2026-05-27 15:22:10,703] 49 root - INFO - Started Regular Expression mapping
[ 2026-05-27 15:22:10,703] 174 root - INFO - Data transformation complete
[ 2026-05-27 15:22:10,703] 49 root - INFO - Started Regular Expression mapping
[ 2026-05-27 15:22:10,704] 174 root - INFO - Data transformation complete
[ 2026-05-27 15:22:10,704] 49 root - INFO - Started Regular Expression mapping
[ 2026-05-27 15:22:10,704] 174 root - INFO - Data transformation complete
[ 2026-05-27 15:22:10,704] 49 root - INFO - Started Regular Expression mapping
[ 2026-05-27 15:22:10,704] 174 root - INFO - Data transformation complete
[ 2026-05-27 15:22:10,704] 49 root - INFO - Started Regular Expression mapping
[ 2026-05-27 15:22:10,704] 174 root - INFO - Data transformation complete
[ 2026-05-27 15:22:10,705] 49 root - INFO - Started Regular Expression mapping
[ 2026-05-27 15:22:10,705] 174 root - INFO - Data transformation complete
[ 2026-05-27 15:22:10,705] 49 root - INFO - Started Regular Expression mapping
[ 2026-05-27 15:22:10,705] 174 root - INFO - Data transformation complete
[ 2026-05-27 15:22:10,705] 49 root - INFO - Started Regular Expression mapping
[ 2026-05-27 15:22:10,705] 174 root - INFO - Data transformation complete
[ 2026-05-27 15:22:10,705] 49 root - INFO - Started Regular Expression mapping
[ 2026-05-27 15:22:10,706] 174 root - INFO - Data transformation complete
[ 2026-05-27 15:22:10,706] 49 root - INFO - Started Regular Expression mapping
[ 2026-05-27 15:22:10,706] 174 root - INFO - Data transformation complete
[ 2026-05-27 15:22:10,706] 49 root - INFO - Started Regular Expression mapping
[ 2026-05-27 15:22:10,706] 174 root - INFO - Data transformation complete
[ 2026-05-27 15:22:10,706] 49 root - INFO - Started Regular Expression mapping
[ 2026-05-27 15:22:10,707] 174 root - INFO - Data transformation complete
[ 2026-05-27 15:22:10,707] 49 root - INFO - Started Regular Expression mapping
[ 2026-05-27 15:22:10,707] 174 root - INFO - Data transformation complete
[ 2026-05-27 15:22:10,707] 49 root - INFO - Started Regular Expression mapping
[ 2026-05-27 15:22:10,707] 174 root - INFO - Data transformation complete
[ 2026-05-27 15:22:10,707] 49 root - INFO - Started Regular Expression mapping
[ 2026-05-27 15:22:10,708] 174 root - INFO - Data transformation complete
[ 2026-05-27 15:22:10,708] 49 root - INFO - Started Regular Expression mapping
[ 2026-05-27 15:22:10,708] 174 root - INFO - Data transformation complete
[ 2026-05-27 15:22:10,708] 49 root - INFO - Started Regular Expression mapping
[ 2026-05-27 15:22:10,709] 174 root - INFO - Data transformation complete
[ 2026-05-27 15:22:10,709] 49 root - INFO - Started Regular Expression mapping
[ 2026-05-27 15:22:10,710] 174 root - INFO - Data transformation complete
[ 2026-05-27 15:22:10,710] 49 root - INFO - Started Regular Expression mapping
[ 2026-05-27 15:22:10,710] 174 root - INFO - Data transformation complete
[ 2026-05-27 15:22:10,710] 49 root - INFO - Started Regular Expression mapping
[ 2026-05-27 15:22:10,710] 174 root - INFO - Data transformation complete
[ 2026-05-27 15:22:10,710] 49 root - INFO - Started Regular Expression mapping
[ 2026-05-27 15:22:10,711] 174 root - INFO - Data transformation complete
[ 2026-05-27 15:22:10,711] 49 root - INFO - Started Regular Expression mapping
[ 2026-05-27 15:22:10,711] 174 root - INFO - Data transformation complete
[ 2026-05-27 15:22:10,711] 49 root - INFO - Started Regular Expression mapping
[ 2026-05-27 15:22:10,711] 174 root - INFO - Data transformation complete
[ 2026-05-27 15:22:10,712] 49 root - INFO - Started Regular Expression mapping
[ 2026-05-27 15:22:10,712] 174 root - INFO - Data transformation complete
[ 2026-05-27 15:22:10,712] 49 root - INFO - Started Regular Expression mapping
[ 2026-05-27 15:22:10,712] 174 root - INFO - Data transformation complete
[ 2026-05-27 15:22:10,712] 49 root - INFO - Started Regular Expression mapping
[ 2026-05-27 15:22:10,712] 174 root - INFO - Data transformation complete
[ 2026-05-27 15:22:10,713] 49 root - INFO - Started Regular Expression mapping
[ 2026-05-27 15:22:10,713] 174 root - INFO - Data transformation complete
[ 2026-05-27 15:22:10,713] 49 root - INFO - Started Regular Expression mapping
[ 2026-05-27 15:22:10,713] 174 root - INFO - Data transformation complete
[ 2026-05-27 15:22:10,713] 49 root - INFO - Started Regular Expression mapping
[ 2026-05-27 15:22:10,713] 174 root - INFO - Data transformation complete
[ 2026-05-27 15:22:10,713] 49 root - INFO - Started Regular Expression mapping
[ 2026-05-27 15:22:10,714] 174 root - INFO - Data transformation complete
[ 2026-05-27 15:22:10,714] 49 root - INFO - Started Regular Expression mapping
[ 2026-05-27 15:22:10,714] 174 root - INFO - Data transformation complete
[ 2026-05-27 15:22:10,714] 49 root - INFO - Started Regular Expression mapping
[ 2026-05-27 15:22:10,714] 174 root - INFO - Data transformation complete
[ 2026-05-27 15:22:10,714] 49 root - INFO - Started Regular Expression mapping
[ 2026-05-27 15:22:10,715] 174 root - INFO - Data transformation complete
[ 2026-05-27 15:22:10,715] 49 root - INFO - Started Regular Expression mapping
[ 2026-05-27 15:22:10,715] 174 root - INFO - Data transformation complete
[ 2026-05-27 15:22:10,715] 49 root - INFO - Started Regular Expression mapping
[ 2026-05-27 15:22:10,715] 174 root - INFO - Data transformation complete
[ 2026-05-27 15:22:10,715] 49 root - INFO - Started Regular Expression mapping
[ 2026-05-27 15:22:10,715] 174 root - INFO - Data transformation complete
[ 2026-05-27 15:22:10,716] 49 root - INFO - Started Regular Expression mapping
[ 2026-05-27 15:22:10,716] 174 root - INFO - Data transformation complete
[ 2026-05-27 15:22:10,716] 49 root - INFO - Started Regular Expression mapping
[ 2026-05-27 15:22:10,716] 25 root - INFO - Match heuristic business names to paybill payments
[ 2026-05-27 15:22:10,716] 174 root - INFO - Data transformation complete
[ 2026-05-27 15:22:10,716] 49 root - INFO - Started Regular Expression mapping
[ 2026-05-27 15:22:10,717] 174 root - INFO - Data transformation complete
[ 2026-05-27 15:22:10,717] 49 root - INFO - Started Regular Expression mapping
[ 2026-05-27 15:22:10,717] 25 root - INFO - Match heuristic business names to paybill payments
[ 2026-05-27 15:22:10,717] 174 root - INFO - Data transformation complete
[ 2026-05-27 15:22:10,717] 49 root - INFO - Started Regular Expression mapping
[ 2026-05-27 15:22:10,717] 174 root - INFO - Data transformation complete
[ 2026-05-27 15:22:10,717] 49 root - INFO - Started Regular Expression mapping
[ 2026-05-27 15:22:10,718] 174 root - INFO - Data transformation complete
[ 2026-05-27 15:22:10,718] 49 root - INFO - Started Regular Expression mapping
[ 2026-05-27 15:22:10,718] 174 root - INFO - Data transformation complete
[ 2026-05-27 15:22:10,718] 49 root - INFO - Started Regular Expression mapping
[ 2026-05-27 15:22:10,718] 25 root - INFO - Match heuristic business names to paybill payments
[ 2026-05-27 15:22:10,718] 174 root - INFO - Data transformation complete
[ 2026-05-27 15:22:10,718] 49 root - INFO - Started Regular Expression mapping
[ 2026-05-27 15:22:10,719] 25 root - INFO - Match heuristic business names to paybill payments
[ 2026-05-27 15:22:10,719] 174 root - INFO - Data transformation complete
[ 2026-05-27 15:22:10,719] 49 root - INFO - Started Regular Expression mapping
[ 2026-05-27 15:22:10,719] 174 root - INFO - Data transformation complete
[ 2026-05-27 15:22:10,719] 49 root - INFO - Started Regular Expression mapping
[ 2026-05-27 15:22:10,719] 174 root - INFO - Data transformation complete
[ 2026-05-27 15:22:10,719] 49 root - INFO - Started Regular Expression mapping
[ 2026-05-27 15:22:10,720] 174 root - INFO - Data transformation complete
[ 2026-05-27 15:22:10,720] 49 root - INFO - Started Regular Expression mapping
[ 2026-05-27 15:22:10,720] 174 root - INFO - Data transformation complete
[ 2026-05-27 15:22:10,720] 49 root - INFO - Started Regular Expression mapping
[ 2026-05-27 15:22:10,720] 174 root - INFO - Data transformation complete
[ 2026-05-27 15:22:10,720] 49 root - INFO - Started Regular Expression mapping
[ 2026-05-27 15:22:10,721] 174 root - INFO - Data transformation complete
[ 2026-05-27 15:22:10,721] 49 root - INFO - Started Regular Expression mapping
[ 2026-05-27 15:22:10,721] 174 root - INFO - Data transformation complete
[ 2026-05-27 15:22:10,721] 49 root - INFO - Started Regular Expression mapping
[ 2026-05-27 15:22:10,721] 174 root - INFO - Data transformation complete
[ 2026-05-27 15:22:10,721] 49 root - INFO - Started Regular Expression mapping
[ 2026-05-27 15:22:10,721] 174 root - INFO - Data transformation complete
[ 2026-05-27 15:22:10,722] 49 root - INFO - Started Regular Expression mapping
[ 2026-05-27 15:22:10,722] 174 root - INFO - Data transformation complete
[ 2026-05-27 15:22:10,722] 49 root - INFO - Started Regular Expression mapping
[ 2026-05-27 15:22:10,722] 174 root - INFO - Data transformation complete
[ 2026-05-27 15:22:10,722] 49 root - INFO - Started Regular Expression mapping
[ 2026-05-27 15:22:10,722] 174 root - INFO - Data transformation complete
[ 2026-05-27 15:22:10,723] 49 root - INFO - Started Regular Expression mapping
[ 2026-05-27 15:22:10,723] 174 root - INFO - Data transformation complete
[ 2026-05-27 15:22:10,723] 49 root - INFO - Started Regular Expression mapping
[ 2026-05-27 15:22:10,723] 174 root - INFO - Data transformation complete
[ 2026-05-27 15:22:10,723] 49 root - INFO - Started Regular Expression mapping
[ 2026-05-27 15:22:10,723] 174 root - INFO - Data transformation complete
[ 2026-05-27 15:22:10,723] 49 root - INFO - Started Regular Expression mapping
[ 2026-05-27 15:22:10,724] 174 root - INFO - Data transformation complete
[ 2026-05-27 15:22:10,724] 49 root - INFO - Started Regular Expression mapping
[ 2026-05-27 15:22:10,724] 174 root - INFO - Data transformation complete
[ 2026-05-27 15:22:10,724] 49 root - INFO - Started Regular Expression mapping
[ 2026-05-27 15:22:10,724] 174 root - INFO - Data transformation complete
[ 2026-05-27 15:22:10,724] 49 root - INFO - Started Regular Expression mapping
[ 2026-05-27 15:22:10,725] 174 root - INFO - Data transformation complete
[ 2026-05-27 15:22:10,725] 49 root - INFO - Started Regular Expression mapping
[ 2026-05-27 15:22:10,725] 25 root - INFO - Match heuristic business names to paybill payments
[ 2026-05-27 15:22:10,725] 174 root - INFO - Data transformation complete
[ 2026-05-27 15:22:10,726] 49 root - INFO - Started Regular Expression mapping
[ 2026-05-27 15:22:10,726] 25 root - INFO - Match heuristic business names to paybill payments
[ 2026-05-27 15:22:10,726] 174 root - INFO - Data transformation complete
[ 2026-05-27 15:22:10,726] 49 root - INFO - Started Regular Expression mapping
[ 2026-05-27 15:22:10,726] 174 root - INFO - Data transformation complete
[ 2026-05-27 15:22:10,726] 49 root - INFO - Started Regular Expression mapping
[ 2026-05-27 15:22:10,727] 174 root - INFO - Data transformation complete
[ 2026-05-27 15:22:10,727] 49 root - INFO - Started Regular Expression mapping
[ 2026-05-27 15:22:10,727] 174 root - INFO - Data transformation complete
[ 2026-05-27 15:22:10,727] 49 root - INFO - Started Regular Expression mapping
[ 2026-05-27 15:22:10,727] 174 root - INFO - Data transformation complete
[ 2026-05-27 15:22:10,727] 49 root - INFO - Started Regular Expression mapping
[ 2026-05-27 15:22:10,728] 174 root - INFO - Data transformation complete
[ 2026-05-27 15:22:10,728] 49 root - INFO - Started Regular Expression mapping
[ 2026-05-27 15:22:10,728] 174 root - INFO - Data transformation complete
[ 2026-05-27 15:22:10,728] 49 root - INFO - Started Regular Expression mapping
[ 2026-05-27 15:22:10,728] 174 root - INFO - Data transformation complete
[ 2026-05-27 15:22:10,728] 49 root - INFO - Started Regular Expression mapping
[ 2026-05-27 15:22:10,728] 174 root - INFO - Data transformation complete
[ 2026-05-27 15:22:10,729] 49 root - INFO - Started Regular Expression mapping
[ 2026-05-27 15:22:10,729] 174 root - INFO - Data transformation complete
[ 2026-05-27 15:22:10,729] 49 root - INFO - Started Regular Expression mapping
[ 2026-05-27 15:22:10,729] 174 root - INFO - Data transformation complete
[ 2026-05-27 15:22:10,729] 49 root - INFO - Started Regular Expression mapping
[ 2026-05-27 15:22:10,729] 174 root - INFO - Data transformation complete
[ 2026-05-27 15:22:10,729] 49 root - INFO - Started Regular Expression mapping
[ 2026-05-27 15:22:10,730] 174 root - INFO - Data transformation complete
[ 2026-05-27 15:22:10,730] 49 root - INFO - Started Regular Expression mapping
[ 2026-05-27 15:22:10,730] 174 root - INFO - Data transformation complete
[ 2026-05-27 15:22:10,730] 49 root - INFO - Started Regular Expression mapping
[ 2026-05-27 15:22:10,730] 174 root - INFO - Data transformation complete
[ 2026-05-27 15:22:10,730] 49 root - INFO - Started Regular Expression mapping
[ 2026-05-27 15:22:10,731] 174 root - INFO - Data transformation complete
[ 2026-05-27 15:22:10,731] 49 root - INFO - Started Regular Expression mapping
[ 2026-05-27 15:22:10,731] 174 root - INFO - Data transformation complete
[ 2026-05-27 15:22:10,731] 49 root - INFO - Started Regular Expression mapping
[ 2026-05-27 15:22:10,731] 174 root - INFO - Data transformation complete
[ 2026-05-27 15:22:10,731] 49 root - INFO - Started Regular Expression mapping
[ 2026-05-27 15:22:10,732] 174 root - INFO - Data transformation complete
[ 2026-05-27 15:22:10,732] 49 root - INFO - Started Regular Expression mapping
[ 2026-05-27 15:22:10,732] 174 root - INFO - Data transformation complete
[ 2026-05-27 15:22:10,732] 49 root - INFO - Started Regular Expression mapping
[ 2026-05-27 15:22:10,732] 174 root - INFO - Data transformation complete
[ 2026-05-27 15:22:10,732] 49 root - INFO - Started Regular Expression mapping
[ 2026-05-27 15:22:10,732] 174 root - INFO - Data transformation complete
[ 2026-05-27 15:22:10,733] 49 root - INFO - Started Regular Expression mapping
[ 2026-05-27 15:22:10,733] 174 root - INFO - Data transformation complete
[ 2026-05-27 15:22:10,733] 49 root - INFO - Started Regular Expression mapping
[ 2026-05-27 15:22:10,733] 174 root - INFO - Data transformation complete
[ 2026-05-27 15:22:10,733] 49 root - INFO - Started Regular Expression mapping
[ 2026-05-27 15:22:10,734] 174 root - INFO - Data transformation complete
[ 2026-05-27 15:22:10,734] 49 root - INFO - Started Regular Expression mapping
[ 2026-05-27 15:22:10,734] 174 root - INFO - Data transformation complete
[ 2026-05-27 15:22:10,734] 49 root - INFO - Started Regular Expression mapping
[ 2026-05-27 15:22:10,734] 25 root - INFO - Match heuristic business names to paybill payments
[ 2026-05-27 15:22:10,734] 174 root - INFO - Data transformation complete
[ 2026-05-27 15:22:10,735] 49 root - INFO - Started Regular Expression mapping
[ 2026-05-27 15:22:10,735] 174 root - INFO - Data transformation complete
[ 2026-05-27 15:22:10,735] 49 root - INFO - Started Regular Expression mapping
[ 2026-05-27 15:22:10,735] 25 root - INFO - Match heuristic business names to paybill payments
[ 2026-05-27 15:22:10,735] 174 root - INFO - Data transformation complete
[ 2026-05-27 15:22:10,735] 49 root - INFO - Started Regular Expression mapping
[ 2026-05-27 15:22:10,736] 174 root - INFO - Data transformation complete
[ 2026-05-27 15:22:10,736] 49 root - INFO - Started Regular Expression mapping
[ 2026-05-27 15:22:10,736] 174 root - INFO - Data transformation complete
[ 2026-05-27 15:22:10,736] 49 root - INFO - Started Regular Expression mapping
[ 2026-05-27 15:22:10,736] 174 root - INFO - Data transformation complete
[ 2026-05-27 15:22:10,737] 49 root - INFO - Started Regular Expression mapping
[ 2026-05-27 15:22:10,737] 174 root - INFO - Data transformation complete
[ 2026-05-27 15:22:10,737] 49 root - INFO - Started Regular Expression mapping
[ 2026-05-27 15:22:10,737] 174 root - INFO - Data transformation complete
[ 2026-05-27 15:22:10,737] 49 root - INFO - Started Regular Expression mapping
[ 2026-05-27 15:22:10,737] 25 root - INFO - Match heuristic business names to paybill payments
[ 2026-05-27 15:22:10,738] 174 root - INFO - Data transformation complete
[ 2026-05-27 15:22:10,738] 49 root - INFO - Started Regular Expression mapping
[ 2026-05-27 15:22:10,738] 174 root - INFO - Data transformation complete
[ 2026-05-27 15:22:10,738] 49 root - INFO - Started Regular Expression mapping
[ 2026-05-27 15:22:10,738] 174 root - INFO - Data transformation complete
[ 2026-05-27 15:22:10,739] 49 root - INFO - Started Regular Expression mapping
[ 2026-05-27 15:22:10,739] 174 root - INFO - Data transformation complete
[ 2026-05-27 15:22:10,739] 49 root - INFO - Started Regular Expression mapping
[ 2026-05-27 15:22:10,739] 174 root - INFO - Data transformation complete
[ 2026-05-27 15:22:10,739] 49 root - INFO - Started Regular Expression mapping
[ 2026-05-27 15:22:10,740] 174 root - INFO - Data transformation complete
[ 2026-05-27 15:22:10,740] 49 root - INFO - Started Regular Expression mapping
[ 2026-05-27 15:22:10,741] 174 root - INFO - Data transformation complete
[ 2026-05-27 15:22:10,741] 49 root - INFO - Started Regular Expression mapping
[ 2026-05-27 15:22:10,742] 174 root - INFO - Data transformation complete
[ 2026-05-27 15:22:10,742] 49 root - INFO - Started Regular Expression mapping
[ 2026-05-27 15:22:10,742] 174 root - INFO - Data transformation complete
[ 2026-05-27 15:22:10,742] 49 root - INFO - Started Regular Expression mapping
[ 2026-05-27 15:22:10,742] 25 root - INFO - Match heuristic business names to paybill payments
[ 2026-05-27 15:22:10,743] 174 root - INFO - Data transformation complete
[ 2026-05-27 15:22:10,743] 49 root - INFO - Started Regular Expression mapping
[ 2026-05-27 15:22:10,743] 174 root - INFO - Data transformation complete
[ 2026-05-27 15:22:10,743] 49 root - INFO - Started Regular Expression mapping
[ 2026-05-27 15:22:10,743] 174 root - INFO - Data transformation complete
[ 2026-05-27 15:22:10,743] 49 root - INFO - Started Regular Expression mapping
[ 2026-05-27 15:22:10,744] 174 root - INFO - Data transformation complete
[ 2026-05-27 15:22:10,744] 49 root - INFO - Started Regular Expression mapping
[ 2026-05-27 15:22:10,744] 174 root - INFO - Data transformation complete
[ 2026-05-27 15:22:10,744] 49 root - INFO - Started Regular Expression mapping
[ 2026-05-27 15:22:10,744] 174 root - INFO - Data transformation complete
[ 2026-05-27 15:22:10,744] 49 root - INFO - Started Regular Expression mapping
[ 2026-05-27 15:22:10,745] 174 root - INFO - Data transformation complete
[ 2026-05-27 15:22:10,745] 49 root - INFO - Started Regular Expression mapping
[ 2026-05-27 15:22:10,745] 174 root - INFO - Data transformation complete
[ 2026-05-27 15:22:10,745] 49 root - INFO - Started Regular Expression mapping
[ 2026-05-27 15:22:10,745] 174 root - INFO - Data transformation complete
[ 2026-05-27 15:22:10,746] 49 root - INFO - Started Regular Expression mapping
[ 2026-05-27 15:22:10,746] 25 root - INFO - Match heuristic business names to paybill payments
[ 2026-05-27 15:22:10,746] 174 root - INFO - Data transformation complete
[ 2026-05-27 15:22:10,746] 49 root - INFO - Started Regular Expression mapping
[ 2026-05-27 15:22:10,746] 174 root - INFO - Data transformation complete
[ 2026-05-27 15:22:10,746] 49 root - INFO - Started Regular Expression mapping
[ 2026-05-27 15:22:10,747] 174 root - INFO - Data transformation complete
[ 2026-05-27 15:22:10,747] 49 root - INFO - Started Regular Expression mapping
[ 2026-05-27 15:22:10,747] 174 root - INFO - Data transformation complete
[ 2026-05-27 15:22:10,747] 49 root - INFO - Started Regular Expression mapping
[ 2026-05-27 15:22:10,747] 174 root - INFO - Data transformation complete
[ 2026-05-27 15:22:10,748] 49 root - INFO - Started Regular Expression mapping
[ 2026-05-27 15:22:10,748] 174 root - INFO - Data transformation complete
[ 2026-05-27 15:22:10,748] 49 root - INFO - Started Regular Expression mapping
[ 2026-05-27 15:22:10,748] 174 root - INFO - Data transformation complete
[ 2026-05-27 15:22:10,748] 49 root - INFO - Started Regular Expression mapping
[ 2026-05-27 15:22:10,749] 174 root - INFO - Data transformation complete
[ 2026-05-27 15:22:10,749] 49 root - INFO - Started Regular Expression mapping
[ 2026-05-27 15:22:10,749] 174 root - INFO - Data transformation complete
[ 2026-05-27 15:22:10,749] 49 root - INFO - Started Regular Expression mapping
[ 2026-05-27 15:22:10,749] 25 root - INFO - Match heuristic business names to paybill payments
[ 2026-05-27 15:22:10,749] 174 root - INFO - Data transformation complete
[ 2026-05-27 15:22:10,750] 49 root - INFO - Started Regular Expression mapping
[ 2026-05-27 15:22:10,750] 174 root - INFO - Data transformation complete
[ 2026-05-27 15:22:10,750] 49 root - INFO - Started Regular Expression mapping
[ 2026-05-27 15:22:10,750] 174 root - INFO - Data transformation complete
[ 2026-05-27 15:22:10,750] 49 root - INFO - Started Regular Expression mapping
[ 2026-05-27 15:22:10,751] 174 root - INFO - Data transformation complete
[ 2026-05-27 15:22:10,751] 49 root - INFO - Started Regular Expression mapping
[ 2026-05-27 15:22:10,751] 174 root - INFO - Data transformation complete
[ 2026-05-27 15:22:10,751] 49 root - INFO - Started Regular Expression mapping
[ 2026-05-27 15:22:10,751] 174 root - INFO - Data transformation complete
[ 2026-05-27 15:22:10,751] 49 root - INFO - Started Regular Expression mapping
[ 2026-05-27 15:22:10,752] 174 root - INFO - Data transformation complete
[ 2026-05-27 15:22:10,752] 49 root - INFO - Started Regular Expression mapping
[ 2026-05-27 15:22:10,752] 174 root - INFO - Data transformation complete
[ 2026-05-27 15:22:10,752] 49 root - INFO - Started Regular Expression mapping
[ 2026-05-27 15:22:10,752] 174 root - INFO - Data transformation complete
[ 2026-05-27 15:22:10,753] 49 root - INFO - Started Regular Expression mapping
[ 2026-05-27 15:22:10,753] 174 root - INFO - Data transformation complete
[ 2026-05-27 15:22:10,753] 49 root - INFO - Started Regular Expression mapping
[ 2026-05-27 15:22:10,753] 174 root - INFO - Data transformation complete
[ 2026-05-27 15:22:10,753] 49 root - INFO - Started Regular Expression mapping
[ 2026-05-27 15:22:10,754] 174 root - INFO - Data transformation complete
[ 2026-05-27 15:22:10,754] 49 root - INFO - Started Regular Expression mapping
[ 2026-05-27 15:22:10,754] 174 root - INFO - Data transformation complete
[ 2026-05-27 15:22:10,754] 49 root - INFO - Started Regular Expression mapping
[ 2026-05-27 15:22:10,754] 174 root - INFO - Data transformation complete
[ 2026-05-27 15:22:10,754] 49 root - INFO - Started Regular Expression mapping
[ 2026-05-27 15:22:10,755] 174 root - INFO - Data transformation complete
[ 2026-05-27 15:22:10,755] 49 root - INFO - Started Regular Expression mapping
[ 2026-05-27 15:22:10,755] 174 root - INFO - Data transformation complete
[ 2026-05-27 15:22:10,755] 49 root - INFO - Started Regular Expression mapping
[ 2026-05-27 15:22:10,755] 174 root - INFO - Data transformation complete
[ 2026-05-27 15:22:10,756] 49 root - INFO - Started Regular Expression mapping
[ 2026-05-27 15:22:10,756] 174 root - INFO - Data transformation complete
[ 2026-05-27 15:22:10,756] 49 root - INFO - Started Regular Expression mapping
[ 2026-05-27 15:22:10,756] 174 root - INFO - Data transformation complete
[ 2026-05-27 15:22:10,756] 49 root - INFO - Started Regular Expression mapping
[ 2026-05-27 15:22:10,757] 174 root - INFO - Data transformation complete
[ 2026-05-27 15:22:10,757] 49 root - INFO - Started Regular Expression mapping
[ 2026-05-27 15:22:10,757] 174 root - INFO - Data transformation complete
[ 2026-05-27 15:22:10,757] 49 root - INFO - Started Regular Expression mapping
[ 2026-05-27 15:22:10,757] 25 root - INFO - Match heuristic business names to paybill payments
[ 2026-05-27 15:22:10,757] 174 root - INFO - Data transformation complete
[ 2026-05-27 15:22:10,758] 49 root - INFO - Started Regular Expression mapping
[ 2026-05-27 15:22:10,758] 174 root - INFO - Data transformation complete
[ 2026-05-27 15:22:10,758] 49 root - INFO - Started Regular Expression mapping
[ 2026-05-27 15:22:10,759] 174 root - INFO - Data transformation complete
[ 2026-05-27 15:22:10,759] 49 root - INFO - Started Regular Expression mapping
[ 2026-05-27 15:22:10,759] 174 root - INFO - Data transformation complete
[ 2026-05-27 15:22:10,759] 49 root - INFO - Started Regular Expression mapping
[ 2026-05-27 15:22:10,759] 174 root - INFO - Data transformation complete
[ 2026-05-27 15:22:10,759] 49 root - INFO - Started Regular Expression mapping
[ 2026-05-27 15:22:10,760] 174 root - INFO - Data transformation complete
[ 2026-05-27 15:22:10,760] 49 root - INFO - Started Regular Expression mapping
[ 2026-05-27 15:22:10,760] 174 root - INFO - Data transformation complete
[ 2026-05-27 15:22:10,760] 49 root - INFO - Started Regular Expression mapping
[ 2026-05-27 15:22:10,761] 174 root - INFO - Data transformation complete
[ 2026-05-27 15:22:10,761] 49 root - INFO - Started Regular Expression mapping
[ 2026-05-27 15:22:10,761] 174 root - INFO - Data transformation complete
[ 2026-05-27 15:22:10,761] 49 root - INFO - Started Regular Expression mapping
[ 2026-05-27 15:22:10,761] 25 root - INFO - Match heuristic business names to paybill payments
[ 2026-05-27 15:22:10,761] 174 root - INFO - Data transformation complete
[ 2026-05-27 15:22:10,762] 49 root - INFO - Started Regular Expression mapping
[ 2026-05-27 15:22:10,762] 174 root - INFO - Data transformation complete
[ 2026-05-27 15:22:10,762] 49 root - INFO - Started Regular Expression mapping
[ 2026-05-27 15:22:10,762] 174 root - INFO - Data transformation complete
[ 2026-05-27 15:22:10,762] 49 root - INFO - Started Regular Expression mapping
[ 2026-05-27 15:22:10,763] 174 root - INFO - Data transformation complete
[ 2026-05-27 15:22:10,763] 49 root - INFO - Started Regular Expression mapping
[ 2026-05-27 15:22:10,763] 174 root - INFO - Data transformation complete
[ 2026-05-27 15:22:10,763] 49 root - INFO - Started Regular Expression mapping
[ 2026-05-27 15:22:10,763] 174 root - INFO - Data transformation complete
[ 2026-05-27 15:22:10,764] 49 root - INFO - Started Regular Expression mapping
[ 2026-05-27 15:22:10,764] 174 root - INFO - Data transformation complete
[ 2026-05-27 15:22:10,764] 49 root - INFO - Started Regular Expression mapping
[ 2026-05-27 15:22:10,764] 174 root - INFO - Data transformation complete
[ 2026-05-27 15:22:10,764] 49 root - INFO - Started Regular Expression mapping
[ 2026-05-27 15:22:10,764] 174 root - INFO - Data transformation complete
[ 2026-05-27 15:22:10,765] 49 root - INFO - Started Regular Expression mapping
[ 2026-05-27 15:22:10,765] 174 root - INFO - Data transformation complete
[ 2026-05-27 15:22:10,765] 49 root - INFO - Started Regular Expression mapping
[ 2026-05-27 15:22:10,765] 174 root - INFO - Data transformation complete
[ 2026-05-27 15:22:10,765] 49 root - INFO - Started Regular Expression mapping
[ 2026-05-27 15:22:10,766] 174 root - INFO - Data transformation complete
[ 2026-05-27 15:22:10,766] 49 root - INFO - Started Regular Expression mapping
[ 2026-05-27 15:22:10,766] 174 root - INFO - Data transformation complete
[ 2026-05-27 15:22:10,766] 49 root - INFO - Started Regular Expression mapping
[ 2026-05-27 15:22:10,766] 174 root - INFO - Data transformation complete
[ 2026-05-27 15:22:10,766] 49 root - INFO - Started Regular Expression mapping
[ 2026-05-27 15:22:10,767] 174 root - INFO - Data transformation complete
[ 2026-05-27 15:22:10,767] 49 root - INFO - Started Regular Expression mapping
[ 2026-05-27 15:22:10,767] 174 root - INFO - Data transformation complete
[ 2026-05-27 15:22:10,767] 49 root - INFO - Started Regular Expression mapping
[ 2026-05-27 15:22:10,767] 174 root - INFO - Data transformation complete
[ 2026-05-27 15:22:10,768] 49 root - INFO - Started Regular Expression mapping
[ 2026-05-27 15:22:10,768] 174 root - INFO - Data transformation complete
[ 2026-05-27 15:22:10,768] 49 root - INFO - Started Regular Expression mapping
[ 2026-05-27 15:22:10,768] 174 root - INFO - Data transformation complete
[ 2026-05-27 15:22:10,768] 49 root - INFO - Started Regular Expression mapping
[ 2026-05-27 15:22:10,769] 174 root - INFO - Data transformation complete
[ 2026-05-27 15:22:10,769] 49 root - INFO - Started Regular Expression mapping
[ 2026-05-27 15:22:10,769] 25 root - INFO - Match heuristic business names to paybill payments
[ 2026-05-27 15:22:10,769] 174 root - INFO - Data transformation complete
[ 2026-05-27 15:22:10,769] 49 root - INFO - Started Regular Expression mapping
[ 2026-05-27 15:22:10,770] 174 root - INFO - Data transformation complete
[ 2026-05-27 15:22:10,770] 49 root - INFO - Started Regular Expression mapping
[ 2026-05-27 15:22:10,770] 174 root - INFO - Data transformation complete
[ 2026-05-27 15:22:10,770] 49 root - INFO - Started Regular Expression mapping
[ 2026-05-27 15:22:10,770] 174 root - INFO - Data transformation complete
[ 2026-05-27 15:22:10,770] 49 root - INFO - Started Regular Expression mapping
[ 2026-05-27 15:22:10,771] 174 root - INFO - Data transformation complete
[ 2026-05-27 15:22:10,771] 49 root - INFO - Started Regular Expression mapping
[ 2026-05-27 15:22:10,771] 174 root - INFO - Data transformation complete
[ 2026-05-27 15:22:10,771] 49 root - INFO - Started Regular Expression mapping
[ 2026-05-27 15:22:10,771] 174 root - INFO - Data transformation complete
[ 2026-05-27 15:22:10,772] 49 root - INFO - Started Regular Expression mapping
[ 2026-05-27 15:22:10,772] 174 root - INFO - Data transformation complete
[ 2026-05-27 15:22:10,772] 49 root - INFO - Started Regular Expression mapping
[ 2026-05-27 15:22:10,772] 174 root - INFO - Data transformation complete
[ 2026-05-27 15:22:10,772] 49 root - INFO - Started Regular Expression mapping
[ 2026-05-27 15:22:10,773] 174 root - INFO - Data transformation complete
[ 2026-05-27 15:22:10,773] 49 root - INFO - Started Regular Expression mapping
[ 2026-05-27 15:22:10,773] 174 root - INFO - Data transformation complete
[ 2026-05-27 15:22:10,773] 49 root - INFO - Started Regular Expression mapping
[ 2026-05-27 15:22:10,773] 174 root - INFO - Data transformation complete
[ 2026-05-27 15:22:10,773] 49 root - INFO - Started Regular Expression mapping
[ 2026-05-27 15:22:10,774] 174 root - INFO - Data transformation complete
[ 2026-05-27 15:22:10,774] 49 root - INFO - Started Regular Expression mapping
[ 2026-05-27 15:22:10,774] 174 root - INFO - Data transformation complete
[ 2026-05-27 15:22:10,774] 49 root - INFO - Started Regular Expression mapping
[ 2026-05-27 15:22:10,775] 174 root - INFO - Data transformation complete
[ 2026-05-27 15:22:10,775] 49 root - INFO - Started Regular Expression mapping
[ 2026-05-27 15:22:10,775] 174 root - INFO - Data transformation complete
[ 2026-05-27 15:22:10,775] 49 root - INFO - Started Regular Expression mapping
[ 2026-05-27 15:22:10,775] 174 root - INFO - Data transformation complete
[ 2026-05-27 15:22:10,775] 49 root - INFO - Started Regular Expression mapping
[ 2026-05-27 15:22:10,776] 25 root - INFO - Match heuristic business names to paybill payments
[ 2026-05-27 15:22:10,776] 174 root - INFO - Data transformation complete
[ 2026-05-27 15:22:10,776] 49 root - INFO - Started Regular Expression mapping
[ 2026-05-27 15:22:10,776] 174 root - INFO - Data transformation complete
[ 2026-05-27 15:22:10,776] 49 root - INFO - Started Regular Expression mapping
[ 2026-05-27 15:22:10,777] 174 root - INFO - Data transformation complete
[ 2026-05-27 15:22:10,777] 49 root - INFO - Started Regular Expression mapping
[ 2026-05-27 15:22:10,777] 174 root - INFO - Data transformation complete
[ 2026-05-27 15:22:10,777] 49 root - INFO - Started Regular Expression mapping
[ 2026-05-27 15:22:10,777] 174 root - INFO - Data transformation complete
[ 2026-05-27 15:22:10,778] 49 root - INFO - Started Regular Expression mapping
[ 2026-05-27 15:22:10,778] 174 root - INFO - Data transformation complete
[ 2026-05-27 15:22:10,778] 49 root - INFO - Started Regular Expression mapping
[ 2026-05-27 15:22:10,778] 174 root - INFO - Data transformation complete
[ 2026-05-27 15:22:10,778] 49 root - INFO - Started Regular Expression mapping
[ 2026-05-27 15:22:10,779] 174 root - INFO - Data transformation complete
[ 2026-05-27 15:22:10,779] 49 root - INFO - Started Regular Expression mapping
[ 2026-05-27 15:22:10,779] 174 root - INFO - Data transformation complete
[ 2026-05-27 15:22:10,779] 49 root - INFO - Started Regular Expression mapping
[ 2026-05-27 15:22:10,779] 25 root - INFO - Match heuristic business names to paybill payments
[ 2026-05-27 15:22:10,779] 174 root - INFO - Data transformation complete
[ 2026-05-27 15:22:10,780] 49 root - INFO - Started Regular Expression mapping
[ 2026-05-27 15:22:10,780] 174 root - INFO - Data transformation complete
[ 2026-05-27 15:22:10,780] 49 root - INFO - Started Regular Expression mapping
[ 2026-05-27 15:22:10,780] 174 root - INFO - Data transformation complete
[ 2026-05-27 15:22:10,780] 49 root - INFO - Started Regular Expression mapping
[ 2026-05-27 15:22:10,781] 174 root - INFO - Data transformation complete
[ 2026-05-27 15:22:10,781] 49 root - INFO - Started Regular Expression mapping
[ 2026-05-27 15:22:10,781] 174 root - INFO - Data transformation complete
[ 2026-05-27 15:22:10,781] 49 root - INFO - Started Regular Expression mapping
[ 2026-05-27 15:22:10,781] 174 root - INFO - Data transformation complete
[ 2026-05-27 15:22:10,781] 49 root - INFO - Started Regular Expression mapping
[ 2026-05-27 15:22:10,782] 174 root - INFO - Data transformation complete
[ 2026-05-27 15:22:10,782] 49 root - INFO - Started Regular Expression mapping
[ 2026-05-27 15:22:10,782] 174 root - INFO - Data transformation complete
[ 2026-05-27 15:22:10,782] 49 root - INFO - Started Regular Expression mapping
[ 2026-05-27 15:22:10,782] 174 root - INFO - Data transformation complete
[ 2026-05-27 15:22:10,783] 49 root - INFO - Started Regular Expression mapping
[ 2026-05-27 15:22:10,783] 174 root - INFO - Data transformation complete
[ 2026-05-27 15:22:10,783] 49 root - INFO - Started Regular Expression mapping
[ 2026-05-27 15:22:10,783] 174 root - INFO - Data transformation complete
[ 2026-05-27 15:22:10,783] 49 root - INFO - Started Regular Expression mapping
[ 2026-05-27 15:22:10,783] 174 root - INFO - Data transformation complete
[ 2026-05-27 15:22:10,784] 49 root - INFO - Started Regular Expression mapping
[ 2026-05-27 15:22:10,784] 174 root - INFO - Data transformation complete
[ 2026-05-27 15:22:10,784] 49 root - INFO - Started Regular Expression mapping
[ 2026-05-27 15:22:10,784] 174 root - INFO - Data transformation complete
[ 2026-05-27 15:22:10,784] 49 root - INFO - Started Regular Expression mapping
[ 2026-05-27 15:22:10,785] 174 root - INFO - Data transformation complete
[ 2026-05-27 15:22:10,785] 49 root - INFO - Started Regular Expression mapping
[ 2026-05-27 15:22:10,785] 174 root - INFO - Data transformation complete
[ 2026-05-27 15:22:10,785] 49 root - INFO - Started Regular Expression mapping
[ 2026-05-27 15:22:10,785] 174 root - INFO - Data transformation complete
[ 2026-05-27 15:22:10,785] 49 root - INFO - Started Regular Expression mapping
[ 2026-05-27 15:22:10,786] 174 root - INFO - Data transformation complete
[ 2026-05-27 15:22:10,786] 49 root - INFO - Started Regular Expression mapping
[ 2026-05-27 15:22:10,786] 174 root - INFO - Data transformation complete
[ 2026-05-27 15:22:10,786] 49 root - INFO - Started Regular Expression mapping
[ 2026-05-27 15:22:10,786] 174 root - INFO - Data transformation complete
[ 2026-05-27 15:22:10,787] 49 root - INFO - Started Regular Expression mapping
[ 2026-05-27 15:22:10,787] 174 root - INFO - Data transformation complete
[ 2026-05-27 15:22:10,787] 49 root - INFO - Started Regular Expression mapping
[ 2026-05-27 15:22:10,787] 25 root - INFO - Match heuristic business names to paybill payments
[ 2026-05-27 15:22:10,787] 174 root - INFO - Data transformation complete
[ 2026-05-27 15:22:10,788] 49 root - INFO - Started Regular Expression mapping
[ 2026-05-27 15:22:10,788] 174 root - INFO - Data transformation complete
[ 2026-05-27 15:22:10,788] 49 root - INFO - Started Regular Expression mapping
[ 2026-05-27 15:22:10,788] 174 root - INFO - Data transformation complete
[ 2026-05-27 15:22:10,788] 49 root - INFO - Started Regular Expression mapping
[ 2026-05-27 15:22:10,789] 174 root - INFO - Data transformation complete
[ 2026-05-27 15:22:10,789] 49 root - INFO - Started Regular Expression mapping
[ 2026-05-27 15:22:10,789] 174 root - INFO - Data transformation complete
[ 2026-05-27 15:22:10,789] 49 root - INFO - Started Regular Expression mapping
[ 2026-05-27 15:22:10,789] 174 root - INFO - Data transformation complete
[ 2026-05-27 15:22:10,789] 49 root - INFO - Started Regular Expression mapping
[ 2026-05-27 15:22:10,790] 174 root - INFO - Data transformation complete
[ 2026-05-27 15:22:10,790] 49 root - INFO - Started Regular Expression mapping
[ 2026-05-27 15:22:10,790] 174 root - INFO - Data transformation complete
[ 2026-05-27 15:22:10,790] 49 root - INFO - Started Regular Expression mapping
[ 2026-05-27 15:22:10,790] 174 root - INFO - Data transformation complete
[ 2026-05-27 15:22:10,791] 49 root - INFO - Started Regular Expression mapping
[ 2026-05-27 15:22:10,791] 174 root - INFO - Data transformation complete
[ 2026-05-27 15:22:10,791] 49 root - INFO - Started Regular Expression mapping
[ 2026-05-27 15:22:10,791] 174 root - INFO - Data transformation complete
[ 2026-05-27 15:22:10,791] 49 root - INFO - Started Regular Expression mapping
[ 2026-05-27 15:22:10,792] 174 root - INFO - Data transformation complete
[ 2026-05-27 15:22:10,792] 49 root - INFO - Started Regular Expression mapping
[ 2026-05-27 15:22:10,792] 174 root - INFO - Data transformation complete
[ 2026-05-27 15:22:10,792] 49 root - INFO - Started Regular Expression mapping
[ 2026-05-27 15:22:10,792] 174 root - INFO - Data transformation complete
[ 2026-05-27 15:22:10,793] 49 root - INFO - Started Regular Expression mapping
[ 2026-05-27 15:22:10,793] 174 root - INFO - Data transformation complete
[ 2026-05-27 15:22:10,793] 49 root - INFO - Started Regular Expression mapping
[ 2026-05-27 15:22:10,793] 174 root - INFO - Data transformation complete
[ 2026-05-27 15:22:10,793] 49 root - INFO - Started Regular Expression mapping
[ 2026-05-27 15:22:10,794] 174 root - INFO - Data transformation complete
[ 2026-05-27 15:22:10,794] 49 root - INFO - Started Regular Expression mapping
[ 2026-05-27 15:22:10,794] 174 root - INFO - Data transformation complete
[ 2026-05-27 15:22:10,794] 49 root - INFO - Started Regular Expression mapping
[ 2026-05-27 15:22:10,794] 25 root - INFO - Match heuristic business names to paybill payments
[ 2026-05-27 15:22:10,794] 174 root - INFO - Data transformation complete
[ 2026-05-27 15:22:10,795] 49 root - INFO - Started Regular Expression mapping
[ 2026-05-27 15:22:10,795] 174 root - INFO - Data transformation complete
[ 2026-05-27 15:22:10,795] 49 root - INFO - Started Regular Expression mapping
[ 2026-05-27 15:22:10,795] 174 root - INFO - Data transformation complete
[ 2026-05-27 15:22:10,795] 49 root - INFO - Started Regular Expression mapping
[ 2026-05-27 15:22:10,795] 25 root - INFO - Match heuristic business names to paybill payments
[ 2026-05-27 15:22:10,795] 174 root - INFO - Data transformation complete
[ 2026-05-27 15:22:10,796] 49 root - INFO - Started Regular Expression mapping
[ 2026-05-27 15:22:10,796] 174 root - INFO - Data transformation complete
[ 2026-05-27 15:22:10,796] 49 root - INFO - Started Regular Expression mapping
[ 2026-05-27 15:22:10,796] 174 root - INFO - Data transformation complete
[ 2026-05-27 15:22:10,796] 49 root - INFO - Started Regular Expression mapping
[ 2026-05-27 15:22:10,796] 174 root - INFO - Data transformation complete
[ 2026-05-27 15:22:10,796] 49 root - INFO - Started Regular Expression mapping
[ 2026-05-27 15:22:10,797] 174 root - INFO - Data transformation complete
[ 2026-05-27 15:22:10,797] 49 root - INFO - Started Regular Expression mapping
[ 2026-05-27 15:22:10,797] 174 root - INFO - Data transformation complete
[ 2026-05-27 15:22:10,797] 49 root - INFO - Started Regular Expression mapping
[ 2026-05-27 15:22:10,797] 174 root - INFO - Data transformation complete
[ 2026-05-27 15:22:10,797] 49 root - INFO - Started Regular Expression mapping
[ 2026-05-27 15:22:10,798] 174 root - INFO - Data transformation complete
[ 2026-05-27 15:22:10,798] 49 root - INFO - Started Regular Expression mapping
[ 2026-05-27 15:22:10,798] 174 root - INFO - Data transformation complete
[ 2026-05-27 15:22:10,798] 49 root - INFO - Started Regular Expression mapping
[ 2026-05-27 15:22:10,798] 174 root - INFO - Data transformation complete
[ 2026-05-27 15:22:10,798] 49 root - INFO - Started Regular Expression mapping
[ 2026-05-27 15:22:10,798] 174 root - INFO - Data transformation complete
[ 2026-05-27 15:22:10,799] 49 root - INFO - Started Regular Expression mapping
[ 2026-05-27 15:22:10,799] 174 root - INFO - Data transformation complete
[ 2026-05-27 15:22:10,799] 49 root - INFO - Started Regular Expression mapping
[ 2026-05-27 15:22:10,799] 174 root - INFO - Data transformation complete
[ 2026-05-27 15:22:10,799] 49 root - INFO - Started Regular Expression mapping
[ 2026-05-27 15:22:10,799] 174 root - INFO - Data transformation complete
[ 2026-05-27 15:22:10,799] 49 root - INFO - Started Regular Expression mapping
[ 2026-05-27 15:22:10,800] 174 root - INFO - Data transformation complete
[ 2026-05-27 15:22:10,800] 49 root - INFO - Started Regular Expression mapping
[ 2026-05-27 15:22:10,800] 174 root - INFO - Data transformation complete
[ 2026-05-27 15:22:10,800] 49 root - INFO - Started Regular Expression mapping
[ 2026-05-27 15:22:10,800] 174 root - INFO - Data transformation complete
[ 2026-05-27 15:22:10,800] 49 root - INFO - Started Regular Expression mapping
[ 2026-05-27 15:22:10,801] 174 root - INFO - Data transformation complete
[ 2026-05-27 15:22:10,801] 49 root - INFO - Started Regular Expression mapping
[ 2026-05-27 15:22:10,801] 174 root - INFO - Data transformation complete
[ 2026-05-27 15:22:10,801] 49 root - INFO - Started Regular Expression mapping
[ 2026-05-27 15:22:10,801] 174 root - INFO - Data transformation complete
[ 2026-05-27 15:22:10,801] 49 root - INFO - Started Regular Expression mapping
[ 2026-05-27 15:22:10,801] 174 root - INFO - Data transformation complete
[ 2026-05-27 15:22:10,802] 49 root - INFO - Started Regular Expression mapping
[ 2026-05-27 15:22:10,802] 174 root - INFO - Data transformation complete
[ 2026-05-27 15:22:10,802] 49 root - INFO - Started Regular Expression mapping
[ 2026-05-27 15:22:10,802] 174 root - INFO - Data transformation complete
[ 2026-05-27 15:22:10,802] 49 root - INFO - Started Regular Expression mapping
[ 2026-05-27 15:22:10,802] 174 root - INFO - Data transformation complete
[ 2026-05-27 15:22:10,802] 49 root - INFO - Started Regular Expression mapping
[ 2026-05-27 15:22:10,803] 174 root - INFO - Data transformation complete
[ 2026-05-27 15:22:10,803] 49 root - INFO - Started Regular Expression mapping
[ 2026-05-27 15:22:10,803] 174 root - INFO - Data transformation complete
[ 2026-05-27 15:22:10,803] 49 root - INFO - Started Regular Expression mapping
[ 2026-05-27 15:22:10,803] 174 root - INFO - Data transformation complete
[ 2026-05-27 15:22:10,803] 49 root - INFO - Started Regular Expression mapping
[ 2026-05-27 15:22:10,804] 174 root - INFO - Data transformation complete
[ 2026-05-27 15:22:10,804] 49 root - INFO - Started Regular Expression mapping
[ 2026-05-27 15:22:10,805] 174 root - INFO - Data transformation complete
[ 2026-05-27 15:22:10,805] 49 root - INFO - Started Regular Expression mapping
[ 2026-05-27 15:22:10,805] 25 root - INFO - Match heuristic business names to paybill payments
[ 2026-05-27 15:22:10,805] 174 root - INFO - Data transformation complete
[ 2026-05-27 15:22:10,805] 49 root - INFO - Started Regular Expression mapping
[ 2026-05-27 15:22:10,806] 174 root - INFO - Data transformation complete
[ 2026-05-27 15:22:10,806] 49 root - INFO - Started Regular Expression mapping
[ 2026-05-27 15:22:10,806] 174 root - INFO - Data transformation complete
[ 2026-05-27 15:22:10,806] 49 root - INFO - Started Regular Expression mapping
[ 2026-05-27 15:22:10,807] 174 root - INFO - Data transformation complete
[ 2026-05-27 15:22:10,807] 49 root - INFO - Started Regular Expression mapping
[ 2026-05-27 15:22:10,807] 174 root - INFO - Data transformation complete
[ 2026-05-27 15:22:10,807] 49 root - INFO - Started Regular Expression mapping
[ 2026-05-27 15:22:10,807] 174 root - INFO - Data transformation complete
[ 2026-05-27 15:22:10,807] 49 root - INFO - Started Regular Expression mapping
[ 2026-05-27 15:22:10,807] 174 root - INFO - Data transformation complete
[ 2026-05-27 15:22:10,807] 49 root - INFO - Started Regular Expression mapping
[ 2026-05-27 15:22:10,808] 174 root - INFO - Data transformation complete
[ 2026-05-27 15:22:10,808] 49 root - INFO - Started Regular Expression mapping
[ 2026-05-27 15:22:10,808] 174 root - INFO - Data transformation complete
[ 2026-05-27 15:22:10,808] 49 root - INFO - Started Regular Expression mapping
[ 2026-05-27 15:22:10,809] 174 root - INFO - Data transformation complete
[ 2026-05-27 15:22:10,809] 49 root - INFO - Started Regular Expression mapping
[ 2026-05-27 15:22:10,809] 174 root - INFO - Data transformation complete
[ 2026-05-27 15:22:10,809] 49 root - INFO - Started Regular Expression mapping
[ 2026-05-27 15:22:10,809] 174 root - INFO - Data transformation complete
[ 2026-05-27 15:22:10,809] 49 root - INFO - Started Regular Expression mapping
[ 2026-05-27 15:22:10,810] 174 root - INFO - Data transformation complete
[ 2026-05-27 15:22:10,810] 49 root - INFO - Started Regular Expression mapping
[ 2026-05-27 15:22:10,810] 174 root - INFO - Data transformation complete
[ 2026-05-27 15:22:10,810] 49 root - INFO - Started Regular Expression mapping
[ 2026-05-27 15:22:10,810] 174 root - INFO - Data transformation complete
[ 2026-05-27 15:22:10,810] 49 root - INFO - Started Regular Expression mapping
[ 2026-05-27 15:22:10,811] 174 root - INFO - Data transformation complete
[ 2026-05-27 15:22:10,811] 49 root - INFO - Started Regular Expression mapping
[ 2026-05-27 15:22:10,811] 174 root - INFO - Data transformation complete
[ 2026-05-27 15:22:10,811] 49 root - INFO - Started Regular Expression mapping
[ 2026-05-27 15:22:10,811] 174 root - INFO - Data transformation complete
[ 2026-05-27 15:22:10,811] 49 root - INFO - Started Regular Expression mapping
[ 2026-05-27 15:22:10,812] 174 root - INFO - Data transformation complete
[ 2026-05-27 15:22:10,812] 49 root - INFO - Started Regular Expression mapping
[ 2026-05-27 15:22:10,812] 174 root - INFO - Data transformation complete
[ 2026-05-27 15:22:10,812] 49 root - INFO - Started Regular Expression mapping
[ 2026-05-27 15:22:10,812] 174 root - INFO - Data transformation complete
[ 2026-05-27 15:22:10,812] 49 root - INFO - Started Regular Expression mapping
[ 2026-05-27 15:22:10,812] 174 root - INFO - Data transformation complete
[ 2026-05-27 15:22:10,813] 49 root - INFO - Started Regular Expression mapping
[ 2026-05-27 15:22:10,813] 174 root - INFO - Data transformation complete
[ 2026-05-27 15:22:10,813] 49 root - INFO - Started Regular Expression mapping
[ 2026-05-27 15:22:10,813] 174 root - INFO - Data transformation complete
[ 2026-05-27 15:22:10,813] 49 root - INFO - Started Regular Expression mapping
[ 2026-05-27 15:22:10,813] 174 root - INFO - Data transformation complete
[ 2026-05-27 15:22:10,813] 49 root - INFO - Started Regular Expression mapping
[ 2026-05-27 15:22:10,814] 174 root - INFO - Data transformation complete
[ 2026-05-27 15:22:10,814] 49 root - INFO - Started Regular Expression mapping
[ 2026-05-27 15:22:10,814] 174 root - INFO - Data transformation complete
[ 2026-05-27 15:22:10,814] 49 root - INFO - Started Regular Expression mapping
[ 2026-05-27 15:22:10,814] 174 root - INFO - Data transformation complete
[ 2026-05-27 15:22:10,814] 49 root - INFO - Started Regular Expression mapping
[ 2026-05-27 15:22:10,815] 174 root - INFO - Data transformation complete
[ 2026-05-27 15:22:10,815] 49 root - INFO - Started Regular Expression mapping
[ 2026-05-27 15:22:10,815] 174 root - INFO - Data transformation complete
[ 2026-05-27 15:22:10,815] 49 root - INFO - Started Regular Expression mapping
[ 2026-05-27 15:22:10,815] 174 root - INFO - Data transformation complete
[ 2026-05-27 15:22:10,815] 49 root - INFO - Started Regular Expression mapping
[ 2026-05-27 15:22:10,815] 174 root - INFO - Data transformation complete
[ 2026-05-27 15:22:10,816] 49 root - INFO - Started Regular Expression mapping
[ 2026-05-27 15:22:10,816] 174 root - INFO - Data transformation complete
[ 2026-05-27 15:22:10,816] 49 root - INFO - Started Regular Expression mapping
[ 2026-05-27 15:22:10,816] 174 root - INFO - Data transformation complete
[ 2026-05-27 15:22:10,816] 49 root - INFO - Started Regular Expression mapping
[ 2026-05-27 15:22:10,816] 174 root - INFO - Data transformation complete
[ 2026-05-27 15:22:10,817] 49 root - INFO - Started Regular Expression mapping
[ 2026-05-27 15:22:10,817] 174 root - INFO - Data transformation complete
[ 2026-05-27 15:22:10,817] 49 root - INFO - Started Regular Expression mapping
[ 2026-05-27 15:22:10,817] 174 root - INFO - Data transformation complete
[ 2026-05-27 15:22:10,817] 49 root - INFO - Started Regular Expression mapping
[ 2026-05-27 15:22:10,817] 174 root - INFO - Data transformation complete
[ 2026-05-27 15:22:10,817] 49 root - INFO - Started Regular Expression mapping
[ 2026-05-27 15:22:10,818] 174 root - INFO - Data transformation complete
[ 2026-05-27 15:22:10,818] 49 root - INFO - Started Regular Expression mapping
[ 2026-05-27 15:22:10,818] 174 root - INFO - Data transformation complete
[ 2026-05-27 15:22:10,818] 49 root - INFO - Started Regular Expression mapping
[ 2026-05-27 15:22:10,818] 174 root - INFO - Data transformation complete
[ 2026-05-27 15:22:10,818] 49 root - INFO - Started Regular Expression mapping
[ 2026-05-27 15:22:10,819] 174 root - INFO - Data transformation complete
[ 2026-05-27 15:22:10,819] 49 root - INFO - Started Regular Expression mapping
[ 2026-05-27 15:22:10,819] 174 root - INFO - Data transformation complete
[ 2026-05-27 15:22:10,819] 49 root - INFO - Started Regular Expression mapping
[ 2026-05-27 15:22:10,819] 174 root - INFO - Data transformation complete
[ 2026-05-27 15:22:10,819] 49 root - INFO - Started Regular Expression mapping
[ 2026-05-27 15:22:10,819] 174 root - INFO - Data transformation complete
[ 2026-05-27 15:22:10,820] 49 root - INFO - Started Regular Expression mapping
[ 2026-05-27 15:22:10,820] 174 root - INFO - Data transformation complete
[ 2026-05-27 15:22:10,820] 49 root - INFO - Started Regular Expression mapping
[ 2026-05-27 15:22:10,821] 174 root - INFO - Data transformation complete
[ 2026-05-27 15:22:10,821] 49 root - INFO - Started Regular Expression mapping
[ 2026-05-27 15:22:10,821] 174 root - INFO - Data transformation complete
[ 2026-05-27 15:22:10,821] 49 root - INFO - Started Regular Expression mapping
[ 2026-05-27 15:22:10,822] 174 root - INFO - Data transformation complete
[ 2026-05-27 15:22:10,822] 49 root - INFO - Started Regular Expression mapping
[ 2026-05-27 15:22:10,822] 174 root - INFO - Data transformation complete
[ 2026-05-27 15:22:10,822] 49 root - INFO - Started Regular Expression mapping
[ 2026-05-27 15:22:10,822] 174 root - INFO - Data transformation complete
[ 2026-05-27 15:22:10,823] 49 root - INFO - Started Regular Expression mapping
[ 2026-05-27 15:22:10,823] 174 root - INFO - Data transformation complete
[ 2026-05-27 15:22:10,823] 49 root - INFO - Started Regular Expression mapping
[ 2026-05-27 15:22:10,823] 174 root - INFO - Data transformation complete
[ 2026-05-27 15:22:10,823] 49 root - INFO - Started Regular Expression mapping
[ 2026-05-27 15:22:10,823] 174 root - INFO - Data transformation complete
[ 2026-05-27 15:22:10,824] 49 root - INFO - Started Regular Expression mapping
[ 2026-05-27 15:22:10,824] 174 root - INFO - Data transformation complete
[ 2026-05-27 15:22:10,824] 49 root - INFO - Started Regular Expression mapping
[ 2026-05-27 15:22:10,824] 174 root - INFO - Data transformation complete
[ 2026-05-27 15:22:10,824] 49 root - INFO - Started Regular Expression mapping
[ 2026-05-27 15:22:10,824] 174 root - INFO - Data transformation complete
[ 2026-05-27 15:22:10,825] 49 root - INFO - Started Regular Expression mapping
[ 2026-05-27 15:22:10,825] 174 root - INFO - Data transformation complete
[ 2026-05-27 15:22:10,825] 49 root - INFO - Started Regular Expression mapping
[ 2026-05-27 15:22:10,825] 174 root - INFO - Data transformation complete
[ 2026-05-27 15:22:10,825] 49 root - INFO - Started Regular Expression mapping
[ 2026-05-27 15:22:10,826] 174 root - INFO - Data transformation complete
[ 2026-05-27 15:22:10,826] 49 root - INFO - Started Regular Expression mapping
[ 2026-05-27 15:22:10,826] 174 root - INFO - Data transformation complete
[ 2026-05-27 15:22:10,826] 49 root - INFO - Started Regular Expression mapping
[ 2026-05-27 15:22:10,826] 174 root - INFO - Data transformation complete
[ 2026-05-27 15:22:10,827] 49 root - INFO - Started Regular Expression mapping
[ 2026-05-27 15:22:10,827] 174 root - INFO - Data transformation complete
[ 2026-05-27 15:22:10,827] 49 root - INFO - Started Regular Expression mapping
[ 2026-05-27 15:22:10,827] 174 root - INFO - Data transformation complete
[ 2026-05-27 15:22:10,827] 49 root - INFO - Started Regular Expression mapping
[ 2026-05-27 15:22:10,827] 174 root - INFO - Data transformation complete
[ 2026-05-27 15:22:10,827] 49 root - INFO - Started Regular Expression mapping
[ 2026-05-27 15:22:10,828] 174 root - INFO - Data transformation complete
[ 2026-05-27 15:22:10,828] 49 root - INFO - Started Regular Expression mapping
[ 2026-05-27 15:22:10,828] 174 root - INFO - Data transformation complete
[ 2026-05-27 15:22:10,828] 49 root - INFO - Started Regular Expression mapping
[ 2026-05-27 15:22:10,828] 174 root - INFO - Data transformation complete
[ 2026-05-27 15:22:10,828] 49 root - INFO - Started Regular Expression mapping
[ 2026-05-27 15:22:10,829] 174 root - INFO - Data transformation complete
[ 2026-05-27 15:22:10,829] 49 root - INFO - Started Regular Expression mapping
[ 2026-05-27 15:22:10,829] 174 root - INFO - Data transformation complete
[ 2026-05-27 15:22:10,829] 49 root - INFO - Started Regular Expression mapping
[ 2026-05-27 15:22:10,829] 174 root - INFO - Data transformation complete
[ 2026-05-27 15:22:10,829] 49 root - INFO - Started Regular Expression mapping
[ 2026-05-27 15:22:10,829] 174 root - INFO - Data transformation complete
[ 2026-05-27 15:22:10,830] 49 root - INFO - Started Regular Expression mapping
[ 2026-05-27 15:22:10,830] 174 root - INFO - Data transformation complete
[ 2026-05-27 15:22:10,830] 49 root - INFO - Started Regular Expression mapping
[ 2026-05-27 15:22:10,830] 174 root - INFO - Data transformation complete
[ 2026-05-27 15:22:10,830] 49 root - INFO - Started Regular Expression mapping
[ 2026-05-27 15:22:10,830] 174 root - INFO - Data transformation complete
[ 2026-05-27 15:22:10,830] 49 root - INFO - Started Regular Expression mapping
[ 2026-05-27 15:22:10,831] 25 root - INFO - Match heuristic business names to paybill payments
[ 2026-05-27 15:22:10,831] 174 root - INFO - Data transformation complete
[ 2026-05-27 15:22:10,831] 49 root - INFO - Started Regular Expression mapping
[ 2026-05-27 15:22:10,831] 174 root - INFO - Data transformation complete
[ 2026-05-27 15:22:10,831] 49 root - INFO - Started Regular Expression mapping
[ 2026-05-27 15:22:10,831] 174 root - INFO - Data transformation complete
[ 2026-05-27 15:22:10,831] 49 root - INFO - Started Regular Expression mapping
[ 2026-05-27 15:22:10,832] 174 root - INFO - Data transformation complete
[ 2026-05-27 15:22:10,832] 49 root - INFO - Started Regular Expression mapping
[ 2026-05-27 15:22:10,832] 174 root - INFO - Data transformation complete
[ 2026-05-27 15:22:10,832] 49 root - INFO - Started Regular Expression mapping
[ 2026-05-27 15:22:10,832] 174 root - INFO - Data transformation complete
[ 2026-05-27 15:22:10,832] 49 root - INFO - Started Regular Expression mapping
[ 2026-05-27 15:22:10,833] 174 root - INFO - Data transformation complete
[ 2026-05-27 15:22:10,833] 49 root - INFO - Started Regular Expression mapping
[ 2026-05-27 15:22:10,833] 174 root - INFO - Data transformation complete
[ 2026-05-27 15:22:10,833] 49 root - INFO - Started Regular Expression mapping
[ 2026-05-27 15:22:10,833] 174 root - INFO - Data transformation complete
[ 2026-05-27 15:22:10,833] 49 root - INFO - Started Regular Expression mapping
[ 2026-05-27 15:22:10,833] 174 root - INFO - Data transformation complete
[ 2026-05-27 15:22:10,834] 49 root - INFO - Started Regular Expression mapping
[ 2026-05-27 15:22:10,834] 174 root - INFO - Data transformation complete
[ 2026-05-27 15:22:10,834] 49 root - INFO - Started Regular Expression mapping
[ 2026-05-27 15:22:10,834] 174 root - INFO - Data transformation complete
[ 2026-05-27 15:22:10,834] 49 root - INFO - Started Regular Expression mapping
[ 2026-05-27 15:22:10,834] 174 root - INFO - Data transformation complete
[ 2026-05-27 15:22:10,835] 49 root - INFO - Started Regular Expression mapping
[ 2026-05-27 15:22:10,835] 174 root - INFO - Data transformation complete
[ 2026-05-27 15:22:10,835] 49 root - INFO - Started Regular Expression mapping
[ 2026-05-27 15:22:10,835] 174 root - INFO - Data transformation complete
[ 2026-05-27 15:22:10,835] 49 root - INFO - Started Regular Expression mapping
[ 2026-05-27 15:22:10,835] 174 root - INFO - Data transformation complete
[ 2026-05-27 15:22:10,836] 49 root - INFO - Started Regular Expression mapping
[ 2026-05-27 15:22:10,836] 174 root - INFO - Data transformation complete
[ 2026-05-27 15:22:10,836] 49 root - INFO - Started Regular Expression mapping
[ 2026-05-27 15:22:10,836] 25 root - INFO - Match heuristic business names to paybill payments
[ 2026-05-27 15:22:10,836] 174 root - INFO - Data transformation complete
[ 2026-05-27 15:22:10,836] 49 root - INFO - Started Regular Expression mapping
[ 2026-05-27 15:22:10,836] 25 root - INFO - Match heuristic business names to paybill payments
[ 2026-05-27 15:22:10,837] 174 root - INFO - Data transformation complete
[ 2026-05-27 15:22:10,837] 49 root - INFO - Started Regular Expression mapping
[ 2026-05-27 15:22:10,837] 174 root - INFO - Data transformation complete
[ 2026-05-27 15:22:10,837] 49 root - INFO - Started Regular Expression mapping
[ 2026-05-27 15:22:10,837] 174 root - INFO - Data transformation complete
[ 2026-05-27 15:22:10,837] 49 root - INFO - Started Regular Expression mapping
[ 2026-05-27 15:22:10,837] 174 root - INFO - Data transformation complete
[ 2026-05-27 15:22:10,838] 49 root - INFO - Started Regular Expression mapping
[ 2026-05-27 15:22:10,838] 174 root - INFO - Data transformation complete
[ 2026-05-27 15:22:10,838] 49 root - INFO - Started Regular Expression mapping
[ 2026-05-27 15:22:10,838] 174 root - INFO - Data transformation complete
[ 2026-05-27 15:22:10,838] 49 root - INFO - Started Regular Expression mapping
[ 2026-05-27 15:22:10,838] 174 root - INFO - Data transformation complete
[ 2026-05-27 15:22:10,839] 49 root - INFO - Started Regular Expression mapping
[ 2026-05-27 15:22:10,839] 25 root - INFO - Match heuristic business names to paybill payments
[ 2026-05-27 15:22:10,839] 174 root - INFO - Data transformation complete
[ 2026-05-27 15:22:10,839] 49 root - INFO - Started Regular Expression mapping
[ 2026-05-27 15:22:10,839] 174 root - INFO - Data transformation complete
[ 2026-05-27 15:22:10,839] 49 root - INFO - Started Regular Expression mapping
[ 2026-05-27 15:22:10,839] 174 root - INFO - Data transformation complete
[ 2026-05-27 15:22:10,840] 49 root - INFO - Started Regular Expression mapping
[ 2026-05-27 15:22:10,840] 174 root - INFO - Data transformation complete
[ 2026-05-27 15:22:10,840] 49 root - INFO - Started Regular Expression mapping
[ 2026-05-27 15:22:10,840] 174 root - INFO - Data transformation complete
[ 2026-05-27 15:22:10,840] 49 root - INFO - Started Regular Expression mapping
[ 2026-05-27 15:22:10,840] 174 root - INFO - Data transformation complete
[ 2026-05-27 15:22:10,840] 49 root - INFO - Started Regular Expression mapping
[ 2026-05-27 15:22:10,841] 174 root - INFO - Data transformation complete
[ 2026-05-27 15:22:10,841] 49 root - INFO - Started Regular Expression mapping
[ 2026-05-27 15:22:10,841] 174 root - INFO - Data transformation complete
[ 2026-05-27 15:22:10,841] 49 root - INFO - Started Regular Expression mapping
[ 2026-05-27 15:22:10,841] 174 root - INFO - Data transformation complete
[ 2026-05-27 15:22:10,841] 49 root - INFO - Started Regular Expression mapping
[ 2026-05-27 15:22:10,842] 174 root - INFO - Data transformation complete
[ 2026-05-27 15:22:10,842] 49 root - INFO - Started Regular Expression mapping
[ 2026-05-27 15:22:10,842] 174 root - INFO - Data transformation complete
[ 2026-05-27 15:22:10,842] 49 root - INFO - Started Regular Expression mapping
[ 2026-05-27 15:22:10,843] 174 root - INFO - Data transformation complete
[ 2026-05-27 15:22:10,843] 49 root - INFO - Started Regular Expression mapping
[ 2026-05-27 15:22:10,843] 174 root - INFO - Data transformation complete
[ 2026-05-27 15:22:10,843] 49 root - INFO - Started Regular Expression mapping
[ 2026-05-27 15:22:10,843] 174 root - INFO - Data transformation complete
[ 2026-05-27 15:22:10,843] 49 root - INFO - Started Regular Expression mapping
[ 2026-05-27 15:22:10,844] 174 root - INFO - Data transformation complete
[ 2026-05-27 15:22:10,844] 49 root - INFO - Started Regular Expression mapping
[ 2026-05-27 15:22:10,844] 174 root - INFO - Data transformation complete
[ 2026-05-27 15:22:10,844] 49 root - INFO - Started Regular Expression mapping
[ 2026-05-27 15:22:10,844] 174 root - INFO - Data transformation complete
[ 2026-05-27 15:22:10,844] 49 root - INFO - Started Regular Expression mapping
[ 2026-05-27 15:22:10,845] 174 root - INFO - Data transformation complete
[ 2026-05-27 15:22:10,845] 49 root - INFO - Started Regular Expression mapping
[ 2026-05-27 15:22:10,845] 174 root - INFO - Data transformation complete
[ 2026-05-27 15:22:10,845] 49 root - INFO - Started Regular Expression mapping
[ 2026-05-27 15:22:10,845] 174 root - INFO - Data transformation complete
[ 2026-05-27 15:22:10,845] 49 root - INFO - Started Regular Expression mapping
[ 2026-05-27 15:22:10,845] 174 root - INFO - Data transformation complete
[ 2026-05-27 15:22:10,846] 49 root - INFO - Started Regular Expression mapping
[ 2026-05-27 15:22:10,846] 174 root - INFO - Data transformation complete
[ 2026-05-27 15:22:10,846] 49 root - INFO - Started Regular Expression mapping
[ 2026-05-27 15:22:10,846] 174 root - INFO - Data transformation complete
[ 2026-05-27 15:22:10,846] 49 root - INFO - Started Regular Expression mapping
[ 2026-05-27 15:22:10,846] 174 root - INFO - Data transformation complete
[ 2026-05-27 15:22:10,846] 49 root - INFO - Started Regular Expression mapping
[ 2026-05-27 15:22:10,847] 174 root - INFO - Data transformation complete
[ 2026-05-27 15:22:10,847] 49 root - INFO - Started Regular Expression mapping
[ 2026-05-27 15:22:10,847] 174 root - INFO - Data transformation complete
[ 2026-05-27 15:22:10,847] 49 root - INFO - Started Regular Expression mapping
[ 2026-05-27 15:22:10,847] 174 root - INFO - Data transformation complete
[ 2026-05-27 15:22:10,847] 49 root - INFO - Started Regular Expression mapping
[ 2026-05-27 15:22:10,848] 174 root - INFO - Data transformation complete
[ 2026-05-27 15:22:10,848] 49 root - INFO - Started Regular Expression mapping
[ 2026-05-27 15:22:10,848] 174 root - INFO - Data transformation complete
[ 2026-05-27 15:22:10,848] 49 root - INFO - Started Regular Expression mapping
[ 2026-05-27 15:22:10,848] 174 root - INFO - Data transformation complete
[ 2026-05-27 15:22:10,848] 49 root - INFO - Started Regular Expression mapping
[ 2026-05-27 15:22:10,848] 174 root - INFO - Data transformation complete
[ 2026-05-27 15:22:10,849] 49 root - INFO - Started Regular Expression mapping
[ 2026-05-27 15:22:10,849] 174 root - INFO - Data transformation complete
[ 2026-05-27 15:22:10,849] 49 root - INFO - Started Regular Expression mapping
[ 2026-05-27 15:22:10,849] 174 root - INFO - Data transformation complete
[ 2026-05-27 15:22:10,849] 49 root - INFO - Started Regular Expression mapping
[ 2026-05-27 15:22:10,849] 174 root - INFO - Data transformation complete
[ 2026-05-27 15:22:10,849] 49 root - INFO - Started Regular Expression mapping
[ 2026-05-27 15:22:10,850] 25 root - INFO - Match heuristic business names to paybill payments
[ 2026-05-27 15:22:10,850] 174 root - INFO - Data transformation complete
[ 2026-05-27 15:22:10,850] 49 root - INFO - Started Regular Expression mapping
[ 2026-05-27 15:22:10,850] 174 root - INFO - Data transformation complete
[ 2026-05-27 15:22:10,850] 49 root - INFO - Started Regular Expression mapping
[ 2026-05-27 15:22:10,850] 174 root - INFO - Data transformation complete
[ 2026-05-27 15:22:10,851] 49 root - INFO - Started Regular Expression mapping
[ 2026-05-27 15:22:10,851] 174 root - INFO - Data transformation complete
[ 2026-05-27 15:22:10,851] 49 root - INFO - Started Regular Expression mapping
[ 2026-05-27 15:22:10,851] 174 root - INFO - Data transformation complete
[ 2026-05-27 15:22:10,851] 49 root - INFO - Started Regular Expression mapping
[ 2026-05-27 15:22:10,851] 174 root - INFO - Data transformation complete
[ 2026-05-27 15:22:10,852] 49 root - INFO - Started Regular Expression mapping
[ 2026-05-27 15:22:10,852] 174 root - INFO - Data transformation complete
[ 2026-05-27 15:22:10,852] 49 root - INFO - Started Regular Expression mapping
[ 2026-05-27 15:22:10,852] 174 root - INFO - Data transformation complete
[ 2026-05-27 15:22:10,852] 49 root - INFO - Started Regular Expression mapping
[ 2026-05-27 15:22:10,852] 174 root - INFO - Data transformation complete
[ 2026-05-27 15:22:10,853] 49 root - INFO - Started Regular Expression mapping
[ 2026-05-27 15:22:10,853] 174 root - INFO - Data transformation complete
[ 2026-05-27 15:22:10,853] 49 root - INFO - Started Regular Expression mapping
[ 2026-05-27 15:22:10,853] 174 root - INFO - Data transformation complete
[ 2026-05-27 15:22:10,853] 49 root - INFO - Started Regular Expression mapping
[ 2026-05-27 15:22:10,853] 25 root - INFO - Match heuristic business names to paybill payments
[ 2026-05-27 15:22:10,854] 174 root - INFO - Data transformation complete
[ 2026-05-27 15:22:10,854] 49 root - INFO - Started Regular Expression mapping
[ 2026-05-27 15:22:10,854] 174 root - INFO - Data transformation complete
[ 2026-05-27 15:22:10,854] 49 root - INFO - Started Regular Expression mapping
[ 2026-05-27 15:22:10,854] 174 root - INFO - Data transformation complete
[ 2026-05-27 15:22:10,854] 49 root - INFO - Started Regular Expression mapping
[ 2026-05-27 15:22:10,854] 174 root - INFO - Data transformation complete
[ 2026-05-27 15:22:10,855] 49 root - INFO - Started Regular Expression mapping
[ 2026-05-27 15:22:10,855] 174 root - INFO - Data transformation complete
[ 2026-05-27 15:22:10,855] 49 root - INFO - Started Regular Expression mapping
[ 2026-05-27 15:22:10,855] 174 root - INFO - Data transformation complete
[ 2026-05-27 15:22:10,855] 49 root - INFO - Started Regular Expression mapping
[ 2026-05-27 15:22:10,855] 174 root - INFO - Data transformation complete
[ 2026-05-27 15:22:10,855] 49 root - INFO - Started Regular Expression mapping
[ 2026-05-27 15:22:10,856] 174 root - INFO - Data transformation complete
[ 2026-05-27 15:22:10,856] 49 root - INFO - Started Regular Expression mapping
[ 2026-05-27 15:22:10,856] 174 root - INFO - Data transformation complete
[ 2026-05-27 15:22:10,856] 49 root - INFO - Started Regular Expression mapping
[ 2026-05-27 15:22:10,856] 174 root - INFO - Data transformation complete
[ 2026-05-27 15:22:10,856] 49 root - INFO - Started Regular Expression mapping
[ 2026-05-27 15:22:10,857] 174 root - INFO - Data transformation complete
[ 2026-05-27 15:22:10,857] 49 root - INFO - Started Regular Expression mapping
[ 2026-05-27 15:22:10,857] 174 root - INFO - Data transformation complete
[ 2026-05-27 15:22:10,857] 49 root - INFO - Started Regular Expression mapping
[ 2026-05-27 15:22:10,857] 174 root - INFO - Data transformation complete
[ 2026-05-27 15:22:10,857] 49 root - INFO - Started Regular Expression mapping
[ 2026-05-27 15:22:10,857] 174 root - INFO - Data transformation complete
[ 2026-05-27 15:22:10,857] 49 root - INFO - Started Regular Expression mapping
[ 2026-05-27 15:22:10,858] 174 root - INFO - Data transformation complete
[ 2026-05-27 15:22:10,858] 49 root - INFO - Started Regular Expression mapping
[ 2026-05-27 15:22:10,858] 174 root - INFO - Data transformation complete
[ 2026-05-27 15:22:10,858] 49 root - INFO - Started Regular Expression mapping
[ 2026-05-27 15:22:10,859] 174 root - INFO - Data transformation complete
[ 2026-05-27 15:22:10,859] 49 root - INFO - Started Regular Expression mapping
[ 2026-05-27 15:22:10,859] 174 root - INFO - Data transformation complete
[ 2026-05-27 15:22:10,859] 49 root - INFO - Started Regular Expression mapping
[ 2026-05-27 15:22:10,859] 25 root - INFO - Match heuristic business names to paybill payments
[ 2026-05-27 15:22:10,859] 174 root - INFO - Data transformation complete
[ 2026-05-27 15:22:10,860] 49 root - INFO - Started Regular Expression mapping
[ 2026-05-27 15:22:10,860] 174 root - INFO - Data transformation complete
[ 2026-05-27 15:22:10,860] 49 root - INFO - Started Regular Expression mapping
[ 2026-05-27 15:22:10,860] 174 root - INFO - Data transformation complete
[ 2026-05-27 15:22:10,860] 49 root - INFO - Started Regular Expression mapping
[ 2026-05-27 15:22:10,860] 174 root - INFO - Data transformation complete
[ 2026-05-27 15:22:10,860] 49 root - INFO - Started Regular Expression mapping
[ 2026-05-27 15:22:10,861] 174 root - INFO - Data transformation complete
[ 2026-05-27 15:22:10,861] 49 root - INFO - Started Regular Expression mapping
[ 2026-05-27 15:22:10,861] 174 root - INFO - Data transformation complete
[ 2026-05-27 15:22:10,861] 49 root - INFO - Started Regular Expression mapping
[ 2026-05-27 15:22:10,861] 174 root - INFO - Data transformation complete
[ 2026-05-27 15:22:10,861] 49 root - INFO - Started Regular Expression mapping
[ 2026-05-27 15:22:10,862] 174 root - INFO - Data transformation complete
[ 2026-05-27 15:22:10,862] 49 root - INFO - Started Regular Expression mapping
[ 2026-05-27 15:22:10,862] 174 root - INFO - Data transformation complete
[ 2026-05-27 15:22:10,862] 49 root - INFO - Started Regular Expression mapping
[ 2026-05-27 15:22:10,862] 174 root - INFO - Data transformation complete
[ 2026-05-27 15:22:10,862] 49 root - INFO - Started Regular Expression mapping
[ 2026-05-27 15:22:10,862] 174 root - INFO - Data transformation complete
[ 2026-05-27 15:22:10,863] 49 root - INFO - Started Regular Expression mapping
[ 2026-05-27 15:22:10,863] 174 root - INFO - Data transformation complete
[ 2026-05-27 15:22:10,863] 49 root - INFO - Started Regular Expression mapping
[ 2026-05-27 15:22:10,863] 25 root - INFO - Match heuristic business names to paybill payments
[ 2026-05-27 15:22:10,863] 174 root - INFO - Data transformation complete
[ 2026-05-27 15:22:10,863] 49 root - INFO - Started Regular Expression mapping
[ 2026-05-27 15:22:10,864] 25 root - INFO - Match heuristic business names to paybill payments
[ 2026-05-27 15:22:10,864] 174 root - INFO - Data transformation complete
[ 2026-05-27 15:22:10,864] 49 root - INFO - Started Regular Expression mapping
[ 2026-05-27 15:22:10,864] 174 root - INFO - Data transformation complete
[ 2026-05-27 15:22:10,864] 49 root - INFO - Started Regular Expression mapping
[ 2026-05-27 15:22:10,864] 174 root - INFO - Data transformation complete
[ 2026-05-27 15:22:10,864] 49 root - INFO - Started Regular Expression mapping
[ 2026-05-27 15:22:10,865] 174 root - INFO - Data transformation complete
[ 2026-05-27 15:22:10,865] 49 root - INFO - Started Regular Expression mapping
[ 2026-05-27 15:22:10,865] 174 root - INFO - Data transformation complete
[ 2026-05-27 15:22:10,865] 49 root - INFO - Started Regular Expression mapping
[ 2026-05-27 15:22:10,865] 174 root - INFO - Data transformation complete
[ 2026-05-27 15:22:10,865] 49 root - INFO - Started Regular Expression mapping
[ 2026-05-27 15:22:10,865] 174 root - INFO - Data transformation complete
[ 2026-05-27 15:22:10,866] 49 root - INFO - Started Regular Expression mapping
[ 2026-05-27 15:22:10,866] 174 root - INFO - Data transformation complete
[ 2026-05-27 15:22:10,866] 49 root - INFO - Started Regular Expression mapping
[ 2026-05-27 15:22:10,866] 25 root - INFO - Match heuristic business names to paybill payments
[ 2026-05-27 15:22:10,866] 174 root - INFO - Data transformation complete
[ 2026-05-27 15:22:10,866] 49 root - INFO - Started Regular Expression mapping
[ 2026-05-27 15:22:10,867] 174 root - INFO - Data transformation complete
[ 2026-05-27 15:22:10,867] 49 root - INFO - Started Regular Expression mapping
[ 2026-05-27 15:22:10,867] 174 root - INFO - Data transformation complete
[ 2026-05-27 15:22:10,867] 49 root - INFO - Started Regular Expression mapping
[ 2026-05-27 15:22:10,867] 174 root - INFO - Data transformation complete
[ 2026-05-27 15:22:10,867] 49 root - INFO - Started Regular Expression mapping
[ 2026-05-27 15:22:10,867] 174 root - INFO - Data transformation complete
[ 2026-05-27 15:22:10,868] 49 root - INFO - Started Regular Expression mapping
[ 2026-05-27 15:22:10,868] 174 root - INFO - Data transformation complete
[ 2026-05-27 15:22:10,868] 49 root - INFO - Started Regular Expression mapping
[ 2026-05-27 15:22:10,868] 174 root - INFO - Data transformation complete
[ 2026-05-27 15:22:10,869] 49 root - INFO - Started Regular Expression mapping
[ 2026-05-27 15:22:10,869] 174 root - INFO - Data transformation complete
[ 2026-05-27 15:22:10,869] 49 root - INFO - Started Regular Expression mapping
[ 2026-05-27 15:22:10,869] 174 root - INFO - Data transformation complete
[ 2026-05-27 15:22:10,869] 49 root - INFO - Started Regular Expression mapping
[ 2026-05-27 15:22:10,870] 174 root - INFO - Data transformation complete
[ 2026-05-27 15:22:10,870] 49 root - INFO - Started Regular Expression mapping
[ 2026-05-27 15:22:10,870] 174 root - INFO - Data transformation complete
[ 2026-05-27 15:22:10,870] 49 root - INFO - Started Regular Expression mapping
[ 2026-05-27 15:22:10,870] 174 root - INFO - Data transformation complete
[ 2026-05-27 15:22:10,870] 49 root - INFO - Started Regular Expression mapping
[ 2026-05-27 15:22:10,871] 174 root - INFO - Data transformation complete
[ 2026-05-27 15:22:10,871] 49 root - INFO - Started Regular Expression mapping
[ 2026-05-27 15:22:10,871] 174 root - INFO - Data transformation complete
[ 2026-05-27 15:22:10,871] 49 root - INFO - Started Regular Expression mapping
[ 2026-05-27 15:22:10,871] 174 root - INFO - Data transformation complete
[ 2026-05-27 15:22:10,871] 49 root - INFO - Started Regular Expression mapping
[ 2026-05-27 15:22:10,871] 174 root - INFO - Data transformation complete
[ 2026-05-27 15:22:10,872] 49 root - INFO - Started Regular Expression mapping
[ 2026-05-27 15:22:10,872] 174 root - INFO - Data transformation complete
[ 2026-05-27 15:22:10,872] 49 root - INFO - Started Regular Expression mapping
[ 2026-05-27 15:22:10,872] 174 root - INFO - Data transformation complete
[ 2026-05-27 15:22:10,872] 49 root - INFO - Started Regular Expression mapping
[ 2026-05-27 15:22:10,872] 174 root - INFO - Data transformation complete
[ 2026-05-27 15:22:10,872] 49 root - INFO - Started Regular Expression mapping
[ 2026-05-27 15:22:10,873] 174 root - INFO - Data transformation complete
[ 2026-05-27 15:22:10,873] 49 root - INFO - Started Regular Expression mapping
[ 2026-05-27 15:22:10,873] 25 root - INFO - Match heuristic business names to paybill payments
[ 2026-05-27 15:22:10,873] 174 root - INFO - Data transformation complete
[ 2026-05-27 15:22:10,873] 49 root - INFO - Started Regular Expression mapping
[ 2026-05-27 15:22:10,873] 174 root - INFO - Data transformation complete
[ 2026-05-27 15:22:10,873] 49 root - INFO - Started Regular Expression mapping
[ 2026-05-27 15:22:10,874] 174 root - INFO - Data transformation complete
[ 2026-05-27 15:22:10,874] 49 root - INFO - Started Regular Expression mapping
[ 2026-05-27 15:22:10,874] 174 root - INFO - Data transformation complete
[ 2026-05-27 15:22:10,874] 49 root - INFO - Started Regular Expression mapping
[ 2026-05-27 15:22:10,874] 174 root - INFO - Data transformation complete
[ 2026-05-27 15:22:10,874] 49 root - INFO - Started Regular Expression mapping
[ 2026-05-27 15:22:10,875] 174 root - INFO - Data transformation complete
[ 2026-05-27 15:22:10,875] 49 root - INFO - Started Regular Expression mapping
[ 2026-05-27 15:22:10,875] 174 root - INFO - Data transformation complete
[ 2026-05-27 15:22:10,875] 49 root - INFO - Started Regular Expression mapping
[ 2026-05-27 15:22:10,875] 174 root - INFO - Data transformation complete
[ 2026-05-27 15:22:10,876] 49 root - INFO - Started Regular Expression mapping
[ 2026-05-27 15:22:10,876] 174 root - INFO - Data transformation complete
[ 2026-05-27 15:22:10,876] 49 root - INFO - Started Regular Expression mapping
[ 2026-05-27 15:22:10,876] 174 root - INFO - Data transformation complete
[ 2026-05-27 15:22:10,876] 49 root - INFO - Started Regular Expression mapping
[ 2026-05-27 15:22:10,876] 25 root - INFO - Match heuristic business names to paybill payments
[ 2026-05-27 15:22:10,877] 174 root - INFO - Data transformation complete
[ 2026-05-27 15:22:10,877] 49 root - INFO - Started Regular Expression mapping
[ 2026-05-27 15:22:10,877] 174 root - INFO - Data transformation complete
[ 2026-05-27 15:22:10,877] 49 root - INFO - Started Regular Expression mapping
[ 2026-05-27 15:22:10,877] 174 root - INFO - Data transformation complete
[ 2026-05-27 15:22:10,877] 49 root - INFO - Started Regular Expression mapping
[ 2026-05-27 15:22:10,877] 174 root - INFO - Data transformation complete
[ 2026-05-27 15:22:10,878] 49 root - INFO - Started Regular Expression mapping
[ 2026-05-27 15:22:10,878] 174 root - INFO - Data transformation complete
[ 2026-05-27 15:22:10,878] 49 root - INFO - Started Regular Expression mapping
[ 2026-05-27 15:22:10,878] 174 root - INFO - Data transformation complete
[ 2026-05-27 15:22:10,878] 49 root - INFO - Started Regular Expression mapping
[ 2026-05-27 15:22:10,878] 174 root - INFO - Data transformation complete
[ 2026-05-27 15:22:10,878] 49 root - INFO - Started Regular Expression mapping
[ 2026-05-27 15:22:10,879] 174 root - INFO - Data transformation complete
[ 2026-05-27 15:22:10,879] 49 root - INFO - Started Regular Expression mapping
[ 2026-05-27 15:22:10,879] 174 root - INFO - Data transformation complete
[ 2026-05-27 15:22:10,879] 49 root - INFO - Started Regular Expression mapping
[ 2026-05-27 15:22:10,879] 25 root - INFO - Match heuristic business names to paybill payments
[ 2026-05-27 15:22:10,879] 174 root - INFO - Data transformation complete
[ 2026-05-27 15:22:10,880] 49 root - INFO - Started Regular Expression mapping
[ 2026-05-27 15:22:10,880] 25 root - INFO - Match heuristic business names to paybill payments
[ 2026-05-27 15:22:10,880] 174 root - INFO - Data transformation complete
[ 2026-05-27 15:22:10,880] 49 root - INFO - Started Regular Expression mapping
[ 2026-05-27 15:22:10,880] 174 root - INFO - Data transformation complete
[ 2026-05-27 15:22:10,880] 49 root - INFO - Started Regular Expression mapping
[ 2026-05-27 15:22:10,880] 25 root - INFO - Match heuristic business names to paybill payments
[ 2026-05-27 15:22:10,881] 174 root - INFO - Data transformation complete
[ 2026-05-27 15:22:10,881] 49 root - INFO - Started Regular Expression mapping
[ 2026-05-27 15:22:10,881] 174 root - INFO - Data transformation complete
[ 2026-05-27 15:22:10,881] 49 root - INFO - Started Regular Expression mapping
[ 2026-05-27 15:22:10,881] 174 root - INFO - Data transformation complete
[ 2026-05-27 15:22:10,881] 49 root - INFO - Started Regular Expression mapping
[ 2026-05-27 15:22:10,882] 174 root - INFO - Data transformation complete
[ 2026-05-27 15:22:10,882] 49 root - INFO - Started Regular Expression mapping
[ 2026-05-27 15:22:10,882] 174 root - INFO - Data transformation complete
[ 2026-05-27 15:22:10,882] 49 root - INFO - Started Regular Expression mapping
[ 2026-05-27 15:22:10,882] 174 root - INFO - Data transformation complete
[ 2026-05-27 15:22:10,882] 49 root - INFO - Started Regular Expression mapping
[ 2026-05-27 15:22:10,882] 174 root - INFO - Data transformation complete
[ 2026-05-27 15:22:10,883] 49 root - INFO - Started Regular Expression mapping
[ 2026-05-27 15:22:10,883] 174 root - INFO - Data transformation complete
[ 2026-05-27 15:22:10,883] 49 root - INFO - Started Regular Expression mapping
[ 2026-05-27 15:22:10,883] 174 root - INFO - Data transformation complete
[ 2026-05-27 15:22:10,883] 49 root - INFO - Started Regular Expression mapping
[ 2026-05-27 15:22:10,883] 174 root - INFO - Data transformation complete
[ 2026-05-27 15:22:10,884] 49 root - INFO - Started Regular Expression mapping
[ 2026-05-27 15:22:10,884] 174 root - INFO - Data transformation complete
[ 2026-05-27 15:22:10,884] 49 root - INFO - Started Regular Expression mapping
[ 2026-05-27 15:22:10,884] 174 root - INFO - Data transformation complete
[ 2026-05-27 15:22:10,884] 49 root - INFO - Started Regular Expression mapping
[ 2026-05-27 15:22:10,884] 174 root - INFO - Data transformation complete
[ 2026-05-27 15:22:10,884] 49 root - INFO - Started Regular Expression mapping
[ 2026-05-27 15:22:10,885] 25 root - INFO - Match heuristic business names to paybill payments
[ 2026-05-27 15:22:10,885] 174 root - INFO - Data transformation complete
[ 2026-05-27 15:22:10,885] 49 root - INFO - Started Regular Expression mapping
[ 2026-05-27 15:22:10,885] 174 root - INFO - Data transformation complete
[ 2026-05-27 15:22:10,885] 49 root - INFO - Started Regular Expression mapping
[ 2026-05-27 15:22:10,885] 174 root - INFO - Data transformation complete
[ 2026-05-27 15:22:10,885] 49 root - INFO - Started Regular Expression mapping
[ 2026-05-27 15:22:10,886] 174 root - INFO - Data transformation complete
[ 2026-05-27 15:22:10,886] 49 root - INFO - Started Regular Expression mapping
[ 2026-05-27 15:22:10,886] 174 root - INFO - Data transformation complete
[ 2026-05-27 15:22:10,886] 49 root - INFO - Started Regular Expression mapping
[ 2026-05-27 15:22:10,886] 174 root - INFO - Data transformation complete
[ 2026-05-27 15:22:10,886] 49 root - INFO - Started Regular Expression mapping
[ 2026-05-27 15:22:10,887] 174 root - INFO - Data transformation complete
[ 2026-05-27 15:22:10,887] 49 root - INFO - Started Regular Expression mapping
[ 2026-05-27 15:22:10,887] 174 root - INFO - Data transformation complete
[ 2026-05-27 15:22:10,887] 49 root - INFO - Started Regular Expression mapping
[ 2026-05-27 15:22:10,887] 174 root - INFO - Data transformation complete
[ 2026-05-27 15:22:10,887] 49 root - INFO - Started Regular Expression mapping
[ 2026-05-27 15:22:10,887] 174 root - INFO - Data transformation complete
[ 2026-05-27 15:22:10,888] 49 root - INFO - Started Regular Expression mapping
[ 2026-05-27 15:22:10,888] 174 root - INFO - Data transformation complete
[ 2026-05-27 15:22:10,888] 49 root - INFO - Started Regular Expression mapping
[ 2026-05-27 15:22:10,888] 174 root - INFO - Data transformation complete
[ 2026-05-27 15:22:10,888] 49 root - INFO - Started Regular Expression mapping
[ 2026-05-27 15:22:10,888] 174 root - INFO - Data transformation complete
[ 2026-05-27 15:22:10,888] 49 root - INFO - Started Regular Expression mapping
[ 2026-05-27 15:22:10,889] 174 root - INFO - Data transformation complete
[ 2026-05-27 15:22:10,889] 49 root - INFO - Started Regular Expression mapping
[ 2026-05-27 15:22:10,889] 174 root - INFO - Data transformation complete
[ 2026-05-27 15:22:10,889] 49 root - INFO - Started Regular Expression mapping
[ 2026-05-27 15:22:10,889] 174 root - INFO - Data transformation complete
[ 2026-05-27 15:22:10,889] 49 root - INFO - Started Regular Expression mapping
[ 2026-05-27 15:22:10,890] 25 root - INFO - Match heuristic business names to paybill payments
[ 2026-05-27 15:22:10,890] 174 root - INFO - Data transformation complete
[ 2026-05-27 15:22:10,890] 49 root - INFO - Started Regular Expression mapping
[ 2026-05-27 15:22:10,890] 174 root - INFO - Data transformation complete
[ 2026-05-27 15:22:10,890] 49 root - INFO - Started Regular Expression mapping
[ 2026-05-27 15:22:10,890] 25 root - INFO - Match heuristic business names to paybill payments
[ 2026-05-27 15:22:10,890] 174 root - INFO - Data transformation complete
[ 2026-05-27 15:22:10,891] 49 root - INFO - Started Regular Expression mapping
[ 2026-05-27 15:22:10,891] 174 root - INFO - Data transformation complete
[ 2026-05-27 15:22:10,891] 49 root - INFO - Started Regular Expression mapping
[ 2026-05-27 15:22:10,891] 174 root - INFO - Data transformation complete
[ 2026-05-27 15:22:10,891] 49 root - INFO - Started Regular Expression mapping
[ 2026-05-27 15:22:10,891] 174 root - INFO - Data transformation complete
[ 2026-05-27 15:22:10,892] 49 root - INFO - Started Regular Expression mapping
[ 2026-05-27 15:22:10,892] 174 root - INFO - Data transformation complete
[ 2026-05-27 15:22:10,892] 49 root - INFO - Started Regular Expression mapping
[ 2026-05-27 15:22:10,892] 174 root - INFO - Data transformation complete
[ 2026-05-27 15:22:10,892] 49 root - INFO - Started Regular Expression mapping
[ 2026-05-27 15:22:10,893] 174 root - INFO - Data transformation complete
[ 2026-05-27 15:22:10,893] 49 root - INFO - Started Regular Expression mapping
[ 2026-05-27 15:22:10,893] 174 root - INFO - Data transformation complete
[ 2026-05-27 15:22:10,893] 49 root - INFO - Started Regular Expression mapping
[ 2026-05-27 15:22:10,893] 174 root - INFO - Data transformation complete
[ 2026-05-27 15:22:10,893] 49 root - INFO - Started Regular Expression mapping
[ 2026-05-27 15:22:10,894] 174 root - INFO - Data transformation complete
[ 2026-05-27 15:22:10,894] 49 root - INFO - Started Regular Expression mapping
[ 2026-05-27 15:22:10,894] 174 root - INFO - Data transformation complete
[ 2026-05-27 15:22:10,894] 49 root - INFO - Started Regular Expression mapping
[ 2026-05-27 15:22:10,894] 25 root - INFO - Match heuristic business names to paybill payments
[ 2026-05-27 15:22:10,894] 174 root - INFO - Data transformation complete
[ 2026-05-27 15:22:10,894] 49 root - INFO - Started Regular Expression mapping
[ 2026-05-27 15:22:10,895] 174 root - INFO - Data transformation complete
[ 2026-05-27 15:22:10,895] 49 root - INFO - Started Regular Expression mapping
[ 2026-05-27 15:22:10,895] 174 root - INFO - Data transformation complete
[ 2026-05-27 15:22:10,895] 49 root - INFO - Started Regular Expression mapping
[ 2026-05-27 15:22:10,895] 174 root - INFO - Data transformation complete
[ 2026-05-27 15:22:10,895] 49 root - INFO - Started Regular Expression mapping
[ 2026-05-27 15:22:10,895] 174 root - INFO - Data transformation complete
[ 2026-05-27 15:22:10,896] 49 root - INFO - Started Regular Expression mapping
[ 2026-05-27 15:22:10,896] 174 root - INFO - Data transformation complete
[ 2026-05-27 15:22:10,896] 49 root - INFO - Started Regular Expression mapping
[ 2026-05-27 15:22:10,896] 174 root - INFO - Data transformation complete
[ 2026-05-27 15:22:10,896] 49 root - INFO - Started Regular Expression mapping
[ 2026-05-27 15:22:10,896] 174 root - INFO - Data transformation complete
[ 2026-05-27 15:22:10,896] 49 root - INFO - Started Regular Expression mapping
[ 2026-05-27 15:22:10,897] 174 root - INFO - Data transformation complete
[ 2026-05-27 15:22:10,897] 49 root - INFO - Started Regular Expression mapping
[ 2026-05-27 15:22:10,897] 174 root - INFO - Data transformation complete
[ 2026-05-27 15:22:10,897] 49 root - INFO - Started Regular Expression mapping
[ 2026-05-27 15:22:10,897] 174 root - INFO - Data transformation complete
[ 2026-05-27 15:22:10,897] 49 root - INFO - Started Regular Expression mapping
[ 2026-05-27 15:22:10,898] 174 root - INFO - Data transformation complete
[ 2026-05-27 15:22:10,898] 49 root - INFO - Started Regular Expression mapping
[ 2026-05-27 15:22:10,898] 174 root - INFO - Data transformation complete
[ 2026-05-27 15:22:10,898] 49 root - INFO - Started Regular Expression mapping
[ 2026-05-27 15:22:10,898] 174 root - INFO - Data transformation complete
[ 2026-05-27 15:22:10,898] 49 root - INFO - Started Regular Expression mapping
[ 2026-05-27 15:22:10,898] 174 root - INFO - Data transformation complete
[ 2026-05-27 15:22:10,899] 49 root - INFO - Started Regular Expression mapping
[ 2026-05-27 15:22:10,899] 174 root - INFO - Data transformation complete
[ 2026-05-27 15:22:10,899] 49 root - INFO - Started Regular Expression mapping
[ 2026-05-27 15:22:10,899] 25 root - INFO - Match heuristic business names to paybill payments
[ 2026-05-27 15:22:10,899] 174 root - INFO - Data transformation complete
[ 2026-05-27 15:22:10,899] 49 root - INFO - Started Regular Expression mapping
[ 2026-05-27 15:22:10,899] 174 root - INFO - Data transformation complete
[ 2026-05-27 15:22:10,900] 49 root - INFO - Started Regular Expression mapping
[ 2026-05-27 15:22:10,900] 174 root - INFO - Data transformation complete
[ 2026-05-27 15:22:10,900] 49 root - INFO - Started Regular Expression mapping
[ 2026-05-27 15:22:10,900] 174 root - INFO - Data transformation complete
[ 2026-05-27 15:22:10,900] 49 root - INFO - Started Regular Expression mapping
[ 2026-05-27 15:22:10,900] 174 root - INFO - Data transformation complete
[ 2026-05-27 15:22:10,901] 49 root - INFO - Started Regular Expression mapping
[ 2026-05-27 15:22:10,901] 174 root - INFO - Data transformation complete
[ 2026-05-27 15:22:10,901] 49 root - INFO - Started Regular Expression mapping
[ 2026-05-27 15:22:10,901] 174 root - INFO - Data transformation complete
[ 2026-05-27 15:22:10,901] 49 root - INFO - Started Regular Expression mapping
[ 2026-05-27 15:22:10,901] 174 root - INFO - Data transformation complete
[ 2026-05-27 15:22:10,901] 49 root - INFO - Started Regular Expression mapping
[ 2026-05-27 15:22:10,902] 174 root - INFO - Data transformation complete
[ 2026-05-27 15:22:10,902] 49 root - INFO - Started Regular Expression mapping
[ 2026-05-27 15:22:10,902] 174 root - INFO - Data transformation complete
[ 2026-05-27 15:22:10,902] 49 root - INFO - Started Regular Expression mapping
[ 2026-05-27 15:22:10,902] 174 root - INFO - Data transformation complete
[ 2026-05-27 15:22:10,902] 49 root - INFO - Started Regular Expression mapping
[ 2026-05-27 15:22:10,903] 174 root - INFO - Data transformation complete
[ 2026-05-27 15:22:10,903] 49 root - INFO - Started Regular Expression mapping
[ 2026-05-27 15:22:10,903] 174 root - INFO - Data transformation complete
[ 2026-05-27 15:22:10,903] 49 root - INFO - Started Regular Expression mapping
[ 2026-05-27 15:22:10,903] 174 root - INFO - Data transformation complete
[ 2026-05-27 15:22:10,903] 49 root - INFO - Started Regular Expression mapping
[ 2026-05-27 15:22:10,903] 174 root - INFO - Data transformation complete
[ 2026-05-27 15:22:10,904] 49 root - INFO - Started Regular Expression mapping
[ 2026-05-27 15:22:10,904] 174 root - INFO - Data transformation complete
[ 2026-05-27 15:22:10,904] 49 root - INFO - Started Regular Expression mapping
[ 2026-05-27 15:22:10,904] 174 root - INFO - Data transformation complete
[ 2026-05-27 15:22:10,904] 49 root - INFO - Started Regular Expression mapping
[ 2026-05-27 15:22:10,904] 174 root - INFO - Data transformation complete
[ 2026-05-27 15:22:10,904] 49 root - INFO - Started Regular Expression mapping
[ 2026-05-27 15:22:10,905] 174 root - INFO - Data transformation complete
[ 2026-05-27 15:22:10,905] 49 root - INFO - Started Regular Expression mapping
[ 2026-05-27 15:22:10,905] 174 root - INFO - Data transformation complete
[ 2026-05-27 15:22:10,905] 49 root - INFO - Started Regular Expression mapping
[ 2026-05-27 15:22:10,905] 174 root - INFO - Data transformation complete
[ 2026-05-27 15:22:10,905] 49 root - INFO - Started Regular Expression mapping
[ 2026-05-27 15:22:10,906] 174 root - INFO - Data transformation complete
[ 2026-05-27 15:22:10,906] 49 root - INFO - Started Regular Expression mapping
[ 2026-05-27 15:22:10,906] 174 root - INFO - Data transformation complete
[ 2026-05-27 15:22:10,906] 49 root - INFO - Started Regular Expression mapping
[ 2026-05-27 15:22:10,906] 174 root - INFO - Data transformation complete
[ 2026-05-27 15:22:10,906] 49 root - INFO - Started Regular Expression mapping
[ 2026-05-27 15:22:10,906] 174 root - INFO - Data transformation complete
[ 2026-05-27 15:22:10,907] 49 root - INFO - Started Regular Expression mapping
[ 2026-05-27 15:22:10,907] 25 root - INFO - Match heuristic business names to paybill payments
[ 2026-05-27 15:22:10,907] 174 root - INFO - Data transformation complete
[ 2026-05-27 15:22:10,907] 49 root - INFO - Started Regular Expression mapping
[ 2026-05-27 15:22:10,907] 174 root - INFO - Data transformation complete
[ 2026-05-27 15:22:10,907] 49 root - INFO - Started Regular Expression mapping
[ 2026-05-27 15:22:10,907] 174 root - INFO - Data transformation complete
[ 2026-05-27 15:22:10,908] 49 root - INFO - Started Regular Expression mapping
[ 2026-05-27 15:22:10,908] 174 root - INFO - Data transformation complete
[ 2026-05-27 15:22:10,908] 49 root - INFO - Started Regular Expression mapping
[ 2026-05-27 15:22:10,908] 174 root - INFO - Data transformation complete
[ 2026-05-27 15:22:10,908] 49 root - INFO - Started Regular Expression mapping
[ 2026-05-27 15:22:10,909] 174 root - INFO - Data transformation complete
[ 2026-05-27 15:22:10,909] 49 root - INFO - Started Regular Expression mapping
[ 2026-05-27 15:22:10,909] 174 root - INFO - Data transformation complete
[ 2026-05-27 15:22:10,909] 49 root - INFO - Started Regular Expression mapping
[ 2026-05-27 15:22:10,909] 174 root - INFO - Data transformation complete
[ 2026-05-27 15:22:10,909] 49 root - INFO - Started Regular Expression mapping
[ 2026-05-27 15:22:10,910] 174 root - INFO - Data transformation complete
[ 2026-05-27 15:22:10,910] 49 root - INFO - Started Regular Expression mapping
[ 2026-05-27 15:22:10,910] 174 root - INFO - Data transformation complete
[ 2026-05-27 15:22:10,910] 49 root - INFO - Started Regular Expression mapping
[ 2026-05-27 15:22:10,910] 25 root - INFO - Match heuristic business names to paybill payments
[ 2026-05-27 15:22:10,910] 174 root - INFO - Data transformation complete
[ 2026-05-27 15:22:10,910] 49 root - INFO - Started Regular Expression mapping
[ 2026-05-27 15:22:10,911] 174 root - INFO - Data transformation complete
[ 2026-05-27 15:22:10,911] 49 root - INFO - Started Regular Expression mapping
[ 2026-05-27 15:22:10,911] 174 root - INFO - Data transformation complete
[ 2026-05-27 15:22:10,911] 49 root - INFO - Started Regular Expression mapping
[ 2026-05-27 15:22:10,911] 174 root - INFO - Data transformation complete
[ 2026-05-27 15:22:10,911] 49 root - INFO - Started Regular Expression mapping
[ 2026-05-27 15:22:10,912] 174 root - INFO - Data transformation complete
[ 2026-05-27 15:22:10,912] 49 root - INFO - Started Regular Expression mapping
[ 2026-05-27 15:22:10,912] 174 root - INFO - Data transformation complete
[ 2026-05-27 15:22:10,912] 49 root - INFO - Started Regular Expression mapping
[ 2026-05-27 15:22:10,912] 174 root - INFO - Data transformation complete
[ 2026-05-27 15:22:10,912] 49 root - INFO - Started Regular Expression mapping
[ 2026-05-27 15:22:10,912] 174 root - INFO - Data transformation complete
[ 2026-05-27 15:22:10,913] 49 root - INFO - Started Regular Expression mapping
[ 2026-05-27 15:22:10,913] 174 root - INFO - Data transformation complete
[ 2026-05-27 15:22:10,913] 49 root - INFO - Started Regular Expression mapping
[ 2026-05-27 15:22:10,913] 174 root - INFO - Data transformation complete
[ 2026-05-27 15:22:10,913] 49 root - INFO - Started Regular Expression mapping
[ 2026-05-27 15:22:10,913] 174 root - INFO - Data transformation complete
[ 2026-05-27 15:22:10,914] 49 root - INFO - Started Regular Expression mapping
[ 2026-05-27 15:22:10,914] 174 root - INFO - Data transformation complete
[ 2026-05-27 15:22:10,914] 49 root - INFO - Started Regular Expression mapping
[ 2026-05-27 15:22:10,914] 174 root - INFO - Data transformation complete
[ 2026-05-27 15:22:10,914] 49 root - INFO - Started Regular Expression mapping
[ 2026-05-27 15:22:10,914] 174 root - INFO - Data transformation complete
[ 2026-05-27 15:22:10,914] 49 root - INFO - Started Regular Expression mapping
[ 2026-05-27 15:22:10,915] 174 root - INFO - Data transformation complete
[ 2026-05-27 15:22:10,915] 49 root - INFO - Started Regular Expression mapping
[ 2026-05-27 15:22:10,915] 174 root - INFO - Data transformation complete
[ 2026-05-27 15:22:10,915] 49 root - INFO - Started Regular Expression mapping
[ 2026-05-27 15:22:10,915] 174 root - INFO - Data transformation complete
[ 2026-05-27 15:22:10,915] 49 root - INFO - Started Regular Expression mapping
[ 2026-05-27 15:22:10,916] 174 root - INFO - Data transformation complete
[ 2026-05-27 15:22:10,916] 49 root - INFO - Started Regular Expression mapping
[ 2026-05-27 15:22:10,916] 174 root - INFO - Data transformation complete
[ 2026-05-27 15:22:10,916] 49 root - INFO - Started Regular Expression mapping
[ 2026-05-27 15:22:10,916] 25 root - INFO - Match heuristic business names to paybill payments
[ 2026-05-27 15:22:10,916] 174 root - INFO - Data transformation complete
[ 2026-05-27 15:22:10,916] 49 root - INFO - Started Regular Expression mapping
[ 2026-05-27 15:22:10,917] 174 root - INFO - Data transformation complete
[ 2026-05-27 15:22:10,917] 49 root - INFO - Started Regular Expression mapping
[ 2026-05-27 15:22:10,917] 174 root - INFO - Data transformation complete
[ 2026-05-27 15:22:10,917] 49 root - INFO - Started Regular Expression mapping
[ 2026-05-27 15:22:10,917] 174 root - INFO - Data transformation complete
[ 2026-05-27 15:22:10,917] 49 root - INFO - Started Regular Expression mapping
[ 2026-05-27 15:22:10,918] 25 root - INFO - Match heuristic business names to paybill payments
[ 2026-05-27 15:22:10,918] 174 root - INFO - Data transformation complete
[ 2026-05-27 15:22:10,918] 49 root - INFO - Started Regular Expression mapping
[ 2026-05-27 15:22:10,918] 174 root - INFO - Data transformation complete
[ 2026-05-27 15:22:10,918] 49 root - INFO - Started Regular Expression mapping
[ 2026-05-27 15:22:10,918] 174 root - INFO - Data transformation complete
[ 2026-05-27 15:22:10,918] 49 root - INFO - Started Regular Expression mapping
[ 2026-05-27 15:22:10,919] 174 root - INFO - Data transformation complete
[ 2026-05-27 15:22:10,919] 49 root - INFO - Started Regular Expression mapping
[ 2026-05-27 15:22:10,919] 174 root - INFO - Data transformation complete
[ 2026-05-27 15:22:10,919] 49 root - INFO - Started Regular Expression mapping
[ 2026-05-27 15:22:10,919] 174 root - INFO - Data transformation complete
[ 2026-05-27 15:22:10,919] 49 root - INFO - Started Regular Expression mapping
[ 2026-05-27 15:22:10,919] 174 root - INFO - Data transformation complete
[ 2026-05-27 15:22:10,920] 49 root - INFO - Started Regular Expression mapping
[ 2026-05-27 15:22:10,920] 174 root - INFO - Data transformation complete
[ 2026-05-27 15:22:10,920] 49 root - INFO - Started Regular Expression mapping
[ 2026-05-27 15:22:10,920] 174 root - INFO - Data transformation complete
[ 2026-05-27 15:22:10,920] 49 root - INFO - Started Regular Expression mapping
[ 2026-05-27 15:22:10,920] 174 root - INFO - Data transformation complete
[ 2026-05-27 15:22:10,920] 49 root - INFO - Started Regular Expression mapping
[ 2026-05-27 15:22:10,921] 174 root - INFO - Data transformation complete
[ 2026-05-27 15:22:10,921] 49 root - INFO - Started Regular Expression mapping
[ 2026-05-27 15:22:10,921] 174 root - INFO - Data transformation complete
[ 2026-05-27 15:22:10,921] 49 root - INFO - Started Regular Expression mapping
[ 2026-05-27 15:22:10,921] 174 root - INFO - Data transformation complete
[ 2026-05-27 15:22:10,921] 49 root - INFO - Started Regular Expression mapping
[ 2026-05-27 15:22:10,922] 174 root - INFO - Data transformation complete
[ 2026-05-27 15:22:10,922] 49 root - INFO - Started Regular Expression mapping
[ 2026-05-27 15:22:10,922] 174 root - INFO - Data transformation complete
[ 2026-05-27 15:22:10,922] 49 root - INFO - Started Regular Expression mapping
[ 2026-05-27 15:22:10,922] 174 root - INFO - Data transformation complete
[ 2026-05-27 15:22:10,922] 49 root - INFO - Started Regular Expression mapping
[ 2026-05-27 15:22:10,922] 174 root - INFO - Data transformation complete
[ 2026-05-27 15:22:10,923] 49 root - INFO - Started Regular Expression mapping
[ 2026-05-27 15:22:10,923] 174 root - INFO - Data transformation complete
[ 2026-05-27 15:22:10,923] 49 root - INFO - Started Regular Expression mapping
[ 2026-05-27 15:22:10,923] 174 root - INFO - Data transformation complete
[ 2026-05-27 15:22:10,923] 49 root - INFO - Started Regular Expression mapping
[ 2026-05-27 15:22:10,923] 174 root - INFO - Data transformation complete
[ 2026-05-27 15:22:10,924] 49 root - INFO - Started Regular Expression mapping
[ 2026-05-27 15:22:10,924] 174 root - INFO - Data transformation complete
[ 2026-05-27 15:22:10,924] 49 root - INFO - Started Regular Expression mapping
[ 2026-05-27 15:22:10,924] 174 root - INFO - Data transformation complete
[ 2026-05-27 15:22:10,924] 49 root - INFO - Started Regular Expression mapping
[ 2026-05-27 15:22:10,924] 174 root - INFO - Data transformation complete
[ 2026-05-27 15:22:10,924] 49 root - INFO - Started Regular Expression mapping
[ 2026-05-27 15:22:10,925] 174 root - INFO - Data transformation complete
[ 2026-05-27 15:22:10,925] 49 root - INFO - Started Regular Expression mapping
[ 2026-05-27 15:22:10,925] 174 root - INFO - Data transformation complete
[ 2026-05-27 15:22:10,925] 49 root - INFO - Started Regular Expression mapping
[ 2026-05-27 15:22:10,926] 174 root - INFO - Data transformation complete
[ 2026-05-27 15:22:10,926] 49 root - INFO - Started Regular Expression mapping
[ 2026-05-27 15:22:10,926] 174 root - INFO - Data transformation complete
[ 2026-05-27 15:22:10,926] 49 root - INFO - Started Regular Expression mapping
[ 2026-05-27 15:22:10,926] 174 root - INFO - Data transformation complete
[ 2026-05-27 15:22:10,926] 49 root - INFO - Started Regular Expression mapping
[ 2026-05-27 15:22:10,927] 174 root - INFO - Data transformation complete
[ 2026-05-27 15:22:10,927] 49 root - INFO - Started Regular Expression mapping
[ 2026-05-27 15:22:10,927] 174 root - INFO - Data transformation complete
[ 2026-05-27 15:22:10,927] 49 root - INFO - Started Regular Expression mapping
[ 2026-05-27 15:22:10,927] 174 root - INFO - Data transformation complete
[ 2026-05-27 15:22:10,927] 49 root - INFO - Started Regular Expression mapping
[ 2026-05-27 15:22:10,927] 174 root - INFO - Data transformation complete
[ 2026-05-27 15:22:10,928] 49 root - INFO - Started Regular Expression mapping
[ 2026-05-27 15:22:10,928] 174 root - INFO - Data transformation complete
[ 2026-05-27 15:22:10,928] 49 root - INFO - Started Regular Expression mapping
[ 2026-05-27 15:22:10,928] 174 root - INFO - Data transformation complete
[ 2026-05-27 15:22:10,928] 49 root - INFO - Started Regular Expression mapping
[ 2026-05-27 15:22:10,928] 174 root - INFO - Data transformation complete
[ 2026-05-27 15:22:10,928] 49 root - INFO - Started Regular Expression mapping
[ 2026-05-27 15:22:10,929] 25 root - INFO - Match heuristic business names to paybill payments
[ 2026-05-27 15:22:10,929] 174 root - INFO - Data transformation complete
[ 2026-05-27 15:22:10,929] 49 root - INFO - Started Regular Expression mapping
[ 2026-05-27 15:22:10,929] 174 root - INFO - Data transformation complete
[ 2026-05-27 15:22:10,929] 49 root - INFO - Started Regular Expression mapping
[ 2026-05-27 15:22:10,929] 174 root - INFO - Data transformation complete
[ 2026-05-27 15:22:10,929] 49 root - INFO - Started Regular Expression mapping
[ 2026-05-27 15:22:10,930] 25 root - INFO - Match heuristic business names to paybill payments
[ 2026-05-27 15:22:10,930] 174 root - INFO - Data transformation complete
[ 2026-05-27 15:22:10,930] 49 root - INFO - Started Regular Expression mapping
[ 2026-05-27 15:22:10,930] 174 root - INFO - Data transformation complete
[ 2026-05-27 15:22:10,930] 49 root - INFO - Started Regular Expression mapping
[ 2026-05-27 15:22:10,930] 25 root - INFO - Match heuristic business names to paybill payments
[ 2026-05-27 15:22:10,931] 174 root - INFO - Data transformation complete
[ 2026-05-27 15:22:10,931] 49 root - INFO - Started Regular Expression mapping
[ 2026-05-27 15:22:10,931] 174 root - INFO - Data transformation complete
[ 2026-05-27 15:22:10,931] 49 root - INFO - Started Regular Expression mapping
[ 2026-05-27 15:22:10,931] 174 root - INFO - Data transformation complete
[ 2026-05-27 15:22:10,931] 49 root - INFO - Started Regular Expression mapping
[ 2026-05-27 15:22:10,931] 174 root - INFO - Data transformation complete
[ 2026-05-27 15:22:10,932] 49 root - INFO - Started Regular Expression mapping
[ 2026-05-27 15:22:10,932] 174 root - INFO - Data transformation complete
[ 2026-05-27 15:22:10,932] 49 root - INFO - Started Regular Expression mapping
[ 2026-05-27 15:22:10,932] 174 root - INFO - Data transformation complete
[ 2026-05-27 15:22:10,932] 49 root - INFO - Started Regular Expression mapping
[ 2026-05-27 15:22:10,933] 25 root - INFO - Match heuristic business names to paybill payments
[ 2026-05-27 15:22:10,933] 174 root - INFO - Data transformation complete
[ 2026-05-27 15:22:10,933] 49 root - INFO - Started Regular Expression mapping
[ 2026-05-27 15:22:10,933] 174 root - INFO - Data transformation complete
[ 2026-05-27 15:22:10,933] 49 root - INFO - Started Regular Expression mapping
[ 2026-05-27 15:22:10,934] 174 root - INFO - Data transformation complete
[ 2026-05-27 15:22:10,934] 49 root - INFO - Started Regular Expression mapping
[ 2026-05-27 15:22:10,934] 174 root - INFO - Data transformation complete
[ 2026-05-27 15:22:10,934] 49 root - INFO - Started Regular Expression mapping
[ 2026-05-27 15:22:10,935] 174 root - INFO - Data transformation complete
[ 2026-05-27 15:22:10,935] 49 root - INFO - Started Regular Expression mapping
[ 2026-05-27 15:22:10,935] 174 root - INFO - Data transformation complete
[ 2026-05-27 15:22:10,935] 49 root - INFO - Started Regular Expression mapping
[ 2026-05-27 15:22:10,935] 174 root - INFO - Data transformation complete
[ 2026-05-27 15:22:10,935] 49 root - INFO - Started Regular Expression mapping
[ 2026-05-27 15:22:10,935] 174 root - INFO - Data transformation complete
[ 2026-05-27 15:22:10,936] 49 root - INFO - Started Regular Expression mapping
[ 2026-05-27 15:22:10,936] 174 root - INFO - Data transformation complete
[ 2026-05-27 15:22:10,936] 49 root - INFO - Started Regular Expression mapping
[ 2026-05-27 15:22:10,936] 174 root - INFO - Data transformation complete
[ 2026-05-27 15:22:10,936] 49 root - INFO - Started Regular Expression mapping
[ 2026-05-27 15:22:10,936] 174 root - INFO - Data transformation complete
[ 2026-05-27 15:22:10,936] 49 root - INFO - Started Regular Expression mapping
[ 2026-05-27 15:22:10,937] 174 root - INFO - Data transformation complete
[ 2026-05-27 15:22:10,937] 49 root - INFO - Started Regular Expression mapping
[ 2026-05-27 15:22:10,937] 174 root - INFO - Data transformation complete
[ 2026-05-27 15:22:10,937] 49 root - INFO - Started Regular Expression mapping
[ 2026-05-27 15:22:10,937] 174 root - INFO - Data transformation complete
[ 2026-05-27 15:22:10,937] 49 root - INFO - Started Regular Expression mapping
[ 2026-05-27 15:22:10,938] 174 root - INFO - Data transformation complete
[ 2026-05-27 15:22:10,938] 49 root - INFO - Started Regular Expression mapping
[ 2026-05-27 15:22:10,938] 174 root - INFO - Data transformation complete
[ 2026-05-27 15:22:10,938] 49 root - INFO - Started Regular Expression mapping
[ 2026-05-27 15:22:10,938] 174 root - INFO - Data transformation complete
[ 2026-05-27 15:22:10,938] 49 root - INFO - Started Regular Expression mapping
[ 2026-05-27 15:22:10,938] 174 root - INFO - Data transformation complete
[ 2026-05-27 15:22:10,939] 49 root - INFO - Started Regular Expression mapping
[ 2026-05-27 15:22:10,939] 174 root - INFO - Data transformation complete
[ 2026-05-27 15:22:10,939] 49 root - INFO - Started Regular Expression mapping
[ 2026-05-27 15:22:10,939] 174 root - INFO - Data transformation complete
[ 2026-05-27 15:22:10,939] 49 root - INFO - Started Regular Expression mapping
[ 2026-05-27 15:22:10,939] 174 root - INFO - Data transformation complete
[ 2026-05-27 15:22:10,939] 49 root - INFO - Started Regular Expression mapping
[ 2026-05-27 15:22:10,940] 174 root - INFO - Data transformation complete
[ 2026-05-27 15:22:10,940] 49 root - INFO - Started Regular Expression mapping
[ 2026-05-27 15:22:10,940] 174 root - INFO - Data transformation complete
[ 2026-05-27 15:22:10,940] 49 root - INFO - Started Regular Expression mapping
[ 2026-05-27 15:22:10,940] 174 root - INFO - Data transformation complete
[ 2026-05-27 15:22:10,940] 49 root - INFO - Started Regular Expression mapping
[ 2026-05-27 15:22:10,941] 174 root - INFO - Data transformation complete
[ 2026-05-27 15:22:10,941] 49 root - INFO - Started Regular Expression mapping
[ 2026-05-27 15:22:10,941] 174 root - INFO - Data transformation complete
[ 2026-05-27 15:22:10,942] 49 root - INFO - Started Regular Expression mapping
[ 2026-05-27 15:22:10,942] 174 root - INFO - Data transformation complete
[ 2026-05-27 15:22:10,942] 49 root - INFO - Started Regular Expression mapping
[ 2026-05-27 15:22:10,942] 174 root - INFO - Data transformation complete
[ 2026-05-27 15:22:10,942] 49 root - INFO - Started Regular Expression mapping
[ 2026-05-27 15:22:10,943] 174 root - INFO - Data transformation complete
[ 2026-05-27 15:22:10,943] 49 root - INFO - Started Regular Expression mapping
[ 2026-05-27 15:22:10,943] 174 root - INFO - Data transformation complete
[ 2026-05-27 15:22:10,943] 49 root - INFO - Started Regular Expression mapping
[ 2026-05-27 15:22:10,943] 174 root - INFO - Data transformation complete
[ 2026-05-27 15:22:10,943] 49 root - INFO - Started Regular Expression mapping
[ 2026-05-27 15:22:10,944] 174 root - INFO - Data transformation complete
[ 2026-05-27 15:22:10,944] 49 root - INFO - Started Regular Expression mapping
[ 2026-05-27 15:22:10,944] 174 root - INFO - Data transformation complete
[ 2026-05-27 15:22:10,944] 49 root - INFO - Started Regular Expression mapping
[ 2026-05-27 15:22:10,944] 174 root - INFO - Data transformation complete
[ 2026-05-27 15:22:10,944] 49 root - INFO - Started Regular Expression mapping
[ 2026-05-27 15:22:10,944] 174 root - INFO - Data transformation complete
[ 2026-05-27 15:22:10,945] 49 root - INFO - Started Regular Expression mapping
[ 2026-05-27 15:22:10,945] 174 root - INFO - Data transformation complete
[ 2026-05-27 15:22:10,945] 49 root - INFO - Started Regular Expression mapping
[ 2026-05-27 15:22:10,945] 174 root - INFO - Data transformation complete
[ 2026-05-27 15:22:10,945] 49 root - INFO - Started Regular Expression mapping
[ 2026-05-27 15:22:10,945] 174 root - INFO - Data transformation complete
[ 2026-05-27 15:22:10,946] 49 root - INFO - Started Regular Expression mapping
[ 2026-05-27 15:22:10,946] 174 root - INFO - Data transformation complete
[ 2026-05-27 15:22:10,946] 49 root - INFO - Started Regular Expression mapping
[ 2026-05-27 15:22:10,946] 174 root - INFO - Data transformation complete
[ 2026-05-27 15:22:10,946] 49 root - INFO - Started Regular Expression mapping
[ 2026-05-27 15:22:10,946] 174 root - INFO - Data transformation complete
[ 2026-05-27 15:22:10,946] 49 root - INFO - Started Regular Expression mapping
[ 2026-05-27 15:22:10,947] 174 root - INFO - Data transformation complete
[ 2026-05-27 15:22:10,947] 49 root - INFO - Started Regular Expression mapping
[ 2026-05-27 15:22:10,947] 174 root - INFO - Data transformation complete
[ 2026-05-27 15:22:10,947] 49 root - INFO - Started Regular Expression mapping
[ 2026-05-27 15:22:10,947] 174 root - INFO - Data transformation complete
[ 2026-05-27 15:22:10,947] 49 root - INFO - Started Regular Expression mapping
[ 2026-05-27 15:22:10,947] 174 root - INFO - Data transformation complete
[ 2026-05-27 15:22:10,948] 49 root - INFO - Started Regular Expression mapping
[ 2026-05-27 15:22:10,948] 174 root - INFO - Data transformation complete
[ 2026-05-27 15:22:10,948] 49 root - INFO - Started Regular Expression mapping
[ 2026-05-27 15:22:10,949] 174 root - INFO - Data transformation complete
[ 2026-05-27 15:22:10,949] 49 root - INFO - Started Regular Expression mapping
[ 2026-05-27 15:22:10,949] 174 root - INFO - Data transformation complete
[ 2026-05-27 15:22:10,949] 49 root - INFO - Started Regular Expression mapping
[ 2026-05-27 15:22:10,950] 174 root - INFO - Data transformation complete
[ 2026-05-27 15:22:10,950] 49 root - INFO - Started Regular Expression mapping
[ 2026-05-27 15:22:10,950] 174 root - INFO - Data transformation complete
[ 2026-05-27 15:22:10,950] 49 root - INFO - Started Regular Expression mapping
[ 2026-05-27 15:22:10,950] 174 root - INFO - Data transformation complete
[ 2026-05-27 15:22:10,950] 49 root - INFO - Started Regular Expression mapping
[ 2026-05-27 15:22:10,951] 174 root - INFO - Data transformation complete
[ 2026-05-27 15:22:10,951] 49 root - INFO - Started Regular Expression mapping
[ 2026-05-27 15:22:10,951] 174 root - INFO - Data transformation complete
[ 2026-05-27 15:22:10,951] 49 root - INFO - Started Regular Expression mapping
[ 2026-05-27 15:22:10,951] 174 root - INFO - Data transformation complete
[ 2026-05-27 15:22:10,951] 49 root - INFO - Started Regular Expression mapping
[ 2026-05-27 15:22:10,951] 174 root - INFO - Data transformation complete
[ 2026-05-27 15:22:10,952] 49 root - INFO - Started Regular Expression mapping
[ 2026-05-27 15:22:10,952] 174 root - INFO - Data transformation complete
[ 2026-05-27 15:22:10,952] 49 root - INFO - Started Regular Expression mapping
[ 2026-05-27 15:22:10,952] 174 root - INFO - Data transformation complete
[ 2026-05-27 15:22:10,952] 49 root - INFO - Started Regular Expression mapping
[ 2026-05-27 15:22:10,952] 174 root - INFO - Data transformation complete
[ 2026-05-27 15:22:10,952] 49 root - INFO - Started Regular Expression mapping
[ 2026-05-27 15:22:10,953] 174 root - INFO - Data transformation complete
[ 2026-05-27 15:22:10,953] 49 root - INFO - Started Regular Expression mapping
[ 2026-05-27 15:22:10,953] 174 root - INFO - Data transformation complete
[ 2026-05-27 15:22:10,953] 49 root - INFO - Started Regular Expression mapping
[ 2026-05-27 15:22:10,953] 174 root - INFO - Data transformation complete
[ 2026-05-27 15:22:10,953] 49 root - INFO - Started Regular Expression mapping
[ 2026-05-27 15:22:10,954] 174 root - INFO - Data transformation complete
[ 2026-05-27 15:22:10,954] 49 root - INFO - Started Regular Expression mapping
[ 2026-05-27 15:22:10,954] 174 root - INFO - Data transformation complete
[ 2026-05-27 15:22:10,954] 49 root - INFO - Started Regular Expression mapping
[ 2026-05-27 15:22:10,954] 174 root - INFO - Data transformation complete
[ 2026-05-27 15:22:10,954] 49 root - INFO - Started Regular Expression mapping
[ 2026-05-27 15:22:10,954] 174 root - INFO - Data transformation complete
[ 2026-05-27 15:22:10,955] 49 root - INFO - Started Regular Expression mapping
[ 2026-05-27 15:22:10,955] 174 root - INFO - Data transformation complete
[ 2026-05-27 15:22:10,955] 49 root - INFO - Started Regular Expression mapping
[ 2026-05-27 15:22:10,955] 174 root - INFO - Data transformation complete
[ 2026-05-27 15:22:10,955] 49 root - INFO - Started Regular Expression mapping
[ 2026-05-27 15:22:10,955] 174 root - INFO - Data transformation complete
[ 2026-05-27 15:22:10,955] 49 root - INFO - Started Regular Expression mapping
[ 2026-05-27 15:22:10,956] 174 root - INFO - Data transformation complete
[ 2026-05-27 15:22:10,956] 49 root - INFO - Started Regular Expression mapping
[ 2026-05-27 15:22:10,956] 174 root - INFO - Data transformation complete
[ 2026-05-27 15:22:10,956] 49 root - INFO - Started Regular Expression mapping
[ 2026-05-27 15:22:10,956] 174 root - INFO - Data transformation complete
[ 2026-05-27 15:22:10,956] 49 root - INFO - Started Regular Expression mapping
[ 2026-05-27 15:22:10,957] 174 root - INFO - Data transformation complete
[ 2026-05-27 15:22:10,957] 49 root - INFO - Started Regular Expression mapping
[ 2026-05-27 15:22:10,957] 174 root - INFO - Data transformation complete
[ 2026-05-27 15:22:10,957] 49 root - INFO - Started Regular Expression mapping
[ 2026-05-27 15:22:10,957] 174 root - INFO - Data transformation complete
[ 2026-05-27 15:22:10,957] 49 root - INFO - Started Regular Expression mapping
[ 2026-05-27 15:22:10,957] 174 root - INFO - Data transformation complete
[ 2026-05-27 15:22:10,957] 49 root - INFO - Started Regular Expression mapping
[ 2026-05-27 15:22:10,958] 174 root - INFO - Data transformation complete
[ 2026-05-27 15:22:10,958] 49 root - INFO - Started Regular Expression mapping
[ 2026-05-27 15:22:10,958] 174 root - INFO - Data transformation complete
[ 2026-05-27 15:22:10,958] 49 root - INFO - Started Regular Expression mapping
[ 2026-05-27 15:22:10,959] 174 root - INFO - Data transformation complete
[ 2026-05-27 15:22:10,959] 49 root - INFO - Started Regular Expression mapping
[ 2026-05-27 15:22:10,959] 174 root - INFO - Data transformation complete
[ 2026-05-27 15:22:10,959] 49 root - INFO - Started Regular Expression mapping
[ 2026-05-27 15:22:10,959] 25 root - INFO - Match heuristic business names to paybill payments
[ 2026-05-27 15:22:10,959] 174 root - INFO - Data transformation complete
[ 2026-05-27 15:22:10,960] 49 root - INFO - Started Regular Expression mapping
[ 2026-05-27 15:22:10,960] 174 root - INFO - Data transformation complete
[ 2026-05-27 15:22:10,960] 49 root - INFO - Started Regular Expression mapping
[ 2026-05-27 15:22:10,960] 174 root - INFO - Data transformation complete
[ 2026-05-27 15:22:10,960] 49 root - INFO - Started Regular Expression mapping
[ 2026-05-27 15:22:10,960] 174 root - INFO - Data transformation complete
[ 2026-05-27 15:22:10,961] 49 root - INFO - Started Regular Expression mapping
[ 2026-05-27 15:22:10,961] 174 root - INFO - Data transformation complete
[ 2026-05-27 15:22:10,961] 49 root - INFO - Started Regular Expression mapping
[ 2026-05-27 15:22:10,961] 174 root - INFO - Data transformation complete
[ 2026-05-27 15:22:10,961] 49 root - INFO - Started Regular Expression mapping
[ 2026-05-27 15:22:10,961] 174 root - INFO - Data transformation complete
[ 2026-05-27 15:22:10,961] 49 root - INFO - Started Regular Expression mapping
[ 2026-05-27 15:22:10,962] 174 root - INFO - Data transformation complete
[ 2026-05-27 15:22:10,962] 49 root - INFO - Started Regular Expression mapping
[ 2026-05-27 15:22:10,962] 174 root - INFO - Data transformation complete
[ 2026-05-27 15:22:10,962] 49 root - INFO - Started Regular Expression mapping
[ 2026-05-27 15:22:10,962] 174 root - INFO - Data transformation complete
[ 2026-05-27 15:22:10,962] 49 root - INFO - Started Regular Expression mapping
[ 2026-05-27 15:22:10,963] 174 root - INFO - Data transformation complete
[ 2026-05-27 15:22:10,963] 49 root - INFO - Started Regular Expression mapping
[ 2026-05-27 15:22:10,963] 174 root - INFO - Data transformation complete
[ 2026-05-27 15:22:10,963] 49 root - INFO - Started Regular Expression mapping
[ 2026-05-27 15:22:10,963] 174 root - INFO - Data transformation complete
[ 2026-05-27 15:22:10,963] 49 root - INFO - Started Regular Expression mapping
[ 2026-05-27 15:22:10,963] 174 root - INFO - Data transformation complete
[ 2026-05-27 15:22:10,964] 49 root - INFO - Started Regular Expression mapping
[ 2026-05-27 15:22:10,964] 174 root - INFO - Data transformation complete
[ 2026-05-27 15:22:10,964] 49 root - INFO - Started Regular Expression mapping
[ 2026-05-27 15:22:10,964] 174 root - INFO - Data transformation complete
[ 2026-05-27 15:22:10,964] 49 root - INFO - Started Regular Expression mapping
[ 2026-05-27 15:22:10,965] 174 root - INFO - Data transformation complete
[ 2026-05-27 15:22:10,965] 49 root - INFO - Started Regular Expression mapping
[ 2026-05-27 15:22:10,965] 174 root - INFO - Data transformation complete
[ 2026-05-27 15:22:10,965] 49 root - INFO - Started Regular Expression mapping
[ 2026-05-27 15:22:10,965] 174 root - INFO - Data transformation complete
[ 2026-05-27 15:22:10,965] 49 root - INFO - Started Regular Expression mapping
[ 2026-05-27 15:22:10,966] 174 root - INFO - Data transformation complete
[ 2026-05-27 15:22:10,966] 49 root - INFO - Started Regular Expression mapping
[ 2026-05-27 15:22:10,966] 174 root - INFO - Data transformation complete
[ 2026-05-27 15:22:10,966] 49 root - INFO - Started Regular Expression mapping
[ 2026-05-27 15:22:10,967] 174 root - INFO - Data transformation complete
[ 2026-05-27 15:22:10,967] 49 root - INFO - Started Regular Expression mapping
[ 2026-05-27 15:22:10,967] 174 root - INFO - Data transformation complete
[ 2026-05-27 15:22:10,967] 49 root - INFO - Started Regular Expression mapping
[ 2026-05-27 15:22:10,967] 174 root - INFO - Data transformation complete
[ 2026-05-27 15:22:10,967] 49 root - INFO - Started Regular Expression mapping
[ 2026-05-27 15:22:10,967] 174 root - INFO - Data transformation complete
[ 2026-05-27 15:22:10,968] 49 root - INFO - Started Regular Expression mapping
[ 2026-05-27 15:22:10,968] 174 root - INFO - Data transformation complete
[ 2026-05-27 15:22:10,968] 49 root - INFO - Started Regular Expression mapping
[ 2026-05-27 15:22:10,968] 174 root - INFO - Data transformation complete
[ 2026-05-27 15:22:10,968] 49 root - INFO - Started Regular Expression mapping
[ 2026-05-27 15:22:10,968] 174 root - INFO - Data transformation complete
[ 2026-05-27 15:22:10,968] 49 root - INFO - Started Regular Expression mapping
[ 2026-05-27 15:22:10,969] 25 root - INFO - Match heuristic business names to paybill payments
[ 2026-05-27 15:22:10,969] 174 root - INFO - Data transformation complete
[ 2026-05-27 15:22:10,969] 49 root - INFO - Started Regular Expression mapping
[ 2026-05-27 15:22:10,969] 174 root - INFO - Data transformation complete
[ 2026-05-27 15:22:10,969] 49 root - INFO - Started Regular Expression mapping
[ 2026-05-27 15:22:10,969] 174 root - INFO - Data transformation complete
[ 2026-05-27 15:22:10,970] 49 root - INFO - Started Regular Expression mapping
[ 2026-05-27 15:22:10,970] 174 root - INFO - Data transformation complete
[ 2026-05-27 15:22:10,970] 49 root - INFO - Started Regular Expression mapping
[ 2026-05-27 15:22:10,970] 174 root - INFO - Data transformation complete
[ 2026-05-27 15:22:10,970] 49 root - INFO - Started Regular Expression mapping
[ 2026-05-27 15:22:10,970] 174 root - INFO - Data transformation complete
[ 2026-05-27 15:22:10,970] 49 root - INFO - Started Regular Expression mapping
[ 2026-05-27 15:22:10,971] 174 root - INFO - Data transformation complete
[ 2026-05-27 15:22:10,971] 49 root - INFO - Started Regular Expression mapping
[ 2026-05-27 15:22:10,971] 174 root - INFO - Data transformation complete
[ 2026-05-27 15:22:10,971] 49 root - INFO - Started Regular Expression mapping
[ 2026-05-27 15:22:10,971] 174 root - INFO - Data transformation complete
[ 2026-05-27 15:22:10,971] 49 root - INFO - Started Regular Expression mapping
[ 2026-05-27 15:22:10,972] 174 root - INFO - Data transformation complete
[ 2026-05-27 15:22:10,972] 49 root - INFO - Started Regular Expression mapping
[ 2026-05-27 15:22:10,972] 174 root - INFO - Data transformation complete
[ 2026-05-27 15:22:10,972] 49 root - INFO - Started Regular Expression mapping
[ 2026-05-27 15:22:10,972] 174 root - INFO - Data transformation complete
[ 2026-05-27 15:22:10,972] 49 root - INFO - Started Regular Expression mapping
[ 2026-05-27 15:22:10,972] 174 root - INFO - Data transformation complete
[ 2026-05-27 15:22:10,973] 49 root - INFO - Started Regular Expression mapping
[ 2026-05-27 15:22:10,973] 174 root - INFO - Data transformation complete
[ 2026-05-27 15:22:10,973] 49 root - INFO - Started Regular Expression mapping
[ 2026-05-27 15:22:10,973] 174 root - INFO - Data transformation complete
[ 2026-05-27 15:22:10,973] 49 root - INFO - Started Regular Expression mapping
[ 2026-05-27 15:22:10,973] 174 root - INFO - Data transformation complete
[ 2026-05-27 15:22:10,974] 49 root - INFO - Started Regular Expression mapping
[ 2026-05-27 15:22:10,974] 174 root - INFO - Data transformation complete
[ 2026-05-27 15:22:10,974] 49 root - INFO - Started Regular Expression mapping
[ 2026-05-27 15:22:10,974] 174 root - INFO - Data transformation complete
[ 2026-05-27 15:22:10,974] 49 root - INFO - Started Regular Expression mapping
[ 2026-05-27 15:22:10,974] 174 root - INFO - Data transformation complete
[ 2026-05-27 15:22:10,974] 49 root - INFO - Started Regular Expression mapping
[ 2026-05-27 15:22:10,975] 174 root - INFO - Data transformation complete
[ 2026-05-27 15:22:10,975] 49 root - INFO - Started Regular Expression mapping
[ 2026-05-27 15:22:10,975] 174 root - INFO - Data transformation complete
[ 2026-05-27 15:22:10,975] 49 root - INFO - Started Regular Expression mapping
[ 2026-05-27 15:22:10,976] 174 root - INFO - Data transformation complete
[ 2026-05-27 15:22:10,976] 49 root - INFO - Started Regular Expression mapping
[ 2026-05-27 15:22:10,976] 174 root - INFO - Data transformation complete
[ 2026-05-27 15:22:10,976] 49 root - INFO - Started Regular Expression mapping
[ 2026-05-27 15:22:10,976] 174 root - INFO - Data transformation complete
[ 2026-05-27 15:22:10,976] 49 root - INFO - Started Regular Expression mapping
[ 2026-05-27 15:22:10,976] 174 root - INFO - Data transformation complete
[ 2026-05-27 15:22:10,977] 49 root - INFO - Started Regular Expression mapping
[ 2026-05-27 15:22:10,977] 174 root - INFO - Data transformation complete
[ 2026-05-27 15:22:10,977] 49 root - INFO - Started Regular Expression mapping
[ 2026-05-27 15:22:10,977] 174 root - INFO - Data transformation complete
[ 2026-05-27 15:22:10,977] 49 root - INFO - Started Regular Expression mapping
[ 2026-05-27 15:22:10,977] 174 root - INFO - Data transformation complete
[ 2026-05-27 15:22:10,978] 49 root - INFO - Started Regular Expression mapping
[ 2026-05-27 15:22:10,978] 174 root - INFO - Data transformation complete
[ 2026-05-27 15:22:10,978] 49 root - INFO - Started Regular Expression mapping
[ 2026-05-27 15:22:10,978] 174 root - INFO - Data transformation complete
[ 2026-05-27 15:22:10,978] 49 root - INFO - Started Regular Expression mapping
[ 2026-05-27 15:22:10,978] 174 root - INFO - Data transformation complete
[ 2026-05-27 15:22:10,978] 49 root - INFO - Started Regular Expression mapping
[ 2026-05-27 15:22:10,979] 174 root - INFO - Data transformation complete
[ 2026-05-27 15:22:10,979] 49 root - INFO - Started Regular Expression mapping
[ 2026-05-27 15:22:10,979] 174 root - INFO - Data transformation complete
[ 2026-05-27 15:22:10,979] 49 root - INFO - Started Regular Expression mapping
[ 2026-05-27 15:22:10,979] 174 root - INFO - Data transformation complete
[ 2026-05-27 15:22:10,979] 49 root - INFO - Started Regular Expression mapping
[ 2026-05-27 15:22:10,980] 174 root - INFO - Data transformation complete
[ 2026-05-27 15:22:10,980] 49 root - INFO - Started Regular Expression mapping
[ 2026-05-27 15:22:10,980] 174 root - INFO - Data transformation complete
[ 2026-05-27 15:22:10,980] 49 root - INFO - Started Regular Expression mapping
[ 2026-05-27 15:22:10,980] 174 root - INFO - Data transformation complete
[ 2026-05-27 15:22:10,980] 49 root - INFO - Started Regular Expression mapping
[ 2026-05-27 15:22:10,980] 174 root - INFO - Data transformation complete
[ 2026-05-27 15:22:10,981] 49 root - INFO - Started Regular Expression mapping
[ 2026-05-27 15:22:10,981] 174 root - INFO - Data transformation complete
[ 2026-05-27 15:22:10,981] 49 root - INFO - Started Regular Expression mapping
[ 2026-05-27 15:22:10,981] 174 root - INFO - Data transformation complete
[ 2026-05-27 15:22:10,981] 49 root - INFO - Started Regular Expression mapping
[ 2026-05-27 15:22:10,981] 174 root - INFO - Data transformation complete
[ 2026-05-27 15:22:10,981] 49 root - INFO - Started Regular Expression mapping
[ 2026-05-27 15:22:10,982] 25 root - INFO - Match heuristic business names to paybill payments
[ 2026-05-27 15:22:10,982] 174 root - INFO - Data transformation complete
[ 2026-05-27 15:22:10,982] 49 root - INFO - Started Regular Expression mapping
[ 2026-05-27 15:22:10,982] 174 root - INFO - Data transformation complete
[ 2026-05-27 15:22:10,982] 49 root - INFO - Started Regular Expression mapping
[ 2026-05-27 15:22:10,982] 174 root - INFO - Data transformation complete
[ 2026-05-27 15:22:10,983] 49 root - INFO - Started Regular Expression mapping
[ 2026-05-27 15:22:10,983] 174 root - INFO - Data transformation complete
[ 2026-05-27 15:22:10,983] 49 root - INFO - Started Regular Expression mapping
[ 2026-05-27 15:22:10,983] 174 root - INFO - Data transformation complete
[ 2026-05-27 15:22:10,983] 49 root - INFO - Started Regular Expression mapping
[ 2026-05-27 15:22:10,983] 174 root - INFO - Data transformation complete
[ 2026-05-27 15:22:10,983] 49 root - INFO - Started Regular Expression mapping
[ 2026-05-27 15:22:10,984] 174 root - INFO - Data transformation complete
[ 2026-05-27 15:22:10,984] 49 root - INFO - Started Regular Expression mapping
[ 2026-05-27 15:22:10,984] 174 root - INFO - Data transformation complete
[ 2026-05-27 15:22:10,984] 49 root - INFO - Started Regular Expression mapping
[ 2026-05-27 15:22:10,984] 174 root - INFO - Data transformation complete
[ 2026-05-27 15:22:10,984] 49 root - INFO - Started Regular Expression mapping
[ 2026-05-27 15:22:10,985] 174 root - INFO - Data transformation complete
[ 2026-05-27 15:22:10,985] 49 root - INFO - Started Regular Expression mapping
[ 2026-05-27 15:22:10,985] 174 root - INFO - Data transformation complete
[ 2026-05-27 15:22:10,985] 49 root - INFO - Started Regular Expression mapping
[ 2026-05-27 15:22:10,985] 174 root - INFO - Data transformation complete
[ 2026-05-27 15:22:10,985] 49 root - INFO - Started Regular Expression mapping
[ 2026-05-27 15:22:10,985] 174 root - INFO - Data transformation complete
[ 2026-05-27 15:22:10,986] 49 root - INFO - Started Regular Expression mapping
[ 2026-05-27 15:22:10,986] 174 root - INFO - Data transformation complete
[ 2026-05-27 15:22:10,986] 49 root - INFO - Started Regular Expression mapping
[ 2026-05-27 15:22:10,986] 174 root - INFO - Data transformation complete
[ 2026-05-27 15:22:10,986] 49 root - INFO - Started Regular Expression mapping
[ 2026-05-27 15:22:10,986] 174 root - INFO - Data transformation complete
[ 2026-05-27 15:22:10,986] 49 root - INFO - Started Regular Expression mapping
[ 2026-05-27 15:22:10,987] 174 root - INFO - Data transformation complete
[ 2026-05-27 15:22:10,987] 49 root - INFO - Started Regular Expression mapping
[ 2026-05-27 15:22:10,987] 174 root - INFO - Data transformation complete
[ 2026-05-27 15:22:10,987] 49 root - INFO - Started Regular Expression mapping
[ 2026-05-27 15:22:10,987] 174 root - INFO - Data transformation complete
[ 2026-05-27 15:22:10,987] 49 root - INFO - Started Regular Expression mapping
[ 2026-05-27 15:22:10,988] 174 root - INFO - Data transformation complete
[ 2026-05-27 15:22:10,988] 49 root - INFO - Started Regular Expression mapping
[ 2026-05-27 15:22:10,988] 174 root - INFO - Data transformation complete
[ 2026-05-27 15:22:10,988] 49 root - INFO - Started Regular Expression mapping
[ 2026-05-27 15:22:10,988] 174 root - INFO - Data transformation complete
[ 2026-05-27 15:22:10,988] 49 root - INFO - Started Regular Expression mapping
[ 2026-05-27 15:22:10,988] 174 root - INFO - Data transformation complete
[ 2026-05-27 15:22:10,989] 49 root - INFO - Started Regular Expression mapping
[ 2026-05-27 15:22:10,989] 25 root - INFO - Match heuristic business names to paybill payments
[ 2026-05-27 15:22:10,989] 174 root - INFO - Data transformation complete
[ 2026-05-27 15:22:10,989] 49 root - INFO - Started Regular Expression mapping
[ 2026-05-27 15:22:10,989] 174 root - INFO - Data transformation complete
[ 2026-05-27 15:22:10,989] 49 root - INFO - Started Regular Expression mapping
[ 2026-05-27 15:22:10,989] 174 root - INFO - Data transformation complete
[ 2026-05-27 15:22:10,990] 49 root - INFO - Started Regular Expression mapping
[ 2026-05-27 15:22:10,990] 174 root - INFO - Data transformation complete
[ 2026-05-27 15:22:10,990] 49 root - INFO - Started Regular Expression mapping
[ 2026-05-27 15:22:10,990] 174 root - INFO - Data transformation complete
[ 2026-05-27 15:22:10,990] 49 root - INFO - Started Regular Expression mapping
[ 2026-05-27 15:22:10,990] 174 root - INFO - Data transformation complete
[ 2026-05-27 15:22:10,990] 49 root - INFO - Started Regular Expression mapping
[ 2026-05-27 15:22:10,991] 174 root - INFO - Data transformation complete
[ 2026-05-27 15:22:10,991] 49 root - INFO - Started Regular Expression mapping
[ 2026-05-27 15:22:10,991] 174 root - INFO - Data transformation complete
[ 2026-05-27 15:22:10,991] 49 root - INFO - Started Regular Expression mapping
[ 2026-05-27 15:22:10,991] 174 root - INFO - Data transformation complete
[ 2026-05-27 15:22:10,991] 49 root - INFO - Started Regular Expression mapping
[ 2026-05-27 15:22:10,992] 174 root - INFO - Data transformation complete
[ 2026-05-27 15:22:10,992] 49 root - INFO - Started Regular Expression mapping
[ 2026-05-27 15:22:10,992] 174 root - INFO - Data transformation complete
[ 2026-05-27 15:22:10,992] 49 root - INFO - Started Regular Expression mapping
[ 2026-05-27 15:22:10,992] 174 root - INFO - Data transformation complete
[ 2026-05-27 15:22:10,993] 49 root - INFO - Started Regular Expression mapping
[ 2026-05-27 15:22:10,993] 174 root - INFO - Data transformation complete
[ 2026-05-27 15:22:10,993] 49 root - INFO - Started Regular Expression mapping
[ 2026-05-27 15:22:10,993] 174 root - INFO - Data transformation complete
[ 2026-05-27 15:22:10,993] 49 root - INFO - Started Regular Expression mapping
[ 2026-05-27 15:22:10,993] 174 root - INFO - Data transformation complete
[ 2026-05-27 15:22:10,994] 49 root - INFO - Started Regular Expression mapping
[ 2026-05-27 15:22:10,994] 174 root - INFO - Data transformation complete
[ 2026-05-27 15:22:10,994] 49 root - INFO - Started Regular Expression mapping
[ 2026-05-27 15:22:10,994] 174 root - INFO - Data transformation complete
[ 2026-05-27 15:22:10,994] 49 root - INFO - Started Regular Expression mapping
[ 2026-05-27 15:22:10,994] 174 root - INFO - Data transformation complete
[ 2026-05-27 15:22:10,994] 49 root - INFO - Started Regular Expression mapping
[ 2026-05-27 15:22:10,995] 174 root - INFO - Data transformation complete
[ 2026-05-27 15:22:10,995] 49 root - INFO - Started Regular Expression mapping
[ 2026-05-27 15:22:10,995] 174 root - INFO - Data transformation complete
[ 2026-05-27 15:22:10,995] 49 root - INFO - Started Regular Expression mapping
[ 2026-05-27 15:22:10,995] 174 root - INFO - Data transformation complete
[ 2026-05-27 15:22:10,995] 49 root - INFO - Started Regular Expression mapping
[ 2026-05-27 15:22:10,996] 25 root - INFO - Match heuristic business names to paybill payments
[ 2026-05-27 15:22:10,996] 174 root - INFO - Data transformation complete
[ 2026-05-27 15:22:10,996] 49 root - INFO - Started Regular Expression mapping
[ 2026-05-27 15:22:10,996] 174 root - INFO - Data transformation complete
[ 2026-05-27 15:22:10,996] 49 root - INFO - Started Regular Expression mapping
[ 2026-05-27 15:22:10,996] 25 root - INFO - Match heuristic business names to paybill payments
[ 2026-05-27 15:22:10,996] 174 root - INFO - Data transformation complete
[ 2026-05-27 15:22:10,997] 49 root - INFO - Started Regular Expression mapping
[ 2026-05-27 15:22:10,997] 174 root - INFO - Data transformation complete
[ 2026-05-27 15:22:10,997] 49 root - INFO - Started Regular Expression mapping
[ 2026-05-27 15:22:10,997] 174 root - INFO - Data transformation complete
[ 2026-05-27 15:22:10,997] 49 root - INFO - Started Regular Expression mapping
[ 2026-05-27 15:22:10,997] 174 root - INFO - Data transformation complete
[ 2026-05-27 15:22:10,997] 49 root - INFO - Started Regular Expression mapping
[ 2026-05-27 15:22:10,998] 174 root - INFO - Data transformation complete
[ 2026-05-27 15:22:10,998] 49 root - INFO - Started Regular Expression mapping
[ 2026-05-27 15:22:10,998] 174 root - INFO - Data transformation complete
[ 2026-05-27 15:22:10,998] 49 root - INFO - Started Regular Expression mapping
[ 2026-05-27 15:22:10,998] 174 root - INFO - Data transformation complete
[ 2026-05-27 15:22:10,998] 49 root - INFO - Started Regular Expression mapping
[ 2026-05-27 15:22:10,998] 174 root - INFO - Data transformation complete
[ 2026-05-27 15:22:10,999] 49 root - INFO - Started Regular Expression mapping
[ 2026-05-27 15:22:10,999] 174 root - INFO - Data transformation complete
[ 2026-05-27 15:22:10,999] 49 root - INFO - Started Regular Expression mapping
[ 2026-05-27 15:22:10,999] 174 root - INFO - Data transformation complete
[ 2026-05-27 15:22:10,999] 49 root - INFO - Started Regular Expression mapping
[ 2026-05-27 15:22:10,999] 174 root - INFO - Data transformation complete
[ 2026-05-27 15:22:10,999] 49 root - INFO - Started Regular Expression mapping
[ 2026-05-27 15:22:11,000] 174 root - INFO - Data transformation complete
[ 2026-05-27 15:22:11,000] 49 root - INFO - Started Regular Expression mapping
[ 2026-05-27 15:22:11,000] 174 root - INFO - Data transformation complete
[ 2026-05-27 15:22:11,000] 49 root - INFO - Started Regular Expression mapping
[ 2026-05-27 15:22:11,000] 174 root - INFO - Data transformation complete
[ 2026-05-27 15:22:11,000] 49 root - INFO - Started Regular Expression mapping
[ 2026-05-27 15:22:11,001] 174 root - INFO - Data transformation complete
[ 2026-05-27 15:22:11,001] 49 root - INFO - Started Regular Expression mapping
[ 2026-05-27 15:22:11,001] 174 root - INFO - Data transformation complete
[ 2026-05-27 15:22:11,001] 49 root - INFO - Started Regular Expression mapping
[ 2026-05-27 15:22:11,001] 174 root - INFO - Data transformation complete
[ 2026-05-27 15:22:11,001] 49 root - INFO - Started Regular Expression mapping
[ 2026-05-27 15:22:11,001] 174 root - INFO - Data transformation complete
[ 2026-05-27 15:22:11,002] 49 root - INFO - Started Regular Expression mapping
[ 2026-05-27 15:22:11,002] 174 root - INFO - Data transformation complete
[ 2026-05-27 15:22:11,002] 49 root - INFO - Started Regular Expression mapping
[ 2026-05-27 15:22:11,002] 174 root - INFO - Data transformation complete
[ 2026-05-27 15:22:11,002] 49 root - INFO - Started Regular Expression mapping
[ 2026-05-27 15:22:11,002] 174 root - INFO - Data transformation complete
[ 2026-05-27 15:22:11,002] 49 root - INFO - Started Regular Expression mapping
[ 2026-05-27 15:22:11,003] 174 root - INFO - Data transformation complete
[ 2026-05-27 15:22:11,003] 49 root - INFO - Started Regular Expression mapping
[ 2026-05-27 15:22:11,003] 174 root - INFO - Data transformation complete
[ 2026-05-27 15:22:11,003] 49 root - INFO - Started Regular Expression mapping
[ 2026-05-27 15:22:11,003] 174 root - INFO - Data transformation complete
[ 2026-05-27 15:22:11,003] 49 root - INFO - Started Regular Expression mapping
[ 2026-05-27 15:22:11,004] 174 root - INFO - Data transformation complete
[ 2026-05-27 15:22:11,004] 49 root - INFO - Started Regular Expression mapping
[ 2026-05-27 15:22:11,004] 174 root - INFO - Data transformation complete
[ 2026-05-27 15:22:11,004] 49 root - INFO - Started Regular Expression mapping
[ 2026-05-27 15:22:11,004] 174 root - INFO - Data transformation complete
[ 2026-05-27 15:22:11,004] 49 root - INFO - Started Regular Expression mapping
[ 2026-05-27 15:22:11,005] 174 root - INFO - Data transformation complete
[ 2026-05-27 15:22:11,005] 49 root - INFO - Started Regular Expression mapping
[ 2026-05-27 15:22:11,005] 25 root - INFO - Match heuristic business names to paybill payments
[ 2026-05-27 15:22:11,005] 174 root - INFO - Data transformation complete
[ 2026-05-27 15:22:11,005] 49 root - INFO - Started Regular Expression mapping
[ 2026-05-27 15:22:11,005] 174 root - INFO - Data transformation complete
[ 2026-05-27 15:22:11,005] 49 root - INFO - Started Regular Expression mapping
[ 2026-05-27 15:22:11,006] 174 root - INFO - Data transformation complete
[ 2026-05-27 15:22:11,006] 49 root - INFO - Started Regular Expression mapping
[ 2026-05-27 15:22:11,006] 174 root - INFO - Data transformation complete
[ 2026-05-27 15:22:11,006] 49 root - INFO - Started Regular Expression mapping
[ 2026-05-27 15:22:11,006] 174 root - INFO - Data transformation complete
[ 2026-05-27 15:22:11,006] 49 root - INFO - Started Regular Expression mapping
[ 2026-05-27 15:22:11,006] 174 root - INFO - Data transformation complete
[ 2026-05-27 15:22:11,007] 49 root - INFO - Started Regular Expression mapping
[ 2026-05-27 15:22:11,007] 25 root - INFO - Match heuristic business names to paybill payments
[ 2026-05-27 15:22:11,007] 174 root - INFO - Data transformation complete
[ 2026-05-27 15:22:11,007] 49 root - INFO - Started Regular Expression mapping
[ 2026-05-27 15:22:11,007] 174 root - INFO - Data transformation complete
[ 2026-05-27 15:22:11,007] 49 root - INFO - Started Regular Expression mapping
[ 2026-05-27 15:22:11,007] 174 root - INFO - Data transformation complete
[ 2026-05-27 15:22:11,007] 49 root - INFO - Started Regular Expression mapping
[ 2026-05-27 15:22:11,008] 174 root - INFO - Data transformation complete
[ 2026-05-27 15:22:11,008] 49 root - INFO - Started Regular Expression mapping
[ 2026-05-27 15:22:11,008] 174 root - INFO - Data transformation complete
[ 2026-05-27 15:22:11,008] 49 root - INFO - Started Regular Expression mapping
[ 2026-05-27 15:22:11,009] 174 root - INFO - Data transformation complete
[ 2026-05-27 15:22:11,009] 49 root - INFO - Started Regular Expression mapping
[ 2026-05-27 15:22:11,009] 25 root - INFO - Match heuristic business names to paybill payments
[ 2026-05-27 15:22:11,009] 174 root - INFO - Data transformation complete
[ 2026-05-27 15:22:11,009] 49 root - INFO - Started Regular Expression mapping
[ 2026-05-27 15:22:11,009] 174 root - INFO - Data transformation complete
[ 2026-05-27 15:22:11,010] 49 root - INFO - Started Regular Expression mapping
[ 2026-05-27 15:22:11,010] 174 root - INFO - Data transformation complete
[ 2026-05-27 15:22:11,010] 49 root - INFO - Started Regular Expression mapping
[ 2026-05-27 15:22:11,010] 174 root - INFO - Data transformation complete
[ 2026-05-27 15:22:11,010] 49 root - INFO - Started Regular Expression mapping
[ 2026-05-27 15:22:11,010] 174 root - INFO - Data transformation complete
[ 2026-05-27 15:22:11,010] 49 root - INFO - Started Regular Expression mapping
[ 2026-05-27 15:22:11,011] 25 root - INFO - Match heuristic business names to paybill payments
[ 2026-05-27 15:22:11,011] 174 root - INFO - Data transformation complete
[ 2026-05-27 15:22:11,011] 49 root - INFO - Started Regular Expression mapping
[ 2026-05-27 15:22:11,011] 174 root - INFO - Data transformation complete
[ 2026-05-27 15:22:11,011] 49 root - INFO - Started Regular Expression mapping
[ 2026-05-27 15:22:11,011] 174 root - INFO - Data transformation complete
[ 2026-05-27 15:22:11,012] 49 root - INFO - Started Regular Expression mapping
[ 2026-05-27 15:22:11,012] 174 root - INFO - Data transformation complete
[ 2026-05-27 15:22:11,012] 49 root - INFO - Started Regular Expression mapping
[ 2026-05-27 15:22:11,012] 174 root - INFO - Data transformation complete
[ 2026-05-27 15:22:11,012] 49 root - INFO - Started Regular Expression mapping
[ 2026-05-27 15:22:11,012] 25 root - INFO - Match heuristic business names to paybill payments
[ 2026-05-27 15:22:11,012] 174 root - INFO - Data transformation complete
[ 2026-05-27 15:22:11,013] 49 root - INFO - Started Regular Expression mapping
[ 2026-05-27 15:22:11,013] 174 root - INFO - Data transformation complete
[ 2026-05-27 15:22:11,013] 49 root - INFO - Started Regular Expression mapping
[ 2026-05-27 15:22:11,013] 174 root - INFO - Data transformation complete
[ 2026-05-27 15:22:11,013] 49 root - INFO - Started Regular Expression mapping
[ 2026-05-27 15:22:11,013] 174 root - INFO - Data transformation complete
[ 2026-05-27 15:22:11,014] 49 root - INFO - Started Regular Expression mapping
[ 2026-05-27 15:22:11,014] 174 root - INFO - Data transformation complete
[ 2026-05-27 15:22:11,014] 49 root - INFO - Started Regular Expression mapping
[ 2026-05-27 15:22:11,014] 174 root - INFO - Data transformation complete
[ 2026-05-27 15:22:11,014] 49 root - INFO - Started Regular Expression mapping
[ 2026-05-27 15:22:11,014] 174 root - INFO - Data transformation complete
[ 2026-05-27 15:22:11,014] 49 root - INFO - Started Regular Expression mapping
[ 2026-05-27 15:22:11,015] 174 root - INFO - Data transformation complete
[ 2026-05-27 15:22:11,015] 49 root - INFO - Started Regular Expression mapping
[ 2026-05-27 15:22:11,015] 174 root - INFO - Data transformation complete
[ 2026-05-27 15:22:11,015] 49 root - INFO - Started Regular Expression mapping
[ 2026-05-27 15:22:11,015] 174 root - INFO - Data transformation complete
[ 2026-05-27 15:22:11,015] 49 root - INFO - Started Regular Expression mapping
[ 2026-05-27 15:22:11,016] 174 root - INFO - Data transformation complete
[ 2026-05-27 15:22:11,016] 49 root - INFO - Started Regular Expression mapping
[ 2026-05-27 15:22:11,016] 174 root - INFO - Data transformation complete
[ 2026-05-27 15:22:11,016] 49 root - INFO - Started Regular Expression mapping
[ 2026-05-27 15:22:11,016] 174 root - INFO - Data transformation complete
[ 2026-05-27 15:22:11,016] 49 root - INFO - Started Regular Expression mapping
[ 2026-05-27 15:22:11,016] 25 root - INFO - Match heuristic business names to paybill payments
[ 2026-05-27 15:22:11,017] 174 root - INFO - Data transformation complete
[ 2026-05-27 15:22:11,017] 49 root - INFO - Started Regular Expression mapping
[ 2026-05-27 15:22:11,017] 174 root - INFO - Data transformation complete
[ 2026-05-27 15:22:11,017] 49 root - INFO - Started Regular Expression mapping
[ 2026-05-27 15:22:11,017] 174 root - INFO - Data transformation complete
[ 2026-05-27 15:22:11,017] 49 root - INFO - Started Regular Expression mapping
[ 2026-05-27 15:22:11,017] 174 root - INFO - Data transformation complete
[ 2026-05-27 15:22:11,018] 49 root - INFO - Started Regular Expression mapping
[ 2026-05-27 15:22:11,018] 174 root - INFO - Data transformation complete
[ 2026-05-27 15:22:11,018] 49 root - INFO - Started Regular Expression mapping
[ 2026-05-27 15:22:11,018] 174 root - INFO - Data transformation complete
[ 2026-05-27 15:22:11,018] 49 root - INFO - Started Regular Expression mapping
[ 2026-05-27 15:22:11,018] 174 root - INFO - Data transformation complete
[ 2026-05-27 15:22:11,018] 49 root - INFO - Started Regular Expression mapping
[ 2026-05-27 15:22:11,019] 174 root - INFO - Data transformation complete
[ 2026-05-27 15:22:11,019] 49 root - INFO - Started Regular Expression mapping
[ 2026-05-27 15:22:11,019] 174 root - INFO - Data transformation complete
[ 2026-05-27 15:22:11,019] 49 root - INFO - Started Regular Expression mapping
[ 2026-05-27 15:22:11,019] 174 root - INFO - Data transformation complete
[ 2026-05-27 15:22:11,019] 49 root - INFO - Started Regular Expression mapping
[ 2026-05-27 15:22:11,019] 174 root - INFO - Data transformation complete
[ 2026-05-27 15:22:11,020] 49 root - INFO - Started Regular Expression mapping
[ 2026-05-27 15:22:11,020] 25 root - INFO - Match heuristic business names to paybill payments
[ 2026-05-27 15:22:11,020] 174 root - INFO - Data transformation complete
[ 2026-05-27 15:22:11,020] 49 root - INFO - Started Regular Expression mapping
[ 2026-05-27 15:22:11,020] 174 root - INFO - Data transformation complete
[ 2026-05-27 15:22:11,020] 49 root - INFO - Started Regular Expression mapping
[ 2026-05-27 15:22:11,020] 174 root - INFO - Data transformation complete
[ 2026-05-27 15:22:11,021] 49 root - INFO - Started Regular Expression mapping
[ 2026-05-27 15:22:11,021] 174 root - INFO - Data transformation complete
[ 2026-05-27 15:22:11,021] 49 root - INFO - Started Regular Expression mapping
[ 2026-05-27 15:22:11,021] 174 root - INFO - Data transformation complete
[ 2026-05-27 15:22:11,021] 49 root - INFO - Started Regular Expression mapping
[ 2026-05-27 15:22:11,021] 174 root - INFO - Data transformation complete
[ 2026-05-27 15:22:11,064] 194 root - INFO - Data parsing complete
[ 2026-05-27 15:22:11,065] 60 root - INFO - Entered feature engineering object
[ 2026-05-27 15:22:11,066] 22 root - INFO - Data pivoting started
[ 2026-05-27 15:22:11,124] 52 root - INFO - Data pivoting complete
[ 2026-05-27 15:22:11,143] 100 root - INFO - Feature engineerig complete
[ 2026-05-27 15:22:11,157] 100 root - INFO - Feature engineerig complete
[ 2026-05-27 15:22:11,172] 100 root - INFO - Feature engineerig complete
[ 2026-05-27 15:22:11,188] 100 root - INFO - Feature engineerig complete
[ 2026-05-27 15:22:11,201] 100 root - INFO - Feature engineerig complete
[ 2026-05-27 15:22:11,215] 100 root - INFO - Feature engineerig complete
[ 2026-05-27 15:22:11,216] 29 root - INFO - Entered model training object
[ 2026-05-27 15:22:11,216] 60 root - INFO - Entered feature engineering object
[ 2026-05-27 15:22:11,216] 22 root - INFO - Data pivoting started
[ 2026-05-27 15:22:11,241] 52 root - INFO - Data pivoting complete
[ 2026-05-27 15:22:11,257] 100 root - INFO - Feature engineerig complete
[ 2026-05-27 15:22:11,271] 100 root - INFO - Feature engineerig complete
[ 2026-05-27 15:22:11,337] 100 root - INFO - Feature engineerig complete
[ 2026-05-27 15:22:11,350] 100 root - INFO - Feature engineerig complete
[ 2026-05-27 15:22:11,363] 100 root - INFO - Feature engineerig complete
[ 2026-05-27 15:22:11,376] 100 root - INFO - Feature engineerig complete
[ 2026-05-27 15:22:11,434] 82 root - INFO - Model trained and saved successfully
[ 2026-05-27 15:22:11,488] 82 root - INFO - Model trained and saved successfully
[ 2026-05-27 15:22:11,545] 82 root - INFO - Model trained and saved successfully
[ 2026-05-27 15:22:11,602] 82 root - INFO - Model trained and saved successfully
[ 2026-05-27 15:22:11,673] 82 root - INFO - Model trained and saved successfully
[ 2026-05-27 15:22:11,735] 82 root - INFO - Model trained and saved successfully
