[ 2026-05-26 20:43:13,715] 26 root - INFO - Entered data ingestion method
[ 2026-05-26 20:43:13,984] 48 root - INFO - Data parsing successful
[ 2026-05-26 20:43:14,061] 53 root - INFO - Data Ingestion complete!
[ 2026-05-26 20:43:14,068] 181 root - INFO - Entered data transformation object
[ 2026-05-26 20:43:14,161] 49 root - INFO - Started Regular Expression mapping
[ 2026-05-26 20:43:14,173] 25 root - INFO - Match heuristic business names to paybill payments
[ 2026-05-26 20:43:14,174] 174 root - INFO - Data transformation complete
[ 2026-05-26 20:43:14,174] 49 root - INFO - Started Regular Expression mapping
[ 2026-05-26 20:43:14,176] 174 root - INFO - Data transformation complete
[ 2026-05-26 20:43:14,176] 49 root - INFO - Started Regular Expression mapping
[ 2026-05-26 20:43:14,176] 174 root - INFO - Data transformation complete
[ 2026-05-26 20:43:14,177] 49 root - INFO - Started Regular Expression mapping
[ 2026-05-26 20:43:14,177] 174 root - INFO - Data transformation complete
[ 2026-05-26 20:43:14,177] 49 root - INFO - Started Regular Expression mapping
[ 2026-05-26 20:43:14,177] 25 root - INFO - Match heuristic business names to paybill payments
[ 2026-05-26 20:43:14,177] 174 root - INFO - Data transformation complete
[ 2026-05-26 20:43:14,178] 49 root - INFO - Started Regular Expression mapping
[ 2026-05-26 20:43:14,178] 174 root - INFO - Data transformation complete
[ 2026-05-26 20:43:14,178] 49 root - INFO - Started Regular Expression mapping
[ 2026-05-26 20:43:14,178] 174 root - INFO - Data transformation complete
[ 2026-05-26 20:43:14,178] 49 root - INFO - Started Regular Expression mapping
[ 2026-05-26 20:43:14,178] 174 root - INFO - Data transformation complete
[ 2026-05-26 20:43:14,178] 49 root - INFO - Started Regular Expression mapping
[ 2026-05-26 20:43:14,179] 174 root - INFO - Data transformation complete
[ 2026-05-26 20:43:14,179] 49 root - INFO - Started Regular Expression mapping
[ 2026-05-26 20:43:14,179] 174 root - INFO - Data transformation complete
[ 2026-05-26 20:43:14,179] 49 root - INFO - Started Regular Expression mapping
[ 2026-05-26 20:43:14,179] 174 root - INFO - Data transformation complete
[ 2026-05-26 20:43:14,179] 49 root - INFO - Started Regular Expression mapping
[ 2026-05-26 20:43:14,180] 174 root - INFO - Data transformation complete
[ 2026-05-26 20:43:14,180] 49 root - INFO - Started Regular Expression mapping
[ 2026-05-26 20:43:14,180] 25 root - INFO - Match heuristic business names to paybill payments
[ 2026-05-26 20:43:14,180] 174 root - INFO - Data transformation complete
[ 2026-05-26 20:43:14,180] 49 root - INFO - Started Regular Expression mapping
[ 2026-05-26 20:43:14,180] 174 root - INFO - Data transformation complete
[ 2026-05-26 20:43:14,180] 49 root - INFO - Started Regular Expression mapping
[ 2026-05-26 20:43:14,181] 174 root - INFO - Data transformation complete
[ 2026-05-26 20:43:14,181] 49 root - INFO - Started Regular Expression mapping
[ 2026-05-26 20:43:14,181] 174 root - INFO - Data transformation complete
[ 2026-05-26 20:43:14,181] 49 root - INFO - Started Regular Expression mapping
[ 2026-05-26 20:43:14,181] 174 root - INFO - Data transformation complete
[ 2026-05-26 20:43:14,181] 49 root - INFO - Started Regular Expression mapping
[ 2026-05-26 20:43:14,182] 174 root - INFO - Data transformation complete
[ 2026-05-26 20:43:14,182] 49 root - INFO - Started Regular Expression mapping
[ 2026-05-26 20:43:14,182] 174 root - INFO - Data transformation complete
[ 2026-05-26 20:43:14,182] 49 root - INFO - Started Regular Expression mapping
[ 2026-05-26 20:43:14,182] 174 root - INFO - Data transformation complete
[ 2026-05-26 20:43:14,182] 49 root - INFO - Started Regular Expression mapping
[ 2026-05-26 20:43:14,182] 174 root - INFO - Data transformation complete
[ 2026-05-26 20:43:14,183] 49 root - INFO - Started Regular Expression mapping
[ 2026-05-26 20:43:14,183] 174 root - INFO - Data transformation complete
[ 2026-05-26 20:43:14,183] 49 root - INFO - Started Regular Expression mapping
[ 2026-05-26 20:43:14,183] 25 root - INFO - Match heuristic business names to paybill payments
[ 2026-05-26 20:43:14,183] 174 root - INFO - Data transformation complete
[ 2026-05-26 20:43:14,183] 49 root - INFO - Started Regular Expression mapping
[ 2026-05-26 20:43:14,184] 174 root - INFO - Data transformation complete
[ 2026-05-26 20:43:14,184] 49 root - INFO - Started Regular Expression mapping
[ 2026-05-26 20:43:14,184] 174 root - INFO - Data transformation complete
[ 2026-05-26 20:43:14,184] 49 root - INFO - Started Regular Expression mapping
[ 2026-05-26 20:43:14,184] 174 root - INFO - Data transformation complete
[ 2026-05-26 20:43:14,184] 49 root - INFO - Started Regular Expression mapping
[ 2026-05-26 20:43:14,185] 25 root - INFO - Match heuristic business names to paybill payments
[ 2026-05-26 20:43:14,185] 174 root - INFO - Data transformation complete
[ 2026-05-26 20:43:14,185] 49 root - INFO - Started Regular Expression mapping
[ 2026-05-26 20:43:14,186] 174 root - INFO - Data transformation complete
[ 2026-05-26 20:43:14,186] 49 root - INFO - Started Regular Expression mapping
[ 2026-05-26 20:43:14,186] 174 root - INFO - Data transformation complete
[ 2026-05-26 20:43:14,186] 49 root - INFO - Started Regular Expression mapping
[ 2026-05-26 20:43:14,186] 174 root - INFO - Data transformation complete
[ 2026-05-26 20:43:14,186] 49 root - INFO - Started Regular Expression mapping
[ 2026-05-26 20:43:14,186] 174 root - INFO - Data transformation complete
[ 2026-05-26 20:43:14,186] 49 root - INFO - Started Regular Expression mapping
[ 2026-05-26 20:43:14,186] 174 root - INFO - Data transformation complete
[ 2026-05-26 20:43:14,186] 49 root - INFO - Started Regular Expression mapping
[ 2026-05-26 20:43:14,187] 174 root - INFO - Data transformation complete
[ 2026-05-26 20:43:14,187] 49 root - INFO - Started Regular Expression mapping
[ 2026-05-26 20:43:14,187] 174 root - INFO - Data transformation complete
[ 2026-05-26 20:43:14,187] 49 root - INFO - Started Regular Expression mapping
[ 2026-05-26 20:43:14,188] 174 root - INFO - Data transformation complete
[ 2026-05-26 20:43:14,188] 49 root - INFO - Started Regular Expression mapping
[ 2026-05-26 20:43:14,188] 174 root - INFO - Data transformation complete
[ 2026-05-26 20:43:14,188] 49 root - INFO - Started Regular Expression mapping
[ 2026-05-26 20:43:14,188] 25 root - INFO - Match heuristic business names to paybill payments
[ 2026-05-26 20:43:14,188] 174 root - INFO - Data transformation complete
[ 2026-05-26 20:43:14,188] 49 root - INFO - Started Regular Expression mapping
[ 2026-05-26 20:43:14,189] 174 root - INFO - Data transformation complete
[ 2026-05-26 20:43:14,189] 49 root - INFO - Started Regular Expression mapping
[ 2026-05-26 20:43:14,189] 174 root - INFO - Data transformation complete
[ 2026-05-26 20:43:14,189] 49 root - INFO - Started Regular Expression mapping
[ 2026-05-26 20:43:14,189] 174 root - INFO - Data transformation complete
[ 2026-05-26 20:43:14,189] 49 root - INFO - Started Regular Expression mapping
[ 2026-05-26 20:43:14,190] 174 root - INFO - Data transformation complete
[ 2026-05-26 20:43:14,190] 49 root - INFO - Started Regular Expression mapping
[ 2026-05-26 20:43:14,190] 25 root - INFO - Match heuristic business names to paybill payments
[ 2026-05-26 20:43:14,190] 174 root - INFO - Data transformation complete
[ 2026-05-26 20:43:14,190] 49 root - INFO - Started Regular Expression mapping
[ 2026-05-26 20:43:14,190] 174 root - INFO - Data transformation complete
[ 2026-05-26 20:43:14,190] 49 root - INFO - Started Regular Expression mapping
[ 2026-05-26 20:43:14,191] 174 root - INFO - Data transformation complete
[ 2026-05-26 20:43:14,191] 49 root - INFO - Started Regular Expression mapping
[ 2026-05-26 20:43:14,191] 25 root - INFO - Match heuristic business names to paybill payments
[ 2026-05-26 20:43:14,191] 174 root - INFO - Data transformation complete
[ 2026-05-26 20:43:14,191] 49 root - INFO - Started Regular Expression mapping
[ 2026-05-26 20:43:14,191] 25 root - INFO - Match heuristic business names to paybill payments
[ 2026-05-26 20:43:14,192] 174 root - INFO - Data transformation complete
[ 2026-05-26 20:43:14,192] 49 root - INFO - Started Regular Expression mapping
[ 2026-05-26 20:43:14,192] 174 root - INFO - Data transformation complete
[ 2026-05-26 20:43:14,192] 49 root - INFO - Started Regular Expression mapping
[ 2026-05-26 20:43:14,192] 25 root - INFO - Match heuristic business names to paybill payments
[ 2026-05-26 20:43:14,192] 174 root - INFO - Data transformation complete
[ 2026-05-26 20:43:14,192] 49 root - INFO - Started Regular Expression mapping
[ 2026-05-26 20:43:14,193] 174 root - INFO - Data transformation complete
[ 2026-05-26 20:43:14,193] 49 root - INFO - Started Regular Expression mapping
[ 2026-05-26 20:43:14,193] 174 root - INFO - Data transformation complete
[ 2026-05-26 20:43:14,193] 49 root - INFO - Started Regular Expression mapping
[ 2026-05-26 20:43:14,193] 174 root - INFO - Data transformation complete
[ 2026-05-26 20:43:14,193] 49 root - INFO - Started Regular Expression mapping
[ 2026-05-26 20:43:14,194] 174 root - INFO - Data transformation complete
[ 2026-05-26 20:43:14,194] 49 root - INFO - Started Regular Expression mapping
[ 2026-05-26 20:43:14,194] 25 root - INFO - Match heuristic business names to paybill payments
[ 2026-05-26 20:43:14,194] 174 root - INFO - Data transformation complete
[ 2026-05-26 20:43:14,194] 49 root - INFO - Started Regular Expression mapping
[ 2026-05-26 20:43:14,194] 25 root - INFO - Match heuristic business names to paybill payments
[ 2026-05-26 20:43:14,195] 174 root - INFO - Data transformation complete
[ 2026-05-26 20:43:14,195] 49 root - INFO - Started Regular Expression mapping
[ 2026-05-26 20:43:14,195] 25 root - INFO - Match heuristic business names to paybill payments
[ 2026-05-26 20:43:14,195] 174 root - INFO - Data transformation complete
[ 2026-05-26 20:43:14,196] 49 root - INFO - Started Regular Expression mapping
[ 2026-05-26 20:43:14,196] 174 root - INFO - Data transformation complete
[ 2026-05-26 20:43:14,196] 49 root - INFO - Started Regular Expression mapping
[ 2026-05-26 20:43:14,196] 174 root - INFO - Data transformation complete
[ 2026-05-26 20:43:14,196] 49 root - INFO - Started Regular Expression mapping
[ 2026-05-26 20:43:14,196] 174 root - INFO - Data transformation complete
[ 2026-05-26 20:43:14,196] 49 root - INFO - Started Regular Expression mapping
[ 2026-05-26 20:43:14,196] 25 root - INFO - Match heuristic business names to paybill payments
[ 2026-05-26 20:43:14,196] 174 root - INFO - Data transformation complete
[ 2026-05-26 20:43:14,196] 49 root - INFO - Started Regular Expression mapping
[ 2026-05-26 20:43:14,197] 174 root - INFO - Data transformation complete
[ 2026-05-26 20:43:14,197] 49 root - INFO - Started Regular Expression mapping
[ 2026-05-26 20:43:14,197] 25 root - INFO - Match heuristic business names to paybill payments
[ 2026-05-26 20:43:14,197] 174 root - INFO - Data transformation complete
[ 2026-05-26 20:43:14,197] 49 root - INFO - Started Regular Expression mapping
[ 2026-05-26 20:43:14,197] 25 root - INFO - Match heuristic business names to paybill payments
[ 2026-05-26 20:43:14,198] 174 root - INFO - Data transformation complete
[ 2026-05-26 20:43:14,198] 49 root - INFO - Started Regular Expression mapping
[ 2026-05-26 20:43:14,198] 174 root - INFO - Data transformation complete
[ 2026-05-26 20:43:14,198] 49 root - INFO - Started Regular Expression mapping
[ 2026-05-26 20:43:14,198] 174 root - INFO - Data transformation complete
[ 2026-05-26 20:43:14,198] 49 root - INFO - Started Regular Expression mapping
[ 2026-05-26 20:43:14,198] 174 root - INFO - Data transformation complete
[ 2026-05-26 20:43:14,199] 49 root - INFO - Started Regular Expression mapping
[ 2026-05-26 20:43:14,199] 25 root - INFO - Match heuristic business names to paybill payments
[ 2026-05-26 20:43:14,199] 174 root - INFO - Data transformation complete
[ 2026-05-26 20:43:14,199] 49 root - INFO - Started Regular Expression mapping
[ 2026-05-26 20:43:14,199] 174 root - INFO - Data transformation complete
[ 2026-05-26 20:43:14,199] 49 root - INFO - Started Regular Expression mapping
[ 2026-05-26 20:43:14,200] 174 root - INFO - Data transformation complete
[ 2026-05-26 20:43:14,200] 49 root - INFO - Started Regular Expression mapping
[ 2026-05-26 20:43:14,200] 25 root - INFO - Match heuristic business names to paybill payments
[ 2026-05-26 20:43:14,200] 174 root - INFO - Data transformation complete
[ 2026-05-26 20:43:14,200] 49 root - INFO - Started Regular Expression mapping
[ 2026-05-26 20:43:14,200] 25 root - INFO - Match heuristic business names to paybill payments
[ 2026-05-26 20:43:14,200] 174 root - INFO - Data transformation complete
[ 2026-05-26 20:43:14,201] 49 root - INFO - Started Regular Expression mapping
[ 2026-05-26 20:43:14,201] 174 root - INFO - Data transformation complete
[ 2026-05-26 20:43:14,201] 49 root - INFO - Started Regular Expression mapping
[ 2026-05-26 20:43:14,201] 174 root - INFO - Data transformation complete
[ 2026-05-26 20:43:14,201] 49 root - INFO - Started Regular Expression mapping
[ 2026-05-26 20:43:14,202] 25 root - INFO - Match heuristic business names to paybill payments
[ 2026-05-26 20:43:14,202] 174 root - INFO - Data transformation complete
[ 2026-05-26 20:43:14,202] 49 root - INFO - Started Regular Expression mapping
[ 2026-05-26 20:43:14,202] 174 root - INFO - Data transformation complete
[ 2026-05-26 20:43:14,202] 49 root - INFO - Started Regular Expression mapping
[ 2026-05-26 20:43:14,202] 174 root - INFO - Data transformation complete
[ 2026-05-26 20:43:14,203] 49 root - INFO - Started Regular Expression mapping
[ 2026-05-26 20:43:14,203] 174 root - INFO - Data transformation complete
[ 2026-05-26 20:43:14,203] 49 root - INFO - Started Regular Expression mapping
[ 2026-05-26 20:43:14,203] 25 root - INFO - Match heuristic business names to paybill payments
[ 2026-05-26 20:43:14,203] 174 root - INFO - Data transformation complete
[ 2026-05-26 20:43:14,203] 49 root - INFO - Started Regular Expression mapping
[ 2026-05-26 20:43:14,204] 174 root - INFO - Data transformation complete
[ 2026-05-26 20:43:14,204] 49 root - INFO - Started Regular Expression mapping
[ 2026-05-26 20:43:14,204] 25 root - INFO - Match heuristic business names to paybill payments
[ 2026-05-26 20:43:14,204] 174 root - INFO - Data transformation complete
[ 2026-05-26 20:43:14,204] 49 root - INFO - Started Regular Expression mapping
[ 2026-05-26 20:43:14,204] 25 root - INFO - Match heuristic business names to paybill payments
[ 2026-05-26 20:43:14,204] 174 root - INFO - Data transformation complete
[ 2026-05-26 20:43:14,205] 49 root - INFO - Started Regular Expression mapping
[ 2026-05-26 20:43:14,205] 174 root - INFO - Data transformation complete
[ 2026-05-26 20:43:14,205] 49 root - INFO - Started Regular Expression mapping
[ 2026-05-26 20:43:14,206] 174 root - INFO - Data transformation complete
[ 2026-05-26 20:43:14,206] 49 root - INFO - Started Regular Expression mapping
[ 2026-05-26 20:43:14,206] 25 root - INFO - Match heuristic business names to paybill payments
[ 2026-05-26 20:43:14,206] 174 root - INFO - Data transformation complete
[ 2026-05-26 20:43:14,206] 49 root - INFO - Started Regular Expression mapping
[ 2026-05-26 20:43:14,206] 25 root - INFO - Match heuristic business names to paybill payments
[ 2026-05-26 20:43:14,206] 174 root - INFO - Data transformation complete
[ 2026-05-26 20:43:14,206] 49 root - INFO - Started Regular Expression mapping
[ 2026-05-26 20:43:14,206] 174 root - INFO - Data transformation complete
[ 2026-05-26 20:43:14,206] 49 root - INFO - Started Regular Expression mapping
[ 2026-05-26 20:43:14,207] 174 root - INFO - Data transformation complete
[ 2026-05-26 20:43:14,207] 49 root - INFO - Started Regular Expression mapping
[ 2026-05-26 20:43:14,207] 25 root - INFO - Match heuristic business names to paybill payments
[ 2026-05-26 20:43:14,207] 174 root - INFO - Data transformation complete
[ 2026-05-26 20:43:14,208] 49 root - INFO - Started Regular Expression mapping
[ 2026-05-26 20:43:14,208] 174 root - INFO - Data transformation complete
[ 2026-05-26 20:43:14,208] 49 root - INFO - Started Regular Expression mapping
[ 2026-05-26 20:43:14,208] 174 root - INFO - Data transformation complete
[ 2026-05-26 20:43:14,208] 49 root - INFO - Started Regular Expression mapping
[ 2026-05-26 20:43:14,208] 25 root - INFO - Match heuristic business names to paybill payments
[ 2026-05-26 20:43:14,209] 174 root - INFO - Data transformation complete
[ 2026-05-26 20:43:14,209] 49 root - INFO - Started Regular Expression mapping
[ 2026-05-26 20:43:14,209] 25 root - INFO - Match heuristic business names to paybill payments
[ 2026-05-26 20:43:14,209] 174 root - INFO - Data transformation complete
[ 2026-05-26 20:43:14,209] 49 root - INFO - Started Regular Expression mapping
[ 2026-05-26 20:43:14,209] 25 root - INFO - Match heuristic business names to paybill payments
[ 2026-05-26 20:43:14,210] 174 root - INFO - Data transformation complete
[ 2026-05-26 20:43:14,210] 49 root - INFO - Started Regular Expression mapping
[ 2026-05-26 20:43:14,210] 25 root - INFO - Match heuristic business names to paybill payments
[ 2026-05-26 20:43:14,210] 174 root - INFO - Data transformation complete
[ 2026-05-26 20:43:14,210] 49 root - INFO - Started Regular Expression mapping
[ 2026-05-26 20:43:14,210] 174 root - INFO - Data transformation complete
[ 2026-05-26 20:43:14,210] 49 root - INFO - Started Regular Expression mapping
[ 2026-05-26 20:43:14,211] 174 root - INFO - Data transformation complete
[ 2026-05-26 20:43:14,211] 49 root - INFO - Started Regular Expression mapping
[ 2026-05-26 20:43:14,211] 25 root - INFO - Match heuristic business names to paybill payments
[ 2026-05-26 20:43:14,211] 174 root - INFO - Data transformation complete
[ 2026-05-26 20:43:14,211] 49 root - INFO - Started Regular Expression mapping
[ 2026-05-26 20:43:14,211] 25 root - INFO - Match heuristic business names to paybill payments
[ 2026-05-26 20:43:14,212] 174 root - INFO - Data transformation complete
[ 2026-05-26 20:43:14,212] 49 root - INFO - Started Regular Expression mapping
[ 2026-05-26 20:43:14,212] 25 root - INFO - Match heuristic business names to paybill payments
[ 2026-05-26 20:43:14,212] 174 root - INFO - Data transformation complete
[ 2026-05-26 20:43:14,212] 49 root - INFO - Started Regular Expression mapping
[ 2026-05-26 20:43:14,212] 25 root - INFO - Match heuristic business names to paybill payments
[ 2026-05-26 20:43:14,212] 174 root - INFO - Data transformation complete
[ 2026-05-26 20:43:14,213] 49 root - INFO - Started Regular Expression mapping
[ 2026-05-26 20:43:14,213] 174 root - INFO - Data transformation complete
[ 2026-05-26 20:43:14,213] 49 root - INFO - Started Regular Expression mapping
[ 2026-05-26 20:43:14,213] 174 root - INFO - Data transformation complete
[ 2026-05-26 20:43:14,213] 49 root - INFO - Started Regular Expression mapping
[ 2026-05-26 20:43:14,213] 25 root - INFO - Match heuristic business names to paybill payments
[ 2026-05-26 20:43:14,213] 174 root - INFO - Data transformation complete
[ 2026-05-26 20:43:14,214] 49 root - INFO - Started Regular Expression mapping
[ 2026-05-26 20:43:14,214] 174 root - INFO - Data transformation complete
[ 2026-05-26 20:43:14,214] 49 root - INFO - Started Regular Expression mapping
[ 2026-05-26 20:43:14,214] 25 root - INFO - Match heuristic business names to paybill payments
[ 2026-05-26 20:43:14,214] 174 root - INFO - Data transformation complete
[ 2026-05-26 20:43:14,214] 49 root - INFO - Started Regular Expression mapping
[ 2026-05-26 20:43:14,214] 25 root - INFO - Match heuristic business names to paybill payments
[ 2026-05-26 20:43:14,214] 174 root - INFO - Data transformation complete
[ 2026-05-26 20:43:14,214] 49 root - INFO - Started Regular Expression mapping
[ 2026-05-26 20:43:14,215] 174 root - INFO - Data transformation complete
[ 2026-05-26 20:43:14,215] 49 root - INFO - Started Regular Expression mapping
[ 2026-05-26 20:43:14,215] 174 root - INFO - Data transformation complete
[ 2026-05-26 20:43:14,216] 49 root - INFO - Started Regular Expression mapping
[ 2026-05-26 20:43:14,216] 25 root - INFO - Match heuristic business names to paybill payments
[ 2026-05-26 20:43:14,216] 174 root - INFO - Data transformation complete
[ 2026-05-26 20:43:14,216] 49 root - INFO - Started Regular Expression mapping
[ 2026-05-26 20:43:14,216] 174 root - INFO - Data transformation complete
[ 2026-05-26 20:43:14,216] 49 root - INFO - Started Regular Expression mapping
[ 2026-05-26 20:43:14,217] 174 root - INFO - Data transformation complete
[ 2026-05-26 20:43:14,217] 49 root - INFO - Started Regular Expression mapping
[ 2026-05-26 20:43:14,217] 174 root - INFO - Data transformation complete
[ 2026-05-26 20:43:14,217] 49 root - INFO - Started Regular Expression mapping
[ 2026-05-26 20:43:14,217] 174 root - INFO - Data transformation complete
[ 2026-05-26 20:43:14,217] 49 root - INFO - Started Regular Expression mapping
[ 2026-05-26 20:43:14,218] 25 root - INFO - Match heuristic business names to paybill payments
[ 2026-05-26 20:43:14,218] 174 root - INFO - Data transformation complete
[ 2026-05-26 20:43:14,218] 49 root - INFO - Started Regular Expression mapping
[ 2026-05-26 20:43:14,218] 25 root - INFO - Match heuristic business names to paybill payments
[ 2026-05-26 20:43:14,218] 174 root - INFO - Data transformation complete
[ 2026-05-26 20:43:14,218] 49 root - INFO - Started Regular Expression mapping
[ 2026-05-26 20:43:14,219] 25 root - INFO - Match heuristic business names to paybill payments
[ 2026-05-26 20:43:14,219] 174 root - INFO - Data transformation complete
[ 2026-05-26 20:43:14,219] 49 root - INFO - Started Regular Expression mapping
[ 2026-05-26 20:43:14,219] 174 root - INFO - Data transformation complete
[ 2026-05-26 20:43:14,219] 49 root - INFO - Started Regular Expression mapping
[ 2026-05-26 20:43:14,219] 25 root - INFO - Match heuristic business names to paybill payments
[ 2026-05-26 20:43:14,219] 174 root - INFO - Data transformation complete
[ 2026-05-26 20:43:14,220] 49 root - INFO - Started Regular Expression mapping
[ 2026-05-26 20:43:14,220] 174 root - INFO - Data transformation complete
[ 2026-05-26 20:43:14,220] 49 root - INFO - Started Regular Expression mapping
[ 2026-05-26 20:43:14,220] 174 root - INFO - Data transformation complete
[ 2026-05-26 20:43:14,220] 49 root - INFO - Started Regular Expression mapping
[ 2026-05-26 20:43:14,220] 174 root - INFO - Data transformation complete
[ 2026-05-26 20:43:14,221] 49 root - INFO - Started Regular Expression mapping
[ 2026-05-26 20:43:14,221] 174 root - INFO - Data transformation complete
[ 2026-05-26 20:43:14,221] 49 root - INFO - Started Regular Expression mapping
[ 2026-05-26 20:43:14,221] 174 root - INFO - Data transformation complete
[ 2026-05-26 20:43:14,221] 49 root - INFO - Started Regular Expression mapping
[ 2026-05-26 20:43:14,221] 174 root - INFO - Data transformation complete
[ 2026-05-26 20:43:14,221] 49 root - INFO - Started Regular Expression mapping
[ 2026-05-26 20:43:14,222] 174 root - INFO - Data transformation complete
[ 2026-05-26 20:43:14,222] 49 root - INFO - Started Regular Expression mapping
[ 2026-05-26 20:43:14,222] 174 root - INFO - Data transformation complete
[ 2026-05-26 20:43:14,222] 49 root - INFO - Started Regular Expression mapping
[ 2026-05-26 20:43:14,222] 25 root - INFO - Match heuristic business names to paybill payments
[ 2026-05-26 20:43:14,222] 174 root - INFO - Data transformation complete
[ 2026-05-26 20:43:14,223] 49 root - INFO - Started Regular Expression mapping
[ 2026-05-26 20:43:14,223] 25 root - INFO - Match heuristic business names to paybill payments
[ 2026-05-26 20:43:14,223] 174 root - INFO - Data transformation complete
[ 2026-05-26 20:43:14,223] 49 root - INFO - Started Regular Expression mapping
[ 2026-05-26 20:43:14,223] 25 root - INFO - Match heuristic business names to paybill payments
[ 2026-05-26 20:43:14,223] 174 root - INFO - Data transformation complete
[ 2026-05-26 20:43:14,223] 49 root - INFO - Started Regular Expression mapping
[ 2026-05-26 20:43:14,224] 25 root - INFO - Match heuristic business names to paybill payments
[ 2026-05-26 20:43:14,224] 174 root - INFO - Data transformation complete
[ 2026-05-26 20:43:14,224] 49 root - INFO - Started Regular Expression mapping
[ 2026-05-26 20:43:14,224] 174 root - INFO - Data transformation complete
[ 2026-05-26 20:43:14,224] 49 root - INFO - Started Regular Expression mapping
[ 2026-05-26 20:43:14,224] 174 root - INFO - Data transformation complete
[ 2026-05-26 20:43:14,225] 49 root - INFO - Started Regular Expression mapping
[ 2026-05-26 20:43:14,225] 25 root - INFO - Match heuristic business names to paybill payments
[ 2026-05-26 20:43:14,225] 174 root - INFO - Data transformation complete
[ 2026-05-26 20:43:14,225] 49 root - INFO - Started Regular Expression mapping
[ 2026-05-26 20:43:14,226] 174 root - INFO - Data transformation complete
[ 2026-05-26 20:43:14,226] 49 root - INFO - Started Regular Expression mapping
[ 2026-05-26 20:43:14,226] 174 root - INFO - Data transformation complete
[ 2026-05-26 20:43:14,226] 49 root - INFO - Started Regular Expression mapping
[ 2026-05-26 20:43:14,226] 174 root - INFO - Data transformation complete
[ 2026-05-26 20:43:14,226] 49 root - INFO - Started Regular Expression mapping
[ 2026-05-26 20:43:14,226] 25 root - INFO - Match heuristic business names to paybill payments
[ 2026-05-26 20:43:14,226] 174 root - INFO - Data transformation complete
[ 2026-05-26 20:43:14,226] 49 root - INFO - Started Regular Expression mapping
[ 2026-05-26 20:43:14,227] 174 root - INFO - Data transformation complete
[ 2026-05-26 20:43:14,227] 49 root - INFO - Started Regular Expression mapping
[ 2026-05-26 20:43:14,227] 174 root - INFO - Data transformation complete
[ 2026-05-26 20:43:14,227] 49 root - INFO - Started Regular Expression mapping
[ 2026-05-26 20:43:14,228] 174 root - INFO - Data transformation complete
[ 2026-05-26 20:43:14,228] 49 root - INFO - Started Regular Expression mapping
[ 2026-05-26 20:43:14,228] 174 root - INFO - Data transformation complete
[ 2026-05-26 20:43:14,228] 49 root - INFO - Started Regular Expression mapping
[ 2026-05-26 20:43:14,228] 174 root - INFO - Data transformation complete
[ 2026-05-26 20:43:14,228] 49 root - INFO - Started Regular Expression mapping
[ 2026-05-26 20:43:14,229] 174 root - INFO - Data transformation complete
[ 2026-05-26 20:43:14,229] 49 root - INFO - Started Regular Expression mapping
[ 2026-05-26 20:43:14,229] 174 root - INFO - Data transformation complete
[ 2026-05-26 20:43:14,229] 49 root - INFO - Started Regular Expression mapping
[ 2026-05-26 20:43:14,229] 25 root - INFO - Match heuristic business names to paybill payments
[ 2026-05-26 20:43:14,229] 174 root - INFO - Data transformation complete
[ 2026-05-26 20:43:14,229] 49 root - INFO - Started Regular Expression mapping
[ 2026-05-26 20:43:14,230] 174 root - INFO - Data transformation complete
[ 2026-05-26 20:43:14,230] 49 root - INFO - Started Regular Expression mapping
[ 2026-05-26 20:43:14,230] 174 root - INFO - Data transformation complete
[ 2026-05-26 20:43:14,230] 49 root - INFO - Started Regular Expression mapping
[ 2026-05-26 20:43:14,230] 25 root - INFO - Match heuristic business names to paybill payments
[ 2026-05-26 20:43:14,230] 174 root - INFO - Data transformation complete
[ 2026-05-26 20:43:14,231] 49 root - INFO - Started Regular Expression mapping
[ 2026-05-26 20:43:14,231] 174 root - INFO - Data transformation complete
[ 2026-05-26 20:43:14,231] 49 root - INFO - Started Regular Expression mapping
[ 2026-05-26 20:43:14,231] 174 root - INFO - Data transformation complete
[ 2026-05-26 20:43:14,231] 49 root - INFO - Started Regular Expression mapping
[ 2026-05-26 20:43:14,231] 174 root - INFO - Data transformation complete
[ 2026-05-26 20:43:14,231] 49 root - INFO - Started Regular Expression mapping
[ 2026-05-26 20:43:14,232] 174 root - INFO - Data transformation complete
[ 2026-05-26 20:43:14,232] 49 root - INFO - Started Regular Expression mapping
[ 2026-05-26 20:43:14,232] 25 root - INFO - Match heuristic business names to paybill payments
[ 2026-05-26 20:43:14,232] 174 root - INFO - Data transformation complete
[ 2026-05-26 20:43:14,232] 49 root - INFO - Started Regular Expression mapping
[ 2026-05-26 20:43:14,232] 25 root - INFO - Match heuristic business names to paybill payments
[ 2026-05-26 20:43:14,233] 174 root - INFO - Data transformation complete
[ 2026-05-26 20:43:14,233] 49 root - INFO - Started Regular Expression mapping
[ 2026-05-26 20:43:14,233] 174 root - INFO - Data transformation complete
[ 2026-05-26 20:43:14,233] 49 root - INFO - Started Regular Expression mapping
[ 2026-05-26 20:43:14,233] 25 root - INFO - Match heuristic business names to paybill payments
[ 2026-05-26 20:43:14,233] 174 root - INFO - Data transformation complete
[ 2026-05-26 20:43:14,233] 49 root - INFO - Started Regular Expression mapping
[ 2026-05-26 20:43:14,234] 174 root - INFO - Data transformation complete
[ 2026-05-26 20:43:14,234] 49 root - INFO - Started Regular Expression mapping
[ 2026-05-26 20:43:14,234] 174 root - INFO - Data transformation complete
[ 2026-05-26 20:43:14,234] 49 root - INFO - Started Regular Expression mapping
[ 2026-05-26 20:43:14,234] 174 root - INFO - Data transformation complete
[ 2026-05-26 20:43:14,234] 49 root - INFO - Started Regular Expression mapping
[ 2026-05-26 20:43:14,234] 25 root - INFO - Match heuristic business names to paybill payments
[ 2026-05-26 20:43:14,234] 174 root - INFO - Data transformation complete
[ 2026-05-26 20:43:14,234] 49 root - INFO - Started Regular Expression mapping
[ 2026-05-26 20:43:14,235] 25 root - INFO - Match heuristic business names to paybill payments
[ 2026-05-26 20:43:14,235] 174 root - INFO - Data transformation complete
[ 2026-05-26 20:43:14,235] 49 root - INFO - Started Regular Expression mapping
[ 2026-05-26 20:43:14,235] 25 root - INFO - Match heuristic business names to paybill payments
[ 2026-05-26 20:43:14,236] 174 root - INFO - Data transformation complete
[ 2026-05-26 20:43:14,236] 49 root - INFO - Started Regular Expression mapping
[ 2026-05-26 20:43:14,236] 174 root - INFO - Data transformation complete
[ 2026-05-26 20:43:14,236] 49 root - INFO - Started Regular Expression mapping
[ 2026-05-26 20:43:14,236] 174 root - INFO - Data transformation complete
[ 2026-05-26 20:43:14,236] 49 root - INFO - Started Regular Expression mapping
[ 2026-05-26 20:43:14,237] 174 root - INFO - Data transformation complete
[ 2026-05-26 20:43:14,237] 49 root - INFO - Started Regular Expression mapping
[ 2026-05-26 20:43:14,237] 174 root - INFO - Data transformation complete
[ 2026-05-26 20:43:14,237] 49 root - INFO - Started Regular Expression mapping
[ 2026-05-26 20:43:14,237] 25 root - INFO - Match heuristic business names to paybill payments
[ 2026-05-26 20:43:14,237] 174 root - INFO - Data transformation complete
[ 2026-05-26 20:43:14,237] 49 root - INFO - Started Regular Expression mapping
[ 2026-05-26 20:43:14,238] 174 root - INFO - Data transformation complete
[ 2026-05-26 20:43:14,238] 49 root - INFO - Started Regular Expression mapping
[ 2026-05-26 20:43:14,238] 174 root - INFO - Data transformation complete
[ 2026-05-26 20:43:14,238] 49 root - INFO - Started Regular Expression mapping
[ 2026-05-26 20:43:14,238] 174 root - INFO - Data transformation complete
[ 2026-05-26 20:43:14,238] 49 root - INFO - Started Regular Expression mapping
[ 2026-05-26 20:43:14,239] 174 root - INFO - Data transformation complete
[ 2026-05-26 20:43:14,239] 49 root - INFO - Started Regular Expression mapping
[ 2026-05-26 20:43:14,239] 25 root - INFO - Match heuristic business names to paybill payments
[ 2026-05-26 20:43:14,239] 174 root - INFO - Data transformation complete
[ 2026-05-26 20:43:14,239] 49 root - INFO - Started Regular Expression mapping
[ 2026-05-26 20:43:14,239] 174 root - INFO - Data transformation complete
[ 2026-05-26 20:43:14,239] 49 root - INFO - Started Regular Expression mapping
[ 2026-05-26 20:43:14,240] 174 root - INFO - Data transformation complete
[ 2026-05-26 20:43:14,240] 49 root - INFO - Started Regular Expression mapping
[ 2026-05-26 20:43:14,240] 174 root - INFO - Data transformation complete
[ 2026-05-26 20:43:14,240] 49 root - INFO - Started Regular Expression mapping
[ 2026-05-26 20:43:14,240] 174 root - INFO - Data transformation complete
[ 2026-05-26 20:43:14,240] 49 root - INFO - Started Regular Expression mapping
[ 2026-05-26 20:43:14,241] 25 root - INFO - Match heuristic business names to paybill payments
[ 2026-05-26 20:43:14,241] 174 root - INFO - Data transformation complete
[ 2026-05-26 20:43:14,241] 49 root - INFO - Started Regular Expression mapping
[ 2026-05-26 20:43:14,241] 174 root - INFO - Data transformation complete
[ 2026-05-26 20:43:14,241] 49 root - INFO - Started Regular Expression mapping
[ 2026-05-26 20:43:14,241] 174 root - INFO - Data transformation complete
[ 2026-05-26 20:43:14,242] 49 root - INFO - Started Regular Expression mapping
[ 2026-05-26 20:43:14,242] 174 root - INFO - Data transformation complete
[ 2026-05-26 20:43:14,242] 49 root - INFO - Started Regular Expression mapping
[ 2026-05-26 20:43:14,242] 174 root - INFO - Data transformation complete
[ 2026-05-26 20:43:14,242] 49 root - INFO - Started Regular Expression mapping
[ 2026-05-26 20:43:14,242] 25 root - INFO - Match heuristic business names to paybill payments
[ 2026-05-26 20:43:14,243] 174 root - INFO - Data transformation complete
[ 2026-05-26 20:43:14,243] 49 root - INFO - Started Regular Expression mapping
[ 2026-05-26 20:43:14,243] 174 root - INFO - Data transformation complete
[ 2026-05-26 20:43:14,243] 49 root - INFO - Started Regular Expression mapping
[ 2026-05-26 20:43:14,243] 25 root - INFO - Match heuristic business names to paybill payments
[ 2026-05-26 20:43:14,243] 174 root - INFO - Data transformation complete
[ 2026-05-26 20:43:14,243] 49 root - INFO - Started Regular Expression mapping
[ 2026-05-26 20:43:14,244] 25 root - INFO - Match heuristic business names to paybill payments
[ 2026-05-26 20:43:14,244] 174 root - INFO - Data transformation complete
[ 2026-05-26 20:43:14,244] 49 root - INFO - Started Regular Expression mapping
[ 2026-05-26 20:43:14,244] 174 root - INFO - Data transformation complete
[ 2026-05-26 20:43:14,244] 49 root - INFO - Started Regular Expression mapping
[ 2026-05-26 20:43:14,244] 25 root - INFO - Match heuristic business names to paybill payments
[ 2026-05-26 20:43:14,244] 174 root - INFO - Data transformation complete
[ 2026-05-26 20:43:14,244] 49 root - INFO - Started Regular Expression mapping
[ 2026-05-26 20:43:14,244] 174 root - INFO - Data transformation complete
[ 2026-05-26 20:43:14,244] 49 root - INFO - Started Regular Expression mapping
[ 2026-05-26 20:43:14,245] 174 root - INFO - Data transformation complete
[ 2026-05-26 20:43:14,245] 49 root - INFO - Started Regular Expression mapping
[ 2026-05-26 20:43:14,245] 174 root - INFO - Data transformation complete
[ 2026-05-26 20:43:14,246] 49 root - INFO - Started Regular Expression mapping
[ 2026-05-26 20:43:14,246] 174 root - INFO - Data transformation complete
[ 2026-05-26 20:43:14,246] 49 root - INFO - Started Regular Expression mapping
[ 2026-05-26 20:43:14,246] 174 root - INFO - Data transformation complete
[ 2026-05-26 20:43:14,246] 49 root - INFO - Started Regular Expression mapping
[ 2026-05-26 20:43:14,247] 174 root - INFO - Data transformation complete
[ 2026-05-26 20:43:14,247] 49 root - INFO - Started Regular Expression mapping
[ 2026-05-26 20:43:14,247] 25 root - INFO - Match heuristic business names to paybill payments
[ 2026-05-26 20:43:14,247] 174 root - INFO - Data transformation complete
[ 2026-05-26 20:43:14,247] 49 root - INFO - Started Regular Expression mapping
[ 2026-05-26 20:43:14,248] 25 root - INFO - Match heuristic business names to paybill payments
[ 2026-05-26 20:43:14,248] 174 root - INFO - Data transformation complete
[ 2026-05-26 20:43:14,248] 49 root - INFO - Started Regular Expression mapping
[ 2026-05-26 20:43:14,248] 25 root - INFO - Match heuristic business names to paybill payments
[ 2026-05-26 20:43:14,248] 174 root - INFO - Data transformation complete
[ 2026-05-26 20:43:14,248] 49 root - INFO - Started Regular Expression mapping
[ 2026-05-26 20:43:14,249] 174 root - INFO - Data transformation complete
[ 2026-05-26 20:43:14,249] 49 root - INFO - Started Regular Expression mapping
[ 2026-05-26 20:43:14,249] 174 root - INFO - Data transformation complete
[ 2026-05-26 20:43:14,249] 49 root - INFO - Started Regular Expression mapping
[ 2026-05-26 20:43:14,249] 174 root - INFO - Data transformation complete
[ 2026-05-26 20:43:14,249] 49 root - INFO - Started Regular Expression mapping
[ 2026-05-26 20:43:14,250] 174 root - INFO - Data transformation complete
[ 2026-05-26 20:43:14,250] 49 root - INFO - Started Regular Expression mapping
[ 2026-05-26 20:43:14,250] 25 root - INFO - Match heuristic business names to paybill payments
[ 2026-05-26 20:43:14,250] 174 root - INFO - Data transformation complete
[ 2026-05-26 20:43:14,250] 49 root - INFO - Started Regular Expression mapping
[ 2026-05-26 20:43:14,250] 174 root - INFO - Data transformation complete
[ 2026-05-26 20:43:14,250] 49 root - INFO - Started Regular Expression mapping
[ 2026-05-26 20:43:14,251] 174 root - INFO - Data transformation complete
[ 2026-05-26 20:43:14,251] 49 root - INFO - Started Regular Expression mapping
[ 2026-05-26 20:43:14,251] 25 root - INFO - Match heuristic business names to paybill payments
[ 2026-05-26 20:43:14,251] 174 root - INFO - Data transformation complete
[ 2026-05-26 20:43:14,251] 49 root - INFO - Started Regular Expression mapping
[ 2026-05-26 20:43:14,251] 25 root - INFO - Match heuristic business names to paybill payments
[ 2026-05-26 20:43:14,252] 174 root - INFO - Data transformation complete
[ 2026-05-26 20:43:14,252] 49 root - INFO - Started Regular Expression mapping
[ 2026-05-26 20:43:14,252] 174 root - INFO - Data transformation complete
[ 2026-05-26 20:43:14,252] 49 root - INFO - Started Regular Expression mapping
[ 2026-05-26 20:43:14,252] 174 root - INFO - Data transformation complete
[ 2026-05-26 20:43:14,252] 49 root - INFO - Started Regular Expression mapping
[ 2026-05-26 20:43:14,253] 174 root - INFO - Data transformation complete
[ 2026-05-26 20:43:14,253] 49 root - INFO - Started Regular Expression mapping
[ 2026-05-26 20:43:14,253] 174 root - INFO - Data transformation complete
[ 2026-05-26 20:43:14,253] 49 root - INFO - Started Regular Expression mapping
[ 2026-05-26 20:43:14,253] 174 root - INFO - Data transformation complete
[ 2026-05-26 20:43:14,253] 49 root - INFO - Started Regular Expression mapping
[ 2026-05-26 20:43:14,253] 174 root - INFO - Data transformation complete
[ 2026-05-26 20:43:14,254] 49 root - INFO - Started Regular Expression mapping
[ 2026-05-26 20:43:14,254] 174 root - INFO - Data transformation complete
[ 2026-05-26 20:43:14,254] 49 root - INFO - Started Regular Expression mapping
[ 2026-05-26 20:43:14,254] 174 root - INFO - Data transformation complete
[ 2026-05-26 20:43:14,254] 49 root - INFO - Started Regular Expression mapping
[ 2026-05-26 20:43:14,254] 174 root - INFO - Data transformation complete
[ 2026-05-26 20:43:14,254] 49 root - INFO - Started Regular Expression mapping
[ 2026-05-26 20:43:14,254] 174 root - INFO - Data transformation complete
[ 2026-05-26 20:43:14,254] 49 root - INFO - Started Regular Expression mapping
[ 2026-05-26 20:43:14,255] 174 root - INFO - Data transformation complete
[ 2026-05-26 20:43:14,255] 49 root - INFO - Started Regular Expression mapping
[ 2026-05-26 20:43:14,255] 174 root - INFO - Data transformation complete
[ 2026-05-26 20:43:14,255] 49 root - INFO - Started Regular Expression mapping
[ 2026-05-26 20:43:14,255] 174 root - INFO - Data transformation complete
[ 2026-05-26 20:43:14,255] 49 root - INFO - Started Regular Expression mapping
[ 2026-05-26 20:43:14,255] 25 root - INFO - Match heuristic business names to paybill payments
[ 2026-05-26 20:43:14,256] 174 root - INFO - Data transformation complete
[ 2026-05-26 20:43:14,256] 49 root - INFO - Started Regular Expression mapping
[ 2026-05-26 20:43:14,256] 174 root - INFO - Data transformation complete
[ 2026-05-26 20:43:14,257] 49 root - INFO - Started Regular Expression mapping
[ 2026-05-26 20:43:14,257] 174 root - INFO - Data transformation complete
[ 2026-05-26 20:43:14,257] 49 root - INFO - Started Regular Expression mapping
[ 2026-05-26 20:43:14,257] 25 root - INFO - Match heuristic business names to paybill payments
[ 2026-05-26 20:43:14,257] 174 root - INFO - Data transformation complete
[ 2026-05-26 20:43:14,257] 49 root - INFO - Started Regular Expression mapping
[ 2026-05-26 20:43:14,258] 174 root - INFO - Data transformation complete
[ 2026-05-26 20:43:14,258] 49 root - INFO - Started Regular Expression mapping
[ 2026-05-26 20:43:14,258] 174 root - INFO - Data transformation complete
[ 2026-05-26 20:43:14,258] 49 root - INFO - Started Regular Expression mapping
[ 2026-05-26 20:43:14,258] 174 root - INFO - Data transformation complete
[ 2026-05-26 20:43:14,258] 49 root - INFO - Started Regular Expression mapping
[ 2026-05-26 20:43:14,259] 174 root - INFO - Data transformation complete
[ 2026-05-26 20:43:14,259] 49 root - INFO - Started Regular Expression mapping
[ 2026-05-26 20:43:14,259] 174 root - INFO - Data transformation complete
[ 2026-05-26 20:43:14,259] 49 root - INFO - Started Regular Expression mapping
[ 2026-05-26 20:43:14,259] 25 root - INFO - Match heuristic business names to paybill payments
[ 2026-05-26 20:43:14,259] 174 root - INFO - Data transformation complete
[ 2026-05-26 20:43:14,259] 49 root - INFO - Started Regular Expression mapping
[ 2026-05-26 20:43:14,260] 174 root - INFO - Data transformation complete
[ 2026-05-26 20:43:14,260] 49 root - INFO - Started Regular Expression mapping
[ 2026-05-26 20:43:14,260] 25 root - INFO - Match heuristic business names to paybill payments
[ 2026-05-26 20:43:14,260] 174 root - INFO - Data transformation complete
[ 2026-05-26 20:43:14,260] 49 root - INFO - Started Regular Expression mapping
[ 2026-05-26 20:43:14,260] 174 root - INFO - Data transformation complete
[ 2026-05-26 20:43:14,260] 49 root - INFO - Started Regular Expression mapping
[ 2026-05-26 20:43:14,261] 174 root - INFO - Data transformation complete
[ 2026-05-26 20:43:14,261] 49 root - INFO - Started Regular Expression mapping
[ 2026-05-26 20:43:14,261] 174 root - INFO - Data transformation complete
[ 2026-05-26 20:43:14,261] 49 root - INFO - Started Regular Expression mapping
[ 2026-05-26 20:43:14,261] 174 root - INFO - Data transformation complete
[ 2026-05-26 20:43:14,261] 49 root - INFO - Started Regular Expression mapping
[ 2026-05-26 20:43:14,262] 174 root - INFO - Data transformation complete
[ 2026-05-26 20:43:14,262] 49 root - INFO - Started Regular Expression mapping
[ 2026-05-26 20:43:14,262] 174 root - INFO - Data transformation complete
[ 2026-05-26 20:43:14,262] 49 root - INFO - Started Regular Expression mapping
[ 2026-05-26 20:43:14,262] 174 root - INFO - Data transformation complete
[ 2026-05-26 20:43:14,262] 49 root - INFO - Started Regular Expression mapping
[ 2026-05-26 20:43:14,263] 174 root - INFO - Data transformation complete
[ 2026-05-26 20:43:14,263] 49 root - INFO - Started Regular Expression mapping
[ 2026-05-26 20:43:14,263] 174 root - INFO - Data transformation complete
[ 2026-05-26 20:43:14,263] 49 root - INFO - Started Regular Expression mapping
[ 2026-05-26 20:43:14,263] 174 root - INFO - Data transformation complete
[ 2026-05-26 20:43:14,263] 49 root - INFO - Started Regular Expression mapping
[ 2026-05-26 20:43:14,263] 174 root - INFO - Data transformation complete
[ 2026-05-26 20:43:14,264] 49 root - INFO - Started Regular Expression mapping
[ 2026-05-26 20:43:14,264] 25 root - INFO - Match heuristic business names to paybill payments
[ 2026-05-26 20:43:14,264] 174 root - INFO - Data transformation complete
[ 2026-05-26 20:43:14,264] 49 root - INFO - Started Regular Expression mapping
[ 2026-05-26 20:43:14,264] 174 root - INFO - Data transformation complete
[ 2026-05-26 20:43:14,264] 49 root - INFO - Started Regular Expression mapping
[ 2026-05-26 20:43:14,264] 174 root - INFO - Data transformation complete
[ 2026-05-26 20:43:14,264] 49 root - INFO - Started Regular Expression mapping
[ 2026-05-26 20:43:14,264] 174 root - INFO - Data transformation complete
[ 2026-05-26 20:43:14,265] 49 root - INFO - Started Regular Expression mapping
[ 2026-05-26 20:43:14,265] 174 root - INFO - Data transformation complete
[ 2026-05-26 20:43:14,265] 49 root - INFO - Started Regular Expression mapping
[ 2026-05-26 20:43:14,265] 174 root - INFO - Data transformation complete
[ 2026-05-26 20:43:14,265] 49 root - INFO - Started Regular Expression mapping
[ 2026-05-26 20:43:14,265] 174 root - INFO - Data transformation complete
[ 2026-05-26 20:43:14,265] 49 root - INFO - Started Regular Expression mapping
[ 2026-05-26 20:43:14,266] 174 root - INFO - Data transformation complete
[ 2026-05-26 20:43:14,266] 49 root - INFO - Started Regular Expression mapping
[ 2026-05-26 20:43:14,267] 25 root - INFO - Match heuristic business names to paybill payments
[ 2026-05-26 20:43:14,267] 174 root - INFO - Data transformation complete
[ 2026-05-26 20:43:14,267] 49 root - INFO - Started Regular Expression mapping
[ 2026-05-26 20:43:14,267] 174 root - INFO - Data transformation complete
[ 2026-05-26 20:43:14,267] 49 root - INFO - Started Regular Expression mapping
[ 2026-05-26 20:43:14,268] 174 root - INFO - Data transformation complete
[ 2026-05-26 20:43:14,268] 49 root - INFO - Started Regular Expression mapping
[ 2026-05-26 20:43:14,268] 174 root - INFO - Data transformation complete
[ 2026-05-26 20:43:14,268] 49 root - INFO - Started Regular Expression mapping
[ 2026-05-26 20:43:14,268] 25 root - INFO - Match heuristic business names to paybill payments
[ 2026-05-26 20:43:14,268] 174 root - INFO - Data transformation complete
[ 2026-05-26 20:43:14,268] 49 root - INFO - Started Regular Expression mapping
[ 2026-05-26 20:43:14,269] 174 root - INFO - Data transformation complete
[ 2026-05-26 20:43:14,269] 49 root - INFO - Started Regular Expression mapping
[ 2026-05-26 20:43:14,269] 174 root - INFO - Data transformation complete
[ 2026-05-26 20:43:14,269] 49 root - INFO - Started Regular Expression mapping
[ 2026-05-26 20:43:14,269] 25 root - INFO - Match heuristic business names to paybill payments
[ 2026-05-26 20:43:14,269] 174 root - INFO - Data transformation complete
[ 2026-05-26 20:43:14,270] 49 root - INFO - Started Regular Expression mapping
[ 2026-05-26 20:43:14,270] 174 root - INFO - Data transformation complete
[ 2026-05-26 20:43:14,270] 49 root - INFO - Started Regular Expression mapping
[ 2026-05-26 20:43:14,270] 174 root - INFO - Data transformation complete
[ 2026-05-26 20:43:14,270] 49 root - INFO - Started Regular Expression mapping
[ 2026-05-26 20:43:14,270] 174 root - INFO - Data transformation complete
[ 2026-05-26 20:43:14,271] 49 root - INFO - Started Regular Expression mapping
[ 2026-05-26 20:43:14,271] 174 root - INFO - Data transformation complete
[ 2026-05-26 20:43:14,271] 49 root - INFO - Started Regular Expression mapping
[ 2026-05-26 20:43:14,271] 174 root - INFO - Data transformation complete
[ 2026-05-26 20:43:14,271] 49 root - INFO - Started Regular Expression mapping
[ 2026-05-26 20:43:14,271] 25 root - INFO - Match heuristic business names to paybill payments
[ 2026-05-26 20:43:14,272] 174 root - INFO - Data transformation complete
[ 2026-05-26 20:43:14,272] 49 root - INFO - Started Regular Expression mapping
[ 2026-05-26 20:43:14,272] 25 root - INFO - Match heuristic business names to paybill payments
[ 2026-05-26 20:43:14,272] 174 root - INFO - Data transformation complete
[ 2026-05-26 20:43:14,272] 49 root - INFO - Started Regular Expression mapping
[ 2026-05-26 20:43:14,272] 174 root - INFO - Data transformation complete
[ 2026-05-26 20:43:14,272] 49 root - INFO - Started Regular Expression mapping
[ 2026-05-26 20:43:14,273] 174 root - INFO - Data transformation complete
[ 2026-05-26 20:43:14,273] 49 root - INFO - Started Regular Expression mapping
[ 2026-05-26 20:43:14,273] 25 root - INFO - Match heuristic business names to paybill payments
[ 2026-05-26 20:43:14,273] 174 root - INFO - Data transformation complete
[ 2026-05-26 20:43:14,273] 49 root - INFO - Started Regular Expression mapping
[ 2026-05-26 20:43:14,273] 174 root - INFO - Data transformation complete
[ 2026-05-26 20:43:14,274] 49 root - INFO - Started Regular Expression mapping
[ 2026-05-26 20:43:14,274] 174 root - INFO - Data transformation complete
[ 2026-05-26 20:43:14,274] 49 root - INFO - Started Regular Expression mapping
[ 2026-05-26 20:43:14,274] 174 root - INFO - Data transformation complete
[ 2026-05-26 20:43:14,274] 49 root - INFO - Started Regular Expression mapping
[ 2026-05-26 20:43:14,274] 174 root - INFO - Data transformation complete
[ 2026-05-26 20:43:14,274] 49 root - INFO - Started Regular Expression mapping
[ 2026-05-26 20:43:14,274] 25 root - INFO - Match heuristic business names to paybill payments
[ 2026-05-26 20:43:14,274] 174 root - INFO - Data transformation complete
[ 2026-05-26 20:43:14,275] 49 root - INFO - Started Regular Expression mapping
[ 2026-05-26 20:43:14,275] 174 root - INFO - Data transformation complete
[ 2026-05-26 20:43:14,275] 49 root - INFO - Started Regular Expression mapping
[ 2026-05-26 20:43:14,276] 174 root - INFO - Data transformation complete
[ 2026-05-26 20:43:14,276] 49 root - INFO - Started Regular Expression mapping
[ 2026-05-26 20:43:14,276] 25 root - INFO - Match heuristic business names to paybill payments
[ 2026-05-26 20:43:14,276] 174 root - INFO - Data transformation complete
[ 2026-05-26 20:43:14,276] 49 root - INFO - Started Regular Expression mapping
[ 2026-05-26 20:43:14,277] 174 root - INFO - Data transformation complete
[ 2026-05-26 20:43:14,277] 49 root - INFO - Started Regular Expression mapping
[ 2026-05-26 20:43:14,277] 174 root - INFO - Data transformation complete
[ 2026-05-26 20:43:14,277] 49 root - INFO - Started Regular Expression mapping
[ 2026-05-26 20:43:14,277] 25 root - INFO - Match heuristic business names to paybill payments
[ 2026-05-26 20:43:14,277] 174 root - INFO - Data transformation complete
[ 2026-05-26 20:43:14,277] 49 root - INFO - Started Regular Expression mapping
[ 2026-05-26 20:43:14,278] 25 root - INFO - Match heuristic business names to paybill payments
[ 2026-05-26 20:43:14,278] 174 root - INFO - Data transformation complete
[ 2026-05-26 20:43:14,278] 49 root - INFO - Started Regular Expression mapping
[ 2026-05-26 20:43:14,278] 174 root - INFO - Data transformation complete
[ 2026-05-26 20:43:14,278] 49 root - INFO - Started Regular Expression mapping
[ 2026-05-26 20:43:14,278] 174 root - INFO - Data transformation complete
[ 2026-05-26 20:43:14,279] 49 root - INFO - Started Regular Expression mapping
[ 2026-05-26 20:43:14,279] 25 root - INFO - Match heuristic business names to paybill payments
[ 2026-05-26 20:43:14,279] 174 root - INFO - Data transformation complete
[ 2026-05-26 20:43:14,279] 49 root - INFO - Started Regular Expression mapping
[ 2026-05-26 20:43:14,279] 174 root - INFO - Data transformation complete
[ 2026-05-26 20:43:14,279] 49 root - INFO - Started Regular Expression mapping
[ 2026-05-26 20:43:14,279] 174 root - INFO - Data transformation complete
[ 2026-05-26 20:43:14,280] 49 root - INFO - Started Regular Expression mapping
[ 2026-05-26 20:43:14,280] 174 root - INFO - Data transformation complete
[ 2026-05-26 20:43:14,280] 49 root - INFO - Started Regular Expression mapping
[ 2026-05-26 20:43:14,280] 174 root - INFO - Data transformation complete
[ 2026-05-26 20:43:14,280] 49 root - INFO - Started Regular Expression mapping
[ 2026-05-26 20:43:14,280] 25 root - INFO - Match heuristic business names to paybill payments
[ 2026-05-26 20:43:14,281] 174 root - INFO - Data transformation complete
[ 2026-05-26 20:43:14,281] 49 root - INFO - Started Regular Expression mapping
[ 2026-05-26 20:43:14,281] 25 root - INFO - Match heuristic business names to paybill payments
[ 2026-05-26 20:43:14,281] 174 root - INFO - Data transformation complete
[ 2026-05-26 20:43:14,281] 49 root - INFO - Started Regular Expression mapping
[ 2026-05-26 20:43:14,281] 174 root - INFO - Data transformation complete
[ 2026-05-26 20:43:14,282] 49 root - INFO - Started Regular Expression mapping
[ 2026-05-26 20:43:14,282] 174 root - INFO - Data transformation complete
[ 2026-05-26 20:43:14,282] 49 root - INFO - Started Regular Expression mapping
[ 2026-05-26 20:43:14,282] 174 root - INFO - Data transformation complete
[ 2026-05-26 20:43:14,282] 49 root - INFO - Started Regular Expression mapping
[ 2026-05-26 20:43:14,282] 25 root - INFO - Match heuristic business names to paybill payments
[ 2026-05-26 20:43:14,283] 174 root - INFO - Data transformation complete
[ 2026-05-26 20:43:14,283] 49 root - INFO - Started Regular Expression mapping
[ 2026-05-26 20:43:14,283] 25 root - INFO - Match heuristic business names to paybill payments
[ 2026-05-26 20:43:14,283] 174 root - INFO - Data transformation complete
[ 2026-05-26 20:43:14,283] 49 root - INFO - Started Regular Expression mapping
[ 2026-05-26 20:43:14,283] 174 root - INFO - Data transformation complete
[ 2026-05-26 20:43:14,283] 49 root - INFO - Started Regular Expression mapping
[ 2026-05-26 20:43:14,284] 25 root - INFO - Match heuristic business names to paybill payments
[ 2026-05-26 20:43:14,284] 174 root - INFO - Data transformation complete
[ 2026-05-26 20:43:14,284] 49 root - INFO - Started Regular Expression mapping
[ 2026-05-26 20:43:14,284] 174 root - INFO - Data transformation complete
[ 2026-05-26 20:43:14,284] 49 root - INFO - Started Regular Expression mapping
[ 2026-05-26 20:43:14,284] 174 root - INFO - Data transformation complete
[ 2026-05-26 20:43:14,284] 49 root - INFO - Started Regular Expression mapping
[ 2026-05-26 20:43:14,284] 174 root - INFO - Data transformation complete
[ 2026-05-26 20:43:14,284] 49 root - INFO - Started Regular Expression mapping
[ 2026-05-26 20:43:14,285] 174 root - INFO - Data transformation complete
[ 2026-05-26 20:43:14,285] 49 root - INFO - Started Regular Expression mapping
[ 2026-05-26 20:43:14,285] 174 root - INFO - Data transformation complete
[ 2026-05-26 20:43:14,285] 49 root - INFO - Started Regular Expression mapping
[ 2026-05-26 20:43:14,286] 25 root - INFO - Match heuristic business names to paybill payments
[ 2026-05-26 20:43:14,286] 174 root - INFO - Data transformation complete
[ 2026-05-26 20:43:14,286] 49 root - INFO - Started Regular Expression mapping
[ 2026-05-26 20:43:14,286] 174 root - INFO - Data transformation complete
[ 2026-05-26 20:43:14,286] 49 root - INFO - Started Regular Expression mapping
[ 2026-05-26 20:43:14,287] 174 root - INFO - Data transformation complete
[ 2026-05-26 20:43:14,287] 49 root - INFO - Started Regular Expression mapping
[ 2026-05-26 20:43:14,287] 25 root - INFO - Match heuristic business names to paybill payments
[ 2026-05-26 20:43:14,287] 174 root - INFO - Data transformation complete
[ 2026-05-26 20:43:14,287] 49 root - INFO - Started Regular Expression mapping
[ 2026-05-26 20:43:14,288] 25 root - INFO - Match heuristic business names to paybill payments
[ 2026-05-26 20:43:14,288] 174 root - INFO - Data transformation complete
[ 2026-05-26 20:43:14,288] 49 root - INFO - Started Regular Expression mapping
[ 2026-05-26 20:43:14,288] 174 root - INFO - Data transformation complete
[ 2026-05-26 20:43:14,288] 49 root - INFO - Started Regular Expression mapping
[ 2026-05-26 20:43:14,288] 25 root - INFO - Match heuristic business names to paybill payments
[ 2026-05-26 20:43:14,289] 174 root - INFO - Data transformation complete
[ 2026-05-26 20:43:14,289] 49 root - INFO - Started Regular Expression mapping
[ 2026-05-26 20:43:14,289] 174 root - INFO - Data transformation complete
[ 2026-05-26 20:43:14,289] 49 root - INFO - Started Regular Expression mapping
[ 2026-05-26 20:43:14,289] 174 root - INFO - Data transformation complete
[ 2026-05-26 20:43:14,289] 49 root - INFO - Started Regular Expression mapping
[ 2026-05-26 20:43:14,290] 25 root - INFO - Match heuristic business names to paybill payments
[ 2026-05-26 20:43:14,290] 174 root - INFO - Data transformation complete
[ 2026-05-26 20:43:14,290] 49 root - INFO - Started Regular Expression mapping
[ 2026-05-26 20:43:14,290] 174 root - INFO - Data transformation complete
[ 2026-05-26 20:43:14,290] 49 root - INFO - Started Regular Expression mapping
[ 2026-05-26 20:43:14,290] 174 root - INFO - Data transformation complete
[ 2026-05-26 20:43:14,291] 49 root - INFO - Started Regular Expression mapping
[ 2026-05-26 20:43:14,291] 174 root - INFO - Data transformation complete
[ 2026-05-26 20:43:14,291] 49 root - INFO - Started Regular Expression mapping
[ 2026-05-26 20:43:14,291] 25 root - INFO - Match heuristic business names to paybill payments
[ 2026-05-26 20:43:14,291] 174 root - INFO - Data transformation complete
[ 2026-05-26 20:43:14,291] 49 root - INFO - Started Regular Expression mapping
[ 2026-05-26 20:43:14,291] 174 root - INFO - Data transformation complete
[ 2026-05-26 20:43:14,292] 49 root - INFO - Started Regular Expression mapping
[ 2026-05-26 20:43:14,292] 174 root - INFO - Data transformation complete
[ 2026-05-26 20:43:14,292] 49 root - INFO - Started Regular Expression mapping
[ 2026-05-26 20:43:14,292] 174 root - INFO - Data transformation complete
[ 2026-05-26 20:43:14,292] 49 root - INFO - Started Regular Expression mapping
[ 2026-05-26 20:43:14,292] 25 root - INFO - Match heuristic business names to paybill payments
[ 2026-05-26 20:43:14,293] 174 root - INFO - Data transformation complete
[ 2026-05-26 20:43:14,293] 49 root - INFO - Started Regular Expression mapping
[ 2026-05-26 20:43:14,293] 25 root - INFO - Match heuristic business names to paybill payments
[ 2026-05-26 20:43:14,293] 174 root - INFO - Data transformation complete
[ 2026-05-26 20:43:14,293] 49 root - INFO - Started Regular Expression mapping
[ 2026-05-26 20:43:14,293] 174 root - INFO - Data transformation complete
[ 2026-05-26 20:43:14,293] 49 root - INFO - Started Regular Expression mapping
[ 2026-05-26 20:43:14,294] 174 root - INFO - Data transformation complete
[ 2026-05-26 20:43:14,294] 49 root - INFO - Started Regular Expression mapping
[ 2026-05-26 20:43:14,294] 25 root - INFO - Match heuristic business names to paybill payments
[ 2026-05-26 20:43:14,294] 174 root - INFO - Data transformation complete
[ 2026-05-26 20:43:14,294] 49 root - INFO - Started Regular Expression mapping
[ 2026-05-26 20:43:14,294] 174 root - INFO - Data transformation complete
[ 2026-05-26 20:43:14,294] 49 root - INFO - Started Regular Expression mapping
[ 2026-05-26 20:43:14,294] 25 root - INFO - Match heuristic business names to paybill payments
[ 2026-05-26 20:43:14,294] 174 root - INFO - Data transformation complete
[ 2026-05-26 20:43:14,294] 49 root - INFO - Started Regular Expression mapping
[ 2026-05-26 20:43:14,295] 174 root - INFO - Data transformation complete
[ 2026-05-26 20:43:14,295] 49 root - INFO - Started Regular Expression mapping
[ 2026-05-26 20:43:14,295] 25 root - INFO - Match heuristic business names to paybill payments
[ 2026-05-26 20:43:14,295] 174 root - INFO - Data transformation complete
[ 2026-05-26 20:43:14,295] 49 root - INFO - Started Regular Expression mapping
[ 2026-05-26 20:43:14,295] 174 root - INFO - Data transformation complete
[ 2026-05-26 20:43:14,296] 49 root - INFO - Started Regular Expression mapping
[ 2026-05-26 20:43:14,296] 25 root - INFO - Match heuristic business names to paybill payments
[ 2026-05-26 20:43:14,296] 174 root - INFO - Data transformation complete
[ 2026-05-26 20:43:14,296] 49 root - INFO - Started Regular Expression mapping
[ 2026-05-26 20:43:14,297] 25 root - INFO - Match heuristic business names to paybill payments
[ 2026-05-26 20:43:14,297] 174 root - INFO - Data transformation complete
[ 2026-05-26 20:43:14,297] 49 root - INFO - Started Regular Expression mapping
[ 2026-05-26 20:43:14,297] 25 root - INFO - Match heuristic business names to paybill payments
[ 2026-05-26 20:43:14,297] 174 root - INFO - Data transformation complete
[ 2026-05-26 20:43:14,297] 49 root - INFO - Started Regular Expression mapping
[ 2026-05-26 20:43:14,298] 174 root - INFO - Data transformation complete
[ 2026-05-26 20:43:14,298] 49 root - INFO - Started Regular Expression mapping
[ 2026-05-26 20:43:14,298] 25 root - INFO - Match heuristic business names to paybill payments
[ 2026-05-26 20:43:14,298] 174 root - INFO - Data transformation complete
[ 2026-05-26 20:43:14,298] 49 root - INFO - Started Regular Expression mapping
[ 2026-05-26 20:43:14,298] 25 root - INFO - Match heuristic business names to paybill payments
[ 2026-05-26 20:43:14,298] 174 root - INFO - Data transformation complete
[ 2026-05-26 20:43:14,299] 49 root - INFO - Started Regular Expression mapping
[ 2026-05-26 20:43:14,299] 174 root - INFO - Data transformation complete
[ 2026-05-26 20:43:14,299] 49 root - INFO - Started Regular Expression mapping
[ 2026-05-26 20:43:14,299] 25 root - INFO - Match heuristic business names to paybill payments
[ 2026-05-26 20:43:14,299] 174 root - INFO - Data transformation complete
[ 2026-05-26 20:43:14,299] 49 root - INFO - Started Regular Expression mapping
[ 2026-05-26 20:43:14,300] 174 root - INFO - Data transformation complete
[ 2026-05-26 20:43:14,300] 49 root - INFO - Started Regular Expression mapping
[ 2026-05-26 20:43:14,300] 25 root - INFO - Match heuristic business names to paybill payments
[ 2026-05-26 20:43:14,300] 174 root - INFO - Data transformation complete
[ 2026-05-26 20:43:14,300] 49 root - INFO - Started Regular Expression mapping
[ 2026-05-26 20:43:14,300] 174 root - INFO - Data transformation complete
[ 2026-05-26 20:43:14,300] 49 root - INFO - Started Regular Expression mapping
[ 2026-05-26 20:43:14,301] 174 root - INFO - Data transformation complete
[ 2026-05-26 20:43:14,301] 49 root - INFO - Started Regular Expression mapping
[ 2026-05-26 20:43:14,301] 25 root - INFO - Match heuristic business names to paybill payments
[ 2026-05-26 20:43:14,301] 174 root - INFO - Data transformation complete
[ 2026-05-26 20:43:14,301] 49 root - INFO - Started Regular Expression mapping
[ 2026-05-26 20:43:14,301] 25 root - INFO - Match heuristic business names to paybill payments
[ 2026-05-26 20:43:14,302] 174 root - INFO - Data transformation complete
[ 2026-05-26 20:43:14,302] 49 root - INFO - Started Regular Expression mapping
[ 2026-05-26 20:43:14,302] 174 root - INFO - Data transformation complete
[ 2026-05-26 20:43:14,302] 49 root - INFO - Started Regular Expression mapping
[ 2026-05-26 20:43:14,302] 25 root - INFO - Match heuristic business names to paybill payments
[ 2026-05-26 20:43:14,302] 174 root - INFO - Data transformation complete
[ 2026-05-26 20:43:14,302] 49 root - INFO - Started Regular Expression mapping
[ 2026-05-26 20:43:14,303] 174 root - INFO - Data transformation complete
[ 2026-05-26 20:43:14,303] 49 root - INFO - Started Regular Expression mapping
[ 2026-05-26 20:43:14,303] 25 root - INFO - Match heuristic business names to paybill payments
[ 2026-05-26 20:43:14,303] 174 root - INFO - Data transformation complete
[ 2026-05-26 20:43:14,303] 49 root - INFO - Started Regular Expression mapping
[ 2026-05-26 20:43:14,303] 174 root - INFO - Data transformation complete
[ 2026-05-26 20:43:14,303] 49 root - INFO - Started Regular Expression mapping
[ 2026-05-26 20:43:14,304] 174 root - INFO - Data transformation complete
[ 2026-05-26 20:43:14,304] 49 root - INFO - Started Regular Expression mapping
[ 2026-05-26 20:43:14,304] 25 root - INFO - Match heuristic business names to paybill payments
[ 2026-05-26 20:43:14,304] 174 root - INFO - Data transformation complete
[ 2026-05-26 20:43:14,304] 49 root - INFO - Started Regular Expression mapping
[ 2026-05-26 20:43:14,304] 174 root - INFO - Data transformation complete
[ 2026-05-26 20:43:14,304] 49 root - INFO - Started Regular Expression mapping
[ 2026-05-26 20:43:14,304] 25 root - INFO - Match heuristic business names to paybill payments
[ 2026-05-26 20:43:14,304] 174 root - INFO - Data transformation complete
[ 2026-05-26 20:43:14,305] 49 root - INFO - Started Regular Expression mapping
[ 2026-05-26 20:43:14,305] 25 root - INFO - Match heuristic business names to paybill payments
[ 2026-05-26 20:43:14,305] 174 root - INFO - Data transformation complete
[ 2026-05-26 20:43:14,305] 49 root - INFO - Started Regular Expression mapping
[ 2026-05-26 20:43:14,305] 25 root - INFO - Match heuristic business names to paybill payments
[ 2026-05-26 20:43:14,305] 174 root - INFO - Data transformation complete
[ 2026-05-26 20:43:14,306] 49 root - INFO - Started Regular Expression mapping
[ 2026-05-26 20:43:14,306] 174 root - INFO - Data transformation complete
[ 2026-05-26 20:43:14,306] 49 root - INFO - Started Regular Expression mapping
[ 2026-05-26 20:43:14,307] 174 root - INFO - Data transformation complete
[ 2026-05-26 20:43:14,307] 49 root - INFO - Started Regular Expression mapping
[ 2026-05-26 20:43:14,307] 25 root - INFO - Match heuristic business names to paybill payments
[ 2026-05-26 20:43:14,307] 174 root - INFO - Data transformation complete
[ 2026-05-26 20:43:14,308] 49 root - INFO - Started Regular Expression mapping
[ 2026-05-26 20:43:14,308] 174 root - INFO - Data transformation complete
[ 2026-05-26 20:43:14,308] 49 root - INFO - Started Regular Expression mapping
[ 2026-05-26 20:43:14,308] 174 root - INFO - Data transformation complete
[ 2026-05-26 20:43:14,308] 49 root - INFO - Started Regular Expression mapping
[ 2026-05-26 20:43:14,308] 174 root - INFO - Data transformation complete
[ 2026-05-26 20:43:14,308] 49 root - INFO - Started Regular Expression mapping
[ 2026-05-26 20:43:14,308] 25 root - INFO - Match heuristic business names to paybill payments
[ 2026-05-26 20:43:14,309] 174 root - INFO - Data transformation complete
[ 2026-05-26 20:43:14,309] 49 root - INFO - Started Regular Expression mapping
[ 2026-05-26 20:43:14,309] 25 root - INFO - Match heuristic business names to paybill payments
[ 2026-05-26 20:43:14,309] 174 root - INFO - Data transformation complete
[ 2026-05-26 20:43:14,309] 49 root - INFO - Started Regular Expression mapping
[ 2026-05-26 20:43:14,309] 174 root - INFO - Data transformation complete
[ 2026-05-26 20:43:14,309] 49 root - INFO - Started Regular Expression mapping
[ 2026-05-26 20:43:14,310] 174 root - INFO - Data transformation complete
[ 2026-05-26 20:43:14,310] 49 root - INFO - Started Regular Expression mapping
[ 2026-05-26 20:43:14,310] 174 root - INFO - Data transformation complete
[ 2026-05-26 20:43:14,310] 49 root - INFO - Started Regular Expression mapping
[ 2026-05-26 20:43:14,310] 174 root - INFO - Data transformation complete
[ 2026-05-26 20:43:14,310] 49 root - INFO - Started Regular Expression mapping
[ 2026-05-26 20:43:14,311] 174 root - INFO - Data transformation complete
[ 2026-05-26 20:43:14,311] 49 root - INFO - Started Regular Expression mapping
[ 2026-05-26 20:43:14,311] 174 root - INFO - Data transformation complete
[ 2026-05-26 20:43:14,311] 49 root - INFO - Started Regular Expression mapping
[ 2026-05-26 20:43:14,311] 25 root - INFO - Match heuristic business names to paybill payments
[ 2026-05-26 20:43:14,311] 174 root - INFO - Data transformation complete
[ 2026-05-26 20:43:14,312] 49 root - INFO - Started Regular Expression mapping
[ 2026-05-26 20:43:14,312] 174 root - INFO - Data transformation complete
[ 2026-05-26 20:43:14,312] 49 root - INFO - Started Regular Expression mapping
[ 2026-05-26 20:43:14,312] 174 root - INFO - Data transformation complete
[ 2026-05-26 20:43:14,312] 49 root - INFO - Started Regular Expression mapping
[ 2026-05-26 20:43:14,312] 174 root - INFO - Data transformation complete
[ 2026-05-26 20:43:14,313] 49 root - INFO - Started Regular Expression mapping
[ 2026-05-26 20:43:14,313] 25 root - INFO - Match heuristic business names to paybill payments
[ 2026-05-26 20:43:14,313] 174 root - INFO - Data transformation complete
[ 2026-05-26 20:43:14,313] 49 root - INFO - Started Regular Expression mapping
[ 2026-05-26 20:43:14,313] 174 root - INFO - Data transformation complete
[ 2026-05-26 20:43:14,313] 49 root - INFO - Started Regular Expression mapping
[ 2026-05-26 20:43:14,313] 174 root - INFO - Data transformation complete
[ 2026-05-26 20:43:14,314] 49 root - INFO - Started Regular Expression mapping
[ 2026-05-26 20:43:14,314] 174 root - INFO - Data transformation complete
[ 2026-05-26 20:43:14,314] 49 root - INFO - Started Regular Expression mapping
[ 2026-05-26 20:43:14,314] 174 root - INFO - Data transformation complete
[ 2026-05-26 20:43:14,314] 49 root - INFO - Started Regular Expression mapping
[ 2026-05-26 20:43:14,314] 25 root - INFO - Match heuristic business names to paybill payments
[ 2026-05-26 20:43:14,314] 174 root - INFO - Data transformation complete
[ 2026-05-26 20:43:14,314] 49 root - INFO - Started Regular Expression mapping
[ 2026-05-26 20:43:14,315] 174 root - INFO - Data transformation complete
[ 2026-05-26 20:43:14,315] 49 root - INFO - Started Regular Expression mapping
[ 2026-05-26 20:43:14,315] 174 root - INFO - Data transformation complete
[ 2026-05-26 20:43:14,315] 49 root - INFO - Started Regular Expression mapping
[ 2026-05-26 20:43:14,316] 25 root - INFO - Match heuristic business names to paybill payments
[ 2026-05-26 20:43:14,316] 174 root - INFO - Data transformation complete
[ 2026-05-26 20:43:14,316] 49 root - INFO - Started Regular Expression mapping
[ 2026-05-26 20:43:14,316] 174 root - INFO - Data transformation complete
[ 2026-05-26 20:43:14,316] 49 root - INFO - Started Regular Expression mapping
[ 2026-05-26 20:43:14,316] 25 root - INFO - Match heuristic business names to paybill payments
[ 2026-05-26 20:43:14,317] 174 root - INFO - Data transformation complete
[ 2026-05-26 20:43:14,317] 49 root - INFO - Started Regular Expression mapping
[ 2026-05-26 20:43:14,317] 25 root - INFO - Match heuristic business names to paybill payments
[ 2026-05-26 20:43:14,317] 174 root - INFO - Data transformation complete
[ 2026-05-26 20:43:14,317] 49 root - INFO - Started Regular Expression mapping
[ 2026-05-26 20:43:14,317] 174 root - INFO - Data transformation complete
[ 2026-05-26 20:43:14,317] 49 root - INFO - Started Regular Expression mapping
[ 2026-05-26 20:43:14,318] 174 root - INFO - Data transformation complete
[ 2026-05-26 20:43:14,318] 49 root - INFO - Started Regular Expression mapping
[ 2026-05-26 20:43:14,318] 174 root - INFO - Data transformation complete
[ 2026-05-26 20:43:14,318] 49 root - INFO - Started Regular Expression mapping
[ 2026-05-26 20:43:14,318] 174 root - INFO - Data transformation complete
[ 2026-05-26 20:43:14,318] 49 root - INFO - Started Regular Expression mapping
[ 2026-05-26 20:43:14,319] 174 root - INFO - Data transformation complete
[ 2026-05-26 20:43:14,319] 49 root - INFO - Started Regular Expression mapping
[ 2026-05-26 20:43:14,319] 25 root - INFO - Match heuristic business names to paybill payments
[ 2026-05-26 20:43:14,319] 174 root - INFO - Data transformation complete
[ 2026-05-26 20:43:14,319] 49 root - INFO - Started Regular Expression mapping
[ 2026-05-26 20:43:14,319] 25 root - INFO - Match heuristic business names to paybill payments
[ 2026-05-26 20:43:14,319] 174 root - INFO - Data transformation complete
[ 2026-05-26 20:43:14,320] 49 root - INFO - Started Regular Expression mapping
[ 2026-05-26 20:43:14,320] 25 root - INFO - Match heuristic business names to paybill payments
[ 2026-05-26 20:43:14,320] 174 root - INFO - Data transformation complete
[ 2026-05-26 20:43:14,320] 49 root - INFO - Started Regular Expression mapping
[ 2026-05-26 20:43:14,320] 174 root - INFO - Data transformation complete
[ 2026-05-26 20:43:14,320] 49 root - INFO - Started Regular Expression mapping
[ 2026-05-26 20:43:14,321] 174 root - INFO - Data transformation complete
[ 2026-05-26 20:43:14,321] 49 root - INFO - Started Regular Expression mapping
[ 2026-05-26 20:43:14,322] 174 root - INFO - Data transformation complete
[ 2026-05-26 20:43:14,322] 49 root - INFO - Started Regular Expression mapping
[ 2026-05-26 20:43:14,322] 174 root - INFO - Data transformation complete
[ 2026-05-26 20:43:14,322] 49 root - INFO - Started Regular Expression mapping
[ 2026-05-26 20:43:14,323] 174 root - INFO - Data transformation complete
[ 2026-05-26 20:43:14,323] 49 root - INFO - Started Regular Expression mapping
[ 2026-05-26 20:43:14,323] 174 root - INFO - Data transformation complete
[ 2026-05-26 20:43:14,323] 49 root - INFO - Started Regular Expression mapping
[ 2026-05-26 20:43:14,324] 25 root - INFO - Match heuristic business names to paybill payments
[ 2026-05-26 20:43:14,324] 174 root - INFO - Data transformation complete
[ 2026-05-26 20:43:14,327] 49 root - INFO - Started Regular Expression mapping
[ 2026-05-26 20:43:14,328] 174 root - INFO - Data transformation complete
[ 2026-05-26 20:43:14,328] 49 root - INFO - Started Regular Expression mapping
[ 2026-05-26 20:43:14,328] 25 root - INFO - Match heuristic business names to paybill payments
[ 2026-05-26 20:43:14,328] 174 root - INFO - Data transformation complete
[ 2026-05-26 20:43:14,328] 49 root - INFO - Started Regular Expression mapping
[ 2026-05-26 20:43:14,328] 25 root - INFO - Match heuristic business names to paybill payments
[ 2026-05-26 20:43:14,329] 174 root - INFO - Data transformation complete
[ 2026-05-26 20:43:14,329] 49 root - INFO - Started Regular Expression mapping
[ 2026-05-26 20:43:14,329] 25 root - INFO - Match heuristic business names to paybill payments
[ 2026-05-26 20:43:14,329] 174 root - INFO - Data transformation complete
[ 2026-05-26 20:43:14,329] 49 root - INFO - Started Regular Expression mapping
[ 2026-05-26 20:43:14,329] 174 root - INFO - Data transformation complete
[ 2026-05-26 20:43:14,329] 49 root - INFO - Started Regular Expression mapping
[ 2026-05-26 20:43:14,330] 174 root - INFO - Data transformation complete
[ 2026-05-26 20:43:14,330] 49 root - INFO - Started Regular Expression mapping
[ 2026-05-26 20:43:14,330] 174 root - INFO - Data transformation complete
[ 2026-05-26 20:43:14,330] 49 root - INFO - Started Regular Expression mapping
[ 2026-05-26 20:43:14,330] 25 root - INFO - Match heuristic business names to paybill payments
[ 2026-05-26 20:43:14,330] 174 root - INFO - Data transformation complete
[ 2026-05-26 20:43:14,331] 49 root - INFO - Started Regular Expression mapping
[ 2026-05-26 20:43:14,331] 174 root - INFO - Data transformation complete
[ 2026-05-26 20:43:14,331] 49 root - INFO - Started Regular Expression mapping
[ 2026-05-26 20:43:14,331] 174 root - INFO - Data transformation complete
[ 2026-05-26 20:43:14,331] 49 root - INFO - Started Regular Expression mapping
[ 2026-05-26 20:43:14,331] 25 root - INFO - Match heuristic business names to paybill payments
[ 2026-05-26 20:43:14,332] 174 root - INFO - Data transformation complete
[ 2026-05-26 20:43:14,332] 49 root - INFO - Started Regular Expression mapping
[ 2026-05-26 20:43:14,332] 174 root - INFO - Data transformation complete
[ 2026-05-26 20:43:14,332] 49 root - INFO - Started Regular Expression mapping
[ 2026-05-26 20:43:14,332] 25 root - INFO - Match heuristic business names to paybill payments
[ 2026-05-26 20:43:14,332] 174 root - INFO - Data transformation complete
[ 2026-05-26 20:43:14,332] 49 root - INFO - Started Regular Expression mapping
[ 2026-05-26 20:43:14,333] 174 root - INFO - Data transformation complete
[ 2026-05-26 20:43:14,333] 49 root - INFO - Started Regular Expression mapping
[ 2026-05-26 20:43:14,333] 174 root - INFO - Data transformation complete
[ 2026-05-26 20:43:14,333] 49 root - INFO - Started Regular Expression mapping
[ 2026-05-26 20:43:14,333] 174 root - INFO - Data transformation complete
[ 2026-05-26 20:43:14,333] 49 root - INFO - Started Regular Expression mapping
[ 2026-05-26 20:43:14,334] 174 root - INFO - Data transformation complete
[ 2026-05-26 20:43:14,334] 49 root - INFO - Started Regular Expression mapping
[ 2026-05-26 20:43:14,334] 25 root - INFO - Match heuristic business names to paybill payments
[ 2026-05-26 20:43:14,334] 174 root - INFO - Data transformation complete
[ 2026-05-26 20:43:14,334] 49 root - INFO - Started Regular Expression mapping
[ 2026-05-26 20:43:14,334] 174 root - INFO - Data transformation complete
[ 2026-05-26 20:43:14,334] 49 root - INFO - Started Regular Expression mapping
[ 2026-05-26 20:43:14,334] 174 root - INFO - Data transformation complete
[ 2026-05-26 20:43:14,334] 49 root - INFO - Started Regular Expression mapping
[ 2026-05-26 20:43:14,334] 25 root - INFO - Match heuristic business names to paybill payments
[ 2026-05-26 20:43:14,335] 174 root - INFO - Data transformation complete
[ 2026-05-26 20:43:14,335] 49 root - INFO - Started Regular Expression mapping
[ 2026-05-26 20:43:14,335] 25 root - INFO - Match heuristic business names to paybill payments
[ 2026-05-26 20:43:14,335] 174 root - INFO - Data transformation complete
[ 2026-05-26 20:43:14,335] 49 root - INFO - Started Regular Expression mapping
[ 2026-05-26 20:43:14,335] 25 root - INFO - Match heuristic business names to paybill payments
[ 2026-05-26 20:43:14,336] 174 root - INFO - Data transformation complete
[ 2026-05-26 20:43:14,336] 49 root - INFO - Started Regular Expression mapping
[ 2026-05-26 20:43:14,337] 25 root - INFO - Match heuristic business names to paybill payments
[ 2026-05-26 20:43:14,337] 174 root - INFO - Data transformation complete
[ 2026-05-26 20:43:14,337] 49 root - INFO - Started Regular Expression mapping
[ 2026-05-26 20:43:14,337] 25 root - INFO - Match heuristic business names to paybill payments
[ 2026-05-26 20:43:14,337] 174 root - INFO - Data transformation complete
[ 2026-05-26 20:43:14,337] 49 root - INFO - Started Regular Expression mapping
[ 2026-05-26 20:43:14,337] 174 root - INFO - Data transformation complete
[ 2026-05-26 20:43:14,338] 49 root - INFO - Started Regular Expression mapping
[ 2026-05-26 20:43:14,338] 174 root - INFO - Data transformation complete
[ 2026-05-26 20:43:14,338] 49 root - INFO - Started Regular Expression mapping
[ 2026-05-26 20:43:14,338] 174 root - INFO - Data transformation complete
[ 2026-05-26 20:43:14,338] 49 root - INFO - Started Regular Expression mapping
[ 2026-05-26 20:43:14,338] 25 root - INFO - Match heuristic business names to paybill payments
[ 2026-05-26 20:43:14,339] 174 root - INFO - Data transformation complete
[ 2026-05-26 20:43:14,339] 49 root - INFO - Started Regular Expression mapping
[ 2026-05-26 20:43:14,339] 174 root - INFO - Data transformation complete
[ 2026-05-26 20:43:14,339] 49 root - INFO - Started Regular Expression mapping
[ 2026-05-26 20:43:14,339] 174 root - INFO - Data transformation complete
[ 2026-05-26 20:43:14,339] 49 root - INFO - Started Regular Expression mapping
[ 2026-05-26 20:43:14,340] 25 root - INFO - Match heuristic business names to paybill payments
[ 2026-05-26 20:43:14,340] 174 root - INFO - Data transformation complete
[ 2026-05-26 20:43:14,340] 49 root - INFO - Started Regular Expression mapping
[ 2026-05-26 20:43:14,340] 25 root - INFO - Match heuristic business names to paybill payments
[ 2026-05-26 20:43:14,340] 174 root - INFO - Data transformation complete
[ 2026-05-26 20:43:14,340] 49 root - INFO - Started Regular Expression mapping
[ 2026-05-26 20:43:14,340] 174 root - INFO - Data transformation complete
[ 2026-05-26 20:43:14,341] 49 root - INFO - Started Regular Expression mapping
[ 2026-05-26 20:43:14,341] 25 root - INFO - Match heuristic business names to paybill payments
[ 2026-05-26 20:43:14,341] 174 root - INFO - Data transformation complete
[ 2026-05-26 20:43:14,341] 49 root - INFO - Started Regular Expression mapping
[ 2026-05-26 20:43:14,341] 174 root - INFO - Data transformation complete
[ 2026-05-26 20:43:14,341] 49 root - INFO - Started Regular Expression mapping
[ 2026-05-26 20:43:14,342] 25 root - INFO - Match heuristic business names to paybill payments
[ 2026-05-26 20:43:14,342] 174 root - INFO - Data transformation complete
[ 2026-05-26 20:43:14,342] 49 root - INFO - Started Regular Expression mapping
[ 2026-05-26 20:43:14,342] 174 root - INFO - Data transformation complete
[ 2026-05-26 20:43:14,342] 49 root - INFO - Started Regular Expression mapping
[ 2026-05-26 20:43:14,342] 174 root - INFO - Data transformation complete
[ 2026-05-26 20:43:14,342] 49 root - INFO - Started Regular Expression mapping
[ 2026-05-26 20:43:14,343] 174 root - INFO - Data transformation complete
[ 2026-05-26 20:43:14,343] 49 root - INFO - Started Regular Expression mapping
[ 2026-05-26 20:43:14,343] 174 root - INFO - Data transformation complete
[ 2026-05-26 20:43:14,344] 49 root - INFO - Started Regular Expression mapping
[ 2026-05-26 20:43:14,344] 174 root - INFO - Data transformation complete
[ 2026-05-26 20:43:14,344] 49 root - INFO - Started Regular Expression mapping
[ 2026-05-26 20:43:14,344] 174 root - INFO - Data transformation complete
[ 2026-05-26 20:43:14,344] 49 root - INFO - Started Regular Expression mapping
[ 2026-05-26 20:43:14,344] 174 root - INFO - Data transformation complete
[ 2026-05-26 20:43:14,344] 49 root - INFO - Started Regular Expression mapping
[ 2026-05-26 20:43:14,344] 174 root - INFO - Data transformation complete
[ 2026-05-26 20:43:14,344] 49 root - INFO - Started Regular Expression mapping
[ 2026-05-26 20:43:14,344] 174 root - INFO - Data transformation complete
[ 2026-05-26 20:43:14,345] 49 root - INFO - Started Regular Expression mapping
[ 2026-05-26 20:43:14,345] 174 root - INFO - Data transformation complete
[ 2026-05-26 20:43:14,345] 49 root - INFO - Started Regular Expression mapping
[ 2026-05-26 20:43:14,345] 174 root - INFO - Data transformation complete
[ 2026-05-26 20:43:14,345] 49 root - INFO - Started Regular Expression mapping
[ 2026-05-26 20:43:14,345] 25 root - INFO - Match heuristic business names to paybill payments
[ 2026-05-26 20:43:14,345] 174 root - INFO - Data transformation complete
[ 2026-05-26 20:43:14,346] 49 root - INFO - Started Regular Expression mapping
[ 2026-05-26 20:43:14,346] 174 root - INFO - Data transformation complete
[ 2026-05-26 20:43:14,347] 49 root - INFO - Started Regular Expression mapping
[ 2026-05-26 20:43:14,347] 25 root - INFO - Match heuristic business names to paybill payments
[ 2026-05-26 20:43:14,347] 174 root - INFO - Data transformation complete
[ 2026-05-26 20:43:14,347] 49 root - INFO - Started Regular Expression mapping
[ 2026-05-26 20:43:14,347] 174 root - INFO - Data transformation complete
[ 2026-05-26 20:43:14,348] 49 root - INFO - Started Regular Expression mapping
[ 2026-05-26 20:43:14,348] 174 root - INFO - Data transformation complete
[ 2026-05-26 20:43:14,348] 49 root - INFO - Started Regular Expression mapping
[ 2026-05-26 20:43:14,348] 25 root - INFO - Match heuristic business names to paybill payments
[ 2026-05-26 20:43:14,348] 174 root - INFO - Data transformation complete
[ 2026-05-26 20:43:14,348] 49 root - INFO - Started Regular Expression mapping
[ 2026-05-26 20:43:14,348] 174 root - INFO - Data transformation complete
[ 2026-05-26 20:43:14,348] 49 root - INFO - Started Regular Expression mapping
[ 2026-05-26 20:43:14,348] 174 root - INFO - Data transformation complete
[ 2026-05-26 20:43:14,348] 49 root - INFO - Started Regular Expression mapping
[ 2026-05-26 20:43:14,349] 174 root - INFO - Data transformation complete
[ 2026-05-26 20:43:14,349] 49 root - INFO - Started Regular Expression mapping
[ 2026-05-26 20:43:14,349] 25 root - INFO - Match heuristic business names to paybill payments
[ 2026-05-26 20:43:14,349] 174 root - INFO - Data transformation complete
[ 2026-05-26 20:43:14,349] 49 root - INFO - Started Regular Expression mapping
[ 2026-05-26 20:43:14,349] 174 root - INFO - Data transformation complete
[ 2026-05-26 20:43:14,349] 49 root - INFO - Started Regular Expression mapping
[ 2026-05-26 20:43:14,350] 174 root - INFO - Data transformation complete
[ 2026-05-26 20:43:14,350] 49 root - INFO - Started Regular Expression mapping
[ 2026-05-26 20:43:14,350] 25 root - INFO - Match heuristic business names to paybill payments
[ 2026-05-26 20:43:14,350] 174 root - INFO - Data transformation complete
[ 2026-05-26 20:43:14,350] 49 root - INFO - Started Regular Expression mapping
[ 2026-05-26 20:43:14,350] 174 root - INFO - Data transformation complete
[ 2026-05-26 20:43:14,351] 49 root - INFO - Started Regular Expression mapping
[ 2026-05-26 20:43:14,351] 174 root - INFO - Data transformation complete
[ 2026-05-26 20:43:14,351] 49 root - INFO - Started Regular Expression mapping
[ 2026-05-26 20:43:14,351] 25 root - INFO - Match heuristic business names to paybill payments
[ 2026-05-26 20:43:14,351] 174 root - INFO - Data transformation complete
[ 2026-05-26 20:43:14,351] 49 root - INFO - Started Regular Expression mapping
[ 2026-05-26 20:43:14,352] 174 root - INFO - Data transformation complete
[ 2026-05-26 20:43:14,352] 49 root - INFO - Started Regular Expression mapping
[ 2026-05-26 20:43:14,352] 174 root - INFO - Data transformation complete
[ 2026-05-26 20:43:14,352] 49 root - INFO - Started Regular Expression mapping
[ 2026-05-26 20:43:14,352] 174 root - INFO - Data transformation complete
[ 2026-05-26 20:43:14,352] 49 root - INFO - Started Regular Expression mapping
[ 2026-05-26 20:43:14,353] 174 root - INFO - Data transformation complete
[ 2026-05-26 20:43:14,353] 49 root - INFO - Started Regular Expression mapping
[ 2026-05-26 20:43:14,353] 174 root - INFO - Data transformation complete
[ 2026-05-26 20:43:14,353] 49 root - INFO - Started Regular Expression mapping
[ 2026-05-26 20:43:14,353] 174 root - INFO - Data transformation complete
[ 2026-05-26 20:43:14,353] 49 root - INFO - Started Regular Expression mapping
[ 2026-05-26 20:43:14,354] 174 root - INFO - Data transformation complete
[ 2026-05-26 20:43:14,354] 49 root - INFO - Started Regular Expression mapping
[ 2026-05-26 20:43:14,354] 174 root - INFO - Data transformation complete
[ 2026-05-26 20:43:14,354] 49 root - INFO - Started Regular Expression mapping
[ 2026-05-26 20:43:14,354] 174 root - INFO - Data transformation complete
[ 2026-05-26 20:43:14,354] 49 root - INFO - Started Regular Expression mapping
[ 2026-05-26 20:43:14,355] 25 root - INFO - Match heuristic business names to paybill payments
[ 2026-05-26 20:43:14,355] 174 root - INFO - Data transformation complete
[ 2026-05-26 20:43:14,355] 49 root - INFO - Started Regular Expression mapping
[ 2026-05-26 20:43:14,355] 174 root - INFO - Data transformation complete
[ 2026-05-26 20:43:14,356] 49 root - INFO - Started Regular Expression mapping
[ 2026-05-26 20:43:14,356] 174 root - INFO - Data transformation complete
[ 2026-05-26 20:43:14,356] 49 root - INFO - Started Regular Expression mapping
[ 2026-05-26 20:43:14,356] 25 root - INFO - Match heuristic business names to paybill payments
[ 2026-05-26 20:43:14,356] 174 root - INFO - Data transformation complete
[ 2026-05-26 20:43:14,356] 49 root - INFO - Started Regular Expression mapping
[ 2026-05-26 20:43:14,356] 174 root - INFO - Data transformation complete
[ 2026-05-26 20:43:14,356] 49 root - INFO - Started Regular Expression mapping
[ 2026-05-26 20:43:14,356] 25 root - INFO - Match heuristic business names to paybill payments
[ 2026-05-26 20:43:14,356] 174 root - INFO - Data transformation complete
[ 2026-05-26 20:43:14,357] 49 root - INFO - Started Regular Expression mapping
[ 2026-05-26 20:43:14,357] 174 root - INFO - Data transformation complete
[ 2026-05-26 20:43:14,357] 49 root - INFO - Started Regular Expression mapping
[ 2026-05-26 20:43:14,357] 25 root - INFO - Match heuristic business names to paybill payments
[ 2026-05-26 20:43:14,357] 174 root - INFO - Data transformation complete
[ 2026-05-26 20:43:14,357] 49 root - INFO - Started Regular Expression mapping
[ 2026-05-26 20:43:14,357] 25 root - INFO - Match heuristic business names to paybill payments
[ 2026-05-26 20:43:14,358] 174 root - INFO - Data transformation complete
[ 2026-05-26 20:43:14,358] 49 root - INFO - Started Regular Expression mapping
[ 2026-05-26 20:43:14,358] 174 root - INFO - Data transformation complete
[ 2026-05-26 20:43:14,358] 49 root - INFO - Started Regular Expression mapping
[ 2026-05-26 20:43:14,358] 174 root - INFO - Data transformation complete
[ 2026-05-26 20:43:14,358] 49 root - INFO - Started Regular Expression mapping
[ 2026-05-26 20:43:14,359] 174 root - INFO - Data transformation complete
[ 2026-05-26 20:43:14,359] 49 root - INFO - Started Regular Expression mapping
[ 2026-05-26 20:43:14,359] 174 root - INFO - Data transformation complete
[ 2026-05-26 20:43:14,359] 49 root - INFO - Started Regular Expression mapping
[ 2026-05-26 20:43:14,359] 174 root - INFO - Data transformation complete
[ 2026-05-26 20:43:14,359] 49 root - INFO - Started Regular Expression mapping
[ 2026-05-26 20:43:14,360] 174 root - INFO - Data transformation complete
[ 2026-05-26 20:43:14,360] 49 root - INFO - Started Regular Expression mapping
[ 2026-05-26 20:43:14,360] 174 root - INFO - Data transformation complete
[ 2026-05-26 20:43:14,360] 49 root - INFO - Started Regular Expression mapping
[ 2026-05-26 20:43:14,360] 25 root - INFO - Match heuristic business names to paybill payments
[ 2026-05-26 20:43:14,360] 174 root - INFO - Data transformation complete
[ 2026-05-26 20:43:14,361] 49 root - INFO - Started Regular Expression mapping
[ 2026-05-26 20:43:14,361] 25 root - INFO - Match heuristic business names to paybill payments
[ 2026-05-26 20:43:14,361] 174 root - INFO - Data transformation complete
[ 2026-05-26 20:43:14,361] 49 root - INFO - Started Regular Expression mapping
[ 2026-05-26 20:43:14,361] 174 root - INFO - Data transformation complete
[ 2026-05-26 20:43:14,361] 49 root - INFO - Started Regular Expression mapping
[ 2026-05-26 20:43:14,361] 174 root - INFO - Data transformation complete
[ 2026-05-26 20:43:14,362] 49 root - INFO - Started Regular Expression mapping
[ 2026-05-26 20:43:14,362] 174 root - INFO - Data transformation complete
[ 2026-05-26 20:43:14,362] 49 root - INFO - Started Regular Expression mapping
[ 2026-05-26 20:43:14,362] 174 root - INFO - Data transformation complete
[ 2026-05-26 20:43:14,362] 49 root - INFO - Started Regular Expression mapping
[ 2026-05-26 20:43:14,362] 174 root - INFO - Data transformation complete
[ 2026-05-26 20:43:14,362] 49 root - INFO - Started Regular Expression mapping
[ 2026-05-26 20:43:14,363] 25 root - INFO - Match heuristic business names to paybill payments
[ 2026-05-26 20:43:14,363] 174 root - INFO - Data transformation complete
[ 2026-05-26 20:43:14,363] 49 root - INFO - Started Regular Expression mapping
[ 2026-05-26 20:43:14,363] 25 root - INFO - Match heuristic business names to paybill payments
[ 2026-05-26 20:43:14,363] 174 root - INFO - Data transformation complete
[ 2026-05-26 20:43:14,363] 49 root - INFO - Started Regular Expression mapping
[ 2026-05-26 20:43:14,364] 25 root - INFO - Match heuristic business names to paybill payments
[ 2026-05-26 20:43:14,364] 174 root - INFO - Data transformation complete
[ 2026-05-26 20:43:14,364] 49 root - INFO - Started Regular Expression mapping
[ 2026-05-26 20:43:14,364] 174 root - INFO - Data transformation complete
[ 2026-05-26 20:43:14,364] 49 root - INFO - Started Regular Expression mapping
[ 2026-05-26 20:43:14,364] 174 root - INFO - Data transformation complete
[ 2026-05-26 20:43:14,365] 49 root - INFO - Started Regular Expression mapping
[ 2026-05-26 20:43:14,365] 25 root - INFO - Match heuristic business names to paybill payments
[ 2026-05-26 20:43:14,365] 174 root - INFO - Data transformation complete
[ 2026-05-26 20:43:14,365] 49 root - INFO - Started Regular Expression mapping
[ 2026-05-26 20:43:14,366] 25 root - INFO - Match heuristic business names to paybill payments
[ 2026-05-26 20:43:14,366] 174 root - INFO - Data transformation complete
[ 2026-05-26 20:43:14,366] 49 root - INFO - Started Regular Expression mapping
[ 2026-05-26 20:43:14,366] 174 root - INFO - Data transformation complete
[ 2026-05-26 20:43:14,366] 49 root - INFO - Started Regular Expression mapping
[ 2026-05-26 20:43:14,366] 174 root - INFO - Data transformation complete
[ 2026-05-26 20:43:14,366] 49 root - INFO - Started Regular Expression mapping
[ 2026-05-26 20:43:14,366] 174 root - INFO - Data transformation complete
[ 2026-05-26 20:43:14,366] 49 root - INFO - Started Regular Expression mapping
[ 2026-05-26 20:43:14,366] 174 root - INFO - Data transformation complete
[ 2026-05-26 20:43:14,367] 49 root - INFO - Started Regular Expression mapping
[ 2026-05-26 20:43:14,367] 174 root - INFO - Data transformation complete
[ 2026-05-26 20:43:14,368] 49 root - INFO - Started Regular Expression mapping
[ 2026-05-26 20:43:14,368] 25 root - INFO - Match heuristic business names to paybill payments
[ 2026-05-26 20:43:14,368] 174 root - INFO - Data transformation complete
[ 2026-05-26 20:43:14,368] 49 root - INFO - Started Regular Expression mapping
[ 2026-05-26 20:43:14,368] 174 root - INFO - Data transformation complete
[ 2026-05-26 20:43:14,368] 49 root - INFO - Started Regular Expression mapping
[ 2026-05-26 20:43:14,368] 174 root - INFO - Data transformation complete
[ 2026-05-26 20:43:14,368] 49 root - INFO - Started Regular Expression mapping
[ 2026-05-26 20:43:14,368] 174 root - INFO - Data transformation complete
[ 2026-05-26 20:43:14,368] 49 root - INFO - Started Regular Expression mapping
[ 2026-05-26 20:43:14,368] 174 root - INFO - Data transformation complete
[ 2026-05-26 20:43:14,369] 49 root - INFO - Started Regular Expression mapping
[ 2026-05-26 20:43:14,369] 174 root - INFO - Data transformation complete
[ 2026-05-26 20:43:14,369] 49 root - INFO - Started Regular Expression mapping
[ 2026-05-26 20:43:14,369] 174 root - INFO - Data transformation complete
[ 2026-05-26 20:43:14,369] 49 root - INFO - Started Regular Expression mapping
[ 2026-05-26 20:43:14,369] 174 root - INFO - Data transformation complete
[ 2026-05-26 20:43:14,370] 49 root - INFO - Started Regular Expression mapping
[ 2026-05-26 20:43:14,370] 174 root - INFO - Data transformation complete
[ 2026-05-26 20:43:14,370] 49 root - INFO - Started Regular Expression mapping
[ 2026-05-26 20:43:14,370] 25 root - INFO - Match heuristic business names to paybill payments
[ 2026-05-26 20:43:14,370] 174 root - INFO - Data transformation complete
[ 2026-05-26 20:43:14,370] 49 root - INFO - Started Regular Expression mapping
[ 2026-05-26 20:43:14,370] 25 root - INFO - Match heuristic business names to paybill payments
[ 2026-05-26 20:43:14,371] 174 root - INFO - Data transformation complete
[ 2026-05-26 20:43:14,371] 49 root - INFO - Started Regular Expression mapping
[ 2026-05-26 20:43:14,371] 174 root - INFO - Data transformation complete
[ 2026-05-26 20:43:14,371] 49 root - INFO - Started Regular Expression mapping
[ 2026-05-26 20:43:14,371] 174 root - INFO - Data transformation complete
[ 2026-05-26 20:43:14,371] 49 root - INFO - Started Regular Expression mapping
[ 2026-05-26 20:43:14,372] 174 root - INFO - Data transformation complete
[ 2026-05-26 20:43:14,372] 49 root - INFO - Started Regular Expression mapping
[ 2026-05-26 20:43:14,372] 174 root - INFO - Data transformation complete
[ 2026-05-26 20:43:14,372] 49 root - INFO - Started Regular Expression mapping
[ 2026-05-26 20:43:14,372] 174 root - INFO - Data transformation complete
[ 2026-05-26 20:43:14,372] 49 root - INFO - Started Regular Expression mapping
[ 2026-05-26 20:43:14,373] 174 root - INFO - Data transformation complete
[ 2026-05-26 20:43:14,373] 49 root - INFO - Started Regular Expression mapping
[ 2026-05-26 20:43:14,373] 174 root - INFO - Data transformation complete
[ 2026-05-26 20:43:14,373] 49 root - INFO - Started Regular Expression mapping
[ 2026-05-26 20:43:14,373] 174 root - INFO - Data transformation complete
[ 2026-05-26 20:43:14,373] 49 root - INFO - Started Regular Expression mapping
[ 2026-05-26 20:43:14,373] 25 root - INFO - Match heuristic business names to paybill payments
[ 2026-05-26 20:43:14,374] 174 root - INFO - Data transformation complete
[ 2026-05-26 20:43:14,374] 49 root - INFO - Started Regular Expression mapping
[ 2026-05-26 20:43:14,374] 174 root - INFO - Data transformation complete
[ 2026-05-26 20:43:14,374] 49 root - INFO - Started Regular Expression mapping
[ 2026-05-26 20:43:14,374] 25 root - INFO - Match heuristic business names to paybill payments
[ 2026-05-26 20:43:14,374] 174 root - INFO - Data transformation complete
[ 2026-05-26 20:43:14,374] 49 root - INFO - Started Regular Expression mapping
[ 2026-05-26 20:43:14,375] 174 root - INFO - Data transformation complete
[ 2026-05-26 20:43:14,375] 49 root - INFO - Started Regular Expression mapping
[ 2026-05-26 20:43:14,375] 25 root - INFO - Match heuristic business names to paybill payments
[ 2026-05-26 20:43:14,376] 174 root - INFO - Data transformation complete
[ 2026-05-26 20:43:14,376] 49 root - INFO - Started Regular Expression mapping
[ 2026-05-26 20:43:14,376] 25 root - INFO - Match heuristic business names to paybill payments
[ 2026-05-26 20:43:14,376] 174 root - INFO - Data transformation complete
[ 2026-05-26 20:43:14,376] 49 root - INFO - Started Regular Expression mapping
[ 2026-05-26 20:43:14,376] 25 root - INFO - Match heuristic business names to paybill payments
[ 2026-05-26 20:43:14,376] 174 root - INFO - Data transformation complete
[ 2026-05-26 20:43:14,377] 49 root - INFO - Started Regular Expression mapping
[ 2026-05-26 20:43:14,377] 174 root - INFO - Data transformation complete
[ 2026-05-26 20:43:14,377] 49 root - INFO - Started Regular Expression mapping
[ 2026-05-26 20:43:14,377] 174 root - INFO - Data transformation complete
[ 2026-05-26 20:43:14,377] 49 root - INFO - Started Regular Expression mapping
[ 2026-05-26 20:43:14,377] 174 root - INFO - Data transformation complete
[ 2026-05-26 20:43:14,377] 49 root - INFO - Started Regular Expression mapping
[ 2026-05-26 20:43:14,378] 174 root - INFO - Data transformation complete
[ 2026-05-26 20:43:14,378] 49 root - INFO - Started Regular Expression mapping
[ 2026-05-26 20:43:14,378] 174 root - INFO - Data transformation complete
[ 2026-05-26 20:43:14,378] 49 root - INFO - Started Regular Expression mapping
[ 2026-05-26 20:43:14,378] 174 root - INFO - Data transformation complete
[ 2026-05-26 20:43:14,378] 49 root - INFO - Started Regular Expression mapping
[ 2026-05-26 20:43:14,379] 25 root - INFO - Match heuristic business names to paybill payments
[ 2026-05-26 20:43:14,379] 174 root - INFO - Data transformation complete
[ 2026-05-26 20:43:14,379] 49 root - INFO - Started Regular Expression mapping
[ 2026-05-26 20:43:14,379] 174 root - INFO - Data transformation complete
[ 2026-05-26 20:43:14,379] 49 root - INFO - Started Regular Expression mapping
[ 2026-05-26 20:43:14,379] 174 root - INFO - Data transformation complete
[ 2026-05-26 20:43:14,380] 49 root - INFO - Started Regular Expression mapping
[ 2026-05-26 20:43:14,380] 25 root - INFO - Match heuristic business names to paybill payments
[ 2026-05-26 20:43:14,380] 174 root - INFO - Data transformation complete
[ 2026-05-26 20:43:14,380] 49 root - INFO - Started Regular Expression mapping
[ 2026-05-26 20:43:14,380] 174 root - INFO - Data transformation complete
[ 2026-05-26 20:43:14,380] 49 root - INFO - Started Regular Expression mapping
[ 2026-05-26 20:43:14,380] 174 root - INFO - Data transformation complete
[ 2026-05-26 20:43:14,381] 49 root - INFO - Started Regular Expression mapping
[ 2026-05-26 20:43:14,381] 174 root - INFO - Data transformation complete
[ 2026-05-26 20:43:14,381] 49 root - INFO - Started Regular Expression mapping
[ 2026-05-26 20:43:14,381] 174 root - INFO - Data transformation complete
[ 2026-05-26 20:43:14,381] 49 root - INFO - Started Regular Expression mapping
[ 2026-05-26 20:43:14,381] 25 root - INFO - Match heuristic business names to paybill payments
[ 2026-05-26 20:43:14,382] 174 root - INFO - Data transformation complete
[ 2026-05-26 20:43:14,382] 49 root - INFO - Started Regular Expression mapping
[ 2026-05-26 20:43:14,382] 25 root - INFO - Match heuristic business names to paybill payments
[ 2026-05-26 20:43:14,382] 174 root - INFO - Data transformation complete
[ 2026-05-26 20:43:14,382] 49 root - INFO - Started Regular Expression mapping
[ 2026-05-26 20:43:14,382] 25 root - INFO - Match heuristic business names to paybill payments
[ 2026-05-26 20:43:14,382] 174 root - INFO - Data transformation complete
[ 2026-05-26 20:43:14,382] 49 root - INFO - Started Regular Expression mapping
[ 2026-05-26 20:43:14,383] 174 root - INFO - Data transformation complete
[ 2026-05-26 20:43:14,383] 49 root - INFO - Started Regular Expression mapping
[ 2026-05-26 20:43:14,383] 174 root - INFO - Data transformation complete
[ 2026-05-26 20:43:14,383] 49 root - INFO - Started Regular Expression mapping
[ 2026-05-26 20:43:14,383] 25 root - INFO - Match heuristic business names to paybill payments
[ 2026-05-26 20:43:14,383] 174 root - INFO - Data transformation complete
[ 2026-05-26 20:43:14,384] 49 root - INFO - Started Regular Expression mapping
[ 2026-05-26 20:43:14,384] 174 root - INFO - Data transformation complete
[ 2026-05-26 20:43:14,384] 49 root - INFO - Started Regular Expression mapping
[ 2026-05-26 20:43:14,384] 25 root - INFO - Match heuristic business names to paybill payments
[ 2026-05-26 20:43:14,384] 174 root - INFO - Data transformation complete
[ 2026-05-26 20:43:14,384] 49 root - INFO - Started Regular Expression mapping
[ 2026-05-26 20:43:14,384] 174 root - INFO - Data transformation complete
[ 2026-05-26 20:43:14,384] 49 root - INFO - Started Regular Expression mapping
[ 2026-05-26 20:43:14,384] 25 root - INFO - Match heuristic business names to paybill payments
[ 2026-05-26 20:43:14,384] 174 root - INFO - Data transformation complete
[ 2026-05-26 20:43:14,385] 49 root - INFO - Started Regular Expression mapping
[ 2026-05-26 20:43:14,385] 174 root - INFO - Data transformation complete
[ 2026-05-26 20:43:14,385] 49 root - INFO - Started Regular Expression mapping
[ 2026-05-26 20:43:14,385] 174 root - INFO - Data transformation complete
[ 2026-05-26 20:43:14,385] 49 root - INFO - Started Regular Expression mapping
[ 2026-05-26 20:43:14,385] 174 root - INFO - Data transformation complete
[ 2026-05-26 20:43:14,385] 49 root - INFO - Started Regular Expression mapping
[ 2026-05-26 20:43:14,386] 174 root - INFO - Data transformation complete
[ 2026-05-26 20:43:14,386] 49 root - INFO - Started Regular Expression mapping
[ 2026-05-26 20:43:14,386] 25 root - INFO - Match heuristic business names to paybill payments
[ 2026-05-26 20:43:14,387] 174 root - INFO - Data transformation complete
[ 2026-05-26 20:43:14,387] 49 root - INFO - Started Regular Expression mapping
[ 2026-05-26 20:43:14,387] 25 root - INFO - Match heuristic business names to paybill payments
[ 2026-05-26 20:43:14,387] 174 root - INFO - Data transformation complete
[ 2026-05-26 20:43:14,387] 49 root - INFO - Started Regular Expression mapping
[ 2026-05-26 20:43:14,388] 174 root - INFO - Data transformation complete
[ 2026-05-26 20:43:14,388] 49 root - INFO - Started Regular Expression mapping
[ 2026-05-26 20:43:14,388] 174 root - INFO - Data transformation complete
[ 2026-05-26 20:43:14,388] 49 root - INFO - Started Regular Expression mapping
[ 2026-05-26 20:43:14,388] 25 root - INFO - Match heuristic business names to paybill payments
[ 2026-05-26 20:43:14,388] 174 root - INFO - Data transformation complete
[ 2026-05-26 20:43:14,388] 49 root - INFO - Started Regular Expression mapping
[ 2026-05-26 20:43:14,388] 174 root - INFO - Data transformation complete
[ 2026-05-26 20:43:14,389] 49 root - INFO - Started Regular Expression mapping
[ 2026-05-26 20:43:14,389] 174 root - INFO - Data transformation complete
[ 2026-05-26 20:43:14,389] 49 root - INFO - Started Regular Expression mapping
[ 2026-05-26 20:43:14,389] 174 root - INFO - Data transformation complete
[ 2026-05-26 20:43:14,389] 49 root - INFO - Started Regular Expression mapping
[ 2026-05-26 20:43:14,389] 25 root - INFO - Match heuristic business names to paybill payments
[ 2026-05-26 20:43:14,389] 174 root - INFO - Data transformation complete
[ 2026-05-26 20:43:14,390] 49 root - INFO - Started Regular Expression mapping
[ 2026-05-26 20:43:14,390] 25 root - INFO - Match heuristic business names to paybill payments
[ 2026-05-26 20:43:14,390] 174 root - INFO - Data transformation complete
[ 2026-05-26 20:43:14,390] 49 root - INFO - Started Regular Expression mapping
[ 2026-05-26 20:43:14,390] 174 root - INFO - Data transformation complete
[ 2026-05-26 20:43:14,390] 49 root - INFO - Started Regular Expression mapping
[ 2026-05-26 20:43:14,391] 25 root - INFO - Match heuristic business names to paybill payments
[ 2026-05-26 20:43:14,391] 174 root - INFO - Data transformation complete
[ 2026-05-26 20:43:14,391] 49 root - INFO - Started Regular Expression mapping
[ 2026-05-26 20:43:14,391] 25 root - INFO - Match heuristic business names to paybill payments
[ 2026-05-26 20:43:14,391] 174 root - INFO - Data transformation complete
[ 2026-05-26 20:43:14,391] 49 root - INFO - Started Regular Expression mapping
[ 2026-05-26 20:43:14,391] 174 root - INFO - Data transformation complete
[ 2026-05-26 20:43:14,392] 49 root - INFO - Started Regular Expression mapping
[ 2026-05-26 20:43:14,392] 25 root - INFO - Match heuristic business names to paybill payments
[ 2026-05-26 20:43:14,392] 174 root - INFO - Data transformation complete
[ 2026-05-26 20:43:14,392] 49 root - INFO - Started Regular Expression mapping
[ 2026-05-26 20:43:14,392] 174 root - INFO - Data transformation complete
[ 2026-05-26 20:43:14,392] 49 root - INFO - Started Regular Expression mapping
[ 2026-05-26 20:43:14,392] 25 root - INFO - Match heuristic business names to paybill payments
[ 2026-05-26 20:43:14,393] 174 root - INFO - Data transformation complete
[ 2026-05-26 20:43:14,393] 49 root - INFO - Started Regular Expression mapping
[ 2026-05-26 20:43:14,393] 174 root - INFO - Data transformation complete
[ 2026-05-26 20:43:14,393] 49 root - INFO - Started Regular Expression mapping
[ 2026-05-26 20:43:14,393] 174 root - INFO - Data transformation complete
[ 2026-05-26 20:43:14,393] 49 root - INFO - Started Regular Expression mapping
[ 2026-05-26 20:43:14,394] 174 root - INFO - Data transformation complete
[ 2026-05-26 20:43:14,394] 49 root - INFO - Started Regular Expression mapping
[ 2026-05-26 20:43:14,394] 174 root - INFO - Data transformation complete
[ 2026-05-26 20:43:14,394] 49 root - INFO - Started Regular Expression mapping
[ 2026-05-26 20:43:14,394] 25 root - INFO - Match heuristic business names to paybill payments
[ 2026-05-26 20:43:14,394] 174 root - INFO - Data transformation complete
[ 2026-05-26 20:43:14,395] 49 root - INFO - Started Regular Expression mapping
[ 2026-05-26 20:43:14,395] 174 root - INFO - Data transformation complete
[ 2026-05-26 20:43:14,396] 49 root - INFO - Started Regular Expression mapping
[ 2026-05-26 20:43:14,396] 25 root - INFO - Match heuristic business names to paybill payments
[ 2026-05-26 20:43:14,396] 174 root - INFO - Data transformation complete
[ 2026-05-26 20:43:14,396] 49 root - INFO - Started Regular Expression mapping
[ 2026-05-26 20:43:14,397] 25 root - INFO - Match heuristic business names to paybill payments
[ 2026-05-26 20:43:14,397] 174 root - INFO - Data transformation complete
[ 2026-05-26 20:43:14,397] 49 root - INFO - Started Regular Expression mapping
[ 2026-05-26 20:43:14,397] 25 root - INFO - Match heuristic business names to paybill payments
[ 2026-05-26 20:43:14,398] 174 root - INFO - Data transformation complete
[ 2026-05-26 20:43:14,398] 49 root - INFO - Started Regular Expression mapping
[ 2026-05-26 20:43:14,398] 25 root - INFO - Match heuristic business names to paybill payments
[ 2026-05-26 20:43:14,398] 174 root - INFO - Data transformation complete
[ 2026-05-26 20:43:14,398] 49 root - INFO - Started Regular Expression mapping
[ 2026-05-26 20:43:14,399] 174 root - INFO - Data transformation complete
[ 2026-05-26 20:43:14,399] 49 root - INFO - Started Regular Expression mapping
[ 2026-05-26 20:43:14,399] 174 root - INFO - Data transformation complete
[ 2026-05-26 20:43:14,399] 49 root - INFO - Started Regular Expression mapping
[ 2026-05-26 20:43:14,399] 25 root - INFO - Match heuristic business names to paybill payments
[ 2026-05-26 20:43:14,399] 174 root - INFO - Data transformation complete
[ 2026-05-26 20:43:14,400] 49 root - INFO - Started Regular Expression mapping
[ 2026-05-26 20:43:14,400] 174 root - INFO - Data transformation complete
[ 2026-05-26 20:43:14,400] 49 root - INFO - Started Regular Expression mapping
[ 2026-05-26 20:43:14,400] 174 root - INFO - Data transformation complete
[ 2026-05-26 20:43:14,400] 49 root - INFO - Started Regular Expression mapping
[ 2026-05-26 20:43:14,400] 25 root - INFO - Match heuristic business names to paybill payments
[ 2026-05-26 20:43:14,401] 174 root - INFO - Data transformation complete
[ 2026-05-26 20:43:14,401] 49 root - INFO - Started Regular Expression mapping
[ 2026-05-26 20:43:14,401] 174 root - INFO - Data transformation complete
[ 2026-05-26 20:43:14,401] 49 root - INFO - Started Regular Expression mapping
[ 2026-05-26 20:43:14,401] 174 root - INFO - Data transformation complete
[ 2026-05-26 20:43:14,401] 49 root - INFO - Started Regular Expression mapping
[ 2026-05-26 20:43:14,401] 25 root - INFO - Match heuristic business names to paybill payments
[ 2026-05-26 20:43:14,402] 174 root - INFO - Data transformation complete
[ 2026-05-26 20:43:14,402] 49 root - INFO - Started Regular Expression mapping
[ 2026-05-26 20:43:14,402] 174 root - INFO - Data transformation complete
[ 2026-05-26 20:43:14,402] 49 root - INFO - Started Regular Expression mapping
[ 2026-05-26 20:43:14,402] 25 root - INFO - Match heuristic business names to paybill payments
[ 2026-05-26 20:43:14,402] 174 root - INFO - Data transformation complete
[ 2026-05-26 20:43:14,402] 49 root - INFO - Started Regular Expression mapping
[ 2026-05-26 20:43:14,403] 174 root - INFO - Data transformation complete
[ 2026-05-26 20:43:14,403] 49 root - INFO - Started Regular Expression mapping
[ 2026-05-26 20:43:14,403] 174 root - INFO - Data transformation complete
[ 2026-05-26 20:43:14,403] 49 root - INFO - Started Regular Expression mapping
[ 2026-05-26 20:43:14,403] 174 root - INFO - Data transformation complete
[ 2026-05-26 20:43:14,403] 49 root - INFO - Started Regular Expression mapping
[ 2026-05-26 20:43:14,404] 174 root - INFO - Data transformation complete
[ 2026-05-26 20:43:14,404] 49 root - INFO - Started Regular Expression mapping
[ 2026-05-26 20:43:14,404] 174 root - INFO - Data transformation complete
[ 2026-05-26 20:43:14,404] 49 root - INFO - Started Regular Expression mapping
[ 2026-05-26 20:43:14,404] 174 root - INFO - Data transformation complete
[ 2026-05-26 20:43:14,404] 49 root - INFO - Started Regular Expression mapping
[ 2026-05-26 20:43:14,404] 174 root - INFO - Data transformation complete
[ 2026-05-26 20:43:14,404] 49 root - INFO - Started Regular Expression mapping
[ 2026-05-26 20:43:14,404] 174 root - INFO - Data transformation complete
[ 2026-05-26 20:43:14,405] 49 root - INFO - Started Regular Expression mapping
[ 2026-05-26 20:43:14,406] 25 root - INFO - Match heuristic business names to paybill payments
[ 2026-05-26 20:43:14,406] 174 root - INFO - Data transformation complete
[ 2026-05-26 20:43:14,406] 49 root - INFO - Started Regular Expression mapping
[ 2026-05-26 20:43:14,406] 174 root - INFO - Data transformation complete
[ 2026-05-26 20:43:14,406] 49 root - INFO - Started Regular Expression mapping
[ 2026-05-26 20:43:14,406] 174 root - INFO - Data transformation complete
[ 2026-05-26 20:43:14,407] 49 root - INFO - Started Regular Expression mapping
[ 2026-05-26 20:43:14,407] 174 root - INFO - Data transformation complete
[ 2026-05-26 20:43:14,407] 49 root - INFO - Started Regular Expression mapping
[ 2026-05-26 20:43:14,407] 174 root - INFO - Data transformation complete
[ 2026-05-26 20:43:14,408] 49 root - INFO - Started Regular Expression mapping
[ 2026-05-26 20:43:14,408] 174 root - INFO - Data transformation complete
[ 2026-05-26 20:43:14,408] 49 root - INFO - Started Regular Expression mapping
[ 2026-05-26 20:43:14,408] 174 root - INFO - Data transformation complete
[ 2026-05-26 20:43:14,408] 49 root - INFO - Started Regular Expression mapping
[ 2026-05-26 20:43:14,408] 174 root - INFO - Data transformation complete
[ 2026-05-26 20:43:14,408] 49 root - INFO - Started Regular Expression mapping
[ 2026-05-26 20:43:14,409] 174 root - INFO - Data transformation complete
[ 2026-05-26 20:43:14,409] 49 root - INFO - Started Regular Expression mapping
[ 2026-05-26 20:43:14,409] 25 root - INFO - Match heuristic business names to paybill payments
[ 2026-05-26 20:43:14,409] 174 root - INFO - Data transformation complete
[ 2026-05-26 20:43:14,409] 49 root - INFO - Started Regular Expression mapping
[ 2026-05-26 20:43:14,409] 174 root - INFO - Data transformation complete
[ 2026-05-26 20:43:14,410] 49 root - INFO - Started Regular Expression mapping
[ 2026-05-26 20:43:14,410] 174 root - INFO - Data transformation complete
[ 2026-05-26 20:43:14,410] 49 root - INFO - Started Regular Expression mapping
[ 2026-05-26 20:43:14,410] 174 root - INFO - Data transformation complete
[ 2026-05-26 20:43:14,410] 49 root - INFO - Started Regular Expression mapping
[ 2026-05-26 20:43:14,410] 174 root - INFO - Data transformation complete
[ 2026-05-26 20:43:14,410] 49 root - INFO - Started Regular Expression mapping
[ 2026-05-26 20:43:14,411] 174 root - INFO - Data transformation complete
[ 2026-05-26 20:43:14,411] 49 root - INFO - Started Regular Expression mapping
[ 2026-05-26 20:43:14,411] 25 root - INFO - Match heuristic business names to paybill payments
[ 2026-05-26 20:43:14,411] 174 root - INFO - Data transformation complete
[ 2026-05-26 20:43:14,411] 49 root - INFO - Started Regular Expression mapping
[ 2026-05-26 20:43:14,411] 25 root - INFO - Match heuristic business names to paybill payments
[ 2026-05-26 20:43:14,412] 174 root - INFO - Data transformation complete
[ 2026-05-26 20:43:14,412] 49 root - INFO - Started Regular Expression mapping
[ 2026-05-26 20:43:14,412] 25 root - INFO - Match heuristic business names to paybill payments
[ 2026-05-26 20:43:14,412] 174 root - INFO - Data transformation complete
[ 2026-05-26 20:43:14,412] 49 root - INFO - Started Regular Expression mapping
[ 2026-05-26 20:43:14,412] 174 root - INFO - Data transformation complete
[ 2026-05-26 20:43:14,412] 49 root - INFO - Started Regular Expression mapping
[ 2026-05-26 20:43:14,413] 25 root - INFO - Match heuristic business names to paybill payments
[ 2026-05-26 20:43:14,413] 174 root - INFO - Data transformation complete
[ 2026-05-26 20:43:14,413] 49 root - INFO - Started Regular Expression mapping
[ 2026-05-26 20:43:14,413] 174 root - INFO - Data transformation complete
[ 2026-05-26 20:43:14,413] 49 root - INFO - Started Regular Expression mapping
[ 2026-05-26 20:43:14,413] 174 root - INFO - Data transformation complete
[ 2026-05-26 20:43:14,413] 49 root - INFO - Started Regular Expression mapping
[ 2026-05-26 20:43:14,414] 174 root - INFO - Data transformation complete
[ 2026-05-26 20:43:14,414] 49 root - INFO - Started Regular Expression mapping
[ 2026-05-26 20:43:14,414] 174 root - INFO - Data transformation complete
[ 2026-05-26 20:43:14,414] 49 root - INFO - Started Regular Expression mapping
[ 2026-05-26 20:43:14,414] 174 root - INFO - Data transformation complete
[ 2026-05-26 20:43:14,414] 49 root - INFO - Started Regular Expression mapping
[ 2026-05-26 20:43:14,414] 25 root - INFO - Match heuristic business names to paybill payments
[ 2026-05-26 20:43:14,414] 174 root - INFO - Data transformation complete
[ 2026-05-26 20:43:14,414] 49 root - INFO - Started Regular Expression mapping
[ 2026-05-26 20:43:14,414] 174 root - INFO - Data transformation complete
[ 2026-05-26 20:43:14,415] 49 root - INFO - Started Regular Expression mapping
[ 2026-05-26 20:43:14,415] 25 root - INFO - Match heuristic business names to paybill payments
[ 2026-05-26 20:43:14,415] 174 root - INFO - Data transformation complete
[ 2026-05-26 20:43:14,416] 49 root - INFO - Started Regular Expression mapping
[ 2026-05-26 20:43:14,416] 25 root - INFO - Match heuristic business names to paybill payments
[ 2026-05-26 20:43:14,416] 174 root - INFO - Data transformation complete
[ 2026-05-26 20:43:14,416] 49 root - INFO - Started Regular Expression mapping
[ 2026-05-26 20:43:14,416] 174 root - INFO - Data transformation complete
[ 2026-05-26 20:43:14,416] 49 root - INFO - Started Regular Expression mapping
[ 2026-05-26 20:43:14,416] 174 root - INFO - Data transformation complete
[ 2026-05-26 20:43:14,417] 49 root - INFO - Started Regular Expression mapping
[ 2026-05-26 20:43:14,417] 25 root - INFO - Match heuristic business names to paybill payments
[ 2026-05-26 20:43:14,417] 174 root - INFO - Data transformation complete
[ 2026-05-26 20:43:14,417] 49 root - INFO - Started Regular Expression mapping
[ 2026-05-26 20:43:14,417] 25 root - INFO - Match heuristic business names to paybill payments
[ 2026-05-26 20:43:14,417] 174 root - INFO - Data transformation complete
[ 2026-05-26 20:43:14,417] 49 root - INFO - Started Regular Expression mapping
[ 2026-05-26 20:43:14,418] 25 root - INFO - Match heuristic business names to paybill payments
[ 2026-05-26 20:43:14,418] 174 root - INFO - Data transformation complete
[ 2026-05-26 20:43:14,418] 49 root - INFO - Started Regular Expression mapping
[ 2026-05-26 20:43:14,418] 25 root - INFO - Match heuristic business names to paybill payments
[ 2026-05-26 20:43:14,418] 174 root - INFO - Data transformation complete
[ 2026-05-26 20:43:14,418] 49 root - INFO - Started Regular Expression mapping
[ 2026-05-26 20:43:14,419] 174 root - INFO - Data transformation complete
[ 2026-05-26 20:43:14,419] 49 root - INFO - Started Regular Expression mapping
[ 2026-05-26 20:43:14,419] 174 root - INFO - Data transformation complete
[ 2026-05-26 20:43:14,419] 49 root - INFO - Started Regular Expression mapping
[ 2026-05-26 20:43:14,419] 25 root - INFO - Match heuristic business names to paybill payments
[ 2026-05-26 20:43:14,419] 174 root - INFO - Data transformation complete
[ 2026-05-26 20:43:14,419] 49 root - INFO - Started Regular Expression mapping
[ 2026-05-26 20:43:14,420] 25 root - INFO - Match heuristic business names to paybill payments
[ 2026-05-26 20:43:14,420] 174 root - INFO - Data transformation complete
[ 2026-05-26 20:43:14,420] 49 root - INFO - Started Regular Expression mapping
[ 2026-05-26 20:43:14,420] 25 root - INFO - Match heuristic business names to paybill payments
[ 2026-05-26 20:43:14,420] 174 root - INFO - Data transformation complete
[ 2026-05-26 20:43:14,420] 49 root - INFO - Started Regular Expression mapping
[ 2026-05-26 20:43:14,421] 174 root - INFO - Data transformation complete
[ 2026-05-26 20:43:14,421] 49 root - INFO - Started Regular Expression mapping
[ 2026-05-26 20:43:14,421] 174 root - INFO - Data transformation complete
[ 2026-05-26 20:43:14,421] 49 root - INFO - Started Regular Expression mapping
[ 2026-05-26 20:43:14,421] 174 root - INFO - Data transformation complete
[ 2026-05-26 20:43:14,421] 49 root - INFO - Started Regular Expression mapping
[ 2026-05-26 20:43:14,422] 174 root - INFO - Data transformation complete
[ 2026-05-26 20:43:14,422] 49 root - INFO - Started Regular Expression mapping
[ 2026-05-26 20:43:14,422] 25 root - INFO - Match heuristic business names to paybill payments
[ 2026-05-26 20:43:14,422] 174 root - INFO - Data transformation complete
[ 2026-05-26 20:43:14,422] 49 root - INFO - Started Regular Expression mapping
[ 2026-05-26 20:43:14,422] 174 root - INFO - Data transformation complete
[ 2026-05-26 20:43:14,422] 49 root - INFO - Started Regular Expression mapping
[ 2026-05-26 20:43:14,423] 25 root - INFO - Match heuristic business names to paybill payments
[ 2026-05-26 20:43:14,423] 174 root - INFO - Data transformation complete
[ 2026-05-26 20:43:14,423] 49 root - INFO - Started Regular Expression mapping
[ 2026-05-26 20:43:14,423] 174 root - INFO - Data transformation complete
[ 2026-05-26 20:43:14,423] 49 root - INFO - Started Regular Expression mapping
[ 2026-05-26 20:43:14,423] 174 root - INFO - Data transformation complete
[ 2026-05-26 20:43:14,424] 49 root - INFO - Started Regular Expression mapping
[ 2026-05-26 20:43:14,424] 174 root - INFO - Data transformation complete
[ 2026-05-26 20:43:14,424] 49 root - INFO - Started Regular Expression mapping
[ 2026-05-26 20:43:14,424] 25 root - INFO - Match heuristic business names to paybill payments
[ 2026-05-26 20:43:14,424] 174 root - INFO - Data transformation complete
[ 2026-05-26 20:43:14,424] 49 root - INFO - Started Regular Expression mapping
[ 2026-05-26 20:43:14,424] 174 root - INFO - Data transformation complete
[ 2026-05-26 20:43:14,424] 49 root - INFO - Started Regular Expression mapping
[ 2026-05-26 20:43:14,424] 174 root - INFO - Data transformation complete
[ 2026-05-26 20:43:14,424] 49 root - INFO - Started Regular Expression mapping
[ 2026-05-26 20:43:14,425] 174 root - INFO - Data transformation complete
[ 2026-05-26 20:43:14,425] 49 root - INFO - Started Regular Expression mapping
[ 2026-05-26 20:43:14,425] 174 root - INFO - Data transformation complete
[ 2026-05-26 20:43:14,425] 49 root - INFO - Started Regular Expression mapping
[ 2026-05-26 20:43:14,425] 174 root - INFO - Data transformation complete
[ 2026-05-26 20:43:14,425] 49 root - INFO - Started Regular Expression mapping
[ 2026-05-26 20:43:14,426] 25 root - INFO - Match heuristic business names to paybill payments
[ 2026-05-26 20:43:14,426] 174 root - INFO - Data transformation complete
[ 2026-05-26 20:43:14,426] 49 root - INFO - Started Regular Expression mapping
[ 2026-05-26 20:43:14,427] 174 root - INFO - Data transformation complete
[ 2026-05-26 20:43:14,427] 49 root - INFO - Started Regular Expression mapping
[ 2026-05-26 20:43:14,427] 174 root - INFO - Data transformation complete
[ 2026-05-26 20:43:14,427] 49 root - INFO - Started Regular Expression mapping
[ 2026-05-26 20:43:14,427] 174 root - INFO - Data transformation complete
[ 2026-05-26 20:43:14,428] 49 root - INFO - Started Regular Expression mapping
[ 2026-05-26 20:43:14,428] 174 root - INFO - Data transformation complete
[ 2026-05-26 20:43:14,428] 49 root - INFO - Started Regular Expression mapping
[ 2026-05-26 20:43:14,428] 174 root - INFO - Data transformation complete
[ 2026-05-26 20:43:14,428] 49 root - INFO - Started Regular Expression mapping
[ 2026-05-26 20:43:14,428] 25 root - INFO - Match heuristic business names to paybill payments
[ 2026-05-26 20:43:14,428] 174 root - INFO - Data transformation complete
[ 2026-05-26 20:43:14,428] 49 root - INFO - Started Regular Expression mapping
[ 2026-05-26 20:43:14,428] 174 root - INFO - Data transformation complete
[ 2026-05-26 20:43:14,429] 49 root - INFO - Started Regular Expression mapping
[ 2026-05-26 20:43:14,429] 25 root - INFO - Match heuristic business names to paybill payments
[ 2026-05-26 20:43:14,429] 174 root - INFO - Data transformation complete
[ 2026-05-26 20:43:14,429] 49 root - INFO - Started Regular Expression mapping
[ 2026-05-26 20:43:14,429] 174 root - INFO - Data transformation complete
[ 2026-05-26 20:43:14,429] 49 root - INFO - Started Regular Expression mapping
[ 2026-05-26 20:43:14,430] 174 root - INFO - Data transformation complete
[ 2026-05-26 20:43:14,430] 49 root - INFO - Started Regular Expression mapping
[ 2026-05-26 20:43:14,430] 174 root - INFO - Data transformation complete
[ 2026-05-26 20:43:14,430] 49 root - INFO - Started Regular Expression mapping
[ 2026-05-26 20:43:14,430] 174 root - INFO - Data transformation complete
[ 2026-05-26 20:43:14,430] 49 root - INFO - Started Regular Expression mapping
[ 2026-05-26 20:43:14,430] 25 root - INFO - Match heuristic business names to paybill payments
[ 2026-05-26 20:43:14,431] 174 root - INFO - Data transformation complete
[ 2026-05-26 20:43:14,431] 49 root - INFO - Started Regular Expression mapping
[ 2026-05-26 20:43:14,431] 174 root - INFO - Data transformation complete
[ 2026-05-26 20:43:14,431] 49 root - INFO - Started Regular Expression mapping
[ 2026-05-26 20:43:14,431] 174 root - INFO - Data transformation complete
[ 2026-05-26 20:43:14,431] 49 root - INFO - Started Regular Expression mapping
[ 2026-05-26 20:43:14,431] 174 root - INFO - Data transformation complete
[ 2026-05-26 20:43:14,432] 49 root - INFO - Started Regular Expression mapping
[ 2026-05-26 20:43:14,432] 174 root - INFO - Data transformation complete
[ 2026-05-26 20:43:14,432] 49 root - INFO - Started Regular Expression mapping
[ 2026-05-26 20:43:14,432] 174 root - INFO - Data transformation complete
[ 2026-05-26 20:43:14,432] 49 root - INFO - Started Regular Expression mapping
[ 2026-05-26 20:43:14,432] 25 root - INFO - Match heuristic business names to paybill payments
[ 2026-05-26 20:43:14,433] 174 root - INFO - Data transformation complete
[ 2026-05-26 20:43:14,433] 49 root - INFO - Started Regular Expression mapping
[ 2026-05-26 20:43:14,433] 25 root - INFO - Match heuristic business names to paybill payments
[ 2026-05-26 20:43:14,433] 174 root - INFO - Data transformation complete
[ 2026-05-26 20:43:14,433] 49 root - INFO - Started Regular Expression mapping
[ 2026-05-26 20:43:14,433] 25 root - INFO - Match heuristic business names to paybill payments
[ 2026-05-26 20:43:14,433] 174 root - INFO - Data transformation complete
[ 2026-05-26 20:43:14,434] 49 root - INFO - Started Regular Expression mapping
[ 2026-05-26 20:43:14,434] 174 root - INFO - Data transformation complete
[ 2026-05-26 20:43:14,434] 49 root - INFO - Started Regular Expression mapping
[ 2026-05-26 20:43:14,434] 174 root - INFO - Data transformation complete
[ 2026-05-26 20:43:14,434] 49 root - INFO - Started Regular Expression mapping
[ 2026-05-26 20:43:14,434] 174 root - INFO - Data transformation complete
[ 2026-05-26 20:43:14,434] 49 root - INFO - Started Regular Expression mapping
[ 2026-05-26 20:43:14,434] 174 root - INFO - Data transformation complete
[ 2026-05-26 20:43:14,434] 49 root - INFO - Started Regular Expression mapping
[ 2026-05-26 20:43:14,434] 174 root - INFO - Data transformation complete
[ 2026-05-26 20:43:14,435] 49 root - INFO - Started Regular Expression mapping
[ 2026-05-26 20:43:14,435] 174 root - INFO - Data transformation complete
[ 2026-05-26 20:43:14,435] 49 root - INFO - Started Regular Expression mapping
[ 2026-05-26 20:43:14,436] 25 root - INFO - Match heuristic business names to paybill payments
[ 2026-05-26 20:43:14,436] 174 root - INFO - Data transformation complete
[ 2026-05-26 20:43:14,436] 49 root - INFO - Started Regular Expression mapping
[ 2026-05-26 20:43:14,436] 174 root - INFO - Data transformation complete
[ 2026-05-26 20:43:14,436] 49 root - INFO - Started Regular Expression mapping
[ 2026-05-26 20:43:14,436] 174 root - INFO - Data transformation complete
[ 2026-05-26 20:43:14,436] 49 root - INFO - Started Regular Expression mapping
[ 2026-05-26 20:43:14,437] 174 root - INFO - Data transformation complete
[ 2026-05-26 20:43:14,437] 49 root - INFO - Started Regular Expression mapping
[ 2026-05-26 20:43:14,437] 174 root - INFO - Data transformation complete
[ 2026-05-26 20:43:14,437] 49 root - INFO - Started Regular Expression mapping
[ 2026-05-26 20:43:14,438] 174 root - INFO - Data transformation complete
[ 2026-05-26 20:43:14,438] 49 root - INFO - Started Regular Expression mapping
[ 2026-05-26 20:43:14,438] 174 root - INFO - Data transformation complete
[ 2026-05-26 20:43:14,438] 49 root - INFO - Started Regular Expression mapping
[ 2026-05-26 20:43:14,438] 174 root - INFO - Data transformation complete
[ 2026-05-26 20:43:14,438] 49 root - INFO - Started Regular Expression mapping
[ 2026-05-26 20:43:14,439] 25 root - INFO - Match heuristic business names to paybill payments
[ 2026-05-26 20:43:14,439] 174 root - INFO - Data transformation complete
[ 2026-05-26 20:43:14,439] 49 root - INFO - Started Regular Expression mapping
[ 2026-05-26 20:43:14,439] 174 root - INFO - Data transformation complete
[ 2026-05-26 20:43:14,439] 49 root - INFO - Started Regular Expression mapping
[ 2026-05-26 20:43:14,439] 174 root - INFO - Data transformation complete
[ 2026-05-26 20:43:14,439] 49 root - INFO - Started Regular Expression mapping
[ 2026-05-26 20:43:14,440] 174 root - INFO - Data transformation complete
[ 2026-05-26 20:43:14,440] 49 root - INFO - Started Regular Expression mapping
[ 2026-05-26 20:43:14,440] 174 root - INFO - Data transformation complete
[ 2026-05-26 20:43:14,440] 49 root - INFO - Started Regular Expression mapping
[ 2026-05-26 20:43:14,440] 174 root - INFO - Data transformation complete
[ 2026-05-26 20:43:14,440] 49 root - INFO - Started Regular Expression mapping
[ 2026-05-26 20:43:14,441] 174 root - INFO - Data transformation complete
[ 2026-05-26 20:43:14,441] 49 root - INFO - Started Regular Expression mapping
[ 2026-05-26 20:43:14,441] 25 root - INFO - Match heuristic business names to paybill payments
[ 2026-05-26 20:43:14,441] 174 root - INFO - Data transformation complete
[ 2026-05-26 20:43:14,441] 49 root - INFO - Started Regular Expression mapping
[ 2026-05-26 20:43:14,441] 25 root - INFO - Match heuristic business names to paybill payments
[ 2026-05-26 20:43:14,441] 174 root - INFO - Data transformation complete
[ 2026-05-26 20:43:14,442] 49 root - INFO - Started Regular Expression mapping
[ 2026-05-26 20:43:14,442] 174 root - INFO - Data transformation complete
[ 2026-05-26 20:43:14,442] 49 root - INFO - Started Regular Expression mapping
[ 2026-05-26 20:43:14,442] 25 root - INFO - Match heuristic business names to paybill payments
[ 2026-05-26 20:43:14,442] 174 root - INFO - Data transformation complete
[ 2026-05-26 20:43:14,442] 49 root - INFO - Started Regular Expression mapping
[ 2026-05-26 20:43:14,443] 174 root - INFO - Data transformation complete
[ 2026-05-26 20:43:14,443] 49 root - INFO - Started Regular Expression mapping
[ 2026-05-26 20:43:14,443] 174 root - INFO - Data transformation complete
[ 2026-05-26 20:43:14,443] 49 root - INFO - Started Regular Expression mapping
[ 2026-05-26 20:43:14,443] 174 root - INFO - Data transformation complete
[ 2026-05-26 20:43:14,443] 49 root - INFO - Started Regular Expression mapping
[ 2026-05-26 20:43:14,444] 25 root - INFO - Match heuristic business names to paybill payments
[ 2026-05-26 20:43:14,444] 174 root - INFO - Data transformation complete
[ 2026-05-26 20:43:14,444] 49 root - INFO - Started Regular Expression mapping
[ 2026-05-26 20:43:14,444] 174 root - INFO - Data transformation complete
[ 2026-05-26 20:43:14,444] 49 root - INFO - Started Regular Expression mapping
[ 2026-05-26 20:43:14,444] 174 root - INFO - Data transformation complete
[ 2026-05-26 20:43:14,444] 49 root - INFO - Started Regular Expression mapping
[ 2026-05-26 20:43:14,444] 174 root - INFO - Data transformation complete
[ 2026-05-26 20:43:14,444] 49 root - INFO - Started Regular Expression mapping
[ 2026-05-26 20:43:14,444] 174 root - INFO - Data transformation complete
[ 2026-05-26 20:43:14,445] 49 root - INFO - Started Regular Expression mapping
[ 2026-05-26 20:43:14,445] 25 root - INFO - Match heuristic business names to paybill payments
[ 2026-05-26 20:43:14,445] 174 root - INFO - Data transformation complete
[ 2026-05-26 20:43:14,445] 49 root - INFO - Started Regular Expression mapping
[ 2026-05-26 20:43:14,446] 174 root - INFO - Data transformation complete
[ 2026-05-26 20:43:14,446] 49 root - INFO - Started Regular Expression mapping
[ 2026-05-26 20:43:14,446] 174 root - INFO - Data transformation complete
[ 2026-05-26 20:43:14,446] 49 root - INFO - Started Regular Expression mapping
[ 2026-05-26 20:43:14,446] 25 root - INFO - Match heuristic business names to paybill payments
[ 2026-05-26 20:43:14,446] 174 root - INFO - Data transformation complete
[ 2026-05-26 20:43:14,447] 49 root - INFO - Started Regular Expression mapping
[ 2026-05-26 20:43:14,447] 25 root - INFO - Match heuristic business names to paybill payments
[ 2026-05-26 20:43:14,447] 174 root - INFO - Data transformation complete
[ 2026-05-26 20:43:14,447] 49 root - INFO - Started Regular Expression mapping
[ 2026-05-26 20:43:14,447] 174 root - INFO - Data transformation complete
[ 2026-05-26 20:43:14,448] 49 root - INFO - Started Regular Expression mapping
[ 2026-05-26 20:43:14,448] 174 root - INFO - Data transformation complete
[ 2026-05-26 20:43:14,448] 49 root - INFO - Started Regular Expression mapping
[ 2026-05-26 20:43:14,448] 174 root - INFO - Data transformation complete
[ 2026-05-26 20:43:14,448] 49 root - INFO - Started Regular Expression mapping
[ 2026-05-26 20:43:14,448] 25 root - INFO - Match heuristic business names to paybill payments
[ 2026-05-26 20:43:14,448] 174 root - INFO - Data transformation complete
[ 2026-05-26 20:43:14,449] 49 root - INFO - Started Regular Expression mapping
[ 2026-05-26 20:43:14,449] 174 root - INFO - Data transformation complete
[ 2026-05-26 20:43:14,449] 49 root - INFO - Started Regular Expression mapping
[ 2026-05-26 20:43:14,449] 25 root - INFO - Match heuristic business names to paybill payments
[ 2026-05-26 20:43:14,449] 174 root - INFO - Data transformation complete
[ 2026-05-26 20:43:14,449] 49 root - INFO - Started Regular Expression mapping
[ 2026-05-26 20:43:14,450] 174 root - INFO - Data transformation complete
[ 2026-05-26 20:43:14,450] 49 root - INFO - Started Regular Expression mapping
[ 2026-05-26 20:43:14,450] 174 root - INFO - Data transformation complete
[ 2026-05-26 20:43:14,450] 49 root - INFO - Started Regular Expression mapping
[ 2026-05-26 20:43:14,450] 25 root - INFO - Match heuristic business names to paybill payments
[ 2026-05-26 20:43:14,450] 174 root - INFO - Data transformation complete
[ 2026-05-26 20:43:14,450] 49 root - INFO - Started Regular Expression mapping
[ 2026-05-26 20:43:14,451] 25 root - INFO - Match heuristic business names to paybill payments
[ 2026-05-26 20:43:14,451] 174 root - INFO - Data transformation complete
[ 2026-05-26 20:43:14,451] 49 root - INFO - Started Regular Expression mapping
[ 2026-05-26 20:43:14,451] 174 root - INFO - Data transformation complete
[ 2026-05-26 20:43:14,451] 49 root - INFO - Started Regular Expression mapping
[ 2026-05-26 20:43:14,451] 25 root - INFO - Match heuristic business names to paybill payments
[ 2026-05-26 20:43:14,452] 174 root - INFO - Data transformation complete
[ 2026-05-26 20:43:14,452] 49 root - INFO - Started Regular Expression mapping
[ 2026-05-26 20:43:14,452] 174 root - INFO - Data transformation complete
[ 2026-05-26 20:43:14,452] 49 root - INFO - Started Regular Expression mapping
[ 2026-05-26 20:43:14,452] 174 root - INFO - Data transformation complete
[ 2026-05-26 20:43:14,452] 49 root - INFO - Started Regular Expression mapping
[ 2026-05-26 20:43:14,452] 174 root - INFO - Data transformation complete
[ 2026-05-26 20:43:14,453] 49 root - INFO - Started Regular Expression mapping
[ 2026-05-26 20:43:14,453] 25 root - INFO - Match heuristic business names to paybill payments
[ 2026-05-26 20:43:14,453] 174 root - INFO - Data transformation complete
[ 2026-05-26 20:43:14,453] 49 root - INFO - Started Regular Expression mapping
[ 2026-05-26 20:43:14,453] 25 root - INFO - Match heuristic business names to paybill payments
[ 2026-05-26 20:43:14,454] 174 root - INFO - Data transformation complete
[ 2026-05-26 20:43:14,454] 49 root - INFO - Started Regular Expression mapping
[ 2026-05-26 20:43:14,454] 25 root - INFO - Match heuristic business names to paybill payments
[ 2026-05-26 20:43:14,454] 174 root - INFO - Data transformation complete
[ 2026-05-26 20:43:14,454] 49 root - INFO - Started Regular Expression mapping
[ 2026-05-26 20:43:14,454] 174 root - INFO - Data transformation complete
[ 2026-05-26 20:43:14,454] 49 root - INFO - Started Regular Expression mapping
[ 2026-05-26 20:43:14,454] 25 root - INFO - Match heuristic business names to paybill payments
[ 2026-05-26 20:43:14,454] 174 root - INFO - Data transformation complete
[ 2026-05-26 20:43:14,454] 49 root - INFO - Started Regular Expression mapping
[ 2026-05-26 20:43:14,455] 174 root - INFO - Data transformation complete
[ 2026-05-26 20:43:14,455] 49 root - INFO - Started Regular Expression mapping
[ 2026-05-26 20:43:14,455] 174 root - INFO - Data transformation complete
[ 2026-05-26 20:43:14,455] 49 root - INFO - Started Regular Expression mapping
[ 2026-05-26 20:43:14,455] 25 root - INFO - Match heuristic business names to paybill payments
[ 2026-05-26 20:43:14,455] 174 root - INFO - Data transformation complete
[ 2026-05-26 20:43:14,455] 49 root - INFO - Started Regular Expression mapping
[ 2026-05-26 20:43:14,456] 25 root - INFO - Match heuristic business names to paybill payments
[ 2026-05-26 20:43:14,456] 174 root - INFO - Data transformation complete
[ 2026-05-26 20:43:14,456] 49 root - INFO - Started Regular Expression mapping
[ 2026-05-26 20:43:14,457] 174 root - INFO - Data transformation complete
[ 2026-05-26 20:43:14,457] 49 root - INFO - Started Regular Expression mapping
[ 2026-05-26 20:43:14,457] 25 root - INFO - Match heuristic business names to paybill payments
[ 2026-05-26 20:43:14,457] 174 root - INFO - Data transformation complete
[ 2026-05-26 20:43:14,457] 49 root - INFO - Started Regular Expression mapping
[ 2026-05-26 20:43:14,457] 25 root - INFO - Match heuristic business names to paybill payments
[ 2026-05-26 20:43:14,457] 174 root - INFO - Data transformation complete
[ 2026-05-26 20:43:14,458] 49 root - INFO - Started Regular Expression mapping
[ 2026-05-26 20:43:14,458] 174 root - INFO - Data transformation complete
[ 2026-05-26 20:43:14,458] 49 root - INFO - Started Regular Expression mapping
[ 2026-05-26 20:43:14,458] 25 root - INFO - Match heuristic business names to paybill payments
[ 2026-05-26 20:43:14,458] 174 root - INFO - Data transformation complete
[ 2026-05-26 20:43:14,458] 49 root - INFO - Started Regular Expression mapping
[ 2026-05-26 20:43:14,459] 174 root - INFO - Data transformation complete
[ 2026-05-26 20:43:14,459] 49 root - INFO - Started Regular Expression mapping
[ 2026-05-26 20:43:14,459] 174 root - INFO - Data transformation complete
[ 2026-05-26 20:43:14,459] 49 root - INFO - Started Regular Expression mapping
[ 2026-05-26 20:43:14,459] 174 root - INFO - Data transformation complete
[ 2026-05-26 20:43:14,459] 49 root - INFO - Started Regular Expression mapping
[ 2026-05-26 20:43:14,459] 174 root - INFO - Data transformation complete
[ 2026-05-26 20:43:14,460] 49 root - INFO - Started Regular Expression mapping
[ 2026-05-26 20:43:14,460] 25 root - INFO - Match heuristic business names to paybill payments
[ 2026-05-26 20:43:14,460] 174 root - INFO - Data transformation complete
[ 2026-05-26 20:43:14,460] 49 root - INFO - Started Regular Expression mapping
[ 2026-05-26 20:43:14,460] 174 root - INFO - Data transformation complete
[ 2026-05-26 20:43:14,460] 49 root - INFO - Started Regular Expression mapping
[ 2026-05-26 20:43:14,461] 174 root - INFO - Data transformation complete
[ 2026-05-26 20:43:14,461] 49 root - INFO - Started Regular Expression mapping
[ 2026-05-26 20:43:14,461] 174 root - INFO - Data transformation complete
[ 2026-05-26 20:43:14,461] 49 root - INFO - Started Regular Expression mapping
[ 2026-05-26 20:43:14,461] 25 root - INFO - Match heuristic business names to paybill payments
[ 2026-05-26 20:43:14,461] 174 root - INFO - Data transformation complete
[ 2026-05-26 20:43:14,461] 49 root - INFO - Started Regular Expression mapping
[ 2026-05-26 20:43:14,462] 174 root - INFO - Data transformation complete
[ 2026-05-26 20:43:14,462] 49 root - INFO - Started Regular Expression mapping
[ 2026-05-26 20:43:14,462] 25 root - INFO - Match heuristic business names to paybill payments
[ 2026-05-26 20:43:14,462] 174 root - INFO - Data transformation complete
[ 2026-05-26 20:43:14,462] 49 root - INFO - Started Regular Expression mapping
[ 2026-05-26 20:43:14,462] 174 root - INFO - Data transformation complete
[ 2026-05-26 20:43:14,462] 49 root - INFO - Started Regular Expression mapping
[ 2026-05-26 20:43:14,463] 25 root - INFO - Match heuristic business names to paybill payments
[ 2026-05-26 20:43:14,463] 174 root - INFO - Data transformation complete
[ 2026-05-26 20:43:14,463] 49 root - INFO - Started Regular Expression mapping
[ 2026-05-26 20:43:14,463] 25 root - INFO - Match heuristic business names to paybill payments
[ 2026-05-26 20:43:14,463] 174 root - INFO - Data transformation complete
[ 2026-05-26 20:43:14,463] 49 root - INFO - Started Regular Expression mapping
[ 2026-05-26 20:43:14,463] 174 root - INFO - Data transformation complete
[ 2026-05-26 20:43:14,464] 49 root - INFO - Started Regular Expression mapping
[ 2026-05-26 20:43:14,464] 25 root - INFO - Match heuristic business names to paybill payments
[ 2026-05-26 20:43:14,464] 174 root - INFO - Data transformation complete
[ 2026-05-26 20:43:14,464] 49 root - INFO - Started Regular Expression mapping
[ 2026-05-26 20:43:14,464] 174 root - INFO - Data transformation complete
[ 2026-05-26 20:43:14,464] 49 root - INFO - Started Regular Expression mapping
[ 2026-05-26 20:43:14,464] 25 root - INFO - Match heuristic business names to paybill payments
[ 2026-05-26 20:43:14,464] 174 root - INFO - Data transformation complete
[ 2026-05-26 20:43:14,464] 49 root - INFO - Started Regular Expression mapping
[ 2026-05-26 20:43:14,464] 25 root - INFO - Match heuristic business names to paybill payments
[ 2026-05-26 20:43:14,465] 174 root - INFO - Data transformation complete
[ 2026-05-26 20:43:14,465] 49 root - INFO - Started Regular Expression mapping
[ 2026-05-26 20:43:14,465] 174 root - INFO - Data transformation complete
[ 2026-05-26 20:43:14,465] 49 root - INFO - Started Regular Expression mapping
[ 2026-05-26 20:43:14,465] 174 root - INFO - Data transformation complete
[ 2026-05-26 20:43:14,465] 49 root - INFO - Started Regular Expression mapping
[ 2026-05-26 20:43:14,465] 174 root - INFO - Data transformation complete
[ 2026-05-26 20:43:14,466] 49 root - INFO - Started Regular Expression mapping
[ 2026-05-26 20:43:14,466] 25 root - INFO - Match heuristic business names to paybill payments
[ 2026-05-26 20:43:14,466] 174 root - INFO - Data transformation complete
[ 2026-05-26 20:43:14,466] 49 root - INFO - Started Regular Expression mapping
[ 2026-05-26 20:43:14,466] 174 root - INFO - Data transformation complete
[ 2026-05-26 20:43:14,466] 49 root - INFO - Started Regular Expression mapping
[ 2026-05-26 20:43:14,466] 174 root - INFO - Data transformation complete
[ 2026-05-26 20:43:14,467] 49 root - INFO - Started Regular Expression mapping
[ 2026-05-26 20:43:14,467] 174 root - INFO - Data transformation complete
[ 2026-05-26 20:43:14,467] 49 root - INFO - Started Regular Expression mapping
[ 2026-05-26 20:43:14,467] 174 root - INFO - Data transformation complete
[ 2026-05-26 20:43:14,468] 49 root - INFO - Started Regular Expression mapping
[ 2026-05-26 20:43:14,468] 174 root - INFO - Data transformation complete
[ 2026-05-26 20:43:14,468] 49 root - INFO - Started Regular Expression mapping
[ 2026-05-26 20:43:14,469] 174 root - INFO - Data transformation complete
[ 2026-05-26 20:43:14,469] 49 root - INFO - Started Regular Expression mapping
[ 2026-05-26 20:43:14,469] 174 root - INFO - Data transformation complete
[ 2026-05-26 20:43:14,469] 49 root - INFO - Started Regular Expression mapping
[ 2026-05-26 20:43:14,470] 174 root - INFO - Data transformation complete
[ 2026-05-26 20:43:14,470] 49 root - INFO - Started Regular Expression mapping
[ 2026-05-26 20:43:14,470] 174 root - INFO - Data transformation complete
[ 2026-05-26 20:43:14,470] 49 root - INFO - Started Regular Expression mapping
[ 2026-05-26 20:43:14,470] 174 root - INFO - Data transformation complete
[ 2026-05-26 20:43:14,470] 49 root - INFO - Started Regular Expression mapping
[ 2026-05-26 20:43:14,471] 174 root - INFO - Data transformation complete
[ 2026-05-26 20:43:14,471] 49 root - INFO - Started Regular Expression mapping
[ 2026-05-26 20:43:14,471] 174 root - INFO - Data transformation complete
[ 2026-05-26 20:43:14,471] 49 root - INFO - Started Regular Expression mapping
[ 2026-05-26 20:43:14,471] 174 root - INFO - Data transformation complete
[ 2026-05-26 20:43:14,471] 49 root - INFO - Started Regular Expression mapping
[ 2026-05-26 20:43:14,472] 174 root - INFO - Data transformation complete
[ 2026-05-26 20:43:14,472] 49 root - INFO - Started Regular Expression mapping
[ 2026-05-26 20:43:14,472] 174 root - INFO - Data transformation complete
[ 2026-05-26 20:43:14,472] 49 root - INFO - Started Regular Expression mapping
[ 2026-05-26 20:43:14,472] 25 root - INFO - Match heuristic business names to paybill payments
[ 2026-05-26 20:43:14,472] 174 root - INFO - Data transformation complete
[ 2026-05-26 20:43:14,472] 49 root - INFO - Started Regular Expression mapping
[ 2026-05-26 20:43:14,473] 174 root - INFO - Data transformation complete
[ 2026-05-26 20:43:14,473] 49 root - INFO - Started Regular Expression mapping
[ 2026-05-26 20:43:14,473] 174 root - INFO - Data transformation complete
[ 2026-05-26 20:43:14,473] 49 root - INFO - Started Regular Expression mapping
[ 2026-05-26 20:43:14,473] 25 root - INFO - Match heuristic business names to paybill payments
[ 2026-05-26 20:43:14,473] 174 root - INFO - Data transformation complete
[ 2026-05-26 20:43:14,473] 49 root - INFO - Started Regular Expression mapping
[ 2026-05-26 20:43:14,474] 174 root - INFO - Data transformation complete
[ 2026-05-26 20:43:14,474] 49 root - INFO - Started Regular Expression mapping
[ 2026-05-26 20:43:14,474] 25 root - INFO - Match heuristic business names to paybill payments
[ 2026-05-26 20:43:14,474] 174 root - INFO - Data transformation complete
[ 2026-05-26 20:43:14,474] 49 root - INFO - Started Regular Expression mapping
[ 2026-05-26 20:43:14,474] 25 root - INFO - Match heuristic business names to paybill payments
[ 2026-05-26 20:43:14,474] 174 root - INFO - Data transformation complete
[ 2026-05-26 20:43:14,474] 49 root - INFO - Started Regular Expression mapping
[ 2026-05-26 20:43:14,474] 174 root - INFO - Data transformation complete
[ 2026-05-26 20:43:14,474] 49 root - INFO - Started Regular Expression mapping
[ 2026-05-26 20:43:14,475] 174 root - INFO - Data transformation complete
[ 2026-05-26 20:43:14,475] 49 root - INFO - Started Regular Expression mapping
[ 2026-05-26 20:43:14,475] 174 root - INFO - Data transformation complete
[ 2026-05-26 20:43:14,476] 49 root - INFO - Started Regular Expression mapping
[ 2026-05-26 20:43:14,476] 174 root - INFO - Data transformation complete
[ 2026-05-26 20:43:14,476] 49 root - INFO - Started Regular Expression mapping
[ 2026-05-26 20:43:14,476] 174 root - INFO - Data transformation complete
[ 2026-05-26 20:43:14,476] 49 root - INFO - Started Regular Expression mapping
[ 2026-05-26 20:43:14,476] 174 root - INFO - Data transformation complete
[ 2026-05-26 20:43:14,476] 49 root - INFO - Started Regular Expression mapping
[ 2026-05-26 20:43:14,477] 174 root - INFO - Data transformation complete
[ 2026-05-26 20:43:14,477] 49 root - INFO - Started Regular Expression mapping
[ 2026-05-26 20:43:14,477] 25 root - INFO - Match heuristic business names to paybill payments
[ 2026-05-26 20:43:14,477] 174 root - INFO - Data transformation complete
[ 2026-05-26 20:43:14,477] 49 root - INFO - Started Regular Expression mapping
[ 2026-05-26 20:43:14,477] 174 root - INFO - Data transformation complete
[ 2026-05-26 20:43:14,477] 49 root - INFO - Started Regular Expression mapping
[ 2026-05-26 20:43:14,478] 25 root - INFO - Match heuristic business names to paybill payments
[ 2026-05-26 20:43:14,478] 174 root - INFO - Data transformation complete
[ 2026-05-26 20:43:14,478] 49 root - INFO - Started Regular Expression mapping
[ 2026-05-26 20:43:14,478] 174 root - INFO - Data transformation complete
[ 2026-05-26 20:43:14,478] 49 root - INFO - Started Regular Expression mapping
[ 2026-05-26 20:43:14,478] 174 root - INFO - Data transformation complete
[ 2026-05-26 20:43:14,479] 49 root - INFO - Started Regular Expression mapping
[ 2026-05-26 20:43:14,479] 25 root - INFO - Match heuristic business names to paybill payments
[ 2026-05-26 20:43:14,479] 174 root - INFO - Data transformation complete
[ 2026-05-26 20:43:14,479] 49 root - INFO - Started Regular Expression mapping
[ 2026-05-26 20:43:14,479] 174 root - INFO - Data transformation complete
[ 2026-05-26 20:43:14,479] 49 root - INFO - Started Regular Expression mapping
[ 2026-05-26 20:43:14,479] 174 root - INFO - Data transformation complete
[ 2026-05-26 20:43:14,480] 49 root - INFO - Started Regular Expression mapping
[ 2026-05-26 20:43:14,480] 174 root - INFO - Data transformation complete
[ 2026-05-26 20:43:14,480] 49 root - INFO - Started Regular Expression mapping
[ 2026-05-26 20:43:14,480] 174 root - INFO - Data transformation complete
[ 2026-05-26 20:43:14,480] 49 root - INFO - Started Regular Expression mapping
[ 2026-05-26 20:43:14,480] 174 root - INFO - Data transformation complete
[ 2026-05-26 20:43:14,480] 49 root - INFO - Started Regular Expression mapping
[ 2026-05-26 20:43:14,481] 174 root - INFO - Data transformation complete
[ 2026-05-26 20:43:14,481] 49 root - INFO - Started Regular Expression mapping
[ 2026-05-26 20:43:14,481] 174 root - INFO - Data transformation complete
[ 2026-05-26 20:43:14,481] 49 root - INFO - Started Regular Expression mapping
[ 2026-05-26 20:43:14,481] 25 root - INFO - Match heuristic business names to paybill payments
[ 2026-05-26 20:43:14,481] 174 root - INFO - Data transformation complete
[ 2026-05-26 20:43:14,482] 49 root - INFO - Started Regular Expression mapping
[ 2026-05-26 20:43:14,482] 25 root - INFO - Match heuristic business names to paybill payments
[ 2026-05-26 20:43:14,482] 174 root - INFO - Data transformation complete
[ 2026-05-26 20:43:14,482] 49 root - INFO - Started Regular Expression mapping
[ 2026-05-26 20:43:14,482] 25 root - INFO - Match heuristic business names to paybill payments
[ 2026-05-26 20:43:14,482] 174 root - INFO - Data transformation complete
[ 2026-05-26 20:43:14,482] 49 root - INFO - Started Regular Expression mapping
[ 2026-05-26 20:43:14,483] 174 root - INFO - Data transformation complete
[ 2026-05-26 20:43:14,483] 49 root - INFO - Started Regular Expression mapping
[ 2026-05-26 20:43:14,483] 174 root - INFO - Data transformation complete
[ 2026-05-26 20:43:14,483] 49 root - INFO - Started Regular Expression mapping
[ 2026-05-26 20:43:14,483] 25 root - INFO - Match heuristic business names to paybill payments
[ 2026-05-26 20:43:14,483] 174 root - INFO - Data transformation complete
[ 2026-05-26 20:43:14,483] 49 root - INFO - Started Regular Expression mapping
[ 2026-05-26 20:43:14,484] 25 root - INFO - Match heuristic business names to paybill payments
[ 2026-05-26 20:43:14,484] 174 root - INFO - Data transformation complete
[ 2026-05-26 20:43:14,484] 49 root - INFO - Started Regular Expression mapping
[ 2026-05-26 20:43:14,485] 25 root - INFO - Match heuristic business names to paybill payments
[ 2026-05-26 20:43:14,485] 174 root - INFO - Data transformation complete
[ 2026-05-26 20:43:14,485] 49 root - INFO - Started Regular Expression mapping
[ 2026-05-26 20:43:14,486] 174 root - INFO - Data transformation complete
[ 2026-05-26 20:43:14,486] 49 root - INFO - Started Regular Expression mapping
[ 2026-05-26 20:43:14,486] 174 root - INFO - Data transformation complete
[ 2026-05-26 20:43:14,486] 49 root - INFO - Started Regular Expression mapping
[ 2026-05-26 20:43:14,486] 174 root - INFO - Data transformation complete
[ 2026-05-26 20:43:14,486] 49 root - INFO - Started Regular Expression mapping
[ 2026-05-26 20:43:14,486] 174 root - INFO - Data transformation complete
[ 2026-05-26 20:43:14,486] 49 root - INFO - Started Regular Expression mapping
[ 2026-05-26 20:43:14,487] 174 root - INFO - Data transformation complete
[ 2026-05-26 20:43:14,487] 49 root - INFO - Started Regular Expression mapping
[ 2026-05-26 20:43:14,487] 25 root - INFO - Match heuristic business names to paybill payments
[ 2026-05-26 20:43:14,487] 174 root - INFO - Data transformation complete
[ 2026-05-26 20:43:14,487] 49 root - INFO - Started Regular Expression mapping
[ 2026-05-26 20:43:14,487] 25 root - INFO - Match heuristic business names to paybill payments
[ 2026-05-26 20:43:14,487] 174 root - INFO - Data transformation complete
[ 2026-05-26 20:43:14,487] 49 root - INFO - Started Regular Expression mapping
[ 2026-05-26 20:43:14,488] 174 root - INFO - Data transformation complete
[ 2026-05-26 20:43:14,488] 49 root - INFO - Started Regular Expression mapping
[ 2026-05-26 20:43:14,488] 174 root - INFO - Data transformation complete
[ 2026-05-26 20:43:14,488] 49 root - INFO - Started Regular Expression mapping
[ 2026-05-26 20:43:14,488] 174 root - INFO - Data transformation complete
[ 2026-05-26 20:43:14,489] 49 root - INFO - Started Regular Expression mapping
[ 2026-05-26 20:43:14,489] 174 root - INFO - Data transformation complete
[ 2026-05-26 20:43:14,489] 49 root - INFO - Started Regular Expression mapping
[ 2026-05-26 20:43:14,489] 25 root - INFO - Match heuristic business names to paybill payments
[ 2026-05-26 20:43:14,489] 174 root - INFO - Data transformation complete
[ 2026-05-26 20:43:14,490] 49 root - INFO - Started Regular Expression mapping
[ 2026-05-26 20:43:14,490] 174 root - INFO - Data transformation complete
[ 2026-05-26 20:43:14,490] 49 root - INFO - Started Regular Expression mapping
[ 2026-05-26 20:43:14,490] 174 root - INFO - Data transformation complete
[ 2026-05-26 20:43:14,490] 49 root - INFO - Started Regular Expression mapping
[ 2026-05-26 20:43:14,491] 174 root - INFO - Data transformation complete
[ 2026-05-26 20:43:14,491] 49 root - INFO - Started Regular Expression mapping
[ 2026-05-26 20:43:14,491] 174 root - INFO - Data transformation complete
[ 2026-05-26 20:43:14,491] 49 root - INFO - Started Regular Expression mapping
[ 2026-05-26 20:43:14,491] 174 root - INFO - Data transformation complete
[ 2026-05-26 20:43:14,491] 49 root - INFO - Started Regular Expression mapping
[ 2026-05-26 20:43:14,492] 25 root - INFO - Match heuristic business names to paybill payments
[ 2026-05-26 20:43:14,492] 174 root - INFO - Data transformation complete
[ 2026-05-26 20:43:14,492] 49 root - INFO - Started Regular Expression mapping
[ 2026-05-26 20:43:14,492] 174 root - INFO - Data transformation complete
[ 2026-05-26 20:43:14,492] 49 root - INFO - Started Regular Expression mapping
[ 2026-05-26 20:43:14,493] 174 root - INFO - Data transformation complete
[ 2026-05-26 20:43:14,493] 49 root - INFO - Started Regular Expression mapping
[ 2026-05-26 20:43:14,493] 174 root - INFO - Data transformation complete
[ 2026-05-26 20:43:14,493] 49 root - INFO - Started Regular Expression mapping
[ 2026-05-26 20:43:14,493] 25 root - INFO - Match heuristic business names to paybill payments
[ 2026-05-26 20:43:14,493] 174 root - INFO - Data transformation complete
[ 2026-05-26 20:43:14,494] 49 root - INFO - Started Regular Expression mapping
[ 2026-05-26 20:43:14,494] 174 root - INFO - Data transformation complete
[ 2026-05-26 20:43:14,494] 49 root - INFO - Started Regular Expression mapping
[ 2026-05-26 20:43:14,494] 174 root - INFO - Data transformation complete
[ 2026-05-26 20:43:14,494] 49 root - INFO - Started Regular Expression mapping
[ 2026-05-26 20:43:14,495] 174 root - INFO - Data transformation complete
[ 2026-05-26 20:43:14,495] 49 root - INFO - Started Regular Expression mapping
[ 2026-05-26 20:43:14,495] 174 root - INFO - Data transformation complete
[ 2026-05-26 20:43:14,496] 49 root - INFO - Started Regular Expression mapping
[ 2026-05-26 20:43:14,496] 174 root - INFO - Data transformation complete
[ 2026-05-26 20:43:14,496] 49 root - INFO - Started Regular Expression mapping
[ 2026-05-26 20:43:14,496] 25 root - INFO - Match heuristic business names to paybill payments
[ 2026-05-26 20:43:14,496] 174 root - INFO - Data transformation complete
[ 2026-05-26 20:43:14,497] 49 root - INFO - Started Regular Expression mapping
[ 2026-05-26 20:43:14,497] 174 root - INFO - Data transformation complete
[ 2026-05-26 20:43:14,497] 49 root - INFO - Started Regular Expression mapping
[ 2026-05-26 20:43:14,497] 25 root - INFO - Match heuristic business names to paybill payments
[ 2026-05-26 20:43:14,497] 174 root - INFO - Data transformation complete
[ 2026-05-26 20:43:14,497] 49 root - INFO - Started Regular Expression mapping
[ 2026-05-26 20:43:14,498] 25 root - INFO - Match heuristic business names to paybill payments
[ 2026-05-26 20:43:14,498] 174 root - INFO - Data transformation complete
[ 2026-05-26 20:43:14,498] 49 root - INFO - Started Regular Expression mapping
[ 2026-05-26 20:43:14,498] 174 root - INFO - Data transformation complete
[ 2026-05-26 20:43:14,498] 49 root - INFO - Started Regular Expression mapping
[ 2026-05-26 20:43:14,499] 174 root - INFO - Data transformation complete
[ 2026-05-26 20:43:14,499] 49 root - INFO - Started Regular Expression mapping
[ 2026-05-26 20:43:14,499] 174 root - INFO - Data transformation complete
[ 2026-05-26 20:43:14,499] 49 root - INFO - Started Regular Expression mapping
[ 2026-05-26 20:43:14,499] 25 root - INFO - Match heuristic business names to paybill payments
[ 2026-05-26 20:43:14,499] 174 root - INFO - Data transformation complete
[ 2026-05-26 20:43:14,500] 49 root - INFO - Started Regular Expression mapping
[ 2026-05-26 20:43:14,500] 25 root - INFO - Match heuristic business names to paybill payments
[ 2026-05-26 20:43:14,500] 174 root - INFO - Data transformation complete
[ 2026-05-26 20:43:14,500] 49 root - INFO - Started Regular Expression mapping
[ 2026-05-26 20:43:14,500] 25 root - INFO - Match heuristic business names to paybill payments
[ 2026-05-26 20:43:14,501] 174 root - INFO - Data transformation complete
[ 2026-05-26 20:43:14,501] 49 root - INFO - Started Regular Expression mapping
[ 2026-05-26 20:43:14,501] 174 root - INFO - Data transformation complete
[ 2026-05-26 20:43:14,501] 49 root - INFO - Started Regular Expression mapping
[ 2026-05-26 20:43:14,501] 25 root - INFO - Match heuristic business names to paybill payments
[ 2026-05-26 20:43:14,502] 174 root - INFO - Data transformation complete
[ 2026-05-26 20:43:14,502] 49 root - INFO - Started Regular Expression mapping
[ 2026-05-26 20:43:14,502] 174 root - INFO - Data transformation complete
[ 2026-05-26 20:43:14,502] 49 root - INFO - Started Regular Expression mapping
[ 2026-05-26 20:43:14,502] 174 root - INFO - Data transformation complete
[ 2026-05-26 20:43:14,502] 49 root - INFO - Started Regular Expression mapping
[ 2026-05-26 20:43:14,503] 174 root - INFO - Data transformation complete
[ 2026-05-26 20:43:14,503] 49 root - INFO - Started Regular Expression mapping
[ 2026-05-26 20:43:14,503] 25 root - INFO - Match heuristic business names to paybill payments
[ 2026-05-26 20:43:14,503] 174 root - INFO - Data transformation complete
[ 2026-05-26 20:43:14,503] 49 root - INFO - Started Regular Expression mapping
[ 2026-05-26 20:43:14,504] 174 root - INFO - Data transformation complete
[ 2026-05-26 20:43:14,504] 49 root - INFO - Started Regular Expression mapping
[ 2026-05-26 20:43:14,504] 174 root - INFO - Data transformation complete
[ 2026-05-26 20:43:14,504] 49 root - INFO - Started Regular Expression mapping
[ 2026-05-26 20:43:14,504] 25 root - INFO - Match heuristic business names to paybill payments
[ 2026-05-26 20:43:14,504] 174 root - INFO - Data transformation complete
[ 2026-05-26 20:43:14,504] 49 root - INFO - Started Regular Expression mapping
[ 2026-05-26 20:43:14,504] 174 root - INFO - Data transformation complete
[ 2026-05-26 20:43:14,505] 49 root - INFO - Started Regular Expression mapping
[ 2026-05-26 20:43:14,505] 174 root - INFO - Data transformation complete
[ 2026-05-26 20:43:14,505] 49 root - INFO - Started Regular Expression mapping
[ 2026-05-26 20:43:14,506] 174 root - INFO - Data transformation complete
[ 2026-05-26 20:43:14,506] 49 root - INFO - Started Regular Expression mapping
[ 2026-05-26 20:43:14,506] 174 root - INFO - Data transformation complete
[ 2026-05-26 20:43:14,506] 49 root - INFO - Started Regular Expression mapping
[ 2026-05-26 20:43:14,506] 174 root - INFO - Data transformation complete
[ 2026-05-26 20:43:14,506] 49 root - INFO - Started Regular Expression mapping
[ 2026-05-26 20:43:14,507] 174 root - INFO - Data transformation complete
[ 2026-05-26 20:43:14,507] 49 root - INFO - Started Regular Expression mapping
[ 2026-05-26 20:43:14,507] 25 root - INFO - Match heuristic business names to paybill payments
[ 2026-05-26 20:43:14,507] 174 root - INFO - Data transformation complete
[ 2026-05-26 20:43:14,508] 49 root - INFO - Started Regular Expression mapping
[ 2026-05-26 20:43:14,508] 174 root - INFO - Data transformation complete
[ 2026-05-26 20:43:14,508] 49 root - INFO - Started Regular Expression mapping
[ 2026-05-26 20:43:14,508] 25 root - INFO - Match heuristic business names to paybill payments
[ 2026-05-26 20:43:14,508] 174 root - INFO - Data transformation complete
[ 2026-05-26 20:43:14,509] 49 root - INFO - Started Regular Expression mapping
[ 2026-05-26 20:43:14,509] 174 root - INFO - Data transformation complete
[ 2026-05-26 20:43:14,509] 49 root - INFO - Started Regular Expression mapping
[ 2026-05-26 20:43:14,509] 174 root - INFO - Data transformation complete
[ 2026-05-26 20:43:14,509] 49 root - INFO - Started Regular Expression mapping
[ 2026-05-26 20:43:14,510] 174 root - INFO - Data transformation complete
[ 2026-05-26 20:43:14,510] 49 root - INFO - Started Regular Expression mapping
[ 2026-05-26 20:43:14,510] 25 root - INFO - Match heuristic business names to paybill payments
[ 2026-05-26 20:43:14,510] 174 root - INFO - Data transformation complete
[ 2026-05-26 20:43:14,510] 49 root - INFO - Started Regular Expression mapping
[ 2026-05-26 20:43:14,510] 174 root - INFO - Data transformation complete
[ 2026-05-26 20:43:14,511] 49 root - INFO - Started Regular Expression mapping
[ 2026-05-26 20:43:14,511] 174 root - INFO - Data transformation complete
[ 2026-05-26 20:43:14,511] 49 root - INFO - Started Regular Expression mapping
[ 2026-05-26 20:43:14,511] 174 root - INFO - Data transformation complete
[ 2026-05-26 20:43:14,511] 49 root - INFO - Started Regular Expression mapping
[ 2026-05-26 20:43:14,512] 25 root - INFO - Match heuristic business names to paybill payments
[ 2026-05-26 20:43:14,512] 174 root - INFO - Data transformation complete
[ 2026-05-26 20:43:14,512] 49 root - INFO - Started Regular Expression mapping
[ 2026-05-26 20:43:14,512] 174 root - INFO - Data transformation complete
[ 2026-05-26 20:43:14,512] 49 root - INFO - Started Regular Expression mapping
[ 2026-05-26 20:43:14,513] 174 root - INFO - Data transformation complete
[ 2026-05-26 20:43:14,513] 49 root - INFO - Started Regular Expression mapping
[ 2026-05-26 20:43:14,513] 25 root - INFO - Match heuristic business names to paybill payments
[ 2026-05-26 20:43:14,513] 174 root - INFO - Data transformation complete
[ 2026-05-26 20:43:14,513] 49 root - INFO - Started Regular Expression mapping
[ 2026-05-26 20:43:14,513] 174 root - INFO - Data transformation complete
[ 2026-05-26 20:43:14,514] 49 root - INFO - Started Regular Expression mapping
[ 2026-05-26 20:43:14,514] 174 root - INFO - Data transformation complete
[ 2026-05-26 20:43:14,514] 49 root - INFO - Started Regular Expression mapping
[ 2026-05-26 20:43:14,514] 174 root - INFO - Data transformation complete
[ 2026-05-26 20:43:14,514] 49 root - INFO - Started Regular Expression mapping
[ 2026-05-26 20:43:14,514] 174 root - INFO - Data transformation complete
[ 2026-05-26 20:43:14,514] 49 root - INFO - Started Regular Expression mapping
[ 2026-05-26 20:43:14,514] 25 root - INFO - Match heuristic business names to paybill payments
[ 2026-05-26 20:43:14,514] 174 root - INFO - Data transformation complete
[ 2026-05-26 20:43:14,514] 49 root - INFO - Started Regular Expression mapping
[ 2026-05-26 20:43:14,514] 25 root - INFO - Match heuristic business names to paybill payments
[ 2026-05-26 20:43:14,514] 174 root - INFO - Data transformation complete
[ 2026-05-26 20:43:14,516] 49 root - INFO - Started Regular Expression mapping
[ 2026-05-26 20:43:14,516] 174 root - INFO - Data transformation complete
[ 2026-05-26 20:43:14,516] 49 root - INFO - Started Regular Expression mapping
[ 2026-05-26 20:43:14,516] 174 root - INFO - Data transformation complete
[ 2026-05-26 20:43:14,516] 49 root - INFO - Started Regular Expression mapping
[ 2026-05-26 20:43:14,516] 25 root - INFO - Match heuristic business names to paybill payments
[ 2026-05-26 20:43:14,517] 174 root - INFO - Data transformation complete
[ 2026-05-26 20:43:14,517] 49 root - INFO - Started Regular Expression mapping
[ 2026-05-26 20:43:14,517] 25 root - INFO - Match heuristic business names to paybill payments
[ 2026-05-26 20:43:14,517] 174 root - INFO - Data transformation complete
[ 2026-05-26 20:43:14,517] 49 root - INFO - Started Regular Expression mapping
[ 2026-05-26 20:43:14,518] 174 root - INFO - Data transformation complete
[ 2026-05-26 20:43:14,518] 49 root - INFO - Started Regular Expression mapping
[ 2026-05-26 20:43:14,518] 25 root - INFO - Match heuristic business names to paybill payments
[ 2026-05-26 20:43:14,518] 174 root - INFO - Data transformation complete
[ 2026-05-26 20:43:14,518] 49 root - INFO - Started Regular Expression mapping
[ 2026-05-26 20:43:14,518] 174 root - INFO - Data transformation complete
[ 2026-05-26 20:43:14,518] 49 root - INFO - Started Regular Expression mapping
[ 2026-05-26 20:43:14,519] 174 root - INFO - Data transformation complete
[ 2026-05-26 20:43:14,519] 49 root - INFO - Started Regular Expression mapping
[ 2026-05-26 20:43:14,519] 174 root - INFO - Data transformation complete
[ 2026-05-26 20:43:14,519] 49 root - INFO - Started Regular Expression mapping
[ 2026-05-26 20:43:14,519] 174 root - INFO - Data transformation complete
[ 2026-05-26 20:43:14,519] 49 root - INFO - Started Regular Expression mapping
[ 2026-05-26 20:43:14,520] 174 root - INFO - Data transformation complete
[ 2026-05-26 20:43:14,520] 49 root - INFO - Started Regular Expression mapping
[ 2026-05-26 20:43:14,520] 174 root - INFO - Data transformation complete
[ 2026-05-26 20:43:14,520] 49 root - INFO - Started Regular Expression mapping
[ 2026-05-26 20:43:14,520] 174 root - INFO - Data transformation complete
[ 2026-05-26 20:43:14,521] 49 root - INFO - Started Regular Expression mapping
[ 2026-05-26 20:43:14,521] 25 root - INFO - Match heuristic business names to paybill payments
[ 2026-05-26 20:43:14,521] 174 root - INFO - Data transformation complete
[ 2026-05-26 20:43:14,521] 49 root - INFO - Started Regular Expression mapping
[ 2026-05-26 20:43:14,521] 174 root - INFO - Data transformation complete
[ 2026-05-26 20:43:14,521] 49 root - INFO - Started Regular Expression mapping
[ 2026-05-26 20:43:14,522] 174 root - INFO - Data transformation complete
[ 2026-05-26 20:43:14,522] 49 root - INFO - Started Regular Expression mapping
[ 2026-05-26 20:43:14,522] 174 root - INFO - Data transformation complete
[ 2026-05-26 20:43:14,522] 49 root - INFO - Started Regular Expression mapping
[ 2026-05-26 20:43:14,522] 174 root - INFO - Data transformation complete
[ 2026-05-26 20:43:14,522] 49 root - INFO - Started Regular Expression mapping
[ 2026-05-26 20:43:14,523] 25 root - INFO - Match heuristic business names to paybill payments
[ 2026-05-26 20:43:14,523] 174 root - INFO - Data transformation complete
[ 2026-05-26 20:43:14,523] 49 root - INFO - Started Regular Expression mapping
[ 2026-05-26 20:43:14,523] 174 root - INFO - Data transformation complete
[ 2026-05-26 20:43:14,523] 49 root - INFO - Started Regular Expression mapping
[ 2026-05-26 20:43:14,523] 174 root - INFO - Data transformation complete
[ 2026-05-26 20:43:14,523] 49 root - INFO - Started Regular Expression mapping
[ 2026-05-26 20:43:14,524] 25 root - INFO - Match heuristic business names to paybill payments
[ 2026-05-26 20:43:14,524] 174 root - INFO - Data transformation complete
[ 2026-05-26 20:43:14,524] 49 root - INFO - Started Regular Expression mapping
[ 2026-05-26 20:43:14,524] 174 root - INFO - Data transformation complete
[ 2026-05-26 20:43:14,524] 49 root - INFO - Started Regular Expression mapping
[ 2026-05-26 20:43:14,524] 25 root - INFO - Match heuristic business names to paybill payments
[ 2026-05-26 20:43:14,524] 174 root - INFO - Data transformation complete
[ 2026-05-26 20:43:14,525] 49 root - INFO - Started Regular Expression mapping
[ 2026-05-26 20:43:14,525] 174 root - INFO - Data transformation complete
[ 2026-05-26 20:43:14,525] 49 root - INFO - Started Regular Expression mapping
[ 2026-05-26 20:43:14,526] 174 root - INFO - Data transformation complete
[ 2026-05-26 20:43:14,526] 49 root - INFO - Started Regular Expression mapping
[ 2026-05-26 20:43:14,526] 25 root - INFO - Match heuristic business names to paybill payments
[ 2026-05-26 20:43:14,526] 174 root - INFO - Data transformation complete
[ 2026-05-26 20:43:14,526] 49 root - INFO - Started Regular Expression mapping
[ 2026-05-26 20:43:14,526] 174 root - INFO - Data transformation complete
[ 2026-05-26 20:43:14,526] 49 root - INFO - Started Regular Expression mapping
[ 2026-05-26 20:43:14,527] 174 root - INFO - Data transformation complete
[ 2026-05-26 20:43:14,527] 49 root - INFO - Started Regular Expression mapping
[ 2026-05-26 20:43:14,527] 174 root - INFO - Data transformation complete
[ 2026-05-26 20:43:14,527] 49 root - INFO - Started Regular Expression mapping
[ 2026-05-26 20:43:14,528] 174 root - INFO - Data transformation complete
[ 2026-05-26 20:43:14,528] 49 root - INFO - Started Regular Expression mapping
[ 2026-05-26 20:43:14,528] 25 root - INFO - Match heuristic business names to paybill payments
[ 2026-05-26 20:43:14,528] 174 root - INFO - Data transformation complete
[ 2026-05-26 20:43:14,528] 49 root - INFO - Started Regular Expression mapping
[ 2026-05-26 20:43:14,528] 174 root - INFO - Data transformation complete
[ 2026-05-26 20:43:14,528] 49 root - INFO - Started Regular Expression mapping
[ 2026-05-26 20:43:14,529] 174 root - INFO - Data transformation complete
[ 2026-05-26 20:43:14,529] 49 root - INFO - Started Regular Expression mapping
[ 2026-05-26 20:43:14,529] 174 root - INFO - Data transformation complete
[ 2026-05-26 20:43:14,529] 49 root - INFO - Started Regular Expression mapping
[ 2026-05-26 20:43:14,529] 25 root - INFO - Match heuristic business names to paybill payments
[ 2026-05-26 20:43:14,529] 174 root - INFO - Data transformation complete
[ 2026-05-26 20:43:14,529] 49 root - INFO - Started Regular Expression mapping
[ 2026-05-26 20:43:14,530] 174 root - INFO - Data transformation complete
[ 2026-05-26 20:43:14,530] 49 root - INFO - Started Regular Expression mapping
[ 2026-05-26 20:43:14,530] 25 root - INFO - Match heuristic business names to paybill payments
[ 2026-05-26 20:43:14,530] 174 root - INFO - Data transformation complete
[ 2026-05-26 20:43:14,530] 49 root - INFO - Started Regular Expression mapping
[ 2026-05-26 20:43:14,530] 174 root - INFO - Data transformation complete
[ 2026-05-26 20:43:14,530] 49 root - INFO - Started Regular Expression mapping
[ 2026-05-26 20:43:14,531] 25 root - INFO - Match heuristic business names to paybill payments
[ 2026-05-26 20:43:14,531] 174 root - INFO - Data transformation complete
[ 2026-05-26 20:43:14,531] 49 root - INFO - Started Regular Expression mapping
[ 2026-05-26 20:43:14,531] 174 root - INFO - Data transformation complete
[ 2026-05-26 20:43:14,531] 49 root - INFO - Started Regular Expression mapping
[ 2026-05-26 20:43:14,531] 25 root - INFO - Match heuristic business names to paybill payments
[ 2026-05-26 20:43:14,532] 174 root - INFO - Data transformation complete
[ 2026-05-26 20:43:14,532] 49 root - INFO - Started Regular Expression mapping
[ 2026-05-26 20:43:14,532] 25 root - INFO - Match heuristic business names to paybill payments
[ 2026-05-26 20:43:14,533] 174 root - INFO - Data transformation complete
[ 2026-05-26 20:43:14,533] 49 root - INFO - Started Regular Expression mapping
[ 2026-05-26 20:43:14,533] 25 root - INFO - Match heuristic business names to paybill payments
[ 2026-05-26 20:43:14,533] 174 root - INFO - Data transformation complete
[ 2026-05-26 20:43:14,533] 49 root - INFO - Started Regular Expression mapping
[ 2026-05-26 20:43:14,533] 174 root - INFO - Data transformation complete
[ 2026-05-26 20:43:14,533] 49 root - INFO - Started Regular Expression mapping
[ 2026-05-26 20:43:14,533] 174 root - INFO - Data transformation complete
[ 2026-05-26 20:43:14,533] 49 root - INFO - Started Regular Expression mapping
[ 2026-05-26 20:43:14,534] 25 root - INFO - Match heuristic business names to paybill payments
[ 2026-05-26 20:43:14,534] 174 root - INFO - Data transformation complete
[ 2026-05-26 20:43:14,534] 49 root - INFO - Started Regular Expression mapping
[ 2026-05-26 20:43:14,534] 174 root - INFO - Data transformation complete
[ 2026-05-26 20:43:14,534] 49 root - INFO - Started Regular Expression mapping
[ 2026-05-26 20:43:14,534] 174 root - INFO - Data transformation complete
[ 2026-05-26 20:43:14,534] 49 root - INFO - Started Regular Expression mapping
[ 2026-05-26 20:43:14,534] 174 root - INFO - Data transformation complete
[ 2026-05-26 20:43:14,534] 49 root - INFO - Started Regular Expression mapping
[ 2026-05-26 20:43:14,534] 25 root - INFO - Match heuristic business names to paybill payments
[ 2026-05-26 20:43:14,534] 174 root - INFO - Data transformation complete
[ 2026-05-26 20:43:14,536] 49 root - INFO - Started Regular Expression mapping
[ 2026-05-26 20:43:14,536] 174 root - INFO - Data transformation complete
[ 2026-05-26 20:43:14,536] 49 root - INFO - Started Regular Expression mapping
[ 2026-05-26 20:43:14,536] 25 root - INFO - Match heuristic business names to paybill payments
[ 2026-05-26 20:43:14,536] 174 root - INFO - Data transformation complete
[ 2026-05-26 20:43:14,536] 49 root - INFO - Started Regular Expression mapping
[ 2026-05-26 20:43:14,537] 25 root - INFO - Match heuristic business names to paybill payments
[ 2026-05-26 20:43:14,537] 174 root - INFO - Data transformation complete
[ 2026-05-26 20:43:14,537] 49 root - INFO - Started Regular Expression mapping
[ 2026-05-26 20:43:14,537] 174 root - INFO - Data transformation complete
[ 2026-05-26 20:43:14,537] 49 root - INFO - Started Regular Expression mapping
[ 2026-05-26 20:43:14,537] 174 root - INFO - Data transformation complete
[ 2026-05-26 20:43:14,537] 49 root - INFO - Started Regular Expression mapping
[ 2026-05-26 20:43:14,538] 174 root - INFO - Data transformation complete
[ 2026-05-26 20:43:14,538] 49 root - INFO - Started Regular Expression mapping
[ 2026-05-26 20:43:14,538] 174 root - INFO - Data transformation complete
[ 2026-05-26 20:43:14,538] 49 root - INFO - Started Regular Expression mapping
[ 2026-05-26 20:43:14,538] 25 root - INFO - Match heuristic business names to paybill payments
[ 2026-05-26 20:43:14,538] 174 root - INFO - Data transformation complete
[ 2026-05-26 20:43:14,538] 49 root - INFO - Started Regular Expression mapping
[ 2026-05-26 20:43:14,539] 25 root - INFO - Match heuristic business names to paybill payments
[ 2026-05-26 20:43:14,539] 174 root - INFO - Data transformation complete
[ 2026-05-26 20:43:14,539] 49 root - INFO - Started Regular Expression mapping
[ 2026-05-26 20:43:14,539] 25 root - INFO - Match heuristic business names to paybill payments
[ 2026-05-26 20:43:14,539] 174 root - INFO - Data transformation complete
[ 2026-05-26 20:43:14,539] 49 root - INFO - Started Regular Expression mapping
[ 2026-05-26 20:43:14,540] 174 root - INFO - Data transformation complete
[ 2026-05-26 20:43:14,540] 49 root - INFO - Started Regular Expression mapping
[ 2026-05-26 20:43:14,540] 174 root - INFO - Data transformation complete
[ 2026-05-26 20:43:14,540] 49 root - INFO - Started Regular Expression mapping
[ 2026-05-26 20:43:14,540] 174 root - INFO - Data transformation complete
[ 2026-05-26 20:43:14,540] 49 root - INFO - Started Regular Expression mapping
[ 2026-05-26 20:43:14,540] 174 root - INFO - Data transformation complete
[ 2026-05-26 20:43:14,541] 49 root - INFO - Started Regular Expression mapping
[ 2026-05-26 20:43:14,541] 25 root - INFO - Match heuristic business names to paybill payments
[ 2026-05-26 20:43:14,541] 174 root - INFO - Data transformation complete
[ 2026-05-26 20:43:14,541] 49 root - INFO - Started Regular Expression mapping
[ 2026-05-26 20:43:14,541] 174 root - INFO - Data transformation complete
[ 2026-05-26 20:43:14,541] 49 root - INFO - Started Regular Expression mapping
[ 2026-05-26 20:43:14,542] 174 root - INFO - Data transformation complete
[ 2026-05-26 20:43:14,542] 49 root - INFO - Started Regular Expression mapping
[ 2026-05-26 20:43:14,542] 174 root - INFO - Data transformation complete
[ 2026-05-26 20:43:14,542] 49 root - INFO - Started Regular Expression mapping
[ 2026-05-26 20:43:14,542] 174 root - INFO - Data transformation complete
[ 2026-05-26 20:43:14,542] 49 root - INFO - Started Regular Expression mapping
[ 2026-05-26 20:43:14,542] 174 root - INFO - Data transformation complete
[ 2026-05-26 20:43:14,543] 49 root - INFO - Started Regular Expression mapping
[ 2026-05-26 20:43:14,543] 174 root - INFO - Data transformation complete
[ 2026-05-26 20:43:14,543] 49 root - INFO - Started Regular Expression mapping
[ 2026-05-26 20:43:14,543] 174 root - INFO - Data transformation complete
[ 2026-05-26 20:43:14,543] 49 root - INFO - Started Regular Expression mapping
[ 2026-05-26 20:43:14,543] 174 root - INFO - Data transformation complete
[ 2026-05-26 20:43:14,544] 49 root - INFO - Started Regular Expression mapping
[ 2026-05-26 20:43:14,544] 174 root - INFO - Data transformation complete
[ 2026-05-26 20:43:14,544] 49 root - INFO - Started Regular Expression mapping
[ 2026-05-26 20:43:14,544] 174 root - INFO - Data transformation complete
[ 2026-05-26 20:43:14,544] 49 root - INFO - Started Regular Expression mapping
[ 2026-05-26 20:43:14,544] 174 root - INFO - Data transformation complete
[ 2026-05-26 20:43:14,544] 49 root - INFO - Started Regular Expression mapping
[ 2026-05-26 20:43:14,544] 174 root - INFO - Data transformation complete
[ 2026-05-26 20:43:14,544] 49 root - INFO - Started Regular Expression mapping
[ 2026-05-26 20:43:14,544] 25 root - INFO - Match heuristic business names to paybill payments
[ 2026-05-26 20:43:14,545] 174 root - INFO - Data transformation complete
[ 2026-05-26 20:43:14,545] 49 root - INFO - Started Regular Expression mapping
[ 2026-05-26 20:43:14,545] 174 root - INFO - Data transformation complete
[ 2026-05-26 20:43:14,546] 49 root - INFO - Started Regular Expression mapping
[ 2026-05-26 20:43:14,546] 174 root - INFO - Data transformation complete
[ 2026-05-26 20:43:14,546] 49 root - INFO - Started Regular Expression mapping
[ 2026-05-26 20:43:14,546] 25 root - INFO - Match heuristic business names to paybill payments
[ 2026-05-26 20:43:14,546] 174 root - INFO - Data transformation complete
[ 2026-05-26 20:43:14,546] 49 root - INFO - Started Regular Expression mapping
[ 2026-05-26 20:43:14,547] 25 root - INFO - Match heuristic business names to paybill payments
[ 2026-05-26 20:43:14,547] 174 root - INFO - Data transformation complete
[ 2026-05-26 20:43:14,547] 49 root - INFO - Started Regular Expression mapping
[ 2026-05-26 20:43:14,547] 174 root - INFO - Data transformation complete
[ 2026-05-26 20:43:14,547] 49 root - INFO - Started Regular Expression mapping
[ 2026-05-26 20:43:14,547] 174 root - INFO - Data transformation complete
[ 2026-05-26 20:43:14,547] 49 root - INFO - Started Regular Expression mapping
[ 2026-05-26 20:43:14,548] 174 root - INFO - Data transformation complete
[ 2026-05-26 20:43:14,548] 49 root - INFO - Started Regular Expression mapping
[ 2026-05-26 20:43:14,548] 174 root - INFO - Data transformation complete
[ 2026-05-26 20:43:14,548] 49 root - INFO - Started Regular Expression mapping
[ 2026-05-26 20:43:14,548] 25 root - INFO - Match heuristic business names to paybill payments
[ 2026-05-26 20:43:14,548] 174 root - INFO - Data transformation complete
[ 2026-05-26 20:43:14,548] 49 root - INFO - Started Regular Expression mapping
[ 2026-05-26 20:43:14,548] 25 root - INFO - Match heuristic business names to paybill payments
[ 2026-05-26 20:43:14,548] 174 root - INFO - Data transformation complete
[ 2026-05-26 20:43:14,548] 49 root - INFO - Started Regular Expression mapping
[ 2026-05-26 20:43:14,549] 174 root - INFO - Data transformation complete
[ 2026-05-26 20:43:14,549] 49 root - INFO - Started Regular Expression mapping
[ 2026-05-26 20:43:14,549] 174 root - INFO - Data transformation complete
[ 2026-05-26 20:43:14,549] 49 root - INFO - Started Regular Expression mapping
[ 2026-05-26 20:43:14,549] 25 root - INFO - Match heuristic business names to paybill payments
[ 2026-05-26 20:43:14,549] 174 root - INFO - Data transformation complete
[ 2026-05-26 20:43:14,550] 49 root - INFO - Started Regular Expression mapping
[ 2026-05-26 20:43:14,550] 174 root - INFO - Data transformation complete
[ 2026-05-26 20:43:14,550] 49 root - INFO - Started Regular Expression mapping
[ 2026-05-26 20:43:14,550] 174 root - INFO - Data transformation complete
[ 2026-05-26 20:43:14,550] 49 root - INFO - Started Regular Expression mapping
[ 2026-05-26 20:43:14,550] 174 root - INFO - Data transformation complete
[ 2026-05-26 20:43:14,550] 49 root - INFO - Started Regular Expression mapping
[ 2026-05-26 20:43:14,551] 174 root - INFO - Data transformation complete
[ 2026-05-26 20:43:14,551] 49 root - INFO - Started Regular Expression mapping
[ 2026-05-26 20:43:14,551] 25 root - INFO - Match heuristic business names to paybill payments
[ 2026-05-26 20:43:14,551] 174 root - INFO - Data transformation complete
[ 2026-05-26 20:43:14,551] 49 root - INFO - Started Regular Expression mapping
[ 2026-05-26 20:43:14,551] 174 root - INFO - Data transformation complete
[ 2026-05-26 20:43:14,552] 49 root - INFO - Started Regular Expression mapping
[ 2026-05-26 20:43:14,552] 174 root - INFO - Data transformation complete
[ 2026-05-26 20:43:14,552] 49 root - INFO - Started Regular Expression mapping
[ 2026-05-26 20:43:14,552] 174 root - INFO - Data transformation complete
[ 2026-05-26 20:43:14,552] 49 root - INFO - Started Regular Expression mapping
[ 2026-05-26 20:43:14,552] 174 root - INFO - Data transformation complete
[ 2026-05-26 20:43:14,552] 49 root - INFO - Started Regular Expression mapping
[ 2026-05-26 20:43:14,553] 25 root - INFO - Match heuristic business names to paybill payments
[ 2026-05-26 20:43:14,553] 174 root - INFO - Data transformation complete
[ 2026-05-26 20:43:14,553] 49 root - INFO - Started Regular Expression mapping
[ 2026-05-26 20:43:14,553] 174 root - INFO - Data transformation complete
[ 2026-05-26 20:43:14,553] 49 root - INFO - Started Regular Expression mapping
[ 2026-05-26 20:43:14,553] 25 root - INFO - Match heuristic business names to paybill payments
[ 2026-05-26 20:43:14,553] 174 root - INFO - Data transformation complete
[ 2026-05-26 20:43:14,553] 49 root - INFO - Started Regular Expression mapping
[ 2026-05-26 20:43:14,553] 174 root - INFO - Data transformation complete
[ 2026-05-26 20:43:14,553] 49 root - INFO - Started Regular Expression mapping
[ 2026-05-26 20:43:14,555] 174 root - INFO - Data transformation complete
[ 2026-05-26 20:43:14,555] 49 root - INFO - Started Regular Expression mapping
[ 2026-05-26 20:43:14,555] 174 root - INFO - Data transformation complete
[ 2026-05-26 20:43:14,555] 49 root - INFO - Started Regular Expression mapping
[ 2026-05-26 20:43:14,555] 174 root - INFO - Data transformation complete
[ 2026-05-26 20:43:14,555] 49 root - INFO - Started Regular Expression mapping
[ 2026-05-26 20:43:14,556] 25 root - INFO - Match heuristic business names to paybill payments
[ 2026-05-26 20:43:14,556] 174 root - INFO - Data transformation complete
[ 2026-05-26 20:43:14,556] 49 root - INFO - Started Regular Expression mapping
[ 2026-05-26 20:43:14,557] 174 root - INFO - Data transformation complete
[ 2026-05-26 20:43:14,557] 49 root - INFO - Started Regular Expression mapping
[ 2026-05-26 20:43:14,557] 174 root - INFO - Data transformation complete
[ 2026-05-26 20:43:14,557] 49 root - INFO - Started Regular Expression mapping
[ 2026-05-26 20:43:14,557] 174 root - INFO - Data transformation complete
[ 2026-05-26 20:43:14,557] 49 root - INFO - Started Regular Expression mapping
[ 2026-05-26 20:43:14,557] 174 root - INFO - Data transformation complete
[ 2026-05-26 20:43:14,558] 49 root - INFO - Started Regular Expression mapping
[ 2026-05-26 20:43:14,558] 25 root - INFO - Match heuristic business names to paybill payments
[ 2026-05-26 20:43:14,558] 174 root - INFO - Data transformation complete
[ 2026-05-26 20:43:14,558] 49 root - INFO - Started Regular Expression mapping
[ 2026-05-26 20:43:14,558] 174 root - INFO - Data transformation complete
[ 2026-05-26 20:43:14,558] 49 root - INFO - Started Regular Expression mapping
[ 2026-05-26 20:43:14,559] 25 root - INFO - Match heuristic business names to paybill payments
[ 2026-05-26 20:43:14,559] 174 root - INFO - Data transformation complete
[ 2026-05-26 20:43:14,559] 49 root - INFO - Started Regular Expression mapping
[ 2026-05-26 20:43:14,559] 174 root - INFO - Data transformation complete
[ 2026-05-26 20:43:14,559] 49 root - INFO - Started Regular Expression mapping
[ 2026-05-26 20:43:14,559] 25 root - INFO - Match heuristic business names to paybill payments
[ 2026-05-26 20:43:14,559] 174 root - INFO - Data transformation complete
[ 2026-05-26 20:43:14,559] 49 root - INFO - Started Regular Expression mapping
[ 2026-05-26 20:43:14,560] 174 root - INFO - Data transformation complete
[ 2026-05-26 20:43:14,560] 49 root - INFO - Started Regular Expression mapping
[ 2026-05-26 20:43:14,560] 174 root - INFO - Data transformation complete
[ 2026-05-26 20:43:14,560] 49 root - INFO - Started Regular Expression mapping
[ 2026-05-26 20:43:14,560] 25 root - INFO - Match heuristic business names to paybill payments
[ 2026-05-26 20:43:14,560] 174 root - INFO - Data transformation complete
[ 2026-05-26 20:43:14,561] 49 root - INFO - Started Regular Expression mapping
[ 2026-05-26 20:43:14,561] 25 root - INFO - Match heuristic business names to paybill payments
[ 2026-05-26 20:43:14,561] 174 root - INFO - Data transformation complete
[ 2026-05-26 20:43:14,561] 49 root - INFO - Started Regular Expression mapping
[ 2026-05-26 20:43:14,561] 174 root - INFO - Data transformation complete
[ 2026-05-26 20:43:14,561] 49 root - INFO - Started Regular Expression mapping
[ 2026-05-26 20:43:14,562] 174 root - INFO - Data transformation complete
[ 2026-05-26 20:43:14,562] 49 root - INFO - Started Regular Expression mapping
[ 2026-05-26 20:43:14,562] 174 root - INFO - Data transformation complete
[ 2026-05-26 20:43:14,562] 49 root - INFO - Started Regular Expression mapping
[ 2026-05-26 20:43:14,562] 174 root - INFO - Data transformation complete
[ 2026-05-26 20:43:14,562] 49 root - INFO - Started Regular Expression mapping
[ 2026-05-26 20:43:14,562] 174 root - INFO - Data transformation complete
[ 2026-05-26 20:43:14,563] 49 root - INFO - Started Regular Expression mapping
[ 2026-05-26 20:43:14,563] 174 root - INFO - Data transformation complete
[ 2026-05-26 20:43:14,563] 49 root - INFO - Started Regular Expression mapping
[ 2026-05-26 20:43:14,563] 174 root - INFO - Data transformation complete
[ 2026-05-26 20:43:14,563] 49 root - INFO - Started Regular Expression mapping
[ 2026-05-26 20:43:14,564] 174 root - INFO - Data transformation complete
[ 2026-05-26 20:43:14,564] 49 root - INFO - Started Regular Expression mapping
[ 2026-05-26 20:43:14,564] 25 root - INFO - Match heuristic business names to paybill payments
[ 2026-05-26 20:43:14,564] 174 root - INFO - Data transformation complete
[ 2026-05-26 20:43:14,564] 49 root - INFO - Started Regular Expression mapping
[ 2026-05-26 20:43:14,564] 174 root - INFO - Data transformation complete
[ 2026-05-26 20:43:14,564] 49 root - INFO - Started Regular Expression mapping
[ 2026-05-26 20:43:14,564] 174 root - INFO - Data transformation complete
[ 2026-05-26 20:43:14,564] 49 root - INFO - Started Regular Expression mapping
[ 2026-05-26 20:43:14,564] 25 root - INFO - Match heuristic business names to paybill payments
[ 2026-05-26 20:43:14,565] 174 root - INFO - Data transformation complete
[ 2026-05-26 20:43:14,565] 49 root - INFO - Started Regular Expression mapping
[ 2026-05-26 20:43:14,565] 174 root - INFO - Data transformation complete
[ 2026-05-26 20:43:14,565] 49 root - INFO - Started Regular Expression mapping
[ 2026-05-26 20:43:14,565] 174 root - INFO - Data transformation complete
[ 2026-05-26 20:43:14,565] 49 root - INFO - Started Regular Expression mapping
[ 2026-05-26 20:43:14,565] 25 root - INFO - Match heuristic business names to paybill payments
[ 2026-05-26 20:43:14,566] 174 root - INFO - Data transformation complete
[ 2026-05-26 20:43:14,566] 49 root - INFO - Started Regular Expression mapping
[ 2026-05-26 20:43:14,566] 25 root - INFO - Match heuristic business names to paybill payments
[ 2026-05-26 20:43:14,567] 174 root - INFO - Data transformation complete
[ 2026-05-26 20:43:14,567] 49 root - INFO - Started Regular Expression mapping
[ 2026-05-26 20:43:14,567] 174 root - INFO - Data transformation complete
[ 2026-05-26 20:43:14,567] 49 root - INFO - Started Regular Expression mapping
[ 2026-05-26 20:43:14,567] 25 root - INFO - Match heuristic business names to paybill payments
[ 2026-05-26 20:43:14,567] 174 root - INFO - Data transformation complete
[ 2026-05-26 20:43:14,567] 49 root - INFO - Started Regular Expression mapping
[ 2026-05-26 20:43:14,568] 174 root - INFO - Data transformation complete
[ 2026-05-26 20:43:14,568] 49 root - INFO - Started Regular Expression mapping
[ 2026-05-26 20:43:14,568] 174 root - INFO - Data transformation complete
[ 2026-05-26 20:43:14,568] 49 root - INFO - Started Regular Expression mapping
[ 2026-05-26 20:43:14,568] 174 root - INFO - Data transformation complete
[ 2026-05-26 20:43:14,568] 49 root - INFO - Started Regular Expression mapping
[ 2026-05-26 20:43:14,569] 174 root - INFO - Data transformation complete
[ 2026-05-26 20:43:14,569] 49 root - INFO - Started Regular Expression mapping
[ 2026-05-26 20:43:14,569] 174 root - INFO - Data transformation complete
[ 2026-05-26 20:43:14,569] 49 root - INFO - Started Regular Expression mapping
[ 2026-05-26 20:43:14,569] 174 root - INFO - Data transformation complete
[ 2026-05-26 20:43:14,569] 49 root - INFO - Started Regular Expression mapping
[ 2026-05-26 20:43:14,570] 174 root - INFO - Data transformation complete
[ 2026-05-26 20:43:14,570] 49 root - INFO - Started Regular Expression mapping
[ 2026-05-26 20:43:14,570] 174 root - INFO - Data transformation complete
[ 2026-05-26 20:43:14,570] 49 root - INFO - Started Regular Expression mapping
[ 2026-05-26 20:43:14,570] 25 root - INFO - Match heuristic business names to paybill payments
[ 2026-05-26 20:43:14,570] 174 root - INFO - Data transformation complete
[ 2026-05-26 20:43:14,570] 49 root - INFO - Started Regular Expression mapping
[ 2026-05-26 20:43:14,571] 174 root - INFO - Data transformation complete
[ 2026-05-26 20:43:14,571] 49 root - INFO - Started Regular Expression mapping
[ 2026-05-26 20:43:14,571] 174 root - INFO - Data transformation complete
[ 2026-05-26 20:43:14,571] 49 root - INFO - Started Regular Expression mapping
[ 2026-05-26 20:43:14,571] 174 root - INFO - Data transformation complete
[ 2026-05-26 20:43:14,571] 49 root - INFO - Started Regular Expression mapping
[ 2026-05-26 20:43:14,572] 174 root - INFO - Data transformation complete
[ 2026-05-26 20:43:14,572] 49 root - INFO - Started Regular Expression mapping
[ 2026-05-26 20:43:14,572] 25 root - INFO - Match heuristic business names to paybill payments
[ 2026-05-26 20:43:14,572] 174 root - INFO - Data transformation complete
[ 2026-05-26 20:43:14,572] 49 root - INFO - Started Regular Expression mapping
[ 2026-05-26 20:43:14,572] 25 root - INFO - Match heuristic business names to paybill payments
[ 2026-05-26 20:43:14,572] 174 root - INFO - Data transformation complete
[ 2026-05-26 20:43:14,573] 49 root - INFO - Started Regular Expression mapping
[ 2026-05-26 20:43:14,573] 174 root - INFO - Data transformation complete
[ 2026-05-26 20:43:14,573] 49 root - INFO - Started Regular Expression mapping
[ 2026-05-26 20:43:14,573] 174 root - INFO - Data transformation complete
[ 2026-05-26 20:43:14,573] 49 root - INFO - Started Regular Expression mapping
[ 2026-05-26 20:43:14,573] 174 root - INFO - Data transformation complete
[ 2026-05-26 20:43:14,574] 49 root - INFO - Started Regular Expression mapping
[ 2026-05-26 20:43:14,574] 174 root - INFO - Data transformation complete
[ 2026-05-26 20:43:14,574] 49 root - INFO - Started Regular Expression mapping
[ 2026-05-26 20:43:14,574] 174 root - INFO - Data transformation complete
[ 2026-05-26 20:43:14,574] 49 root - INFO - Started Regular Expression mapping
[ 2026-05-26 20:43:14,574] 174 root - INFO - Data transformation complete
[ 2026-05-26 20:43:14,574] 49 root - INFO - Started Regular Expression mapping
[ 2026-05-26 20:43:14,574] 25 root - INFO - Match heuristic business names to paybill payments
[ 2026-05-26 20:43:14,574] 174 root - INFO - Data transformation complete
[ 2026-05-26 20:43:14,574] 49 root - INFO - Started Regular Expression mapping
[ 2026-05-26 20:43:14,575] 174 root - INFO - Data transformation complete
[ 2026-05-26 20:43:14,575] 49 root - INFO - Started Regular Expression mapping
[ 2026-05-26 20:43:14,575] 174 root - INFO - Data transformation complete
[ 2026-05-26 20:43:14,575] 49 root - INFO - Started Regular Expression mapping
[ 2026-05-26 20:43:14,575] 174 root - INFO - Data transformation complete
[ 2026-05-26 20:43:14,575] 49 root - INFO - Started Regular Expression mapping
[ 2026-05-26 20:43:14,576] 25 root - INFO - Match heuristic business names to paybill payments
[ 2026-05-26 20:43:14,576] 174 root - INFO - Data transformation complete
[ 2026-05-26 20:43:14,576] 49 root - INFO - Started Regular Expression mapping
[ 2026-05-26 20:43:14,577] 25 root - INFO - Match heuristic business names to paybill payments
[ 2026-05-26 20:43:14,577] 174 root - INFO - Data transformation complete
[ 2026-05-26 20:43:14,577] 49 root - INFO - Started Regular Expression mapping
[ 2026-05-26 20:43:14,577] 174 root - INFO - Data transformation complete
[ 2026-05-26 20:43:14,577] 49 root - INFO - Started Regular Expression mapping
[ 2026-05-26 20:43:14,577] 174 root - INFO - Data transformation complete
[ 2026-05-26 20:43:14,577] 49 root - INFO - Started Regular Expression mapping
[ 2026-05-26 20:43:14,578] 25 root - INFO - Match heuristic business names to paybill payments
[ 2026-05-26 20:43:14,578] 174 root - INFO - Data transformation complete
[ 2026-05-26 20:43:14,578] 49 root - INFO - Started Regular Expression mapping
[ 2026-05-26 20:43:14,578] 174 root - INFO - Data transformation complete
[ 2026-05-26 20:43:14,578] 49 root - INFO - Started Regular Expression mapping
[ 2026-05-26 20:43:14,578] 174 root - INFO - Data transformation complete
[ 2026-05-26 20:43:14,579] 49 root - INFO - Started Regular Expression mapping
[ 2026-05-26 20:43:14,579] 174 root - INFO - Data transformation complete
[ 2026-05-26 20:43:14,579] 49 root - INFO - Started Regular Expression mapping
[ 2026-05-26 20:43:14,579] 174 root - INFO - Data transformation complete
[ 2026-05-26 20:43:14,579] 49 root - INFO - Started Regular Expression mapping
[ 2026-05-26 20:43:14,580] 25 root - INFO - Match heuristic business names to paybill payments
[ 2026-05-26 20:43:14,580] 174 root - INFO - Data transformation complete
[ 2026-05-26 20:43:14,580] 49 root - INFO - Started Regular Expression mapping
[ 2026-05-26 20:43:14,580] 25 root - INFO - Match heuristic business names to paybill payments
[ 2026-05-26 20:43:14,580] 174 root - INFO - Data transformation complete
[ 2026-05-26 20:43:14,580] 49 root - INFO - Started Regular Expression mapping
[ 2026-05-26 20:43:14,580] 25 root - INFO - Match heuristic business names to paybill payments
[ 2026-05-26 20:43:14,581] 174 root - INFO - Data transformation complete
[ 2026-05-26 20:43:14,581] 49 root - INFO - Started Regular Expression mapping
[ 2026-05-26 20:43:14,581] 174 root - INFO - Data transformation complete
[ 2026-05-26 20:43:14,581] 49 root - INFO - Started Regular Expression mapping
[ 2026-05-26 20:43:14,581] 25 root - INFO - Match heuristic business names to paybill payments
[ 2026-05-26 20:43:14,581] 174 root - INFO - Data transformation complete
[ 2026-05-26 20:43:14,581] 49 root - INFO - Started Regular Expression mapping
[ 2026-05-26 20:43:14,582] 174 root - INFO - Data transformation complete
[ 2026-05-26 20:43:14,582] 49 root - INFO - Started Regular Expression mapping
[ 2026-05-26 20:43:14,582] 174 root - INFO - Data transformation complete
[ 2026-05-26 20:43:14,582] 49 root - INFO - Started Regular Expression mapping
[ 2026-05-26 20:43:14,582] 25 root - INFO - Match heuristic business names to paybill payments
[ 2026-05-26 20:43:14,582] 174 root - INFO - Data transformation complete
[ 2026-05-26 20:43:14,582] 49 root - INFO - Started Regular Expression mapping
[ 2026-05-26 20:43:14,583] 174 root - INFO - Data transformation complete
[ 2026-05-26 20:43:14,583] 49 root - INFO - Started Regular Expression mapping
[ 2026-05-26 20:43:14,583] 25 root - INFO - Match heuristic business names to paybill payments
[ 2026-05-26 20:43:14,583] 174 root - INFO - Data transformation complete
[ 2026-05-26 20:43:14,583] 49 root - INFO - Started Regular Expression mapping
[ 2026-05-26 20:43:14,583] 174 root - INFO - Data transformation complete
[ 2026-05-26 20:43:14,584] 49 root - INFO - Started Regular Expression mapping
[ 2026-05-26 20:43:14,584] 25 root - INFO - Match heuristic business names to paybill payments
[ 2026-05-26 20:43:14,584] 174 root - INFO - Data transformation complete
[ 2026-05-26 20:43:14,584] 49 root - INFO - Started Regular Expression mapping
[ 2026-05-26 20:43:14,584] 174 root - INFO - Data transformation complete
[ 2026-05-26 20:43:14,584] 49 root - INFO - Started Regular Expression mapping
[ 2026-05-26 20:43:14,584] 174 root - INFO - Data transformation complete
[ 2026-05-26 20:43:14,584] 49 root - INFO - Started Regular Expression mapping
[ 2026-05-26 20:43:14,584] 174 root - INFO - Data transformation complete
[ 2026-05-26 20:43:14,584] 49 root - INFO - Started Regular Expression mapping
[ 2026-05-26 20:43:14,585] 174 root - INFO - Data transformation complete
[ 2026-05-26 20:43:14,585] 49 root - INFO - Started Regular Expression mapping
[ 2026-05-26 20:43:14,585] 174 root - INFO - Data transformation complete
[ 2026-05-26 20:43:14,585] 49 root - INFO - Started Regular Expression mapping
[ 2026-05-26 20:43:14,585] 174 root - INFO - Data transformation complete
[ 2026-05-26 20:43:14,585] 49 root - INFO - Started Regular Expression mapping
[ 2026-05-26 20:43:14,586] 174 root - INFO - Data transformation complete
[ 2026-05-26 20:43:14,586] 49 root - INFO - Started Regular Expression mapping
[ 2026-05-26 20:43:14,586] 174 root - INFO - Data transformation complete
[ 2026-05-26 20:43:14,587] 49 root - INFO - Started Regular Expression mapping
[ 2026-05-26 20:43:14,587] 174 root - INFO - Data transformation complete
[ 2026-05-26 20:43:14,587] 49 root - INFO - Started Regular Expression mapping
[ 2026-05-26 20:43:14,587] 174 root - INFO - Data transformation complete
[ 2026-05-26 20:43:14,587] 49 root - INFO - Started Regular Expression mapping
[ 2026-05-26 20:43:14,588] 174 root - INFO - Data transformation complete
[ 2026-05-26 20:43:14,588] 49 root - INFO - Started Regular Expression mapping
[ 2026-05-26 20:43:14,588] 174 root - INFO - Data transformation complete
[ 2026-05-26 20:43:14,588] 49 root - INFO - Started Regular Expression mapping
[ 2026-05-26 20:43:14,588] 174 root - INFO - Data transformation complete
[ 2026-05-26 20:43:14,588] 49 root - INFO - Started Regular Expression mapping
[ 2026-05-26 20:43:14,588] 174 root - INFO - Data transformation complete
[ 2026-05-26 20:43:14,588] 49 root - INFO - Started Regular Expression mapping
[ 2026-05-26 20:43:14,589] 174 root - INFO - Data transformation complete
[ 2026-05-26 20:43:14,589] 49 root - INFO - Started Regular Expression mapping
[ 2026-05-26 20:43:14,589] 174 root - INFO - Data transformation complete
[ 2026-05-26 20:43:14,589] 49 root - INFO - Started Regular Expression mapping
[ 2026-05-26 20:43:14,589] 174 root - INFO - Data transformation complete
[ 2026-05-26 20:43:14,589] 49 root - INFO - Started Regular Expression mapping
[ 2026-05-26 20:43:14,590] 25 root - INFO - Match heuristic business names to paybill payments
[ 2026-05-26 20:43:14,590] 174 root - INFO - Data transformation complete
[ 2026-05-26 20:43:14,590] 49 root - INFO - Started Regular Expression mapping
[ 2026-05-26 20:43:14,590] 25 root - INFO - Match heuristic business names to paybill payments
[ 2026-05-26 20:43:14,590] 174 root - INFO - Data transformation complete
[ 2026-05-26 20:43:14,590] 49 root - INFO - Started Regular Expression mapping
[ 2026-05-26 20:43:14,590] 174 root - INFO - Data transformation complete
[ 2026-05-26 20:43:14,591] 49 root - INFO - Started Regular Expression mapping
[ 2026-05-26 20:43:14,591] 25 root - INFO - Match heuristic business names to paybill payments
[ 2026-05-26 20:43:14,591] 174 root - INFO - Data transformation complete
[ 2026-05-26 20:43:14,591] 49 root - INFO - Started Regular Expression mapping
[ 2026-05-26 20:43:14,591] 174 root - INFO - Data transformation complete
[ 2026-05-26 20:43:14,591] 49 root - INFO - Started Regular Expression mapping
[ 2026-05-26 20:43:14,591] 174 root - INFO - Data transformation complete
[ 2026-05-26 20:43:14,592] 49 root - INFO - Started Regular Expression mapping
[ 2026-05-26 20:43:14,592] 174 root - INFO - Data transformation complete
[ 2026-05-26 20:43:14,592] 49 root - INFO - Started Regular Expression mapping
[ 2026-05-26 20:43:14,592] 174 root - INFO - Data transformation complete
[ 2026-05-26 20:43:14,592] 49 root - INFO - Started Regular Expression mapping
[ 2026-05-26 20:43:14,592] 25 root - INFO - Match heuristic business names to paybill payments
[ 2026-05-26 20:43:14,593] 174 root - INFO - Data transformation complete
[ 2026-05-26 20:43:14,593] 49 root - INFO - Started Regular Expression mapping
[ 2026-05-26 20:43:14,593] 174 root - INFO - Data transformation complete
[ 2026-05-26 20:43:14,593] 49 root - INFO - Started Regular Expression mapping
[ 2026-05-26 20:43:14,593] 174 root - INFO - Data transformation complete
[ 2026-05-26 20:43:14,593] 49 root - INFO - Started Regular Expression mapping
[ 2026-05-26 20:43:14,594] 174 root - INFO - Data transformation complete
[ 2026-05-26 20:43:14,594] 49 root - INFO - Started Regular Expression mapping
[ 2026-05-26 20:43:14,594] 174 root - INFO - Data transformation complete
[ 2026-05-26 20:43:14,594] 49 root - INFO - Started Regular Expression mapping
[ 2026-05-26 20:43:14,594] 25 root - INFO - Match heuristic business names to paybill payments
[ 2026-05-26 20:43:14,594] 174 root - INFO - Data transformation complete
[ 2026-05-26 20:43:14,594] 49 root - INFO - Started Regular Expression mapping
[ 2026-05-26 20:43:14,594] 174 root - INFO - Data transformation complete
[ 2026-05-26 20:43:14,594] 49 root - INFO - Started Regular Expression mapping
[ 2026-05-26 20:43:14,594] 25 root - INFO - Match heuristic business names to paybill payments
[ 2026-05-26 20:43:14,594] 174 root - INFO - Data transformation complete
[ 2026-05-26 20:43:14,595] 49 root - INFO - Started Regular Expression mapping
[ 2026-05-26 20:43:14,595] 174 root - INFO - Data transformation complete
[ 2026-05-26 20:43:14,596] 49 root - INFO - Started Regular Expression mapping
[ 2026-05-26 20:43:14,596] 25 root - INFO - Match heuristic business names to paybill payments
[ 2026-05-26 20:43:14,596] 174 root - INFO - Data transformation complete
[ 2026-05-26 20:43:14,596] 49 root - INFO - Started Regular Expression mapping
[ 2026-05-26 20:43:14,597] 25 root - INFO - Match heuristic business names to paybill payments
[ 2026-05-26 20:43:14,597] 174 root - INFO - Data transformation complete
[ 2026-05-26 20:43:14,597] 49 root - INFO - Started Regular Expression mapping
[ 2026-05-26 20:43:14,597] 174 root - INFO - Data transformation complete
[ 2026-05-26 20:43:14,597] 49 root - INFO - Started Regular Expression mapping
[ 2026-05-26 20:43:14,597] 25 root - INFO - Match heuristic business names to paybill payments
[ 2026-05-26 20:43:14,598] 174 root - INFO - Data transformation complete
[ 2026-05-26 20:43:14,598] 49 root - INFO - Started Regular Expression mapping
[ 2026-05-26 20:43:14,598] 174 root - INFO - Data transformation complete
[ 2026-05-26 20:43:14,598] 49 root - INFO - Started Regular Expression mapping
[ 2026-05-26 20:43:14,598] 174 root - INFO - Data transformation complete
[ 2026-05-26 20:43:14,598] 49 root - INFO - Started Regular Expression mapping
[ 2026-05-26 20:43:14,599] 174 root - INFO - Data transformation complete
[ 2026-05-26 20:43:14,599] 49 root - INFO - Started Regular Expression mapping
[ 2026-05-26 20:43:14,599] 25 root - INFO - Match heuristic business names to paybill payments
[ 2026-05-26 20:43:14,599] 174 root - INFO - Data transformation complete
[ 2026-05-26 20:43:14,599] 49 root - INFO - Started Regular Expression mapping
[ 2026-05-26 20:43:14,599] 174 root - INFO - Data transformation complete
[ 2026-05-26 20:43:14,600] 49 root - INFO - Started Regular Expression mapping
[ 2026-05-26 20:43:14,600] 174 root - INFO - Data transformation complete
[ 2026-05-26 20:43:14,600] 49 root - INFO - Started Regular Expression mapping
[ 2026-05-26 20:43:14,600] 25 root - INFO - Match heuristic business names to paybill payments
[ 2026-05-26 20:43:14,600] 174 root - INFO - Data transformation complete
[ 2026-05-26 20:43:14,600] 49 root - INFO - Started Regular Expression mapping
[ 2026-05-26 20:43:14,601] 25 root - INFO - Match heuristic business names to paybill payments
[ 2026-05-26 20:43:14,601] 174 root - INFO - Data transformation complete
[ 2026-05-26 20:43:14,601] 49 root - INFO - Started Regular Expression mapping
[ 2026-05-26 20:43:14,601] 25 root - INFO - Match heuristic business names to paybill payments
[ 2026-05-26 20:43:14,601] 174 root - INFO - Data transformation complete
[ 2026-05-26 20:43:14,601] 49 root - INFO - Started Regular Expression mapping
[ 2026-05-26 20:43:14,601] 25 root - INFO - Match heuristic business names to paybill payments
[ 2026-05-26 20:43:14,602] 174 root - INFO - Data transformation complete
[ 2026-05-26 20:43:14,602] 49 root - INFO - Started Regular Expression mapping
[ 2026-05-26 20:43:14,602] 174 root - INFO - Data transformation complete
[ 2026-05-26 20:43:14,602] 49 root - INFO - Started Regular Expression mapping
[ 2026-05-26 20:43:14,602] 174 root - INFO - Data transformation complete
[ 2026-05-26 20:43:14,602] 49 root - INFO - Started Regular Expression mapping
[ 2026-05-26 20:43:14,602] 174 root - INFO - Data transformation complete
[ 2026-05-26 20:43:14,603] 49 root - INFO - Started Regular Expression mapping
[ 2026-05-26 20:43:14,603] 25 root - INFO - Match heuristic business names to paybill payments
[ 2026-05-26 20:43:14,603] 174 root - INFO - Data transformation complete
[ 2026-05-26 20:43:14,603] 49 root - INFO - Started Regular Expression mapping
[ 2026-05-26 20:43:14,603] 174 root - INFO - Data transformation complete
[ 2026-05-26 20:43:14,603] 49 root - INFO - Started Regular Expression mapping
[ 2026-05-26 20:43:14,604] 174 root - INFO - Data transformation complete
[ 2026-05-26 20:43:14,604] 49 root - INFO - Started Regular Expression mapping
[ 2026-05-26 20:43:14,604] 174 root - INFO - Data transformation complete
[ 2026-05-26 20:43:14,604] 49 root - INFO - Started Regular Expression mapping
[ 2026-05-26 20:43:14,604] 174 root - INFO - Data transformation complete
[ 2026-05-26 20:43:14,604] 49 root - INFO - Started Regular Expression mapping
[ 2026-05-26 20:43:14,604] 174 root - INFO - Data transformation complete
[ 2026-05-26 20:43:14,604] 49 root - INFO - Started Regular Expression mapping
[ 2026-05-26 20:43:14,605] 174 root - INFO - Data transformation complete
[ 2026-05-26 20:43:14,605] 49 root - INFO - Started Regular Expression mapping
[ 2026-05-26 20:43:14,605] 174 root - INFO - Data transformation complete
[ 2026-05-26 20:43:14,606] 49 root - INFO - Started Regular Expression mapping
[ 2026-05-26 20:43:14,606] 174 root - INFO - Data transformation complete
[ 2026-05-26 20:43:14,606] 49 root - INFO - Started Regular Expression mapping
[ 2026-05-26 20:43:14,606] 174 root - INFO - Data transformation complete
[ 2026-05-26 20:43:14,606] 49 root - INFO - Started Regular Expression mapping
[ 2026-05-26 20:43:14,606] 174 root - INFO - Data transformation complete
[ 2026-05-26 20:43:14,606] 49 root - INFO - Started Regular Expression mapping
[ 2026-05-26 20:43:14,607] 174 root - INFO - Data transformation complete
[ 2026-05-26 20:43:14,607] 49 root - INFO - Started Regular Expression mapping
[ 2026-05-26 20:43:14,607] 174 root - INFO - Data transformation complete
[ 2026-05-26 20:43:14,607] 49 root - INFO - Started Regular Expression mapping
[ 2026-05-26 20:43:14,608] 25 root - INFO - Match heuristic business names to paybill payments
[ 2026-05-26 20:43:14,608] 174 root - INFO - Data transformation complete
[ 2026-05-26 20:43:14,608] 49 root - INFO - Started Regular Expression mapping
[ 2026-05-26 20:43:14,608] 25 root - INFO - Match heuristic business names to paybill payments
[ 2026-05-26 20:43:14,608] 174 root - INFO - Data transformation complete
[ 2026-05-26 20:43:14,608] 49 root - INFO - Started Regular Expression mapping
[ 2026-05-26 20:43:14,609] 25 root - INFO - Match heuristic business names to paybill payments
[ 2026-05-26 20:43:14,609] 174 root - INFO - Data transformation complete
[ 2026-05-26 20:43:14,609] 49 root - INFO - Started Regular Expression mapping
[ 2026-05-26 20:43:14,609] 25 root - INFO - Match heuristic business names to paybill payments
[ 2026-05-26 20:43:14,609] 174 root - INFO - Data transformation complete
[ 2026-05-26 20:43:14,609] 49 root - INFO - Started Regular Expression mapping
[ 2026-05-26 20:43:14,610] 25 root - INFO - Match heuristic business names to paybill payments
[ 2026-05-26 20:43:14,610] 174 root - INFO - Data transformation complete
[ 2026-05-26 20:43:14,610] 49 root - INFO - Started Regular Expression mapping
[ 2026-05-26 20:43:14,610] 25 root - INFO - Match heuristic business names to paybill payments
[ 2026-05-26 20:43:14,610] 174 root - INFO - Data transformation complete
[ 2026-05-26 20:43:14,610] 49 root - INFO - Started Regular Expression mapping
[ 2026-05-26 20:43:14,610] 174 root - INFO - Data transformation complete
[ 2026-05-26 20:43:14,610] 49 root - INFO - Started Regular Expression mapping
[ 2026-05-26 20:43:14,611] 174 root - INFO - Data transformation complete
[ 2026-05-26 20:43:14,611] 49 root - INFO - Started Regular Expression mapping
[ 2026-05-26 20:43:14,611] 25 root - INFO - Match heuristic business names to paybill payments
[ 2026-05-26 20:43:14,611] 174 root - INFO - Data transformation complete
[ 2026-05-26 20:43:14,612] 49 root - INFO - Started Regular Expression mapping
[ 2026-05-26 20:43:14,612] 174 root - INFO - Data transformation complete
[ 2026-05-26 20:43:14,612] 49 root - INFO - Started Regular Expression mapping
[ 2026-05-26 20:43:14,612] 25 root - INFO - Match heuristic business names to paybill payments
[ 2026-05-26 20:43:14,612] 174 root - INFO - Data transformation complete
[ 2026-05-26 20:43:14,613] 49 root - INFO - Started Regular Expression mapping
[ 2026-05-26 20:43:14,613] 174 root - INFO - Data transformation complete
[ 2026-05-26 20:43:14,613] 49 root - INFO - Started Regular Expression mapping
[ 2026-05-26 20:43:14,613] 25 root - INFO - Match heuristic business names to paybill payments
[ 2026-05-26 20:43:14,613] 174 root - INFO - Data transformation complete
[ 2026-05-26 20:43:14,614] 49 root - INFO - Started Regular Expression mapping
[ 2026-05-26 20:43:14,614] 174 root - INFO - Data transformation complete
[ 2026-05-26 20:43:14,614] 49 root - INFO - Started Regular Expression mapping
[ 2026-05-26 20:43:14,614] 174 root - INFO - Data transformation complete
[ 2026-05-26 20:43:14,614] 49 root - INFO - Started Regular Expression mapping
[ 2026-05-26 20:43:14,614] 174 root - INFO - Data transformation complete
[ 2026-05-26 20:43:14,614] 49 root - INFO - Started Regular Expression mapping
[ 2026-05-26 20:43:14,614] 174 root - INFO - Data transformation complete
[ 2026-05-26 20:43:14,614] 49 root - INFO - Started Regular Expression mapping
[ 2026-05-26 20:43:14,614] 25 root - INFO - Match heuristic business names to paybill payments
[ 2026-05-26 20:43:14,615] 174 root - INFO - Data transformation complete
[ 2026-05-26 20:43:14,615] 49 root - INFO - Started Regular Expression mapping
[ 2026-05-26 20:43:14,615] 25 root - INFO - Match heuristic business names to paybill payments
[ 2026-05-26 20:43:14,615] 174 root - INFO - Data transformation complete
[ 2026-05-26 20:43:14,616] 49 root - INFO - Started Regular Expression mapping
[ 2026-05-26 20:43:14,616] 174 root - INFO - Data transformation complete
[ 2026-05-26 20:43:14,616] 49 root - INFO - Started Regular Expression mapping
[ 2026-05-26 20:43:14,616] 25 root - INFO - Match heuristic business names to paybill payments
[ 2026-05-26 20:43:14,616] 174 root - INFO - Data transformation complete
[ 2026-05-26 20:43:14,616] 49 root - INFO - Started Regular Expression mapping
[ 2026-05-26 20:43:14,617] 174 root - INFO - Data transformation complete
[ 2026-05-26 20:43:14,617] 49 root - INFO - Started Regular Expression mapping
[ 2026-05-26 20:43:14,617] 174 root - INFO - Data transformation complete
[ 2026-05-26 20:43:14,617] 49 root - INFO - Started Regular Expression mapping
[ 2026-05-26 20:43:14,617] 174 root - INFO - Data transformation complete
[ 2026-05-26 20:43:14,617] 49 root - INFO - Started Regular Expression mapping
[ 2026-05-26 20:43:14,617] 174 root - INFO - Data transformation complete
[ 2026-05-26 20:43:14,618] 49 root - INFO - Started Regular Expression mapping
[ 2026-05-26 20:43:14,618] 174 root - INFO - Data transformation complete
[ 2026-05-26 20:43:14,618] 49 root - INFO - Started Regular Expression mapping
[ 2026-05-26 20:43:14,618] 174 root - INFO - Data transformation complete
[ 2026-05-26 20:43:14,618] 49 root - INFO - Started Regular Expression mapping
[ 2026-05-26 20:43:14,618] 174 root - INFO - Data transformation complete
[ 2026-05-26 20:43:14,619] 49 root - INFO - Started Regular Expression mapping
[ 2026-05-26 20:43:14,619] 25 root - INFO - Match heuristic business names to paybill payments
[ 2026-05-26 20:43:14,619] 174 root - INFO - Data transformation complete
[ 2026-05-26 20:43:14,619] 49 root - INFO - Started Regular Expression mapping
[ 2026-05-26 20:43:14,619] 25 root - INFO - Match heuristic business names to paybill payments
[ 2026-05-26 20:43:14,619] 174 root - INFO - Data transformation complete
[ 2026-05-26 20:43:14,619] 49 root - INFO - Started Regular Expression mapping
[ 2026-05-26 20:43:14,620] 174 root - INFO - Data transformation complete
[ 2026-05-26 20:43:14,620] 49 root - INFO - Started Regular Expression mapping
[ 2026-05-26 20:43:14,620] 174 root - INFO - Data transformation complete
[ 2026-05-26 20:43:14,620] 49 root - INFO - Started Regular Expression mapping
[ 2026-05-26 20:43:14,620] 25 root - INFO - Match heuristic business names to paybill payments
[ 2026-05-26 20:43:14,620] 174 root - INFO - Data transformation complete
[ 2026-05-26 20:43:14,620] 49 root - INFO - Started Regular Expression mapping
[ 2026-05-26 20:43:14,621] 174 root - INFO - Data transformation complete
[ 2026-05-26 20:43:14,621] 49 root - INFO - Started Regular Expression mapping
[ 2026-05-26 20:43:14,621] 174 root - INFO - Data transformation complete
[ 2026-05-26 20:43:14,621] 49 root - INFO - Started Regular Expression mapping
[ 2026-05-26 20:43:14,621] 174 root - INFO - Data transformation complete
[ 2026-05-26 20:43:14,621] 49 root - INFO - Started Regular Expression mapping
[ 2026-05-26 20:43:14,622] 174 root - INFO - Data transformation complete
[ 2026-05-26 20:43:14,622] 49 root - INFO - Started Regular Expression mapping
[ 2026-05-26 20:43:14,622] 25 root - INFO - Match heuristic business names to paybill payments
[ 2026-05-26 20:43:14,622] 174 root - INFO - Data transformation complete
[ 2026-05-26 20:43:14,622] 49 root - INFO - Started Regular Expression mapping
[ 2026-05-26 20:43:14,622] 25 root - INFO - Match heuristic business names to paybill payments
[ 2026-05-26 20:43:14,622] 174 root - INFO - Data transformation complete
[ 2026-05-26 20:43:14,623] 49 root - INFO - Started Regular Expression mapping
[ 2026-05-26 20:43:14,623] 174 root - INFO - Data transformation complete
[ 2026-05-26 20:43:14,623] 49 root - INFO - Started Regular Expression mapping
[ 2026-05-26 20:43:14,623] 174 root - INFO - Data transformation complete
[ 2026-05-26 20:43:14,623] 49 root - INFO - Started Regular Expression mapping
[ 2026-05-26 20:43:14,623] 25 root - INFO - Match heuristic business names to paybill payments
[ 2026-05-26 20:43:14,624] 174 root - INFO - Data transformation complete
[ 2026-05-26 20:43:14,624] 49 root - INFO - Started Regular Expression mapping
[ 2026-05-26 20:43:14,624] 25 root - INFO - Match heuristic business names to paybill payments
[ 2026-05-26 20:43:14,624] 174 root - INFO - Data transformation complete
[ 2026-05-26 20:43:14,624] 49 root - INFO - Started Regular Expression mapping
[ 2026-05-26 20:43:14,624] 174 root - INFO - Data transformation complete
[ 2026-05-26 20:43:14,624] 49 root - INFO - Started Regular Expression mapping
[ 2026-05-26 20:43:14,624] 174 root - INFO - Data transformation complete
[ 2026-05-26 20:43:14,624] 49 root - INFO - Started Regular Expression mapping
[ 2026-05-26 20:43:14,624] 174 root - INFO - Data transformation complete
[ 2026-05-26 20:43:14,624] 49 root - INFO - Started Regular Expression mapping
[ 2026-05-26 20:43:14,625] 174 root - INFO - Data transformation complete
[ 2026-05-26 20:43:14,625] 49 root - INFO - Started Regular Expression mapping
[ 2026-05-26 20:43:14,625] 174 root - INFO - Data transformation complete
[ 2026-05-26 20:43:14,626] 49 root - INFO - Started Regular Expression mapping
[ 2026-05-26 20:43:14,626] 174 root - INFO - Data transformation complete
[ 2026-05-26 20:43:14,626] 49 root - INFO - Started Regular Expression mapping
[ 2026-05-26 20:43:14,627] 174 root - INFO - Data transformation complete
[ 2026-05-26 20:43:14,627] 49 root - INFO - Started Regular Expression mapping
[ 2026-05-26 20:43:14,627] 25 root - INFO - Match heuristic business names to paybill payments
[ 2026-05-26 20:43:14,627] 174 root - INFO - Data transformation complete
[ 2026-05-26 20:43:14,627] 49 root - INFO - Started Regular Expression mapping
[ 2026-05-26 20:43:14,627] 174 root - INFO - Data transformation complete
[ 2026-05-26 20:43:14,627] 49 root - INFO - Started Regular Expression mapping
[ 2026-05-26 20:43:14,628] 174 root - INFO - Data transformation complete
[ 2026-05-26 20:43:14,628] 49 root - INFO - Started Regular Expression mapping
[ 2026-05-26 20:43:14,628] 25 root - INFO - Match heuristic business names to paybill payments
[ 2026-05-26 20:43:14,628] 174 root - INFO - Data transformation complete
[ 2026-05-26 20:43:14,628] 49 root - INFO - Started Regular Expression mapping
[ 2026-05-26 20:43:14,628] 174 root - INFO - Data transformation complete
[ 2026-05-26 20:43:14,629] 49 root - INFO - Started Regular Expression mapping
[ 2026-05-26 20:43:14,629] 25 root - INFO - Match heuristic business names to paybill payments
[ 2026-05-26 20:43:14,629] 174 root - INFO - Data transformation complete
[ 2026-05-26 20:43:14,629] 49 root - INFO - Started Regular Expression mapping
[ 2026-05-26 20:43:14,629] 25 root - INFO - Match heuristic business names to paybill payments
[ 2026-05-26 20:43:14,629] 174 root - INFO - Data transformation complete
[ 2026-05-26 20:43:14,629] 49 root - INFO - Started Regular Expression mapping
[ 2026-05-26 20:43:14,629] 174 root - INFO - Data transformation complete
[ 2026-05-26 20:43:14,631] 49 root - INFO - Started Regular Expression mapping
[ 2026-05-26 20:43:14,631] 174 root - INFO - Data transformation complete
[ 2026-05-26 20:43:14,631] 49 root - INFO - Started Regular Expression mapping
[ 2026-05-26 20:43:14,631] 174 root - INFO - Data transformation complete
[ 2026-05-26 20:43:14,631] 49 root - INFO - Started Regular Expression mapping
[ 2026-05-26 20:43:14,631] 25 root - INFO - Match heuristic business names to paybill payments
[ 2026-05-26 20:43:14,631] 174 root - INFO - Data transformation complete
[ 2026-05-26 20:43:14,631] 49 root - INFO - Started Regular Expression mapping
[ 2026-05-26 20:43:14,631] 174 root - INFO - Data transformation complete
[ 2026-05-26 20:43:14,631] 49 root - INFO - Started Regular Expression mapping
[ 2026-05-26 20:43:14,631] 174 root - INFO - Data transformation complete
[ 2026-05-26 20:43:14,631] 49 root - INFO - Started Regular Expression mapping
[ 2026-05-26 20:43:14,632] 174 root - INFO - Data transformation complete
[ 2026-05-26 20:43:14,632] 49 root - INFO - Started Regular Expression mapping
[ 2026-05-26 20:43:14,632] 174 root - INFO - Data transformation complete
[ 2026-05-26 20:43:14,632] 49 root - INFO - Started Regular Expression mapping
[ 2026-05-26 20:43:14,632] 174 root - INFO - Data transformation complete
[ 2026-05-26 20:43:14,632] 49 root - INFO - Started Regular Expression mapping
[ 2026-05-26 20:43:14,632] 174 root - INFO - Data transformation complete
[ 2026-05-26 20:43:14,632] 49 root - INFO - Started Regular Expression mapping
[ 2026-05-26 20:43:14,632] 174 root - INFO - Data transformation complete
[ 2026-05-26 20:43:14,632] 49 root - INFO - Started Regular Expression mapping
[ 2026-05-26 20:43:14,634] 174 root - INFO - Data transformation complete
[ 2026-05-26 20:43:14,634] 49 root - INFO - Started Regular Expression mapping
[ 2026-05-26 20:43:14,634] 174 root - INFO - Data transformation complete
[ 2026-05-26 20:43:14,634] 49 root - INFO - Started Regular Expression mapping
[ 2026-05-26 20:43:14,634] 174 root - INFO - Data transformation complete
[ 2026-05-26 20:43:14,634] 49 root - INFO - Started Regular Expression mapping
[ 2026-05-26 20:43:14,634] 174 root - INFO - Data transformation complete
[ 2026-05-26 20:43:14,634] 49 root - INFO - Started Regular Expression mapping
[ 2026-05-26 20:43:14,634] 25 root - INFO - Match heuristic business names to paybill payments
[ 2026-05-26 20:43:14,634] 174 root - INFO - Data transformation complete
[ 2026-05-26 20:43:14,634] 49 root - INFO - Started Regular Expression mapping
[ 2026-05-26 20:43:14,634] 25 root - INFO - Match heuristic business names to paybill payments
[ 2026-05-26 20:43:14,636] 174 root - INFO - Data transformation complete
[ 2026-05-26 20:43:14,636] 49 root - INFO - Started Regular Expression mapping
[ 2026-05-26 20:43:14,636] 174 root - INFO - Data transformation complete
[ 2026-05-26 20:43:14,636] 49 root - INFO - Started Regular Expression mapping
[ 2026-05-26 20:43:14,636] 174 root - INFO - Data transformation complete
[ 2026-05-26 20:43:14,636] 49 root - INFO - Started Regular Expression mapping
[ 2026-05-26 20:43:14,636] 25 root - INFO - Match heuristic business names to paybill payments
[ 2026-05-26 20:43:14,637] 174 root - INFO - Data transformation complete
[ 2026-05-26 20:43:14,637] 49 root - INFO - Started Regular Expression mapping
[ 2026-05-26 20:43:14,637] 25 root - INFO - Match heuristic business names to paybill payments
[ 2026-05-26 20:43:14,637] 174 root - INFO - Data transformation complete
[ 2026-05-26 20:43:14,637] 49 root - INFO - Started Regular Expression mapping
[ 2026-05-26 20:43:14,637] 174 root - INFO - Data transformation complete
[ 2026-05-26 20:43:14,637] 49 root - INFO - Started Regular Expression mapping
[ 2026-05-26 20:43:14,638] 174 root - INFO - Data transformation complete
[ 2026-05-26 20:43:14,638] 49 root - INFO - Started Regular Expression mapping
[ 2026-05-26 20:43:14,638] 174 root - INFO - Data transformation complete
[ 2026-05-26 20:43:14,638] 49 root - INFO - Started Regular Expression mapping
[ 2026-05-26 20:43:14,638] 25 root - INFO - Match heuristic business names to paybill payments
[ 2026-05-26 20:43:14,638] 174 root - INFO - Data transformation complete
[ 2026-05-26 20:43:14,638] 49 root - INFO - Started Regular Expression mapping
[ 2026-05-26 20:43:14,639] 174 root - INFO - Data transformation complete
[ 2026-05-26 20:43:14,639] 49 root - INFO - Started Regular Expression mapping
[ 2026-05-26 20:43:14,639] 174 root - INFO - Data transformation complete
[ 2026-05-26 20:43:14,639] 49 root - INFO - Started Regular Expression mapping
[ 2026-05-26 20:43:14,639] 174 root - INFO - Data transformation complete
[ 2026-05-26 20:43:14,639] 49 root - INFO - Started Regular Expression mapping
[ 2026-05-26 20:43:14,640] 25 root - INFO - Match heuristic business names to paybill payments
[ 2026-05-26 20:43:14,640] 174 root - INFO - Data transformation complete
[ 2026-05-26 20:43:14,640] 49 root - INFO - Started Regular Expression mapping
[ 2026-05-26 20:43:14,640] 174 root - INFO - Data transformation complete
[ 2026-05-26 20:43:14,640] 49 root - INFO - Started Regular Expression mapping
[ 2026-05-26 20:43:14,640] 174 root - INFO - Data transformation complete
[ 2026-05-26 20:43:14,640] 49 root - INFO - Started Regular Expression mapping
[ 2026-05-26 20:43:14,641] 174 root - INFO - Data transformation complete
[ 2026-05-26 20:43:14,641] 49 root - INFO - Started Regular Expression mapping
[ 2026-05-26 20:43:14,641] 174 root - INFO - Data transformation complete
[ 2026-05-26 20:43:14,641] 49 root - INFO - Started Regular Expression mapping
[ 2026-05-26 20:43:14,641] 174 root - INFO - Data transformation complete
[ 2026-05-26 20:43:14,641] 49 root - INFO - Started Regular Expression mapping
[ 2026-05-26 20:43:14,642] 174 root - INFO - Data transformation complete
[ 2026-05-26 20:43:14,642] 49 root - INFO - Started Regular Expression mapping
[ 2026-05-26 20:43:14,642] 174 root - INFO - Data transformation complete
[ 2026-05-26 20:43:14,642] 49 root - INFO - Started Regular Expression mapping
[ 2026-05-26 20:43:14,643] 25 root - INFO - Match heuristic business names to paybill payments
[ 2026-05-26 20:43:14,643] 174 root - INFO - Data transformation complete
[ 2026-05-26 20:43:14,643] 49 root - INFO - Started Regular Expression mapping
[ 2026-05-26 20:43:14,643] 174 root - INFO - Data transformation complete
[ 2026-05-26 20:43:14,643] 49 root - INFO - Started Regular Expression mapping
[ 2026-05-26 20:43:14,643] 174 root - INFO - Data transformation complete
[ 2026-05-26 20:43:14,643] 49 root - INFO - Started Regular Expression mapping
[ 2026-05-26 20:43:14,644] 174 root - INFO - Data transformation complete
[ 2026-05-26 20:43:14,644] 49 root - INFO - Started Regular Expression mapping
[ 2026-05-26 20:43:14,644] 174 root - INFO - Data transformation complete
[ 2026-05-26 20:43:14,644] 49 root - INFO - Started Regular Expression mapping
[ 2026-05-26 20:43:14,644] 25 root - INFO - Match heuristic business names to paybill payments
[ 2026-05-26 20:43:14,644] 174 root - INFO - Data transformation complete
[ 2026-05-26 20:43:14,644] 49 root - INFO - Started Regular Expression mapping
[ 2026-05-26 20:43:14,644] 174 root - INFO - Data transformation complete
[ 2026-05-26 20:43:14,644] 49 root - INFO - Started Regular Expression mapping
[ 2026-05-26 20:43:14,645] 174 root - INFO - Data transformation complete
[ 2026-05-26 20:43:14,645] 49 root - INFO - Started Regular Expression mapping
[ 2026-05-26 20:43:14,645] 174 root - INFO - Data transformation complete
[ 2026-05-26 20:43:14,645] 49 root - INFO - Started Regular Expression mapping
[ 2026-05-26 20:43:14,646] 174 root - INFO - Data transformation complete
[ 2026-05-26 20:43:14,646] 49 root - INFO - Started Regular Expression mapping
[ 2026-05-26 20:43:14,646] 174 root - INFO - Data transformation complete
[ 2026-05-26 20:43:14,646] 49 root - INFO - Started Regular Expression mapping
[ 2026-05-26 20:43:14,646] 25 root - INFO - Match heuristic business names to paybill payments
[ 2026-05-26 20:43:14,646] 174 root - INFO - Data transformation complete
[ 2026-05-26 20:43:14,647] 49 root - INFO - Started Regular Expression mapping
[ 2026-05-26 20:43:14,647] 174 root - INFO - Data transformation complete
[ 2026-05-26 20:43:14,647] 49 root - INFO - Started Regular Expression mapping
[ 2026-05-26 20:43:14,647] 174 root - INFO - Data transformation complete
[ 2026-05-26 20:43:14,647] 49 root - INFO - Started Regular Expression mapping
[ 2026-05-26 20:43:14,647] 25 root - INFO - Match heuristic business names to paybill payments
[ 2026-05-26 20:43:14,648] 174 root - INFO - Data transformation complete
[ 2026-05-26 20:43:14,648] 49 root - INFO - Started Regular Expression mapping
[ 2026-05-26 20:43:14,648] 174 root - INFO - Data transformation complete
[ 2026-05-26 20:43:14,648] 49 root - INFO - Started Regular Expression mapping
[ 2026-05-26 20:43:14,648] 174 root - INFO - Data transformation complete
[ 2026-05-26 20:43:14,648] 49 root - INFO - Started Regular Expression mapping
[ 2026-05-26 20:43:14,648] 174 root - INFO - Data transformation complete
[ 2026-05-26 20:43:14,649] 49 root - INFO - Started Regular Expression mapping
[ 2026-05-26 20:43:14,649] 174 root - INFO - Data transformation complete
[ 2026-05-26 20:43:14,649] 49 root - INFO - Started Regular Expression mapping
[ 2026-05-26 20:43:14,649] 174 root - INFO - Data transformation complete
[ 2026-05-26 20:43:14,649] 49 root - INFO - Started Regular Expression mapping
[ 2026-05-26 20:43:14,649] 25 root - INFO - Match heuristic business names to paybill payments
[ 2026-05-26 20:43:14,650] 174 root - INFO - Data transformation complete
[ 2026-05-26 20:43:14,650] 49 root - INFO - Started Regular Expression mapping
[ 2026-05-26 20:43:14,650] 174 root - INFO - Data transformation complete
[ 2026-05-26 20:43:14,650] 49 root - INFO - Started Regular Expression mapping
[ 2026-05-26 20:43:14,650] 25 root - INFO - Match heuristic business names to paybill payments
[ 2026-05-26 20:43:14,650] 174 root - INFO - Data transformation complete
[ 2026-05-26 20:43:14,650] 49 root - INFO - Started Regular Expression mapping
[ 2026-05-26 20:43:14,651] 174 root - INFO - Data transformation complete
[ 2026-05-26 20:43:14,651] 49 root - INFO - Started Regular Expression mapping
[ 2026-05-26 20:43:14,651] 174 root - INFO - Data transformation complete
[ 2026-05-26 20:43:14,651] 49 root - INFO - Started Regular Expression mapping
[ 2026-05-26 20:43:14,651] 174 root - INFO - Data transformation complete
[ 2026-05-26 20:43:14,651] 49 root - INFO - Started Regular Expression mapping
[ 2026-05-26 20:43:14,651] 25 root - INFO - Match heuristic business names to paybill payments
[ 2026-05-26 20:43:14,652] 174 root - INFO - Data transformation complete
[ 2026-05-26 20:43:14,652] 49 root - INFO - Started Regular Expression mapping
[ 2026-05-26 20:43:14,652] 174 root - INFO - Data transformation complete
[ 2026-05-26 20:43:14,652] 49 root - INFO - Started Regular Expression mapping
[ 2026-05-26 20:43:14,652] 174 root - INFO - Data transformation complete
[ 2026-05-26 20:43:14,652] 49 root - INFO - Started Regular Expression mapping
[ 2026-05-26 20:43:14,653] 174 root - INFO - Data transformation complete
[ 2026-05-26 20:43:14,653] 49 root - INFO - Started Regular Expression mapping
[ 2026-05-26 20:43:14,653] 174 root - INFO - Data transformation complete
[ 2026-05-26 20:43:14,653] 49 root - INFO - Started Regular Expression mapping
[ 2026-05-26 20:43:14,653] 25 root - INFO - Match heuristic business names to paybill payments
[ 2026-05-26 20:43:14,653] 174 root - INFO - Data transformation complete
[ 2026-05-26 20:43:14,653] 49 root - INFO - Started Regular Expression mapping
[ 2026-05-26 20:43:14,654] 174 root - INFO - Data transformation complete
[ 2026-05-26 20:43:14,654] 49 root - INFO - Started Regular Expression mapping
[ 2026-05-26 20:43:14,654] 174 root - INFO - Data transformation complete
[ 2026-05-26 20:43:14,654] 49 root - INFO - Started Regular Expression mapping
[ 2026-05-26 20:43:14,654] 174 root - INFO - Data transformation complete
[ 2026-05-26 20:43:14,654] 49 root - INFO - Started Regular Expression mapping
[ 2026-05-26 20:43:14,655] 25 root - INFO - Match heuristic business names to paybill payments
[ 2026-05-26 20:43:14,655] 174 root - INFO - Data transformation complete
[ 2026-05-26 20:43:14,655] 49 root - INFO - Started Regular Expression mapping
[ 2026-05-26 20:43:14,655] 25 root - INFO - Match heuristic business names to paybill payments
[ 2026-05-26 20:43:14,656] 174 root - INFO - Data transformation complete
[ 2026-05-26 20:43:14,656] 49 root - INFO - Started Regular Expression mapping
[ 2026-05-26 20:43:14,656] 174 root - INFO - Data transformation complete
[ 2026-05-26 20:43:14,656] 49 root - INFO - Started Regular Expression mapping
[ 2026-05-26 20:43:14,656] 174 root - INFO - Data transformation complete
[ 2026-05-26 20:43:14,656] 49 root - INFO - Started Regular Expression mapping
[ 2026-05-26 20:43:14,656] 174 root - INFO - Data transformation complete
[ 2026-05-26 20:43:14,656] 49 root - INFO - Started Regular Expression mapping
[ 2026-05-26 20:43:14,656] 174 root - INFO - Data transformation complete
[ 2026-05-26 20:43:14,657] 49 root - INFO - Started Regular Expression mapping
[ 2026-05-26 20:43:14,657] 174 root - INFO - Data transformation complete
[ 2026-05-26 20:43:14,657] 49 root - INFO - Started Regular Expression mapping
[ 2026-05-26 20:43:14,657] 174 root - INFO - Data transformation complete
[ 2026-05-26 20:43:14,657] 49 root - INFO - Started Regular Expression mapping
[ 2026-05-26 20:43:14,657] 174 root - INFO - Data transformation complete
[ 2026-05-26 20:43:14,658] 49 root - INFO - Started Regular Expression mapping
[ 2026-05-26 20:43:14,658] 25 root - INFO - Match heuristic business names to paybill payments
[ 2026-05-26 20:43:14,658] 174 root - INFO - Data transformation complete
[ 2026-05-26 20:43:14,658] 49 root - INFO - Started Regular Expression mapping
[ 2026-05-26 20:43:14,658] 25 root - INFO - Match heuristic business names to paybill payments
[ 2026-05-26 20:43:14,658] 174 root - INFO - Data transformation complete
[ 2026-05-26 20:43:14,658] 49 root - INFO - Started Regular Expression mapping
[ 2026-05-26 20:43:14,659] 174 root - INFO - Data transformation complete
[ 2026-05-26 20:43:14,659] 49 root - INFO - Started Regular Expression mapping
[ 2026-05-26 20:43:14,659] 174 root - INFO - Data transformation complete
[ 2026-05-26 20:43:14,659] 49 root - INFO - Started Regular Expression mapping
[ 2026-05-26 20:43:14,659] 25 root - INFO - Match heuristic business names to paybill payments
[ 2026-05-26 20:43:14,659] 174 root - INFO - Data transformation complete
[ 2026-05-26 20:43:14,659] 49 root - INFO - Started Regular Expression mapping
[ 2026-05-26 20:43:14,660] 174 root - INFO - Data transformation complete
[ 2026-05-26 20:43:14,660] 49 root - INFO - Started Regular Expression mapping
[ 2026-05-26 20:43:14,660] 25 root - INFO - Match heuristic business names to paybill payments
[ 2026-05-26 20:43:14,660] 174 root - INFO - Data transformation complete
[ 2026-05-26 20:43:14,660] 49 root - INFO - Started Regular Expression mapping
[ 2026-05-26 20:43:14,660] 25 root - INFO - Match heuristic business names to paybill payments
[ 2026-05-26 20:43:14,661] 174 root - INFO - Data transformation complete
[ 2026-05-26 20:43:14,661] 49 root - INFO - Started Regular Expression mapping
[ 2026-05-26 20:43:14,661] 174 root - INFO - Data transformation complete
[ 2026-05-26 20:43:14,661] 49 root - INFO - Started Regular Expression mapping
[ 2026-05-26 20:43:14,661] 174 root - INFO - Data transformation complete
[ 2026-05-26 20:43:14,661] 49 root - INFO - Started Regular Expression mapping
[ 2026-05-26 20:43:14,661] 25 root - INFO - Match heuristic business names to paybill payments
[ 2026-05-26 20:43:14,662] 174 root - INFO - Data transformation complete
[ 2026-05-26 20:43:14,662] 49 root - INFO - Started Regular Expression mapping
[ 2026-05-26 20:43:14,662] 174 root - INFO - Data transformation complete
[ 2026-05-26 20:43:14,662] 49 root - INFO - Started Regular Expression mapping
[ 2026-05-26 20:43:14,662] 174 root - INFO - Data transformation complete
[ 2026-05-26 20:43:14,662] 49 root - INFO - Started Regular Expression mapping
[ 2026-05-26 20:43:14,663] 25 root - INFO - Match heuristic business names to paybill payments
[ 2026-05-26 20:43:14,663] 174 root - INFO - Data transformation complete
[ 2026-05-26 20:43:14,663] 49 root - INFO - Started Regular Expression mapping
[ 2026-05-26 20:43:14,663] 174 root - INFO - Data transformation complete
[ 2026-05-26 20:43:14,663] 49 root - INFO - Started Regular Expression mapping
[ 2026-05-26 20:43:14,663] 174 root - INFO - Data transformation complete
[ 2026-05-26 20:43:14,663] 49 root - INFO - Started Regular Expression mapping
[ 2026-05-26 20:43:14,664] 174 root - INFO - Data transformation complete
[ 2026-05-26 20:43:14,664] 49 root - INFO - Started Regular Expression mapping
[ 2026-05-26 20:43:14,664] 174 root - INFO - Data transformation complete
[ 2026-05-26 20:43:14,664] 49 root - INFO - Started Regular Expression mapping
[ 2026-05-26 20:43:14,664] 174 root - INFO - Data transformation complete
[ 2026-05-26 20:43:14,664] 49 root - INFO - Started Regular Expression mapping
[ 2026-05-26 20:43:14,665] 174 root - INFO - Data transformation complete
[ 2026-05-26 20:43:14,665] 49 root - INFO - Started Regular Expression mapping
[ 2026-05-26 20:43:14,665] 174 root - INFO - Data transformation complete
[ 2026-05-26 20:43:14,666] 49 root - INFO - Started Regular Expression mapping
[ 2026-05-26 20:43:14,666] 174 root - INFO - Data transformation complete
[ 2026-05-26 20:43:14,666] 49 root - INFO - Started Regular Expression mapping
[ 2026-05-26 20:43:14,666] 25 root - INFO - Match heuristic business names to paybill payments
[ 2026-05-26 20:43:14,666] 174 root - INFO - Data transformation complete
[ 2026-05-26 20:43:14,666] 49 root - INFO - Started Regular Expression mapping
[ 2026-05-26 20:43:14,666] 174 root - INFO - Data transformation complete
[ 2026-05-26 20:43:14,666] 49 root - INFO - Started Regular Expression mapping
[ 2026-05-26 20:43:14,666] 174 root - INFO - Data transformation complete
[ 2026-05-26 20:43:14,667] 49 root - INFO - Started Regular Expression mapping
[ 2026-05-26 20:43:14,667] 174 root - INFO - Data transformation complete
[ 2026-05-26 20:43:14,667] 49 root - INFO - Started Regular Expression mapping
[ 2026-05-26 20:43:14,667] 174 root - INFO - Data transformation complete
[ 2026-05-26 20:43:14,667] 49 root - INFO - Started Regular Expression mapping
[ 2026-05-26 20:43:14,667] 174 root - INFO - Data transformation complete
[ 2026-05-26 20:43:14,667] 49 root - INFO - Started Regular Expression mapping
[ 2026-05-26 20:43:14,668] 174 root - INFO - Data transformation complete
[ 2026-05-26 20:43:14,668] 49 root - INFO - Started Regular Expression mapping
[ 2026-05-26 20:43:14,668] 174 root - INFO - Data transformation complete
[ 2026-05-26 20:43:14,668] 49 root - INFO - Started Regular Expression mapping
[ 2026-05-26 20:43:14,668] 174 root - INFO - Data transformation complete
[ 2026-05-26 20:43:14,668] 49 root - INFO - Started Regular Expression mapping
[ 2026-05-26 20:43:14,669] 174 root - INFO - Data transformation complete
[ 2026-05-26 20:43:14,669] 49 root - INFO - Started Regular Expression mapping
[ 2026-05-26 20:43:14,669] 174 root - INFO - Data transformation complete
[ 2026-05-26 20:43:14,669] 49 root - INFO - Started Regular Expression mapping
[ 2026-05-26 20:43:14,669] 174 root - INFO - Data transformation complete
[ 2026-05-26 20:43:14,669] 49 root - INFO - Started Regular Expression mapping
[ 2026-05-26 20:43:14,670] 174 root - INFO - Data transformation complete
[ 2026-05-26 20:43:14,670] 49 root - INFO - Started Regular Expression mapping
[ 2026-05-26 20:43:14,670] 174 root - INFO - Data transformation complete
[ 2026-05-26 20:43:14,670] 49 root - INFO - Started Regular Expression mapping
[ 2026-05-26 20:43:14,670] 174 root - INFO - Data transformation complete
[ 2026-05-26 20:43:14,670] 49 root - INFO - Started Regular Expression mapping
[ 2026-05-26 20:43:14,670] 25 root - INFO - Match heuristic business names to paybill payments
[ 2026-05-26 20:43:14,671] 174 root - INFO - Data transformation complete
[ 2026-05-26 20:43:14,671] 49 root - INFO - Started Regular Expression mapping
[ 2026-05-26 20:43:14,671] 174 root - INFO - Data transformation complete
[ 2026-05-26 20:43:14,671] 49 root - INFO - Started Regular Expression mapping
[ 2026-05-26 20:43:14,671] 174 root - INFO - Data transformation complete
[ 2026-05-26 20:43:14,671] 49 root - INFO - Started Regular Expression mapping
[ 2026-05-26 20:43:14,672] 174 root - INFO - Data transformation complete
[ 2026-05-26 20:43:14,672] 49 root - INFO - Started Regular Expression mapping
[ 2026-05-26 20:43:14,672] 174 root - INFO - Data transformation complete
[ 2026-05-26 20:43:14,672] 49 root - INFO - Started Regular Expression mapping
[ 2026-05-26 20:43:14,672] 174 root - INFO - Data transformation complete
[ 2026-05-26 20:43:14,672] 49 root - INFO - Started Regular Expression mapping
[ 2026-05-26 20:43:14,672] 25 root - INFO - Match heuristic business names to paybill payments
[ 2026-05-26 20:43:14,673] 174 root - INFO - Data transformation complete
[ 2026-05-26 20:43:14,673] 49 root - INFO - Started Regular Expression mapping
[ 2026-05-26 20:43:14,673] 25 root - INFO - Match heuristic business names to paybill payments
[ 2026-05-26 20:43:14,673] 174 root - INFO - Data transformation complete
[ 2026-05-26 20:43:14,673] 49 root - INFO - Started Regular Expression mapping
[ 2026-05-26 20:43:14,673] 174 root - INFO - Data transformation complete
[ 2026-05-26 20:43:14,674] 49 root - INFO - Started Regular Expression mapping
[ 2026-05-26 20:43:14,674] 174 root - INFO - Data transformation complete
[ 2026-05-26 20:43:14,674] 49 root - INFO - Started Regular Expression mapping
[ 2026-05-26 20:43:14,674] 174 root - INFO - Data transformation complete
[ 2026-05-26 20:43:14,674] 49 root - INFO - Started Regular Expression mapping
[ 2026-05-26 20:43:14,674] 174 root - INFO - Data transformation complete
[ 2026-05-26 20:43:14,674] 49 root - INFO - Started Regular Expression mapping
[ 2026-05-26 20:43:14,675] 174 root - INFO - Data transformation complete
[ 2026-05-26 20:43:14,675] 49 root - INFO - Started Regular Expression mapping
[ 2026-05-26 20:43:14,675] 25 root - INFO - Match heuristic business names to paybill payments
[ 2026-05-26 20:43:14,676] 174 root - INFO - Data transformation complete
[ 2026-05-26 20:43:14,676] 49 root - INFO - Started Regular Expression mapping
[ 2026-05-26 20:43:14,676] 174 root - INFO - Data transformation complete
[ 2026-05-26 20:43:14,676] 49 root - INFO - Started Regular Expression mapping
[ 2026-05-26 20:43:14,676] 174 root - INFO - Data transformation complete
[ 2026-05-26 20:43:14,676] 49 root - INFO - Started Regular Expression mapping
[ 2026-05-26 20:43:14,676] 174 root - INFO - Data transformation complete
[ 2026-05-26 20:43:14,676] 49 root - INFO - Started Regular Expression mapping
[ 2026-05-26 20:43:14,676] 174 root - INFO - Data transformation complete
[ 2026-05-26 20:43:14,677] 49 root - INFO - Started Regular Expression mapping
[ 2026-05-26 20:43:14,677] 174 root - INFO - Data transformation complete
[ 2026-05-26 20:43:14,677] 49 root - INFO - Started Regular Expression mapping
[ 2026-05-26 20:43:14,677] 174 root - INFO - Data transformation complete
[ 2026-05-26 20:43:14,677] 49 root - INFO - Started Regular Expression mapping
[ 2026-05-26 20:43:14,678] 174 root - INFO - Data transformation complete
[ 2026-05-26 20:43:14,678] 49 root - INFO - Started Regular Expression mapping
[ 2026-05-26 20:43:14,678] 174 root - INFO - Data transformation complete
[ 2026-05-26 20:43:14,678] 49 root - INFO - Started Regular Expression mapping
[ 2026-05-26 20:43:14,678] 25 root - INFO - Match heuristic business names to paybill payments
[ 2026-05-26 20:43:14,678] 174 root - INFO - Data transformation complete
[ 2026-05-26 20:43:14,679] 49 root - INFO - Started Regular Expression mapping
[ 2026-05-26 20:43:14,679] 25 root - INFO - Match heuristic business names to paybill payments
[ 2026-05-26 20:43:14,679] 174 root - INFO - Data transformation complete
[ 2026-05-26 20:43:14,679] 49 root - INFO - Started Regular Expression mapping
[ 2026-05-26 20:43:14,679] 174 root - INFO - Data transformation complete
[ 2026-05-26 20:43:14,679] 49 root - INFO - Started Regular Expression mapping
[ 2026-05-26 20:43:14,679] 174 root - INFO - Data transformation complete
[ 2026-05-26 20:43:14,680] 49 root - INFO - Started Regular Expression mapping
[ 2026-05-26 20:43:14,680] 174 root - INFO - Data transformation complete
[ 2026-05-26 20:43:14,680] 49 root - INFO - Started Regular Expression mapping
[ 2026-05-26 20:43:14,680] 174 root - INFO - Data transformation complete
[ 2026-05-26 20:43:14,680] 49 root - INFO - Started Regular Expression mapping
[ 2026-05-26 20:43:14,680] 174 root - INFO - Data transformation complete
[ 2026-05-26 20:43:14,681] 49 root - INFO - Started Regular Expression mapping
[ 2026-05-26 20:43:14,681] 174 root - INFO - Data transformation complete
[ 2026-05-26 20:43:14,681] 49 root - INFO - Started Regular Expression mapping
[ 2026-05-26 20:43:14,681] 174 root - INFO - Data transformation complete
[ 2026-05-26 20:43:14,681] 49 root - INFO - Started Regular Expression mapping
[ 2026-05-26 20:43:14,681] 174 root - INFO - Data transformation complete
[ 2026-05-26 20:43:14,681] 49 root - INFO - Started Regular Expression mapping
[ 2026-05-26 20:43:14,682] 25 root - INFO - Match heuristic business names to paybill payments
[ 2026-05-26 20:43:14,682] 174 root - INFO - Data transformation complete
[ 2026-05-26 20:43:14,682] 49 root - INFO - Started Regular Expression mapping
[ 2026-05-26 20:43:14,682] 174 root - INFO - Data transformation complete
[ 2026-05-26 20:43:14,682] 49 root - INFO - Started Regular Expression mapping
[ 2026-05-26 20:43:14,682] 174 root - INFO - Data transformation complete
[ 2026-05-26 20:43:14,683] 49 root - INFO - Started Regular Expression mapping
[ 2026-05-26 20:43:14,683] 25 root - INFO - Match heuristic business names to paybill payments
[ 2026-05-26 20:43:14,683] 174 root - INFO - Data transformation complete
[ 2026-05-26 20:43:14,683] 49 root - INFO - Started Regular Expression mapping
[ 2026-05-26 20:43:14,683] 25 root - INFO - Match heuristic business names to paybill payments
[ 2026-05-26 20:43:14,683] 174 root - INFO - Data transformation complete
[ 2026-05-26 20:43:14,683] 49 root - INFO - Started Regular Expression mapping
[ 2026-05-26 20:43:14,684] 25 root - INFO - Match heuristic business names to paybill payments
[ 2026-05-26 20:43:14,684] 174 root - INFO - Data transformation complete
[ 2026-05-26 20:43:14,684] 49 root - INFO - Started Regular Expression mapping
[ 2026-05-26 20:43:14,684] 174 root - INFO - Data transformation complete
[ 2026-05-26 20:43:14,684] 49 root - INFO - Started Regular Expression mapping
[ 2026-05-26 20:43:14,684] 174 root - INFO - Data transformation complete
[ 2026-05-26 20:43:14,684] 49 root - INFO - Started Regular Expression mapping
[ 2026-05-26 20:43:14,684] 174 root - INFO - Data transformation complete
[ 2026-05-26 20:43:14,684] 49 root - INFO - Started Regular Expression mapping
[ 2026-05-26 20:43:14,684] 174 root - INFO - Data transformation complete
[ 2026-05-26 20:43:14,685] 49 root - INFO - Started Regular Expression mapping
[ 2026-05-26 20:43:14,685] 174 root - INFO - Data transformation complete
[ 2026-05-26 20:43:14,685] 49 root - INFO - Started Regular Expression mapping
[ 2026-05-26 20:43:14,686] 174 root - INFO - Data transformation complete
[ 2026-05-26 20:43:14,686] 49 root - INFO - Started Regular Expression mapping
[ 2026-05-26 20:43:14,686] 174 root - INFO - Data transformation complete
[ 2026-05-26 20:43:14,686] 49 root - INFO - Started Regular Expression mapping
[ 2026-05-26 20:43:14,686] 25 root - INFO - Match heuristic business names to paybill payments
[ 2026-05-26 20:43:14,686] 174 root - INFO - Data transformation complete
[ 2026-05-26 20:43:14,686] 49 root - INFO - Started Regular Expression mapping
[ 2026-05-26 20:43:14,687] 174 root - INFO - Data transformation complete
[ 2026-05-26 20:43:14,687] 49 root - INFO - Started Regular Expression mapping
[ 2026-05-26 20:43:14,687] 174 root - INFO - Data transformation complete
[ 2026-05-26 20:43:14,687] 49 root - INFO - Started Regular Expression mapping
[ 2026-05-26 20:43:14,687] 174 root - INFO - Data transformation complete
[ 2026-05-26 20:43:14,687] 49 root - INFO - Started Regular Expression mapping
[ 2026-05-26 20:43:14,688] 174 root - INFO - Data transformation complete
[ 2026-05-26 20:43:14,688] 49 root - INFO - Started Regular Expression mapping
[ 2026-05-26 20:43:14,688] 174 root - INFO - Data transformation complete
[ 2026-05-26 20:43:14,688] 49 root - INFO - Started Regular Expression mapping
[ 2026-05-26 20:43:14,688] 174 root - INFO - Data transformation complete
[ 2026-05-26 20:43:14,688] 49 root - INFO - Started Regular Expression mapping
[ 2026-05-26 20:43:14,689] 25 root - INFO - Match heuristic business names to paybill payments
[ 2026-05-26 20:43:14,689] 174 root - INFO - Data transformation complete
[ 2026-05-26 20:43:14,689] 49 root - INFO - Started Regular Expression mapping
[ 2026-05-26 20:43:14,689] 174 root - INFO - Data transformation complete
[ 2026-05-26 20:43:14,689] 49 root - INFO - Started Regular Expression mapping
[ 2026-05-26 20:43:14,689] 174 root - INFO - Data transformation complete
[ 2026-05-26 20:43:14,689] 49 root - INFO - Started Regular Expression mapping
[ 2026-05-26 20:43:14,690] 25 root - INFO - Match heuristic business names to paybill payments
[ 2026-05-26 20:43:14,690] 174 root - INFO - Data transformation complete
[ 2026-05-26 20:43:14,690] 49 root - INFO - Started Regular Expression mapping
[ 2026-05-26 20:43:14,690] 174 root - INFO - Data transformation complete
[ 2026-05-26 20:43:14,690] 49 root - INFO - Started Regular Expression mapping
[ 2026-05-26 20:43:14,690] 174 root - INFO - Data transformation complete
[ 2026-05-26 20:43:14,691] 49 root - INFO - Started Regular Expression mapping
[ 2026-05-26 20:43:14,691] 174 root - INFO - Data transformation complete
[ 2026-05-26 20:43:14,691] 49 root - INFO - Started Regular Expression mapping
[ 2026-05-26 20:43:14,691] 174 root - INFO - Data transformation complete
[ 2026-05-26 20:43:14,691] 49 root - INFO - Started Regular Expression mapping
[ 2026-05-26 20:43:14,692] 25 root - INFO - Match heuristic business names to paybill payments
[ 2026-05-26 20:43:14,692] 174 root - INFO - Data transformation complete
[ 2026-05-26 20:43:14,692] 49 root - INFO - Started Regular Expression mapping
[ 2026-05-26 20:43:14,692] 174 root - INFO - Data transformation complete
[ 2026-05-26 20:43:14,693] 49 root - INFO - Started Regular Expression mapping
[ 2026-05-26 20:43:14,693] 174 root - INFO - Data transformation complete
[ 2026-05-26 20:43:14,693] 49 root - INFO - Started Regular Expression mapping
[ 2026-05-26 20:43:14,693] 174 root - INFO - Data transformation complete
[ 2026-05-26 20:43:14,693] 49 root - INFO - Started Regular Expression mapping
[ 2026-05-26 20:43:14,694] 174 root - INFO - Data transformation complete
[ 2026-05-26 20:43:14,694] 49 root - INFO - Started Regular Expression mapping
[ 2026-05-26 20:43:14,694] 174 root - INFO - Data transformation complete
[ 2026-05-26 20:43:14,694] 49 root - INFO - Started Regular Expression mapping
[ 2026-05-26 20:43:14,694] 174 root - INFO - Data transformation complete
[ 2026-05-26 20:43:14,694] 49 root - INFO - Started Regular Expression mapping
[ 2026-05-26 20:43:14,695] 174 root - INFO - Data transformation complete
[ 2026-05-26 20:43:14,695] 49 root - INFO - Started Regular Expression mapping
[ 2026-05-26 20:43:14,695] 174 root - INFO - Data transformation complete
[ 2026-05-26 20:43:14,696] 49 root - INFO - Started Regular Expression mapping
[ 2026-05-26 20:43:14,696] 174 root - INFO - Data transformation complete
[ 2026-05-26 20:43:14,696] 49 root - INFO - Started Regular Expression mapping
[ 2026-05-26 20:43:14,696] 174 root - INFO - Data transformation complete
[ 2026-05-26 20:43:14,696] 49 root - INFO - Started Regular Expression mapping
[ 2026-05-26 20:43:14,696] 25 root - INFO - Match heuristic business names to paybill payments
[ 2026-05-26 20:43:14,696] 174 root - INFO - Data transformation complete
[ 2026-05-26 20:43:14,696] 49 root - INFO - Started Regular Expression mapping
[ 2026-05-26 20:43:14,696] 25 root - INFO - Match heuristic business names to paybill payments
[ 2026-05-26 20:43:14,696] 174 root - INFO - Data transformation complete
[ 2026-05-26 20:43:14,696] 49 root - INFO - Started Regular Expression mapping
[ 2026-05-26 20:43:14,697] 174 root - INFO - Data transformation complete
[ 2026-05-26 20:43:14,697] 49 root - INFO - Started Regular Expression mapping
[ 2026-05-26 20:43:14,697] 174 root - INFO - Data transformation complete
[ 2026-05-26 20:43:14,697] 49 root - INFO - Started Regular Expression mapping
[ 2026-05-26 20:43:14,698] 174 root - INFO - Data transformation complete
[ 2026-05-26 20:43:14,698] 49 root - INFO - Started Regular Expression mapping
[ 2026-05-26 20:43:14,698] 174 root - INFO - Data transformation complete
[ 2026-05-26 20:43:14,698] 49 root - INFO - Started Regular Expression mapping
[ 2026-05-26 20:43:14,698] 174 root - INFO - Data transformation complete
[ 2026-05-26 20:43:14,698] 49 root - INFO - Started Regular Expression mapping
[ 2026-05-26 20:43:14,698] 174 root - INFO - Data transformation complete
[ 2026-05-26 20:43:14,699] 49 root - INFO - Started Regular Expression mapping
[ 2026-05-26 20:43:14,699] 174 root - INFO - Data transformation complete
[ 2026-05-26 20:43:14,699] 49 root - INFO - Started Regular Expression mapping
[ 2026-05-26 20:43:14,699] 174 root - INFO - Data transformation complete
[ 2026-05-26 20:43:14,699] 49 root - INFO - Started Regular Expression mapping
[ 2026-05-26 20:43:14,699] 174 root - INFO - Data transformation complete
[ 2026-05-26 20:43:14,699] 49 root - INFO - Started Regular Expression mapping
[ 2026-05-26 20:43:14,700] 174 root - INFO - Data transformation complete
[ 2026-05-26 20:43:14,700] 49 root - INFO - Started Regular Expression mapping
[ 2026-05-26 20:43:14,700] 174 root - INFO - Data transformation complete
[ 2026-05-26 20:43:14,700] 49 root - INFO - Started Regular Expression mapping
[ 2026-05-26 20:43:14,700] 174 root - INFO - Data transformation complete
[ 2026-05-26 20:43:14,700] 49 root - INFO - Started Regular Expression mapping
[ 2026-05-26 20:43:14,701] 174 root - INFO - Data transformation complete
[ 2026-05-26 20:43:14,701] 49 root - INFO - Started Regular Expression mapping
[ 2026-05-26 20:43:14,701] 174 root - INFO - Data transformation complete
[ 2026-05-26 20:43:14,701] 49 root - INFO - Started Regular Expression mapping
[ 2026-05-26 20:43:14,701] 174 root - INFO - Data transformation complete
[ 2026-05-26 20:43:14,701] 49 root - INFO - Started Regular Expression mapping
[ 2026-05-26 20:43:14,702] 174 root - INFO - Data transformation complete
[ 2026-05-26 20:43:14,702] 49 root - INFO - Started Regular Expression mapping
[ 2026-05-26 20:43:14,702] 25 root - INFO - Match heuristic business names to paybill payments
[ 2026-05-26 20:43:14,702] 174 root - INFO - Data transformation complete
[ 2026-05-26 20:43:14,702] 49 root - INFO - Started Regular Expression mapping
[ 2026-05-26 20:43:14,702] 25 root - INFO - Match heuristic business names to paybill payments
[ 2026-05-26 20:43:14,702] 174 root - INFO - Data transformation complete
[ 2026-05-26 20:43:14,703] 49 root - INFO - Started Regular Expression mapping
[ 2026-05-26 20:43:14,703] 174 root - INFO - Data transformation complete
[ 2026-05-26 20:43:14,703] 49 root - INFO - Started Regular Expression mapping
[ 2026-05-26 20:43:14,703] 25 root - INFO - Match heuristic business names to paybill payments
[ 2026-05-26 20:43:14,703] 174 root - INFO - Data transformation complete
[ 2026-05-26 20:43:14,703] 49 root - INFO - Started Regular Expression mapping
[ 2026-05-26 20:43:14,703] 25 root - INFO - Match heuristic business names to paybill payments
[ 2026-05-26 20:43:14,704] 174 root - INFO - Data transformation complete
[ 2026-05-26 20:43:14,704] 49 root - INFO - Started Regular Expression mapping
[ 2026-05-26 20:43:14,704] 25 root - INFO - Match heuristic business names to paybill payments
[ 2026-05-26 20:43:14,704] 174 root - INFO - Data transformation complete
[ 2026-05-26 20:43:14,704] 49 root - INFO - Started Regular Expression mapping
[ 2026-05-26 20:43:14,704] 174 root - INFO - Data transformation complete
[ 2026-05-26 20:43:14,704] 49 root - INFO - Started Regular Expression mapping
[ 2026-05-26 20:43:14,704] 174 root - INFO - Data transformation complete
[ 2026-05-26 20:43:14,704] 49 root - INFO - Started Regular Expression mapping
[ 2026-05-26 20:43:14,704] 174 root - INFO - Data transformation complete
[ 2026-05-26 20:43:14,704] 49 root - INFO - Started Regular Expression mapping
[ 2026-05-26 20:43:14,705] 174 root - INFO - Data transformation complete
[ 2026-05-26 20:43:14,706] 49 root - INFO - Started Regular Expression mapping
[ 2026-05-26 20:43:14,706] 25 root - INFO - Match heuristic business names to paybill payments
[ 2026-05-26 20:43:14,706] 174 root - INFO - Data transformation complete
[ 2026-05-26 20:43:14,706] 49 root - INFO - Started Regular Expression mapping
[ 2026-05-26 20:43:14,707] 174 root - INFO - Data transformation complete
[ 2026-05-26 20:43:14,707] 49 root - INFO - Started Regular Expression mapping
[ 2026-05-26 20:43:14,707] 174 root - INFO - Data transformation complete
[ 2026-05-26 20:43:14,707] 49 root - INFO - Started Regular Expression mapping
[ 2026-05-26 20:43:14,707] 25 root - INFO - Match heuristic business names to paybill payments
[ 2026-05-26 20:43:14,707] 174 root - INFO - Data transformation complete
[ 2026-05-26 20:43:14,707] 49 root - INFO - Started Regular Expression mapping
[ 2026-05-26 20:43:14,708] 174 root - INFO - Data transformation complete
[ 2026-05-26 20:43:14,708] 49 root - INFO - Started Regular Expression mapping
[ 2026-05-26 20:43:14,708] 25 root - INFO - Match heuristic business names to paybill payments
[ 2026-05-26 20:43:14,708] 174 root - INFO - Data transformation complete
[ 2026-05-26 20:43:14,708] 49 root - INFO - Started Regular Expression mapping
[ 2026-05-26 20:43:14,709] 174 root - INFO - Data transformation complete
[ 2026-05-26 20:43:14,709] 49 root - INFO - Started Regular Expression mapping
[ 2026-05-26 20:43:14,709] 174 root - INFO - Data transformation complete
[ 2026-05-26 20:43:14,709] 49 root - INFO - Started Regular Expression mapping
[ 2026-05-26 20:43:14,709] 174 root - INFO - Data transformation complete
[ 2026-05-26 20:43:14,709] 49 root - INFO - Started Regular Expression mapping
[ 2026-05-26 20:43:14,710] 174 root - INFO - Data transformation complete
[ 2026-05-26 20:43:14,710] 49 root - INFO - Started Regular Expression mapping
[ 2026-05-26 20:43:14,710] 174 root - INFO - Data transformation complete
[ 2026-05-26 20:43:14,710] 49 root - INFO - Started Regular Expression mapping
[ 2026-05-26 20:43:14,710] 174 root - INFO - Data transformation complete
[ 2026-05-26 20:43:14,710] 49 root - INFO - Started Regular Expression mapping
[ 2026-05-26 20:43:14,710] 25 root - INFO - Match heuristic business names to paybill payments
[ 2026-05-26 20:43:14,711] 174 root - INFO - Data transformation complete
[ 2026-05-26 20:43:14,711] 49 root - INFO - Started Regular Expression mapping
[ 2026-05-26 20:43:14,711] 174 root - INFO - Data transformation complete
[ 2026-05-26 20:43:14,711] 49 root - INFO - Started Regular Expression mapping
[ 2026-05-26 20:43:14,711] 174 root - INFO - Data transformation complete
[ 2026-05-26 20:43:14,711] 49 root - INFO - Started Regular Expression mapping
[ 2026-05-26 20:43:14,712] 174 root - INFO - Data transformation complete
[ 2026-05-26 20:43:14,712] 49 root - INFO - Started Regular Expression mapping
[ 2026-05-26 20:43:14,712] 174 root - INFO - Data transformation complete
[ 2026-05-26 20:43:14,712] 49 root - INFO - Started Regular Expression mapping
[ 2026-05-26 20:43:14,712] 174 root - INFO - Data transformation complete
[ 2026-05-26 20:43:14,712] 49 root - INFO - Started Regular Expression mapping
[ 2026-05-26 20:43:14,712] 174 root - INFO - Data transformation complete
[ 2026-05-26 20:43:14,713] 49 root - INFO - Started Regular Expression mapping
[ 2026-05-26 20:43:14,713] 25 root - INFO - Match heuristic business names to paybill payments
[ 2026-05-26 20:43:14,713] 174 root - INFO - Data transformation complete
[ 2026-05-26 20:43:14,713] 49 root - INFO - Started Regular Expression mapping
[ 2026-05-26 20:43:14,713] 25 root - INFO - Match heuristic business names to paybill payments
[ 2026-05-26 20:43:14,713] 174 root - INFO - Data transformation complete
[ 2026-05-26 20:43:14,713] 49 root - INFO - Started Regular Expression mapping
[ 2026-05-26 20:43:14,714] 174 root - INFO - Data transformation complete
[ 2026-05-26 20:43:14,714] 49 root - INFO - Started Regular Expression mapping
[ 2026-05-26 20:43:14,714] 174 root - INFO - Data transformation complete
[ 2026-05-26 20:43:14,714] 49 root - INFO - Started Regular Expression mapping
[ 2026-05-26 20:43:14,714] 25 root - INFO - Match heuristic business names to paybill payments
[ 2026-05-26 20:43:14,714] 174 root - INFO - Data transformation complete
[ 2026-05-26 20:43:14,714] 49 root - INFO - Started Regular Expression mapping
[ 2026-05-26 20:43:14,715] 174 root - INFO - Data transformation complete
[ 2026-05-26 20:43:14,715] 49 root - INFO - Started Regular Expression mapping
[ 2026-05-26 20:43:14,715] 174 root - INFO - Data transformation complete
[ 2026-05-26 20:43:14,716] 49 root - INFO - Started Regular Expression mapping
[ 2026-05-26 20:43:14,716] 25 root - INFO - Match heuristic business names to paybill payments
[ 2026-05-26 20:43:14,716] 174 root - INFO - Data transformation complete
[ 2026-05-26 20:43:14,716] 49 root - INFO - Started Regular Expression mapping
[ 2026-05-26 20:43:14,716] 25 root - INFO - Match heuristic business names to paybill payments
[ 2026-05-26 20:43:14,716] 174 root - INFO - Data transformation complete
[ 2026-05-26 20:43:14,716] 49 root - INFO - Started Regular Expression mapping
[ 2026-05-26 20:43:14,716] 174 root - INFO - Data transformation complete
[ 2026-05-26 20:43:14,717] 49 root - INFO - Started Regular Expression mapping
[ 2026-05-26 20:43:14,718] 174 root - INFO - Data transformation complete
[ 2026-05-26 20:43:14,718] 49 root - INFO - Started Regular Expression mapping
[ 2026-05-26 20:43:14,718] 174 root - INFO - Data transformation complete
[ 2026-05-26 20:43:14,718] 49 root - INFO - Started Regular Expression mapping
[ 2026-05-26 20:43:14,719] 174 root - INFO - Data transformation complete
[ 2026-05-26 20:43:14,719] 49 root - INFO - Started Regular Expression mapping
[ 2026-05-26 20:43:14,719] 174 root - INFO - Data transformation complete
[ 2026-05-26 20:43:14,719] 49 root - INFO - Started Regular Expression mapping
[ 2026-05-26 20:43:14,719] 174 root - INFO - Data transformation complete
[ 2026-05-26 20:43:14,719] 49 root - INFO - Started Regular Expression mapping
[ 2026-05-26 20:43:14,720] 174 root - INFO - Data transformation complete
[ 2026-05-26 20:43:14,720] 49 root - INFO - Started Regular Expression mapping
[ 2026-05-26 20:43:14,720] 174 root - INFO - Data transformation complete
[ 2026-05-26 20:43:14,720] 49 root - INFO - Started Regular Expression mapping
[ 2026-05-26 20:43:14,720] 174 root - INFO - Data transformation complete
[ 2026-05-26 20:43:14,720] 49 root - INFO - Started Regular Expression mapping
[ 2026-05-26 20:43:14,720] 174 root - INFO - Data transformation complete
[ 2026-05-26 20:43:14,721] 49 root - INFO - Started Regular Expression mapping
[ 2026-05-26 20:43:14,721] 25 root - INFO - Match heuristic business names to paybill payments
[ 2026-05-26 20:43:14,721] 174 root - INFO - Data transformation complete
[ 2026-05-26 20:43:14,722] 49 root - INFO - Started Regular Expression mapping
[ 2026-05-26 20:43:14,722] 25 root - INFO - Match heuristic business names to paybill payments
[ 2026-05-26 20:43:14,722] 174 root - INFO - Data transformation complete
[ 2026-05-26 20:43:14,722] 49 root - INFO - Started Regular Expression mapping
[ 2026-05-26 20:43:14,723] 174 root - INFO - Data transformation complete
[ 2026-05-26 20:43:14,723] 49 root - INFO - Started Regular Expression mapping
[ 2026-05-26 20:43:14,723] 174 root - INFO - Data transformation complete
[ 2026-05-26 20:43:14,723] 49 root - INFO - Started Regular Expression mapping
[ 2026-05-26 20:43:14,723] 174 root - INFO - Data transformation complete
[ 2026-05-26 20:43:14,724] 49 root - INFO - Started Regular Expression mapping
[ 2026-05-26 20:43:14,724] 174 root - INFO - Data transformation complete
[ 2026-05-26 20:43:14,724] 49 root - INFO - Started Regular Expression mapping
[ 2026-05-26 20:43:14,724] 174 root - INFO - Data transformation complete
[ 2026-05-26 20:43:14,724] 49 root - INFO - Started Regular Expression mapping
[ 2026-05-26 20:43:14,724] 174 root - INFO - Data transformation complete
[ 2026-05-26 20:43:14,724] 49 root - INFO - Started Regular Expression mapping
[ 2026-05-26 20:43:14,724] 174 root - INFO - Data transformation complete
[ 2026-05-26 20:43:14,724] 49 root - INFO - Started Regular Expression mapping
[ 2026-05-26 20:43:14,724] 174 root - INFO - Data transformation complete
[ 2026-05-26 20:43:14,724] 49 root - INFO - Started Regular Expression mapping
[ 2026-05-26 20:43:14,725] 25 root - INFO - Match heuristic business names to paybill payments
[ 2026-05-26 20:43:14,725] 174 root - INFO - Data transformation complete
[ 2026-05-26 20:43:14,725] 49 root - INFO - Started Regular Expression mapping
[ 2026-05-26 20:43:14,726] 25 root - INFO - Match heuristic business names to paybill payments
[ 2026-05-26 20:43:14,726] 174 root - INFO - Data transformation complete
[ 2026-05-26 20:43:14,726] 49 root - INFO - Started Regular Expression mapping
[ 2026-05-26 20:43:14,726] 174 root - INFO - Data transformation complete
[ 2026-05-26 20:43:14,726] 49 root - INFO - Started Regular Expression mapping
[ 2026-05-26 20:43:14,726] 174 root - INFO - Data transformation complete
[ 2026-05-26 20:43:14,726] 49 root - INFO - Started Regular Expression mapping
[ 2026-05-26 20:43:14,727] 174 root - INFO - Data transformation complete
[ 2026-05-26 20:43:14,727] 49 root - INFO - Started Regular Expression mapping
[ 2026-05-26 20:43:14,727] 174 root - INFO - Data transformation complete
[ 2026-05-26 20:43:14,727] 49 root - INFO - Started Regular Expression mapping
[ 2026-05-26 20:43:14,727] 174 root - INFO - Data transformation complete
[ 2026-05-26 20:43:14,727] 49 root - INFO - Started Regular Expression mapping
[ 2026-05-26 20:43:14,727] 25 root - INFO - Match heuristic business names to paybill payments
[ 2026-05-26 20:43:14,728] 174 root - INFO - Data transformation complete
[ 2026-05-26 20:43:14,728] 49 root - INFO - Started Regular Expression mapping
[ 2026-05-26 20:43:14,728] 174 root - INFO - Data transformation complete
[ 2026-05-26 20:43:14,728] 49 root - INFO - Started Regular Expression mapping
[ 2026-05-26 20:43:14,728] 174 root - INFO - Data transformation complete
[ 2026-05-26 20:43:14,728] 49 root - INFO - Started Regular Expression mapping
[ 2026-05-26 20:43:14,729] 25 root - INFO - Match heuristic business names to paybill payments
[ 2026-05-26 20:43:14,729] 174 root - INFO - Data transformation complete
[ 2026-05-26 20:43:14,729] 49 root - INFO - Started Regular Expression mapping
[ 2026-05-26 20:43:14,729] 25 root - INFO - Match heuristic business names to paybill payments
[ 2026-05-26 20:43:14,729] 174 root - INFO - Data transformation complete
[ 2026-05-26 20:43:14,729] 49 root - INFO - Started Regular Expression mapping
[ 2026-05-26 20:43:14,729] 174 root - INFO - Data transformation complete
[ 2026-05-26 20:43:14,730] 49 root - INFO - Started Regular Expression mapping
[ 2026-05-26 20:43:14,730] 25 root - INFO - Match heuristic business names to paybill payments
[ 2026-05-26 20:43:14,730] 174 root - INFO - Data transformation complete
[ 2026-05-26 20:43:14,730] 49 root - INFO - Started Regular Expression mapping
[ 2026-05-26 20:43:14,730] 25 root - INFO - Match heuristic business names to paybill payments
[ 2026-05-26 20:43:14,730] 174 root - INFO - Data transformation complete
[ 2026-05-26 20:43:14,730] 49 root - INFO - Started Regular Expression mapping
[ 2026-05-26 20:43:14,731] 174 root - INFO - Data transformation complete
[ 2026-05-26 20:43:14,731] 49 root - INFO - Started Regular Expression mapping
[ 2026-05-26 20:43:14,731] 174 root - INFO - Data transformation complete
[ 2026-05-26 20:43:14,731] 49 root - INFO - Started Regular Expression mapping
[ 2026-05-26 20:43:14,731] 174 root - INFO - Data transformation complete
[ 2026-05-26 20:43:14,731] 49 root - INFO - Started Regular Expression mapping
[ 2026-05-26 20:43:14,732] 174 root - INFO - Data transformation complete
[ 2026-05-26 20:43:14,732] 49 root - INFO - Started Regular Expression mapping
[ 2026-05-26 20:43:14,732] 25 root - INFO - Match heuristic business names to paybill payments
[ 2026-05-26 20:43:14,732] 174 root - INFO - Data transformation complete
[ 2026-05-26 20:43:14,732] 49 root - INFO - Started Regular Expression mapping
[ 2026-05-26 20:43:14,732] 174 root - INFO - Data transformation complete
[ 2026-05-26 20:43:14,732] 49 root - INFO - Started Regular Expression mapping
[ 2026-05-26 20:43:14,733] 174 root - INFO - Data transformation complete
[ 2026-05-26 20:43:14,733] 49 root - INFO - Started Regular Expression mapping
[ 2026-05-26 20:43:14,733] 25 root - INFO - Match heuristic business names to paybill payments
[ 2026-05-26 20:43:14,733] 174 root - INFO - Data transformation complete
[ 2026-05-26 20:43:14,733] 49 root - INFO - Started Regular Expression mapping
[ 2026-05-26 20:43:14,733] 174 root - INFO - Data transformation complete
[ 2026-05-26 20:43:14,733] 49 root - INFO - Started Regular Expression mapping
[ 2026-05-26 20:43:14,734] 25 root - INFO - Match heuristic business names to paybill payments
[ 2026-05-26 20:43:14,734] 174 root - INFO - Data transformation complete
[ 2026-05-26 20:43:14,734] 49 root - INFO - Started Regular Expression mapping
[ 2026-05-26 20:43:14,734] 25 root - INFO - Match heuristic business names to paybill payments
[ 2026-05-26 20:43:14,734] 174 root - INFO - Data transformation complete
[ 2026-05-26 20:43:14,734] 49 root - INFO - Started Regular Expression mapping
[ 2026-05-26 20:43:14,734] 174 root - INFO - Data transformation complete
[ 2026-05-26 20:43:14,734] 49 root - INFO - Started Regular Expression mapping
[ 2026-05-26 20:43:14,734] 174 root - INFO - Data transformation complete
[ 2026-05-26 20:43:14,734] 49 root - INFO - Started Regular Expression mapping
[ 2026-05-26 20:43:14,735] 25 root - INFO - Match heuristic business names to paybill payments
[ 2026-05-26 20:43:14,735] 174 root - INFO - Data transformation complete
[ 2026-05-26 20:43:14,735] 49 root - INFO - Started Regular Expression mapping
[ 2026-05-26 20:43:14,735] 25 root - INFO - Match heuristic business names to paybill payments
[ 2026-05-26 20:43:14,736] 174 root - INFO - Data transformation complete
[ 2026-05-26 20:43:14,736] 49 root - INFO - Started Regular Expression mapping
[ 2026-05-26 20:43:14,737] 174 root - INFO - Data transformation complete
[ 2026-05-26 20:43:14,737] 49 root - INFO - Started Regular Expression mapping
[ 2026-05-26 20:43:14,737] 174 root - INFO - Data transformation complete
[ 2026-05-26 20:43:14,737] 49 root - INFO - Started Regular Expression mapping
[ 2026-05-26 20:43:14,737] 174 root - INFO - Data transformation complete
[ 2026-05-26 20:43:14,737] 49 root - INFO - Started Regular Expression mapping
[ 2026-05-26 20:43:14,738] 174 root - INFO - Data transformation complete
[ 2026-05-26 20:43:14,738] 49 root - INFO - Started Regular Expression mapping
[ 2026-05-26 20:43:14,738] 174 root - INFO - Data transformation complete
[ 2026-05-26 20:43:14,738] 49 root - INFO - Started Regular Expression mapping
[ 2026-05-26 20:43:14,738] 174 root - INFO - Data transformation complete
[ 2026-05-26 20:43:14,738] 49 root - INFO - Started Regular Expression mapping
[ 2026-05-26 20:43:14,738] 174 root - INFO - Data transformation complete
[ 2026-05-26 20:43:14,739] 49 root - INFO - Started Regular Expression mapping
[ 2026-05-26 20:43:14,739] 174 root - INFO - Data transformation complete
[ 2026-05-26 20:43:14,739] 49 root - INFO - Started Regular Expression mapping
[ 2026-05-26 20:43:14,739] 174 root - INFO - Data transformation complete
[ 2026-05-26 20:43:14,739] 49 root - INFO - Started Regular Expression mapping
[ 2026-05-26 20:43:14,739] 174 root - INFO - Data transformation complete
[ 2026-05-26 20:43:14,740] 49 root - INFO - Started Regular Expression mapping
[ 2026-05-26 20:43:14,740] 174 root - INFO - Data transformation complete
[ 2026-05-26 20:43:14,740] 49 root - INFO - Started Regular Expression mapping
[ 2026-05-26 20:43:14,740] 174 root - INFO - Data transformation complete
[ 2026-05-26 20:43:14,740] 49 root - INFO - Started Regular Expression mapping
[ 2026-05-26 20:43:14,740] 174 root - INFO - Data transformation complete
[ 2026-05-26 20:43:14,740] 49 root - INFO - Started Regular Expression mapping
[ 2026-05-26 20:43:14,741] 174 root - INFO - Data transformation complete
[ 2026-05-26 20:43:14,741] 49 root - INFO - Started Regular Expression mapping
[ 2026-05-26 20:43:14,741] 174 root - INFO - Data transformation complete
[ 2026-05-26 20:43:14,741] 49 root - INFO - Started Regular Expression mapping
[ 2026-05-26 20:43:14,741] 174 root - INFO - Data transformation complete
[ 2026-05-26 20:43:14,741] 49 root - INFO - Started Regular Expression mapping
[ 2026-05-26 20:43:14,742] 174 root - INFO - Data transformation complete
[ 2026-05-26 20:43:14,742] 49 root - INFO - Started Regular Expression mapping
[ 2026-05-26 20:43:14,742] 174 root - INFO - Data transformation complete
[ 2026-05-26 20:43:14,742] 49 root - INFO - Started Regular Expression mapping
[ 2026-05-26 20:43:14,742] 174 root - INFO - Data transformation complete
[ 2026-05-26 20:43:14,742] 49 root - INFO - Started Regular Expression mapping
[ 2026-05-26 20:43:14,743] 25 root - INFO - Match heuristic business names to paybill payments
[ 2026-05-26 20:43:14,743] 174 root - INFO - Data transformation complete
[ 2026-05-26 20:43:14,743] 49 root - INFO - Started Regular Expression mapping
[ 2026-05-26 20:43:14,743] 25 root - INFO - Match heuristic business names to paybill payments
[ 2026-05-26 20:43:14,743] 174 root - INFO - Data transformation complete
[ 2026-05-26 20:43:14,743] 49 root - INFO - Started Regular Expression mapping
[ 2026-05-26 20:43:14,743] 174 root - INFO - Data transformation complete
[ 2026-05-26 20:43:14,744] 49 root - INFO - Started Regular Expression mapping
[ 2026-05-26 20:43:14,744] 25 root - INFO - Match heuristic business names to paybill payments
[ 2026-05-26 20:43:14,744] 174 root - INFO - Data transformation complete
[ 2026-05-26 20:43:14,744] 49 root - INFO - Started Regular Expression mapping
[ 2026-05-26 20:43:14,744] 174 root - INFO - Data transformation complete
[ 2026-05-26 20:43:14,744] 49 root - INFO - Started Regular Expression mapping
[ 2026-05-26 20:43:14,744] 174 root - INFO - Data transformation complete
[ 2026-05-26 20:43:14,745] 49 root - INFO - Started Regular Expression mapping
[ 2026-05-26 20:43:14,745] 174 root - INFO - Data transformation complete
[ 2026-05-26 20:43:14,745] 49 root - INFO - Started Regular Expression mapping
[ 2026-05-26 20:43:14,746] 174 root - INFO - Data transformation complete
[ 2026-05-26 20:43:14,746] 49 root - INFO - Started Regular Expression mapping
[ 2026-05-26 20:43:14,746] 174 root - INFO - Data transformation complete
[ 2026-05-26 20:43:14,746] 49 root - INFO - Started Regular Expression mapping
[ 2026-05-26 20:43:14,746] 174 root - INFO - Data transformation complete
[ 2026-05-26 20:43:14,746] 49 root - INFO - Started Regular Expression mapping
[ 2026-05-26 20:43:14,746] 25 root - INFO - Match heuristic business names to paybill payments
[ 2026-05-26 20:43:14,747] 174 root - INFO - Data transformation complete
[ 2026-05-26 20:43:14,747] 49 root - INFO - Started Regular Expression mapping
[ 2026-05-26 20:43:14,747] 25 root - INFO - Match heuristic business names to paybill payments
[ 2026-05-26 20:43:14,747] 174 root - INFO - Data transformation complete
[ 2026-05-26 20:43:14,747] 49 root - INFO - Started Regular Expression mapping
[ 2026-05-26 20:43:14,747] 25 root - INFO - Match heuristic business names to paybill payments
[ 2026-05-26 20:43:14,747] 174 root - INFO - Data transformation complete
[ 2026-05-26 20:43:14,748] 49 root - INFO - Started Regular Expression mapping
[ 2026-05-26 20:43:14,748] 25 root - INFO - Match heuristic business names to paybill payments
[ 2026-05-26 20:43:14,748] 174 root - INFO - Data transformation complete
[ 2026-05-26 20:43:14,748] 49 root - INFO - Started Regular Expression mapping
[ 2026-05-26 20:43:14,748] 174 root - INFO - Data transformation complete
[ 2026-05-26 20:43:14,748] 49 root - INFO - Started Regular Expression mapping
[ 2026-05-26 20:43:14,749] 174 root - INFO - Data transformation complete
[ 2026-05-26 20:43:14,749] 49 root - INFO - Started Regular Expression mapping
[ 2026-05-26 20:43:14,749] 174 root - INFO - Data transformation complete
[ 2026-05-26 20:43:14,749] 49 root - INFO - Started Regular Expression mapping
[ 2026-05-26 20:43:14,749] 174 root - INFO - Data transformation complete
[ 2026-05-26 20:43:14,749] 49 root - INFO - Started Regular Expression mapping
[ 2026-05-26 20:43:14,749] 25 root - INFO - Match heuristic business names to paybill payments
[ 2026-05-26 20:43:14,750] 174 root - INFO - Data transformation complete
[ 2026-05-26 20:43:14,750] 49 root - INFO - Started Regular Expression mapping
[ 2026-05-26 20:43:14,750] 25 root - INFO - Match heuristic business names to paybill payments
[ 2026-05-26 20:43:14,750] 174 root - INFO - Data transformation complete
[ 2026-05-26 20:43:14,750] 49 root - INFO - Started Regular Expression mapping
[ 2026-05-26 20:43:14,750] 174 root - INFO - Data transformation complete
[ 2026-05-26 20:43:14,750] 49 root - INFO - Started Regular Expression mapping
[ 2026-05-26 20:43:14,751] 174 root - INFO - Data transformation complete
[ 2026-05-26 20:43:14,751] 49 root - INFO - Started Regular Expression mapping
[ 2026-05-26 20:43:14,751] 174 root - INFO - Data transformation complete
[ 2026-05-26 20:43:14,751] 49 root - INFO - Started Regular Expression mapping
[ 2026-05-26 20:43:14,751] 174 root - INFO - Data transformation complete
[ 2026-05-26 20:43:14,751] 49 root - INFO - Started Regular Expression mapping
[ 2026-05-26 20:43:14,752] 174 root - INFO - Data transformation complete
[ 2026-05-26 20:43:14,752] 49 root - INFO - Started Regular Expression mapping
[ 2026-05-26 20:43:14,752] 25 root - INFO - Match heuristic business names to paybill payments
[ 2026-05-26 20:43:14,752] 174 root - INFO - Data transformation complete
[ 2026-05-26 20:43:14,752] 49 root - INFO - Started Regular Expression mapping
[ 2026-05-26 20:43:14,752] 25 root - INFO - Match heuristic business names to paybill payments
[ 2026-05-26 20:43:14,752] 174 root - INFO - Data transformation complete
[ 2026-05-26 20:43:14,753] 49 root - INFO - Started Regular Expression mapping
[ 2026-05-26 20:43:14,753] 25 root - INFO - Match heuristic business names to paybill payments
[ 2026-05-26 20:43:14,753] 174 root - INFO - Data transformation complete
[ 2026-05-26 20:43:14,753] 49 root - INFO - Started Regular Expression mapping
[ 2026-05-26 20:43:14,753] 174 root - INFO - Data transformation complete
[ 2026-05-26 20:43:14,753] 49 root - INFO - Started Regular Expression mapping
[ 2026-05-26 20:43:14,754] 174 root - INFO - Data transformation complete
[ 2026-05-26 20:43:14,754] 49 root - INFO - Started Regular Expression mapping
[ 2026-05-26 20:43:14,754] 25 root - INFO - Match heuristic business names to paybill payments
[ 2026-05-26 20:43:14,754] 174 root - INFO - Data transformation complete
[ 2026-05-26 20:43:14,754] 49 root - INFO - Started Regular Expression mapping
[ 2026-05-26 20:43:14,754] 174 root - INFO - Data transformation complete
[ 2026-05-26 20:43:14,754] 49 root - INFO - Started Regular Expression mapping
[ 2026-05-26 20:43:14,754] 174 root - INFO - Data transformation complete
[ 2026-05-26 20:43:14,754] 49 root - INFO - Started Regular Expression mapping
[ 2026-05-26 20:43:14,754] 174 root - INFO - Data transformation complete
[ 2026-05-26 20:43:14,756] 49 root - INFO - Started Regular Expression mapping
[ 2026-05-26 20:43:14,756] 174 root - INFO - Data transformation complete
[ 2026-05-26 20:43:14,756] 49 root - INFO - Started Regular Expression mapping
[ 2026-05-26 20:43:14,756] 174 root - INFO - Data transformation complete
[ 2026-05-26 20:43:14,756] 49 root - INFO - Started Regular Expression mapping
[ 2026-05-26 20:43:14,756] 174 root - INFO - Data transformation complete
[ 2026-05-26 20:43:14,756] 49 root - INFO - Started Regular Expression mapping
[ 2026-05-26 20:43:14,756] 174 root - INFO - Data transformation complete
[ 2026-05-26 20:43:14,756] 49 root - INFO - Started Regular Expression mapping
[ 2026-05-26 20:43:14,756] 25 root - INFO - Match heuristic business names to paybill payments
[ 2026-05-26 20:43:14,756] 174 root - INFO - Data transformation complete
[ 2026-05-26 20:43:14,757] 49 root - INFO - Started Regular Expression mapping
[ 2026-05-26 20:43:14,757] 174 root - INFO - Data transformation complete
[ 2026-05-26 20:43:14,757] 49 root - INFO - Started Regular Expression mapping
[ 2026-05-26 20:43:14,757] 174 root - INFO - Data transformation complete
[ 2026-05-26 20:43:14,757] 49 root - INFO - Started Regular Expression mapping
[ 2026-05-26 20:43:14,758] 25 root - INFO - Match heuristic business names to paybill payments
[ 2026-05-26 20:43:14,758] 174 root - INFO - Data transformation complete
[ 2026-05-26 20:43:14,758] 49 root - INFO - Started Regular Expression mapping
[ 2026-05-26 20:43:14,758] 174 root - INFO - Data transformation complete
[ 2026-05-26 20:43:14,758] 49 root - INFO - Started Regular Expression mapping
[ 2026-05-26 20:43:14,758] 174 root - INFO - Data transformation complete
[ 2026-05-26 20:43:14,759] 49 root - INFO - Started Regular Expression mapping
[ 2026-05-26 20:43:14,759] 25 root - INFO - Match heuristic business names to paybill payments
[ 2026-05-26 20:43:14,759] 174 root - INFO - Data transformation complete
[ 2026-05-26 20:43:14,759] 49 root - INFO - Started Regular Expression mapping
[ 2026-05-26 20:43:14,759] 174 root - INFO - Data transformation complete
[ 2026-05-26 20:43:14,759] 49 root - INFO - Started Regular Expression mapping
[ 2026-05-26 20:43:14,759] 25 root - INFO - Match heuristic business names to paybill payments
[ 2026-05-26 20:43:14,760] 174 root - INFO - Data transformation complete
[ 2026-05-26 20:43:14,760] 49 root - INFO - Started Regular Expression mapping
[ 2026-05-26 20:43:14,760] 174 root - INFO - Data transformation complete
[ 2026-05-26 20:43:14,760] 49 root - INFO - Started Regular Expression mapping
[ 2026-05-26 20:43:14,760] 174 root - INFO - Data transformation complete
[ 2026-05-26 20:43:14,760] 49 root - INFO - Started Regular Expression mapping
[ 2026-05-26 20:43:14,761] 174 root - INFO - Data transformation complete
[ 2026-05-26 20:43:14,761] 49 root - INFO - Started Regular Expression mapping
[ 2026-05-26 20:43:14,761] 174 root - INFO - Data transformation complete
[ 2026-05-26 20:43:14,761] 49 root - INFO - Started Regular Expression mapping
[ 2026-05-26 20:43:14,761] 25 root - INFO - Match heuristic business names to paybill payments
[ 2026-05-26 20:43:14,761] 174 root - INFO - Data transformation complete
[ 2026-05-26 20:43:14,761] 49 root - INFO - Started Regular Expression mapping
[ 2026-05-26 20:43:14,762] 25 root - INFO - Match heuristic business names to paybill payments
[ 2026-05-26 20:43:14,762] 174 root - INFO - Data transformation complete
[ 2026-05-26 20:43:14,762] 49 root - INFO - Started Regular Expression mapping
[ 2026-05-26 20:43:14,762] 25 root - INFO - Match heuristic business names to paybill payments
[ 2026-05-26 20:43:14,762] 174 root - INFO - Data transformation complete
[ 2026-05-26 20:43:14,762] 49 root - INFO - Started Regular Expression mapping
[ 2026-05-26 20:43:14,762] 174 root - INFO - Data transformation complete
[ 2026-05-26 20:43:14,763] 49 root - INFO - Started Regular Expression mapping
[ 2026-05-26 20:43:14,763] 174 root - INFO - Data transformation complete
[ 2026-05-26 20:43:14,763] 49 root - INFO - Started Regular Expression mapping
[ 2026-05-26 20:43:14,763] 174 root - INFO - Data transformation complete
[ 2026-05-26 20:43:14,763] 49 root - INFO - Started Regular Expression mapping
[ 2026-05-26 20:43:14,763] 25 root - INFO - Match heuristic business names to paybill payments
[ 2026-05-26 20:43:14,764] 174 root - INFO - Data transformation complete
[ 2026-05-26 20:43:14,764] 49 root - INFO - Started Regular Expression mapping
[ 2026-05-26 20:43:14,764] 25 root - INFO - Match heuristic business names to paybill payments
[ 2026-05-26 20:43:14,764] 174 root - INFO - Data transformation complete
[ 2026-05-26 20:43:14,764] 49 root - INFO - Started Regular Expression mapping
[ 2026-05-26 20:43:14,764] 174 root - INFO - Data transformation complete
[ 2026-05-26 20:43:14,764] 49 root - INFO - Started Regular Expression mapping
[ 2026-05-26 20:43:14,764] 174 root - INFO - Data transformation complete
[ 2026-05-26 20:43:14,764] 49 root - INFO - Started Regular Expression mapping
[ 2026-05-26 20:43:14,764] 174 root - INFO - Data transformation complete
[ 2026-05-26 20:43:14,764] 49 root - INFO - Started Regular Expression mapping
[ 2026-05-26 20:43:14,765] 174 root - INFO - Data transformation complete
[ 2026-05-26 20:43:14,765] 49 root - INFO - Started Regular Expression mapping
[ 2026-05-26 20:43:14,765] 174 root - INFO - Data transformation complete
[ 2026-05-26 20:43:14,766] 49 root - INFO - Started Regular Expression mapping
[ 2026-05-26 20:43:14,766] 25 root - INFO - Match heuristic business names to paybill payments
[ 2026-05-26 20:43:14,766] 174 root - INFO - Data transformation complete
[ 2026-05-26 20:43:14,766] 49 root - INFO - Started Regular Expression mapping
[ 2026-05-26 20:43:14,766] 25 root - INFO - Match heuristic business names to paybill payments
[ 2026-05-26 20:43:14,766] 174 root - INFO - Data transformation complete
[ 2026-05-26 20:43:14,766] 49 root - INFO - Started Regular Expression mapping
[ 2026-05-26 20:43:14,767] 174 root - INFO - Data transformation complete
[ 2026-05-26 20:43:14,767] 49 root - INFO - Started Regular Expression mapping
[ 2026-05-26 20:43:14,767] 174 root - INFO - Data transformation complete
[ 2026-05-26 20:43:14,767] 49 root - INFO - Started Regular Expression mapping
[ 2026-05-26 20:43:14,767] 25 root - INFO - Match heuristic business names to paybill payments
[ 2026-05-26 20:43:14,767] 174 root - INFO - Data transformation complete
[ 2026-05-26 20:43:14,767] 49 root - INFO - Started Regular Expression mapping
[ 2026-05-26 20:43:14,768] 174 root - INFO - Data transformation complete
[ 2026-05-26 20:43:14,768] 49 root - INFO - Started Regular Expression mapping
[ 2026-05-26 20:43:14,768] 174 root - INFO - Data transformation complete
[ 2026-05-26 20:43:14,768] 49 root - INFO - Started Regular Expression mapping
[ 2026-05-26 20:43:14,769] 174 root - INFO - Data transformation complete
[ 2026-05-26 20:43:14,769] 49 root - INFO - Started Regular Expression mapping
[ 2026-05-26 20:43:14,769] 174 root - INFO - Data transformation complete
[ 2026-05-26 20:43:14,769] 49 root - INFO - Started Regular Expression mapping
[ 2026-05-26 20:43:14,770] 174 root - INFO - Data transformation complete
[ 2026-05-26 20:43:14,770] 49 root - INFO - Started Regular Expression mapping
[ 2026-05-26 20:43:14,770] 25 root - INFO - Match heuristic business names to paybill payments
[ 2026-05-26 20:43:14,770] 174 root - INFO - Data transformation complete
[ 2026-05-26 20:43:14,770] 49 root - INFO - Started Regular Expression mapping
[ 2026-05-26 20:43:14,770] 174 root - INFO - Data transformation complete
[ 2026-05-26 20:43:14,770] 49 root - INFO - Started Regular Expression mapping
[ 2026-05-26 20:43:14,771] 25 root - INFO - Match heuristic business names to paybill payments
[ 2026-05-26 20:43:14,771] 174 root - INFO - Data transformation complete
[ 2026-05-26 20:43:14,771] 49 root - INFO - Started Regular Expression mapping
[ 2026-05-26 20:43:14,771] 174 root - INFO - Data transformation complete
[ 2026-05-26 20:43:14,771] 49 root - INFO - Started Regular Expression mapping
[ 2026-05-26 20:43:14,771] 174 root - INFO - Data transformation complete
[ 2026-05-26 20:43:14,771] 49 root - INFO - Started Regular Expression mapping
[ 2026-05-26 20:43:14,772] 174 root - INFO - Data transformation complete
[ 2026-05-26 20:43:14,772] 49 root - INFO - Started Regular Expression mapping
[ 2026-05-26 20:43:14,772] 25 root - INFO - Match heuristic business names to paybill payments
[ 2026-05-26 20:43:14,772] 174 root - INFO - Data transformation complete
[ 2026-05-26 20:43:14,772] 49 root - INFO - Started Regular Expression mapping
[ 2026-05-26 20:43:14,772] 174 root - INFO - Data transformation complete
[ 2026-05-26 20:43:14,773] 49 root - INFO - Started Regular Expression mapping
[ 2026-05-26 20:43:14,773] 25 root - INFO - Match heuristic business names to paybill payments
[ 2026-05-26 20:43:14,773] 174 root - INFO - Data transformation complete
[ 2026-05-26 20:43:14,773] 49 root - INFO - Started Regular Expression mapping
[ 2026-05-26 20:43:14,773] 174 root - INFO - Data transformation complete
[ 2026-05-26 20:43:14,773] 49 root - INFO - Started Regular Expression mapping
[ 2026-05-26 20:43:14,773] 174 root - INFO - Data transformation complete
[ 2026-05-26 20:43:14,774] 49 root - INFO - Started Regular Expression mapping
[ 2026-05-26 20:43:14,774] 174 root - INFO - Data transformation complete
[ 2026-05-26 20:43:14,774] 49 root - INFO - Started Regular Expression mapping
[ 2026-05-26 20:43:14,774] 174 root - INFO - Data transformation complete
[ 2026-05-26 20:43:14,774] 49 root - INFO - Started Regular Expression mapping
[ 2026-05-26 20:43:14,774] 25 root - INFO - Match heuristic business names to paybill payments
[ 2026-05-26 20:43:14,775] 174 root - INFO - Data transformation complete
[ 2026-05-26 20:43:14,775] 49 root - INFO - Started Regular Expression mapping
[ 2026-05-26 20:43:14,775] 174 root - INFO - Data transformation complete
[ 2026-05-26 20:43:14,775] 49 root - INFO - Started Regular Expression mapping
[ 2026-05-26 20:43:14,776] 25 root - INFO - Match heuristic business names to paybill payments
[ 2026-05-26 20:43:14,776] 174 root - INFO - Data transformation complete
[ 2026-05-26 20:43:14,776] 49 root - INFO - Started Regular Expression mapping
[ 2026-05-26 20:43:14,776] 174 root - INFO - Data transformation complete
[ 2026-05-26 20:43:14,776] 49 root - INFO - Started Regular Expression mapping
[ 2026-05-26 20:43:14,776] 174 root - INFO - Data transformation complete
[ 2026-05-26 20:43:14,776] 49 root - INFO - Started Regular Expression mapping
[ 2026-05-26 20:43:14,776] 25 root - INFO - Match heuristic business names to paybill payments
[ 2026-05-26 20:43:14,776] 174 root - INFO - Data transformation complete
[ 2026-05-26 20:43:14,776] 49 root - INFO - Started Regular Expression mapping
[ 2026-05-26 20:43:14,777] 25 root - INFO - Match heuristic business names to paybill payments
[ 2026-05-26 20:43:14,777] 174 root - INFO - Data transformation complete
[ 2026-05-26 20:43:14,777] 49 root - INFO - Started Regular Expression mapping
[ 2026-05-26 20:43:14,778] 25 root - INFO - Match heuristic business names to paybill payments
[ 2026-05-26 20:43:14,778] 174 root - INFO - Data transformation complete
[ 2026-05-26 20:43:14,778] 49 root - INFO - Started Regular Expression mapping
[ 2026-05-26 20:43:14,778] 174 root - INFO - Data transformation complete
[ 2026-05-26 20:43:14,778] 49 root - INFO - Started Regular Expression mapping
[ 2026-05-26 20:43:14,778] 174 root - INFO - Data transformation complete
[ 2026-05-26 20:43:14,778] 49 root - INFO - Started Regular Expression mapping
[ 2026-05-26 20:43:14,779] 25 root - INFO - Match heuristic business names to paybill payments
[ 2026-05-26 20:43:14,779] 174 root - INFO - Data transformation complete
[ 2026-05-26 20:43:14,779] 49 root - INFO - Started Regular Expression mapping
[ 2026-05-26 20:43:14,779] 174 root - INFO - Data transformation complete
[ 2026-05-26 20:43:14,779] 49 root - INFO - Started Regular Expression mapping
[ 2026-05-26 20:43:14,779] 174 root - INFO - Data transformation complete
[ 2026-05-26 20:43:14,779] 49 root - INFO - Started Regular Expression mapping
[ 2026-05-26 20:43:14,780] 174 root - INFO - Data transformation complete
[ 2026-05-26 20:43:14,780] 49 root - INFO - Started Regular Expression mapping
[ 2026-05-26 20:43:14,780] 174 root - INFO - Data transformation complete
[ 2026-05-26 20:43:14,780] 49 root - INFO - Started Regular Expression mapping
[ 2026-05-26 20:43:14,780] 25 root - INFO - Match heuristic business names to paybill payments
[ 2026-05-26 20:43:14,780] 174 root - INFO - Data transformation complete
[ 2026-05-26 20:43:14,781] 49 root - INFO - Started Regular Expression mapping
[ 2026-05-26 20:43:14,781] 174 root - INFO - Data transformation complete
[ 2026-05-26 20:43:14,781] 49 root - INFO - Started Regular Expression mapping
[ 2026-05-26 20:43:14,781] 174 root - INFO - Data transformation complete
[ 2026-05-26 20:43:14,781] 49 root - INFO - Started Regular Expression mapping
[ 2026-05-26 20:43:14,781] 174 root - INFO - Data transformation complete
[ 2026-05-26 20:43:14,781] 49 root - INFO - Started Regular Expression mapping
[ 2026-05-26 20:43:14,782] 25 root - INFO - Match heuristic business names to paybill payments
[ 2026-05-26 20:43:14,782] 174 root - INFO - Data transformation complete
[ 2026-05-26 20:43:14,782] 49 root - INFO - Started Regular Expression mapping
[ 2026-05-26 20:43:14,782] 174 root - INFO - Data transformation complete
[ 2026-05-26 20:43:14,782] 49 root - INFO - Started Regular Expression mapping
[ 2026-05-26 20:43:14,782] 174 root - INFO - Data transformation complete
[ 2026-05-26 20:43:14,783] 49 root - INFO - Started Regular Expression mapping
[ 2026-05-26 20:43:14,783] 25 root - INFO - Match heuristic business names to paybill payments
[ 2026-05-26 20:43:14,783] 174 root - INFO - Data transformation complete
[ 2026-05-26 20:43:14,783] 49 root - INFO - Started Regular Expression mapping
[ 2026-05-26 20:43:14,783] 25 root - INFO - Match heuristic business names to paybill payments
[ 2026-05-26 20:43:14,783] 174 root - INFO - Data transformation complete
[ 2026-05-26 20:43:14,783] 49 root - INFO - Started Regular Expression mapping
[ 2026-05-26 20:43:14,784] 174 root - INFO - Data transformation complete
[ 2026-05-26 20:43:14,784] 49 root - INFO - Started Regular Expression mapping
[ 2026-05-26 20:43:14,784] 174 root - INFO - Data transformation complete
[ 2026-05-26 20:43:14,784] 49 root - INFO - Started Regular Expression mapping
[ 2026-05-26 20:43:14,784] 174 root - INFO - Data transformation complete
[ 2026-05-26 20:43:14,784] 49 root - INFO - Started Regular Expression mapping
[ 2026-05-26 20:43:14,784] 174 root - INFO - Data transformation complete
[ 2026-05-26 20:43:14,784] 49 root - INFO - Started Regular Expression mapping
[ 2026-05-26 20:43:14,785] 25 root - INFO - Match heuristic business names to paybill payments
[ 2026-05-26 20:43:14,785] 174 root - INFO - Data transformation complete
[ 2026-05-26 20:43:14,785] 49 root - INFO - Started Regular Expression mapping
[ 2026-05-26 20:43:14,785] 174 root - INFO - Data transformation complete
[ 2026-05-26 20:43:14,785] 49 root - INFO - Started Regular Expression mapping
[ 2026-05-26 20:43:14,785] 174 root - INFO - Data transformation complete
[ 2026-05-26 20:43:14,785] 49 root - INFO - Started Regular Expression mapping
[ 2026-05-26 20:43:14,786] 25 root - INFO - Match heuristic business names to paybill payments
[ 2026-05-26 20:43:14,786] 174 root - INFO - Data transformation complete
[ 2026-05-26 20:43:14,786] 49 root - INFO - Started Regular Expression mapping
[ 2026-05-26 20:43:14,787] 25 root - INFO - Match heuristic business names to paybill payments
[ 2026-05-26 20:43:14,787] 174 root - INFO - Data transformation complete
[ 2026-05-26 20:43:14,787] 49 root - INFO - Started Regular Expression mapping
[ 2026-05-26 20:43:14,787] 174 root - INFO - Data transformation complete
[ 2026-05-26 20:43:14,787] 49 root - INFO - Started Regular Expression mapping
[ 2026-05-26 20:43:14,787] 174 root - INFO - Data transformation complete
[ 2026-05-26 20:43:14,787] 49 root - INFO - Started Regular Expression mapping
[ 2026-05-26 20:43:14,788] 174 root - INFO - Data transformation complete
[ 2026-05-26 20:43:14,788] 49 root - INFO - Started Regular Expression mapping
[ 2026-05-26 20:43:14,788] 25 root - INFO - Match heuristic business names to paybill payments
[ 2026-05-26 20:43:14,788] 174 root - INFO - Data transformation complete
[ 2026-05-26 20:43:14,788] 49 root - INFO - Started Regular Expression mapping
[ 2026-05-26 20:43:14,788] 25 root - INFO - Match heuristic business names to paybill payments
[ 2026-05-26 20:43:14,788] 174 root - INFO - Data transformation complete
[ 2026-05-26 20:43:14,789] 49 root - INFO - Started Regular Expression mapping
[ 2026-05-26 20:43:14,789] 174 root - INFO - Data transformation complete
[ 2026-05-26 20:43:14,789] 49 root - INFO - Started Regular Expression mapping
[ 2026-05-26 20:43:14,789] 25 root - INFO - Match heuristic business names to paybill payments
[ 2026-05-26 20:43:14,789] 174 root - INFO - Data transformation complete
[ 2026-05-26 20:43:14,789] 49 root - INFO - Started Regular Expression mapping
[ 2026-05-26 20:43:14,789] 174 root - INFO - Data transformation complete
[ 2026-05-26 20:43:14,790] 49 root - INFO - Started Regular Expression mapping
[ 2026-05-26 20:43:14,790] 174 root - INFO - Data transformation complete
[ 2026-05-26 20:43:14,790] 49 root - INFO - Started Regular Expression mapping
[ 2026-05-26 20:43:14,790] 174 root - INFO - Data transformation complete
[ 2026-05-26 20:43:14,790] 49 root - INFO - Started Regular Expression mapping
[ 2026-05-26 20:43:14,790] 25 root - INFO - Match heuristic business names to paybill payments
[ 2026-05-26 20:43:14,791] 174 root - INFO - Data transformation complete
[ 2026-05-26 20:43:14,791] 49 root - INFO - Started Regular Expression mapping
[ 2026-05-26 20:43:14,791] 25 root - INFO - Match heuristic business names to paybill payments
[ 2026-05-26 20:43:14,791] 174 root - INFO - Data transformation complete
[ 2026-05-26 20:43:14,791] 49 root - INFO - Started Regular Expression mapping
[ 2026-05-26 20:43:14,791] 174 root - INFO - Data transformation complete
[ 2026-05-26 20:43:14,791] 49 root - INFO - Started Regular Expression mapping
[ 2026-05-26 20:43:14,792] 174 root - INFO - Data transformation complete
[ 2026-05-26 20:43:14,792] 49 root - INFO - Started Regular Expression mapping
[ 2026-05-26 20:43:14,792] 174 root - INFO - Data transformation complete
[ 2026-05-26 20:43:14,792] 49 root - INFO - Started Regular Expression mapping
[ 2026-05-26 20:43:14,792] 174 root - INFO - Data transformation complete
[ 2026-05-26 20:43:14,792] 49 root - INFO - Started Regular Expression mapping
[ 2026-05-26 20:43:14,793] 174 root - INFO - Data transformation complete
[ 2026-05-26 20:43:14,793] 49 root - INFO - Started Regular Expression mapping
[ 2026-05-26 20:43:14,793] 174 root - INFO - Data transformation complete
[ 2026-05-26 20:43:14,793] 49 root - INFO - Started Regular Expression mapping
[ 2026-05-26 20:43:14,793] 25 root - INFO - Match heuristic business names to paybill payments
[ 2026-05-26 20:43:14,793] 174 root - INFO - Data transformation complete
[ 2026-05-26 20:43:14,793] 49 root - INFO - Started Regular Expression mapping
[ 2026-05-26 20:43:14,794] 174 root - INFO - Data transformation complete
[ 2026-05-26 20:43:14,794] 49 root - INFO - Started Regular Expression mapping
[ 2026-05-26 20:43:14,794] 174 root - INFO - Data transformation complete
[ 2026-05-26 20:43:14,794] 49 root - INFO - Started Regular Expression mapping
[ 2026-05-26 20:43:14,794] 174 root - INFO - Data transformation complete
[ 2026-05-26 20:43:14,794] 49 root - INFO - Started Regular Expression mapping
[ 2026-05-26 20:43:14,794] 174 root - INFO - Data transformation complete
[ 2026-05-26 20:43:14,794] 49 root - INFO - Started Regular Expression mapping
[ 2026-05-26 20:43:14,794] 25 root - INFO - Match heuristic business names to paybill payments
[ 2026-05-26 20:43:14,794] 174 root - INFO - Data transformation complete
[ 2026-05-26 20:43:14,794] 49 root - INFO - Started Regular Expression mapping
[ 2026-05-26 20:43:14,795] 174 root - INFO - Data transformation complete
[ 2026-05-26 20:43:14,795] 49 root - INFO - Started Regular Expression mapping
[ 2026-05-26 20:43:14,795] 174 root - INFO - Data transformation complete
[ 2026-05-26 20:43:14,795] 49 root - INFO - Started Regular Expression mapping
[ 2026-05-26 20:43:14,796] 174 root - INFO - Data transformation complete
[ 2026-05-26 20:43:14,796] 49 root - INFO - Started Regular Expression mapping
[ 2026-05-26 20:43:14,796] 174 root - INFO - Data transformation complete
[ 2026-05-26 20:43:14,796] 49 root - INFO - Started Regular Expression mapping
[ 2026-05-26 20:43:14,796] 174 root - INFO - Data transformation complete
[ 2026-05-26 20:43:14,796] 49 root - INFO - Started Regular Expression mapping
[ 2026-05-26 20:43:14,796] 174 root - INFO - Data transformation complete
[ 2026-05-26 20:43:14,797] 49 root - INFO - Started Regular Expression mapping
[ 2026-05-26 20:43:14,797] 174 root - INFO - Data transformation complete
[ 2026-05-26 20:43:14,797] 49 root - INFO - Started Regular Expression mapping
[ 2026-05-26 20:43:14,797] 25 root - INFO - Match heuristic business names to paybill payments
[ 2026-05-26 20:43:14,797] 174 root - INFO - Data transformation complete
[ 2026-05-26 20:43:14,798] 49 root - INFO - Started Regular Expression mapping
[ 2026-05-26 20:43:14,798] 174 root - INFO - Data transformation complete
[ 2026-05-26 20:43:14,798] 49 root - INFO - Started Regular Expression mapping
[ 2026-05-26 20:43:14,798] 174 root - INFO - Data transformation complete
[ 2026-05-26 20:43:14,798] 49 root - INFO - Started Regular Expression mapping
[ 2026-05-26 20:43:14,798] 174 root - INFO - Data transformation complete
[ 2026-05-26 20:43:14,799] 49 root - INFO - Started Regular Expression mapping
[ 2026-05-26 20:43:14,799] 174 root - INFO - Data transformation complete
[ 2026-05-26 20:43:14,799] 49 root - INFO - Started Regular Expression mapping
[ 2026-05-26 20:43:14,799] 25 root - INFO - Match heuristic business names to paybill payments
[ 2026-05-26 20:43:14,800] 174 root - INFO - Data transformation complete
[ 2026-05-26 20:43:14,800] 49 root - INFO - Started Regular Expression mapping
[ 2026-05-26 20:43:14,800] 174 root - INFO - Data transformation complete
[ 2026-05-26 20:43:14,800] 49 root - INFO - Started Regular Expression mapping
[ 2026-05-26 20:43:14,800] 174 root - INFO - Data transformation complete
[ 2026-05-26 20:43:14,801] 49 root - INFO - Started Regular Expression mapping
[ 2026-05-26 20:43:14,801] 174 root - INFO - Data transformation complete
[ 2026-05-26 20:43:14,801] 49 root - INFO - Started Regular Expression mapping
[ 2026-05-26 20:43:14,801] 25 root - INFO - Match heuristic business names to paybill payments
[ 2026-05-26 20:43:14,801] 174 root - INFO - Data transformation complete
[ 2026-05-26 20:43:14,801] 49 root - INFO - Started Regular Expression mapping
[ 2026-05-26 20:43:14,801] 25 root - INFO - Match heuristic business names to paybill payments
[ 2026-05-26 20:43:14,802] 174 root - INFO - Data transformation complete
[ 2026-05-26 20:43:14,802] 49 root - INFO - Started Regular Expression mapping
[ 2026-05-26 20:43:14,802] 174 root - INFO - Data transformation complete
[ 2026-05-26 20:43:14,802] 49 root - INFO - Started Regular Expression mapping
[ 2026-05-26 20:43:14,802] 25 root - INFO - Match heuristic business names to paybill payments
[ 2026-05-26 20:43:14,802] 174 root - INFO - Data transformation complete
[ 2026-05-26 20:43:14,802] 49 root - INFO - Started Regular Expression mapping
[ 2026-05-26 20:43:14,803] 174 root - INFO - Data transformation complete
[ 2026-05-26 20:43:14,803] 49 root - INFO - Started Regular Expression mapping
[ 2026-05-26 20:43:14,803] 174 root - INFO - Data transformation complete
[ 2026-05-26 20:43:14,803] 49 root - INFO - Started Regular Expression mapping
[ 2026-05-26 20:43:14,803] 174 root - INFO - Data transformation complete
[ 2026-05-26 20:43:14,803] 49 root - INFO - Started Regular Expression mapping
[ 2026-05-26 20:43:14,804] 174 root - INFO - Data transformation complete
[ 2026-05-26 20:43:14,804] 49 root - INFO - Started Regular Expression mapping
[ 2026-05-26 20:43:14,804] 174 root - INFO - Data transformation complete
[ 2026-05-26 20:43:14,804] 49 root - INFO - Started Regular Expression mapping
[ 2026-05-26 20:43:14,804] 174 root - INFO - Data transformation complete
[ 2026-05-26 20:43:14,804] 49 root - INFO - Started Regular Expression mapping
[ 2026-05-26 20:43:14,804] 174 root - INFO - Data transformation complete
[ 2026-05-26 20:43:14,804] 49 root - INFO - Started Regular Expression mapping
[ 2026-05-26 20:43:14,804] 174 root - INFO - Data transformation complete
[ 2026-05-26 20:43:14,804] 49 root - INFO - Started Regular Expression mapping
[ 2026-05-26 20:43:14,805] 174 root - INFO - Data transformation complete
[ 2026-05-26 20:43:14,805] 49 root - INFO - Started Regular Expression mapping
[ 2026-05-26 20:43:14,805] 174 root - INFO - Data transformation complete
[ 2026-05-26 20:43:14,806] 49 root - INFO - Started Regular Expression mapping
[ 2026-05-26 20:43:14,806] 174 root - INFO - Data transformation complete
[ 2026-05-26 20:43:14,806] 49 root - INFO - Started Regular Expression mapping
[ 2026-05-26 20:43:14,806] 25 root - INFO - Match heuristic business names to paybill payments
[ 2026-05-26 20:43:14,806] 174 root - INFO - Data transformation complete
[ 2026-05-26 20:43:14,806] 49 root - INFO - Started Regular Expression mapping
[ 2026-05-26 20:43:14,807] 174 root - INFO - Data transformation complete
[ 2026-05-26 20:43:14,807] 49 root - INFO - Started Regular Expression mapping
[ 2026-05-26 20:43:14,807] 174 root - INFO - Data transformation complete
[ 2026-05-26 20:43:14,807] 49 root - INFO - Started Regular Expression mapping
[ 2026-05-26 20:43:14,807] 174 root - INFO - Data transformation complete
[ 2026-05-26 20:43:14,807] 49 root - INFO - Started Regular Expression mapping
[ 2026-05-26 20:43:14,808] 174 root - INFO - Data transformation complete
[ 2026-05-26 20:43:14,808] 49 root - INFO - Started Regular Expression mapping
[ 2026-05-26 20:43:14,808] 174 root - INFO - Data transformation complete
[ 2026-05-26 20:43:14,808] 49 root - INFO - Started Regular Expression mapping
[ 2026-05-26 20:43:14,808] 174 root - INFO - Data transformation complete
[ 2026-05-26 20:43:14,808] 49 root - INFO - Started Regular Expression mapping
[ 2026-05-26 20:43:14,809] 174 root - INFO - Data transformation complete
[ 2026-05-26 20:43:14,809] 49 root - INFO - Started Regular Expression mapping
[ 2026-05-26 20:43:14,809] 25 root - INFO - Match heuristic business names to paybill payments
[ 2026-05-26 20:43:14,809] 174 root - INFO - Data transformation complete
[ 2026-05-26 20:43:14,809] 49 root - INFO - Started Regular Expression mapping
[ 2026-05-26 20:43:14,809] 174 root - INFO - Data transformation complete
[ 2026-05-26 20:43:14,809] 49 root - INFO - Started Regular Expression mapping
[ 2026-05-26 20:43:14,810] 174 root - INFO - Data transformation complete
[ 2026-05-26 20:43:14,810] 49 root - INFO - Started Regular Expression mapping
[ 2026-05-26 20:43:14,810] 174 root - INFO - Data transformation complete
[ 2026-05-26 20:43:14,810] 49 root - INFO - Started Regular Expression mapping
[ 2026-05-26 20:43:14,810] 174 root - INFO - Data transformation complete
[ 2026-05-26 20:43:14,810] 49 root - INFO - Started Regular Expression mapping
[ 2026-05-26 20:43:14,811] 174 root - INFO - Data transformation complete
[ 2026-05-26 20:43:14,811] 49 root - INFO - Started Regular Expression mapping
[ 2026-05-26 20:43:14,811] 25 root - INFO - Match heuristic business names to paybill payments
[ 2026-05-26 20:43:14,811] 174 root - INFO - Data transformation complete
[ 2026-05-26 20:43:14,811] 49 root - INFO - Started Regular Expression mapping
[ 2026-05-26 20:43:14,811] 174 root - INFO - Data transformation complete
[ 2026-05-26 20:43:14,811] 49 root - INFO - Started Regular Expression mapping
[ 2026-05-26 20:43:14,812] 25 root - INFO - Match heuristic business names to paybill payments
[ 2026-05-26 20:43:14,812] 174 root - INFO - Data transformation complete
[ 2026-05-26 20:43:14,812] 49 root - INFO - Started Regular Expression mapping
[ 2026-05-26 20:43:14,812] 25 root - INFO - Match heuristic business names to paybill payments
[ 2026-05-26 20:43:14,812] 174 root - INFO - Data transformation complete
[ 2026-05-26 20:43:14,812] 49 root - INFO - Started Regular Expression mapping
[ 2026-05-26 20:43:14,813] 174 root - INFO - Data transformation complete
[ 2026-05-26 20:43:14,813] 49 root - INFO - Started Regular Expression mapping
[ 2026-05-26 20:43:14,813] 174 root - INFO - Data transformation complete
[ 2026-05-26 20:43:14,813] 49 root - INFO - Started Regular Expression mapping
[ 2026-05-26 20:43:14,813] 174 root - INFO - Data transformation complete
[ 2026-05-26 20:43:14,813] 49 root - INFO - Started Regular Expression mapping
[ 2026-05-26 20:43:14,814] 174 root - INFO - Data transformation complete
[ 2026-05-26 20:43:14,814] 49 root - INFO - Started Regular Expression mapping
[ 2026-05-26 20:43:14,814] 174 root - INFO - Data transformation complete
[ 2026-05-26 20:43:14,814] 49 root - INFO - Started Regular Expression mapping
[ 2026-05-26 20:43:14,814] 174 root - INFO - Data transformation complete
[ 2026-05-26 20:43:14,814] 49 root - INFO - Started Regular Expression mapping
[ 2026-05-26 20:43:14,814] 174 root - INFO - Data transformation complete
[ 2026-05-26 20:43:14,814] 49 root - INFO - Started Regular Expression mapping
[ 2026-05-26 20:43:14,814] 174 root - INFO - Data transformation complete
[ 2026-05-26 20:43:14,814] 49 root - INFO - Started Regular Expression mapping
[ 2026-05-26 20:43:14,816] 174 root - INFO - Data transformation complete
[ 2026-05-26 20:43:14,816] 49 root - INFO - Started Regular Expression mapping
[ 2026-05-26 20:43:14,816] 174 root - INFO - Data transformation complete
[ 2026-05-26 20:43:14,816] 49 root - INFO - Started Regular Expression mapping
[ 2026-05-26 20:43:14,816] 25 root - INFO - Match heuristic business names to paybill payments
[ 2026-05-26 20:43:14,816] 174 root - INFO - Data transformation complete
[ 2026-05-26 20:43:14,816] 49 root - INFO - Started Regular Expression mapping
[ 2026-05-26 20:43:14,816] 174 root - INFO - Data transformation complete
[ 2026-05-26 20:43:14,816] 49 root - INFO - Started Regular Expression mapping
[ 2026-05-26 20:43:14,816] 174 root - INFO - Data transformation complete
[ 2026-05-26 20:43:14,816] 49 root - INFO - Started Regular Expression mapping
[ 2026-05-26 20:43:14,817] 174 root - INFO - Data transformation complete
[ 2026-05-26 20:43:14,817] 49 root - INFO - Started Regular Expression mapping
[ 2026-05-26 20:43:14,817] 25 root - INFO - Match heuristic business names to paybill payments
[ 2026-05-26 20:43:14,817] 174 root - INFO - Data transformation complete
[ 2026-05-26 20:43:14,818] 49 root - INFO - Started Regular Expression mapping
[ 2026-05-26 20:43:14,818] 174 root - INFO - Data transformation complete
[ 2026-05-26 20:43:14,818] 49 root - INFO - Started Regular Expression mapping
[ 2026-05-26 20:43:14,818] 174 root - INFO - Data transformation complete
[ 2026-05-26 20:43:14,818] 49 root - INFO - Started Regular Expression mapping
[ 2026-05-26 20:43:14,818] 174 root - INFO - Data transformation complete
[ 2026-05-26 20:43:14,818] 49 root - INFO - Started Regular Expression mapping
[ 2026-05-26 20:43:14,819] 174 root - INFO - Data transformation complete
[ 2026-05-26 20:43:14,819] 49 root - INFO - Started Regular Expression mapping
[ 2026-05-26 20:43:14,819] 174 root - INFO - Data transformation complete
[ 2026-05-26 20:43:14,819] 49 root - INFO - Started Regular Expression mapping
[ 2026-05-26 20:43:14,819] 174 root - INFO - Data transformation complete
[ 2026-05-26 20:43:14,819] 49 root - INFO - Started Regular Expression mapping
[ 2026-05-26 20:43:14,820] 174 root - INFO - Data transformation complete
[ 2026-05-26 20:43:14,820] 49 root - INFO - Started Regular Expression mapping
[ 2026-05-26 20:43:14,820] 25 root - INFO - Match heuristic business names to paybill payments
[ 2026-05-26 20:43:14,820] 174 root - INFO - Data transformation complete
[ 2026-05-26 20:43:14,820] 49 root - INFO - Started Regular Expression mapping
[ 2026-05-26 20:43:14,820] 174 root - INFO - Data transformation complete
[ 2026-05-26 20:43:14,820] 49 root - INFO - Started Regular Expression mapping
[ 2026-05-26 20:43:14,821] 174 root - INFO - Data transformation complete
[ 2026-05-26 20:43:14,821] 49 root - INFO - Started Regular Expression mapping
[ 2026-05-26 20:43:14,821] 174 root - INFO - Data transformation complete
[ 2026-05-26 20:43:14,821] 49 root - INFO - Started Regular Expression mapping
[ 2026-05-26 20:43:14,821] 174 root - INFO - Data transformation complete
[ 2026-05-26 20:43:14,822] 49 root - INFO - Started Regular Expression mapping
[ 2026-05-26 20:43:14,822] 174 root - INFO - Data transformation complete
[ 2026-05-26 20:43:14,822] 49 root - INFO - Started Regular Expression mapping
[ 2026-05-26 20:43:14,822] 174 root - INFO - Data transformation complete
[ 2026-05-26 20:43:14,822] 49 root - INFO - Started Regular Expression mapping
[ 2026-05-26 20:43:14,822] 174 root - INFO - Data transformation complete
[ 2026-05-26 20:43:14,822] 49 root - INFO - Started Regular Expression mapping
[ 2026-05-26 20:43:14,823] 174 root - INFO - Data transformation complete
[ 2026-05-26 20:43:14,823] 49 root - INFO - Started Regular Expression mapping
[ 2026-05-26 20:43:14,823] 174 root - INFO - Data transformation complete
[ 2026-05-26 20:43:14,823] 49 root - INFO - Started Regular Expression mapping
[ 2026-05-26 20:43:14,823] 174 root - INFO - Data transformation complete
[ 2026-05-26 20:43:14,823] 49 root - INFO - Started Regular Expression mapping
[ 2026-05-26 20:43:14,824] 174 root - INFO - Data transformation complete
[ 2026-05-26 20:43:14,824] 49 root - INFO - Started Regular Expression mapping
[ 2026-05-26 20:43:14,824] 174 root - INFO - Data transformation complete
[ 2026-05-26 20:43:14,824] 49 root - INFO - Started Regular Expression mapping
[ 2026-05-26 20:43:14,824] 174 root - INFO - Data transformation complete
[ 2026-05-26 20:43:14,824] 49 root - INFO - Started Regular Expression mapping
[ 2026-05-26 20:43:14,824] 174 root - INFO - Data transformation complete
[ 2026-05-26 20:43:14,824] 49 root - INFO - Started Regular Expression mapping
[ 2026-05-26 20:43:14,824] 174 root - INFO - Data transformation complete
[ 2026-05-26 20:43:14,824] 49 root - INFO - Started Regular Expression mapping
[ 2026-05-26 20:43:14,825] 174 root - INFO - Data transformation complete
[ 2026-05-26 20:43:14,825] 49 root - INFO - Started Regular Expression mapping
[ 2026-05-26 20:43:14,825] 174 root - INFO - Data transformation complete
[ 2026-05-26 20:43:14,826] 49 root - INFO - Started Regular Expression mapping
[ 2026-05-26 20:43:14,826] 174 root - INFO - Data transformation complete
[ 2026-05-26 20:43:14,826] 49 root - INFO - Started Regular Expression mapping
[ 2026-05-26 20:43:14,826] 174 root - INFO - Data transformation complete
[ 2026-05-26 20:43:14,826] 49 root - INFO - Started Regular Expression mapping
[ 2026-05-26 20:43:14,826] 174 root - INFO - Data transformation complete
[ 2026-05-26 20:43:14,826] 49 root - INFO - Started Regular Expression mapping
[ 2026-05-26 20:43:14,827] 174 root - INFO - Data transformation complete
[ 2026-05-26 20:43:14,827] 49 root - INFO - Started Regular Expression mapping
[ 2026-05-26 20:43:14,827] 25 root - INFO - Match heuristic business names to paybill payments
[ 2026-05-26 20:43:14,827] 174 root - INFO - Data transformation complete
[ 2026-05-26 20:43:14,827] 49 root - INFO - Started Regular Expression mapping
[ 2026-05-26 20:43:14,827] 25 root - INFO - Match heuristic business names to paybill payments
[ 2026-05-26 20:43:14,828] 174 root - INFO - Data transformation complete
[ 2026-05-26 20:43:14,828] 49 root - INFO - Started Regular Expression mapping
[ 2026-05-26 20:43:14,828] 25 root - INFO - Match heuristic business names to paybill payments
[ 2026-05-26 20:43:14,828] 174 root - INFO - Data transformation complete
[ 2026-05-26 20:43:14,828] 49 root - INFO - Started Regular Expression mapping
[ 2026-05-26 20:43:14,828] 174 root - INFO - Data transformation complete
[ 2026-05-26 20:43:14,828] 49 root - INFO - Started Regular Expression mapping
[ 2026-05-26 20:43:14,829] 174 root - INFO - Data transformation complete
[ 2026-05-26 20:43:14,829] 49 root - INFO - Started Regular Expression mapping
[ 2026-05-26 20:43:14,829] 174 root - INFO - Data transformation complete
[ 2026-05-26 20:43:14,829] 49 root - INFO - Started Regular Expression mapping
[ 2026-05-26 20:43:14,829] 174 root - INFO - Data transformation complete
[ 2026-05-26 20:43:14,829] 49 root - INFO - Started Regular Expression mapping
[ 2026-05-26 20:43:14,830] 25 root - INFO - Match heuristic business names to paybill payments
[ 2026-05-26 20:43:14,830] 174 root - INFO - Data transformation complete
[ 2026-05-26 20:43:14,830] 49 root - INFO - Started Regular Expression mapping
[ 2026-05-26 20:43:14,830] 174 root - INFO - Data transformation complete
[ 2026-05-26 20:43:14,830] 49 root - INFO - Started Regular Expression mapping
[ 2026-05-26 20:43:14,830] 174 root - INFO - Data transformation complete
[ 2026-05-26 20:43:14,830] 49 root - INFO - Started Regular Expression mapping
[ 2026-05-26 20:43:14,831] 174 root - INFO - Data transformation complete
[ 2026-05-26 20:43:14,831] 49 root - INFO - Started Regular Expression mapping
[ 2026-05-26 20:43:14,831] 174 root - INFO - Data transformation complete
[ 2026-05-26 20:43:14,831] 49 root - INFO - Started Regular Expression mapping
[ 2026-05-26 20:43:14,831] 174 root - INFO - Data transformation complete
[ 2026-05-26 20:43:14,831] 49 root - INFO - Started Regular Expression mapping
[ 2026-05-26 20:43:14,832] 174 root - INFO - Data transformation complete
[ 2026-05-26 20:43:14,832] 49 root - INFO - Started Regular Expression mapping
[ 2026-05-26 20:43:14,832] 174 root - INFO - Data transformation complete
[ 2026-05-26 20:43:14,832] 49 root - INFO - Started Regular Expression mapping
[ 2026-05-26 20:43:14,832] 174 root - INFO - Data transformation complete
[ 2026-05-26 20:43:14,832] 49 root - INFO - Started Regular Expression mapping
[ 2026-05-26 20:43:14,832] 174 root - INFO - Data transformation complete
[ 2026-05-26 20:43:14,833] 49 root - INFO - Started Regular Expression mapping
[ 2026-05-26 20:43:14,833] 25 root - INFO - Match heuristic business names to paybill payments
[ 2026-05-26 20:43:14,833] 174 root - INFO - Data transformation complete
[ 2026-05-26 20:43:14,833] 49 root - INFO - Started Regular Expression mapping
[ 2026-05-26 20:43:14,833] 174 root - INFO - Data transformation complete
[ 2026-05-26 20:43:14,833] 49 root - INFO - Started Regular Expression mapping
[ 2026-05-26 20:43:14,834] 174 root - INFO - Data transformation complete
[ 2026-05-26 20:43:14,834] 49 root - INFO - Started Regular Expression mapping
[ 2026-05-26 20:43:14,834] 174 root - INFO - Data transformation complete
[ 2026-05-26 20:43:14,834] 49 root - INFO - Started Regular Expression mapping
[ 2026-05-26 20:43:14,835] 174 root - INFO - Data transformation complete
[ 2026-05-26 20:43:14,835] 49 root - INFO - Started Regular Expression mapping
[ 2026-05-26 20:43:14,835] 174 root - INFO - Data transformation complete
[ 2026-05-26 20:43:14,835] 49 root - INFO - Started Regular Expression mapping
[ 2026-05-26 20:43:14,835] 174 root - INFO - Data transformation complete
[ 2026-05-26 20:43:14,835] 49 root - INFO - Started Regular Expression mapping
[ 2026-05-26 20:43:14,836] 174 root - INFO - Data transformation complete
[ 2026-05-26 20:43:14,836] 49 root - INFO - Started Regular Expression mapping
[ 2026-05-26 20:43:14,836] 174 root - INFO - Data transformation complete
[ 2026-05-26 20:43:14,836] 49 root - INFO - Started Regular Expression mapping
[ 2026-05-26 20:43:14,836] 25 root - INFO - Match heuristic business names to paybill payments
[ 2026-05-26 20:43:14,836] 174 root - INFO - Data transformation complete
[ 2026-05-26 20:43:14,836] 49 root - INFO - Started Regular Expression mapping
[ 2026-05-26 20:43:14,836] 174 root - INFO - Data transformation complete
[ 2026-05-26 20:43:14,836] 49 root - INFO - Started Regular Expression mapping
[ 2026-05-26 20:43:14,836] 25 root - INFO - Match heuristic business names to paybill payments
[ 2026-05-26 20:43:14,836] 174 root - INFO - Data transformation complete
[ 2026-05-26 20:43:14,837] 49 root - INFO - Started Regular Expression mapping
[ 2026-05-26 20:43:14,837] 25 root - INFO - Match heuristic business names to paybill payments
[ 2026-05-26 20:43:14,837] 174 root - INFO - Data transformation complete
[ 2026-05-26 20:43:14,838] 49 root - INFO - Started Regular Expression mapping
[ 2026-05-26 20:43:14,838] 174 root - INFO - Data transformation complete
[ 2026-05-26 20:43:14,838] 49 root - INFO - Started Regular Expression mapping
[ 2026-05-26 20:43:14,838] 174 root - INFO - Data transformation complete
[ 2026-05-26 20:43:14,838] 49 root - INFO - Started Regular Expression mapping
[ 2026-05-26 20:43:14,838] 25 root - INFO - Match heuristic business names to paybill payments
[ 2026-05-26 20:43:14,839] 174 root - INFO - Data transformation complete
[ 2026-05-26 20:43:14,839] 49 root - INFO - Started Regular Expression mapping
[ 2026-05-26 20:43:14,839] 174 root - INFO - Data transformation complete
[ 2026-05-26 20:43:14,839] 49 root - INFO - Started Regular Expression mapping
[ 2026-05-26 20:43:14,839] 25 root - INFO - Match heuristic business names to paybill payments
[ 2026-05-26 20:43:14,839] 174 root - INFO - Data transformation complete
[ 2026-05-26 20:43:14,839] 49 root - INFO - Started Regular Expression mapping
[ 2026-05-26 20:43:14,840] 174 root - INFO - Data transformation complete
[ 2026-05-26 20:43:14,840] 49 root - INFO - Started Regular Expression mapping
[ 2026-05-26 20:43:14,840] 25 root - INFO - Match heuristic business names to paybill payments
[ 2026-05-26 20:43:14,840] 174 root - INFO - Data transformation complete
[ 2026-05-26 20:43:14,840] 49 root - INFO - Started Regular Expression mapping
[ 2026-05-26 20:43:14,840] 174 root - INFO - Data transformation complete
[ 2026-05-26 20:43:14,841] 49 root - INFO - Started Regular Expression mapping
[ 2026-05-26 20:43:14,841] 25 root - INFO - Match heuristic business names to paybill payments
[ 2026-05-26 20:43:14,841] 174 root - INFO - Data transformation complete
[ 2026-05-26 20:43:14,841] 49 root - INFO - Started Regular Expression mapping
[ 2026-05-26 20:43:14,841] 174 root - INFO - Data transformation complete
[ 2026-05-26 20:43:14,841] 49 root - INFO - Started Regular Expression mapping
[ 2026-05-26 20:43:14,842] 174 root - INFO - Data transformation complete
[ 2026-05-26 20:43:14,842] 49 root - INFO - Started Regular Expression mapping
[ 2026-05-26 20:43:14,842] 25 root - INFO - Match heuristic business names to paybill payments
[ 2026-05-26 20:43:14,842] 174 root - INFO - Data transformation complete
[ 2026-05-26 20:43:14,842] 49 root - INFO - Started Regular Expression mapping
[ 2026-05-26 20:43:14,842] 174 root - INFO - Data transformation complete
[ 2026-05-26 20:43:14,842] 49 root - INFO - Started Regular Expression mapping
[ 2026-05-26 20:43:14,843] 174 root - INFO - Data transformation complete
[ 2026-05-26 20:43:14,843] 49 root - INFO - Started Regular Expression mapping
[ 2026-05-26 20:43:14,843] 174 root - INFO - Data transformation complete
[ 2026-05-26 20:43:14,843] 49 root - INFO - Started Regular Expression mapping
[ 2026-05-26 20:43:14,843] 174 root - INFO - Data transformation complete
[ 2026-05-26 20:43:14,843] 49 root - INFO - Started Regular Expression mapping
[ 2026-05-26 20:43:14,844] 174 root - INFO - Data transformation complete
[ 2026-05-26 20:43:14,844] 49 root - INFO - Started Regular Expression mapping
[ 2026-05-26 20:43:14,844] 174 root - INFO - Data transformation complete
[ 2026-05-26 20:43:14,844] 49 root - INFO - Started Regular Expression mapping
[ 2026-05-26 20:43:14,844] 174 root - INFO - Data transformation complete
[ 2026-05-26 20:43:14,844] 49 root - INFO - Started Regular Expression mapping
[ 2026-05-26 20:43:14,844] 174 root - INFO - Data transformation complete
[ 2026-05-26 20:43:14,844] 49 root - INFO - Started Regular Expression mapping
[ 2026-05-26 20:43:14,844] 174 root - INFO - Data transformation complete
[ 2026-05-26 20:43:14,844] 49 root - INFO - Started Regular Expression mapping
[ 2026-05-26 20:43:14,844] 174 root - INFO - Data transformation complete
[ 2026-05-26 20:43:14,844] 49 root - INFO - Started Regular Expression mapping
[ 2026-05-26 20:43:14,845] 174 root - INFO - Data transformation complete
[ 2026-05-26 20:43:14,845] 49 root - INFO - Started Regular Expression mapping
[ 2026-05-26 20:43:14,845] 25 root - INFO - Match heuristic business names to paybill payments
[ 2026-05-26 20:43:14,846] 174 root - INFO - Data transformation complete
[ 2026-05-26 20:43:14,846] 49 root - INFO - Started Regular Expression mapping
[ 2026-05-26 20:43:14,846] 25 root - INFO - Match heuristic business names to paybill payments
[ 2026-05-26 20:43:14,846] 174 root - INFO - Data transformation complete
[ 2026-05-26 20:43:14,846] 49 root - INFO - Started Regular Expression mapping
[ 2026-05-26 20:43:14,846] 25 root - INFO - Match heuristic business names to paybill payments
[ 2026-05-26 20:43:14,846] 174 root - INFO - Data transformation complete
[ 2026-05-26 20:43:14,846] 49 root - INFO - Started Regular Expression mapping
[ 2026-05-26 20:43:14,847] 174 root - INFO - Data transformation complete
[ 2026-05-26 20:43:14,847] 49 root - INFO - Started Regular Expression mapping
[ 2026-05-26 20:43:14,847] 174 root - INFO - Data transformation complete
[ 2026-05-26 20:43:14,847] 49 root - INFO - Started Regular Expression mapping
[ 2026-05-26 20:43:14,847] 25 root - INFO - Match heuristic business names to paybill payments
[ 2026-05-26 20:43:14,847] 174 root - INFO - Data transformation complete
[ 2026-05-26 20:43:14,848] 49 root - INFO - Started Regular Expression mapping
[ 2026-05-26 20:43:14,848] 25 root - INFO - Match heuristic business names to paybill payments
[ 2026-05-26 20:43:14,848] 174 root - INFO - Data transformation complete
[ 2026-05-26 20:43:14,848] 49 root - INFO - Started Regular Expression mapping
[ 2026-05-26 20:43:14,848] 25 root - INFO - Match heuristic business names to paybill payments
[ 2026-05-26 20:43:14,848] 174 root - INFO - Data transformation complete
[ 2026-05-26 20:43:14,848] 49 root - INFO - Started Regular Expression mapping
[ 2026-05-26 20:43:14,849] 174 root - INFO - Data transformation complete
[ 2026-05-26 20:43:14,849] 49 root - INFO - Started Regular Expression mapping
[ 2026-05-26 20:43:14,849] 174 root - INFO - Data transformation complete
[ 2026-05-26 20:43:14,849] 49 root - INFO - Started Regular Expression mapping
[ 2026-05-26 20:43:14,849] 174 root - INFO - Data transformation complete
[ 2026-05-26 20:43:14,849] 49 root - INFO - Started Regular Expression mapping
[ 2026-05-26 20:43:14,850] 174 root - INFO - Data transformation complete
[ 2026-05-26 20:43:14,850] 49 root - INFO - Started Regular Expression mapping
[ 2026-05-26 20:43:14,850] 174 root - INFO - Data transformation complete
[ 2026-05-26 20:43:14,850] 49 root - INFO - Started Regular Expression mapping
[ 2026-05-26 20:43:14,850] 174 root - INFO - Data transformation complete
[ 2026-05-26 20:43:14,850] 49 root - INFO - Started Regular Expression mapping
[ 2026-05-26 20:43:14,850] 174 root - INFO - Data transformation complete
[ 2026-05-26 20:43:14,851] 49 root - INFO - Started Regular Expression mapping
[ 2026-05-26 20:43:14,851] 174 root - INFO - Data transformation complete
[ 2026-05-26 20:43:14,851] 49 root - INFO - Started Regular Expression mapping
[ 2026-05-26 20:43:14,851] 174 root - INFO - Data transformation complete
[ 2026-05-26 20:43:14,851] 49 root - INFO - Started Regular Expression mapping
[ 2026-05-26 20:43:14,851] 174 root - INFO - Data transformation complete
[ 2026-05-26 20:43:14,852] 49 root - INFO - Started Regular Expression mapping
[ 2026-05-26 20:43:14,852] 174 root - INFO - Data transformation complete
[ 2026-05-26 20:43:14,852] 49 root - INFO - Started Regular Expression mapping
[ 2026-05-26 20:43:14,852] 174 root - INFO - Data transformation complete
[ 2026-05-26 20:43:14,852] 49 root - INFO - Started Regular Expression mapping
[ 2026-05-26 20:43:14,852] 174 root - INFO - Data transformation complete
[ 2026-05-26 20:43:14,852] 49 root - INFO - Started Regular Expression mapping
[ 2026-05-26 20:43:14,853] 174 root - INFO - Data transformation complete
[ 2026-05-26 20:43:14,853] 49 root - INFO - Started Regular Expression mapping
[ 2026-05-26 20:43:14,853] 174 root - INFO - Data transformation complete
[ 2026-05-26 20:43:14,853] 49 root - INFO - Started Regular Expression mapping
[ 2026-05-26 20:43:14,853] 174 root - INFO - Data transformation complete
[ 2026-05-26 20:43:14,853] 49 root - INFO - Started Regular Expression mapping
[ 2026-05-26 20:43:14,854] 174 root - INFO - Data transformation complete
[ 2026-05-26 20:43:14,854] 49 root - INFO - Started Regular Expression mapping
[ 2026-05-26 20:43:14,854] 174 root - INFO - Data transformation complete
[ 2026-05-26 20:43:14,854] 49 root - INFO - Started Regular Expression mapping
[ 2026-05-26 20:43:14,854] 174 root - INFO - Data transformation complete
[ 2026-05-26 20:43:14,854] 49 root - INFO - Started Regular Expression mapping
[ 2026-05-26 20:43:14,854] 25 root - INFO - Match heuristic business names to paybill payments
[ 2026-05-26 20:43:14,855] 174 root - INFO - Data transformation complete
[ 2026-05-26 20:43:14,855] 49 root - INFO - Started Regular Expression mapping
[ 2026-05-26 20:43:14,855] 25 root - INFO - Match heuristic business names to paybill payments
[ 2026-05-26 20:43:14,856] 174 root - INFO - Data transformation complete
[ 2026-05-26 20:43:14,856] 49 root - INFO - Started Regular Expression mapping
[ 2026-05-26 20:43:14,856] 174 root - INFO - Data transformation complete
[ 2026-05-26 20:43:14,856] 49 root - INFO - Started Regular Expression mapping
[ 2026-05-26 20:43:14,856] 174 root - INFO - Data transformation complete
[ 2026-05-26 20:43:14,856] 49 root - INFO - Started Regular Expression mapping
[ 2026-05-26 20:43:14,856] 174 root - INFO - Data transformation complete
[ 2026-05-26 20:43:14,857] 49 root - INFO - Started Regular Expression mapping
[ 2026-05-26 20:43:14,857] 174 root - INFO - Data transformation complete
[ 2026-05-26 20:43:14,857] 49 root - INFO - Started Regular Expression mapping
[ 2026-05-26 20:43:14,857] 174 root - INFO - Data transformation complete
[ 2026-05-26 20:43:14,857] 49 root - INFO - Started Regular Expression mapping
[ 2026-05-26 20:43:14,858] 174 root - INFO - Data transformation complete
[ 2026-05-26 20:43:14,858] 49 root - INFO - Started Regular Expression mapping
[ 2026-05-26 20:43:14,858] 174 root - INFO - Data transformation complete
[ 2026-05-26 20:43:14,858] 49 root - INFO - Started Regular Expression mapping
[ 2026-05-26 20:43:14,858] 174 root - INFO - Data transformation complete
[ 2026-05-26 20:43:14,858] 49 root - INFO - Started Regular Expression mapping
[ 2026-05-26 20:43:14,859] 174 root - INFO - Data transformation complete
[ 2026-05-26 20:43:14,859] 49 root - INFO - Started Regular Expression mapping
[ 2026-05-26 20:43:14,859] 174 root - INFO - Data transformation complete
[ 2026-05-26 20:43:14,859] 49 root - INFO - Started Regular Expression mapping
[ 2026-05-26 20:43:14,859] 25 root - INFO - Match heuristic business names to paybill payments
[ 2026-05-26 20:43:14,859] 174 root - INFO - Data transformation complete
[ 2026-05-26 20:43:14,859] 49 root - INFO - Started Regular Expression mapping
[ 2026-05-26 20:43:14,860] 25 root - INFO - Match heuristic business names to paybill payments
[ 2026-05-26 20:43:14,860] 174 root - INFO - Data transformation complete
[ 2026-05-26 20:43:14,860] 49 root - INFO - Started Regular Expression mapping
[ 2026-05-26 20:43:14,860] 25 root - INFO - Match heuristic business names to paybill payments
[ 2026-05-26 20:43:14,860] 174 root - INFO - Data transformation complete
[ 2026-05-26 20:43:14,860] 49 root - INFO - Started Regular Expression mapping
[ 2026-05-26 20:43:14,860] 25 root - INFO - Match heuristic business names to paybill payments
[ 2026-05-26 20:43:14,861] 174 root - INFO - Data transformation complete
[ 2026-05-26 20:43:14,861] 49 root - INFO - Started Regular Expression mapping
[ 2026-05-26 20:43:14,861] 25 root - INFO - Match heuristic business names to paybill payments
[ 2026-05-26 20:43:14,862] 174 root - INFO - Data transformation complete
[ 2026-05-26 20:43:14,862] 49 root - INFO - Started Regular Expression mapping
[ 2026-05-26 20:43:14,862] 174 root - INFO - Data transformation complete
[ 2026-05-26 20:43:14,862] 49 root - INFO - Started Regular Expression mapping
[ 2026-05-26 20:43:14,862] 174 root - INFO - Data transformation complete
[ 2026-05-26 20:43:14,862] 49 root - INFO - Started Regular Expression mapping
[ 2026-05-26 20:43:14,863] 174 root - INFO - Data transformation complete
[ 2026-05-26 20:43:14,863] 49 root - INFO - Started Regular Expression mapping
[ 2026-05-26 20:43:14,863] 174 root - INFO - Data transformation complete
[ 2026-05-26 20:43:14,863] 49 root - INFO - Started Regular Expression mapping
[ 2026-05-26 20:43:14,863] 174 root - INFO - Data transformation complete
[ 2026-05-26 20:43:14,863] 49 root - INFO - Started Regular Expression mapping
[ 2026-05-26 20:43:14,864] 174 root - INFO - Data transformation complete
[ 2026-05-26 20:43:14,864] 49 root - INFO - Started Regular Expression mapping
[ 2026-05-26 20:43:14,864] 174 root - INFO - Data transformation complete
[ 2026-05-26 20:43:14,864] 49 root - INFO - Started Regular Expression mapping
[ 2026-05-26 20:43:14,864] 174 root - INFO - Data transformation complete
[ 2026-05-26 20:43:14,864] 49 root - INFO - Started Regular Expression mapping
[ 2026-05-26 20:43:14,864] 174 root - INFO - Data transformation complete
[ 2026-05-26 20:43:14,864] 49 root - INFO - Started Regular Expression mapping
[ 2026-05-26 20:43:14,864] 174 root - INFO - Data transformation complete
[ 2026-05-26 20:43:14,864] 49 root - INFO - Started Regular Expression mapping
[ 2026-05-26 20:43:14,865] 25 root - INFO - Match heuristic business names to paybill payments
[ 2026-05-26 20:43:14,865] 174 root - INFO - Data transformation complete
[ 2026-05-26 20:43:14,865] 49 root - INFO - Started Regular Expression mapping
[ 2026-05-26 20:43:14,865] 174 root - INFO - Data transformation complete
[ 2026-05-26 20:43:14,866] 49 root - INFO - Started Regular Expression mapping
[ 2026-05-26 20:43:14,866] 174 root - INFO - Data transformation complete
[ 2026-05-26 20:43:14,866] 49 root - INFO - Started Regular Expression mapping
[ 2026-05-26 20:43:14,867] 25 root - INFO - Match heuristic business names to paybill payments
[ 2026-05-26 20:43:14,867] 174 root - INFO - Data transformation complete
[ 2026-05-26 20:43:14,867] 49 root - INFO - Started Regular Expression mapping
[ 2026-05-26 20:43:14,867] 174 root - INFO - Data transformation complete
[ 2026-05-26 20:43:14,867] 49 root - INFO - Started Regular Expression mapping
[ 2026-05-26 20:43:14,868] 25 root - INFO - Match heuristic business names to paybill payments
[ 2026-05-26 20:43:14,868] 174 root - INFO - Data transformation complete
[ 2026-05-26 20:43:14,868] 49 root - INFO - Started Regular Expression mapping
[ 2026-05-26 20:43:14,868] 174 root - INFO - Data transformation complete
[ 2026-05-26 20:43:14,868] 49 root - INFO - Started Regular Expression mapping
[ 2026-05-26 20:43:14,869] 25 root - INFO - Match heuristic business names to paybill payments
[ 2026-05-26 20:43:14,869] 174 root - INFO - Data transformation complete
[ 2026-05-26 20:43:14,869] 49 root - INFO - Started Regular Expression mapping
[ 2026-05-26 20:43:14,869] 25 root - INFO - Match heuristic business names to paybill payments
[ 2026-05-26 20:43:14,869] 174 root - INFO - Data transformation complete
[ 2026-05-26 20:43:14,869] 49 root - INFO - Started Regular Expression mapping
[ 2026-05-26 20:43:14,869] 174 root - INFO - Data transformation complete
[ 2026-05-26 20:43:14,870] 49 root - INFO - Started Regular Expression mapping
[ 2026-05-26 20:43:14,870] 25 root - INFO - Match heuristic business names to paybill payments
[ 2026-05-26 20:43:14,870] 174 root - INFO - Data transformation complete
[ 2026-05-26 20:43:14,870] 49 root - INFO - Started Regular Expression mapping
[ 2026-05-26 20:43:14,870] 174 root - INFO - Data transformation complete
[ 2026-05-26 20:43:14,870] 49 root - INFO - Started Regular Expression mapping
[ 2026-05-26 20:43:14,871] 25 root - INFO - Match heuristic business names to paybill payments
[ 2026-05-26 20:43:14,871] 174 root - INFO - Data transformation complete
[ 2026-05-26 20:43:14,871] 49 root - INFO - Started Regular Expression mapping
[ 2026-05-26 20:43:14,871] 174 root - INFO - Data transformation complete
[ 2026-05-26 20:43:14,871] 49 root - INFO - Started Regular Expression mapping
[ 2026-05-26 20:43:14,872] 25 root - INFO - Match heuristic business names to paybill payments
[ 2026-05-26 20:43:14,873] 174 root - INFO - Data transformation complete
[ 2026-05-26 20:43:14,873] 49 root - INFO - Started Regular Expression mapping
[ 2026-05-26 20:43:14,873] 25 root - INFO - Match heuristic business names to paybill payments
[ 2026-05-26 20:43:14,873] 174 root - INFO - Data transformation complete
[ 2026-05-26 20:43:14,873] 49 root - INFO - Started Regular Expression mapping
[ 2026-05-26 20:43:14,874] 25 root - INFO - Match heuristic business names to paybill payments
[ 2026-05-26 20:43:14,874] 174 root - INFO - Data transformation complete
[ 2026-05-26 20:43:14,874] 49 root - INFO - Started Regular Expression mapping
[ 2026-05-26 20:43:14,874] 174 root - INFO - Data transformation complete
[ 2026-05-26 20:43:14,874] 49 root - INFO - Started Regular Expression mapping
[ 2026-05-26 20:43:14,874] 174 root - INFO - Data transformation complete
[ 2026-05-26 20:43:14,875] 49 root - INFO - Started Regular Expression mapping
[ 2026-05-26 20:43:14,875] 25 root - INFO - Match heuristic business names to paybill payments
[ 2026-05-26 20:43:14,875] 174 root - INFO - Data transformation complete
[ 2026-05-26 20:43:14,876] 49 root - INFO - Started Regular Expression mapping
[ 2026-05-26 20:43:14,876] 25 root - INFO - Match heuristic business names to paybill payments
[ 2026-05-26 20:43:14,876] 174 root - INFO - Data transformation complete
[ 2026-05-26 20:43:14,876] 49 root - INFO - Started Regular Expression mapping
[ 2026-05-26 20:43:14,876] 25 root - INFO - Match heuristic business names to paybill payments
[ 2026-05-26 20:43:14,876] 174 root - INFO - Data transformation complete
[ 2026-05-26 20:43:14,876] 49 root - INFO - Started Regular Expression mapping
[ 2026-05-26 20:43:14,876] 174 root - INFO - Data transformation complete
[ 2026-05-26 20:43:14,876] 49 root - INFO - Started Regular Expression mapping
[ 2026-05-26 20:43:14,876] 174 root - INFO - Data transformation complete
[ 2026-05-26 20:43:14,876] 49 root - INFO - Started Regular Expression mapping
[ 2026-05-26 20:43:14,877] 25 root - INFO - Match heuristic business names to paybill payments
[ 2026-05-26 20:43:14,877] 174 root - INFO - Data transformation complete
[ 2026-05-26 20:43:14,877] 49 root - INFO - Started Regular Expression mapping
[ 2026-05-26 20:43:14,877] 25 root - INFO - Match heuristic business names to paybill payments
[ 2026-05-26 20:43:14,877] 174 root - INFO - Data transformation complete
[ 2026-05-26 20:43:14,878] 49 root - INFO - Started Regular Expression mapping
[ 2026-05-26 20:43:14,878] 25 root - INFO - Match heuristic business names to paybill payments
[ 2026-05-26 20:43:14,878] 174 root - INFO - Data transformation complete
[ 2026-05-26 20:43:14,878] 49 root - INFO - Started Regular Expression mapping
[ 2026-05-26 20:43:14,878] 174 root - INFO - Data transformation complete
[ 2026-05-26 20:43:14,878] 49 root - INFO - Started Regular Expression mapping
[ 2026-05-26 20:43:14,878] 25 root - INFO - Match heuristic business names to paybill payments
[ 2026-05-26 20:43:14,879] 174 root - INFO - Data transformation complete
[ 2026-05-26 20:43:14,879] 49 root - INFO - Started Regular Expression mapping
[ 2026-05-26 20:43:14,879] 174 root - INFO - Data transformation complete
[ 2026-05-26 20:43:14,879] 49 root - INFO - Started Regular Expression mapping
[ 2026-05-26 20:43:14,879] 174 root - INFO - Data transformation complete
[ 2026-05-26 20:43:14,879] 49 root - INFO - Started Regular Expression mapping
[ 2026-05-26 20:43:14,880] 174 root - INFO - Data transformation complete
[ 2026-05-26 20:43:14,880] 49 root - INFO - Started Regular Expression mapping
[ 2026-05-26 20:43:14,880] 174 root - INFO - Data transformation complete
[ 2026-05-26 20:43:14,880] 49 root - INFO - Started Regular Expression mapping
[ 2026-05-26 20:43:14,880] 174 root - INFO - Data transformation complete
[ 2026-05-26 20:43:14,880] 49 root - INFO - Started Regular Expression mapping
[ 2026-05-26 20:43:14,880] 174 root - INFO - Data transformation complete
[ 2026-05-26 20:43:14,881] 49 root - INFO - Started Regular Expression mapping
[ 2026-05-26 20:43:14,881] 174 root - INFO - Data transformation complete
[ 2026-05-26 20:43:14,881] 49 root - INFO - Started Regular Expression mapping
[ 2026-05-26 20:43:14,881] 174 root - INFO - Data transformation complete
[ 2026-05-26 20:43:14,881] 49 root - INFO - Started Regular Expression mapping
[ 2026-05-26 20:43:14,881] 174 root - INFO - Data transformation complete
[ 2026-05-26 20:43:14,882] 49 root - INFO - Started Regular Expression mapping
[ 2026-05-26 20:43:14,882] 174 root - INFO - Data transformation complete
[ 2026-05-26 20:43:14,882] 49 root - INFO - Started Regular Expression mapping
[ 2026-05-26 20:43:14,882] 174 root - INFO - Data transformation complete
[ 2026-05-26 20:43:14,882] 49 root - INFO - Started Regular Expression mapping
[ 2026-05-26 20:43:14,882] 174 root - INFO - Data transformation complete
[ 2026-05-26 20:43:14,882] 49 root - INFO - Started Regular Expression mapping
[ 2026-05-26 20:43:14,883] 174 root - INFO - Data transformation complete
[ 2026-05-26 20:43:14,883] 49 root - INFO - Started Regular Expression mapping
[ 2026-05-26 20:43:14,883] 174 root - INFO - Data transformation complete
[ 2026-05-26 20:43:14,883] 49 root - INFO - Started Regular Expression mapping
[ 2026-05-26 20:43:14,883] 174 root - INFO - Data transformation complete
[ 2026-05-26 20:43:14,883] 49 root - INFO - Started Regular Expression mapping
[ 2026-05-26 20:43:14,884] 174 root - INFO - Data transformation complete
[ 2026-05-26 20:43:14,884] 49 root - INFO - Started Regular Expression mapping
[ 2026-05-26 20:43:14,884] 174 root - INFO - Data transformation complete
[ 2026-05-26 20:43:14,884] 49 root - INFO - Started Regular Expression mapping
[ 2026-05-26 20:43:14,884] 174 root - INFO - Data transformation complete
[ 2026-05-26 20:43:14,884] 49 root - INFO - Started Regular Expression mapping
[ 2026-05-26 20:43:14,884] 174 root - INFO - Data transformation complete
[ 2026-05-26 20:43:14,884] 49 root - INFO - Started Regular Expression mapping
[ 2026-05-26 20:43:14,884] 174 root - INFO - Data transformation complete
[ 2026-05-26 20:43:14,884] 49 root - INFO - Started Regular Expression mapping
[ 2026-05-26 20:43:14,884] 25 root - INFO - Match heuristic business names to paybill payments
[ 2026-05-26 20:43:14,886] 174 root - INFO - Data transformation complete
[ 2026-05-26 20:43:14,886] 49 root - INFO - Started Regular Expression mapping
[ 2026-05-26 20:43:14,886] 174 root - INFO - Data transformation complete
[ 2026-05-26 20:43:14,886] 49 root - INFO - Started Regular Expression mapping
[ 2026-05-26 20:43:14,886] 174 root - INFO - Data transformation complete
[ 2026-05-26 20:43:14,886] 49 root - INFO - Started Regular Expression mapping
[ 2026-05-26 20:43:14,886] 174 root - INFO - Data transformation complete
[ 2026-05-26 20:43:14,886] 49 root - INFO - Started Regular Expression mapping
[ 2026-05-26 20:43:14,886] 174 root - INFO - Data transformation complete
[ 2026-05-26 20:43:14,886] 49 root - INFO - Started Regular Expression mapping
[ 2026-05-26 20:43:14,886] 174 root - INFO - Data transformation complete
[ 2026-05-26 20:43:14,887] 49 root - INFO - Started Regular Expression mapping
[ 2026-05-26 20:43:14,887] 174 root - INFO - Data transformation complete
[ 2026-05-26 20:43:14,887] 49 root - INFO - Started Regular Expression mapping
[ 2026-05-26 20:43:14,887] 174 root - INFO - Data transformation complete
[ 2026-05-26 20:43:14,887] 49 root - INFO - Started Regular Expression mapping
[ 2026-05-26 20:43:14,888] 25 root - INFO - Match heuristic business names to paybill payments
[ 2026-05-26 20:43:14,888] 174 root - INFO - Data transformation complete
[ 2026-05-26 20:43:14,888] 49 root - INFO - Started Regular Expression mapping
[ 2026-05-26 20:43:14,888] 25 root - INFO - Match heuristic business names to paybill payments
[ 2026-05-26 20:43:14,889] 174 root - INFO - Data transformation complete
[ 2026-05-26 20:43:14,889] 49 root - INFO - Started Regular Expression mapping
[ 2026-05-26 20:43:14,889] 25 root - INFO - Match heuristic business names to paybill payments
[ 2026-05-26 20:43:14,889] 174 root - INFO - Data transformation complete
[ 2026-05-26 20:43:14,889] 49 root - INFO - Started Regular Expression mapping
[ 2026-05-26 20:43:14,889] 174 root - INFO - Data transformation complete
[ 2026-05-26 20:43:14,890] 49 root - INFO - Started Regular Expression mapping
[ 2026-05-26 20:43:14,890] 174 root - INFO - Data transformation complete
[ 2026-05-26 20:43:14,890] 49 root - INFO - Started Regular Expression mapping
[ 2026-05-26 20:43:14,890] 174 root - INFO - Data transformation complete
[ 2026-05-26 20:43:14,890] 49 root - INFO - Started Regular Expression mapping
[ 2026-05-26 20:43:14,890] 174 root - INFO - Data transformation complete
[ 2026-05-26 20:43:14,891] 49 root - INFO - Started Regular Expression mapping
[ 2026-05-26 20:43:14,891] 174 root - INFO - Data transformation complete
[ 2026-05-26 20:43:14,891] 49 root - INFO - Started Regular Expression mapping
[ 2026-05-26 20:43:14,891] 174 root - INFO - Data transformation complete
[ 2026-05-26 20:43:14,892] 49 root - INFO - Started Regular Expression mapping
[ 2026-05-26 20:43:14,892] 174 root - INFO - Data transformation complete
[ 2026-05-26 20:43:14,892] 49 root - INFO - Started Regular Expression mapping
[ 2026-05-26 20:43:14,892] 25 root - INFO - Match heuristic business names to paybill payments
[ 2026-05-26 20:43:14,892] 174 root - INFO - Data transformation complete
[ 2026-05-26 20:43:14,892] 49 root - INFO - Started Regular Expression mapping
[ 2026-05-26 20:43:14,893] 174 root - INFO - Data transformation complete
[ 2026-05-26 20:43:14,893] 49 root - INFO - Started Regular Expression mapping
[ 2026-05-26 20:43:14,893] 174 root - INFO - Data transformation complete
[ 2026-05-26 20:43:14,893] 49 root - INFO - Started Regular Expression mapping
[ 2026-05-26 20:43:14,893] 25 root - INFO - Match heuristic business names to paybill payments
[ 2026-05-26 20:43:14,893] 174 root - INFO - Data transformation complete
[ 2026-05-26 20:43:14,894] 49 root - INFO - Started Regular Expression mapping
[ 2026-05-26 20:43:14,894] 174 root - INFO - Data transformation complete
[ 2026-05-26 20:43:14,894] 49 root - INFO - Started Regular Expression mapping
[ 2026-05-26 20:43:14,894] 174 root - INFO - Data transformation complete
[ 2026-05-26 20:43:14,894] 49 root - INFO - Started Regular Expression mapping
[ 2026-05-26 20:43:14,894] 174 root - INFO - Data transformation complete
[ 2026-05-26 20:43:14,895] 49 root - INFO - Started Regular Expression mapping
[ 2026-05-26 20:43:14,895] 25 root - INFO - Match heuristic business names to paybill payments
[ 2026-05-26 20:43:14,895] 174 root - INFO - Data transformation complete
[ 2026-05-26 20:43:14,895] 49 root - INFO - Started Regular Expression mapping
[ 2026-05-26 20:43:14,896] 174 root - INFO - Data transformation complete
[ 2026-05-26 20:43:14,896] 49 root - INFO - Started Regular Expression mapping
[ 2026-05-26 20:43:14,896] 174 root - INFO - Data transformation complete
[ 2026-05-26 20:43:14,896] 49 root - INFO - Started Regular Expression mapping
[ 2026-05-26 20:43:14,896] 25 root - INFO - Match heuristic business names to paybill payments
[ 2026-05-26 20:43:14,896] 174 root - INFO - Data transformation complete
[ 2026-05-26 20:43:14,896] 49 root - INFO - Started Regular Expression mapping
[ 2026-05-26 20:43:14,896] 174 root - INFO - Data transformation complete
[ 2026-05-26 20:43:14,896] 49 root - INFO - Started Regular Expression mapping
[ 2026-05-26 20:43:14,897] 174 root - INFO - Data transformation complete
[ 2026-05-26 20:43:14,897] 49 root - INFO - Started Regular Expression mapping
[ 2026-05-26 20:43:14,897] 174 root - INFO - Data transformation complete
[ 2026-05-26 20:43:14,898] 49 root - INFO - Started Regular Expression mapping
[ 2026-05-26 20:43:14,898] 25 root - INFO - Match heuristic business names to paybill payments
[ 2026-05-26 20:43:14,898] 174 root - INFO - Data transformation complete
[ 2026-05-26 20:43:14,898] 49 root - INFO - Started Regular Expression mapping
[ 2026-05-26 20:43:14,898] 174 root - INFO - Data transformation complete
[ 2026-05-26 20:43:14,898] 49 root - INFO - Started Regular Expression mapping
[ 2026-05-26 20:43:14,899] 25 root - INFO - Match heuristic business names to paybill payments
[ 2026-05-26 20:43:14,899] 174 root - INFO - Data transformation complete
[ 2026-05-26 20:43:14,899] 49 root - INFO - Started Regular Expression mapping
[ 2026-05-26 20:43:14,899] 174 root - INFO - Data transformation complete
[ 2026-05-26 20:43:14,899] 49 root - INFO - Started Regular Expression mapping
[ 2026-05-26 20:43:14,899] 25 root - INFO - Match heuristic business names to paybill payments
[ 2026-05-26 20:43:14,899] 174 root - INFO - Data transformation complete
[ 2026-05-26 20:43:14,900] 49 root - INFO - Started Regular Expression mapping
[ 2026-05-26 20:43:14,900] 174 root - INFO - Data transformation complete
[ 2026-05-26 20:43:14,900] 49 root - INFO - Started Regular Expression mapping
[ 2026-05-26 20:43:14,900] 174 root - INFO - Data transformation complete
[ 2026-05-26 20:43:14,900] 49 root - INFO - Started Regular Expression mapping
[ 2026-05-26 20:43:14,900] 174 root - INFO - Data transformation complete
[ 2026-05-26 20:43:14,900] 49 root - INFO - Started Regular Expression mapping
[ 2026-05-26 20:43:14,901] 174 root - INFO - Data transformation complete
[ 2026-05-26 20:43:14,901] 49 root - INFO - Started Regular Expression mapping
[ 2026-05-26 20:43:14,901] 174 root - INFO - Data transformation complete
[ 2026-05-26 20:43:14,901] 49 root - INFO - Started Regular Expression mapping
[ 2026-05-26 20:43:14,901] 174 root - INFO - Data transformation complete
[ 2026-05-26 20:43:14,901] 49 root - INFO - Started Regular Expression mapping
[ 2026-05-26 20:43:14,902] 174 root - INFO - Data transformation complete
[ 2026-05-26 20:43:14,902] 49 root - INFO - Started Regular Expression mapping
[ 2026-05-26 20:43:14,902] 25 root - INFO - Match heuristic business names to paybill payments
[ 2026-05-26 20:43:14,902] 174 root - INFO - Data transformation complete
[ 2026-05-26 20:43:14,902] 49 root - INFO - Started Regular Expression mapping
[ 2026-05-26 20:43:14,902] 25 root - INFO - Match heuristic business names to paybill payments
[ 2026-05-26 20:43:14,902] 174 root - INFO - Data transformation complete
[ 2026-05-26 20:43:14,903] 49 root - INFO - Started Regular Expression mapping
[ 2026-05-26 20:43:14,903] 174 root - INFO - Data transformation complete
[ 2026-05-26 20:43:14,903] 49 root - INFO - Started Regular Expression mapping
[ 2026-05-26 20:43:14,903] 174 root - INFO - Data transformation complete
[ 2026-05-26 20:43:14,903] 49 root - INFO - Started Regular Expression mapping
[ 2026-05-26 20:43:14,903] 174 root - INFO - Data transformation complete
[ 2026-05-26 20:43:14,904] 49 root - INFO - Started Regular Expression mapping
[ 2026-05-26 20:43:14,904] 174 root - INFO - Data transformation complete
[ 2026-05-26 20:43:14,904] 49 root - INFO - Started Regular Expression mapping
[ 2026-05-26 20:43:14,904] 174 root - INFO - Data transformation complete
[ 2026-05-26 20:43:14,904] 49 root - INFO - Started Regular Expression mapping
[ 2026-05-26 20:43:14,904] 25 root - INFO - Match heuristic business names to paybill payments
[ 2026-05-26 20:43:14,904] 174 root - INFO - Data transformation complete
[ 2026-05-26 20:43:14,904] 49 root - INFO - Started Regular Expression mapping
[ 2026-05-26 20:43:14,904] 25 root - INFO - Match heuristic business names to paybill payments
[ 2026-05-26 20:43:14,904] 174 root - INFO - Data transformation complete
[ 2026-05-26 20:43:14,905] 49 root - INFO - Started Regular Expression mapping
[ 2026-05-26 20:43:14,905] 174 root - INFO - Data transformation complete
[ 2026-05-26 20:43:14,905] 49 root - INFO - Started Regular Expression mapping
[ 2026-05-26 20:43:14,905] 174 root - INFO - Data transformation complete
[ 2026-05-26 20:43:14,905] 49 root - INFO - Started Regular Expression mapping
[ 2026-05-26 20:43:14,905] 174 root - INFO - Data transformation complete
[ 2026-05-26 20:43:14,905] 49 root - INFO - Started Regular Expression mapping
[ 2026-05-26 20:43:14,906] 174 root - INFO - Data transformation complete
[ 2026-05-26 20:43:14,906] 49 root - INFO - Started Regular Expression mapping
[ 2026-05-26 20:43:14,906] 174 root - INFO - Data transformation complete
[ 2026-05-26 20:43:14,907] 49 root - INFO - Started Regular Expression mapping
[ 2026-05-26 20:43:14,907] 25 root - INFO - Match heuristic business names to paybill payments
[ 2026-05-26 20:43:14,907] 174 root - INFO - Data transformation complete
[ 2026-05-26 20:43:14,907] 49 root - INFO - Started Regular Expression mapping
[ 2026-05-26 20:43:14,907] 25 root - INFO - Match heuristic business names to paybill payments
[ 2026-05-26 20:43:14,907] 174 root - INFO - Data transformation complete
[ 2026-05-26 20:43:14,907] 49 root - INFO - Started Regular Expression mapping
[ 2026-05-26 20:43:14,908] 174 root - INFO - Data transformation complete
[ 2026-05-26 20:43:14,908] 49 root - INFO - Started Regular Expression mapping
[ 2026-05-26 20:43:14,908] 174 root - INFO - Data transformation complete
[ 2026-05-26 20:43:14,908] 49 root - INFO - Started Regular Expression mapping
[ 2026-05-26 20:43:14,908] 174 root - INFO - Data transformation complete
[ 2026-05-26 20:43:14,908] 49 root - INFO - Started Regular Expression mapping
[ 2026-05-26 20:43:14,909] 25 root - INFO - Match heuristic business names to paybill payments
[ 2026-05-26 20:43:14,909] 174 root - INFO - Data transformation complete
[ 2026-05-26 20:43:14,909] 49 root - INFO - Started Regular Expression mapping
[ 2026-05-26 20:43:14,909] 174 root - INFO - Data transformation complete
[ 2026-05-26 20:43:14,909] 49 root - INFO - Started Regular Expression mapping
[ 2026-05-26 20:43:14,909] 174 root - INFO - Data transformation complete
[ 2026-05-26 20:43:14,909] 49 root - INFO - Started Regular Expression mapping
[ 2026-05-26 20:43:14,910] 174 root - INFO - Data transformation complete
[ 2026-05-26 20:43:14,910] 49 root - INFO - Started Regular Expression mapping
[ 2026-05-26 20:43:14,910] 174 root - INFO - Data transformation complete
[ 2026-05-26 20:43:14,910] 49 root - INFO - Started Regular Expression mapping
[ 2026-05-26 20:43:14,910] 174 root - INFO - Data transformation complete
[ 2026-05-26 20:43:14,910] 49 root - INFO - Started Regular Expression mapping
[ 2026-05-26 20:43:14,910] 174 root - INFO - Data transformation complete
[ 2026-05-26 20:43:14,911] 49 root - INFO - Started Regular Expression mapping
[ 2026-05-26 20:43:14,911] 25 root - INFO - Match heuristic business names to paybill payments
[ 2026-05-26 20:43:14,911] 174 root - INFO - Data transformation complete
[ 2026-05-26 20:43:14,911] 49 root - INFO - Started Regular Expression mapping
[ 2026-05-26 20:43:14,911] 25 root - INFO - Match heuristic business names to paybill payments
[ 2026-05-26 20:43:14,911] 174 root - INFO - Data transformation complete
[ 2026-05-26 20:43:14,911] 49 root - INFO - Started Regular Expression mapping
[ 2026-05-26 20:43:14,912] 174 root - INFO - Data transformation complete
[ 2026-05-26 20:43:14,912] 49 root - INFO - Started Regular Expression mapping
[ 2026-05-26 20:43:14,912] 174 root - INFO - Data transformation complete
[ 2026-05-26 20:43:14,912] 49 root - INFO - Started Regular Expression mapping
[ 2026-05-26 20:43:14,912] 174 root - INFO - Data transformation complete
[ 2026-05-26 20:43:14,912] 49 root - INFO - Started Regular Expression mapping
[ 2026-05-26 20:43:14,913] 25 root - INFO - Match heuristic business names to paybill payments
[ 2026-05-26 20:43:14,913] 174 root - INFO - Data transformation complete
[ 2026-05-26 20:43:14,913] 49 root - INFO - Started Regular Expression mapping
[ 2026-05-26 20:43:14,913] 25 root - INFO - Match heuristic business names to paybill payments
[ 2026-05-26 20:43:14,913] 174 root - INFO - Data transformation complete
[ 2026-05-26 20:43:14,913] 49 root - INFO - Started Regular Expression mapping
[ 2026-05-26 20:43:14,913] 25 root - INFO - Match heuristic business names to paybill payments
[ 2026-05-26 20:43:14,914] 174 root - INFO - Data transformation complete
[ 2026-05-26 20:43:14,914] 49 root - INFO - Started Regular Expression mapping
[ 2026-05-26 20:43:14,914] 25 root - INFO - Match heuristic business names to paybill payments
[ 2026-05-26 20:43:14,914] 174 root - INFO - Data transformation complete
[ 2026-05-26 20:43:14,914] 49 root - INFO - Started Regular Expression mapping
[ 2026-05-26 20:43:14,914] 174 root - INFO - Data transformation complete
[ 2026-05-26 20:43:14,914] 49 root - INFO - Started Regular Expression mapping
[ 2026-05-26 20:43:14,914] 174 root - INFO - Data transformation complete
[ 2026-05-26 20:43:14,914] 49 root - INFO - Started Regular Expression mapping
[ 2026-05-26 20:43:14,914] 174 root - INFO - Data transformation complete
[ 2026-05-26 20:43:14,915] 49 root - INFO - Started Regular Expression mapping
[ 2026-05-26 20:43:14,915] 25 root - INFO - Match heuristic business names to paybill payments
[ 2026-05-26 20:43:14,915] 174 root - INFO - Data transformation complete
[ 2026-05-26 20:43:14,915] 49 root - INFO - Started Regular Expression mapping
[ 2026-05-26 20:43:14,916] 25 root - INFO - Match heuristic business names to paybill payments
[ 2026-05-26 20:43:14,916] 174 root - INFO - Data transformation complete
[ 2026-05-26 20:43:14,916] 49 root - INFO - Started Regular Expression mapping
[ 2026-05-26 20:43:14,916] 174 root - INFO - Data transformation complete
[ 2026-05-26 20:43:14,916] 49 root - INFO - Started Regular Expression mapping
[ 2026-05-26 20:43:14,916] 174 root - INFO - Data transformation complete
[ 2026-05-26 20:43:14,916] 49 root - INFO - Started Regular Expression mapping
[ 2026-05-26 20:43:14,917] 174 root - INFO - Data transformation complete
[ 2026-05-26 20:43:14,917] 49 root - INFO - Started Regular Expression mapping
[ 2026-05-26 20:43:14,917] 174 root - INFO - Data transformation complete
[ 2026-05-26 20:43:14,917] 49 root - INFO - Started Regular Expression mapping
[ 2026-05-26 20:43:14,917] 174 root - INFO - Data transformation complete
[ 2026-05-26 20:43:14,918] 49 root - INFO - Started Regular Expression mapping
[ 2026-05-26 20:43:14,918] 174 root - INFO - Data transformation complete
[ 2026-05-26 20:43:14,918] 49 root - INFO - Started Regular Expression mapping
[ 2026-05-26 20:43:14,918] 174 root - INFO - Data transformation complete
[ 2026-05-26 20:43:14,918] 49 root - INFO - Started Regular Expression mapping
[ 2026-05-26 20:43:14,918] 174 root - INFO - Data transformation complete
[ 2026-05-26 20:43:14,918] 49 root - INFO - Started Regular Expression mapping
[ 2026-05-26 20:43:14,919] 174 root - INFO - Data transformation complete
[ 2026-05-26 20:43:14,919] 49 root - INFO - Started Regular Expression mapping
[ 2026-05-26 20:43:14,919] 25 root - INFO - Match heuristic business names to paybill payments
[ 2026-05-26 20:43:14,919] 174 root - INFO - Data transformation complete
[ 2026-05-26 20:43:14,919] 49 root - INFO - Started Regular Expression mapping
[ 2026-05-26 20:43:14,919] 174 root - INFO - Data transformation complete
[ 2026-05-26 20:43:14,920] 49 root - INFO - Started Regular Expression mapping
[ 2026-05-26 20:43:14,920] 25 root - INFO - Match heuristic business names to paybill payments
[ 2026-05-26 20:43:14,920] 174 root - INFO - Data transformation complete
[ 2026-05-26 20:43:14,920] 49 root - INFO - Started Regular Expression mapping
[ 2026-05-26 20:43:14,920] 25 root - INFO - Match heuristic business names to paybill payments
[ 2026-05-26 20:43:14,920] 174 root - INFO - Data transformation complete
[ 2026-05-26 20:43:14,920] 49 root - INFO - Started Regular Expression mapping
[ 2026-05-26 20:43:14,921] 174 root - INFO - Data transformation complete
[ 2026-05-26 20:43:14,921] 49 root - INFO - Started Regular Expression mapping
[ 2026-05-26 20:43:14,921] 174 root - INFO - Data transformation complete
[ 2026-05-26 20:43:14,921] 49 root - INFO - Started Regular Expression mapping
[ 2026-05-26 20:43:14,921] 25 root - INFO - Match heuristic business names to paybill payments
[ 2026-05-26 20:43:14,921] 174 root - INFO - Data transformation complete
[ 2026-05-26 20:43:14,922] 49 root - INFO - Started Regular Expression mapping
[ 2026-05-26 20:43:14,922] 174 root - INFO - Data transformation complete
[ 2026-05-26 20:43:14,922] 49 root - INFO - Started Regular Expression mapping
[ 2026-05-26 20:43:14,922] 174 root - INFO - Data transformation complete
[ 2026-05-26 20:43:14,922] 49 root - INFO - Started Regular Expression mapping
[ 2026-05-26 20:43:14,922] 174 root - INFO - Data transformation complete
[ 2026-05-26 20:43:14,922] 49 root - INFO - Started Regular Expression mapping
[ 2026-05-26 20:43:14,923] 174 root - INFO - Data transformation complete
[ 2026-05-26 20:43:14,923] 49 root - INFO - Started Regular Expression mapping
[ 2026-05-26 20:43:14,923] 174 root - INFO - Data transformation complete
[ 2026-05-26 20:43:14,923] 49 root - INFO - Started Regular Expression mapping
[ 2026-05-26 20:43:14,923] 174 root - INFO - Data transformation complete
[ 2026-05-26 20:43:14,923] 49 root - INFO - Started Regular Expression mapping
[ 2026-05-26 20:43:14,924] 174 root - INFO - Data transformation complete
[ 2026-05-26 20:43:14,924] 49 root - INFO - Started Regular Expression mapping
[ 2026-05-26 20:43:14,924] 174 root - INFO - Data transformation complete
[ 2026-05-26 20:43:14,924] 49 root - INFO - Started Regular Expression mapping
[ 2026-05-26 20:43:14,924] 174 root - INFO - Data transformation complete
[ 2026-05-26 20:43:14,924] 49 root - INFO - Started Regular Expression mapping
[ 2026-05-26 20:43:14,924] 174 root - INFO - Data transformation complete
[ 2026-05-26 20:43:14,924] 49 root - INFO - Started Regular Expression mapping
[ 2026-05-26 20:43:14,924] 174 root - INFO - Data transformation complete
[ 2026-05-26 20:43:14,924] 49 root - INFO - Started Regular Expression mapping
[ 2026-05-26 20:43:14,925] 25 root - INFO - Match heuristic business names to paybill payments
[ 2026-05-26 20:43:14,925] 174 root - INFO - Data transformation complete
[ 2026-05-26 20:43:14,925] 49 root - INFO - Started Regular Expression mapping
[ 2026-05-26 20:43:14,925] 174 root - INFO - Data transformation complete
[ 2026-05-26 20:43:14,926] 49 root - INFO - Started Regular Expression mapping
[ 2026-05-26 20:43:14,926] 174 root - INFO - Data transformation complete
[ 2026-05-26 20:43:14,926] 49 root - INFO - Started Regular Expression mapping
[ 2026-05-26 20:43:14,926] 174 root - INFO - Data transformation complete
[ 2026-05-26 20:43:14,926] 49 root - INFO - Started Regular Expression mapping
[ 2026-05-26 20:43:14,926] 174 root - INFO - Data transformation complete
[ 2026-05-26 20:43:14,926] 49 root - INFO - Started Regular Expression mapping
[ 2026-05-26 20:43:14,927] 174 root - INFO - Data transformation complete
[ 2026-05-26 20:43:14,927] 49 root - INFO - Started Regular Expression mapping
[ 2026-05-26 20:43:14,927] 174 root - INFO - Data transformation complete
[ 2026-05-26 20:43:14,927] 49 root - INFO - Started Regular Expression mapping
[ 2026-05-26 20:43:14,927] 174 root - INFO - Data transformation complete
[ 2026-05-26 20:43:14,927] 49 root - INFO - Started Regular Expression mapping
[ 2026-05-26 20:43:14,928] 174 root - INFO - Data transformation complete
[ 2026-05-26 20:43:14,928] 49 root - INFO - Started Regular Expression mapping
[ 2026-05-26 20:43:14,928] 25 root - INFO - Match heuristic business names to paybill payments
[ 2026-05-26 20:43:14,928] 174 root - INFO - Data transformation complete
[ 2026-05-26 20:43:14,928] 49 root - INFO - Started Regular Expression mapping
[ 2026-05-26 20:43:14,928] 174 root - INFO - Data transformation complete
[ 2026-05-26 20:43:14,928] 49 root - INFO - Started Regular Expression mapping
[ 2026-05-26 20:43:14,929] 174 root - INFO - Data transformation complete
[ 2026-05-26 20:43:14,929] 49 root - INFO - Started Regular Expression mapping
[ 2026-05-26 20:43:14,929] 25 root - INFO - Match heuristic business names to paybill payments
[ 2026-05-26 20:43:14,929] 174 root - INFO - Data transformation complete
[ 2026-05-26 20:43:14,929] 49 root - INFO - Started Regular Expression mapping
[ 2026-05-26 20:43:14,929] 174 root - INFO - Data transformation complete
[ 2026-05-26 20:43:14,930] 49 root - INFO - Started Regular Expression mapping
[ 2026-05-26 20:43:14,930] 174 root - INFO - Data transformation complete
[ 2026-05-26 20:43:14,930] 49 root - INFO - Started Regular Expression mapping
[ 2026-05-26 20:43:14,930] 25 root - INFO - Match heuristic business names to paybill payments
[ 2026-05-26 20:43:14,930] 174 root - INFO - Data transformation complete
[ 2026-05-26 20:43:14,930] 49 root - INFO - Started Regular Expression mapping
[ 2026-05-26 20:43:14,930] 174 root - INFO - Data transformation complete
[ 2026-05-26 20:43:14,931] 49 root - INFO - Started Regular Expression mapping
[ 2026-05-26 20:43:14,931] 174 root - INFO - Data transformation complete
[ 2026-05-26 20:43:14,931] 49 root - INFO - Started Regular Expression mapping
[ 2026-05-26 20:43:14,931] 174 root - INFO - Data transformation complete
[ 2026-05-26 20:43:14,931] 49 root - INFO - Started Regular Expression mapping
[ 2026-05-26 20:43:14,931] 174 root - INFO - Data transformation complete
[ 2026-05-26 20:43:14,932] 49 root - INFO - Started Regular Expression mapping
[ 2026-05-26 20:43:14,932] 174 root - INFO - Data transformation complete
[ 2026-05-26 20:43:14,932] 49 root - INFO - Started Regular Expression mapping
[ 2026-05-26 20:43:14,932] 25 root - INFO - Match heuristic business names to paybill payments
[ 2026-05-26 20:43:14,932] 174 root - INFO - Data transformation complete
[ 2026-05-26 20:43:14,932] 49 root - INFO - Started Regular Expression mapping
[ 2026-05-26 20:43:14,932] 174 root - INFO - Data transformation complete
[ 2026-05-26 20:43:14,933] 49 root - INFO - Started Regular Expression mapping
[ 2026-05-26 20:43:14,933] 174 root - INFO - Data transformation complete
[ 2026-05-26 20:43:14,933] 49 root - INFO - Started Regular Expression mapping
[ 2026-05-26 20:43:14,933] 25 root - INFO - Match heuristic business names to paybill payments
[ 2026-05-26 20:43:14,933] 174 root - INFO - Data transformation complete
[ 2026-05-26 20:43:14,933] 49 root - INFO - Started Regular Expression mapping
[ 2026-05-26 20:43:14,934] 174 root - INFO - Data transformation complete
[ 2026-05-26 20:43:14,934] 49 root - INFO - Started Regular Expression mapping
[ 2026-05-26 20:43:14,934] 25 root - INFO - Match heuristic business names to paybill payments
[ 2026-05-26 20:43:14,934] 174 root - INFO - Data transformation complete
[ 2026-05-26 20:43:14,934] 49 root - INFO - Started Regular Expression mapping
[ 2026-05-26 20:43:14,934] 174 root - INFO - Data transformation complete
[ 2026-05-26 20:43:14,934] 49 root - INFO - Started Regular Expression mapping
[ 2026-05-26 20:43:14,934] 174 root - INFO - Data transformation complete
[ 2026-05-26 20:43:14,934] 49 root - INFO - Started Regular Expression mapping
[ 2026-05-26 20:43:14,934] 25 root - INFO - Match heuristic business names to paybill payments
[ 2026-05-26 20:43:14,934] 174 root - INFO - Data transformation complete
[ 2026-05-26 20:43:14,935] 49 root - INFO - Started Regular Expression mapping
[ 2026-05-26 20:43:14,935] 174 root - INFO - Data transformation complete
[ 2026-05-26 20:43:14,935] 49 root - INFO - Started Regular Expression mapping
[ 2026-05-26 20:43:14,936] 174 root - INFO - Data transformation complete
[ 2026-05-26 20:43:14,936] 49 root - INFO - Started Regular Expression mapping
[ 2026-05-26 20:43:14,936] 174 root - INFO - Data transformation complete
[ 2026-05-26 20:43:14,936] 49 root - INFO - Started Regular Expression mapping
[ 2026-05-26 20:43:14,936] 174 root - INFO - Data transformation complete
[ 2026-05-26 20:43:14,936] 49 root - INFO - Started Regular Expression mapping
[ 2026-05-26 20:43:14,936] 174 root - INFO - Data transformation complete
[ 2026-05-26 20:43:14,937] 49 root - INFO - Started Regular Expression mapping
[ 2026-05-26 20:43:14,937] 25 root - INFO - Match heuristic business names to paybill payments
[ 2026-05-26 20:43:14,937] 174 root - INFO - Data transformation complete
[ 2026-05-26 20:43:14,937] 49 root - INFO - Started Regular Expression mapping
[ 2026-05-26 20:43:14,937] 174 root - INFO - Data transformation complete
[ 2026-05-26 20:43:14,937] 49 root - INFO - Started Regular Expression mapping
[ 2026-05-26 20:43:14,937] 174 root - INFO - Data transformation complete
[ 2026-05-26 20:43:14,937] 49 root - INFO - Started Regular Expression mapping
[ 2026-05-26 20:43:14,937] 174 root - INFO - Data transformation complete
[ 2026-05-26 20:43:14,939] 49 root - INFO - Started Regular Expression mapping
[ 2026-05-26 20:43:14,939] 174 root - INFO - Data transformation complete
[ 2026-05-26 20:43:14,939] 49 root - INFO - Started Regular Expression mapping
[ 2026-05-26 20:43:14,939] 174 root - INFO - Data transformation complete
[ 2026-05-26 20:43:14,939] 49 root - INFO - Started Regular Expression mapping
[ 2026-05-26 20:43:14,939] 174 root - INFO - Data transformation complete
[ 2026-05-26 20:43:14,940] 49 root - INFO - Started Regular Expression mapping
[ 2026-05-26 20:43:14,940] 174 root - INFO - Data transformation complete
[ 2026-05-26 20:43:14,940] 49 root - INFO - Started Regular Expression mapping
[ 2026-05-26 20:43:14,940] 25 root - INFO - Match heuristic business names to paybill payments
[ 2026-05-26 20:43:14,940] 174 root - INFO - Data transformation complete
[ 2026-05-26 20:43:14,940] 49 root - INFO - Started Regular Expression mapping
[ 2026-05-26 20:43:14,940] 174 root - INFO - Data transformation complete
[ 2026-05-26 20:43:14,941] 49 root - INFO - Started Regular Expression mapping
[ 2026-05-26 20:43:14,941] 174 root - INFO - Data transformation complete
[ 2026-05-26 20:43:14,941] 49 root - INFO - Started Regular Expression mapping
[ 2026-05-26 20:43:14,941] 174 root - INFO - Data transformation complete
[ 2026-05-26 20:43:14,941] 49 root - INFO - Started Regular Expression mapping
[ 2026-05-26 20:43:14,941] 174 root - INFO - Data transformation complete
[ 2026-05-26 20:43:14,942] 49 root - INFO - Started Regular Expression mapping
[ 2026-05-26 20:43:14,942] 174 root - INFO - Data transformation complete
[ 2026-05-26 20:43:14,942] 49 root - INFO - Started Regular Expression mapping
[ 2026-05-26 20:43:14,942] 174 root - INFO - Data transformation complete
[ 2026-05-26 20:43:14,942] 49 root - INFO - Started Regular Expression mapping
[ 2026-05-26 20:43:14,942] 174 root - INFO - Data transformation complete
[ 2026-05-26 20:43:14,942] 49 root - INFO - Started Regular Expression mapping
[ 2026-05-26 20:43:14,943] 25 root - INFO - Match heuristic business names to paybill payments
[ 2026-05-26 20:43:14,943] 174 root - INFO - Data transformation complete
[ 2026-05-26 20:43:14,943] 49 root - INFO - Started Regular Expression mapping
[ 2026-05-26 20:43:14,943] 25 root - INFO - Match heuristic business names to paybill payments
[ 2026-05-26 20:43:14,943] 174 root - INFO - Data transformation complete
[ 2026-05-26 20:43:14,943] 49 root - INFO - Started Regular Expression mapping
[ 2026-05-26 20:43:14,944] 174 root - INFO - Data transformation complete
[ 2026-05-26 20:43:14,944] 49 root - INFO - Started Regular Expression mapping
[ 2026-05-26 20:43:14,944] 174 root - INFO - Data transformation complete
[ 2026-05-26 20:43:14,944] 49 root - INFO - Started Regular Expression mapping
[ 2026-05-26 20:43:14,944] 25 root - INFO - Match heuristic business names to paybill payments
[ 2026-05-26 20:43:14,944] 174 root - INFO - Data transformation complete
[ 2026-05-26 20:43:14,944] 49 root - INFO - Started Regular Expression mapping
[ 2026-05-26 20:43:14,944] 174 root - INFO - Data transformation complete
[ 2026-05-26 20:43:14,944] 49 root - INFO - Started Regular Expression mapping
[ 2026-05-26 20:43:14,944] 174 root - INFO - Data transformation complete
[ 2026-05-26 20:43:14,944] 49 root - INFO - Started Regular Expression mapping
[ 2026-05-26 20:43:14,945] 25 root - INFO - Match heuristic business names to paybill payments
[ 2026-05-26 20:43:14,945] 174 root - INFO - Data transformation complete
[ 2026-05-26 20:43:14,945] 49 root - INFO - Started Regular Expression mapping
[ 2026-05-26 20:43:14,945] 25 root - INFO - Match heuristic business names to paybill payments
[ 2026-05-26 20:43:14,945] 174 root - INFO - Data transformation complete
[ 2026-05-26 20:43:14,945] 49 root - INFO - Started Regular Expression mapping
[ 2026-05-26 20:43:14,945] 25 root - INFO - Match heuristic business names to paybill payments
[ 2026-05-26 20:43:14,946] 174 root - INFO - Data transformation complete
[ 2026-05-26 20:43:14,946] 49 root - INFO - Started Regular Expression mapping
[ 2026-05-26 20:43:14,946] 174 root - INFO - Data transformation complete
[ 2026-05-26 20:43:14,947] 49 root - INFO - Started Regular Expression mapping
[ 2026-05-26 20:43:14,947] 174 root - INFO - Data transformation complete
[ 2026-05-26 20:43:14,947] 49 root - INFO - Started Regular Expression mapping
[ 2026-05-26 20:43:14,947] 174 root - INFO - Data transformation complete
[ 2026-05-26 20:43:14,947] 49 root - INFO - Started Regular Expression mapping
[ 2026-05-26 20:43:14,947] 174 root - INFO - Data transformation complete
[ 2026-05-26 20:43:14,947] 49 root - INFO - Started Regular Expression mapping
[ 2026-05-26 20:43:14,948] 25 root - INFO - Match heuristic business names to paybill payments
[ 2026-05-26 20:43:14,948] 174 root - INFO - Data transformation complete
[ 2026-05-26 20:43:14,948] 49 root - INFO - Started Regular Expression mapping
[ 2026-05-26 20:43:14,948] 174 root - INFO - Data transformation complete
[ 2026-05-26 20:43:14,948] 49 root - INFO - Started Regular Expression mapping
[ 2026-05-26 20:43:14,948] 174 root - INFO - Data transformation complete
[ 2026-05-26 20:43:14,949] 49 root - INFO - Started Regular Expression mapping
[ 2026-05-26 20:43:14,949] 174 root - INFO - Data transformation complete
[ 2026-05-26 20:43:14,949] 49 root - INFO - Started Regular Expression mapping
[ 2026-05-26 20:43:14,949] 174 root - INFO - Data transformation complete
[ 2026-05-26 20:43:14,949] 49 root - INFO - Started Regular Expression mapping
[ 2026-05-26 20:43:14,949] 25 root - INFO - Match heuristic business names to paybill payments
[ 2026-05-26 20:43:14,949] 174 root - INFO - Data transformation complete
[ 2026-05-26 20:43:14,950] 49 root - INFO - Started Regular Expression mapping
[ 2026-05-26 20:43:14,950] 174 root - INFO - Data transformation complete
[ 2026-05-26 20:43:14,950] 49 root - INFO - Started Regular Expression mapping
[ 2026-05-26 20:43:14,950] 25 root - INFO - Match heuristic business names to paybill payments
[ 2026-05-26 20:43:14,950] 174 root - INFO - Data transformation complete
[ 2026-05-26 20:43:14,950] 49 root - INFO - Started Regular Expression mapping
[ 2026-05-26 20:43:14,951] 174 root - INFO - Data transformation complete
[ 2026-05-26 20:43:14,951] 49 root - INFO - Started Regular Expression mapping
[ 2026-05-26 20:43:14,951] 174 root - INFO - Data transformation complete
[ 2026-05-26 20:43:14,951] 49 root - INFO - Started Regular Expression mapping
[ 2026-05-26 20:43:14,951] 174 root - INFO - Data transformation complete
[ 2026-05-26 20:43:14,951] 49 root - INFO - Started Regular Expression mapping
[ 2026-05-26 20:43:14,951] 174 root - INFO - Data transformation complete
[ 2026-05-26 20:43:14,952] 49 root - INFO - Started Regular Expression mapping
[ 2026-05-26 20:43:14,952] 174 root - INFO - Data transformation complete
[ 2026-05-26 20:43:14,952] 49 root - INFO - Started Regular Expression mapping
[ 2026-05-26 20:43:14,952] 25 root - INFO - Match heuristic business names to paybill payments
[ 2026-05-26 20:43:14,952] 174 root - INFO - Data transformation complete
[ 2026-05-26 20:43:14,952] 49 root - INFO - Started Regular Expression mapping
[ 2026-05-26 20:43:14,952] 174 root - INFO - Data transformation complete
[ 2026-05-26 20:43:14,953] 49 root - INFO - Started Regular Expression mapping
[ 2026-05-26 20:43:14,953] 174 root - INFO - Data transformation complete
[ 2026-05-26 20:43:14,953] 49 root - INFO - Started Regular Expression mapping
[ 2026-05-26 20:43:14,953] 174 root - INFO - Data transformation complete
[ 2026-05-26 20:43:14,953] 49 root - INFO - Started Regular Expression mapping
[ 2026-05-26 20:43:14,953] 25 root - INFO - Match heuristic business names to paybill payments
[ 2026-05-26 20:43:14,954] 174 root - INFO - Data transformation complete
[ 2026-05-26 20:43:14,954] 49 root - INFO - Started Regular Expression mapping
[ 2026-05-26 20:43:14,954] 174 root - INFO - Data transformation complete
[ 2026-05-26 20:43:14,954] 49 root - INFO - Started Regular Expression mapping
[ 2026-05-26 20:43:14,954] 174 root - INFO - Data transformation complete
[ 2026-05-26 20:43:14,954] 49 root - INFO - Started Regular Expression mapping
[ 2026-05-26 20:43:14,954] 174 root - INFO - Data transformation complete
[ 2026-05-26 20:43:14,954] 49 root - INFO - Started Regular Expression mapping
[ 2026-05-26 20:43:14,954] 174 root - INFO - Data transformation complete
[ 2026-05-26 20:43:14,954] 49 root - INFO - Started Regular Expression mapping
[ 2026-05-26 20:43:14,955] 174 root - INFO - Data transformation complete
[ 2026-05-26 20:43:14,955] 49 root - INFO - Started Regular Expression mapping
[ 2026-05-26 20:43:14,955] 174 root - INFO - Data transformation complete
[ 2026-05-26 20:43:14,955] 49 root - INFO - Started Regular Expression mapping
[ 2026-05-26 20:43:14,955] 174 root - INFO - Data transformation complete
[ 2026-05-26 20:43:14,955] 49 root - INFO - Started Regular Expression mapping
[ 2026-05-26 20:43:14,956] 25 root - INFO - Match heuristic business names to paybill payments
[ 2026-05-26 20:43:14,956] 174 root - INFO - Data transformation complete
[ 2026-05-26 20:43:14,956] 49 root - INFO - Started Regular Expression mapping
[ 2026-05-26 20:43:14,957] 174 root - INFO - Data transformation complete
[ 2026-05-26 20:43:14,957] 49 root - INFO - Started Regular Expression mapping
[ 2026-05-26 20:43:14,957] 174 root - INFO - Data transformation complete
[ 2026-05-26 20:43:14,957] 49 root - INFO - Started Regular Expression mapping
[ 2026-05-26 20:43:14,957] 174 root - INFO - Data transformation complete
[ 2026-05-26 20:43:14,957] 49 root - INFO - Started Regular Expression mapping
[ 2026-05-26 20:43:14,957] 174 root - INFO - Data transformation complete
[ 2026-05-26 20:43:14,957] 49 root - INFO - Started Regular Expression mapping
[ 2026-05-26 20:43:14,958] 174 root - INFO - Data transformation complete
[ 2026-05-26 20:43:14,958] 49 root - INFO - Started Regular Expression mapping
[ 2026-05-26 20:43:14,958] 174 root - INFO - Data transformation complete
[ 2026-05-26 20:43:14,958] 49 root - INFO - Started Regular Expression mapping
[ 2026-05-26 20:43:14,958] 25 root - INFO - Match heuristic business names to paybill payments
[ 2026-05-26 20:43:14,958] 174 root - INFO - Data transformation complete
[ 2026-05-26 20:43:14,958] 49 root - INFO - Started Regular Expression mapping
[ 2026-05-26 20:43:14,959] 25 root - INFO - Match heuristic business names to paybill payments
[ 2026-05-26 20:43:14,959] 174 root - INFO - Data transformation complete
[ 2026-05-26 20:43:14,959] 49 root - INFO - Started Regular Expression mapping
[ 2026-05-26 20:43:14,959] 174 root - INFO - Data transformation complete
[ 2026-05-26 20:43:14,959] 49 root - INFO - Started Regular Expression mapping
[ 2026-05-26 20:43:14,959] 174 root - INFO - Data transformation complete
[ 2026-05-26 20:43:14,959] 49 root - INFO - Started Regular Expression mapping
[ 2026-05-26 20:43:14,960] 174 root - INFO - Data transformation complete
[ 2026-05-26 20:43:14,960] 49 root - INFO - Started Regular Expression mapping
[ 2026-05-26 20:43:14,960] 174 root - INFO - Data transformation complete
[ 2026-05-26 20:43:14,960] 49 root - INFO - Started Regular Expression mapping
[ 2026-05-26 20:43:14,960] 174 root - INFO - Data transformation complete
[ 2026-05-26 20:43:14,960] 49 root - INFO - Started Regular Expression mapping
[ 2026-05-26 20:43:14,961] 25 root - INFO - Match heuristic business names to paybill payments
[ 2026-05-26 20:43:14,961] 174 root - INFO - Data transformation complete
[ 2026-05-26 20:43:14,961] 49 root - INFO - Started Regular Expression mapping
[ 2026-05-26 20:43:14,961] 174 root - INFO - Data transformation complete
[ 2026-05-26 20:43:14,961] 49 root - INFO - Started Regular Expression mapping
[ 2026-05-26 20:43:14,961] 174 root - INFO - Data transformation complete
[ 2026-05-26 20:43:14,961] 49 root - INFO - Started Regular Expression mapping
[ 2026-05-26 20:43:14,962] 174 root - INFO - Data transformation complete
[ 2026-05-26 20:43:14,962] 49 root - INFO - Started Regular Expression mapping
[ 2026-05-26 20:43:14,962] 25 root - INFO - Match heuristic business names to paybill payments
[ 2026-05-26 20:43:14,962] 174 root - INFO - Data transformation complete
[ 2026-05-26 20:43:14,962] 49 root - INFO - Started Regular Expression mapping
[ 2026-05-26 20:43:14,962] 174 root - INFO - Data transformation complete
[ 2026-05-26 20:43:14,963] 49 root - INFO - Started Regular Expression mapping
[ 2026-05-26 20:43:14,963] 174 root - INFO - Data transformation complete
[ 2026-05-26 20:43:14,963] 49 root - INFO - Started Regular Expression mapping
[ 2026-05-26 20:43:14,963] 174 root - INFO - Data transformation complete
[ 2026-05-26 20:43:14,963] 49 root - INFO - Started Regular Expression mapping
[ 2026-05-26 20:43:14,963] 174 root - INFO - Data transformation complete
[ 2026-05-26 20:43:14,963] 49 root - INFO - Started Regular Expression mapping
[ 2026-05-26 20:43:14,964] 174 root - INFO - Data transformation complete
[ 2026-05-26 20:43:14,964] 49 root - INFO - Started Regular Expression mapping
[ 2026-05-26 20:43:14,964] 174 root - INFO - Data transformation complete
[ 2026-05-26 20:43:14,964] 49 root - INFO - Started Regular Expression mapping
[ 2026-05-26 20:43:14,964] 174 root - INFO - Data transformation complete
[ 2026-05-26 20:43:14,964] 49 root - INFO - Started Regular Expression mapping
[ 2026-05-26 20:43:14,965] 174 root - INFO - Data transformation complete
[ 2026-05-26 20:43:14,965] 49 root - INFO - Started Regular Expression mapping
[ 2026-05-26 20:43:14,965] 174 root - INFO - Data transformation complete
[ 2026-05-26 20:43:14,966] 49 root - INFO - Started Regular Expression mapping
[ 2026-05-26 20:43:14,966] 174 root - INFO - Data transformation complete
[ 2026-05-26 20:43:14,966] 49 root - INFO - Started Regular Expression mapping
[ 2026-05-26 20:43:14,966] 174 root - INFO - Data transformation complete
[ 2026-05-26 20:43:14,966] 49 root - INFO - Started Regular Expression mapping
[ 2026-05-26 20:43:14,966] 174 root - INFO - Data transformation complete
[ 2026-05-26 20:43:14,966] 49 root - INFO - Started Regular Expression mapping
[ 2026-05-26 20:43:14,966] 174 root - INFO - Data transformation complete
[ 2026-05-26 20:43:14,966] 49 root - INFO - Started Regular Expression mapping
[ 2026-05-26 20:43:14,966] 174 root - INFO - Data transformation complete
[ 2026-05-26 20:43:14,966] 49 root - INFO - Started Regular Expression mapping
[ 2026-05-26 20:43:14,967] 174 root - INFO - Data transformation complete
[ 2026-05-26 20:43:14,967] 49 root - INFO - Started Regular Expression mapping
[ 2026-05-26 20:43:14,967] 174 root - INFO - Data transformation complete
[ 2026-05-26 20:43:14,967] 49 root - INFO - Started Regular Expression mapping
[ 2026-05-26 20:43:14,967] 174 root - INFO - Data transformation complete
[ 2026-05-26 20:43:14,967] 49 root - INFO - Started Regular Expression mapping
[ 2026-05-26 20:43:14,968] 174 root - INFO - Data transformation complete
[ 2026-05-26 20:43:14,968] 49 root - INFO - Started Regular Expression mapping
[ 2026-05-26 20:43:14,968] 174 root - INFO - Data transformation complete
[ 2026-05-26 20:43:14,968] 49 root - INFO - Started Regular Expression mapping
[ 2026-05-26 20:43:14,968] 174 root - INFO - Data transformation complete
[ 2026-05-26 20:43:14,968] 49 root - INFO - Started Regular Expression mapping
[ 2026-05-26 20:43:14,968] 174 root - INFO - Data transformation complete
[ 2026-05-26 20:43:14,969] 49 root - INFO - Started Regular Expression mapping
[ 2026-05-26 20:43:14,969] 25 root - INFO - Match heuristic business names to paybill payments
[ 2026-05-26 20:43:14,969] 174 root - INFO - Data transformation complete
[ 2026-05-26 20:43:14,969] 49 root - INFO - Started Regular Expression mapping
[ 2026-05-26 20:43:14,969] 174 root - INFO - Data transformation complete
[ 2026-05-26 20:43:14,969] 49 root - INFO - Started Regular Expression mapping
[ 2026-05-26 20:43:14,970] 25 root - INFO - Match heuristic business names to paybill payments
[ 2026-05-26 20:43:14,970] 174 root - INFO - Data transformation complete
[ 2026-05-26 20:43:14,970] 49 root - INFO - Started Regular Expression mapping
[ 2026-05-26 20:43:14,970] 174 root - INFO - Data transformation complete
[ 2026-05-26 20:43:14,970] 49 root - INFO - Started Regular Expression mapping
[ 2026-05-26 20:43:14,970] 174 root - INFO - Data transformation complete
[ 2026-05-26 20:43:14,971] 49 root - INFO - Started Regular Expression mapping
[ 2026-05-26 20:43:14,971] 174 root - INFO - Data transformation complete
[ 2026-05-26 20:43:14,971] 49 root - INFO - Started Regular Expression mapping
[ 2026-05-26 20:43:14,971] 174 root - INFO - Data transformation complete
[ 2026-05-26 20:43:14,971] 49 root - INFO - Started Regular Expression mapping
[ 2026-05-26 20:43:14,972] 174 root - INFO - Data transformation complete
[ 2026-05-26 20:43:14,972] 49 root - INFO - Started Regular Expression mapping
[ 2026-05-26 20:43:14,972] 174 root - INFO - Data transformation complete
[ 2026-05-26 20:43:14,972] 49 root - INFO - Started Regular Expression mapping
[ 2026-05-26 20:43:14,972] 25 root - INFO - Match heuristic business names to paybill payments
[ 2026-05-26 20:43:14,972] 174 root - INFO - Data transformation complete
[ 2026-05-26 20:43:14,972] 49 root - INFO - Started Regular Expression mapping
[ 2026-05-26 20:43:14,973] 174 root - INFO - Data transformation complete
[ 2026-05-26 20:43:14,973] 49 root - INFO - Started Regular Expression mapping
[ 2026-05-26 20:43:14,973] 174 root - INFO - Data transformation complete
[ 2026-05-26 20:43:14,973] 49 root - INFO - Started Regular Expression mapping
[ 2026-05-26 20:43:14,973] 174 root - INFO - Data transformation complete
[ 2026-05-26 20:43:14,973] 49 root - INFO - Started Regular Expression mapping
[ 2026-05-26 20:43:14,974] 174 root - INFO - Data transformation complete
[ 2026-05-26 20:43:14,974] 49 root - INFO - Started Regular Expression mapping
[ 2026-05-26 20:43:14,974] 25 root - INFO - Match heuristic business names to paybill payments
[ 2026-05-26 20:43:14,974] 174 root - INFO - Data transformation complete
[ 2026-05-26 20:43:14,974] 49 root - INFO - Started Regular Expression mapping
[ 2026-05-26 20:43:14,974] 174 root - INFO - Data transformation complete
[ 2026-05-26 20:43:14,974] 49 root - INFO - Started Regular Expression mapping
[ 2026-05-26 20:43:14,975] 25 root - INFO - Match heuristic business names to paybill payments
[ 2026-05-26 20:43:14,975] 174 root - INFO - Data transformation complete
[ 2026-05-26 20:43:14,975] 49 root - INFO - Started Regular Expression mapping
[ 2026-05-26 20:43:14,976] 174 root - INFO - Data transformation complete
[ 2026-05-26 20:43:14,976] 49 root - INFO - Started Regular Expression mapping
[ 2026-05-26 20:43:14,976] 174 root - INFO - Data transformation complete
[ 2026-05-26 20:43:14,976] 49 root - INFO - Started Regular Expression mapping
[ 2026-05-26 20:43:14,976] 174 root - INFO - Data transformation complete
[ 2026-05-26 20:43:14,976] 49 root - INFO - Started Regular Expression mapping
[ 2026-05-26 20:43:14,976] 174 root - INFO - Data transformation complete
[ 2026-05-26 20:43:14,976] 49 root - INFO - Started Regular Expression mapping
[ 2026-05-26 20:43:14,976] 174 root - INFO - Data transformation complete
[ 2026-05-26 20:43:14,976] 49 root - INFO - Started Regular Expression mapping
[ 2026-05-26 20:43:14,977] 174 root - INFO - Data transformation complete
[ 2026-05-26 20:43:14,977] 49 root - INFO - Started Regular Expression mapping
[ 2026-05-26 20:43:14,977] 25 root - INFO - Match heuristic business names to paybill payments
[ 2026-05-26 20:43:14,978] 174 root - INFO - Data transformation complete
[ 2026-05-26 20:43:14,978] 49 root - INFO - Started Regular Expression mapping
[ 2026-05-26 20:43:14,978] 174 root - INFO - Data transformation complete
[ 2026-05-26 20:43:14,978] 49 root - INFO - Started Regular Expression mapping
[ 2026-05-26 20:43:14,978] 174 root - INFO - Data transformation complete
[ 2026-05-26 20:43:14,978] 49 root - INFO - Started Regular Expression mapping
[ 2026-05-26 20:43:14,979] 174 root - INFO - Data transformation complete
[ 2026-05-26 20:43:14,979] 49 root - INFO - Started Regular Expression mapping
[ 2026-05-26 20:43:14,979] 174 root - INFO - Data transformation complete
[ 2026-05-26 20:43:14,979] 49 root - INFO - Started Regular Expression mapping
[ 2026-05-26 20:43:14,979] 174 root - INFO - Data transformation complete
[ 2026-05-26 20:43:14,979] 49 root - INFO - Started Regular Expression mapping
[ 2026-05-26 20:43:14,980] 174 root - INFO - Data transformation complete
[ 2026-05-26 20:43:14,980] 49 root - INFO - Started Regular Expression mapping
[ 2026-05-26 20:43:14,980] 174 root - INFO - Data transformation complete
[ 2026-05-26 20:43:14,980] 49 root - INFO - Started Regular Expression mapping
[ 2026-05-26 20:43:14,980] 25 root - INFO - Match heuristic business names to paybill payments
[ 2026-05-26 20:43:14,980] 174 root - INFO - Data transformation complete
[ 2026-05-26 20:43:14,980] 49 root - INFO - Started Regular Expression mapping
[ 2026-05-26 20:43:14,981] 174 root - INFO - Data transformation complete
[ 2026-05-26 20:43:14,981] 49 root - INFO - Started Regular Expression mapping
[ 2026-05-26 20:43:14,981] 174 root - INFO - Data transformation complete
[ 2026-05-26 20:43:14,981] 49 root - INFO - Started Regular Expression mapping
[ 2026-05-26 20:43:14,981] 25 root - INFO - Match heuristic business names to paybill payments
[ 2026-05-26 20:43:14,981] 174 root - INFO - Data transformation complete
[ 2026-05-26 20:43:14,981] 49 root - INFO - Started Regular Expression mapping
[ 2026-05-26 20:43:14,982] 25 root - INFO - Match heuristic business names to paybill payments
[ 2026-05-26 20:43:14,982] 174 root - INFO - Data transformation complete
[ 2026-05-26 20:43:14,982] 49 root - INFO - Started Regular Expression mapping
[ 2026-05-26 20:43:14,982] 174 root - INFO - Data transformation complete
[ 2026-05-26 20:43:14,982] 49 root - INFO - Started Regular Expression mapping
[ 2026-05-26 20:43:14,982] 174 root - INFO - Data transformation complete
[ 2026-05-26 20:43:14,982] 49 root - INFO - Started Regular Expression mapping
[ 2026-05-26 20:43:14,983] 174 root - INFO - Data transformation complete
[ 2026-05-26 20:43:14,983] 49 root - INFO - Started Regular Expression mapping
[ 2026-05-26 20:43:14,983] 174 root - INFO - Data transformation complete
[ 2026-05-26 20:43:14,983] 49 root - INFO - Started Regular Expression mapping
[ 2026-05-26 20:43:14,983] 174 root - INFO - Data transformation complete
[ 2026-05-26 20:43:14,983] 49 root - INFO - Started Regular Expression mapping
[ 2026-05-26 20:43:14,984] 174 root - INFO - Data transformation complete
[ 2026-05-26 20:43:14,984] 49 root - INFO - Started Regular Expression mapping
[ 2026-05-26 20:43:14,984] 174 root - INFO - Data transformation complete
[ 2026-05-26 20:43:14,984] 49 root - INFO - Started Regular Expression mapping
[ 2026-05-26 20:43:14,984] 25 root - INFO - Match heuristic business names to paybill payments
[ 2026-05-26 20:43:14,984] 174 root - INFO - Data transformation complete
[ 2026-05-26 20:43:14,984] 49 root - INFO - Started Regular Expression mapping
[ 2026-05-26 20:43:14,984] 25 root - INFO - Match heuristic business names to paybill payments
[ 2026-05-26 20:43:14,984] 174 root - INFO - Data transformation complete
[ 2026-05-26 20:43:14,984] 49 root - INFO - Started Regular Expression mapping
[ 2026-05-26 20:43:14,985] 174 root - INFO - Data transformation complete
[ 2026-05-26 20:43:14,985] 49 root - INFO - Started Regular Expression mapping
[ 2026-05-26 20:43:14,985] 174 root - INFO - Data transformation complete
[ 2026-05-26 20:43:14,985] 49 root - INFO - Started Regular Expression mapping
[ 2026-05-26 20:43:14,985] 174 root - INFO - Data transformation complete
[ 2026-05-26 20:43:14,985] 49 root - INFO - Started Regular Expression mapping
[ 2026-05-26 20:43:14,985] 25 root - INFO - Match heuristic business names to paybill payments
[ 2026-05-26 20:43:14,986] 174 root - INFO - Data transformation complete
[ 2026-05-26 20:43:14,986] 49 root - INFO - Started Regular Expression mapping
[ 2026-05-26 20:43:14,986] 174 root - INFO - Data transformation complete
[ 2026-05-26 20:43:14,987] 49 root - INFO - Started Regular Expression mapping
[ 2026-05-26 20:43:14,987] 174 root - INFO - Data transformation complete
[ 2026-05-26 20:43:14,987] 49 root - INFO - Started Regular Expression mapping
[ 2026-05-26 20:43:14,988] 174 root - INFO - Data transformation complete
[ 2026-05-26 20:43:14,988] 49 root - INFO - Started Regular Expression mapping
[ 2026-05-26 20:43:14,988] 174 root - INFO - Data transformation complete
[ 2026-05-26 20:43:14,988] 49 root - INFO - Started Regular Expression mapping
[ 2026-05-26 20:43:14,989] 25 root - INFO - Match heuristic business names to paybill payments
[ 2026-05-26 20:43:14,989] 174 root - INFO - Data transformation complete
[ 2026-05-26 20:43:14,989] 49 root - INFO - Started Regular Expression mapping
[ 2026-05-26 20:43:14,989] 174 root - INFO - Data transformation complete
[ 2026-05-26 20:43:14,989] 49 root - INFO - Started Regular Expression mapping
[ 2026-05-26 20:43:14,989] 174 root - INFO - Data transformation complete
[ 2026-05-26 20:43:14,990] 49 root - INFO - Started Regular Expression mapping
[ 2026-05-26 20:43:14,990] 174 root - INFO - Data transformation complete
[ 2026-05-26 20:43:14,990] 49 root - INFO - Started Regular Expression mapping
[ 2026-05-26 20:43:14,990] 174 root - INFO - Data transformation complete
[ 2026-05-26 20:43:14,990] 49 root - INFO - Started Regular Expression mapping
[ 2026-05-26 20:43:14,990] 174 root - INFO - Data transformation complete
[ 2026-05-26 20:43:14,990] 49 root - INFO - Started Regular Expression mapping
[ 2026-05-26 20:43:14,991] 174 root - INFO - Data transformation complete
[ 2026-05-26 20:43:14,991] 49 root - INFO - Started Regular Expression mapping
[ 2026-05-26 20:43:14,991] 174 root - INFO - Data transformation complete
[ 2026-05-26 20:43:14,991] 49 root - INFO - Started Regular Expression mapping
[ 2026-05-26 20:43:14,991] 174 root - INFO - Data transformation complete
[ 2026-05-26 20:43:14,991] 49 root - INFO - Started Regular Expression mapping
[ 2026-05-26 20:43:14,992] 174 root - INFO - Data transformation complete
[ 2026-05-26 20:43:14,992] 49 root - INFO - Started Regular Expression mapping
[ 2026-05-26 20:43:14,992] 25 root - INFO - Match heuristic business names to paybill payments
[ 2026-05-26 20:43:14,992] 174 root - INFO - Data transformation complete
[ 2026-05-26 20:43:14,992] 49 root - INFO - Started Regular Expression mapping
[ 2026-05-26 20:43:14,992] 174 root - INFO - Data transformation complete
[ 2026-05-26 20:43:14,992] 49 root - INFO - Started Regular Expression mapping
[ 2026-05-26 20:43:14,993] 174 root - INFO - Data transformation complete
[ 2026-05-26 20:43:14,993] 49 root - INFO - Started Regular Expression mapping
[ 2026-05-26 20:43:14,993] 174 root - INFO - Data transformation complete
[ 2026-05-26 20:43:14,993] 49 root - INFO - Started Regular Expression mapping
[ 2026-05-26 20:43:14,993] 25 root - INFO - Match heuristic business names to paybill payments
[ 2026-05-26 20:43:14,993] 174 root - INFO - Data transformation complete
[ 2026-05-26 20:43:14,993] 49 root - INFO - Started Regular Expression mapping
[ 2026-05-26 20:43:14,994] 174 root - INFO - Data transformation complete
[ 2026-05-26 20:43:14,994] 49 root - INFO - Started Regular Expression mapping
[ 2026-05-26 20:43:14,994] 174 root - INFO - Data transformation complete
[ 2026-05-26 20:43:14,994] 49 root - INFO - Started Regular Expression mapping
[ 2026-05-26 20:43:14,994] 174 root - INFO - Data transformation complete
[ 2026-05-26 20:43:14,994] 49 root - INFO - Started Regular Expression mapping
[ 2026-05-26 20:43:14,994] 174 root - INFO - Data transformation complete
[ 2026-05-26 20:43:14,994] 49 root - INFO - Started Regular Expression mapping
[ 2026-05-26 20:43:14,994] 174 root - INFO - Data transformation complete
[ 2026-05-26 20:43:14,994] 49 root - INFO - Started Regular Expression mapping
[ 2026-05-26 20:43:14,994] 174 root - INFO - Data transformation complete
[ 2026-05-26 20:43:14,994] 49 root - INFO - Started Regular Expression mapping
[ 2026-05-26 20:43:14,996] 174 root - INFO - Data transformation complete
[ 2026-05-26 20:43:14,996] 49 root - INFO - Started Regular Expression mapping
[ 2026-05-26 20:43:14,996] 174 root - INFO - Data transformation complete
[ 2026-05-26 20:43:14,996] 49 root - INFO - Started Regular Expression mapping
[ 2026-05-26 20:43:14,996] 174 root - INFO - Data transformation complete
[ 2026-05-26 20:43:14,996] 49 root - INFO - Started Regular Expression mapping
[ 2026-05-26 20:43:14,996] 174 root - INFO - Data transformation complete
[ 2026-05-26 20:43:14,996] 49 root - INFO - Started Regular Expression mapping
[ 2026-05-26 20:43:14,996] 174 root - INFO - Data transformation complete
[ 2026-05-26 20:43:14,996] 49 root - INFO - Started Regular Expression mapping
[ 2026-05-26 20:43:14,997] 174 root - INFO - Data transformation complete
[ 2026-05-26 20:43:14,997] 49 root - INFO - Started Regular Expression mapping
[ 2026-05-26 20:43:14,997] 174 root - INFO - Data transformation complete
[ 2026-05-26 20:43:14,997] 49 root - INFO - Started Regular Expression mapping
[ 2026-05-26 20:43:14,997] 174 root - INFO - Data transformation complete
[ 2026-05-26 20:43:14,998] 49 root - INFO - Started Regular Expression mapping
[ 2026-05-26 20:43:14,998] 174 root - INFO - Data transformation complete
[ 2026-05-26 20:43:14,998] 49 root - INFO - Started Regular Expression mapping
[ 2026-05-26 20:43:14,998] 174 root - INFO - Data transformation complete
[ 2026-05-26 20:43:14,998] 49 root - INFO - Started Regular Expression mapping
[ 2026-05-26 20:43:14,998] 25 root - INFO - Match heuristic business names to paybill payments
[ 2026-05-26 20:43:14,998] 174 root - INFO - Data transformation complete
[ 2026-05-26 20:43:14,999] 49 root - INFO - Started Regular Expression mapping
[ 2026-05-26 20:43:14,999] 174 root - INFO - Data transformation complete
[ 2026-05-26 20:43:14,999] 49 root - INFO - Started Regular Expression mapping
[ 2026-05-26 20:43:14,999] 174 root - INFO - Data transformation complete
[ 2026-05-26 20:43:14,999] 49 root - INFO - Started Regular Expression mapping
[ 2026-05-26 20:43:14,999] 174 root - INFO - Data transformation complete
[ 2026-05-26 20:43:14,999] 49 root - INFO - Started Regular Expression mapping
[ 2026-05-26 20:43:15,000] 25 root - INFO - Match heuristic business names to paybill payments
[ 2026-05-26 20:43:15,000] 174 root - INFO - Data transformation complete
[ 2026-05-26 20:43:15,000] 49 root - INFO - Started Regular Expression mapping
[ 2026-05-26 20:43:15,000] 174 root - INFO - Data transformation complete
[ 2026-05-26 20:43:15,000] 49 root - INFO - Started Regular Expression mapping
[ 2026-05-26 20:43:15,000] 174 root - INFO - Data transformation complete
[ 2026-05-26 20:43:15,001] 49 root - INFO - Started Regular Expression mapping
[ 2026-05-26 20:43:15,001] 174 root - INFO - Data transformation complete
[ 2026-05-26 20:43:15,001] 49 root - INFO - Started Regular Expression mapping
[ 2026-05-26 20:43:15,001] 174 root - INFO - Data transformation complete
[ 2026-05-26 20:43:15,001] 49 root - INFO - Started Regular Expression mapping
[ 2026-05-26 20:43:15,001] 25 root - INFO - Match heuristic business names to paybill payments
[ 2026-05-26 20:43:15,001] 174 root - INFO - Data transformation complete
[ 2026-05-26 20:43:15,002] 49 root - INFO - Started Regular Expression mapping
[ 2026-05-26 20:43:15,002] 174 root - INFO - Data transformation complete
[ 2026-05-26 20:43:15,002] 49 root - INFO - Started Regular Expression mapping
[ 2026-05-26 20:43:15,002] 174 root - INFO - Data transformation complete
[ 2026-05-26 20:43:15,003] 49 root - INFO - Started Regular Expression mapping
[ 2026-05-26 20:43:15,003] 174 root - INFO - Data transformation complete
[ 2026-05-26 20:43:15,003] 49 root - INFO - Started Regular Expression mapping
[ 2026-05-26 20:43:15,003] 174 root - INFO - Data transformation complete
[ 2026-05-26 20:43:15,003] 49 root - INFO - Started Regular Expression mapping
[ 2026-05-26 20:43:15,004] 174 root - INFO - Data transformation complete
[ 2026-05-26 20:43:15,004] 49 root - INFO - Started Regular Expression mapping
[ 2026-05-26 20:43:15,004] 25 root - INFO - Match heuristic business names to paybill payments
[ 2026-05-26 20:43:15,004] 174 root - INFO - Data transformation complete
[ 2026-05-26 20:43:15,005] 49 root - INFO - Started Regular Expression mapping
[ 2026-05-26 20:43:15,005] 174 root - INFO - Data transformation complete
[ 2026-05-26 20:43:15,005] 49 root - INFO - Started Regular Expression mapping
[ 2026-05-26 20:43:15,006] 174 root - INFO - Data transformation complete
[ 2026-05-26 20:43:15,006] 49 root - INFO - Started Regular Expression mapping
[ 2026-05-26 20:43:15,006] 174 root - INFO - Data transformation complete
[ 2026-05-26 20:43:15,006] 49 root - INFO - Started Regular Expression mapping
[ 2026-05-26 20:43:15,006] 174 root - INFO - Data transformation complete
[ 2026-05-26 20:43:15,006] 49 root - INFO - Started Regular Expression mapping
[ 2026-05-26 20:43:15,006] 174 root - INFO - Data transformation complete
[ 2026-05-26 20:43:15,006] 49 root - INFO - Started Regular Expression mapping
[ 2026-05-26 20:43:15,006] 174 root - INFO - Data transformation complete
[ 2026-05-26 20:43:15,006] 49 root - INFO - Started Regular Expression mapping
[ 2026-05-26 20:43:15,007] 174 root - INFO - Data transformation complete
[ 2026-05-26 20:43:15,007] 49 root - INFO - Started Regular Expression mapping
[ 2026-05-26 20:43:15,007] 174 root - INFO - Data transformation complete
[ 2026-05-26 20:43:15,007] 49 root - INFO - Started Regular Expression mapping
[ 2026-05-26 20:43:15,007] 174 root - INFO - Data transformation complete
[ 2026-05-26 20:43:15,007] 49 root - INFO - Started Regular Expression mapping
[ 2026-05-26 20:43:15,008] 174 root - INFO - Data transformation complete
[ 2026-05-26 20:43:15,008] 49 root - INFO - Started Regular Expression mapping
[ 2026-05-26 20:43:15,008] 174 root - INFO - Data transformation complete
[ 2026-05-26 20:43:15,008] 49 root - INFO - Started Regular Expression mapping
[ 2026-05-26 20:43:15,008] 174 root - INFO - Data transformation complete
[ 2026-05-26 20:43:15,008] 49 root - INFO - Started Regular Expression mapping
[ 2026-05-26 20:43:15,008] 25 root - INFO - Match heuristic business names to paybill payments
[ 2026-05-26 20:43:15,009] 174 root - INFO - Data transformation complete
[ 2026-05-26 20:43:15,009] 49 root - INFO - Started Regular Expression mapping
[ 2026-05-26 20:43:15,009] 174 root - INFO - Data transformation complete
[ 2026-05-26 20:43:15,009] 49 root - INFO - Started Regular Expression mapping
[ 2026-05-26 20:43:15,009] 174 root - INFO - Data transformation complete
[ 2026-05-26 20:43:15,009] 49 root - INFO - Started Regular Expression mapping
[ 2026-05-26 20:43:15,010] 174 root - INFO - Data transformation complete
[ 2026-05-26 20:43:15,010] 49 root - INFO - Started Regular Expression mapping
[ 2026-05-26 20:43:15,010] 174 root - INFO - Data transformation complete
[ 2026-05-26 20:43:15,010] 49 root - INFO - Started Regular Expression mapping
[ 2026-05-26 20:43:15,010] 174 root - INFO - Data transformation complete
[ 2026-05-26 20:43:15,010] 49 root - INFO - Started Regular Expression mapping
[ 2026-05-26 20:43:15,010] 174 root - INFO - Data transformation complete
[ 2026-05-26 20:43:15,011] 49 root - INFO - Started Regular Expression mapping
[ 2026-05-26 20:43:15,011] 174 root - INFO - Data transformation complete
[ 2026-05-26 20:43:15,011] 49 root - INFO - Started Regular Expression mapping
[ 2026-05-26 20:43:15,011] 174 root - INFO - Data transformation complete
[ 2026-05-26 20:43:15,011] 49 root - INFO - Started Regular Expression mapping
[ 2026-05-26 20:43:15,011] 174 root - INFO - Data transformation complete
[ 2026-05-26 20:43:15,012] 49 root - INFO - Started Regular Expression mapping
[ 2026-05-26 20:43:15,012] 25 root - INFO - Match heuristic business names to paybill payments
[ 2026-05-26 20:43:15,012] 174 root - INFO - Data transformation complete
[ 2026-05-26 20:43:15,012] 49 root - INFO - Started Regular Expression mapping
[ 2026-05-26 20:43:15,012] 174 root - INFO - Data transformation complete
[ 2026-05-26 20:43:15,012] 49 root - INFO - Started Regular Expression mapping
[ 2026-05-26 20:43:15,012] 174 root - INFO - Data transformation complete
[ 2026-05-26 20:43:15,013] 49 root - INFO - Started Regular Expression mapping
[ 2026-05-26 20:43:15,013] 174 root - INFO - Data transformation complete
[ 2026-05-26 20:43:15,013] 49 root - INFO - Started Regular Expression mapping
[ 2026-05-26 20:43:15,013] 174 root - INFO - Data transformation complete
[ 2026-05-26 20:43:15,013] 49 root - INFO - Started Regular Expression mapping
[ 2026-05-26 20:43:15,013] 174 root - INFO - Data transformation complete
[ 2026-05-26 20:43:15,014] 49 root - INFO - Started Regular Expression mapping
[ 2026-05-26 20:43:15,014] 174 root - INFO - Data transformation complete
[ 2026-05-26 20:43:15,014] 49 root - INFO - Started Regular Expression mapping
[ 2026-05-26 20:43:15,014] 174 root - INFO - Data transformation complete
[ 2026-05-26 20:43:15,014] 49 root - INFO - Started Regular Expression mapping
[ 2026-05-26 20:43:15,014] 174 root - INFO - Data transformation complete
[ 2026-05-26 20:43:15,014] 49 root - INFO - Started Regular Expression mapping
[ 2026-05-26 20:43:15,015] 174 root - INFO - Data transformation complete
[ 2026-05-26 20:43:15,015] 49 root - INFO - Started Regular Expression mapping
[ 2026-05-26 20:43:15,015] 174 root - INFO - Data transformation complete
[ 2026-05-26 20:43:15,016] 49 root - INFO - Started Regular Expression mapping
[ 2026-05-26 20:43:15,016] 174 root - INFO - Data transformation complete
[ 2026-05-26 20:43:15,016] 49 root - INFO - Started Regular Expression mapping
[ 2026-05-26 20:43:15,016] 174 root - INFO - Data transformation complete
[ 2026-05-26 20:43:15,016] 49 root - INFO - Started Regular Expression mapping
[ 2026-05-26 20:43:15,016] 25 root - INFO - Match heuristic business names to paybill payments
[ 2026-05-26 20:43:15,016] 174 root - INFO - Data transformation complete
[ 2026-05-26 20:43:15,016] 49 root - INFO - Started Regular Expression mapping
[ 2026-05-26 20:43:15,016] 174 root - INFO - Data transformation complete
[ 2026-05-26 20:43:15,016] 49 root - INFO - Started Regular Expression mapping
[ 2026-05-26 20:43:15,017] 174 root - INFO - Data transformation complete
[ 2026-05-26 20:43:15,018] 49 root - INFO - Started Regular Expression mapping
[ 2026-05-26 20:43:15,018] 174 root - INFO - Data transformation complete
[ 2026-05-26 20:43:15,018] 49 root - INFO - Started Regular Expression mapping
[ 2026-05-26 20:43:15,018] 25 root - INFO - Match heuristic business names to paybill payments
[ 2026-05-26 20:43:15,019] 174 root - INFO - Data transformation complete
[ 2026-05-26 20:43:15,019] 49 root - INFO - Started Regular Expression mapping
[ 2026-05-26 20:43:15,019] 25 root - INFO - Match heuristic business names to paybill payments
[ 2026-05-26 20:43:15,019] 174 root - INFO - Data transformation complete
[ 2026-05-26 20:43:15,019] 49 root - INFO - Started Regular Expression mapping
[ 2026-05-26 20:43:15,019] 25 root - INFO - Match heuristic business names to paybill payments
[ 2026-05-26 20:43:15,020] 174 root - INFO - Data transformation complete
[ 2026-05-26 20:43:15,020] 49 root - INFO - Started Regular Expression mapping
[ 2026-05-26 20:43:15,020] 25 root - INFO - Match heuristic business names to paybill payments
[ 2026-05-26 20:43:15,020] 174 root - INFO - Data transformation complete
[ 2026-05-26 20:43:15,020] 49 root - INFO - Started Regular Expression mapping
[ 2026-05-26 20:43:15,020] 174 root - INFO - Data transformation complete
[ 2026-05-26 20:43:15,020] 49 root - INFO - Started Regular Expression mapping
[ 2026-05-26 20:43:15,021] 174 root - INFO - Data transformation complete
[ 2026-05-26 20:43:15,021] 49 root - INFO - Started Regular Expression mapping
[ 2026-05-26 20:43:15,021] 174 root - INFO - Data transformation complete
[ 2026-05-26 20:43:15,021] 49 root - INFO - Started Regular Expression mapping
[ 2026-05-26 20:43:15,021] 174 root - INFO - Data transformation complete
[ 2026-05-26 20:43:15,021] 49 root - INFO - Started Regular Expression mapping
[ 2026-05-26 20:43:15,022] 174 root - INFO - Data transformation complete
[ 2026-05-26 20:43:15,022] 49 root - INFO - Started Regular Expression mapping
[ 2026-05-26 20:43:15,022] 25 root - INFO - Match heuristic business names to paybill payments
[ 2026-05-26 20:43:15,022] 174 root - INFO - Data transformation complete
[ 2026-05-26 20:43:15,022] 49 root - INFO - Started Regular Expression mapping
[ 2026-05-26 20:43:15,022] 174 root - INFO - Data transformation complete
[ 2026-05-26 20:43:15,022] 49 root - INFO - Started Regular Expression mapping
[ 2026-05-26 20:43:15,023] 174 root - INFO - Data transformation complete
[ 2026-05-26 20:43:15,023] 49 root - INFO - Started Regular Expression mapping
[ 2026-05-26 20:43:15,023] 174 root - INFO - Data transformation complete
[ 2026-05-26 20:43:15,023] 49 root - INFO - Started Regular Expression mapping
[ 2026-05-26 20:43:15,023] 25 root - INFO - Match heuristic business names to paybill payments
[ 2026-05-26 20:43:15,023] 174 root - INFO - Data transformation complete
[ 2026-05-26 20:43:15,024] 49 root - INFO - Started Regular Expression mapping
[ 2026-05-26 20:43:15,024] 174 root - INFO - Data transformation complete
[ 2026-05-26 20:43:15,024] 49 root - INFO - Started Regular Expression mapping
[ 2026-05-26 20:43:15,024] 174 root - INFO - Data transformation complete
[ 2026-05-26 20:43:15,024] 49 root - INFO - Started Regular Expression mapping
[ 2026-05-26 20:43:15,024] 174 root - INFO - Data transformation complete
[ 2026-05-26 20:43:15,024] 49 root - INFO - Started Regular Expression mapping
[ 2026-05-26 20:43:15,024] 174 root - INFO - Data transformation complete
[ 2026-05-26 20:43:15,024] 49 root - INFO - Started Regular Expression mapping
[ 2026-05-26 20:43:15,024] 174 root - INFO - Data transformation complete
[ 2026-05-26 20:43:15,025] 49 root - INFO - Started Regular Expression mapping
[ 2026-05-26 20:43:15,025] 174 root - INFO - Data transformation complete
[ 2026-05-26 20:43:15,025] 49 root - INFO - Started Regular Expression mapping
[ 2026-05-26 20:43:15,025] 25 root - INFO - Match heuristic business names to paybill payments
[ 2026-05-26 20:43:15,025] 174 root - INFO - Data transformation complete
[ 2026-05-26 20:43:15,025] 49 root - INFO - Started Regular Expression mapping
[ 2026-05-26 20:43:15,025] 25 root - INFO - Match heuristic business names to paybill payments
[ 2026-05-26 20:43:15,026] 174 root - INFO - Data transformation complete
[ 2026-05-26 20:43:15,026] 49 root - INFO - Started Regular Expression mapping
[ 2026-05-26 20:43:15,026] 174 root - INFO - Data transformation complete
[ 2026-05-26 20:43:15,027] 49 root - INFO - Started Regular Expression mapping
[ 2026-05-26 20:43:15,027] 174 root - INFO - Data transformation complete
[ 2026-05-26 20:43:15,027] 49 root - INFO - Started Regular Expression mapping
[ 2026-05-26 20:43:15,027] 174 root - INFO - Data transformation complete
[ 2026-05-26 20:43:15,027] 49 root - INFO - Started Regular Expression mapping
[ 2026-05-26 20:43:15,027] 174 root - INFO - Data transformation complete
[ 2026-05-26 20:43:15,027] 49 root - INFO - Started Regular Expression mapping
[ 2026-05-26 20:43:15,028] 174 root - INFO - Data transformation complete
[ 2026-05-26 20:43:15,028] 49 root - INFO - Started Regular Expression mapping
[ 2026-05-26 20:43:15,028] 174 root - INFO - Data transformation complete
[ 2026-05-26 20:43:15,028] 49 root - INFO - Started Regular Expression mapping
[ 2026-05-26 20:43:15,028] 25 root - INFO - Match heuristic business names to paybill payments
[ 2026-05-26 20:43:15,028] 174 root - INFO - Data transformation complete
[ 2026-05-26 20:43:15,028] 49 root - INFO - Started Regular Expression mapping
[ 2026-05-26 20:43:15,029] 174 root - INFO - Data transformation complete
[ 2026-05-26 20:43:15,029] 49 root - INFO - Started Regular Expression mapping
[ 2026-05-26 20:43:15,029] 174 root - INFO - Data transformation complete
[ 2026-05-26 20:43:15,029] 49 root - INFO - Started Regular Expression mapping
[ 2026-05-26 20:43:15,029] 174 root - INFO - Data transformation complete
[ 2026-05-26 20:43:15,029] 49 root - INFO - Started Regular Expression mapping
[ 2026-05-26 20:43:15,030] 174 root - INFO - Data transformation complete
[ 2026-05-26 20:43:15,030] 49 root - INFO - Started Regular Expression mapping
[ 2026-05-26 20:43:15,030] 174 root - INFO - Data transformation complete
[ 2026-05-26 20:43:15,030] 49 root - INFO - Started Regular Expression mapping
[ 2026-05-26 20:43:15,030] 174 root - INFO - Data transformation complete
[ 2026-05-26 20:43:15,030] 49 root - INFO - Started Regular Expression mapping
[ 2026-05-26 20:43:15,031] 25 root - INFO - Match heuristic business names to paybill payments
[ 2026-05-26 20:43:15,031] 174 root - INFO - Data transformation complete
[ 2026-05-26 20:43:15,031] 49 root - INFO - Started Regular Expression mapping
[ 2026-05-26 20:43:15,031] 174 root - INFO - Data transformation complete
[ 2026-05-26 20:43:15,031] 49 root - INFO - Started Regular Expression mapping
[ 2026-05-26 20:43:15,031] 174 root - INFO - Data transformation complete
[ 2026-05-26 20:43:15,031] 49 root - INFO - Started Regular Expression mapping
[ 2026-05-26 20:43:15,032] 174 root - INFO - Data transformation complete
[ 2026-05-26 20:43:15,032] 49 root - INFO - Started Regular Expression mapping
[ 2026-05-26 20:43:15,032] 25 root - INFO - Match heuristic business names to paybill payments
[ 2026-05-26 20:43:15,032] 174 root - INFO - Data transformation complete
[ 2026-05-26 20:43:15,032] 49 root - INFO - Started Regular Expression mapping
[ 2026-05-26 20:43:15,032] 174 root - INFO - Data transformation complete
[ 2026-05-26 20:43:15,032] 49 root - INFO - Started Regular Expression mapping
[ 2026-05-26 20:43:15,033] 174 root - INFO - Data transformation complete
[ 2026-05-26 20:43:15,033] 49 root - INFO - Started Regular Expression mapping
[ 2026-05-26 20:43:15,033] 174 root - INFO - Data transformation complete
[ 2026-05-26 20:43:15,033] 49 root - INFO - Started Regular Expression mapping
[ 2026-05-26 20:43:15,033] 174 root - INFO - Data transformation complete
[ 2026-05-26 20:43:15,034] 49 root - INFO - Started Regular Expression mapping
[ 2026-05-26 20:43:15,034] 25 root - INFO - Match heuristic business names to paybill payments
[ 2026-05-26 20:43:15,034] 174 root - INFO - Data transformation complete
[ 2026-05-26 20:43:15,034] 49 root - INFO - Started Regular Expression mapping
[ 2026-05-26 20:43:15,034] 174 root - INFO - Data transformation complete
[ 2026-05-26 20:43:15,034] 49 root - INFO - Started Regular Expression mapping
[ 2026-05-26 20:43:15,034] 174 root - INFO - Data transformation complete
[ 2026-05-26 20:43:15,034] 49 root - INFO - Started Regular Expression mapping
[ 2026-05-26 20:43:15,034] 174 root - INFO - Data transformation complete
[ 2026-05-26 20:43:15,034] 49 root - INFO - Started Regular Expression mapping
[ 2026-05-26 20:43:15,035] 25 root - INFO - Match heuristic business names to paybill payments
[ 2026-05-26 20:43:15,035] 174 root - INFO - Data transformation complete
[ 2026-05-26 20:43:15,035] 49 root - INFO - Started Regular Expression mapping
[ 2026-05-26 20:43:15,036] 25 root - INFO - Match heuristic business names to paybill payments
[ 2026-05-26 20:43:15,036] 174 root - INFO - Data transformation complete
[ 2026-05-26 20:43:15,036] 49 root - INFO - Started Regular Expression mapping
[ 2026-05-26 20:43:15,036] 174 root - INFO - Data transformation complete
[ 2026-05-26 20:43:15,036] 49 root - INFO - Started Regular Expression mapping
[ 2026-05-26 20:43:15,036] 174 root - INFO - Data transformation complete
[ 2026-05-26 20:43:15,036] 49 root - INFO - Started Regular Expression mapping
[ 2026-05-26 20:43:15,037] 174 root - INFO - Data transformation complete
[ 2026-05-26 20:43:15,037] 49 root - INFO - Started Regular Expression mapping
[ 2026-05-26 20:43:15,037] 174 root - INFO - Data transformation complete
[ 2026-05-26 20:43:15,037] 49 root - INFO - Started Regular Expression mapping
[ 2026-05-26 20:43:15,037] 174 root - INFO - Data transformation complete
[ 2026-05-26 20:43:15,038] 49 root - INFO - Started Regular Expression mapping
[ 2026-05-26 20:43:15,038] 174 root - INFO - Data transformation complete
[ 2026-05-26 20:43:15,038] 49 root - INFO - Started Regular Expression mapping
[ 2026-05-26 20:43:15,038] 174 root - INFO - Data transformation complete
[ 2026-05-26 20:43:15,038] 49 root - INFO - Started Regular Expression mapping
[ 2026-05-26 20:43:15,038] 174 root - INFO - Data transformation complete
[ 2026-05-26 20:43:15,038] 49 root - INFO - Started Regular Expression mapping
[ 2026-05-26 20:43:15,039] 174 root - INFO - Data transformation complete
[ 2026-05-26 20:43:15,039] 49 root - INFO - Started Regular Expression mapping
[ 2026-05-26 20:43:15,039] 174 root - INFO - Data transformation complete
[ 2026-05-26 20:43:15,039] 49 root - INFO - Started Regular Expression mapping
[ 2026-05-26 20:43:15,039] 174 root - INFO - Data transformation complete
[ 2026-05-26 20:43:15,039] 49 root - INFO - Started Regular Expression mapping
[ 2026-05-26 20:43:15,040] 25 root - INFO - Match heuristic business names to paybill payments
[ 2026-05-26 20:43:15,040] 174 root - INFO - Data transformation complete
[ 2026-05-26 20:43:15,040] 49 root - INFO - Started Regular Expression mapping
[ 2026-05-26 20:43:15,040] 25 root - INFO - Match heuristic business names to paybill payments
[ 2026-05-26 20:43:15,040] 174 root - INFO - Data transformation complete
[ 2026-05-26 20:43:15,040] 49 root - INFO - Started Regular Expression mapping
[ 2026-05-26 20:43:15,040] 174 root - INFO - Data transformation complete
[ 2026-05-26 20:43:15,041] 49 root - INFO - Started Regular Expression mapping
[ 2026-05-26 20:43:15,041] 174 root - INFO - Data transformation complete
[ 2026-05-26 20:43:15,041] 49 root - INFO - Started Regular Expression mapping
[ 2026-05-26 20:43:15,041] 174 root - INFO - Data transformation complete
[ 2026-05-26 20:43:15,041] 49 root - INFO - Started Regular Expression mapping
[ 2026-05-26 20:43:15,041] 174 root - INFO - Data transformation complete
[ 2026-05-26 20:43:15,041] 49 root - INFO - Started Regular Expression mapping
[ 2026-05-26 20:43:15,042] 174 root - INFO - Data transformation complete
[ 2026-05-26 20:43:15,042] 49 root - INFO - Started Regular Expression mapping
[ 2026-05-26 20:43:15,042] 25 root - INFO - Match heuristic business names to paybill payments
[ 2026-05-26 20:43:15,042] 174 root - INFO - Data transformation complete
[ 2026-05-26 20:43:15,042] 49 root - INFO - Started Regular Expression mapping
[ 2026-05-26 20:43:15,042] 25 root - INFO - Match heuristic business names to paybill payments
[ 2026-05-26 20:43:15,043] 174 root - INFO - Data transformation complete
[ 2026-05-26 20:43:15,043] 49 root - INFO - Started Regular Expression mapping
[ 2026-05-26 20:43:15,043] 174 root - INFO - Data transformation complete
[ 2026-05-26 20:43:15,043] 49 root - INFO - Started Regular Expression mapping
[ 2026-05-26 20:43:15,043] 174 root - INFO - Data transformation complete
[ 2026-05-26 20:43:15,043] 49 root - INFO - Started Regular Expression mapping
[ 2026-05-26 20:43:15,044] 174 root - INFO - Data transformation complete
[ 2026-05-26 20:43:15,044] 49 root - INFO - Started Regular Expression mapping
[ 2026-05-26 20:43:15,044] 174 root - INFO - Data transformation complete
[ 2026-05-26 20:43:15,044] 49 root - INFO - Started Regular Expression mapping
[ 2026-05-26 20:43:15,044] 174 root - INFO - Data transformation complete
[ 2026-05-26 20:43:15,044] 49 root - INFO - Started Regular Expression mapping
[ 2026-05-26 20:43:15,044] 174 root - INFO - Data transformation complete
[ 2026-05-26 20:43:15,044] 49 root - INFO - Started Regular Expression mapping
[ 2026-05-26 20:43:15,044] 174 root - INFO - Data transformation complete
[ 2026-05-26 20:43:15,044] 49 root - INFO - Started Regular Expression mapping
[ 2026-05-26 20:43:15,045] 174 root - INFO - Data transformation complete
[ 2026-05-26 20:43:15,045] 49 root - INFO - Started Regular Expression mapping
[ 2026-05-26 20:43:15,045] 174 root - INFO - Data transformation complete
[ 2026-05-26 20:43:15,045] 49 root - INFO - Started Regular Expression mapping
[ 2026-05-26 20:43:15,046] 25 root - INFO - Match heuristic business names to paybill payments
[ 2026-05-26 20:43:15,046] 174 root - INFO - Data transformation complete
[ 2026-05-26 20:43:15,046] 49 root - INFO - Started Regular Expression mapping
[ 2026-05-26 20:43:15,046] 25 root - INFO - Match heuristic business names to paybill payments
[ 2026-05-26 20:43:15,046] 174 root - INFO - Data transformation complete
[ 2026-05-26 20:43:15,046] 49 root - INFO - Started Regular Expression mapping
[ 2026-05-26 20:43:15,046] 174 root - INFO - Data transformation complete
[ 2026-05-26 20:43:15,047] 49 root - INFO - Started Regular Expression mapping
[ 2026-05-26 20:43:15,047] 174 root - INFO - Data transformation complete
[ 2026-05-26 20:43:15,047] 49 root - INFO - Started Regular Expression mapping
[ 2026-05-26 20:43:15,047] 174 root - INFO - Data transformation complete
[ 2026-05-26 20:43:15,047] 49 root - INFO - Started Regular Expression mapping
[ 2026-05-26 20:43:15,047] 174 root - INFO - Data transformation complete
[ 2026-05-26 20:43:15,048] 49 root - INFO - Started Regular Expression mapping
[ 2026-05-26 20:43:15,048] 174 root - INFO - Data transformation complete
[ 2026-05-26 20:43:15,048] 49 root - INFO - Started Regular Expression mapping
[ 2026-05-26 20:43:15,048] 25 root - INFO - Match heuristic business names to paybill payments
[ 2026-05-26 20:43:15,048] 174 root - INFO - Data transformation complete
[ 2026-05-26 20:43:15,048] 49 root - INFO - Started Regular Expression mapping
[ 2026-05-26 20:43:15,048] 25 root - INFO - Match heuristic business names to paybill payments
[ 2026-05-26 20:43:15,049] 174 root - INFO - Data transformation complete
[ 2026-05-26 20:43:15,049] 49 root - INFO - Started Regular Expression mapping
[ 2026-05-26 20:43:15,049] 174 root - INFO - Data transformation complete
[ 2026-05-26 20:43:15,049] 49 root - INFO - Started Regular Expression mapping
[ 2026-05-26 20:43:15,049] 174 root - INFO - Data transformation complete
[ 2026-05-26 20:43:15,049] 49 root - INFO - Started Regular Expression mapping
[ 2026-05-26 20:43:15,049] 25 root - INFO - Match heuristic business names to paybill payments
[ 2026-05-26 20:43:15,050] 174 root - INFO - Data transformation complete
[ 2026-05-26 20:43:15,050] 49 root - INFO - Started Regular Expression mapping
[ 2026-05-26 20:43:15,050] 25 root - INFO - Match heuristic business names to paybill payments
[ 2026-05-26 20:43:15,050] 174 root - INFO - Data transformation complete
[ 2026-05-26 20:43:15,050] 49 root - INFO - Started Regular Expression mapping
[ 2026-05-26 20:43:15,050] 174 root - INFO - Data transformation complete
[ 2026-05-26 20:43:15,050] 49 root - INFO - Started Regular Expression mapping
[ 2026-05-26 20:43:15,051] 174 root - INFO - Data transformation complete
[ 2026-05-26 20:43:15,051] 49 root - INFO - Started Regular Expression mapping
[ 2026-05-26 20:43:15,051] 25 root - INFO - Match heuristic business names to paybill payments
[ 2026-05-26 20:43:15,051] 174 root - INFO - Data transformation complete
[ 2026-05-26 20:43:15,051] 49 root - INFO - Started Regular Expression mapping
[ 2026-05-26 20:43:15,051] 25 root - INFO - Match heuristic business names to paybill payments
[ 2026-05-26 20:43:15,052] 174 root - INFO - Data transformation complete
[ 2026-05-26 20:43:15,052] 49 root - INFO - Started Regular Expression mapping
[ 2026-05-26 20:43:15,052] 174 root - INFO - Data transformation complete
[ 2026-05-26 20:43:15,052] 49 root - INFO - Started Regular Expression mapping
[ 2026-05-26 20:43:15,052] 174 root - INFO - Data transformation complete
[ 2026-05-26 20:43:15,052] 49 root - INFO - Started Regular Expression mapping
[ 2026-05-26 20:43:15,052] 25 root - INFO - Match heuristic business names to paybill payments
[ 2026-05-26 20:43:15,053] 174 root - INFO - Data transformation complete
[ 2026-05-26 20:43:15,053] 49 root - INFO - Started Regular Expression mapping
[ 2026-05-26 20:43:15,053] 174 root - INFO - Data transformation complete
[ 2026-05-26 20:43:15,053] 49 root - INFO - Started Regular Expression mapping
[ 2026-05-26 20:43:15,053] 174 root - INFO - Data transformation complete
[ 2026-05-26 20:43:15,053] 49 root - INFO - Started Regular Expression mapping
[ 2026-05-26 20:43:15,054] 174 root - INFO - Data transformation complete
[ 2026-05-26 20:43:15,054] 49 root - INFO - Started Regular Expression mapping
[ 2026-05-26 20:43:15,054] 174 root - INFO - Data transformation complete
[ 2026-05-26 20:43:15,054] 49 root - INFO - Started Regular Expression mapping
[ 2026-05-26 20:43:15,054] 174 root - INFO - Data transformation complete
[ 2026-05-26 20:43:15,054] 49 root - INFO - Started Regular Expression mapping
[ 2026-05-26 20:43:15,054] 174 root - INFO - Data transformation complete
[ 2026-05-26 20:43:15,054] 49 root - INFO - Started Regular Expression mapping
[ 2026-05-26 20:43:15,054] 174 root - INFO - Data transformation complete
[ 2026-05-26 20:43:15,054] 49 root - INFO - Started Regular Expression mapping
[ 2026-05-26 20:43:15,055] 174 root - INFO - Data transformation complete
[ 2026-05-26 20:43:15,055] 49 root - INFO - Started Regular Expression mapping
[ 2026-05-26 20:43:15,055] 25 root - INFO - Match heuristic business names to paybill payments
[ 2026-05-26 20:43:15,056] 174 root - INFO - Data transformation complete
[ 2026-05-26 20:43:15,056] 49 root - INFO - Started Regular Expression mapping
[ 2026-05-26 20:43:15,056] 174 root - INFO - Data transformation complete
[ 2026-05-26 20:43:15,056] 49 root - INFO - Started Regular Expression mapping
[ 2026-05-26 20:43:15,056] 174 root - INFO - Data transformation complete
[ 2026-05-26 20:43:15,057] 49 root - INFO - Started Regular Expression mapping
[ 2026-05-26 20:43:15,057] 174 root - INFO - Data transformation complete
[ 2026-05-26 20:43:15,057] 49 root - INFO - Started Regular Expression mapping
[ 2026-05-26 20:43:15,058] 25 root - INFO - Match heuristic business names to paybill payments
[ 2026-05-26 20:43:15,058] 174 root - INFO - Data transformation complete
[ 2026-05-26 20:43:15,058] 49 root - INFO - Started Regular Expression mapping
[ 2026-05-26 20:43:15,058] 174 root - INFO - Data transformation complete
[ 2026-05-26 20:43:15,058] 49 root - INFO - Started Regular Expression mapping
[ 2026-05-26 20:43:15,058] 174 root - INFO - Data transformation complete
[ 2026-05-26 20:43:15,059] 49 root - INFO - Started Regular Expression mapping
[ 2026-05-26 20:43:15,059] 174 root - INFO - Data transformation complete
[ 2026-05-26 20:43:15,059] 49 root - INFO - Started Regular Expression mapping
[ 2026-05-26 20:43:15,059] 174 root - INFO - Data transformation complete
[ 2026-05-26 20:43:15,059] 49 root - INFO - Started Regular Expression mapping
[ 2026-05-26 20:43:15,059] 25 root - INFO - Match heuristic business names to paybill payments
[ 2026-05-26 20:43:15,060] 174 root - INFO - Data transformation complete
[ 2026-05-26 20:43:15,060] 49 root - INFO - Started Regular Expression mapping
[ 2026-05-26 20:43:15,060] 25 root - INFO - Match heuristic business names to paybill payments
[ 2026-05-26 20:43:15,060] 174 root - INFO - Data transformation complete
[ 2026-05-26 20:43:15,060] 49 root - INFO - Started Regular Expression mapping
[ 2026-05-26 20:43:15,060] 174 root - INFO - Data transformation complete
[ 2026-05-26 20:43:15,060] 49 root - INFO - Started Regular Expression mapping
[ 2026-05-26 20:43:15,061] 174 root - INFO - Data transformation complete
[ 2026-05-26 20:43:15,061] 49 root - INFO - Started Regular Expression mapping
[ 2026-05-26 20:43:15,061] 174 root - INFO - Data transformation complete
[ 2026-05-26 20:43:15,061] 49 root - INFO - Started Regular Expression mapping
[ 2026-05-26 20:43:15,061] 174 root - INFO - Data transformation complete
[ 2026-05-26 20:43:15,061] 49 root - INFO - Started Regular Expression mapping
[ 2026-05-26 20:43:15,061] 25 root - INFO - Match heuristic business names to paybill payments
[ 2026-05-26 20:43:15,062] 174 root - INFO - Data transformation complete
[ 2026-05-26 20:43:15,062] 49 root - INFO - Started Regular Expression mapping
[ 2026-05-26 20:43:15,062] 174 root - INFO - Data transformation complete
[ 2026-05-26 20:43:15,062] 49 root - INFO - Started Regular Expression mapping
[ 2026-05-26 20:43:15,062] 174 root - INFO - Data transformation complete
[ 2026-05-26 20:43:15,062] 49 root - INFO - Started Regular Expression mapping
[ 2026-05-26 20:43:15,063] 174 root - INFO - Data transformation complete
[ 2026-05-26 20:43:15,063] 49 root - INFO - Started Regular Expression mapping
[ 2026-05-26 20:43:15,063] 174 root - INFO - Data transformation complete
[ 2026-05-26 20:43:15,063] 49 root - INFO - Started Regular Expression mapping
[ 2026-05-26 20:43:15,063] 174 root - INFO - Data transformation complete
[ 2026-05-26 20:43:15,063] 49 root - INFO - Started Regular Expression mapping
[ 2026-05-26 20:43:15,064] 174 root - INFO - Data transformation complete
[ 2026-05-26 20:43:15,064] 49 root - INFO - Started Regular Expression mapping
[ 2026-05-26 20:43:15,064] 174 root - INFO - Data transformation complete
[ 2026-05-26 20:43:15,064] 49 root - INFO - Started Regular Expression mapping
[ 2026-05-26 20:43:15,064] 174 root - INFO - Data transformation complete
[ 2026-05-26 20:43:15,064] 49 root - INFO - Started Regular Expression mapping
[ 2026-05-26 20:43:15,064] 25 root - INFO - Match heuristic business names to paybill payments
[ 2026-05-26 20:43:15,064] 174 root - INFO - Data transformation complete
[ 2026-05-26 20:43:15,064] 49 root - INFO - Started Regular Expression mapping
[ 2026-05-26 20:43:15,064] 174 root - INFO - Data transformation complete
[ 2026-05-26 20:43:15,064] 49 root - INFO - Started Regular Expression mapping
[ 2026-05-26 20:43:15,065] 25 root - INFO - Match heuristic business names to paybill payments
[ 2026-05-26 20:43:15,066] 174 root - INFO - Data transformation complete
[ 2026-05-26 20:43:15,066] 49 root - INFO - Started Regular Expression mapping
[ 2026-05-26 20:43:15,066] 174 root - INFO - Data transformation complete
[ 2026-05-26 20:43:15,066] 49 root - INFO - Started Regular Expression mapping
[ 2026-05-26 20:43:15,067] 174 root - INFO - Data transformation complete
[ 2026-05-26 20:43:15,067] 49 root - INFO - Started Regular Expression mapping
[ 2026-05-26 20:43:15,067] 174 root - INFO - Data transformation complete
[ 2026-05-26 20:43:15,067] 49 root - INFO - Started Regular Expression mapping
[ 2026-05-26 20:43:15,067] 174 root - INFO - Data transformation complete
[ 2026-05-26 20:43:15,067] 49 root - INFO - Started Regular Expression mapping
[ 2026-05-26 20:43:15,067] 25 root - INFO - Match heuristic business names to paybill payments
[ 2026-05-26 20:43:15,068] 174 root - INFO - Data transformation complete
[ 2026-05-26 20:43:15,068] 49 root - INFO - Started Regular Expression mapping
[ 2026-05-26 20:43:15,068] 174 root - INFO - Data transformation complete
[ 2026-05-26 20:43:15,068] 49 root - INFO - Started Regular Expression mapping
[ 2026-05-26 20:43:15,068] 174 root - INFO - Data transformation complete
[ 2026-05-26 20:43:15,068] 49 root - INFO - Started Regular Expression mapping
[ 2026-05-26 20:43:15,069] 174 root - INFO - Data transformation complete
[ 2026-05-26 20:43:15,069] 49 root - INFO - Started Regular Expression mapping
[ 2026-05-26 20:43:15,069] 174 root - INFO - Data transformation complete
[ 2026-05-26 20:43:15,069] 49 root - INFO - Started Regular Expression mapping
[ 2026-05-26 20:43:15,069] 174 root - INFO - Data transformation complete
[ 2026-05-26 20:43:15,069] 49 root - INFO - Started Regular Expression mapping
[ 2026-05-26 20:43:15,069] 25 root - INFO - Match heuristic business names to paybill payments
[ 2026-05-26 20:43:15,070] 174 root - INFO - Data transformation complete
[ 2026-05-26 20:43:15,070] 49 root - INFO - Started Regular Expression mapping
[ 2026-05-26 20:43:15,070] 174 root - INFO - Data transformation complete
[ 2026-05-26 20:43:15,070] 49 root - INFO - Started Regular Expression mapping
[ 2026-05-26 20:43:15,070] 174 root - INFO - Data transformation complete
[ 2026-05-26 20:43:15,070] 49 root - INFO - Started Regular Expression mapping
[ 2026-05-26 20:43:15,071] 174 root - INFO - Data transformation complete
[ 2026-05-26 20:43:15,071] 49 root - INFO - Started Regular Expression mapping
[ 2026-05-26 20:43:15,071] 174 root - INFO - Data transformation complete
[ 2026-05-26 20:43:15,071] 49 root - INFO - Started Regular Expression mapping
[ 2026-05-26 20:43:15,071] 174 root - INFO - Data transformation complete
[ 2026-05-26 20:43:15,071] 49 root - INFO - Started Regular Expression mapping
[ 2026-05-26 20:43:15,072] 174 root - INFO - Data transformation complete
[ 2026-05-26 20:43:15,072] 49 root - INFO - Started Regular Expression mapping
[ 2026-05-26 20:43:15,072] 174 root - INFO - Data transformation complete
[ 2026-05-26 20:43:15,072] 49 root - INFO - Started Regular Expression mapping
[ 2026-05-26 20:43:15,072] 174 root - INFO - Data transformation complete
[ 2026-05-26 20:43:15,072] 49 root - INFO - Started Regular Expression mapping
[ 2026-05-26 20:43:15,072] 174 root - INFO - Data transformation complete
[ 2026-05-26 20:43:15,073] 49 root - INFO - Started Regular Expression mapping
[ 2026-05-26 20:43:15,073] 174 root - INFO - Data transformation complete
[ 2026-05-26 20:43:15,073] 49 root - INFO - Started Regular Expression mapping
[ 2026-05-26 20:43:15,073] 174 root - INFO - Data transformation complete
[ 2026-05-26 20:43:15,073] 49 root - INFO - Started Regular Expression mapping
[ 2026-05-26 20:43:15,073] 174 root - INFO - Data transformation complete
[ 2026-05-26 20:43:15,073] 49 root - INFO - Started Regular Expression mapping
[ 2026-05-26 20:43:15,074] 174 root - INFO - Data transformation complete
[ 2026-05-26 20:43:15,074] 49 root - INFO - Started Regular Expression mapping
[ 2026-05-26 20:43:15,074] 174 root - INFO - Data transformation complete
[ 2026-05-26 20:43:15,074] 49 root - INFO - Started Regular Expression mapping
[ 2026-05-26 20:43:15,074] 174 root - INFO - Data transformation complete
[ 2026-05-26 20:43:15,074] 49 root - INFO - Started Regular Expression mapping
[ 2026-05-26 20:43:15,074] 25 root - INFO - Match heuristic business names to paybill payments
[ 2026-05-26 20:43:15,074] 174 root - INFO - Data transformation complete
[ 2026-05-26 20:43:15,074] 49 root - INFO - Started Regular Expression mapping
[ 2026-05-26 20:43:15,076] 25 root - INFO - Match heuristic business names to paybill payments
[ 2026-05-26 20:43:15,076] 174 root - INFO - Data transformation complete
[ 2026-05-26 20:43:15,076] 49 root - INFO - Started Regular Expression mapping
[ 2026-05-26 20:43:15,076] 25 root - INFO - Match heuristic business names to paybill payments
[ 2026-05-26 20:43:15,076] 174 root - INFO - Data transformation complete
[ 2026-05-26 20:43:15,076] 49 root - INFO - Started Regular Expression mapping
[ 2026-05-26 20:43:15,076] 174 root - INFO - Data transformation complete
[ 2026-05-26 20:43:15,076] 49 root - INFO - Started Regular Expression mapping
[ 2026-05-26 20:43:15,076] 25 root - INFO - Match heuristic business names to paybill payments
[ 2026-05-26 20:43:15,076] 174 root - INFO - Data transformation complete
[ 2026-05-26 20:43:15,076] 49 root - INFO - Started Regular Expression mapping
[ 2026-05-26 20:43:15,077] 25 root - INFO - Match heuristic business names to paybill payments
[ 2026-05-26 20:43:15,077] 174 root - INFO - Data transformation complete
[ 2026-05-26 20:43:15,077] 49 root - INFO - Started Regular Expression mapping
[ 2026-05-26 20:43:15,078] 174 root - INFO - Data transformation complete
[ 2026-05-26 20:43:15,078] 49 root - INFO - Started Regular Expression mapping
[ 2026-05-26 20:43:15,078] 174 root - INFO - Data transformation complete
[ 2026-05-26 20:43:15,078] 49 root - INFO - Started Regular Expression mapping
[ 2026-05-26 20:43:15,078] 25 root - INFO - Match heuristic business names to paybill payments
[ 2026-05-26 20:43:15,078] 174 root - INFO - Data transformation complete
[ 2026-05-26 20:43:15,078] 49 root - INFO - Started Regular Expression mapping
[ 2026-05-26 20:43:15,079] 25 root - INFO - Match heuristic business names to paybill payments
[ 2026-05-26 20:43:15,079] 174 root - INFO - Data transformation complete
[ 2026-05-26 20:43:15,079] 49 root - INFO - Started Regular Expression mapping
[ 2026-05-26 20:43:15,079] 174 root - INFO - Data transformation complete
[ 2026-05-26 20:43:15,079] 49 root - INFO - Started Regular Expression mapping
[ 2026-05-26 20:43:15,079] 174 root - INFO - Data transformation complete
[ 2026-05-26 20:43:15,079] 49 root - INFO - Started Regular Expression mapping
[ 2026-05-26 20:43:15,080] 174 root - INFO - Data transformation complete
[ 2026-05-26 20:43:15,080] 49 root - INFO - Started Regular Expression mapping
[ 2026-05-26 20:43:15,080] 25 root - INFO - Match heuristic business names to paybill payments
[ 2026-05-26 20:43:15,080] 174 root - INFO - Data transformation complete
[ 2026-05-26 20:43:15,080] 49 root - INFO - Started Regular Expression mapping
[ 2026-05-26 20:43:15,080] 174 root - INFO - Data transformation complete
[ 2026-05-26 20:43:15,080] 49 root - INFO - Started Regular Expression mapping
[ 2026-05-26 20:43:15,081] 174 root - INFO - Data transformation complete
[ 2026-05-26 20:43:15,081] 49 root - INFO - Started Regular Expression mapping
[ 2026-05-26 20:43:15,081] 174 root - INFO - Data transformation complete
[ 2026-05-26 20:43:15,081] 49 root - INFO - Started Regular Expression mapping
[ 2026-05-26 20:43:15,081] 174 root - INFO - Data transformation complete
[ 2026-05-26 20:43:15,081] 49 root - INFO - Started Regular Expression mapping
[ 2026-05-26 20:43:15,082] 174 root - INFO - Data transformation complete
[ 2026-05-26 20:43:15,082] 49 root - INFO - Started Regular Expression mapping
[ 2026-05-26 20:43:15,082] 174 root - INFO - Data transformation complete
[ 2026-05-26 20:43:15,082] 49 root - INFO - Started Regular Expression mapping
[ 2026-05-26 20:43:15,082] 174 root - INFO - Data transformation complete
[ 2026-05-26 20:43:15,082] 49 root - INFO - Started Regular Expression mapping
[ 2026-05-26 20:43:15,083] 174 root - INFO - Data transformation complete
[ 2026-05-26 20:43:15,083] 49 root - INFO - Started Regular Expression mapping
[ 2026-05-26 20:43:15,083] 174 root - INFO - Data transformation complete
[ 2026-05-26 20:43:15,083] 49 root - INFO - Started Regular Expression mapping
[ 2026-05-26 20:43:15,083] 174 root - INFO - Data transformation complete
[ 2026-05-26 20:43:15,083] 49 root - INFO - Started Regular Expression mapping
[ 2026-05-26 20:43:15,083] 174 root - INFO - Data transformation complete
[ 2026-05-26 20:43:15,084] 49 root - INFO - Started Regular Expression mapping
[ 2026-05-26 20:43:15,084] 174 root - INFO - Data transformation complete
[ 2026-05-26 20:43:15,084] 49 root - INFO - Started Regular Expression mapping
[ 2026-05-26 20:43:15,084] 174 root - INFO - Data transformation complete
[ 2026-05-26 20:43:15,084] 49 root - INFO - Started Regular Expression mapping
[ 2026-05-26 20:43:15,084] 25 root - INFO - Match heuristic business names to paybill payments
[ 2026-05-26 20:43:15,084] 174 root - INFO - Data transformation complete
[ 2026-05-26 20:43:15,084] 49 root - INFO - Started Regular Expression mapping
[ 2026-05-26 20:43:15,084] 174 root - INFO - Data transformation complete
[ 2026-05-26 20:43:15,084] 49 root - INFO - Started Regular Expression mapping
[ 2026-05-26 20:43:15,085] 174 root - INFO - Data transformation complete
[ 2026-05-26 20:43:15,085] 49 root - INFO - Started Regular Expression mapping
[ 2026-05-26 20:43:15,085] 174 root - INFO - Data transformation complete
[ 2026-05-26 20:43:15,085] 49 root - INFO - Started Regular Expression mapping
[ 2026-05-26 20:43:15,085] 174 root - INFO - Data transformation complete
[ 2026-05-26 20:43:15,085] 49 root - INFO - Started Regular Expression mapping
[ 2026-05-26 20:43:15,086] 174 root - INFO - Data transformation complete
[ 2026-05-26 20:43:15,086] 49 root - INFO - Started Regular Expression mapping
[ 2026-05-26 20:43:15,086] 25 root - INFO - Match heuristic business names to paybill payments
[ 2026-05-26 20:43:15,086] 174 root - INFO - Data transformation complete
[ 2026-05-26 20:43:15,087] 49 root - INFO - Started Regular Expression mapping
[ 2026-05-26 20:43:15,087] 25 root - INFO - Match heuristic business names to paybill payments
[ 2026-05-26 20:43:15,087] 174 root - INFO - Data transformation complete
[ 2026-05-26 20:43:15,087] 49 root - INFO - Started Regular Expression mapping
[ 2026-05-26 20:43:15,087] 174 root - INFO - Data transformation complete
[ 2026-05-26 20:43:15,087] 49 root - INFO - Started Regular Expression mapping
[ 2026-05-26 20:43:15,087] 174 root - INFO - Data transformation complete
[ 2026-05-26 20:43:15,088] 49 root - INFO - Started Regular Expression mapping
[ 2026-05-26 20:43:15,088] 174 root - INFO - Data transformation complete
[ 2026-05-26 20:43:15,088] 49 root - INFO - Started Regular Expression mapping
[ 2026-05-26 20:43:15,088] 174 root - INFO - Data transformation complete
[ 2026-05-26 20:43:15,088] 49 root - INFO - Started Regular Expression mapping
[ 2026-05-26 20:43:15,088] 174 root - INFO - Data transformation complete
[ 2026-05-26 20:43:15,089] 49 root - INFO - Started Regular Expression mapping
[ 2026-05-26 20:43:15,089] 174 root - INFO - Data transformation complete
[ 2026-05-26 20:43:15,089] 49 root - INFO - Started Regular Expression mapping
[ 2026-05-26 20:43:15,089] 174 root - INFO - Data transformation complete
[ 2026-05-26 20:43:15,089] 49 root - INFO - Started Regular Expression mapping
[ 2026-05-26 20:43:15,089] 174 root - INFO - Data transformation complete
[ 2026-05-26 20:43:15,089] 49 root - INFO - Started Regular Expression mapping
[ 2026-05-26 20:43:15,090] 174 root - INFO - Data transformation complete
[ 2026-05-26 20:43:15,090] 49 root - INFO - Started Regular Expression mapping
[ 2026-05-26 20:43:15,090] 174 root - INFO - Data transformation complete
[ 2026-05-26 20:43:15,090] 49 root - INFO - Started Regular Expression mapping
[ 2026-05-26 20:43:15,090] 174 root - INFO - Data transformation complete
[ 2026-05-26 20:43:15,090] 49 root - INFO - Started Regular Expression mapping
[ 2026-05-26 20:43:15,091] 174 root - INFO - Data transformation complete
[ 2026-05-26 20:43:15,091] 49 root - INFO - Started Regular Expression mapping
[ 2026-05-26 20:43:15,091] 174 root - INFO - Data transformation complete
[ 2026-05-26 20:43:15,091] 49 root - INFO - Started Regular Expression mapping
[ 2026-05-26 20:43:15,091] 174 root - INFO - Data transformation complete
[ 2026-05-26 20:43:15,091] 49 root - INFO - Started Regular Expression mapping
[ 2026-05-26 20:43:15,091] 174 root - INFO - Data transformation complete
[ 2026-05-26 20:43:15,092] 49 root - INFO - Started Regular Expression mapping
[ 2026-05-26 20:43:15,092] 174 root - INFO - Data transformation complete
[ 2026-05-26 20:43:15,092] 49 root - INFO - Started Regular Expression mapping
[ 2026-05-26 20:43:15,092] 174 root - INFO - Data transformation complete
[ 2026-05-26 20:43:15,092] 49 root - INFO - Started Regular Expression mapping
[ 2026-05-26 20:43:15,092] 174 root - INFO - Data transformation complete
[ 2026-05-26 20:43:15,092] 49 root - INFO - Started Regular Expression mapping
[ 2026-05-26 20:43:15,093] 174 root - INFO - Data transformation complete
[ 2026-05-26 20:43:15,093] 49 root - INFO - Started Regular Expression mapping
[ 2026-05-26 20:43:15,093] 174 root - INFO - Data transformation complete
[ 2026-05-26 20:43:15,093] 49 root - INFO - Started Regular Expression mapping
[ 2026-05-26 20:43:15,093] 174 root - INFO - Data transformation complete
[ 2026-05-26 20:43:15,093] 49 root - INFO - Started Regular Expression mapping
[ 2026-05-26 20:43:15,094] 174 root - INFO - Data transformation complete
[ 2026-05-26 20:43:15,094] 49 root - INFO - Started Regular Expression mapping
[ 2026-05-26 20:43:15,094] 174 root - INFO - Data transformation complete
[ 2026-05-26 20:43:15,094] 49 root - INFO - Started Regular Expression mapping
[ 2026-05-26 20:43:15,094] 174 root - INFO - Data transformation complete
[ 2026-05-26 20:43:15,094] 49 root - INFO - Started Regular Expression mapping
[ 2026-05-26 20:43:15,094] 174 root - INFO - Data transformation complete
[ 2026-05-26 20:43:15,094] 49 root - INFO - Started Regular Expression mapping
[ 2026-05-26 20:43:15,094] 174 root - INFO - Data transformation complete
[ 2026-05-26 20:43:15,094] 49 root - INFO - Started Regular Expression mapping
[ 2026-05-26 20:43:15,095] 174 root - INFO - Data transformation complete
[ 2026-05-26 20:43:15,095] 49 root - INFO - Started Regular Expression mapping
[ 2026-05-26 20:43:15,095] 174 root - INFO - Data transformation complete
[ 2026-05-26 20:43:15,095] 49 root - INFO - Started Regular Expression mapping
[ 2026-05-26 20:43:15,096] 174 root - INFO - Data transformation complete
[ 2026-05-26 20:43:15,096] 49 root - INFO - Started Regular Expression mapping
[ 2026-05-26 20:43:15,096] 174 root - INFO - Data transformation complete
[ 2026-05-26 20:43:15,096] 49 root - INFO - Started Regular Expression mapping
[ 2026-05-26 20:43:15,096] 174 root - INFO - Data transformation complete
[ 2026-05-26 20:43:15,096] 49 root - INFO - Started Regular Expression mapping
[ 2026-05-26 20:43:15,096] 174 root - INFO - Data transformation complete
[ 2026-05-26 20:43:15,097] 49 root - INFO - Started Regular Expression mapping
[ 2026-05-26 20:43:15,097] 174 root - INFO - Data transformation complete
[ 2026-05-26 20:43:15,097] 49 root - INFO - Started Regular Expression mapping
[ 2026-05-26 20:43:15,097] 25 root - INFO - Match heuristic business names to paybill payments
[ 2026-05-26 20:43:15,097] 174 root - INFO - Data transformation complete
[ 2026-05-26 20:43:15,098] 49 root - INFO - Started Regular Expression mapping
[ 2026-05-26 20:43:15,098] 174 root - INFO - Data transformation complete
[ 2026-05-26 20:43:15,098] 49 root - INFO - Started Regular Expression mapping
[ 2026-05-26 20:43:15,098] 174 root - INFO - Data transformation complete
[ 2026-05-26 20:43:15,098] 49 root - INFO - Started Regular Expression mapping
[ 2026-05-26 20:43:15,098] 174 root - INFO - Data transformation complete
[ 2026-05-26 20:43:15,098] 49 root - INFO - Started Regular Expression mapping
[ 2026-05-26 20:43:15,099] 174 root - INFO - Data transformation complete
[ 2026-05-26 20:43:15,099] 49 root - INFO - Started Regular Expression mapping
[ 2026-05-26 20:43:15,099] 174 root - INFO - Data transformation complete
[ 2026-05-26 20:43:15,099] 49 root - INFO - Started Regular Expression mapping
[ 2026-05-26 20:43:15,099] 174 root - INFO - Data transformation complete
[ 2026-05-26 20:43:15,099] 49 root - INFO - Started Regular Expression mapping
[ 2026-05-26 20:43:15,100] 174 root - INFO - Data transformation complete
[ 2026-05-26 20:43:15,100] 49 root - INFO - Started Regular Expression mapping
[ 2026-05-26 20:43:15,100] 174 root - INFO - Data transformation complete
[ 2026-05-26 20:43:15,100] 49 root - INFO - Started Regular Expression mapping
[ 2026-05-26 20:43:15,100] 174 root - INFO - Data transformation complete
[ 2026-05-26 20:43:15,100] 49 root - INFO - Started Regular Expression mapping
[ 2026-05-26 20:43:15,101] 25 root - INFO - Match heuristic business names to paybill payments
[ 2026-05-26 20:43:15,101] 174 root - INFO - Data transformation complete
[ 2026-05-26 20:43:15,101] 49 root - INFO - Started Regular Expression mapping
[ 2026-05-26 20:43:15,101] 174 root - INFO - Data transformation complete
[ 2026-05-26 20:43:15,101] 49 root - INFO - Started Regular Expression mapping
[ 2026-05-26 20:43:15,101] 174 root - INFO - Data transformation complete
[ 2026-05-26 20:43:15,101] 49 root - INFO - Started Regular Expression mapping
[ 2026-05-26 20:43:15,102] 174 root - INFO - Data transformation complete
[ 2026-05-26 20:43:15,102] 49 root - INFO - Started Regular Expression mapping
[ 2026-05-26 20:43:15,102] 174 root - INFO - Data transformation complete
[ 2026-05-26 20:43:15,102] 49 root - INFO - Started Regular Expression mapping
[ 2026-05-26 20:43:15,102] 174 root - INFO - Data transformation complete
[ 2026-05-26 20:43:15,102] 49 root - INFO - Started Regular Expression mapping
[ 2026-05-26 20:43:15,102] 25 root - INFO - Match heuristic business names to paybill payments
[ 2026-05-26 20:43:15,103] 174 root - INFO - Data transformation complete
[ 2026-05-26 20:43:15,103] 49 root - INFO - Started Regular Expression mapping
[ 2026-05-26 20:43:15,103] 25 root - INFO - Match heuristic business names to paybill payments
[ 2026-05-26 20:43:15,103] 174 root - INFO - Data transformation complete
[ 2026-05-26 20:43:15,103] 49 root - INFO - Started Regular Expression mapping
[ 2026-05-26 20:43:15,103] 174 root - INFO - Data transformation complete
[ 2026-05-26 20:43:15,104] 49 root - INFO - Started Regular Expression mapping
[ 2026-05-26 20:43:15,104] 174 root - INFO - Data transformation complete
[ 2026-05-26 20:43:15,104] 49 root - INFO - Started Regular Expression mapping
[ 2026-05-26 20:43:15,104] 174 root - INFO - Data transformation complete
[ 2026-05-26 20:43:15,104] 49 root - INFO - Started Regular Expression mapping
[ 2026-05-26 20:43:15,104] 174 root - INFO - Data transformation complete
[ 2026-05-26 20:43:15,104] 49 root - INFO - Started Regular Expression mapping
[ 2026-05-26 20:43:15,104] 174 root - INFO - Data transformation complete
[ 2026-05-26 20:43:15,104] 49 root - INFO - Started Regular Expression mapping
[ 2026-05-26 20:43:15,104] 25 root - INFO - Match heuristic business names to paybill payments
[ 2026-05-26 20:43:15,105] 174 root - INFO - Data transformation complete
[ 2026-05-26 20:43:15,105] 49 root - INFO - Started Regular Expression mapping
[ 2026-05-26 20:43:15,105] 174 root - INFO - Data transformation complete
[ 2026-05-26 20:43:15,105] 49 root - INFO - Started Regular Expression mapping
[ 2026-05-26 20:43:15,106] 174 root - INFO - Data transformation complete
[ 2026-05-26 20:43:15,106] 49 root - INFO - Started Regular Expression mapping
[ 2026-05-26 20:43:15,106] 174 root - INFO - Data transformation complete
[ 2026-05-26 20:43:15,106] 49 root - INFO - Started Regular Expression mapping
[ 2026-05-26 20:43:15,106] 174 root - INFO - Data transformation complete
[ 2026-05-26 20:43:15,106] 49 root - INFO - Started Regular Expression mapping
[ 2026-05-26 20:43:15,107] 174 root - INFO - Data transformation complete
[ 2026-05-26 20:43:15,107] 49 root - INFO - Started Regular Expression mapping
[ 2026-05-26 20:43:15,107] 25 root - INFO - Match heuristic business names to paybill payments
[ 2026-05-26 20:43:15,107] 174 root - INFO - Data transformation complete
[ 2026-05-26 20:43:15,107] 49 root - INFO - Started Regular Expression mapping
[ 2026-05-26 20:43:15,107] 174 root - INFO - Data transformation complete
[ 2026-05-26 20:43:15,107] 49 root - INFO - Started Regular Expression mapping
[ 2026-05-26 20:43:15,108] 174 root - INFO - Data transformation complete
[ 2026-05-26 20:43:15,108] 49 root - INFO - Started Regular Expression mapping
[ 2026-05-26 20:43:15,108] 25 root - INFO - Match heuristic business names to paybill payments
[ 2026-05-26 20:43:15,108] 174 root - INFO - Data transformation complete
[ 2026-05-26 20:43:15,108] 49 root - INFO - Started Regular Expression mapping
[ 2026-05-26 20:43:15,108] 25 root - INFO - Match heuristic business names to paybill payments
[ 2026-05-26 20:43:15,108] 174 root - INFO - Data transformation complete
[ 2026-05-26 20:43:15,109] 49 root - INFO - Started Regular Expression mapping
[ 2026-05-26 20:43:15,109] 174 root - INFO - Data transformation complete
[ 2026-05-26 20:43:15,109] 49 root - INFO - Started Regular Expression mapping
[ 2026-05-26 20:43:15,109] 174 root - INFO - Data transformation complete
[ 2026-05-26 20:43:15,109] 49 root - INFO - Started Regular Expression mapping
[ 2026-05-26 20:43:15,109] 174 root - INFO - Data transformation complete
[ 2026-05-26 20:43:15,109] 49 root - INFO - Started Regular Expression mapping
[ 2026-05-26 20:43:15,110] 174 root - INFO - Data transformation complete
[ 2026-05-26 20:43:15,110] 49 root - INFO - Started Regular Expression mapping
[ 2026-05-26 20:43:15,110] 174 root - INFO - Data transformation complete
[ 2026-05-26 20:43:15,110] 49 root - INFO - Started Regular Expression mapping
[ 2026-05-26 20:43:15,110] 174 root - INFO - Data transformation complete
[ 2026-05-26 20:43:15,110] 49 root - INFO - Started Regular Expression mapping
[ 2026-05-26 20:43:15,111] 174 root - INFO - Data transformation complete
[ 2026-05-26 20:43:15,111] 49 root - INFO - Started Regular Expression mapping
[ 2026-05-26 20:43:15,111] 174 root - INFO - Data transformation complete
[ 2026-05-26 20:43:15,111] 49 root - INFO - Started Regular Expression mapping
[ 2026-05-26 20:43:15,111] 25 root - INFO - Match heuristic business names to paybill payments
[ 2026-05-26 20:43:15,111] 174 root - INFO - Data transformation complete
[ 2026-05-26 20:43:15,112] 49 root - INFO - Started Regular Expression mapping
[ 2026-05-26 20:43:15,114] 174 root - INFO - Data transformation complete
[ 2026-05-26 20:43:15,114] 49 root - INFO - Started Regular Expression mapping
[ 2026-05-26 20:43:15,114] 174 root - INFO - Data transformation complete
[ 2026-05-26 20:43:15,114] 49 root - INFO - Started Regular Expression mapping
[ 2026-05-26 20:43:15,115] 174 root - INFO - Data transformation complete
[ 2026-05-26 20:43:15,115] 49 root - INFO - Started Regular Expression mapping
[ 2026-05-26 20:43:15,115] 174 root - INFO - Data transformation complete
[ 2026-05-26 20:43:15,115] 49 root - INFO - Started Regular Expression mapping
[ 2026-05-26 20:43:15,116] 174 root - INFO - Data transformation complete
[ 2026-05-26 20:43:15,116] 49 root - INFO - Started Regular Expression mapping
[ 2026-05-26 20:43:15,116] 174 root - INFO - Data transformation complete
[ 2026-05-26 20:43:15,116] 49 root - INFO - Started Regular Expression mapping
[ 2026-05-26 20:43:15,116] 174 root - INFO - Data transformation complete
[ 2026-05-26 20:43:15,116] 49 root - INFO - Started Regular Expression mapping
[ 2026-05-26 20:43:15,117] 174 root - INFO - Data transformation complete
[ 2026-05-26 20:43:15,117] 49 root - INFO - Started Regular Expression mapping
[ 2026-05-26 20:43:15,117] 174 root - INFO - Data transformation complete
[ 2026-05-26 20:43:15,117] 49 root - INFO - Started Regular Expression mapping
[ 2026-05-26 20:43:15,117] 174 root - INFO - Data transformation complete
[ 2026-05-26 20:43:15,117] 49 root - INFO - Started Regular Expression mapping
[ 2026-05-26 20:43:15,118] 174 root - INFO - Data transformation complete
[ 2026-05-26 20:43:15,118] 49 root - INFO - Started Regular Expression mapping
[ 2026-05-26 20:43:15,118] 174 root - INFO - Data transformation complete
[ 2026-05-26 20:43:15,118] 49 root - INFO - Started Regular Expression mapping
[ 2026-05-26 20:43:15,118] 174 root - INFO - Data transformation complete
[ 2026-05-26 20:43:15,118] 49 root - INFO - Started Regular Expression mapping
[ 2026-05-26 20:43:15,118] 25 root - INFO - Match heuristic business names to paybill payments
[ 2026-05-26 20:43:15,119] 174 root - INFO - Data transformation complete
[ 2026-05-26 20:43:15,119] 49 root - INFO - Started Regular Expression mapping
[ 2026-05-26 20:43:15,119] 25 root - INFO - Match heuristic business names to paybill payments
[ 2026-05-26 20:43:15,119] 174 root - INFO - Data transformation complete
[ 2026-05-26 20:43:15,119] 49 root - INFO - Started Regular Expression mapping
[ 2026-05-26 20:43:15,119] 174 root - INFO - Data transformation complete
[ 2026-05-26 20:43:15,119] 49 root - INFO - Started Regular Expression mapping
[ 2026-05-26 20:43:15,120] 174 root - INFO - Data transformation complete
[ 2026-05-26 20:43:15,120] 49 root - INFO - Started Regular Expression mapping
[ 2026-05-26 20:43:15,120] 174 root - INFO - Data transformation complete
[ 2026-05-26 20:43:15,120] 49 root - INFO - Started Regular Expression mapping
[ 2026-05-26 20:43:15,120] 174 root - INFO - Data transformation complete
[ 2026-05-26 20:43:15,120] 49 root - INFO - Started Regular Expression mapping
[ 2026-05-26 20:43:15,121] 174 root - INFO - Data transformation complete
[ 2026-05-26 20:43:15,121] 49 root - INFO - Started Regular Expression mapping
[ 2026-05-26 20:43:15,121] 25 root - INFO - Match heuristic business names to paybill payments
[ 2026-05-26 20:43:15,121] 174 root - INFO - Data transformation complete
[ 2026-05-26 20:43:15,121] 49 root - INFO - Started Regular Expression mapping
[ 2026-05-26 20:43:15,122] 174 root - INFO - Data transformation complete
[ 2026-05-26 20:43:15,122] 49 root - INFO - Started Regular Expression mapping
[ 2026-05-26 20:43:15,122] 174 root - INFO - Data transformation complete
[ 2026-05-26 20:43:15,122] 49 root - INFO - Started Regular Expression mapping
[ 2026-05-26 20:43:15,122] 174 root - INFO - Data transformation complete
[ 2026-05-26 20:43:15,122] 49 root - INFO - Started Regular Expression mapping
[ 2026-05-26 20:43:15,123] 174 root - INFO - Data transformation complete
[ 2026-05-26 20:43:15,123] 49 root - INFO - Started Regular Expression mapping
[ 2026-05-26 20:43:15,123] 174 root - INFO - Data transformation complete
[ 2026-05-26 20:43:15,123] 49 root - INFO - Started Regular Expression mapping
[ 2026-05-26 20:43:15,123] 174 root - INFO - Data transformation complete
[ 2026-05-26 20:43:15,123] 49 root - INFO - Started Regular Expression mapping
[ 2026-05-26 20:43:15,124] 174 root - INFO - Data transformation complete
[ 2026-05-26 20:43:15,124] 49 root - INFO - Started Regular Expression mapping
[ 2026-05-26 20:43:15,124] 174 root - INFO - Data transformation complete
[ 2026-05-26 20:43:15,124] 49 root - INFO - Started Regular Expression mapping
[ 2026-05-26 20:43:15,124] 174 root - INFO - Data transformation complete
[ 2026-05-26 20:43:15,124] 49 root - INFO - Started Regular Expression mapping
[ 2026-05-26 20:43:15,124] 174 root - INFO - Data transformation complete
[ 2026-05-26 20:43:15,124] 49 root - INFO - Started Regular Expression mapping
[ 2026-05-26 20:43:15,124] 174 root - INFO - Data transformation complete
[ 2026-05-26 20:43:15,124] 49 root - INFO - Started Regular Expression mapping
[ 2026-05-26 20:43:15,125] 174 root - INFO - Data transformation complete
[ 2026-05-26 20:43:15,125] 49 root - INFO - Started Regular Expression mapping
[ 2026-05-26 20:43:15,125] 174 root - INFO - Data transformation complete
[ 2026-05-26 20:43:15,125] 49 root - INFO - Started Regular Expression mapping
[ 2026-05-26 20:43:15,126] 174 root - INFO - Data transformation complete
[ 2026-05-26 20:43:15,126] 49 root - INFO - Started Regular Expression mapping
[ 2026-05-26 20:43:15,126] 174 root - INFO - Data transformation complete
[ 2026-05-26 20:43:15,126] 49 root - INFO - Started Regular Expression mapping
[ 2026-05-26 20:43:15,126] 174 root - INFO - Data transformation complete
[ 2026-05-26 20:43:15,126] 49 root - INFO - Started Regular Expression mapping
[ 2026-05-26 20:43:15,126] 174 root - INFO - Data transformation complete
[ 2026-05-26 20:43:15,127] 49 root - INFO - Started Regular Expression mapping
[ 2026-05-26 20:43:15,127] 174 root - INFO - Data transformation complete
[ 2026-05-26 20:43:15,127] 49 root - INFO - Started Regular Expression mapping
[ 2026-05-26 20:43:15,127] 174 root - INFO - Data transformation complete
[ 2026-05-26 20:43:15,127] 49 root - INFO - Started Regular Expression mapping
[ 2026-05-26 20:43:15,127] 25 root - INFO - Match heuristic business names to paybill payments
[ 2026-05-26 20:43:15,128] 174 root - INFO - Data transformation complete
[ 2026-05-26 20:43:15,128] 49 root - INFO - Started Regular Expression mapping
[ 2026-05-26 20:43:15,128] 174 root - INFO - Data transformation complete
[ 2026-05-26 20:43:15,128] 49 root - INFO - Started Regular Expression mapping
[ 2026-05-26 20:43:15,129] 174 root - INFO - Data transformation complete
[ 2026-05-26 20:43:15,129] 49 root - INFO - Started Regular Expression mapping
[ 2026-05-26 20:43:15,129] 174 root - INFO - Data transformation complete
[ 2026-05-26 20:43:15,129] 49 root - INFO - Started Regular Expression mapping
[ 2026-05-26 20:43:15,129] 174 root - INFO - Data transformation complete
[ 2026-05-26 20:43:15,129] 49 root - INFO - Started Regular Expression mapping
[ 2026-05-26 20:43:15,129] 174 root - INFO - Data transformation complete
[ 2026-05-26 20:43:15,130] 49 root - INFO - Started Regular Expression mapping
[ 2026-05-26 20:43:15,130] 174 root - INFO - Data transformation complete
[ 2026-05-26 20:43:15,130] 49 root - INFO - Started Regular Expression mapping
[ 2026-05-26 20:43:15,130] 25 root - INFO - Match heuristic business names to paybill payments
[ 2026-05-26 20:43:15,130] 174 root - INFO - Data transformation complete
[ 2026-05-26 20:43:15,130] 49 root - INFO - Started Regular Expression mapping
[ 2026-05-26 20:43:15,131] 25 root - INFO - Match heuristic business names to paybill payments
[ 2026-05-26 20:43:15,131] 174 root - INFO - Data transformation complete
[ 2026-05-26 20:43:15,131] 49 root - INFO - Started Regular Expression mapping
[ 2026-05-26 20:43:15,131] 174 root - INFO - Data transformation complete
[ 2026-05-26 20:43:15,131] 49 root - INFO - Started Regular Expression mapping
[ 2026-05-26 20:43:15,131] 174 root - INFO - Data transformation complete
[ 2026-05-26 20:43:15,131] 49 root - INFO - Started Regular Expression mapping
[ 2026-05-26 20:43:15,132] 174 root - INFO - Data transformation complete
[ 2026-05-26 20:43:15,132] 49 root - INFO - Started Regular Expression mapping
[ 2026-05-26 20:43:15,132] 174 root - INFO - Data transformation complete
[ 2026-05-26 20:43:15,132] 49 root - INFO - Started Regular Expression mapping
[ 2026-05-26 20:43:15,132] 25 root - INFO - Match heuristic business names to paybill payments
[ 2026-05-26 20:43:15,132] 174 root - INFO - Data transformation complete
[ 2026-05-26 20:43:15,132] 49 root - INFO - Started Regular Expression mapping
[ 2026-05-26 20:43:15,133] 174 root - INFO - Data transformation complete
[ 2026-05-26 20:43:15,133] 49 root - INFO - Started Regular Expression mapping
[ 2026-05-26 20:43:15,133] 25 root - INFO - Match heuristic business names to paybill payments
[ 2026-05-26 20:43:15,133] 174 root - INFO - Data transformation complete
[ 2026-05-26 20:43:15,133] 49 root - INFO - Started Regular Expression mapping
[ 2026-05-26 20:43:15,133] 25 root - INFO - Match heuristic business names to paybill payments
[ 2026-05-26 20:43:15,134] 174 root - INFO - Data transformation complete
[ 2026-05-26 20:43:15,134] 49 root - INFO - Started Regular Expression mapping
[ 2026-05-26 20:43:15,134] 174 root - INFO - Data transformation complete
[ 2026-05-26 20:43:15,134] 49 root - INFO - Started Regular Expression mapping
[ 2026-05-26 20:43:15,134] 174 root - INFO - Data transformation complete
[ 2026-05-26 20:43:15,134] 49 root - INFO - Started Regular Expression mapping
[ 2026-05-26 20:43:15,134] 174 root - INFO - Data transformation complete
[ 2026-05-26 20:43:15,134] 49 root - INFO - Started Regular Expression mapping
[ 2026-05-26 20:43:15,134] 174 root - INFO - Data transformation complete
[ 2026-05-26 20:43:15,134] 49 root - INFO - Started Regular Expression mapping
[ 2026-05-26 20:43:15,135] 174 root - INFO - Data transformation complete
[ 2026-05-26 20:43:15,135] 49 root - INFO - Started Regular Expression mapping
[ 2026-05-26 20:43:15,135] 25 root - INFO - Match heuristic business names to paybill payments
[ 2026-05-26 20:43:15,135] 174 root - INFO - Data transformation complete
[ 2026-05-26 20:43:15,136] 49 root - INFO - Started Regular Expression mapping
[ 2026-05-26 20:43:15,136] 174 root - INFO - Data transformation complete
[ 2026-05-26 20:43:15,136] 49 root - INFO - Started Regular Expression mapping
[ 2026-05-26 20:43:15,136] 174 root - INFO - Data transformation complete
[ 2026-05-26 20:43:15,136] 49 root - INFO - Started Regular Expression mapping
[ 2026-05-26 20:43:15,136] 25 root - INFO - Match heuristic business names to paybill payments
[ 2026-05-26 20:43:15,136] 174 root - INFO - Data transformation complete
[ 2026-05-26 20:43:15,137] 49 root - INFO - Started Regular Expression mapping
[ 2026-05-26 20:43:15,137] 25 root - INFO - Match heuristic business names to paybill payments
[ 2026-05-26 20:43:15,137] 174 root - INFO - Data transformation complete
[ 2026-05-26 20:43:15,137] 49 root - INFO - Started Regular Expression mapping
[ 2026-05-26 20:43:15,137] 174 root - INFO - Data transformation complete
[ 2026-05-26 20:43:15,137] 49 root - INFO - Started Regular Expression mapping
[ 2026-05-26 20:43:15,137] 174 root - INFO - Data transformation complete
[ 2026-05-26 20:43:15,137] 49 root - INFO - Started Regular Expression mapping
[ 2026-05-26 20:43:15,137] 174 root - INFO - Data transformation complete
[ 2026-05-26 20:43:15,139] 49 root - INFO - Started Regular Expression mapping
[ 2026-05-26 20:43:15,139] 174 root - INFO - Data transformation complete
[ 2026-05-26 20:43:15,139] 49 root - INFO - Started Regular Expression mapping
[ 2026-05-26 20:43:15,139] 174 root - INFO - Data transformation complete
[ 2026-05-26 20:43:15,139] 49 root - INFO - Started Regular Expression mapping
[ 2026-05-26 20:43:15,139] 25 root - INFO - Match heuristic business names to paybill payments
[ 2026-05-26 20:43:15,139] 174 root - INFO - Data transformation complete
[ 2026-05-26 20:43:15,140] 49 root - INFO - Started Regular Expression mapping
[ 2026-05-26 20:43:15,140] 174 root - INFO - Data transformation complete
[ 2026-05-26 20:43:15,140] 49 root - INFO - Started Regular Expression mapping
[ 2026-05-26 20:43:15,140] 174 root - INFO - Data transformation complete
[ 2026-05-26 20:43:15,140] 49 root - INFO - Started Regular Expression mapping
[ 2026-05-26 20:43:15,140] 174 root - INFO - Data transformation complete
[ 2026-05-26 20:43:15,141] 49 root - INFO - Started Regular Expression mapping
[ 2026-05-26 20:43:15,141] 174 root - INFO - Data transformation complete
[ 2026-05-26 20:43:15,141] 49 root - INFO - Started Regular Expression mapping
[ 2026-05-26 20:43:15,141] 25 root - INFO - Match heuristic business names to paybill payments
[ 2026-05-26 20:43:15,141] 174 root - INFO - Data transformation complete
[ 2026-05-26 20:43:15,141] 49 root - INFO - Started Regular Expression mapping
[ 2026-05-26 20:43:15,141] 174 root - INFO - Data transformation complete
[ 2026-05-26 20:43:15,142] 49 root - INFO - Started Regular Expression mapping
[ 2026-05-26 20:43:15,142] 174 root - INFO - Data transformation complete
[ 2026-05-26 20:43:15,142] 49 root - INFO - Started Regular Expression mapping
[ 2026-05-26 20:43:15,142] 174 root - INFO - Data transformation complete
[ 2026-05-26 20:43:15,142] 49 root - INFO - Started Regular Expression mapping
[ 2026-05-26 20:43:15,142] 174 root - INFO - Data transformation complete
[ 2026-05-26 20:43:15,142] 49 root - INFO - Started Regular Expression mapping
[ 2026-05-26 20:43:15,143] 174 root - INFO - Data transformation complete
[ 2026-05-26 20:43:15,143] 49 root - INFO - Started Regular Expression mapping
[ 2026-05-26 20:43:15,143] 25 root - INFO - Match heuristic business names to paybill payments
[ 2026-05-26 20:43:15,143] 174 root - INFO - Data transformation complete
[ 2026-05-26 20:43:15,143] 49 root - INFO - Started Regular Expression mapping
[ 2026-05-26 20:43:15,143] 25 root - INFO - Match heuristic business names to paybill payments
[ 2026-05-26 20:43:15,144] 174 root - INFO - Data transformation complete
[ 2026-05-26 20:43:15,144] 49 root - INFO - Started Regular Expression mapping
[ 2026-05-26 20:43:15,144] 174 root - INFO - Data transformation complete
[ 2026-05-26 20:43:15,144] 49 root - INFO - Started Regular Expression mapping
[ 2026-05-26 20:43:15,144] 174 root - INFO - Data transformation complete
[ 2026-05-26 20:43:15,144] 49 root - INFO - Started Regular Expression mapping
[ 2026-05-26 20:43:15,144] 174 root - INFO - Data transformation complete
[ 2026-05-26 20:43:15,145] 49 root - INFO - Started Regular Expression mapping
[ 2026-05-26 20:43:15,145] 25 root - INFO - Match heuristic business names to paybill payments
[ 2026-05-26 20:43:15,145] 174 root - INFO - Data transformation complete
[ 2026-05-26 20:43:15,145] 49 root - INFO - Started Regular Expression mapping
[ 2026-05-26 20:43:15,145] 25 root - INFO - Match heuristic business names to paybill payments
[ 2026-05-26 20:43:15,145] 174 root - INFO - Data transformation complete
[ 2026-05-26 20:43:15,146] 49 root - INFO - Started Regular Expression mapping
[ 2026-05-26 20:43:15,146] 174 root - INFO - Data transformation complete
[ 2026-05-26 20:43:15,147] 49 root - INFO - Started Regular Expression mapping
[ 2026-05-26 20:43:15,147] 174 root - INFO - Data transformation complete
[ 2026-05-26 20:43:15,147] 49 root - INFO - Started Regular Expression mapping
[ 2026-05-26 20:43:15,147] 174 root - INFO - Data transformation complete
[ 2026-05-26 20:43:15,148] 49 root - INFO - Started Regular Expression mapping
[ 2026-05-26 20:43:15,148] 174 root - INFO - Data transformation complete
[ 2026-05-26 20:43:15,148] 49 root - INFO - Started Regular Expression mapping
[ 2026-05-26 20:43:15,148] 174 root - INFO - Data transformation complete
[ 2026-05-26 20:43:15,149] 49 root - INFO - Started Regular Expression mapping
[ 2026-05-26 20:43:15,149] 174 root - INFO - Data transformation complete
[ 2026-05-26 20:43:15,149] 49 root - INFO - Started Regular Expression mapping
[ 2026-05-26 20:43:15,149] 174 root - INFO - Data transformation complete
[ 2026-05-26 20:43:15,149] 49 root - INFO - Started Regular Expression mapping
[ 2026-05-26 20:43:15,149] 174 root - INFO - Data transformation complete
[ 2026-05-26 20:43:15,149] 49 root - INFO - Started Regular Expression mapping
[ 2026-05-26 20:43:15,150] 25 root - INFO - Match heuristic business names to paybill payments
[ 2026-05-26 20:43:15,150] 174 root - INFO - Data transformation complete
[ 2026-05-26 20:43:15,150] 49 root - INFO - Started Regular Expression mapping
[ 2026-05-26 20:43:15,150] 25 root - INFO - Match heuristic business names to paybill payments
[ 2026-05-26 20:43:15,150] 174 root - INFO - Data transformation complete
[ 2026-05-26 20:43:15,150] 49 root - INFO - Started Regular Expression mapping
[ 2026-05-26 20:43:15,151] 174 root - INFO - Data transformation complete
[ 2026-05-26 20:43:15,151] 49 root - INFO - Started Regular Expression mapping
[ 2026-05-26 20:43:15,151] 174 root - INFO - Data transformation complete
[ 2026-05-26 20:43:15,151] 49 root - INFO - Started Regular Expression mapping
[ 2026-05-26 20:43:15,151] 174 root - INFO - Data transformation complete
[ 2026-05-26 20:43:15,151] 49 root - INFO - Started Regular Expression mapping
[ 2026-05-26 20:43:15,151] 174 root - INFO - Data transformation complete
[ 2026-05-26 20:43:15,152] 49 root - INFO - Started Regular Expression mapping
[ 2026-05-26 20:43:15,152] 174 root - INFO - Data transformation complete
[ 2026-05-26 20:43:15,152] 49 root - INFO - Started Regular Expression mapping
[ 2026-05-26 20:43:15,152] 174 root - INFO - Data transformation complete
[ 2026-05-26 20:43:15,152] 49 root - INFO - Started Regular Expression mapping
[ 2026-05-26 20:43:15,152] 174 root - INFO - Data transformation complete
[ 2026-05-26 20:43:15,153] 49 root - INFO - Started Regular Expression mapping
[ 2026-05-26 20:43:15,153] 174 root - INFO - Data transformation complete
[ 2026-05-26 20:43:15,153] 49 root - INFO - Started Regular Expression mapping
[ 2026-05-26 20:43:15,153] 174 root - INFO - Data transformation complete
[ 2026-05-26 20:43:15,153] 49 root - INFO - Started Regular Expression mapping
[ 2026-05-26 20:43:15,153] 174 root - INFO - Data transformation complete
[ 2026-05-26 20:43:15,153] 49 root - INFO - Started Regular Expression mapping
[ 2026-05-26 20:43:15,154] 174 root - INFO - Data transformation complete
[ 2026-05-26 20:43:15,154] 49 root - INFO - Started Regular Expression mapping
[ 2026-05-26 20:43:15,154] 174 root - INFO - Data transformation complete
[ 2026-05-26 20:43:15,154] 49 root - INFO - Started Regular Expression mapping
[ 2026-05-26 20:43:15,154] 174 root - INFO - Data transformation complete
[ 2026-05-26 20:43:15,154] 49 root - INFO - Started Regular Expression mapping
[ 2026-05-26 20:43:15,154] 174 root - INFO - Data transformation complete
[ 2026-05-26 20:43:15,154] 49 root - INFO - Started Regular Expression mapping
[ 2026-05-26 20:43:15,154] 25 root - INFO - Match heuristic business names to paybill payments
[ 2026-05-26 20:43:15,154] 174 root - INFO - Data transformation complete
[ 2026-05-26 20:43:15,155] 49 root - INFO - Started Regular Expression mapping
[ 2026-05-26 20:43:15,155] 25 root - INFO - Match heuristic business names to paybill payments
[ 2026-05-26 20:43:15,155] 174 root - INFO - Data transformation complete
[ 2026-05-26 20:43:15,155] 49 root - INFO - Started Regular Expression mapping
[ 2026-05-26 20:43:15,155] 174 root - INFO - Data transformation complete
[ 2026-05-26 20:43:15,155] 49 root - INFO - Started Regular Expression mapping
[ 2026-05-26 20:43:15,156] 174 root - INFO - Data transformation complete
[ 2026-05-26 20:43:15,156] 49 root - INFO - Started Regular Expression mapping
[ 2026-05-26 20:43:15,156] 174 root - INFO - Data transformation complete
[ 2026-05-26 20:43:15,157] 49 root - INFO - Started Regular Expression mapping
[ 2026-05-26 20:43:15,157] 25 root - INFO - Match heuristic business names to paybill payments
[ 2026-05-26 20:43:15,157] 174 root - INFO - Data transformation complete
[ 2026-05-26 20:43:15,158] 49 root - INFO - Started Regular Expression mapping
[ 2026-05-26 20:43:15,158] 174 root - INFO - Data transformation complete
[ 2026-05-26 20:43:15,158] 49 root - INFO - Started Regular Expression mapping
[ 2026-05-26 20:43:15,158] 174 root - INFO - Data transformation complete
[ 2026-05-26 20:43:15,158] 49 root - INFO - Started Regular Expression mapping
[ 2026-05-26 20:43:15,158] 174 root - INFO - Data transformation complete
[ 2026-05-26 20:43:15,158] 49 root - INFO - Started Regular Expression mapping
[ 2026-05-26 20:43:15,159] 174 root - INFO - Data transformation complete
[ 2026-05-26 20:43:15,159] 49 root - INFO - Started Regular Expression mapping
[ 2026-05-26 20:43:15,159] 174 root - INFO - Data transformation complete
[ 2026-05-26 20:43:15,159] 49 root - INFO - Started Regular Expression mapping
[ 2026-05-26 20:43:15,160] 174 root - INFO - Data transformation complete
[ 2026-05-26 20:43:15,160] 49 root - INFO - Started Regular Expression mapping
[ 2026-05-26 20:43:15,160] 174 root - INFO - Data transformation complete
[ 2026-05-26 20:43:15,160] 49 root - INFO - Started Regular Expression mapping
[ 2026-05-26 20:43:15,160] 174 root - INFO - Data transformation complete
[ 2026-05-26 20:43:15,160] 49 root - INFO - Started Regular Expression mapping
[ 2026-05-26 20:43:15,161] 174 root - INFO - Data transformation complete
[ 2026-05-26 20:43:15,161] 49 root - INFO - Started Regular Expression mapping
[ 2026-05-26 20:43:15,161] 174 root - INFO - Data transformation complete
[ 2026-05-26 20:43:15,161] 49 root - INFO - Started Regular Expression mapping
[ 2026-05-26 20:43:15,161] 174 root - INFO - Data transformation complete
[ 2026-05-26 20:43:15,161] 49 root - INFO - Started Regular Expression mapping
[ 2026-05-26 20:43:15,161] 25 root - INFO - Match heuristic business names to paybill payments
[ 2026-05-26 20:43:15,162] 174 root - INFO - Data transformation complete
[ 2026-05-26 20:43:15,162] 49 root - INFO - Started Regular Expression mapping
[ 2026-05-26 20:43:15,162] 25 root - INFO - Match heuristic business names to paybill payments
[ 2026-05-26 20:43:15,162] 174 root - INFO - Data transformation complete
[ 2026-05-26 20:43:15,162] 49 root - INFO - Started Regular Expression mapping
[ 2026-05-26 20:43:15,162] 174 root - INFO - Data transformation complete
[ 2026-05-26 20:43:15,163] 49 root - INFO - Started Regular Expression mapping
[ 2026-05-26 20:43:15,163] 174 root - INFO - Data transformation complete
[ 2026-05-26 20:43:15,163] 49 root - INFO - Started Regular Expression mapping
[ 2026-05-26 20:43:15,163] 174 root - INFO - Data transformation complete
[ 2026-05-26 20:43:15,163] 49 root - INFO - Started Regular Expression mapping
[ 2026-05-26 20:43:15,163] 174 root - INFO - Data transformation complete
[ 2026-05-26 20:43:15,163] 49 root - INFO - Started Regular Expression mapping
[ 2026-05-26 20:43:15,164] 25 root - INFO - Match heuristic business names to paybill payments
[ 2026-05-26 20:43:15,164] 174 root - INFO - Data transformation complete
[ 2026-05-26 20:43:15,164] 49 root - INFO - Started Regular Expression mapping
[ 2026-05-26 20:43:15,164] 25 root - INFO - Match heuristic business names to paybill payments
[ 2026-05-26 20:43:15,164] 174 root - INFO - Data transformation complete
[ 2026-05-26 20:43:15,164] 49 root - INFO - Started Regular Expression mapping
[ 2026-05-26 20:43:15,165] 174 root - INFO - Data transformation complete
[ 2026-05-26 20:43:15,165] 49 root - INFO - Started Regular Expression mapping
[ 2026-05-26 20:43:15,165] 174 root - INFO - Data transformation complete
[ 2026-05-26 20:43:15,165] 49 root - INFO - Started Regular Expression mapping
[ 2026-05-26 20:43:15,166] 174 root - INFO - Data transformation complete
[ 2026-05-26 20:43:15,166] 49 root - INFO - Started Regular Expression mapping
[ 2026-05-26 20:43:15,166] 174 root - INFO - Data transformation complete
[ 2026-05-26 20:43:15,166] 49 root - INFO - Started Regular Expression mapping
[ 2026-05-26 20:43:15,166] 25 root - INFO - Match heuristic business names to paybill payments
[ 2026-05-26 20:43:15,167] 174 root - INFO - Data transformation complete
[ 2026-05-26 20:43:15,167] 49 root - INFO - Started Regular Expression mapping
[ 2026-05-26 20:43:15,167] 25 root - INFO - Match heuristic business names to paybill payments
[ 2026-05-26 20:43:15,167] 174 root - INFO - Data transformation complete
[ 2026-05-26 20:43:15,167] 49 root - INFO - Started Regular Expression mapping
[ 2026-05-26 20:43:15,167] 174 root - INFO - Data transformation complete
[ 2026-05-26 20:43:15,168] 49 root - INFO - Started Regular Expression mapping
[ 2026-05-26 20:43:15,168] 174 root - INFO - Data transformation complete
[ 2026-05-26 20:43:15,168] 49 root - INFO - Started Regular Expression mapping
[ 2026-05-26 20:43:15,168] 174 root - INFO - Data transformation complete
[ 2026-05-26 20:43:15,168] 49 root - INFO - Started Regular Expression mapping
[ 2026-05-26 20:43:15,168] 174 root - INFO - Data transformation complete
[ 2026-05-26 20:43:15,168] 49 root - INFO - Started Regular Expression mapping
[ 2026-05-26 20:43:15,169] 174 root - INFO - Data transformation complete
[ 2026-05-26 20:43:15,169] 49 root - INFO - Started Regular Expression mapping
[ 2026-05-26 20:43:15,169] 174 root - INFO - Data transformation complete
[ 2026-05-26 20:43:15,169] 49 root - INFO - Started Regular Expression mapping
[ 2026-05-26 20:43:15,169] 174 root - INFO - Data transformation complete
[ 2026-05-26 20:43:15,169] 49 root - INFO - Started Regular Expression mapping
[ 2026-05-26 20:43:15,170] 25 root - INFO - Match heuristic business names to paybill payments
[ 2026-05-26 20:43:15,170] 174 root - INFO - Data transformation complete
[ 2026-05-26 20:43:15,170] 49 root - INFO - Started Regular Expression mapping
[ 2026-05-26 20:43:15,170] 174 root - INFO - Data transformation complete
[ 2026-05-26 20:43:15,170] 49 root - INFO - Started Regular Expression mapping
[ 2026-05-26 20:43:15,170] 25 root - INFO - Match heuristic business names to paybill payments
[ 2026-05-26 20:43:15,170] 174 root - INFO - Data transformation complete
[ 2026-05-26 20:43:15,171] 49 root - INFO - Started Regular Expression mapping
[ 2026-05-26 20:43:15,171] 174 root - INFO - Data transformation complete
[ 2026-05-26 20:43:15,171] 49 root - INFO - Started Regular Expression mapping
[ 2026-05-26 20:43:15,171] 174 root - INFO - Data transformation complete
[ 2026-05-26 20:43:15,171] 49 root - INFO - Started Regular Expression mapping
[ 2026-05-26 20:43:15,171] 174 root - INFO - Data transformation complete
[ 2026-05-26 20:43:15,172] 49 root - INFO - Started Regular Expression mapping
[ 2026-05-26 20:43:15,172] 174 root - INFO - Data transformation complete
[ 2026-05-26 20:43:15,172] 49 root - INFO - Started Regular Expression mapping
[ 2026-05-26 20:43:15,172] 174 root - INFO - Data transformation complete
[ 2026-05-26 20:43:15,172] 49 root - INFO - Started Regular Expression mapping
[ 2026-05-26 20:43:15,172] 174 root - INFO - Data transformation complete
[ 2026-05-26 20:43:15,172] 49 root - INFO - Started Regular Expression mapping
[ 2026-05-26 20:43:15,173] 174 root - INFO - Data transformation complete
[ 2026-05-26 20:43:15,173] 49 root - INFO - Started Regular Expression mapping
[ 2026-05-26 20:43:15,173] 25 root - INFO - Match heuristic business names to paybill payments
[ 2026-05-26 20:43:15,173] 174 root - INFO - Data transformation complete
[ 2026-05-26 20:43:15,173] 49 root - INFO - Started Regular Expression mapping
[ 2026-05-26 20:43:15,173] 174 root - INFO - Data transformation complete
[ 2026-05-26 20:43:15,174] 49 root - INFO - Started Regular Expression mapping
[ 2026-05-26 20:43:15,174] 25 root - INFO - Match heuristic business names to paybill payments
[ 2026-05-26 20:43:15,174] 174 root - INFO - Data transformation complete
[ 2026-05-26 20:43:15,174] 49 root - INFO - Started Regular Expression mapping
[ 2026-05-26 20:43:15,174] 174 root - INFO - Data transformation complete
[ 2026-05-26 20:43:15,174] 49 root - INFO - Started Regular Expression mapping
[ 2026-05-26 20:43:15,175] 25 root - INFO - Match heuristic business names to paybill payments
[ 2026-05-26 20:43:15,176] 174 root - INFO - Data transformation complete
[ 2026-05-26 20:43:15,176] 49 root - INFO - Started Regular Expression mapping
[ 2026-05-26 20:43:15,176] 174 root - INFO - Data transformation complete
[ 2026-05-26 20:43:15,176] 49 root - INFO - Started Regular Expression mapping
[ 2026-05-26 20:43:15,176] 174 root - INFO - Data transformation complete
[ 2026-05-26 20:43:15,176] 49 root - INFO - Started Regular Expression mapping
[ 2026-05-26 20:43:15,176] 174 root - INFO - Data transformation complete
[ 2026-05-26 20:43:15,177] 49 root - INFO - Started Regular Expression mapping
[ 2026-05-26 20:43:15,177] 174 root - INFO - Data transformation complete
[ 2026-05-26 20:43:15,178] 49 root - INFO - Started Regular Expression mapping
[ 2026-05-26 20:43:15,178] 174 root - INFO - Data transformation complete
[ 2026-05-26 20:43:15,178] 49 root - INFO - Started Regular Expression mapping
[ 2026-05-26 20:43:15,178] 174 root - INFO - Data transformation complete
[ 2026-05-26 20:43:15,178] 49 root - INFO - Started Regular Expression mapping
[ 2026-05-26 20:43:15,178] 174 root - INFO - Data transformation complete
[ 2026-05-26 20:43:15,178] 49 root - INFO - Started Regular Expression mapping
[ 2026-05-26 20:43:15,179] 25 root - INFO - Match heuristic business names to paybill payments
[ 2026-05-26 20:43:15,179] 174 root - INFO - Data transformation complete
[ 2026-05-26 20:43:15,179] 49 root - INFO - Started Regular Expression mapping
[ 2026-05-26 20:43:15,179] 174 root - INFO - Data transformation complete
[ 2026-05-26 20:43:15,179] 49 root - INFO - Started Regular Expression mapping
[ 2026-05-26 20:43:15,179] 174 root - INFO - Data transformation complete
[ 2026-05-26 20:43:15,179] 49 root - INFO - Started Regular Expression mapping
[ 2026-05-26 20:43:15,180] 174 root - INFO - Data transformation complete
[ 2026-05-26 20:43:15,180] 49 root - INFO - Started Regular Expression mapping
[ 2026-05-26 20:43:15,180] 25 root - INFO - Match heuristic business names to paybill payments
[ 2026-05-26 20:43:15,180] 174 root - INFO - Data transformation complete
[ 2026-05-26 20:43:15,180] 49 root - INFO - Started Regular Expression mapping
[ 2026-05-26 20:43:15,180] 25 root - INFO - Match heuristic business names to paybill payments
[ 2026-05-26 20:43:15,181] 174 root - INFO - Data transformation complete
[ 2026-05-26 20:43:15,181] 49 root - INFO - Started Regular Expression mapping
[ 2026-05-26 20:43:15,181] 174 root - INFO - Data transformation complete
[ 2026-05-26 20:43:15,181] 49 root - INFO - Started Regular Expression mapping
[ 2026-05-26 20:43:15,181] 174 root - INFO - Data transformation complete
[ 2026-05-26 20:43:15,181] 49 root - INFO - Started Regular Expression mapping
[ 2026-05-26 20:43:15,181] 174 root - INFO - Data transformation complete
[ 2026-05-26 20:43:15,182] 49 root - INFO - Started Regular Expression mapping
[ 2026-05-26 20:43:15,182] 25 root - INFO - Match heuristic business names to paybill payments
[ 2026-05-26 20:43:15,182] 174 root - INFO - Data transformation complete
[ 2026-05-26 20:43:15,182] 49 root - INFO - Started Regular Expression mapping
[ 2026-05-26 20:43:15,182] 174 root - INFO - Data transformation complete
[ 2026-05-26 20:43:15,182] 49 root - INFO - Started Regular Expression mapping
[ 2026-05-26 20:43:15,183] 174 root - INFO - Data transformation complete
[ 2026-05-26 20:43:15,183] 49 root - INFO - Started Regular Expression mapping
[ 2026-05-26 20:43:15,183] 174 root - INFO - Data transformation complete
[ 2026-05-26 20:43:15,183] 49 root - INFO - Started Regular Expression mapping
[ 2026-05-26 20:43:15,183] 25 root - INFO - Match heuristic business names to paybill payments
[ 2026-05-26 20:43:15,183] 174 root - INFO - Data transformation complete
[ 2026-05-26 20:43:15,183] 49 root - INFO - Started Regular Expression mapping
[ 2026-05-26 20:43:15,184] 25 root - INFO - Match heuristic business names to paybill payments
[ 2026-05-26 20:43:15,184] 174 root - INFO - Data transformation complete
[ 2026-05-26 20:43:15,184] 49 root - INFO - Started Regular Expression mapping
[ 2026-05-26 20:43:15,184] 174 root - INFO - Data transformation complete
[ 2026-05-26 20:43:15,184] 49 root - INFO - Started Regular Expression mapping
[ 2026-05-26 20:43:15,184] 25 root - INFO - Match heuristic business names to paybill payments
[ 2026-05-26 20:43:15,184] 174 root - INFO - Data transformation complete
[ 2026-05-26 20:43:15,184] 49 root - INFO - Started Regular Expression mapping
[ 2026-05-26 20:43:15,184] 25 root - INFO - Match heuristic business names to paybill payments
[ 2026-05-26 20:43:15,184] 174 root - INFO - Data transformation complete
[ 2026-05-26 20:43:15,184] 49 root - INFO - Started Regular Expression mapping
[ 2026-05-26 20:43:15,185] 174 root - INFO - Data transformation complete
[ 2026-05-26 20:43:15,185] 49 root - INFO - Started Regular Expression mapping
[ 2026-05-26 20:43:15,185] 174 root - INFO - Data transformation complete
[ 2026-05-26 20:43:15,185] 49 root - INFO - Started Regular Expression mapping
[ 2026-05-26 20:43:15,185] 174 root - INFO - Data transformation complete
[ 2026-05-26 20:43:15,185] 49 root - INFO - Started Regular Expression mapping
[ 2026-05-26 20:43:15,186] 174 root - INFO - Data transformation complete
[ 2026-05-26 20:43:15,186] 49 root - INFO - Started Regular Expression mapping
[ 2026-05-26 20:43:15,186] 174 root - INFO - Data transformation complete
[ 2026-05-26 20:43:15,186] 49 root - INFO - Started Regular Expression mapping
[ 2026-05-26 20:43:15,187] 174 root - INFO - Data transformation complete
[ 2026-05-26 20:43:15,187] 49 root - INFO - Started Regular Expression mapping
[ 2026-05-26 20:43:15,187] 174 root - INFO - Data transformation complete
[ 2026-05-26 20:43:15,187] 49 root - INFO - Started Regular Expression mapping
[ 2026-05-26 20:43:15,187] 174 root - INFO - Data transformation complete
[ 2026-05-26 20:43:15,187] 49 root - INFO - Started Regular Expression mapping
[ 2026-05-26 20:43:15,188] 174 root - INFO - Data transformation complete
[ 2026-05-26 20:43:15,188] 49 root - INFO - Started Regular Expression mapping
[ 2026-05-26 20:43:15,188] 174 root - INFO - Data transformation complete
[ 2026-05-26 20:43:15,188] 49 root - INFO - Started Regular Expression mapping
[ 2026-05-26 20:43:15,188] 174 root - INFO - Data transformation complete
[ 2026-05-26 20:43:15,188] 49 root - INFO - Started Regular Expression mapping
[ 2026-05-26 20:43:15,189] 174 root - INFO - Data transformation complete
[ 2026-05-26 20:43:15,189] 49 root - INFO - Started Regular Expression mapping
[ 2026-05-26 20:43:15,189] 174 root - INFO - Data transformation complete
[ 2026-05-26 20:43:15,189] 49 root - INFO - Started Regular Expression mapping
[ 2026-05-26 20:43:15,189] 174 root - INFO - Data transformation complete
[ 2026-05-26 20:43:15,189] 49 root - INFO - Started Regular Expression mapping
[ 2026-05-26 20:43:15,189] 174 root - INFO - Data transformation complete
[ 2026-05-26 20:43:15,190] 49 root - INFO - Started Regular Expression mapping
[ 2026-05-26 20:43:15,190] 174 root - INFO - Data transformation complete
[ 2026-05-26 20:43:15,190] 49 root - INFO - Started Regular Expression mapping
[ 2026-05-26 20:43:15,190] 25 root - INFO - Match heuristic business names to paybill payments
[ 2026-05-26 20:43:15,190] 174 root - INFO - Data transformation complete
[ 2026-05-26 20:43:15,190] 49 root - INFO - Started Regular Expression mapping
[ 2026-05-26 20:43:15,191] 25 root - INFO - Match heuristic business names to paybill payments
[ 2026-05-26 20:43:15,191] 174 root - INFO - Data transformation complete
[ 2026-05-26 20:43:15,191] 49 root - INFO - Started Regular Expression mapping
[ 2026-05-26 20:43:15,191] 174 root - INFO - Data transformation complete
[ 2026-05-26 20:43:15,191] 49 root - INFO - Started Regular Expression mapping
[ 2026-05-26 20:43:15,192] 174 root - INFO - Data transformation complete
[ 2026-05-26 20:43:15,192] 49 root - INFO - Started Regular Expression mapping
[ 2026-05-26 20:43:15,192] 174 root - INFO - Data transformation complete
[ 2026-05-26 20:43:15,192] 49 root - INFO - Started Regular Expression mapping
[ 2026-05-26 20:43:15,192] 174 root - INFO - Data transformation complete
[ 2026-05-26 20:43:15,193] 49 root - INFO - Started Regular Expression mapping
[ 2026-05-26 20:43:15,193] 174 root - INFO - Data transformation complete
[ 2026-05-26 20:43:15,193] 49 root - INFO - Started Regular Expression mapping
[ 2026-05-26 20:43:15,193] 174 root - INFO - Data transformation complete
[ 2026-05-26 20:43:15,193] 49 root - INFO - Started Regular Expression mapping
[ 2026-05-26 20:43:15,193] 174 root - INFO - Data transformation complete
[ 2026-05-26 20:43:15,193] 49 root - INFO - Started Regular Expression mapping
[ 2026-05-26 20:43:15,194] 174 root - INFO - Data transformation complete
[ 2026-05-26 20:43:15,194] 49 root - INFO - Started Regular Expression mapping
[ 2026-05-26 20:43:15,194] 174 root - INFO - Data transformation complete
[ 2026-05-26 20:43:15,194] 49 root - INFO - Started Regular Expression mapping
[ 2026-05-26 20:43:15,194] 174 root - INFO - Data transformation complete
[ 2026-05-26 20:43:15,194] 49 root - INFO - Started Regular Expression mapping
[ 2026-05-26 20:43:15,194] 174 root - INFO - Data transformation complete
[ 2026-05-26 20:43:15,194] 49 root - INFO - Started Regular Expression mapping
[ 2026-05-26 20:43:15,194] 174 root - INFO - Data transformation complete
[ 2026-05-26 20:43:15,194] 49 root - INFO - Started Regular Expression mapping
[ 2026-05-26 20:43:15,195] 174 root - INFO - Data transformation complete
[ 2026-05-26 20:43:15,196] 49 root - INFO - Started Regular Expression mapping
[ 2026-05-26 20:43:15,196] 174 root - INFO - Data transformation complete
[ 2026-05-26 20:43:15,196] 49 root - INFO - Started Regular Expression mapping
[ 2026-05-26 20:43:15,197] 25 root - INFO - Match heuristic business names to paybill payments
[ 2026-05-26 20:43:15,197] 174 root - INFO - Data transformation complete
[ 2026-05-26 20:43:15,197] 49 root - INFO - Started Regular Expression mapping
[ 2026-05-26 20:43:15,198] 174 root - INFO - Data transformation complete
[ 2026-05-26 20:43:15,198] 49 root - INFO - Started Regular Expression mapping
[ 2026-05-26 20:43:15,198] 174 root - INFO - Data transformation complete
[ 2026-05-26 20:43:15,198] 49 root - INFO - Started Regular Expression mapping
[ 2026-05-26 20:43:15,198] 174 root - INFO - Data transformation complete
[ 2026-05-26 20:43:15,198] 49 root - INFO - Started Regular Expression mapping
[ 2026-05-26 20:43:15,198] 174 root - INFO - Data transformation complete
[ 2026-05-26 20:43:15,199] 49 root - INFO - Started Regular Expression mapping
[ 2026-05-26 20:43:15,199] 174 root - INFO - Data transformation complete
[ 2026-05-26 20:43:15,199] 49 root - INFO - Started Regular Expression mapping
[ 2026-05-26 20:43:15,199] 174 root - INFO - Data transformation complete
[ 2026-05-26 20:43:15,199] 49 root - INFO - Started Regular Expression mapping
[ 2026-05-26 20:43:15,199] 174 root - INFO - Data transformation complete
[ 2026-05-26 20:43:15,199] 49 root - INFO - Started Regular Expression mapping
[ 2026-05-26 20:43:15,200] 174 root - INFO - Data transformation complete
[ 2026-05-26 20:43:15,200] 49 root - INFO - Started Regular Expression mapping
[ 2026-05-26 20:43:15,200] 25 root - INFO - Match heuristic business names to paybill payments
[ 2026-05-26 20:43:15,200] 174 root - INFO - Data transformation complete
[ 2026-05-26 20:43:15,200] 49 root - INFO - Started Regular Expression mapping
[ 2026-05-26 20:43:15,200] 174 root - INFO - Data transformation complete
[ 2026-05-26 20:43:15,201] 49 root - INFO - Started Regular Expression mapping
[ 2026-05-26 20:43:15,201] 174 root - INFO - Data transformation complete
[ 2026-05-26 20:43:15,201] 49 root - INFO - Started Regular Expression mapping
[ 2026-05-26 20:43:15,201] 25 root - INFO - Match heuristic business names to paybill payments
[ 2026-05-26 20:43:15,201] 174 root - INFO - Data transformation complete
[ 2026-05-26 20:43:15,201] 49 root - INFO - Started Regular Expression mapping
[ 2026-05-26 20:43:15,201] 174 root - INFO - Data transformation complete
[ 2026-05-26 20:43:15,202] 49 root - INFO - Started Regular Expression mapping
[ 2026-05-26 20:43:15,202] 174 root - INFO - Data transformation complete
[ 2026-05-26 20:43:15,202] 49 root - INFO - Started Regular Expression mapping
[ 2026-05-26 20:43:15,202] 174 root - INFO - Data transformation complete
[ 2026-05-26 20:43:15,202] 49 root - INFO - Started Regular Expression mapping
[ 2026-05-26 20:43:15,202] 174 root - INFO - Data transformation complete
[ 2026-05-26 20:43:15,203] 49 root - INFO - Started Regular Expression mapping
[ 2026-05-26 20:43:15,203] 174 root - INFO - Data transformation complete
[ 2026-05-26 20:43:15,203] 49 root - INFO - Started Regular Expression mapping
[ 2026-05-26 20:43:15,203] 174 root - INFO - Data transformation complete
[ 2026-05-26 20:43:15,203] 49 root - INFO - Started Regular Expression mapping
[ 2026-05-26 20:43:15,203] 174 root - INFO - Data transformation complete
[ 2026-05-26 20:43:15,204] 49 root - INFO - Started Regular Expression mapping
[ 2026-05-26 20:43:15,204] 174 root - INFO - Data transformation complete
[ 2026-05-26 20:43:15,204] 49 root - INFO - Started Regular Expression mapping
[ 2026-05-26 20:43:15,204] 25 root - INFO - Match heuristic business names to paybill payments
[ 2026-05-26 20:43:15,204] 174 root - INFO - Data transformation complete
[ 2026-05-26 20:43:15,204] 49 root - INFO - Started Regular Expression mapping
[ 2026-05-26 20:43:15,204] 174 root - INFO - Data transformation complete
[ 2026-05-26 20:43:15,204] 49 root - INFO - Started Regular Expression mapping
[ 2026-05-26 20:43:15,205] 174 root - INFO - Data transformation complete
[ 2026-05-26 20:43:15,205] 49 root - INFO - Started Regular Expression mapping
[ 2026-05-26 20:43:15,205] 25 root - INFO - Match heuristic business names to paybill payments
[ 2026-05-26 20:43:15,206] 174 root - INFO - Data transformation complete
[ 2026-05-26 20:43:15,206] 49 root - INFO - Started Regular Expression mapping
[ 2026-05-26 20:43:15,206] 174 root - INFO - Data transformation complete
[ 2026-05-26 20:43:15,206] 49 root - INFO - Started Regular Expression mapping
[ 2026-05-26 20:43:15,206] 25 root - INFO - Match heuristic business names to paybill payments
[ 2026-05-26 20:43:15,207] 174 root - INFO - Data transformation complete
[ 2026-05-26 20:43:15,207] 49 root - INFO - Started Regular Expression mapping
[ 2026-05-26 20:43:15,207] 25 root - INFO - Match heuristic business names to paybill payments
[ 2026-05-26 20:43:15,207] 174 root - INFO - Data transformation complete
[ 2026-05-26 20:43:15,207] 49 root - INFO - Started Regular Expression mapping
[ 2026-05-26 20:43:15,208] 25 root - INFO - Match heuristic business names to paybill payments
[ 2026-05-26 20:43:15,208] 174 root - INFO - Data transformation complete
[ 2026-05-26 20:43:15,208] 49 root - INFO - Started Regular Expression mapping
[ 2026-05-26 20:43:15,208] 174 root - INFO - Data transformation complete
[ 2026-05-26 20:43:15,208] 49 root - INFO - Started Regular Expression mapping
[ 2026-05-26 20:43:15,208] 174 root - INFO - Data transformation complete
[ 2026-05-26 20:43:15,209] 49 root - INFO - Started Regular Expression mapping
[ 2026-05-26 20:43:15,209] 174 root - INFO - Data transformation complete
[ 2026-05-26 20:43:15,209] 49 root - INFO - Started Regular Expression mapping
[ 2026-05-26 20:43:15,209] 174 root - INFO - Data transformation complete
[ 2026-05-26 20:43:15,209] 49 root - INFO - Started Regular Expression mapping
[ 2026-05-26 20:43:15,209] 25 root - INFO - Match heuristic business names to paybill payments
[ 2026-05-26 20:43:15,209] 174 root - INFO - Data transformation complete
[ 2026-05-26 20:43:15,210] 49 root - INFO - Started Regular Expression mapping
[ 2026-05-26 20:43:15,210] 174 root - INFO - Data transformation complete
[ 2026-05-26 20:43:15,210] 49 root - INFO - Started Regular Expression mapping
[ 2026-05-26 20:43:15,210] 174 root - INFO - Data transformation complete
[ 2026-05-26 20:43:15,210] 49 root - INFO - Started Regular Expression mapping
[ 2026-05-26 20:43:15,210] 174 root - INFO - Data transformation complete
[ 2026-05-26 20:43:15,211] 49 root - INFO - Started Regular Expression mapping
[ 2026-05-26 20:43:15,211] 174 root - INFO - Data transformation complete
[ 2026-05-26 20:43:15,211] 49 root - INFO - Started Regular Expression mapping
[ 2026-05-26 20:43:15,211] 174 root - INFO - Data transformation complete
[ 2026-05-26 20:43:15,211] 49 root - INFO - Started Regular Expression mapping
[ 2026-05-26 20:43:15,211] 25 root - INFO - Match heuristic business names to paybill payments
[ 2026-05-26 20:43:15,211] 174 root - INFO - Data transformation complete
[ 2026-05-26 20:43:15,212] 49 root - INFO - Started Regular Expression mapping
[ 2026-05-26 20:43:15,212] 25 root - INFO - Match heuristic business names to paybill payments
[ 2026-05-26 20:43:15,212] 174 root - INFO - Data transformation complete
[ 2026-05-26 20:43:15,212] 49 root - INFO - Started Regular Expression mapping
[ 2026-05-26 20:43:15,212] 174 root - INFO - Data transformation complete
[ 2026-05-26 20:43:15,212] 49 root - INFO - Started Regular Expression mapping
[ 2026-05-26 20:43:15,213] 174 root - INFO - Data transformation complete
[ 2026-05-26 20:43:15,213] 49 root - INFO - Started Regular Expression mapping
[ 2026-05-26 20:43:15,213] 174 root - INFO - Data transformation complete
[ 2026-05-26 20:43:15,213] 49 root - INFO - Started Regular Expression mapping
[ 2026-05-26 20:43:15,213] 174 root - INFO - Data transformation complete
[ 2026-05-26 20:43:15,213] 49 root - INFO - Started Regular Expression mapping
[ 2026-05-26 20:43:15,213] 174 root - INFO - Data transformation complete
[ 2026-05-26 20:43:15,214] 49 root - INFO - Started Regular Expression mapping
[ 2026-05-26 20:43:15,214] 25 root - INFO - Match heuristic business names to paybill payments
[ 2026-05-26 20:43:15,214] 174 root - INFO - Data transformation complete
[ 2026-05-26 20:43:15,214] 49 root - INFO - Started Regular Expression mapping
[ 2026-05-26 20:43:15,214] 174 root - INFO - Data transformation complete
[ 2026-05-26 20:43:15,214] 49 root - INFO - Started Regular Expression mapping
[ 2026-05-26 20:43:15,214] 174 root - INFO - Data transformation complete
[ 2026-05-26 20:43:15,214] 49 root - INFO - Started Regular Expression mapping
[ 2026-05-26 20:43:15,214] 25 root - INFO - Match heuristic business names to paybill payments
[ 2026-05-26 20:43:15,214] 174 root - INFO - Data transformation complete
[ 2026-05-26 20:43:15,215] 49 root - INFO - Started Regular Expression mapping
[ 2026-05-26 20:43:15,215] 174 root - INFO - Data transformation complete
[ 2026-05-26 20:43:15,215] 49 root - INFO - Started Regular Expression mapping
[ 2026-05-26 20:43:15,215] 25 root - INFO - Match heuristic business names to paybill payments
[ 2026-05-26 20:43:15,216] 174 root - INFO - Data transformation complete
[ 2026-05-26 20:43:15,216] 49 root - INFO - Started Regular Expression mapping
[ 2026-05-26 20:43:15,216] 174 root - INFO - Data transformation complete
[ 2026-05-26 20:43:15,216] 49 root - INFO - Started Regular Expression mapping
[ 2026-05-26 20:43:15,216] 174 root - INFO - Data transformation complete
[ 2026-05-26 20:43:15,216] 49 root - INFO - Started Regular Expression mapping
[ 2026-05-26 20:43:15,217] 174 root - INFO - Data transformation complete
[ 2026-05-26 20:43:15,217] 49 root - INFO - Started Regular Expression mapping
[ 2026-05-26 20:43:15,217] 174 root - INFO - Data transformation complete
[ 2026-05-26 20:43:15,217] 49 root - INFO - Started Regular Expression mapping
[ 2026-05-26 20:43:15,217] 174 root - INFO - Data transformation complete
[ 2026-05-26 20:43:15,217] 49 root - INFO - Started Regular Expression mapping
[ 2026-05-26 20:43:15,217] 174 root - INFO - Data transformation complete
[ 2026-05-26 20:43:15,217] 49 root - INFO - Started Regular Expression mapping
[ 2026-05-26 20:43:15,217] 25 root - INFO - Match heuristic business names to paybill payments
[ 2026-05-26 20:43:15,217] 174 root - INFO - Data transformation complete
[ 2026-05-26 20:43:15,219] 49 root - INFO - Started Regular Expression mapping
[ 2026-05-26 20:43:15,219] 25 root - INFO - Match heuristic business names to paybill payments
[ 2026-05-26 20:43:15,219] 174 root - INFO - Data transformation complete
[ 2026-05-26 20:43:15,219] 49 root - INFO - Started Regular Expression mapping
[ 2026-05-26 20:43:15,219] 25 root - INFO - Match heuristic business names to paybill payments
[ 2026-05-26 20:43:15,219] 174 root - INFO - Data transformation complete
[ 2026-05-26 20:43:15,219] 49 root - INFO - Started Regular Expression mapping
[ 2026-05-26 20:43:15,220] 174 root - INFO - Data transformation complete
[ 2026-05-26 20:43:15,220] 49 root - INFO - Started Regular Expression mapping
[ 2026-05-26 20:43:15,220] 174 root - INFO - Data transformation complete
[ 2026-05-26 20:43:15,220] 49 root - INFO - Started Regular Expression mapping
[ 2026-05-26 20:43:15,220] 174 root - INFO - Data transformation complete
[ 2026-05-26 20:43:15,220] 49 root - INFO - Started Regular Expression mapping
[ 2026-05-26 20:43:15,221] 174 root - INFO - Data transformation complete
[ 2026-05-26 20:43:15,221] 49 root - INFO - Started Regular Expression mapping
[ 2026-05-26 20:43:15,221] 174 root - INFO - Data transformation complete
[ 2026-05-26 20:43:15,221] 49 root - INFO - Started Regular Expression mapping
[ 2026-05-26 20:43:15,221] 174 root - INFO - Data transformation complete
[ 2026-05-26 20:43:15,221] 49 root - INFO - Started Regular Expression mapping
[ 2026-05-26 20:43:15,221] 174 root - INFO - Data transformation complete
[ 2026-05-26 20:43:15,222] 49 root - INFO - Started Regular Expression mapping
[ 2026-05-26 20:43:15,222] 174 root - INFO - Data transformation complete
[ 2026-05-26 20:43:15,222] 49 root - INFO - Started Regular Expression mapping
[ 2026-05-26 20:43:15,222] 25 root - INFO - Match heuristic business names to paybill payments
[ 2026-05-26 20:43:15,222] 174 root - INFO - Data transformation complete
[ 2026-05-26 20:43:15,222] 49 root - INFO - Started Regular Expression mapping
[ 2026-05-26 20:43:15,223] 25 root - INFO - Match heuristic business names to paybill payments
[ 2026-05-26 20:43:15,223] 174 root - INFO - Data transformation complete
[ 2026-05-26 20:43:15,223] 49 root - INFO - Started Regular Expression mapping
[ 2026-05-26 20:43:15,223] 174 root - INFO - Data transformation complete
[ 2026-05-26 20:43:15,223] 49 root - INFO - Started Regular Expression mapping
[ 2026-05-26 20:43:15,224] 174 root - INFO - Data transformation complete
[ 2026-05-26 20:43:15,224] 49 root - INFO - Started Regular Expression mapping
[ 2026-05-26 20:43:15,224] 174 root - INFO - Data transformation complete
[ 2026-05-26 20:43:15,224] 49 root - INFO - Started Regular Expression mapping
[ 2026-05-26 20:43:15,224] 174 root - INFO - Data transformation complete
[ 2026-05-26 20:43:15,224] 49 root - INFO - Started Regular Expression mapping
[ 2026-05-26 20:43:15,224] 174 root - INFO - Data transformation complete
[ 2026-05-26 20:43:15,224] 49 root - INFO - Started Regular Expression mapping
[ 2026-05-26 20:43:15,224] 25 root - INFO - Match heuristic business names to paybill payments
[ 2026-05-26 20:43:15,224] 174 root - INFO - Data transformation complete
[ 2026-05-26 20:43:15,224] 49 root - INFO - Started Regular Expression mapping
[ 2026-05-26 20:43:15,225] 174 root - INFO - Data transformation complete
[ 2026-05-26 20:43:15,225] 49 root - INFO - Started Regular Expression mapping
[ 2026-05-26 20:43:15,225] 174 root - INFO - Data transformation complete
[ 2026-05-26 20:43:15,225] 49 root - INFO - Started Regular Expression mapping
[ 2026-05-26 20:43:15,225] 174 root - INFO - Data transformation complete
[ 2026-05-26 20:43:15,225] 49 root - INFO - Started Regular Expression mapping
[ 2026-05-26 20:43:15,226] 174 root - INFO - Data transformation complete
[ 2026-05-26 20:43:15,226] 49 root - INFO - Started Regular Expression mapping
[ 2026-05-26 20:43:15,226] 174 root - INFO - Data transformation complete
[ 2026-05-26 20:43:15,226] 49 root - INFO - Started Regular Expression mapping
[ 2026-05-26 20:43:15,227] 25 root - INFO - Match heuristic business names to paybill payments
[ 2026-05-26 20:43:15,227] 174 root - INFO - Data transformation complete
[ 2026-05-26 20:43:15,227] 49 root - INFO - Started Regular Expression mapping
[ 2026-05-26 20:43:15,227] 25 root - INFO - Match heuristic business names to paybill payments
[ 2026-05-26 20:43:15,227] 174 root - INFO - Data transformation complete
[ 2026-05-26 20:43:15,227] 49 root - INFO - Started Regular Expression mapping
[ 2026-05-26 20:43:15,228] 174 root - INFO - Data transformation complete
[ 2026-05-26 20:43:15,228] 49 root - INFO - Started Regular Expression mapping
[ 2026-05-26 20:43:15,228] 174 root - INFO - Data transformation complete
[ 2026-05-26 20:43:15,228] 49 root - INFO - Started Regular Expression mapping
[ 2026-05-26 20:43:15,228] 174 root - INFO - Data transformation complete
[ 2026-05-26 20:43:15,228] 49 root - INFO - Started Regular Expression mapping
[ 2026-05-26 20:43:15,228] 174 root - INFO - Data transformation complete
[ 2026-05-26 20:43:15,229] 49 root - INFO - Started Regular Expression mapping
[ 2026-05-26 20:43:15,229] 174 root - INFO - Data transformation complete
[ 2026-05-26 20:43:15,229] 49 root - INFO - Started Regular Expression mapping
[ 2026-05-26 20:43:15,229] 25 root - INFO - Match heuristic business names to paybill payments
[ 2026-05-26 20:43:15,229] 174 root - INFO - Data transformation complete
[ 2026-05-26 20:43:15,229] 49 root - INFO - Started Regular Expression mapping
[ 2026-05-26 20:43:15,230] 25 root - INFO - Match heuristic business names to paybill payments
[ 2026-05-26 20:43:15,230] 174 root - INFO - Data transformation complete
[ 2026-05-26 20:43:15,230] 49 root - INFO - Started Regular Expression mapping
[ 2026-05-26 20:43:15,230] 174 root - INFO - Data transformation complete
[ 2026-05-26 20:43:15,230] 49 root - INFO - Started Regular Expression mapping
[ 2026-05-26 20:43:15,230] 174 root - INFO - Data transformation complete
[ 2026-05-26 20:43:15,230] 49 root - INFO - Started Regular Expression mapping
[ 2026-05-26 20:43:15,231] 174 root - INFO - Data transformation complete
[ 2026-05-26 20:43:15,231] 49 root - INFO - Started Regular Expression mapping
[ 2026-05-26 20:43:15,231] 174 root - INFO - Data transformation complete
[ 2026-05-26 20:43:15,231] 49 root - INFO - Started Regular Expression mapping
[ 2026-05-26 20:43:15,231] 174 root - INFO - Data transformation complete
[ 2026-05-26 20:43:15,231] 49 root - INFO - Started Regular Expression mapping
[ 2026-05-26 20:43:15,232] 174 root - INFO - Data transformation complete
[ 2026-05-26 20:43:15,232] 49 root - INFO - Started Regular Expression mapping
[ 2026-05-26 20:43:15,232] 174 root - INFO - Data transformation complete
[ 2026-05-26 20:43:15,232] 49 root - INFO - Started Regular Expression mapping
[ 2026-05-26 20:43:15,232] 174 root - INFO - Data transformation complete
[ 2026-05-26 20:43:15,232] 49 root - INFO - Started Regular Expression mapping
[ 2026-05-26 20:43:15,232] 174 root - INFO - Data transformation complete
[ 2026-05-26 20:43:15,233] 49 root - INFO - Started Regular Expression mapping
[ 2026-05-26 20:43:15,233] 174 root - INFO - Data transformation complete
[ 2026-05-26 20:43:15,233] 49 root - INFO - Started Regular Expression mapping
[ 2026-05-26 20:43:15,233] 174 root - INFO - Data transformation complete
[ 2026-05-26 20:43:15,233] 49 root - INFO - Started Regular Expression mapping
[ 2026-05-26 20:43:15,233] 25 root - INFO - Match heuristic business names to paybill payments
[ 2026-05-26 20:43:15,233] 174 root - INFO - Data transformation complete
[ 2026-05-26 20:43:15,233] 49 root - INFO - Started Regular Expression mapping
[ 2026-05-26 20:43:15,233] 174 root - INFO - Data transformation complete
[ 2026-05-26 20:43:15,233] 49 root - INFO - Started Regular Expression mapping
[ 2026-05-26 20:43:15,234] 174 root - INFO - Data transformation complete
[ 2026-05-26 20:43:15,234] 49 root - INFO - Started Regular Expression mapping
[ 2026-05-26 20:43:15,234] 174 root - INFO - Data transformation complete
[ 2026-05-26 20:43:15,234] 49 root - INFO - Started Regular Expression mapping
[ 2026-05-26 20:43:15,234] 25 root - INFO - Match heuristic business names to paybill payments
[ 2026-05-26 20:43:15,234] 174 root - INFO - Data transformation complete
[ 2026-05-26 20:43:15,234] 49 root - INFO - Started Regular Expression mapping
[ 2026-05-26 20:43:15,235] 174 root - INFO - Data transformation complete
[ 2026-05-26 20:43:15,235] 49 root - INFO - Started Regular Expression mapping
[ 2026-05-26 20:43:15,235] 174 root - INFO - Data transformation complete
[ 2026-05-26 20:43:15,236] 49 root - INFO - Started Regular Expression mapping
[ 2026-05-26 20:43:15,236] 174 root - INFO - Data transformation complete
[ 2026-05-26 20:43:15,236] 49 root - INFO - Started Regular Expression mapping
[ 2026-05-26 20:43:15,236] 174 root - INFO - Data transformation complete
[ 2026-05-26 20:43:15,236] 49 root - INFO - Started Regular Expression mapping
[ 2026-05-26 20:43:15,236] 174 root - INFO - Data transformation complete
[ 2026-05-26 20:43:15,236] 49 root - INFO - Started Regular Expression mapping
[ 2026-05-26 20:43:15,236] 174 root - INFO - Data transformation complete
[ 2026-05-26 20:43:15,236] 49 root - INFO - Started Regular Expression mapping
[ 2026-05-26 20:43:15,236] 25 root - INFO - Match heuristic business names to paybill payments
[ 2026-05-26 20:43:15,237] 174 root - INFO - Data transformation complete
[ 2026-05-26 20:43:15,237] 49 root - INFO - Started Regular Expression mapping
[ 2026-05-26 20:43:15,238] 25 root - INFO - Match heuristic business names to paybill payments
[ 2026-05-26 20:43:15,238] 174 root - INFO - Data transformation complete
[ 2026-05-26 20:43:15,238] 49 root - INFO - Started Regular Expression mapping
[ 2026-05-26 20:43:15,238] 174 root - INFO - Data transformation complete
[ 2026-05-26 20:43:15,238] 49 root - INFO - Started Regular Expression mapping
[ 2026-05-26 20:43:15,238] 174 root - INFO - Data transformation complete
[ 2026-05-26 20:43:15,239] 49 root - INFO - Started Regular Expression mapping
[ 2026-05-26 20:43:15,239] 174 root - INFO - Data transformation complete
[ 2026-05-26 20:43:15,239] 49 root - INFO - Started Regular Expression mapping
[ 2026-05-26 20:43:15,239] 174 root - INFO - Data transformation complete
[ 2026-05-26 20:43:15,239] 49 root - INFO - Started Regular Expression mapping
[ 2026-05-26 20:43:15,239] 25 root - INFO - Match heuristic business names to paybill payments
[ 2026-05-26 20:43:15,240] 174 root - INFO - Data transformation complete
[ 2026-05-26 20:43:15,240] 49 root - INFO - Started Regular Expression mapping
[ 2026-05-26 20:43:15,240] 174 root - INFO - Data transformation complete
[ 2026-05-26 20:43:15,240] 49 root - INFO - Started Regular Expression mapping
[ 2026-05-26 20:43:15,240] 25 root - INFO - Match heuristic business names to paybill payments
[ 2026-05-26 20:43:15,240] 174 root - INFO - Data transformation complete
[ 2026-05-26 20:43:15,240] 49 root - INFO - Started Regular Expression mapping
[ 2026-05-26 20:43:15,241] 174 root - INFO - Data transformation complete
[ 2026-05-26 20:43:15,241] 49 root - INFO - Started Regular Expression mapping
[ 2026-05-26 20:43:15,241] 25 root - INFO - Match heuristic business names to paybill payments
[ 2026-05-26 20:43:15,241] 174 root - INFO - Data transformation complete
[ 2026-05-26 20:43:15,241] 49 root - INFO - Started Regular Expression mapping
[ 2026-05-26 20:43:15,241] 174 root - INFO - Data transformation complete
[ 2026-05-26 20:43:15,242] 49 root - INFO - Started Regular Expression mapping
[ 2026-05-26 20:43:15,242] 174 root - INFO - Data transformation complete
[ 2026-05-26 20:43:15,242] 49 root - INFO - Started Regular Expression mapping
[ 2026-05-26 20:43:15,242] 174 root - INFO - Data transformation complete
[ 2026-05-26 20:43:15,242] 49 root - INFO - Started Regular Expression mapping
[ 2026-05-26 20:43:15,242] 174 root - INFO - Data transformation complete
[ 2026-05-26 20:43:15,242] 49 root - INFO - Started Regular Expression mapping
[ 2026-05-26 20:43:15,243] 174 root - INFO - Data transformation complete
[ 2026-05-26 20:43:15,243] 49 root - INFO - Started Regular Expression mapping
[ 2026-05-26 20:43:15,243] 174 root - INFO - Data transformation complete
[ 2026-05-26 20:43:15,243] 49 root - INFO - Started Regular Expression mapping
[ 2026-05-26 20:43:15,243] 25 root - INFO - Match heuristic business names to paybill payments
[ 2026-05-26 20:43:15,243] 174 root - INFO - Data transformation complete
[ 2026-05-26 20:43:15,243] 49 root - INFO - Started Regular Expression mapping
[ 2026-05-26 20:43:15,244] 25 root - INFO - Match heuristic business names to paybill payments
[ 2026-05-26 20:43:15,244] 174 root - INFO - Data transformation complete
[ 2026-05-26 20:43:15,244] 49 root - INFO - Started Regular Expression mapping
[ 2026-05-26 20:43:15,244] 174 root - INFO - Data transformation complete
[ 2026-05-26 20:43:15,244] 49 root - INFO - Started Regular Expression mapping
[ 2026-05-26 20:43:15,244] 174 root - INFO - Data transformation complete
[ 2026-05-26 20:43:15,244] 49 root - INFO - Started Regular Expression mapping
[ 2026-05-26 20:43:15,244] 174 root - INFO - Data transformation complete
[ 2026-05-26 20:43:15,244] 49 root - INFO - Started Regular Expression mapping
[ 2026-05-26 20:43:15,244] 174 root - INFO - Data transformation complete
[ 2026-05-26 20:43:15,245] 49 root - INFO - Started Regular Expression mapping
[ 2026-05-26 20:43:15,245] 174 root - INFO - Data transformation complete
[ 2026-05-26 20:43:15,245] 49 root - INFO - Started Regular Expression mapping
[ 2026-05-26 20:43:15,246] 174 root - INFO - Data transformation complete
[ 2026-05-26 20:43:15,246] 49 root - INFO - Started Regular Expression mapping
[ 2026-05-26 20:43:15,246] 174 root - INFO - Data transformation complete
[ 2026-05-26 20:43:15,246] 49 root - INFO - Started Regular Expression mapping
[ 2026-05-26 20:43:15,246] 174 root - INFO - Data transformation complete
[ 2026-05-26 20:43:15,246] 49 root - INFO - Started Regular Expression mapping
[ 2026-05-26 20:43:15,246] 174 root - INFO - Data transformation complete
[ 2026-05-26 20:43:15,246] 49 root - INFO - Started Regular Expression mapping
[ 2026-05-26 20:43:15,247] 174 root - INFO - Data transformation complete
[ 2026-05-26 20:43:15,247] 49 root - INFO - Started Regular Expression mapping
[ 2026-05-26 20:43:15,247] 25 root - INFO - Match heuristic business names to paybill payments
[ 2026-05-26 20:43:15,247] 174 root - INFO - Data transformation complete
[ 2026-05-26 20:43:15,247] 49 root - INFO - Started Regular Expression mapping
[ 2026-05-26 20:43:15,247] 174 root - INFO - Data transformation complete
[ 2026-05-26 20:43:15,248] 49 root - INFO - Started Regular Expression mapping
[ 2026-05-26 20:43:15,248] 174 root - INFO - Data transformation complete
[ 2026-05-26 20:43:15,248] 49 root - INFO - Started Regular Expression mapping
[ 2026-05-26 20:43:15,248] 25 root - INFO - Match heuristic business names to paybill payments
[ 2026-05-26 20:43:15,248] 174 root - INFO - Data transformation complete
[ 2026-05-26 20:43:15,248] 49 root - INFO - Started Regular Expression mapping
[ 2026-05-26 20:43:15,248] 174 root - INFO - Data transformation complete
[ 2026-05-26 20:43:15,249] 49 root - INFO - Started Regular Expression mapping
[ 2026-05-26 20:43:15,249] 174 root - INFO - Data transformation complete
[ 2026-05-26 20:43:15,249] 49 root - INFO - Started Regular Expression mapping
[ 2026-05-26 20:43:15,249] 174 root - INFO - Data transformation complete
[ 2026-05-26 20:43:15,249] 49 root - INFO - Started Regular Expression mapping
[ 2026-05-26 20:43:15,249] 174 root - INFO - Data transformation complete
[ 2026-05-26 20:43:15,250] 49 root - INFO - Started Regular Expression mapping
[ 2026-05-26 20:43:15,250] 174 root - INFO - Data transformation complete
[ 2026-05-26 20:43:15,250] 49 root - INFO - Started Regular Expression mapping
[ 2026-05-26 20:43:15,250] 174 root - INFO - Data transformation complete
[ 2026-05-26 20:43:15,250] 49 root - INFO - Started Regular Expression mapping
[ 2026-05-26 20:43:15,250] 174 root - INFO - Data transformation complete
[ 2026-05-26 20:43:15,250] 49 root - INFO - Started Regular Expression mapping
[ 2026-05-26 20:43:15,251] 174 root - INFO - Data transformation complete
[ 2026-05-26 20:43:15,251] 49 root - INFO - Started Regular Expression mapping
[ 2026-05-26 20:43:15,251] 174 root - INFO - Data transformation complete
[ 2026-05-26 20:43:15,251] 49 root - INFO - Started Regular Expression mapping
[ 2026-05-26 20:43:15,251] 25 root - INFO - Match heuristic business names to paybill payments
[ 2026-05-26 20:43:15,251] 174 root - INFO - Data transformation complete
[ 2026-05-26 20:43:15,252] 49 root - INFO - Started Regular Expression mapping
[ 2026-05-26 20:43:15,252] 174 root - INFO - Data transformation complete
[ 2026-05-26 20:43:15,252] 49 root - INFO - Started Regular Expression mapping
[ 2026-05-26 20:43:15,252] 174 root - INFO - Data transformation complete
[ 2026-05-26 20:43:15,252] 49 root - INFO - Started Regular Expression mapping
[ 2026-05-26 20:43:15,252] 25 root - INFO - Match heuristic business names to paybill payments
[ 2026-05-26 20:43:15,252] 174 root - INFO - Data transformation complete
[ 2026-05-26 20:43:15,253] 49 root - INFO - Started Regular Expression mapping
[ 2026-05-26 20:43:15,253] 25 root - INFO - Match heuristic business names to paybill payments
[ 2026-05-26 20:43:15,253] 174 root - INFO - Data transformation complete
[ 2026-05-26 20:43:15,253] 49 root - INFO - Started Regular Expression mapping
[ 2026-05-26 20:43:15,253] 174 root - INFO - Data transformation complete
[ 2026-05-26 20:43:15,253] 49 root - INFO - Started Regular Expression mapping
[ 2026-05-26 20:43:15,253] 174 root - INFO - Data transformation complete
[ 2026-05-26 20:43:15,254] 49 root - INFO - Started Regular Expression mapping
[ 2026-05-26 20:43:15,254] 174 root - INFO - Data transformation complete
[ 2026-05-26 20:43:15,254] 49 root - INFO - Started Regular Expression mapping
[ 2026-05-26 20:43:15,254] 174 root - INFO - Data transformation complete
[ 2026-05-26 20:43:15,254] 49 root - INFO - Started Regular Expression mapping
[ 2026-05-26 20:43:15,254] 174 root - INFO - Data transformation complete
[ 2026-05-26 20:43:15,254] 49 root - INFO - Started Regular Expression mapping
[ 2026-05-26 20:43:15,254] 174 root - INFO - Data transformation complete
[ 2026-05-26 20:43:15,254] 49 root - INFO - Started Regular Expression mapping
[ 2026-05-26 20:43:15,254] 174 root - INFO - Data transformation complete
[ 2026-05-26 20:43:15,255] 49 root - INFO - Started Regular Expression mapping
[ 2026-05-26 20:43:15,255] 25 root - INFO - Match heuristic business names to paybill payments
[ 2026-05-26 20:43:15,255] 174 root - INFO - Data transformation complete
[ 2026-05-26 20:43:15,255] 49 root - INFO - Started Regular Expression mapping
[ 2026-05-26 20:43:15,256] 174 root - INFO - Data transformation complete
[ 2026-05-26 20:43:15,256] 49 root - INFO - Started Regular Expression mapping
[ 2026-05-26 20:43:15,256] 174 root - INFO - Data transformation complete
[ 2026-05-26 20:43:15,256] 49 root - INFO - Started Regular Expression mapping
[ 2026-05-26 20:43:15,256] 174 root - INFO - Data transformation complete
[ 2026-05-26 20:43:15,256] 49 root - INFO - Started Regular Expression mapping
[ 2026-05-26 20:43:15,257] 174 root - INFO - Data transformation complete
[ 2026-05-26 20:43:15,257] 49 root - INFO - Started Regular Expression mapping
[ 2026-05-26 20:43:15,257] 174 root - INFO - Data transformation complete
[ 2026-05-26 20:43:15,257] 49 root - INFO - Started Regular Expression mapping
[ 2026-05-26 20:43:15,257] 174 root - INFO - Data transformation complete
[ 2026-05-26 20:43:15,258] 49 root - INFO - Started Regular Expression mapping
[ 2026-05-26 20:43:15,258] 174 root - INFO - Data transformation complete
[ 2026-05-26 20:43:15,258] 49 root - INFO - Started Regular Expression mapping
[ 2026-05-26 20:43:15,258] 174 root - INFO - Data transformation complete
[ 2026-05-26 20:43:15,258] 49 root - INFO - Started Regular Expression mapping
[ 2026-05-26 20:43:15,258] 174 root - INFO - Data transformation complete
[ 2026-05-26 20:43:15,258] 49 root - INFO - Started Regular Expression mapping
[ 2026-05-26 20:43:15,259] 174 root - INFO - Data transformation complete
[ 2026-05-26 20:43:15,259] 49 root - INFO - Started Regular Expression mapping
[ 2026-05-26 20:43:15,259] 25 root - INFO - Match heuristic business names to paybill payments
[ 2026-05-26 20:43:15,259] 174 root - INFO - Data transformation complete
[ 2026-05-26 20:43:15,259] 49 root - INFO - Started Regular Expression mapping
[ 2026-05-26 20:43:15,259] 174 root - INFO - Data transformation complete
[ 2026-05-26 20:43:15,259] 49 root - INFO - Started Regular Expression mapping
[ 2026-05-26 20:43:15,260] 174 root - INFO - Data transformation complete
[ 2026-05-26 20:43:15,260] 49 root - INFO - Started Regular Expression mapping
[ 2026-05-26 20:43:15,260] 174 root - INFO - Data transformation complete
[ 2026-05-26 20:43:15,260] 49 root - INFO - Started Regular Expression mapping
[ 2026-05-26 20:43:15,260] 174 root - INFO - Data transformation complete
[ 2026-05-26 20:43:15,260] 49 root - INFO - Started Regular Expression mapping
[ 2026-05-26 20:43:15,261] 174 root - INFO - Data transformation complete
[ 2026-05-26 20:43:15,261] 49 root - INFO - Started Regular Expression mapping
[ 2026-05-26 20:43:15,261] 174 root - INFO - Data transformation complete
[ 2026-05-26 20:43:15,261] 49 root - INFO - Started Regular Expression mapping
[ 2026-05-26 20:43:15,261] 174 root - INFO - Data transformation complete
[ 2026-05-26 20:43:15,261] 49 root - INFO - Started Regular Expression mapping
[ 2026-05-26 20:43:15,262] 174 root - INFO - Data transformation complete
[ 2026-05-26 20:43:15,262] 49 root - INFO - Started Regular Expression mapping
[ 2026-05-26 20:43:15,262] 174 root - INFO - Data transformation complete
[ 2026-05-26 20:43:15,262] 49 root - INFO - Started Regular Expression mapping
[ 2026-05-26 20:43:15,262] 174 root - INFO - Data transformation complete
[ 2026-05-26 20:43:15,262] 49 root - INFO - Started Regular Expression mapping
[ 2026-05-26 20:43:15,262] 25 root - INFO - Match heuristic business names to paybill payments
[ 2026-05-26 20:43:15,263] 174 root - INFO - Data transformation complete
[ 2026-05-26 20:43:15,263] 49 root - INFO - Started Regular Expression mapping
[ 2026-05-26 20:43:15,263] 174 root - INFO - Data transformation complete
[ 2026-05-26 20:43:15,263] 49 root - INFO - Started Regular Expression mapping
[ 2026-05-26 20:43:15,263] 174 root - INFO - Data transformation complete
[ 2026-05-26 20:43:15,263] 49 root - INFO - Started Regular Expression mapping
[ 2026-05-26 20:43:15,263] 174 root - INFO - Data transformation complete
[ 2026-05-26 20:43:15,264] 49 root - INFO - Started Regular Expression mapping
[ 2026-05-26 20:43:15,264] 174 root - INFO - Data transformation complete
[ 2026-05-26 20:43:15,264] 49 root - INFO - Started Regular Expression mapping
[ 2026-05-26 20:43:15,264] 174 root - INFO - Data transformation complete
[ 2026-05-26 20:43:15,264] 49 root - INFO - Started Regular Expression mapping
[ 2026-05-26 20:43:15,264] 174 root - INFO - Data transformation complete
[ 2026-05-26 20:43:15,264] 49 root - INFO - Started Regular Expression mapping
[ 2026-05-26 20:43:15,264] 25 root - INFO - Match heuristic business names to paybill payments
[ 2026-05-26 20:43:15,264] 174 root - INFO - Data transformation complete
[ 2026-05-26 20:43:15,264] 49 root - INFO - Started Regular Expression mapping
[ 2026-05-26 20:43:15,265] 174 root - INFO - Data transformation complete
[ 2026-05-26 20:43:15,265] 49 root - INFO - Started Regular Expression mapping
[ 2026-05-26 20:43:15,265] 25 root - INFO - Match heuristic business names to paybill payments
[ 2026-05-26 20:43:15,265] 174 root - INFO - Data transformation complete
[ 2026-05-26 20:43:15,266] 49 root - INFO - Started Regular Expression mapping
[ 2026-05-26 20:43:15,266] 174 root - INFO - Data transformation complete
[ 2026-05-26 20:43:15,266] 49 root - INFO - Started Regular Expression mapping
[ 2026-05-26 20:43:15,266] 25 root - INFO - Match heuristic business names to paybill payments
[ 2026-05-26 20:43:15,266] 174 root - INFO - Data transformation complete
[ 2026-05-26 20:43:15,266] 49 root - INFO - Started Regular Expression mapping
[ 2026-05-26 20:43:15,266] 174 root - INFO - Data transformation complete
[ 2026-05-26 20:43:15,267] 49 root - INFO - Started Regular Expression mapping
[ 2026-05-26 20:43:15,267] 174 root - INFO - Data transformation complete
[ 2026-05-26 20:43:15,267] 49 root - INFO - Started Regular Expression mapping
[ 2026-05-26 20:43:15,267] 174 root - INFO - Data transformation complete
[ 2026-05-26 20:43:15,267] 49 root - INFO - Started Regular Expression mapping
[ 2026-05-26 20:43:15,267] 174 root - INFO - Data transformation complete
[ 2026-05-26 20:43:15,268] 49 root - INFO - Started Regular Expression mapping
[ 2026-05-26 20:43:15,268] 174 root - INFO - Data transformation complete
[ 2026-05-26 20:43:15,268] 49 root - INFO - Started Regular Expression mapping
[ 2026-05-26 20:43:15,268] 174 root - INFO - Data transformation complete
[ 2026-05-26 20:43:15,269] 49 root - INFO - Started Regular Expression mapping
[ 2026-05-26 20:43:15,269] 174 root - INFO - Data transformation complete
[ 2026-05-26 20:43:15,269] 49 root - INFO - Started Regular Expression mapping
[ 2026-05-26 20:43:15,269] 174 root - INFO - Data transformation complete
[ 2026-05-26 20:43:15,269] 49 root - INFO - Started Regular Expression mapping
[ 2026-05-26 20:43:15,269] 174 root - INFO - Data transformation complete
[ 2026-05-26 20:43:15,269] 49 root - INFO - Started Regular Expression mapping
[ 2026-05-26 20:43:15,270] 174 root - INFO - Data transformation complete
[ 2026-05-26 20:43:15,270] 49 root - INFO - Started Regular Expression mapping
[ 2026-05-26 20:43:15,270] 174 root - INFO - Data transformation complete
[ 2026-05-26 20:43:15,270] 49 root - INFO - Started Regular Expression mapping
[ 2026-05-26 20:43:15,270] 25 root - INFO - Match heuristic business names to paybill payments
[ 2026-05-26 20:43:15,271] 174 root - INFO - Data transformation complete
[ 2026-05-26 20:43:15,271] 49 root - INFO - Started Regular Expression mapping
[ 2026-05-26 20:43:15,271] 174 root - INFO - Data transformation complete
[ 2026-05-26 20:43:15,271] 49 root - INFO - Started Regular Expression mapping
[ 2026-05-26 20:43:15,271] 174 root - INFO - Data transformation complete
[ 2026-05-26 20:43:15,271] 49 root - INFO - Started Regular Expression mapping
[ 2026-05-26 20:43:15,271] 25 root - INFO - Match heuristic business names to paybill payments
[ 2026-05-26 20:43:15,272] 174 root - INFO - Data transformation complete
[ 2026-05-26 20:43:15,272] 49 root - INFO - Started Regular Expression mapping
[ 2026-05-26 20:43:15,272] 174 root - INFO - Data transformation complete
[ 2026-05-26 20:43:15,272] 49 root - INFO - Started Regular Expression mapping
[ 2026-05-26 20:43:15,273] 174 root - INFO - Data transformation complete
[ 2026-05-26 20:43:15,273] 49 root - INFO - Started Regular Expression mapping
[ 2026-05-26 20:43:15,273] 174 root - INFO - Data transformation complete
[ 2026-05-26 20:43:15,273] 49 root - INFO - Started Regular Expression mapping
[ 2026-05-26 20:43:15,273] 174 root - INFO - Data transformation complete
[ 2026-05-26 20:43:15,273] 49 root - INFO - Started Regular Expression mapping
[ 2026-05-26 20:43:15,274] 174 root - INFO - Data transformation complete
[ 2026-05-26 20:43:15,274] 49 root - INFO - Started Regular Expression mapping
[ 2026-05-26 20:43:15,274] 25 root - INFO - Match heuristic business names to paybill payments
[ 2026-05-26 20:43:15,274] 174 root - INFO - Data transformation complete
[ 2026-05-26 20:43:15,274] 49 root - INFO - Started Regular Expression mapping
[ 2026-05-26 20:43:15,274] 174 root - INFO - Data transformation complete
[ 2026-05-26 20:43:15,274] 49 root - INFO - Started Regular Expression mapping
[ 2026-05-26 20:43:15,274] 174 root - INFO - Data transformation complete
[ 2026-05-26 20:43:15,274] 49 root - INFO - Started Regular Expression mapping
[ 2026-05-26 20:43:15,274] 174 root - INFO - Data transformation complete
[ 2026-05-26 20:43:15,274] 49 root - INFO - Started Regular Expression mapping
[ 2026-05-26 20:43:15,275] 174 root - INFO - Data transformation complete
[ 2026-05-26 20:43:15,275] 49 root - INFO - Started Regular Expression mapping
[ 2026-05-26 20:43:15,275] 174 root - INFO - Data transformation complete
[ 2026-05-26 20:43:15,275] 49 root - INFO - Started Regular Expression mapping
[ 2026-05-26 20:43:15,275] 174 root - INFO - Data transformation complete
[ 2026-05-26 20:43:15,275] 49 root - INFO - Started Regular Expression mapping
[ 2026-05-26 20:43:15,275] 25 root - INFO - Match heuristic business names to paybill payments
[ 2026-05-26 20:43:15,276] 174 root - INFO - Data transformation complete
[ 2026-05-26 20:43:15,276] 49 root - INFO - Started Regular Expression mapping
[ 2026-05-26 20:43:15,276] 174 root - INFO - Data transformation complete
[ 2026-05-26 20:43:15,277] 49 root - INFO - Started Regular Expression mapping
[ 2026-05-26 20:43:15,277] 174 root - INFO - Data transformation complete
[ 2026-05-26 20:43:15,277] 49 root - INFO - Started Regular Expression mapping
[ 2026-05-26 20:43:15,277] 174 root - INFO - Data transformation complete
[ 2026-05-26 20:43:15,277] 49 root - INFO - Started Regular Expression mapping
[ 2026-05-26 20:43:15,277] 174 root - INFO - Data transformation complete
[ 2026-05-26 20:43:15,277] 49 root - INFO - Started Regular Expression mapping
[ 2026-05-26 20:43:15,278] 174 root - INFO - Data transformation complete
[ 2026-05-26 20:43:15,278] 49 root - INFO - Started Regular Expression mapping
[ 2026-05-26 20:43:15,278] 25 root - INFO - Match heuristic business names to paybill payments
[ 2026-05-26 20:43:15,278] 174 root - INFO - Data transformation complete
[ 2026-05-26 20:43:15,278] 49 root - INFO - Started Regular Expression mapping
[ 2026-05-26 20:43:15,278] 174 root - INFO - Data transformation complete
[ 2026-05-26 20:43:15,278] 49 root - INFO - Started Regular Expression mapping
[ 2026-05-26 20:43:15,279] 174 root - INFO - Data transformation complete
[ 2026-05-26 20:43:15,279] 49 root - INFO - Started Regular Expression mapping
[ 2026-05-26 20:43:15,279] 174 root - INFO - Data transformation complete
[ 2026-05-26 20:43:15,279] 49 root - INFO - Started Regular Expression mapping
[ 2026-05-26 20:43:15,279] 174 root - INFO - Data transformation complete
[ 2026-05-26 20:43:15,279] 49 root - INFO - Started Regular Expression mapping
[ 2026-05-26 20:43:15,280] 174 root - INFO - Data transformation complete
[ 2026-05-26 20:43:15,280] 49 root - INFO - Started Regular Expression mapping
[ 2026-05-26 20:43:15,280] 174 root - INFO - Data transformation complete
[ 2026-05-26 20:43:15,280] 49 root - INFO - Started Regular Expression mapping
[ 2026-05-26 20:43:15,280] 174 root - INFO - Data transformation complete
[ 2026-05-26 20:43:15,280] 49 root - INFO - Started Regular Expression mapping
[ 2026-05-26 20:43:15,281] 174 root - INFO - Data transformation complete
[ 2026-05-26 20:43:15,281] 49 root - INFO - Started Regular Expression mapping
[ 2026-05-26 20:43:15,281] 174 root - INFO - Data transformation complete
[ 2026-05-26 20:43:15,281] 49 root - INFO - Started Regular Expression mapping
[ 2026-05-26 20:43:15,281] 174 root - INFO - Data transformation complete
[ 2026-05-26 20:43:15,281] 49 root - INFO - Started Regular Expression mapping
[ 2026-05-26 20:43:15,281] 174 root - INFO - Data transformation complete
[ 2026-05-26 20:43:15,282] 49 root - INFO - Started Regular Expression mapping
[ 2026-05-26 20:43:15,282] 174 root - INFO - Data transformation complete
[ 2026-05-26 20:43:15,282] 49 root - INFO - Started Regular Expression mapping
[ 2026-05-26 20:43:15,282] 174 root - INFO - Data transformation complete
[ 2026-05-26 20:43:15,282] 49 root - INFO - Started Regular Expression mapping
[ 2026-05-26 20:43:15,282] 174 root - INFO - Data transformation complete
[ 2026-05-26 20:43:15,283] 49 root - INFO - Started Regular Expression mapping
[ 2026-05-26 20:43:15,283] 174 root - INFO - Data transformation complete
[ 2026-05-26 20:43:15,283] 49 root - INFO - Started Regular Expression mapping
[ 2026-05-26 20:43:15,283] 174 root - INFO - Data transformation complete
[ 2026-05-26 20:43:15,283] 49 root - INFO - Started Regular Expression mapping
[ 2026-05-26 20:43:15,283] 174 root - INFO - Data transformation complete
[ 2026-05-26 20:43:15,283] 49 root - INFO - Started Regular Expression mapping
[ 2026-05-26 20:43:15,284] 25 root - INFO - Match heuristic business names to paybill payments
[ 2026-05-26 20:43:15,284] 174 root - INFO - Data transformation complete
[ 2026-05-26 20:43:15,284] 49 root - INFO - Started Regular Expression mapping
[ 2026-05-26 20:43:15,284] 174 root - INFO - Data transformation complete
[ 2026-05-26 20:43:15,284] 49 root - INFO - Started Regular Expression mapping
[ 2026-05-26 20:43:15,284] 174 root - INFO - Data transformation complete
[ 2026-05-26 20:43:15,284] 49 root - INFO - Started Regular Expression mapping
[ 2026-05-26 20:43:15,284] 174 root - INFO - Data transformation complete
[ 2026-05-26 20:43:15,284] 49 root - INFO - Started Regular Expression mapping
[ 2026-05-26 20:43:15,284] 174 root - INFO - Data transformation complete
[ 2026-05-26 20:43:15,285] 49 root - INFO - Started Regular Expression mapping
[ 2026-05-26 20:43:15,285] 174 root - INFO - Data transformation complete
[ 2026-05-26 20:43:15,285] 49 root - INFO - Started Regular Expression mapping
[ 2026-05-26 20:43:15,285] 174 root - INFO - Data transformation complete
[ 2026-05-26 20:43:15,285] 49 root - INFO - Started Regular Expression mapping
[ 2026-05-26 20:43:15,285] 174 root - INFO - Data transformation complete
[ 2026-05-26 20:43:15,285] 49 root - INFO - Started Regular Expression mapping
[ 2026-05-26 20:43:15,286] 174 root - INFO - Data transformation complete
[ 2026-05-26 20:43:15,286] 49 root - INFO - Started Regular Expression mapping
[ 2026-05-26 20:43:15,286] 25 root - INFO - Match heuristic business names to paybill payments
[ 2026-05-26 20:43:15,287] 174 root - INFO - Data transformation complete
[ 2026-05-26 20:43:15,287] 49 root - INFO - Started Regular Expression mapping
[ 2026-05-26 20:43:15,287] 174 root - INFO - Data transformation complete
[ 2026-05-26 20:43:15,287] 49 root - INFO - Started Regular Expression mapping
[ 2026-05-26 20:43:15,287] 25 root - INFO - Match heuristic business names to paybill payments
[ 2026-05-26 20:43:15,287] 174 root - INFO - Data transformation complete
[ 2026-05-26 20:43:15,288] 49 root - INFO - Started Regular Expression mapping
[ 2026-05-26 20:43:15,288] 174 root - INFO - Data transformation complete
[ 2026-05-26 20:43:15,288] 49 root - INFO - Started Regular Expression mapping
[ 2026-05-26 20:43:15,288] 25 root - INFO - Match heuristic business names to paybill payments
[ 2026-05-26 20:43:15,288] 174 root - INFO - Data transformation complete
[ 2026-05-26 20:43:15,288] 49 root - INFO - Started Regular Expression mapping
[ 2026-05-26 20:43:15,288] 174 root - INFO - Data transformation complete
[ 2026-05-26 20:43:15,288] 49 root - INFO - Started Regular Expression mapping
[ 2026-05-26 20:43:15,288] 25 root - INFO - Match heuristic business names to paybill payments
[ 2026-05-26 20:43:15,288] 174 root - INFO - Data transformation complete
[ 2026-05-26 20:43:15,289] 49 root - INFO - Started Regular Expression mapping
[ 2026-05-26 20:43:15,289] 174 root - INFO - Data transformation complete
[ 2026-05-26 20:43:15,289] 49 root - INFO - Started Regular Expression mapping
[ 2026-05-26 20:43:15,289] 174 root - INFO - Data transformation complete
[ 2026-05-26 20:43:15,289] 49 root - INFO - Started Regular Expression mapping
[ 2026-05-26 20:43:15,289] 174 root - INFO - Data transformation complete
[ 2026-05-26 20:43:15,289] 49 root - INFO - Started Regular Expression mapping
[ 2026-05-26 20:43:15,290] 174 root - INFO - Data transformation complete
[ 2026-05-26 20:43:15,290] 49 root - INFO - Started Regular Expression mapping
[ 2026-05-26 20:43:15,290] 174 root - INFO - Data transformation complete
[ 2026-05-26 20:43:15,290] 49 root - INFO - Started Regular Expression mapping
[ 2026-05-26 20:43:15,290] 174 root - INFO - Data transformation complete
[ 2026-05-26 20:43:15,290] 49 root - INFO - Started Regular Expression mapping
[ 2026-05-26 20:43:15,291] 174 root - INFO - Data transformation complete
[ 2026-05-26 20:43:15,291] 49 root - INFO - Started Regular Expression mapping
[ 2026-05-26 20:43:15,291] 174 root - INFO - Data transformation complete
[ 2026-05-26 20:43:15,291] 49 root - INFO - Started Regular Expression mapping
[ 2026-05-26 20:43:15,291] 174 root - INFO - Data transformation complete
[ 2026-05-26 20:43:15,291] 49 root - INFO - Started Regular Expression mapping
[ 2026-05-26 20:43:15,291] 174 root - INFO - Data transformation complete
[ 2026-05-26 20:43:15,292] 49 root - INFO - Started Regular Expression mapping
[ 2026-05-26 20:43:15,292] 25 root - INFO - Match heuristic business names to paybill payments
[ 2026-05-26 20:43:15,292] 174 root - INFO - Data transformation complete
[ 2026-05-26 20:43:15,292] 49 root - INFO - Started Regular Expression mapping
[ 2026-05-26 20:43:15,292] 174 root - INFO - Data transformation complete
[ 2026-05-26 20:43:15,292] 49 root - INFO - Started Regular Expression mapping
[ 2026-05-26 20:43:15,293] 25 root - INFO - Match heuristic business names to paybill payments
[ 2026-05-26 20:43:15,293] 174 root - INFO - Data transformation complete
[ 2026-05-26 20:43:15,293] 49 root - INFO - Started Regular Expression mapping
[ 2026-05-26 20:43:15,293] 174 root - INFO - Data transformation complete
[ 2026-05-26 20:43:15,293] 49 root - INFO - Started Regular Expression mapping
[ 2026-05-26 20:43:15,293] 174 root - INFO - Data transformation complete
[ 2026-05-26 20:43:15,293] 49 root - INFO - Started Regular Expression mapping
[ 2026-05-26 20:43:15,294] 174 root - INFO - Data transformation complete
[ 2026-05-26 20:43:15,294] 49 root - INFO - Started Regular Expression mapping
[ 2026-05-26 20:43:15,294] 174 root - INFO - Data transformation complete
[ 2026-05-26 20:43:15,294] 49 root - INFO - Started Regular Expression mapping
[ 2026-05-26 20:43:15,294] 174 root - INFO - Data transformation complete
[ 2026-05-26 20:43:15,294] 49 root - INFO - Started Regular Expression mapping
[ 2026-05-26 20:43:15,295] 174 root - INFO - Data transformation complete
[ 2026-05-26 20:43:15,295] 49 root - INFO - Started Regular Expression mapping
[ 2026-05-26 20:43:15,295] 25 root - INFO - Match heuristic business names to paybill payments
[ 2026-05-26 20:43:15,296] 174 root - INFO - Data transformation complete
[ 2026-05-26 20:43:15,296] 49 root - INFO - Started Regular Expression mapping
[ 2026-05-26 20:43:15,296] 174 root - INFO - Data transformation complete
[ 2026-05-26 20:43:15,296] 49 root - INFO - Started Regular Expression mapping
[ 2026-05-26 20:43:15,296] 174 root - INFO - Data transformation complete
[ 2026-05-26 20:43:15,296] 49 root - INFO - Started Regular Expression mapping
[ 2026-05-26 20:43:15,296] 174 root - INFO - Data transformation complete
[ 2026-05-26 20:43:15,296] 49 root - INFO - Started Regular Expression mapping
[ 2026-05-26 20:43:15,297] 174 root - INFO - Data transformation complete
[ 2026-05-26 20:43:15,297] 49 root - INFO - Started Regular Expression mapping
[ 2026-05-26 20:43:15,297] 174 root - INFO - Data transformation complete
[ 2026-05-26 20:43:15,297] 49 root - INFO - Started Regular Expression mapping
[ 2026-05-26 20:43:15,297] 174 root - INFO - Data transformation complete
[ 2026-05-26 20:43:15,297] 49 root - INFO - Started Regular Expression mapping
[ 2026-05-26 20:43:15,298] 174 root - INFO - Data transformation complete
[ 2026-05-26 20:43:15,298] 49 root - INFO - Started Regular Expression mapping
[ 2026-05-26 20:43:15,298] 174 root - INFO - Data transformation complete
[ 2026-05-26 20:43:15,298] 49 root - INFO - Started Regular Expression mapping
[ 2026-05-26 20:43:15,298] 174 root - INFO - Data transformation complete
[ 2026-05-26 20:43:15,298] 49 root - INFO - Started Regular Expression mapping
[ 2026-05-26 20:43:15,298] 174 root - INFO - Data transformation complete
[ 2026-05-26 20:43:15,299] 49 root - INFO - Started Regular Expression mapping
[ 2026-05-26 20:43:15,299] 174 root - INFO - Data transformation complete
[ 2026-05-26 20:43:15,299] 49 root - INFO - Started Regular Expression mapping
[ 2026-05-26 20:43:15,299] 174 root - INFO - Data transformation complete
[ 2026-05-26 20:43:15,299] 49 root - INFO - Started Regular Expression mapping
[ 2026-05-26 20:43:15,299] 25 root - INFO - Match heuristic business names to paybill payments
[ 2026-05-26 20:43:15,300] 174 root - INFO - Data transformation complete
[ 2026-05-26 20:43:15,300] 49 root - INFO - Started Regular Expression mapping
[ 2026-05-26 20:43:15,300] 174 root - INFO - Data transformation complete
[ 2026-05-26 20:43:15,300] 49 root - INFO - Started Regular Expression mapping
[ 2026-05-26 20:43:15,300] 174 root - INFO - Data transformation complete
[ 2026-05-26 20:43:15,300] 49 root - INFO - Started Regular Expression mapping
[ 2026-05-26 20:43:15,300] 174 root - INFO - Data transformation complete
[ 2026-05-26 20:43:15,301] 49 root - INFO - Started Regular Expression mapping
[ 2026-05-26 20:43:15,301] 174 root - INFO - Data transformation complete
[ 2026-05-26 20:43:15,301] 49 root - INFO - Started Regular Expression mapping
[ 2026-05-26 20:43:15,301] 174 root - INFO - Data transformation complete
[ 2026-05-26 20:43:15,301] 49 root - INFO - Started Regular Expression mapping
[ 2026-05-26 20:43:15,301] 174 root - INFO - Data transformation complete
[ 2026-05-26 20:43:15,302] 49 root - INFO - Started Regular Expression mapping
[ 2026-05-26 20:43:15,302] 174 root - INFO - Data transformation complete
[ 2026-05-26 20:43:15,302] 49 root - INFO - Started Regular Expression mapping
[ 2026-05-26 20:43:15,302] 174 root - INFO - Data transformation complete
[ 2026-05-26 20:43:15,302] 49 root - INFO - Started Regular Expression mapping
[ 2026-05-26 20:43:15,302] 174 root - INFO - Data transformation complete
[ 2026-05-26 20:43:15,302] 49 root - INFO - Started Regular Expression mapping
[ 2026-05-26 20:43:15,303] 174 root - INFO - Data transformation complete
[ 2026-05-26 20:43:15,303] 49 root - INFO - Started Regular Expression mapping
[ 2026-05-26 20:43:15,303] 174 root - INFO - Data transformation complete
[ 2026-05-26 20:43:15,303] 49 root - INFO - Started Regular Expression mapping
[ 2026-05-26 20:43:15,303] 174 root - INFO - Data transformation complete
[ 2026-05-26 20:43:15,303] 49 root - INFO - Started Regular Expression mapping
[ 2026-05-26 20:43:15,304] 174 root - INFO - Data transformation complete
[ 2026-05-26 20:43:15,304] 49 root - INFO - Started Regular Expression mapping
[ 2026-05-26 20:43:15,304] 174 root - INFO - Data transformation complete
[ 2026-05-26 20:43:15,304] 49 root - INFO - Started Regular Expression mapping
[ 2026-05-26 20:43:15,304] 25 root - INFO - Match heuristic business names to paybill payments
[ 2026-05-26 20:43:15,304] 174 root - INFO - Data transformation complete
[ 2026-05-26 20:43:15,304] 49 root - INFO - Started Regular Expression mapping
[ 2026-05-26 20:43:15,304] 174 root - INFO - Data transformation complete
[ 2026-05-26 20:43:15,304] 49 root - INFO - Started Regular Expression mapping
[ 2026-05-26 20:43:15,304] 174 root - INFO - Data transformation complete
[ 2026-05-26 20:43:15,305] 49 root - INFO - Started Regular Expression mapping
[ 2026-05-26 20:43:15,305] 174 root - INFO - Data transformation complete
[ 2026-05-26 20:43:15,305] 49 root - INFO - Started Regular Expression mapping
[ 2026-05-26 20:43:15,305] 25 root - INFO - Match heuristic business names to paybill payments
[ 2026-05-26 20:43:15,306] 174 root - INFO - Data transformation complete
[ 2026-05-26 20:43:15,306] 49 root - INFO - Started Regular Expression mapping
[ 2026-05-26 20:43:15,306] 174 root - INFO - Data transformation complete
[ 2026-05-26 20:43:15,306] 49 root - INFO - Started Regular Expression mapping
[ 2026-05-26 20:43:15,306] 174 root - INFO - Data transformation complete
[ 2026-05-26 20:43:15,306] 49 root - INFO - Started Regular Expression mapping
[ 2026-05-26 20:43:15,307] 174 root - INFO - Data transformation complete
[ 2026-05-26 20:43:15,307] 49 root - INFO - Started Regular Expression mapping
[ 2026-05-26 20:43:15,307] 25 root - INFO - Match heuristic business names to paybill payments
[ 2026-05-26 20:43:15,307] 174 root - INFO - Data transformation complete
[ 2026-05-26 20:43:15,307] 49 root - INFO - Started Regular Expression mapping
[ 2026-05-26 20:43:15,307] 174 root - INFO - Data transformation complete
[ 2026-05-26 20:43:15,308] 49 root - INFO - Started Regular Expression mapping
[ 2026-05-26 20:43:15,308] 25 root - INFO - Match heuristic business names to paybill payments
[ 2026-05-26 20:43:15,308] 174 root - INFO - Data transformation complete
[ 2026-05-26 20:43:15,308] 49 root - INFO - Started Regular Expression mapping
[ 2026-05-26 20:43:15,308] 174 root - INFO - Data transformation complete
[ 2026-05-26 20:43:15,308] 49 root - INFO - Started Regular Expression mapping
[ 2026-05-26 20:43:15,309] 174 root - INFO - Data transformation complete
[ 2026-05-26 20:43:15,309] 49 root - INFO - Started Regular Expression mapping
[ 2026-05-26 20:43:15,309] 174 root - INFO - Data transformation complete
[ 2026-05-26 20:43:15,309] 49 root - INFO - Started Regular Expression mapping
[ 2026-05-26 20:43:15,309] 174 root - INFO - Data transformation complete
[ 2026-05-26 20:43:15,309] 49 root - INFO - Started Regular Expression mapping
[ 2026-05-26 20:43:15,309] 174 root - INFO - Data transformation complete
[ 2026-05-26 20:43:15,310] 49 root - INFO - Started Regular Expression mapping
[ 2026-05-26 20:43:15,310] 25 root - INFO - Match heuristic business names to paybill payments
[ 2026-05-26 20:43:15,310] 174 root - INFO - Data transformation complete
[ 2026-05-26 20:43:15,310] 49 root - INFO - Started Regular Expression mapping
[ 2026-05-26 20:43:15,310] 174 root - INFO - Data transformation complete
[ 2026-05-26 20:43:15,310] 49 root - INFO - Started Regular Expression mapping
[ 2026-05-26 20:43:15,311] 25 root - INFO - Match heuristic business names to paybill payments
[ 2026-05-26 20:43:15,311] 174 root - INFO - Data transformation complete
[ 2026-05-26 20:43:15,311] 49 root - INFO - Started Regular Expression mapping
[ 2026-05-26 20:43:15,311] 174 root - INFO - Data transformation complete
[ 2026-05-26 20:43:15,311] 49 root - INFO - Started Regular Expression mapping
[ 2026-05-26 20:43:15,311] 174 root - INFO - Data transformation complete
[ 2026-05-26 20:43:15,311] 49 root - INFO - Started Regular Expression mapping
[ 2026-05-26 20:43:15,312] 174 root - INFO - Data transformation complete
[ 2026-05-26 20:43:15,312] 49 root - INFO - Started Regular Expression mapping
[ 2026-05-26 20:43:15,312] 174 root - INFO - Data transformation complete
[ 2026-05-26 20:43:15,312] 49 root - INFO - Started Regular Expression mapping
[ 2026-05-26 20:43:15,312] 174 root - INFO - Data transformation complete
[ 2026-05-26 20:43:15,312] 49 root - INFO - Started Regular Expression mapping
[ 2026-05-26 20:43:15,313] 25 root - INFO - Match heuristic business names to paybill payments
[ 2026-05-26 20:43:15,313] 174 root - INFO - Data transformation complete
[ 2026-05-26 20:43:15,313] 49 root - INFO - Started Regular Expression mapping
[ 2026-05-26 20:43:15,313] 174 root - INFO - Data transformation complete
[ 2026-05-26 20:43:15,313] 49 root - INFO - Started Regular Expression mapping
[ 2026-05-26 20:43:15,313] 174 root - INFO - Data transformation complete
[ 2026-05-26 20:43:15,313] 49 root - INFO - Started Regular Expression mapping
[ 2026-05-26 20:43:15,314] 174 root - INFO - Data transformation complete
[ 2026-05-26 20:43:15,314] 49 root - INFO - Started Regular Expression mapping
[ 2026-05-26 20:43:15,314] 174 root - INFO - Data transformation complete
[ 2026-05-26 20:43:15,314] 49 root - INFO - Started Regular Expression mapping
[ 2026-05-26 20:43:15,314] 25 root - INFO - Match heuristic business names to paybill payments
[ 2026-05-26 20:43:15,314] 174 root - INFO - Data transformation complete
[ 2026-05-26 20:43:15,314] 49 root - INFO - Started Regular Expression mapping
[ 2026-05-26 20:43:15,314] 174 root - INFO - Data transformation complete
[ 2026-05-26 20:43:15,314] 49 root - INFO - Started Regular Expression mapping
[ 2026-05-26 20:43:15,314] 174 root - INFO - Data transformation complete
[ 2026-05-26 20:43:15,314] 49 root - INFO - Started Regular Expression mapping
[ 2026-05-26 20:43:15,315] 174 root - INFO - Data transformation complete
[ 2026-05-26 20:43:15,315] 49 root - INFO - Started Regular Expression mapping
[ 2026-05-26 20:43:15,315] 174 root - INFO - Data transformation complete
[ 2026-05-26 20:43:15,315] 49 root - INFO - Started Regular Expression mapping
[ 2026-05-26 20:43:15,316] 174 root - INFO - Data transformation complete
[ 2026-05-26 20:43:15,316] 49 root - INFO - Started Regular Expression mapping
[ 2026-05-26 20:43:15,316] 174 root - INFO - Data transformation complete
[ 2026-05-26 20:43:15,316] 49 root - INFO - Started Regular Expression mapping
[ 2026-05-26 20:43:15,316] 174 root - INFO - Data transformation complete
[ 2026-05-26 20:43:15,316] 49 root - INFO - Started Regular Expression mapping
[ 2026-05-26 20:43:15,317] 25 root - INFO - Match heuristic business names to paybill payments
[ 2026-05-26 20:43:15,317] 174 root - INFO - Data transformation complete
[ 2026-05-26 20:43:15,317] 49 root - INFO - Started Regular Expression mapping
[ 2026-05-26 20:43:15,317] 25 root - INFO - Match heuristic business names to paybill payments
[ 2026-05-26 20:43:15,317] 174 root - INFO - Data transformation complete
[ 2026-05-26 20:43:15,317] 49 root - INFO - Started Regular Expression mapping
[ 2026-05-26 20:43:15,317] 174 root - INFO - Data transformation complete
[ 2026-05-26 20:43:15,318] 49 root - INFO - Started Regular Expression mapping
[ 2026-05-26 20:43:15,318] 174 root - INFO - Data transformation complete
[ 2026-05-26 20:43:15,318] 49 root - INFO - Started Regular Expression mapping
[ 2026-05-26 20:43:15,318] 174 root - INFO - Data transformation complete
[ 2026-05-26 20:43:15,318] 49 root - INFO - Started Regular Expression mapping
[ 2026-05-26 20:43:15,318] 174 root - INFO - Data transformation complete
[ 2026-05-26 20:43:15,318] 49 root - INFO - Started Regular Expression mapping
[ 2026-05-26 20:43:15,319] 174 root - INFO - Data transformation complete
[ 2026-05-26 20:43:15,319] 49 root - INFO - Started Regular Expression mapping
[ 2026-05-26 20:43:15,319] 25 root - INFO - Match heuristic business names to paybill payments
[ 2026-05-26 20:43:15,319] 174 root - INFO - Data transformation complete
[ 2026-05-26 20:43:15,319] 49 root - INFO - Started Regular Expression mapping
[ 2026-05-26 20:43:15,319] 174 root - INFO - Data transformation complete
[ 2026-05-26 20:43:15,319] 49 root - INFO - Started Regular Expression mapping
[ 2026-05-26 20:43:15,320] 174 root - INFO - Data transformation complete
[ 2026-05-26 20:43:15,320] 49 root - INFO - Started Regular Expression mapping
[ 2026-05-26 20:43:15,320] 174 root - INFO - Data transformation complete
[ 2026-05-26 20:43:15,320] 49 root - INFO - Started Regular Expression mapping
[ 2026-05-26 20:43:15,320] 25 root - INFO - Match heuristic business names to paybill payments
[ 2026-05-26 20:43:15,320] 174 root - INFO - Data transformation complete
[ 2026-05-26 20:43:15,320] 49 root - INFO - Started Regular Expression mapping
[ 2026-05-26 20:43:15,321] 174 root - INFO - Data transformation complete
[ 2026-05-26 20:43:15,321] 49 root - INFO - Started Regular Expression mapping
[ 2026-05-26 20:43:15,321] 174 root - INFO - Data transformation complete
[ 2026-05-26 20:43:15,321] 49 root - INFO - Started Regular Expression mapping
[ 2026-05-26 20:43:15,321] 25 root - INFO - Match heuristic business names to paybill payments
[ 2026-05-26 20:43:15,321] 174 root - INFO - Data transformation complete
[ 2026-05-26 20:43:15,322] 49 root - INFO - Started Regular Expression mapping
[ 2026-05-26 20:43:15,322] 174 root - INFO - Data transformation complete
[ 2026-05-26 20:43:15,322] 49 root - INFO - Started Regular Expression mapping
[ 2026-05-26 20:43:15,322] 174 root - INFO - Data transformation complete
[ 2026-05-26 20:43:15,322] 49 root - INFO - Started Regular Expression mapping
[ 2026-05-26 20:43:15,322] 174 root - INFO - Data transformation complete
[ 2026-05-26 20:43:15,322] 49 root - INFO - Started Regular Expression mapping
[ 2026-05-26 20:43:15,323] 174 root - INFO - Data transformation complete
[ 2026-05-26 20:43:15,323] 49 root - INFO - Started Regular Expression mapping
[ 2026-05-26 20:43:15,323] 174 root - INFO - Data transformation complete
[ 2026-05-26 20:43:15,323] 49 root - INFO - Started Regular Expression mapping
[ 2026-05-26 20:43:15,323] 25 root - INFO - Match heuristic business names to paybill payments
[ 2026-05-26 20:43:15,323] 174 root - INFO - Data transformation complete
[ 2026-05-26 20:43:15,323] 49 root - INFO - Started Regular Expression mapping
[ 2026-05-26 20:43:15,324] 174 root - INFO - Data transformation complete
[ 2026-05-26 20:43:15,324] 49 root - INFO - Started Regular Expression mapping
[ 2026-05-26 20:43:15,324] 25 root - INFO - Match heuristic business names to paybill payments
[ 2026-05-26 20:43:15,324] 174 root - INFO - Data transformation complete
[ 2026-05-26 20:43:15,324] 49 root - INFO - Started Regular Expression mapping
[ 2026-05-26 20:43:15,325] 174 root - INFO - Data transformation complete
[ 2026-05-26 20:43:15,325] 49 root - INFO - Started Regular Expression mapping
[ 2026-05-26 20:43:15,325] 174 root - INFO - Data transformation complete
[ 2026-05-26 20:43:15,325] 49 root - INFO - Started Regular Expression mapping
[ 2026-05-26 20:43:15,326] 174 root - INFO - Data transformation complete
[ 2026-05-26 20:43:15,326] 49 root - INFO - Started Regular Expression mapping
[ 2026-05-26 20:43:15,326] 174 root - INFO - Data transformation complete
[ 2026-05-26 20:43:15,326] 49 root - INFO - Started Regular Expression mapping
[ 2026-05-26 20:43:15,326] 25 root - INFO - Match heuristic business names to paybill payments
[ 2026-05-26 20:43:15,326] 174 root - INFO - Data transformation complete
[ 2026-05-26 20:43:15,326] 49 root - INFO - Started Regular Expression mapping
[ 2026-05-26 20:43:15,326] 174 root - INFO - Data transformation complete
[ 2026-05-26 20:43:15,326] 49 root - INFO - Started Regular Expression mapping
[ 2026-05-26 20:43:15,326] 174 root - INFO - Data transformation complete
[ 2026-05-26 20:43:15,327] 49 root - INFO - Started Regular Expression mapping
[ 2026-05-26 20:43:15,327] 174 root - INFO - Data transformation complete
[ 2026-05-26 20:43:15,327] 49 root - INFO - Started Regular Expression mapping
[ 2026-05-26 20:43:15,328] 174 root - INFO - Data transformation complete
[ 2026-05-26 20:43:15,328] 49 root - INFO - Started Regular Expression mapping
[ 2026-05-26 20:43:15,328] 174 root - INFO - Data transformation complete
[ 2026-05-26 20:43:15,328] 49 root - INFO - Started Regular Expression mapping
[ 2026-05-26 20:43:15,328] 174 root - INFO - Data transformation complete
[ 2026-05-26 20:43:15,328] 49 root - INFO - Started Regular Expression mapping
[ 2026-05-26 20:43:15,329] 174 root - INFO - Data transformation complete
[ 2026-05-26 20:43:15,329] 49 root - INFO - Started Regular Expression mapping
[ 2026-05-26 20:43:15,329] 174 root - INFO - Data transformation complete
[ 2026-05-26 20:43:15,329] 49 root - INFO - Started Regular Expression mapping
[ 2026-05-26 20:43:15,329] 174 root - INFO - Data transformation complete
[ 2026-05-26 20:43:15,329] 49 root - INFO - Started Regular Expression mapping
[ 2026-05-26 20:43:15,329] 174 root - INFO - Data transformation complete
[ 2026-05-26 20:43:15,330] 49 root - INFO - Started Regular Expression mapping
[ 2026-05-26 20:43:15,330] 174 root - INFO - Data transformation complete
[ 2026-05-26 20:43:15,330] 49 root - INFO - Started Regular Expression mapping
[ 2026-05-26 20:43:15,330] 174 root - INFO - Data transformation complete
[ 2026-05-26 20:43:15,330] 49 root - INFO - Started Regular Expression mapping
[ 2026-05-26 20:43:15,330] 174 root - INFO - Data transformation complete
[ 2026-05-26 20:43:15,330] 49 root - INFO - Started Regular Expression mapping
[ 2026-05-26 20:43:15,331] 174 root - INFO - Data transformation complete
[ 2026-05-26 20:43:15,331] 49 root - INFO - Started Regular Expression mapping
[ 2026-05-26 20:43:15,331] 25 root - INFO - Match heuristic business names to paybill payments
[ 2026-05-26 20:43:15,331] 174 root - INFO - Data transformation complete
[ 2026-05-26 20:43:15,331] 49 root - INFO - Started Regular Expression mapping
[ 2026-05-26 20:43:15,331] 174 root - INFO - Data transformation complete
[ 2026-05-26 20:43:15,332] 49 root - INFO - Started Regular Expression mapping
[ 2026-05-26 20:43:15,332] 174 root - INFO - Data transformation complete
[ 2026-05-26 20:43:15,332] 49 root - INFO - Started Regular Expression mapping
[ 2026-05-26 20:43:15,332] 174 root - INFO - Data transformation complete
[ 2026-05-26 20:43:15,332] 49 root - INFO - Started Regular Expression mapping
[ 2026-05-26 20:43:15,332] 174 root - INFO - Data transformation complete
[ 2026-05-26 20:43:15,332] 49 root - INFO - Started Regular Expression mapping
[ 2026-05-26 20:43:15,333] 174 root - INFO - Data transformation complete
[ 2026-05-26 20:43:15,333] 49 root - INFO - Started Regular Expression mapping
[ 2026-05-26 20:43:15,333] 174 root - INFO - Data transformation complete
[ 2026-05-26 20:43:15,333] 49 root - INFO - Started Regular Expression mapping
[ 2026-05-26 20:43:15,333] 174 root - INFO - Data transformation complete
[ 2026-05-26 20:43:15,333] 49 root - INFO - Started Regular Expression mapping
[ 2026-05-26 20:43:15,333] 174 root - INFO - Data transformation complete
[ 2026-05-26 20:43:15,333] 49 root - INFO - Started Regular Expression mapping
[ 2026-05-26 20:43:15,333] 174 root - INFO - Data transformation complete
[ 2026-05-26 20:43:15,333] 49 root - INFO - Started Regular Expression mapping
[ 2026-05-26 20:43:15,334] 25 root - INFO - Match heuristic business names to paybill payments
[ 2026-05-26 20:43:15,334] 174 root - INFO - Data transformation complete
[ 2026-05-26 20:43:15,334] 49 root - INFO - Started Regular Expression mapping
[ 2026-05-26 20:43:15,334] 174 root - INFO - Data transformation complete
[ 2026-05-26 20:43:15,334] 49 root - INFO - Started Regular Expression mapping
[ 2026-05-26 20:43:15,334] 25 root - INFO - Match heuristic business names to paybill payments
[ 2026-05-26 20:43:15,334] 174 root - INFO - Data transformation complete
[ 2026-05-26 20:43:15,334] 49 root - INFO - Started Regular Expression mapping
[ 2026-05-26 20:43:15,334] 25 root - INFO - Match heuristic business names to paybill payments
[ 2026-05-26 20:43:15,334] 174 root - INFO - Data transformation complete
[ 2026-05-26 20:43:15,334] 49 root - INFO - Started Regular Expression mapping
[ 2026-05-26 20:43:15,334] 174 root - INFO - Data transformation complete
[ 2026-05-26 20:43:15,336] 49 root - INFO - Started Regular Expression mapping
[ 2026-05-26 20:43:15,336] 174 root - INFO - Data transformation complete
[ 2026-05-26 20:43:15,336] 49 root - INFO - Started Regular Expression mapping
[ 2026-05-26 20:43:15,336] 174 root - INFO - Data transformation complete
[ 2026-05-26 20:43:15,336] 49 root - INFO - Started Regular Expression mapping
[ 2026-05-26 20:43:15,336] 174 root - INFO - Data transformation complete
[ 2026-05-26 20:43:15,337] 49 root - INFO - Started Regular Expression mapping
[ 2026-05-26 20:43:15,337] 174 root - INFO - Data transformation complete
[ 2026-05-26 20:43:15,337] 49 root - INFO - Started Regular Expression mapping
[ 2026-05-26 20:43:15,337] 174 root - INFO - Data transformation complete
[ 2026-05-26 20:43:15,337] 49 root - INFO - Started Regular Expression mapping
[ 2026-05-26 20:43:15,337] 174 root - INFO - Data transformation complete
[ 2026-05-26 20:43:15,337] 49 root - INFO - Started Regular Expression mapping
[ 2026-05-26 20:43:15,338] 174 root - INFO - Data transformation complete
[ 2026-05-26 20:43:15,338] 49 root - INFO - Started Regular Expression mapping
[ 2026-05-26 20:43:15,338] 174 root - INFO - Data transformation complete
[ 2026-05-26 20:43:15,338] 49 root - INFO - Started Regular Expression mapping
[ 2026-05-26 20:43:15,338] 25 root - INFO - Match heuristic business names to paybill payments
[ 2026-05-26 20:43:15,338] 174 root - INFO - Data transformation complete
[ 2026-05-26 20:43:15,339] 49 root - INFO - Started Regular Expression mapping
[ 2026-05-26 20:43:15,339] 174 root - INFO - Data transformation complete
[ 2026-05-26 20:43:15,339] 49 root - INFO - Started Regular Expression mapping
[ 2026-05-26 20:43:15,339] 174 root - INFO - Data transformation complete
[ 2026-05-26 20:43:15,339] 49 root - INFO - Started Regular Expression mapping
[ 2026-05-26 20:43:15,339] 174 root - INFO - Data transformation complete
[ 2026-05-26 20:43:15,339] 49 root - INFO - Started Regular Expression mapping
[ 2026-05-26 20:43:15,340] 174 root - INFO - Data transformation complete
[ 2026-05-26 20:43:15,340] 49 root - INFO - Started Regular Expression mapping
[ 2026-05-26 20:43:15,340] 174 root - INFO - Data transformation complete
[ 2026-05-26 20:43:15,340] 49 root - INFO - Started Regular Expression mapping
[ 2026-05-26 20:43:15,340] 174 root - INFO - Data transformation complete
[ 2026-05-26 20:43:15,340] 49 root - INFO - Started Regular Expression mapping
[ 2026-05-26 20:43:15,341] 174 root - INFO - Data transformation complete
[ 2026-05-26 20:43:15,341] 49 root - INFO - Started Regular Expression mapping
[ 2026-05-26 20:43:15,341] 174 root - INFO - Data transformation complete
[ 2026-05-26 20:43:15,341] 49 root - INFO - Started Regular Expression mapping
[ 2026-05-26 20:43:15,341] 174 root - INFO - Data transformation complete
[ 2026-05-26 20:43:15,341] 49 root - INFO - Started Regular Expression mapping
[ 2026-05-26 20:43:15,342] 174 root - INFO - Data transformation complete
[ 2026-05-26 20:43:15,342] 49 root - INFO - Started Regular Expression mapping
[ 2026-05-26 20:43:15,342] 174 root - INFO - Data transformation complete
[ 2026-05-26 20:43:15,342] 49 root - INFO - Started Regular Expression mapping
[ 2026-05-26 20:43:15,342] 174 root - INFO - Data transformation complete
[ 2026-05-26 20:43:15,342] 49 root - INFO - Started Regular Expression mapping
[ 2026-05-26 20:43:15,343] 174 root - INFO - Data transformation complete
[ 2026-05-26 20:43:15,343] 49 root - INFO - Started Regular Expression mapping
[ 2026-05-26 20:43:15,343] 174 root - INFO - Data transformation complete
[ 2026-05-26 20:43:15,343] 49 root - INFO - Started Regular Expression mapping
[ 2026-05-26 20:43:15,343] 174 root - INFO - Data transformation complete
[ 2026-05-26 20:43:15,343] 49 root - INFO - Started Regular Expression mapping
[ 2026-05-26 20:43:15,343] 174 root - INFO - Data transformation complete
[ 2026-05-26 20:43:15,344] 49 root - INFO - Started Regular Expression mapping
[ 2026-05-26 20:43:15,344] 174 root - INFO - Data transformation complete
[ 2026-05-26 20:43:15,344] 49 root - INFO - Started Regular Expression mapping
[ 2026-05-26 20:43:15,344] 174 root - INFO - Data transformation complete
[ 2026-05-26 20:43:15,344] 49 root - INFO - Started Regular Expression mapping
[ 2026-05-26 20:43:15,344] 174 root - INFO - Data transformation complete
[ 2026-05-26 20:43:15,344] 49 root - INFO - Started Regular Expression mapping
[ 2026-05-26 20:43:15,344] 174 root - INFO - Data transformation complete
[ 2026-05-26 20:43:15,344] 49 root - INFO - Started Regular Expression mapping
[ 2026-05-26 20:43:15,344] 174 root - INFO - Data transformation complete
[ 2026-05-26 20:43:15,345] 49 root - INFO - Started Regular Expression mapping
[ 2026-05-26 20:43:15,345] 174 root - INFO - Data transformation complete
[ 2026-05-26 20:43:15,345] 49 root - INFO - Started Regular Expression mapping
[ 2026-05-26 20:43:15,346] 25 root - INFO - Match heuristic business names to paybill payments
[ 2026-05-26 20:43:15,346] 174 root - INFO - Data transformation complete
[ 2026-05-26 20:43:15,346] 49 root - INFO - Started Regular Expression mapping
[ 2026-05-26 20:43:15,346] 25 root - INFO - Match heuristic business names to paybill payments
[ 2026-05-26 20:43:15,346] 174 root - INFO - Data transformation complete
[ 2026-05-26 20:43:15,346] 49 root - INFO - Started Regular Expression mapping
[ 2026-05-26 20:43:15,346] 174 root - INFO - Data transformation complete
[ 2026-05-26 20:43:15,347] 49 root - INFO - Started Regular Expression mapping
[ 2026-05-26 20:43:15,347] 174 root - INFO - Data transformation complete
[ 2026-05-26 20:43:15,347] 49 root - INFO - Started Regular Expression mapping
[ 2026-05-26 20:43:15,347] 174 root - INFO - Data transformation complete
[ 2026-05-26 20:43:15,347] 49 root - INFO - Started Regular Expression mapping
[ 2026-05-26 20:43:15,348] 174 root - INFO - Data transformation complete
[ 2026-05-26 20:43:15,348] 49 root - INFO - Started Regular Expression mapping
[ 2026-05-26 20:43:15,348] 174 root - INFO - Data transformation complete
[ 2026-05-26 20:43:15,348] 49 root - INFO - Started Regular Expression mapping
[ 2026-05-26 20:43:15,348] 174 root - INFO - Data transformation complete
[ 2026-05-26 20:43:15,348] 49 root - INFO - Started Regular Expression mapping
[ 2026-05-26 20:43:15,349] 174 root - INFO - Data transformation complete
[ 2026-05-26 20:43:15,349] 49 root - INFO - Started Regular Expression mapping
[ 2026-05-26 20:43:15,349] 174 root - INFO - Data transformation complete
[ 2026-05-26 20:43:15,349] 49 root - INFO - Started Regular Expression mapping
[ 2026-05-26 20:43:15,349] 174 root - INFO - Data transformation complete
[ 2026-05-26 20:43:15,349] 49 root - INFO - Started Regular Expression mapping
[ 2026-05-26 20:43:15,349] 174 root - INFO - Data transformation complete
[ 2026-05-26 20:43:15,350] 49 root - INFO - Started Regular Expression mapping
[ 2026-05-26 20:43:15,350] 174 root - INFO - Data transformation complete
[ 2026-05-26 20:43:15,350] 49 root - INFO - Started Regular Expression mapping
[ 2026-05-26 20:43:15,350] 25 root - INFO - Match heuristic business names to paybill payments
[ 2026-05-26 20:43:15,350] 174 root - INFO - Data transformation complete
[ 2026-05-26 20:43:15,350] 49 root - INFO - Started Regular Expression mapping
[ 2026-05-26 20:43:15,351] 174 root - INFO - Data transformation complete
[ 2026-05-26 20:43:15,351] 49 root - INFO - Started Regular Expression mapping
[ 2026-05-26 20:43:15,351] 25 root - INFO - Match heuristic business names to paybill payments
[ 2026-05-26 20:43:15,351] 174 root - INFO - Data transformation complete
[ 2026-05-26 20:43:15,351] 49 root - INFO - Started Regular Expression mapping
[ 2026-05-26 20:43:15,351] 174 root - INFO - Data transformation complete
[ 2026-05-26 20:43:15,351] 49 root - INFO - Started Regular Expression mapping
[ 2026-05-26 20:43:15,352] 174 root - INFO - Data transformation complete
[ 2026-05-26 20:43:15,352] 49 root - INFO - Started Regular Expression mapping
[ 2026-05-26 20:43:15,352] 174 root - INFO - Data transformation complete
[ 2026-05-26 20:43:15,352] 49 root - INFO - Started Regular Expression mapping
[ 2026-05-26 20:43:15,352] 174 root - INFO - Data transformation complete
[ 2026-05-26 20:43:15,352] 49 root - INFO - Started Regular Expression mapping
[ 2026-05-26 20:43:15,353] 174 root - INFO - Data transformation complete
[ 2026-05-26 20:43:15,353] 49 root - INFO - Started Regular Expression mapping
[ 2026-05-26 20:43:15,353] 174 root - INFO - Data transformation complete
[ 2026-05-26 20:43:15,353] 49 root - INFO - Started Regular Expression mapping
[ 2026-05-26 20:43:15,353] 174 root - INFO - Data transformation complete
[ 2026-05-26 20:43:15,353] 49 root - INFO - Started Regular Expression mapping
[ 2026-05-26 20:43:15,353] 174 root - INFO - Data transformation complete
[ 2026-05-26 20:43:15,354] 49 root - INFO - Started Regular Expression mapping
[ 2026-05-26 20:43:15,354] 174 root - INFO - Data transformation complete
[ 2026-05-26 20:43:15,354] 49 root - INFO - Started Regular Expression mapping
[ 2026-05-26 20:43:15,354] 174 root - INFO - Data transformation complete
[ 2026-05-26 20:43:15,354] 49 root - INFO - Started Regular Expression mapping
[ 2026-05-26 20:43:15,354] 174 root - INFO - Data transformation complete
[ 2026-05-26 20:43:15,354] 49 root - INFO - Started Regular Expression mapping
[ 2026-05-26 20:43:15,354] 174 root - INFO - Data transformation complete
[ 2026-05-26 20:43:15,354] 49 root - INFO - Started Regular Expression mapping
[ 2026-05-26 20:43:15,355] 174 root - INFO - Data transformation complete
[ 2026-05-26 20:43:15,355] 49 root - INFO - Started Regular Expression mapping
[ 2026-05-26 20:43:15,355] 174 root - INFO - Data transformation complete
[ 2026-05-26 20:43:15,355] 49 root - INFO - Started Regular Expression mapping
[ 2026-05-26 20:43:15,356] 174 root - INFO - Data transformation complete
[ 2026-05-26 20:43:15,356] 49 root - INFO - Started Regular Expression mapping
[ 2026-05-26 20:43:15,356] 174 root - INFO - Data transformation complete
[ 2026-05-26 20:43:15,356] 49 root - INFO - Started Regular Expression mapping
[ 2026-05-26 20:43:15,356] 174 root - INFO - Data transformation complete
[ 2026-05-26 20:43:15,356] 49 root - INFO - Started Regular Expression mapping
[ 2026-05-26 20:43:15,356] 174 root - INFO - Data transformation complete
[ 2026-05-26 20:43:15,357] 49 root - INFO - Started Regular Expression mapping
[ 2026-05-26 20:43:15,357] 174 root - INFO - Data transformation complete
[ 2026-05-26 20:43:15,357] 49 root - INFO - Started Regular Expression mapping
[ 2026-05-26 20:43:15,357] 174 root - INFO - Data transformation complete
[ 2026-05-26 20:43:15,357] 49 root - INFO - Started Regular Expression mapping
[ 2026-05-26 20:43:15,357] 174 root - INFO - Data transformation complete
[ 2026-05-26 20:43:15,357] 49 root - INFO - Started Regular Expression mapping
[ 2026-05-26 20:43:15,358] 174 root - INFO - Data transformation complete
[ 2026-05-26 20:43:15,358] 49 root - INFO - Started Regular Expression mapping
[ 2026-05-26 20:43:15,358] 174 root - INFO - Data transformation complete
[ 2026-05-26 20:43:15,358] 49 root - INFO - Started Regular Expression mapping
[ 2026-05-26 20:43:15,358] 174 root - INFO - Data transformation complete
[ 2026-05-26 20:43:15,358] 49 root - INFO - Started Regular Expression mapping
[ 2026-05-26 20:43:15,359] 174 root - INFO - Data transformation complete
[ 2026-05-26 20:43:15,359] 49 root - INFO - Started Regular Expression mapping
[ 2026-05-26 20:43:15,359] 174 root - INFO - Data transformation complete
[ 2026-05-26 20:43:15,359] 49 root - INFO - Started Regular Expression mapping
[ 2026-05-26 20:43:15,359] 174 root - INFO - Data transformation complete
[ 2026-05-26 20:43:15,359] 49 root - INFO - Started Regular Expression mapping
[ 2026-05-26 20:43:15,360] 174 root - INFO - Data transformation complete
[ 2026-05-26 20:43:15,360] 49 root - INFO - Started Regular Expression mapping
[ 2026-05-26 20:43:15,360] 174 root - INFO - Data transformation complete
[ 2026-05-26 20:43:15,360] 49 root - INFO - Started Regular Expression mapping
[ 2026-05-26 20:43:15,360] 174 root - INFO - Data transformation complete
[ 2026-05-26 20:43:15,360] 49 root - INFO - Started Regular Expression mapping
[ 2026-05-26 20:43:15,360] 174 root - INFO - Data transformation complete
[ 2026-05-26 20:43:15,361] 49 root - INFO - Started Regular Expression mapping
[ 2026-05-26 20:43:15,361] 174 root - INFO - Data transformation complete
[ 2026-05-26 20:43:15,361] 49 root - INFO - Started Regular Expression mapping
[ 2026-05-26 20:43:15,361] 174 root - INFO - Data transformation complete
[ 2026-05-26 20:43:15,361] 49 root - INFO - Started Regular Expression mapping
[ 2026-05-26 20:43:15,361] 174 root - INFO - Data transformation complete
[ 2026-05-26 20:43:15,361] 49 root - INFO - Started Regular Expression mapping
[ 2026-05-26 20:43:15,362] 174 root - INFO - Data transformation complete
[ 2026-05-26 20:43:15,362] 49 root - INFO - Started Regular Expression mapping
[ 2026-05-26 20:43:15,362] 174 root - INFO - Data transformation complete
[ 2026-05-26 20:43:15,362] 49 root - INFO - Started Regular Expression mapping
[ 2026-05-26 20:43:15,362] 174 root - INFO - Data transformation complete
[ 2026-05-26 20:43:15,362] 49 root - INFO - Started Regular Expression mapping
[ 2026-05-26 20:43:15,362] 174 root - INFO - Data transformation complete
[ 2026-05-26 20:43:15,363] 49 root - INFO - Started Regular Expression mapping
[ 2026-05-26 20:43:15,363] 174 root - INFO - Data transformation complete
[ 2026-05-26 20:43:15,363] 49 root - INFO - Started Regular Expression mapping
[ 2026-05-26 20:43:15,363] 174 root - INFO - Data transformation complete
[ 2026-05-26 20:43:15,363] 49 root - INFO - Started Regular Expression mapping
[ 2026-05-26 20:43:15,364] 174 root - INFO - Data transformation complete
[ 2026-05-26 20:43:15,364] 49 root - INFO - Started Regular Expression mapping
[ 2026-05-26 20:43:15,364] 174 root - INFO - Data transformation complete
[ 2026-05-26 20:43:15,364] 49 root - INFO - Started Regular Expression mapping
[ 2026-05-26 20:43:15,364] 174 root - INFO - Data transformation complete
[ 2026-05-26 20:43:15,364] 49 root - INFO - Started Regular Expression mapping
[ 2026-05-26 20:43:15,364] 174 root - INFO - Data transformation complete
[ 2026-05-26 20:43:15,364] 49 root - INFO - Started Regular Expression mapping
[ 2026-05-26 20:43:15,364] 174 root - INFO - Data transformation complete
[ 2026-05-26 20:43:15,364] 49 root - INFO - Started Regular Expression mapping
[ 2026-05-26 20:43:15,365] 174 root - INFO - Data transformation complete
[ 2026-05-26 20:43:15,365] 49 root - INFO - Started Regular Expression mapping
[ 2026-05-26 20:43:15,365] 174 root - INFO - Data transformation complete
[ 2026-05-26 20:43:15,365] 49 root - INFO - Started Regular Expression mapping
[ 2026-05-26 20:43:15,366] 25 root - INFO - Match heuristic business names to paybill payments
[ 2026-05-26 20:43:15,366] 174 root - INFO - Data transformation complete
[ 2026-05-26 20:43:15,366] 49 root - INFO - Started Regular Expression mapping
[ 2026-05-26 20:43:15,366] 174 root - INFO - Data transformation complete
[ 2026-05-26 20:43:15,367] 49 root - INFO - Started Regular Expression mapping
[ 2026-05-26 20:43:15,367] 174 root - INFO - Data transformation complete
[ 2026-05-26 20:43:15,367] 49 root - INFO - Started Regular Expression mapping
[ 2026-05-26 20:43:15,367] 174 root - INFO - Data transformation complete
[ 2026-05-26 20:43:15,368] 49 root - INFO - Started Regular Expression mapping
[ 2026-05-26 20:43:15,368] 174 root - INFO - Data transformation complete
[ 2026-05-26 20:43:15,368] 49 root - INFO - Started Regular Expression mapping
[ 2026-05-26 20:43:15,368] 174 root - INFO - Data transformation complete
[ 2026-05-26 20:43:15,368] 49 root - INFO - Started Regular Expression mapping
[ 2026-05-26 20:43:15,368] 174 root - INFO - Data transformation complete
[ 2026-05-26 20:43:15,369] 49 root - INFO - Started Regular Expression mapping
[ 2026-05-26 20:43:15,369] 25 root - INFO - Match heuristic business names to paybill payments
[ 2026-05-26 20:43:15,369] 174 root - INFO - Data transformation complete
[ 2026-05-26 20:43:15,369] 49 root - INFO - Started Regular Expression mapping
[ 2026-05-26 20:43:15,369] 174 root - INFO - Data transformation complete
[ 2026-05-26 20:43:15,369] 49 root - INFO - Started Regular Expression mapping
[ 2026-05-26 20:43:15,370] 174 root - INFO - Data transformation complete
[ 2026-05-26 20:43:15,370] 49 root - INFO - Started Regular Expression mapping
[ 2026-05-26 20:43:15,370] 174 root - INFO - Data transformation complete
[ 2026-05-26 20:43:15,370] 49 root - INFO - Started Regular Expression mapping
[ 2026-05-26 20:43:15,370] 174 root - INFO - Data transformation complete
[ 2026-05-26 20:43:15,370] 49 root - INFO - Started Regular Expression mapping
[ 2026-05-26 20:43:15,371] 174 root - INFO - Data transformation complete
[ 2026-05-26 20:43:15,371] 49 root - INFO - Started Regular Expression mapping
[ 2026-05-26 20:43:15,371] 174 root - INFO - Data transformation complete
[ 2026-05-26 20:43:15,371] 49 root - INFO - Started Regular Expression mapping
[ 2026-05-26 20:43:15,371] 174 root - INFO - Data transformation complete
[ 2026-05-26 20:43:15,371] 49 root - INFO - Started Regular Expression mapping
[ 2026-05-26 20:43:15,372] 174 root - INFO - Data transformation complete
[ 2026-05-26 20:43:15,372] 49 root - INFO - Started Regular Expression mapping
[ 2026-05-26 20:43:15,372] 174 root - INFO - Data transformation complete
[ 2026-05-26 20:43:15,372] 49 root - INFO - Started Regular Expression mapping
[ 2026-05-26 20:43:15,372] 174 root - INFO - Data transformation complete
[ 2026-05-26 20:43:15,372] 49 root - INFO - Started Regular Expression mapping
[ 2026-05-26 20:43:15,372] 174 root - INFO - Data transformation complete
[ 2026-05-26 20:43:15,373] 49 root - INFO - Started Regular Expression mapping
[ 2026-05-26 20:43:15,373] 174 root - INFO - Data transformation complete
[ 2026-05-26 20:43:15,373] 49 root - INFO - Started Regular Expression mapping
[ 2026-05-26 20:43:15,373] 174 root - INFO - Data transformation complete
[ 2026-05-26 20:43:15,373] 49 root - INFO - Started Regular Expression mapping
[ 2026-05-26 20:43:15,373] 174 root - INFO - Data transformation complete
[ 2026-05-26 20:43:15,373] 49 root - INFO - Started Regular Expression mapping
[ 2026-05-26 20:43:15,374] 174 root - INFO - Data transformation complete
[ 2026-05-26 20:43:15,374] 49 root - INFO - Started Regular Expression mapping
[ 2026-05-26 20:43:15,374] 174 root - INFO - Data transformation complete
[ 2026-05-26 20:43:15,374] 49 root - INFO - Started Regular Expression mapping
[ 2026-05-26 20:43:15,374] 174 root - INFO - Data transformation complete
[ 2026-05-26 20:43:15,374] 49 root - INFO - Started Regular Expression mapping
[ 2026-05-26 20:43:15,374] 174 root - INFO - Data transformation complete
[ 2026-05-26 20:43:15,374] 49 root - INFO - Started Regular Expression mapping
[ 2026-05-26 20:43:15,374] 174 root - INFO - Data transformation complete
[ 2026-05-26 20:43:15,374] 49 root - INFO - Started Regular Expression mapping
[ 2026-05-26 20:43:15,374] 25 root - INFO - Match heuristic business names to paybill payments
[ 2026-05-26 20:43:15,376] 174 root - INFO - Data transformation complete
[ 2026-05-26 20:43:15,376] 49 root - INFO - Started Regular Expression mapping
[ 2026-05-26 20:43:15,376] 174 root - INFO - Data transformation complete
[ 2026-05-26 20:43:15,376] 49 root - INFO - Started Regular Expression mapping
[ 2026-05-26 20:43:15,376] 25 root - INFO - Match heuristic business names to paybill payments
[ 2026-05-26 20:43:15,376] 174 root - INFO - Data transformation complete
[ 2026-05-26 20:43:15,376] 49 root - INFO - Started Regular Expression mapping
[ 2026-05-26 20:43:15,376] 174 root - INFO - Data transformation complete
[ 2026-05-26 20:43:15,376] 49 root - INFO - Started Regular Expression mapping
[ 2026-05-26 20:43:15,376] 174 root - INFO - Data transformation complete
[ 2026-05-26 20:43:15,376] 49 root - INFO - Started Regular Expression mapping
[ 2026-05-26 20:43:15,377] 174 root - INFO - Data transformation complete
[ 2026-05-26 20:43:15,377] 49 root - INFO - Started Regular Expression mapping
[ 2026-05-26 20:43:15,377] 174 root - INFO - Data transformation complete
[ 2026-05-26 20:43:15,377] 49 root - INFO - Started Regular Expression mapping
[ 2026-05-26 20:43:15,377] 174 root - INFO - Data transformation complete
[ 2026-05-26 20:43:15,378] 49 root - INFO - Started Regular Expression mapping
[ 2026-05-26 20:43:15,379] 25 root - INFO - Match heuristic business names to paybill payments
[ 2026-05-26 20:43:15,380] 174 root - INFO - Data transformation complete
[ 2026-05-26 20:43:15,380] 49 root - INFO - Started Regular Expression mapping
[ 2026-05-26 20:43:15,380] 174 root - INFO - Data transformation complete
[ 2026-05-26 20:43:15,380] 49 root - INFO - Started Regular Expression mapping
[ 2026-05-26 20:43:15,380] 174 root - INFO - Data transformation complete
[ 2026-05-26 20:43:15,380] 49 root - INFO - Started Regular Expression mapping
[ 2026-05-26 20:43:15,381] 174 root - INFO - Data transformation complete
[ 2026-05-26 20:43:15,381] 49 root - INFO - Started Regular Expression mapping
[ 2026-05-26 20:43:15,381] 174 root - INFO - Data transformation complete
[ 2026-05-26 20:43:15,381] 49 root - INFO - Started Regular Expression mapping
[ 2026-05-26 20:43:15,381] 25 root - INFO - Match heuristic business names to paybill payments
[ 2026-05-26 20:43:15,381] 174 root - INFO - Data transformation complete
[ 2026-05-26 20:43:15,381] 49 root - INFO - Started Regular Expression mapping
[ 2026-05-26 20:43:15,382] 174 root - INFO - Data transformation complete
[ 2026-05-26 20:43:15,382] 49 root - INFO - Started Regular Expression mapping
[ 2026-05-26 20:43:15,382] 174 root - INFO - Data transformation complete
[ 2026-05-26 20:43:15,382] 49 root - INFO - Started Regular Expression mapping
[ 2026-05-26 20:43:15,382] 174 root - INFO - Data transformation complete
[ 2026-05-26 20:43:15,382] 49 root - INFO - Started Regular Expression mapping
[ 2026-05-26 20:43:15,383] 174 root - INFO - Data transformation complete
[ 2026-05-26 20:43:15,383] 49 root - INFO - Started Regular Expression mapping
[ 2026-05-26 20:43:15,383] 174 root - INFO - Data transformation complete
[ 2026-05-26 20:43:15,383] 49 root - INFO - Started Regular Expression mapping
[ 2026-05-26 20:43:15,383] 25 root - INFO - Match heuristic business names to paybill payments
[ 2026-05-26 20:43:15,383] 174 root - INFO - Data transformation complete
[ 2026-05-26 20:43:15,383] 49 root - INFO - Started Regular Expression mapping
[ 2026-05-26 20:43:15,384] 174 root - INFO - Data transformation complete
[ 2026-05-26 20:43:15,384] 49 root - INFO - Started Regular Expression mapping
[ 2026-05-26 20:43:15,384] 174 root - INFO - Data transformation complete
[ 2026-05-26 20:43:15,384] 49 root - INFO - Started Regular Expression mapping
[ 2026-05-26 20:43:15,384] 174 root - INFO - Data transformation complete
[ 2026-05-26 20:43:15,384] 49 root - INFO - Started Regular Expression mapping
[ 2026-05-26 20:43:15,384] 174 root - INFO - Data transformation complete
[ 2026-05-26 20:43:15,384] 49 root - INFO - Started Regular Expression mapping
[ 2026-05-26 20:43:15,384] 174 root - INFO - Data transformation complete
[ 2026-05-26 20:43:15,384] 49 root - INFO - Started Regular Expression mapping
[ 2026-05-26 20:43:15,384] 174 root - INFO - Data transformation complete
[ 2026-05-26 20:43:15,384] 49 root - INFO - Started Regular Expression mapping
[ 2026-05-26 20:43:15,385] 174 root - INFO - Data transformation complete
[ 2026-05-26 20:43:15,385] 49 root - INFO - Started Regular Expression mapping
[ 2026-05-26 20:43:15,385] 174 root - INFO - Data transformation complete
[ 2026-05-26 20:43:15,386] 49 root - INFO - Started Regular Expression mapping
[ 2026-05-26 20:43:15,386] 174 root - INFO - Data transformation complete
[ 2026-05-26 20:43:15,386] 49 root - INFO - Started Regular Expression mapping
[ 2026-05-26 20:43:15,386] 174 root - INFO - Data transformation complete
[ 2026-05-26 20:43:15,386] 49 root - INFO - Started Regular Expression mapping
[ 2026-05-26 20:43:15,386] 25 root - INFO - Match heuristic business names to paybill payments
[ 2026-05-26 20:43:15,386] 174 root - INFO - Data transformation complete
[ 2026-05-26 20:43:15,387] 49 root - INFO - Started Regular Expression mapping
[ 2026-05-26 20:43:15,387] 174 root - INFO - Data transformation complete
[ 2026-05-26 20:43:15,387] 49 root - INFO - Started Regular Expression mapping
[ 2026-05-26 20:43:15,387] 174 root - INFO - Data transformation complete
[ 2026-05-26 20:43:15,387] 49 root - INFO - Started Regular Expression mapping
[ 2026-05-26 20:43:15,388] 174 root - INFO - Data transformation complete
[ 2026-05-26 20:43:15,388] 49 root - INFO - Started Regular Expression mapping
[ 2026-05-26 20:43:15,388] 174 root - INFO - Data transformation complete
[ 2026-05-26 20:43:15,388] 49 root - INFO - Started Regular Expression mapping
[ 2026-05-26 20:43:15,389] 174 root - INFO - Data transformation complete
[ 2026-05-26 20:43:15,389] 49 root - INFO - Started Regular Expression mapping
[ 2026-05-26 20:43:15,389] 174 root - INFO - Data transformation complete
[ 2026-05-26 20:43:15,389] 49 root - INFO - Started Regular Expression mapping
[ 2026-05-26 20:43:15,389] 25 root - INFO - Match heuristic business names to paybill payments
[ 2026-05-26 20:43:15,389] 174 root - INFO - Data transformation complete
[ 2026-05-26 20:43:15,389] 49 root - INFO - Started Regular Expression mapping
[ 2026-05-26 20:43:15,390] 174 root - INFO - Data transformation complete
[ 2026-05-26 20:43:15,390] 49 root - INFO - Started Regular Expression mapping
[ 2026-05-26 20:43:15,390] 174 root - INFO - Data transformation complete
[ 2026-05-26 20:43:15,390] 49 root - INFO - Started Regular Expression mapping
[ 2026-05-26 20:43:15,390] 174 root - INFO - Data transformation complete
[ 2026-05-26 20:43:15,390] 49 root - INFO - Started Regular Expression mapping
[ 2026-05-26 20:43:15,390] 174 root - INFO - Data transformation complete
[ 2026-05-26 20:43:15,391] 49 root - INFO - Started Regular Expression mapping
[ 2026-05-26 20:43:15,391] 174 root - INFO - Data transformation complete
[ 2026-05-26 20:43:15,391] 49 root - INFO - Started Regular Expression mapping
[ 2026-05-26 20:43:15,391] 174 root - INFO - Data transformation complete
[ 2026-05-26 20:43:15,391] 49 root - INFO - Started Regular Expression mapping
[ 2026-05-26 20:43:15,391] 174 root - INFO - Data transformation complete
[ 2026-05-26 20:43:15,391] 49 root - INFO - Started Regular Expression mapping
[ 2026-05-26 20:43:15,392] 174 root - INFO - Data transformation complete
[ 2026-05-26 20:43:15,392] 49 root - INFO - Started Regular Expression mapping
[ 2026-05-26 20:43:15,392] 174 root - INFO - Data transformation complete
[ 2026-05-26 20:43:15,392] 49 root - INFO - Started Regular Expression mapping
[ 2026-05-26 20:43:15,392] 174 root - INFO - Data transformation complete
[ 2026-05-26 20:43:15,392] 49 root - INFO - Started Regular Expression mapping
[ 2026-05-26 20:43:15,393] 174 root - INFO - Data transformation complete
[ 2026-05-26 20:43:15,393] 49 root - INFO - Started Regular Expression mapping
[ 2026-05-26 20:43:15,393] 25 root - INFO - Match heuristic business names to paybill payments
[ 2026-05-26 20:43:15,394] 174 root - INFO - Data transformation complete
[ 2026-05-26 20:43:15,394] 49 root - INFO - Started Regular Expression mapping
[ 2026-05-26 20:43:15,394] 174 root - INFO - Data transformation complete
[ 2026-05-26 20:43:15,394] 49 root - INFO - Started Regular Expression mapping
[ 2026-05-26 20:43:15,394] 174 root - INFO - Data transformation complete
[ 2026-05-26 20:43:15,394] 49 root - INFO - Started Regular Expression mapping
[ 2026-05-26 20:43:15,394] 174 root - INFO - Data transformation complete
[ 2026-05-26 20:43:15,394] 49 root - INFO - Started Regular Expression mapping
[ 2026-05-26 20:43:15,394] 174 root - INFO - Data transformation complete
[ 2026-05-26 20:43:15,394] 49 root - INFO - Started Regular Expression mapping
[ 2026-05-26 20:43:15,395] 174 root - INFO - Data transformation complete
[ 2026-05-26 20:43:15,395] 49 root - INFO - Started Regular Expression mapping
[ 2026-05-26 20:43:15,395] 174 root - INFO - Data transformation complete
[ 2026-05-26 20:43:15,395] 49 root - INFO - Started Regular Expression mapping
[ 2026-05-26 20:43:15,396] 174 root - INFO - Data transformation complete
[ 2026-05-26 20:43:15,396] 49 root - INFO - Started Regular Expression mapping
[ 2026-05-26 20:43:15,396] 174 root - INFO - Data transformation complete
[ 2026-05-26 20:43:15,396] 49 root - INFO - Started Regular Expression mapping
[ 2026-05-26 20:43:15,397] 174 root - INFO - Data transformation complete
[ 2026-05-26 20:43:15,397] 49 root - INFO - Started Regular Expression mapping
[ 2026-05-26 20:43:15,397] 174 root - INFO - Data transformation complete
[ 2026-05-26 20:43:15,397] 49 root - INFO - Started Regular Expression mapping
[ 2026-05-26 20:43:15,397] 174 root - INFO - Data transformation complete
[ 2026-05-26 20:43:15,398] 49 root - INFO - Started Regular Expression mapping
[ 2026-05-26 20:43:15,398] 174 root - INFO - Data transformation complete
[ 2026-05-26 20:43:15,398] 49 root - INFO - Started Regular Expression mapping
[ 2026-05-26 20:43:15,398] 174 root - INFO - Data transformation complete
[ 2026-05-26 20:43:15,398] 49 root - INFO - Started Regular Expression mapping
[ 2026-05-26 20:43:15,398] 174 root - INFO - Data transformation complete
[ 2026-05-26 20:43:15,398] 49 root - INFO - Started Regular Expression mapping
[ 2026-05-26 20:43:15,399] 174 root - INFO - Data transformation complete
[ 2026-05-26 20:43:15,399] 49 root - INFO - Started Regular Expression mapping
[ 2026-05-26 20:43:15,399] 174 root - INFO - Data transformation complete
[ 2026-05-26 20:43:15,399] 49 root - INFO - Started Regular Expression mapping
[ 2026-05-26 20:43:15,399] 174 root - INFO - Data transformation complete
[ 2026-05-26 20:43:15,399] 49 root - INFO - Started Regular Expression mapping
[ 2026-05-26 20:43:15,400] 174 root - INFO - Data transformation complete
[ 2026-05-26 20:43:15,400] 49 root - INFO - Started Regular Expression mapping
[ 2026-05-26 20:43:15,400] 174 root - INFO - Data transformation complete
[ 2026-05-26 20:43:15,400] 49 root - INFO - Started Regular Expression mapping
[ 2026-05-26 20:43:15,400] 174 root - INFO - Data transformation complete
[ 2026-05-26 20:43:15,400] 49 root - INFO - Started Regular Expression mapping
[ 2026-05-26 20:43:15,400] 174 root - INFO - Data transformation complete
[ 2026-05-26 20:43:15,401] 49 root - INFO - Started Regular Expression mapping
[ 2026-05-26 20:43:15,401] 174 root - INFO - Data transformation complete
[ 2026-05-26 20:43:15,401] 49 root - INFO - Started Regular Expression mapping
[ 2026-05-26 20:43:15,401] 174 root - INFO - Data transformation complete
[ 2026-05-26 20:43:15,401] 49 root - INFO - Started Regular Expression mapping
[ 2026-05-26 20:43:15,401] 174 root - INFO - Data transformation complete
[ 2026-05-26 20:43:15,402] 49 root - INFO - Started Regular Expression mapping
[ 2026-05-26 20:43:15,402] 174 root - INFO - Data transformation complete
[ 2026-05-26 20:43:15,402] 49 root - INFO - Started Regular Expression mapping
[ 2026-05-26 20:43:15,402] 174 root - INFO - Data transformation complete
[ 2026-05-26 20:43:15,402] 49 root - INFO - Started Regular Expression mapping
[ 2026-05-26 20:43:15,402] 174 root - INFO - Data transformation complete
[ 2026-05-26 20:43:15,402] 49 root - INFO - Started Regular Expression mapping
[ 2026-05-26 20:43:15,403] 174 root - INFO - Data transformation complete
[ 2026-05-26 20:43:15,403] 49 root - INFO - Started Regular Expression mapping
[ 2026-05-26 20:43:15,403] 174 root - INFO - Data transformation complete
[ 2026-05-26 20:43:15,403] 49 root - INFO - Started Regular Expression mapping
[ 2026-05-26 20:43:15,403] 174 root - INFO - Data transformation complete
[ 2026-05-26 20:43:15,403] 49 root - INFO - Started Regular Expression mapping
[ 2026-05-26 20:43:15,404] 174 root - INFO - Data transformation complete
[ 2026-05-26 20:43:15,404] 49 root - INFO - Started Regular Expression mapping
[ 2026-05-26 20:43:15,404] 174 root - INFO - Data transformation complete
[ 2026-05-26 20:43:15,404] 49 root - INFO - Started Regular Expression mapping
[ 2026-05-26 20:43:15,404] 174 root - INFO - Data transformation complete
[ 2026-05-26 20:43:15,404] 49 root - INFO - Started Regular Expression mapping
[ 2026-05-26 20:43:15,404] 174 root - INFO - Data transformation complete
[ 2026-05-26 20:43:15,404] 49 root - INFO - Started Regular Expression mapping
[ 2026-05-26 20:43:15,405] 174 root - INFO - Data transformation complete
[ 2026-05-26 20:43:15,405] 49 root - INFO - Started Regular Expression mapping
[ 2026-05-26 20:43:15,405] 174 root - INFO - Data transformation complete
[ 2026-05-26 20:43:15,406] 49 root - INFO - Started Regular Expression mapping
[ 2026-05-26 20:43:15,406] 174 root - INFO - Data transformation complete
[ 2026-05-26 20:43:15,407] 49 root - INFO - Started Regular Expression mapping
[ 2026-05-26 20:43:15,407] 174 root - INFO - Data transformation complete
[ 2026-05-26 20:43:15,407] 49 root - INFO - Started Regular Expression mapping
[ 2026-05-26 20:43:15,407] 174 root - INFO - Data transformation complete
[ 2026-05-26 20:43:15,408] 49 root - INFO - Started Regular Expression mapping
[ 2026-05-26 20:43:15,408] 174 root - INFO - Data transformation complete
[ 2026-05-26 20:43:15,408] 49 root - INFO - Started Regular Expression mapping
[ 2026-05-26 20:43:15,409] 25 root - INFO - Match heuristic business names to paybill payments
[ 2026-05-26 20:43:15,409] 174 root - INFO - Data transformation complete
[ 2026-05-26 20:43:15,409] 49 root - INFO - Started Regular Expression mapping
[ 2026-05-26 20:43:15,409] 174 root - INFO - Data transformation complete
[ 2026-05-26 20:43:15,409] 49 root - INFO - Started Regular Expression mapping
[ 2026-05-26 20:43:15,410] 25 root - INFO - Match heuristic business names to paybill payments
[ 2026-05-26 20:43:15,410] 174 root - INFO - Data transformation complete
[ 2026-05-26 20:43:15,410] 49 root - INFO - Started Regular Expression mapping
[ 2026-05-26 20:43:15,410] 174 root - INFO - Data transformation complete
[ 2026-05-26 20:43:15,410] 49 root - INFO - Started Regular Expression mapping
[ 2026-05-26 20:43:15,410] 174 root - INFO - Data transformation complete
[ 2026-05-26 20:43:15,411] 49 root - INFO - Started Regular Expression mapping
[ 2026-05-26 20:43:15,411] 174 root - INFO - Data transformation complete
[ 2026-05-26 20:43:15,411] 49 root - INFO - Started Regular Expression mapping
[ 2026-05-26 20:43:15,411] 25 root - INFO - Match heuristic business names to paybill payments
[ 2026-05-26 20:43:15,411] 174 root - INFO - Data transformation complete
[ 2026-05-26 20:43:15,411] 49 root - INFO - Started Regular Expression mapping
[ 2026-05-26 20:43:15,411] 25 root - INFO - Match heuristic business names to paybill payments
[ 2026-05-26 20:43:15,412] 174 root - INFO - Data transformation complete
[ 2026-05-26 20:43:15,412] 49 root - INFO - Started Regular Expression mapping
[ 2026-05-26 20:43:15,412] 174 root - INFO - Data transformation complete
[ 2026-05-26 20:43:15,412] 49 root - INFO - Started Regular Expression mapping
[ 2026-05-26 20:43:15,412] 174 root - INFO - Data transformation complete
[ 2026-05-26 20:43:15,412] 49 root - INFO - Started Regular Expression mapping
[ 2026-05-26 20:43:15,412] 174 root - INFO - Data transformation complete
[ 2026-05-26 20:43:15,413] 49 root - INFO - Started Regular Expression mapping
[ 2026-05-26 20:43:15,413] 174 root - INFO - Data transformation complete
[ 2026-05-26 20:43:15,413] 49 root - INFO - Started Regular Expression mapping
[ 2026-05-26 20:43:15,413] 174 root - INFO - Data transformation complete
[ 2026-05-26 20:43:15,413] 49 root - INFO - Started Regular Expression mapping
[ 2026-05-26 20:43:15,413] 174 root - INFO - Data transformation complete
[ 2026-05-26 20:43:15,414] 49 root - INFO - Started Regular Expression mapping
[ 2026-05-26 20:43:15,414] 174 root - INFO - Data transformation complete
[ 2026-05-26 20:43:15,414] 49 root - INFO - Started Regular Expression mapping
[ 2026-05-26 20:43:15,414] 174 root - INFO - Data transformation complete
[ 2026-05-26 20:43:15,414] 49 root - INFO - Started Regular Expression mapping
[ 2026-05-26 20:43:15,414] 174 root - INFO - Data transformation complete
[ 2026-05-26 20:43:15,414] 49 root - INFO - Started Regular Expression mapping
[ 2026-05-26 20:43:15,414] 174 root - INFO - Data transformation complete
[ 2026-05-26 20:43:15,414] 49 root - INFO - Started Regular Expression mapping
[ 2026-05-26 20:43:15,414] 174 root - INFO - Data transformation complete
[ 2026-05-26 20:43:15,415] 49 root - INFO - Started Regular Expression mapping
[ 2026-05-26 20:43:15,415] 174 root - INFO - Data transformation complete
[ 2026-05-26 20:43:15,415] 49 root - INFO - Started Regular Expression mapping
[ 2026-05-26 20:43:15,416] 174 root - INFO - Data transformation complete
[ 2026-05-26 20:43:15,416] 49 root - INFO - Started Regular Expression mapping
[ 2026-05-26 20:43:15,416] 174 root - INFO - Data transformation complete
[ 2026-05-26 20:43:15,416] 49 root - INFO - Started Regular Expression mapping
[ 2026-05-26 20:43:15,416] 174 root - INFO - Data transformation complete
[ 2026-05-26 20:43:15,416] 49 root - INFO - Started Regular Expression mapping
[ 2026-05-26 20:43:15,416] 174 root - INFO - Data transformation complete
[ 2026-05-26 20:43:15,417] 49 root - INFO - Started Regular Expression mapping
[ 2026-05-26 20:43:15,417] 174 root - INFO - Data transformation complete
[ 2026-05-26 20:43:15,417] 49 root - INFO - Started Regular Expression mapping
[ 2026-05-26 20:43:15,417] 174 root - INFO - Data transformation complete
[ 2026-05-26 20:43:15,417] 49 root - INFO - Started Regular Expression mapping
[ 2026-05-26 20:43:15,417] 174 root - INFO - Data transformation complete
[ 2026-05-26 20:43:15,417] 49 root - INFO - Started Regular Expression mapping
[ 2026-05-26 20:43:15,418] 25 root - INFO - Match heuristic business names to paybill payments
[ 2026-05-26 20:43:15,418] 174 root - INFO - Data transformation complete
[ 2026-05-26 20:43:15,418] 49 root - INFO - Started Regular Expression mapping
[ 2026-05-26 20:43:15,418] 25 root - INFO - Match heuristic business names to paybill payments
[ 2026-05-26 20:43:15,418] 174 root - INFO - Data transformation complete
[ 2026-05-26 20:43:15,418] 49 root - INFO - Started Regular Expression mapping
[ 2026-05-26 20:43:15,419] 174 root - INFO - Data transformation complete
[ 2026-05-26 20:43:15,419] 49 root - INFO - Started Regular Expression mapping
[ 2026-05-26 20:43:15,419] 174 root - INFO - Data transformation complete
[ 2026-05-26 20:43:15,419] 49 root - INFO - Started Regular Expression mapping
[ 2026-05-26 20:43:15,419] 174 root - INFO - Data transformation complete
[ 2026-05-26 20:43:15,419] 49 root - INFO - Started Regular Expression mapping
[ 2026-05-26 20:43:15,419] 174 root - INFO - Data transformation complete
[ 2026-05-26 20:43:15,420] 49 root - INFO - Started Regular Expression mapping
[ 2026-05-26 20:43:15,420] 174 root - INFO - Data transformation complete
[ 2026-05-26 20:43:15,420] 49 root - INFO - Started Regular Expression mapping
[ 2026-05-26 20:43:15,420] 174 root - INFO - Data transformation complete
[ 2026-05-26 20:43:15,420] 49 root - INFO - Started Regular Expression mapping
[ 2026-05-26 20:43:15,420] 174 root - INFO - Data transformation complete
[ 2026-05-26 20:43:15,420] 49 root - INFO - Started Regular Expression mapping
[ 2026-05-26 20:43:15,420] 174 root - INFO - Data transformation complete
[ 2026-05-26 20:43:15,421] 49 root - INFO - Started Regular Expression mapping
[ 2026-05-26 20:43:15,421] 174 root - INFO - Data transformation complete
[ 2026-05-26 20:43:15,421] 49 root - INFO - Started Regular Expression mapping
[ 2026-05-26 20:43:15,421] 174 root - INFO - Data transformation complete
[ 2026-05-26 20:43:15,421] 49 root - INFO - Started Regular Expression mapping
[ 2026-05-26 20:43:15,422] 174 root - INFO - Data transformation complete
[ 2026-05-26 20:43:15,422] 49 root - INFO - Started Regular Expression mapping
[ 2026-05-26 20:43:15,422] 174 root - INFO - Data transformation complete
[ 2026-05-26 20:43:15,422] 49 root - INFO - Started Regular Expression mapping
[ 2026-05-26 20:43:15,422] 174 root - INFO - Data transformation complete
[ 2026-05-26 20:43:15,422] 49 root - INFO - Started Regular Expression mapping
[ 2026-05-26 20:43:15,423] 174 root - INFO - Data transformation complete
[ 2026-05-26 20:43:15,423] 49 root - INFO - Started Regular Expression mapping
[ 2026-05-26 20:43:15,423] 174 root - INFO - Data transformation complete
[ 2026-05-26 20:43:15,423] 49 root - INFO - Started Regular Expression mapping
[ 2026-05-26 20:43:15,423] 174 root - INFO - Data transformation complete
[ 2026-05-26 20:43:15,423] 49 root - INFO - Started Regular Expression mapping
[ 2026-05-26 20:43:15,424] 174 root - INFO - Data transformation complete
[ 2026-05-26 20:43:15,424] 49 root - INFO - Started Regular Expression mapping
[ 2026-05-26 20:43:15,424] 174 root - INFO - Data transformation complete
[ 2026-05-26 20:43:15,424] 49 root - INFO - Started Regular Expression mapping
[ 2026-05-26 20:43:15,425] 174 root - INFO - Data transformation complete
[ 2026-05-26 20:43:15,425] 49 root - INFO - Started Regular Expression mapping
[ 2026-05-26 20:43:15,425] 174 root - INFO - Data transformation complete
[ 2026-05-26 20:43:15,426] 49 root - INFO - Started Regular Expression mapping
[ 2026-05-26 20:43:15,426] 174 root - INFO - Data transformation complete
[ 2026-05-26 20:43:15,426] 49 root - INFO - Started Regular Expression mapping
[ 2026-05-26 20:43:15,426] 174 root - INFO - Data transformation complete
[ 2026-05-26 20:43:15,426] 49 root - INFO - Started Regular Expression mapping
[ 2026-05-26 20:43:15,426] 174 root - INFO - Data transformation complete
[ 2026-05-26 20:43:15,426] 49 root - INFO - Started Regular Expression mapping
[ 2026-05-26 20:43:15,426] 174 root - INFO - Data transformation complete
[ 2026-05-26 20:43:15,427] 49 root - INFO - Started Regular Expression mapping
[ 2026-05-26 20:43:15,427] 174 root - INFO - Data transformation complete
[ 2026-05-26 20:43:15,427] 49 root - INFO - Started Regular Expression mapping
[ 2026-05-26 20:43:15,428] 25 root - INFO - Match heuristic business names to paybill payments
[ 2026-05-26 20:43:15,428] 174 root - INFO - Data transformation complete
[ 2026-05-26 20:43:15,428] 49 root - INFO - Started Regular Expression mapping
[ 2026-05-26 20:43:15,428] 174 root - INFO - Data transformation complete
[ 2026-05-26 20:43:15,428] 49 root - INFO - Started Regular Expression mapping
[ 2026-05-26 20:43:15,428] 25 root - INFO - Match heuristic business names to paybill payments
[ 2026-05-26 20:43:15,429] 174 root - INFO - Data transformation complete
[ 2026-05-26 20:43:15,429] 49 root - INFO - Started Regular Expression mapping
[ 2026-05-26 20:43:15,429] 174 root - INFO - Data transformation complete
[ 2026-05-26 20:43:15,429] 49 root - INFO - Started Regular Expression mapping
[ 2026-05-26 20:43:15,429] 174 root - INFO - Data transformation complete
[ 2026-05-26 20:43:15,429] 49 root - INFO - Started Regular Expression mapping
[ 2026-05-26 20:43:15,430] 174 root - INFO - Data transformation complete
[ 2026-05-26 20:43:15,430] 49 root - INFO - Started Regular Expression mapping
[ 2026-05-26 20:43:15,430] 174 root - INFO - Data transformation complete
[ 2026-05-26 20:43:15,430] 49 root - INFO - Started Regular Expression mapping
[ 2026-05-26 20:43:15,430] 174 root - INFO - Data transformation complete
[ 2026-05-26 20:43:15,430] 49 root - INFO - Started Regular Expression mapping
[ 2026-05-26 20:43:15,431] 25 root - INFO - Match heuristic business names to paybill payments
[ 2026-05-26 20:43:15,431] 174 root - INFO - Data transformation complete
[ 2026-05-26 20:43:15,431] 49 root - INFO - Started Regular Expression mapping
[ 2026-05-26 20:43:15,431] 174 root - INFO - Data transformation complete
[ 2026-05-26 20:43:15,431] 49 root - INFO - Started Regular Expression mapping
[ 2026-05-26 20:43:15,431] 174 root - INFO - Data transformation complete
[ 2026-05-26 20:43:15,431] 49 root - INFO - Started Regular Expression mapping
[ 2026-05-26 20:43:15,432] 174 root - INFO - Data transformation complete
[ 2026-05-26 20:43:15,432] 49 root - INFO - Started Regular Expression mapping
[ 2026-05-26 20:43:15,432] 174 root - INFO - Data transformation complete
[ 2026-05-26 20:43:15,432] 49 root - INFO - Started Regular Expression mapping
[ 2026-05-26 20:43:15,432] 174 root - INFO - Data transformation complete
[ 2026-05-26 20:43:15,432] 49 root - INFO - Started Regular Expression mapping
[ 2026-05-26 20:43:15,433] 174 root - INFO - Data transformation complete
[ 2026-05-26 20:43:15,433] 49 root - INFO - Started Regular Expression mapping
[ 2026-05-26 20:43:15,433] 174 root - INFO - Data transformation complete
[ 2026-05-26 20:43:15,433] 49 root - INFO - Started Regular Expression mapping
[ 2026-05-26 20:43:15,433] 174 root - INFO - Data transformation complete
[ 2026-05-26 20:43:15,433] 49 root - INFO - Started Regular Expression mapping
[ 2026-05-26 20:43:15,434] 25 root - INFO - Match heuristic business names to paybill payments
[ 2026-05-26 20:43:15,434] 174 root - INFO - Data transformation complete
[ 2026-05-26 20:43:15,434] 49 root - INFO - Started Regular Expression mapping
[ 2026-05-26 20:43:15,434] 174 root - INFO - Data transformation complete
[ 2026-05-26 20:43:15,434] 49 root - INFO - Started Regular Expression mapping
[ 2026-05-26 20:43:15,434] 174 root - INFO - Data transformation complete
[ 2026-05-26 20:43:15,434] 49 root - INFO - Started Regular Expression mapping
[ 2026-05-26 20:43:15,434] 174 root - INFO - Data transformation complete
[ 2026-05-26 20:43:15,434] 49 root - INFO - Started Regular Expression mapping
[ 2026-05-26 20:43:15,434] 174 root - INFO - Data transformation complete
[ 2026-05-26 20:43:15,434] 49 root - INFO - Started Regular Expression mapping
[ 2026-05-26 20:43:15,435] 174 root - INFO - Data transformation complete
[ 2026-05-26 20:43:15,435] 49 root - INFO - Started Regular Expression mapping
[ 2026-05-26 20:43:15,435] 174 root - INFO - Data transformation complete
[ 2026-05-26 20:43:15,436] 49 root - INFO - Started Regular Expression mapping
[ 2026-05-26 20:43:15,436] 174 root - INFO - Data transformation complete
[ 2026-05-26 20:43:15,436] 49 root - INFO - Started Regular Expression mapping
[ 2026-05-26 20:43:15,436] 174 root - INFO - Data transformation complete
[ 2026-05-26 20:43:15,436] 49 root - INFO - Started Regular Expression mapping
[ 2026-05-26 20:43:15,436] 25 root - INFO - Match heuristic business names to paybill payments
[ 2026-05-26 20:43:15,436] 174 root - INFO - Data transformation complete
[ 2026-05-26 20:43:15,437] 49 root - INFO - Started Regular Expression mapping
[ 2026-05-26 20:43:15,437] 174 root - INFO - Data transformation complete
[ 2026-05-26 20:43:15,437] 49 root - INFO - Started Regular Expression mapping
[ 2026-05-26 20:43:15,437] 174 root - INFO - Data transformation complete
[ 2026-05-26 20:43:15,437] 49 root - INFO - Started Regular Expression mapping
[ 2026-05-26 20:43:15,437] 174 root - INFO - Data transformation complete
[ 2026-05-26 20:43:15,437] 49 root - INFO - Started Regular Expression mapping
[ 2026-05-26 20:43:15,438] 174 root - INFO - Data transformation complete
[ 2026-05-26 20:43:15,438] 49 root - INFO - Started Regular Expression mapping
[ 2026-05-26 20:43:15,438] 174 root - INFO - Data transformation complete
[ 2026-05-26 20:43:15,438] 49 root - INFO - Started Regular Expression mapping
[ 2026-05-26 20:43:15,438] 174 root - INFO - Data transformation complete
[ 2026-05-26 20:43:15,438] 49 root - INFO - Started Regular Expression mapping
[ 2026-05-26 20:43:15,439] 174 root - INFO - Data transformation complete
[ 2026-05-26 20:43:15,439] 49 root - INFO - Started Regular Expression mapping
[ 2026-05-26 20:43:15,439] 174 root - INFO - Data transformation complete
[ 2026-05-26 20:43:15,440] 49 root - INFO - Started Regular Expression mapping
[ 2026-05-26 20:43:15,440] 25 root - INFO - Match heuristic business names to paybill payments
[ 2026-05-26 20:43:15,440] 174 root - INFO - Data transformation complete
[ 2026-05-26 20:43:15,440] 49 root - INFO - Started Regular Expression mapping
[ 2026-05-26 20:43:15,440] 174 root - INFO - Data transformation complete
[ 2026-05-26 20:43:15,440] 49 root - INFO - Started Regular Expression mapping
[ 2026-05-26 20:43:15,440] 174 root - INFO - Data transformation complete
[ 2026-05-26 20:43:15,441] 49 root - INFO - Started Regular Expression mapping
[ 2026-05-26 20:43:15,441] 174 root - INFO - Data transformation complete
[ 2026-05-26 20:43:15,441] 49 root - INFO - Started Regular Expression mapping
[ 2026-05-26 20:43:15,441] 174 root - INFO - Data transformation complete
[ 2026-05-26 20:43:15,441] 49 root - INFO - Started Regular Expression mapping
[ 2026-05-26 20:43:15,441] 174 root - INFO - Data transformation complete
[ 2026-05-26 20:43:15,441] 49 root - INFO - Started Regular Expression mapping
[ 2026-05-26 20:43:15,442] 174 root - INFO - Data transformation complete
[ 2026-05-26 20:43:15,442] 49 root - INFO - Started Regular Expression mapping
[ 2026-05-26 20:43:15,442] 174 root - INFO - Data transformation complete
[ 2026-05-26 20:43:15,442] 49 root - INFO - Started Regular Expression mapping
[ 2026-05-26 20:43:15,442] 174 root - INFO - Data transformation complete
[ 2026-05-26 20:43:15,442] 49 root - INFO - Started Regular Expression mapping
[ 2026-05-26 20:43:15,443] 174 root - INFO - Data transformation complete
[ 2026-05-26 20:43:15,443] 49 root - INFO - Started Regular Expression mapping
[ 2026-05-26 20:43:15,443] 174 root - INFO - Data transformation complete
[ 2026-05-26 20:43:15,443] 49 root - INFO - Started Regular Expression mapping
[ 2026-05-26 20:43:15,443] 174 root - INFO - Data transformation complete
[ 2026-05-26 20:43:15,443] 49 root - INFO - Started Regular Expression mapping
[ 2026-05-26 20:43:15,444] 174 root - INFO - Data transformation complete
[ 2026-05-26 20:43:15,444] 49 root - INFO - Started Regular Expression mapping
[ 2026-05-26 20:43:15,444] 174 root - INFO - Data transformation complete
[ 2026-05-26 20:43:15,444] 49 root - INFO - Started Regular Expression mapping
[ 2026-05-26 20:43:15,444] 174 root - INFO - Data transformation complete
[ 2026-05-26 20:43:15,444] 49 root - INFO - Started Regular Expression mapping
[ 2026-05-26 20:43:15,445] 174 root - INFO - Data transformation complete
[ 2026-05-26 20:43:15,445] 49 root - INFO - Started Regular Expression mapping
[ 2026-05-26 20:43:15,445] 174 root - INFO - Data transformation complete
[ 2026-05-26 20:43:15,445] 49 root - INFO - Started Regular Expression mapping
[ 2026-05-26 20:43:15,446] 174 root - INFO - Data transformation complete
[ 2026-05-26 20:43:15,446] 49 root - INFO - Started Regular Expression mapping
[ 2026-05-26 20:43:15,446] 174 root - INFO - Data transformation complete
[ 2026-05-26 20:43:15,446] 49 root - INFO - Started Regular Expression mapping
[ 2026-05-26 20:43:15,446] 174 root - INFO - Data transformation complete
[ 2026-05-26 20:43:15,446] 49 root - INFO - Started Regular Expression mapping
[ 2026-05-26 20:43:15,446] 174 root - INFO - Data transformation complete
[ 2026-05-26 20:43:15,446] 49 root - INFO - Started Regular Expression mapping
[ 2026-05-26 20:43:15,446] 25 root - INFO - Match heuristic business names to paybill payments
[ 2026-05-26 20:43:15,447] 174 root - INFO - Data transformation complete
[ 2026-05-26 20:43:15,447] 49 root - INFO - Started Regular Expression mapping
[ 2026-05-26 20:43:15,448] 174 root - INFO - Data transformation complete
[ 2026-05-26 20:43:15,448] 49 root - INFO - Started Regular Expression mapping
[ 2026-05-26 20:43:15,448] 174 root - INFO - Data transformation complete
[ 2026-05-26 20:43:15,448] 49 root - INFO - Started Regular Expression mapping
[ 2026-05-26 20:43:15,448] 174 root - INFO - Data transformation complete
[ 2026-05-26 20:43:15,448] 49 root - INFO - Started Regular Expression mapping
[ 2026-05-26 20:43:15,448] 174 root - INFO - Data transformation complete
[ 2026-05-26 20:43:15,449] 49 root - INFO - Started Regular Expression mapping
[ 2026-05-26 20:43:15,449] 174 root - INFO - Data transformation complete
[ 2026-05-26 20:43:15,449] 49 root - INFO - Started Regular Expression mapping
[ 2026-05-26 20:43:15,449] 174 root - INFO - Data transformation complete
[ 2026-05-26 20:43:15,449] 49 root - INFO - Started Regular Expression mapping
[ 2026-05-26 20:43:15,449] 174 root - INFO - Data transformation complete
[ 2026-05-26 20:43:15,449] 49 root - INFO - Started Regular Expression mapping
[ 2026-05-26 20:43:15,450] 174 root - INFO - Data transformation complete
[ 2026-05-26 20:43:15,450] 49 root - INFO - Started Regular Expression mapping
[ 2026-05-26 20:43:15,450] 25 root - INFO - Match heuristic business names to paybill payments
[ 2026-05-26 20:43:15,450] 174 root - INFO - Data transformation complete
[ 2026-05-26 20:43:15,450] 49 root - INFO - Started Regular Expression mapping
[ 2026-05-26 20:43:15,450] 174 root - INFO - Data transformation complete
[ 2026-05-26 20:43:15,451] 49 root - INFO - Started Regular Expression mapping
[ 2026-05-26 20:43:15,451] 174 root - INFO - Data transformation complete
[ 2026-05-26 20:43:15,451] 49 root - INFO - Started Regular Expression mapping
[ 2026-05-26 20:43:15,451] 174 root - INFO - Data transformation complete
[ 2026-05-26 20:43:15,451] 49 root - INFO - Started Regular Expression mapping
[ 2026-05-26 20:43:15,451] 174 root - INFO - Data transformation complete
[ 2026-05-26 20:43:15,451] 49 root - INFO - Started Regular Expression mapping
[ 2026-05-26 20:43:15,452] 174 root - INFO - Data transformation complete
[ 2026-05-26 20:43:15,452] 49 root - INFO - Started Regular Expression mapping
[ 2026-05-26 20:43:15,452] 174 root - INFO - Data transformation complete
[ 2026-05-26 20:43:15,452] 49 root - INFO - Started Regular Expression mapping
[ 2026-05-26 20:43:15,452] 174 root - INFO - Data transformation complete
[ 2026-05-26 20:43:15,452] 49 root - INFO - Started Regular Expression mapping
[ 2026-05-26 20:43:15,453] 174 root - INFO - Data transformation complete
[ 2026-05-26 20:43:15,453] 49 root - INFO - Started Regular Expression mapping
[ 2026-05-26 20:43:15,453] 174 root - INFO - Data transformation complete
[ 2026-05-26 20:43:15,453] 49 root - INFO - Started Regular Expression mapping
[ 2026-05-26 20:43:15,453] 174 root - INFO - Data transformation complete
[ 2026-05-26 20:43:15,453] 49 root - INFO - Started Regular Expression mapping
[ 2026-05-26 20:43:15,453] 174 root - INFO - Data transformation complete
[ 2026-05-26 20:43:15,454] 49 root - INFO - Started Regular Expression mapping
[ 2026-05-26 20:43:15,454] 174 root - INFO - Data transformation complete
[ 2026-05-26 20:43:15,454] 49 root - INFO - Started Regular Expression mapping
[ 2026-05-26 20:43:15,454] 174 root - INFO - Data transformation complete
[ 2026-05-26 20:43:15,454] 49 root - INFO - Started Regular Expression mapping
[ 2026-05-26 20:43:15,454] 174 root - INFO - Data transformation complete
[ 2026-05-26 20:43:15,454] 49 root - INFO - Started Regular Expression mapping
[ 2026-05-26 20:43:15,454] 174 root - INFO - Data transformation complete
[ 2026-05-26 20:43:15,454] 49 root - INFO - Started Regular Expression mapping
[ 2026-05-26 20:43:15,454] 174 root - INFO - Data transformation complete
[ 2026-05-26 20:43:15,455] 49 root - INFO - Started Regular Expression mapping
[ 2026-05-26 20:43:15,455] 174 root - INFO - Data transformation complete
[ 2026-05-26 20:43:15,455] 49 root - INFO - Started Regular Expression mapping
[ 2026-05-26 20:43:15,455] 174 root - INFO - Data transformation complete
[ 2026-05-26 20:43:15,455] 49 root - INFO - Started Regular Expression mapping
[ 2026-05-26 20:43:15,456] 174 root - INFO - Data transformation complete
[ 2026-05-26 20:43:15,456] 49 root - INFO - Started Regular Expression mapping
[ 2026-05-26 20:43:15,456] 25 root - INFO - Match heuristic business names to paybill payments
[ 2026-05-26 20:43:15,457] 174 root - INFO - Data transformation complete
[ 2026-05-26 20:43:15,457] 49 root - INFO - Started Regular Expression mapping
[ 2026-05-26 20:43:15,457] 174 root - INFO - Data transformation complete
[ 2026-05-26 20:43:15,457] 49 root - INFO - Started Regular Expression mapping
[ 2026-05-26 20:43:15,457] 174 root - INFO - Data transformation complete
[ 2026-05-26 20:43:15,457] 49 root - INFO - Started Regular Expression mapping
[ 2026-05-26 20:43:15,458] 174 root - INFO - Data transformation complete
[ 2026-05-26 20:43:15,458] 49 root - INFO - Started Regular Expression mapping
[ 2026-05-26 20:43:15,458] 174 root - INFO - Data transformation complete
[ 2026-05-26 20:43:15,458] 49 root - INFO - Started Regular Expression mapping
[ 2026-05-26 20:43:15,458] 174 root - INFO - Data transformation complete
[ 2026-05-26 20:43:15,458] 49 root - INFO - Started Regular Expression mapping
[ 2026-05-26 20:43:15,458] 174 root - INFO - Data transformation complete
[ 2026-05-26 20:43:15,459] 49 root - INFO - Started Regular Expression mapping
[ 2026-05-26 20:43:15,459] 174 root - INFO - Data transformation complete
[ 2026-05-26 20:43:15,459] 49 root - INFO - Started Regular Expression mapping
[ 2026-05-26 20:43:15,459] 174 root - INFO - Data transformation complete
[ 2026-05-26 20:43:15,459] 49 root - INFO - Started Regular Expression mapping
[ 2026-05-26 20:43:15,459] 174 root - INFO - Data transformation complete
[ 2026-05-26 20:43:15,460] 49 root - INFO - Started Regular Expression mapping
[ 2026-05-26 20:43:15,460] 174 root - INFO - Data transformation complete
[ 2026-05-26 20:43:15,460] 49 root - INFO - Started Regular Expression mapping
[ 2026-05-26 20:43:15,460] 174 root - INFO - Data transformation complete
[ 2026-05-26 20:43:15,460] 49 root - INFO - Started Regular Expression mapping
[ 2026-05-26 20:43:15,460] 174 root - INFO - Data transformation complete
[ 2026-05-26 20:43:15,460] 49 root - INFO - Started Regular Expression mapping
[ 2026-05-26 20:43:15,461] 174 root - INFO - Data transformation complete
[ 2026-05-26 20:43:15,461] 49 root - INFO - Started Regular Expression mapping
[ 2026-05-26 20:43:15,461] 174 root - INFO - Data transformation complete
[ 2026-05-26 20:43:15,461] 49 root - INFO - Started Regular Expression mapping
[ 2026-05-26 20:43:15,461] 174 root - INFO - Data transformation complete
[ 2026-05-26 20:43:15,461] 49 root - INFO - Started Regular Expression mapping
[ 2026-05-26 20:43:15,462] 174 root - INFO - Data transformation complete
[ 2026-05-26 20:43:15,462] 49 root - INFO - Started Regular Expression mapping
[ 2026-05-26 20:43:15,462] 25 root - INFO - Match heuristic business names to paybill payments
[ 2026-05-26 20:43:15,462] 174 root - INFO - Data transformation complete
[ 2026-05-26 20:43:15,462] 49 root - INFO - Started Regular Expression mapping
[ 2026-05-26 20:43:15,462] 174 root - INFO - Data transformation complete
[ 2026-05-26 20:43:15,462] 49 root - INFO - Started Regular Expression mapping
[ 2026-05-26 20:43:15,463] 174 root - INFO - Data transformation complete
[ 2026-05-26 20:43:15,463] 49 root - INFO - Started Regular Expression mapping
[ 2026-05-26 20:43:15,463] 174 root - INFO - Data transformation complete
[ 2026-05-26 20:43:15,463] 49 root - INFO - Started Regular Expression mapping
[ 2026-05-26 20:43:15,463] 174 root - INFO - Data transformation complete
[ 2026-05-26 20:43:15,463] 49 root - INFO - Started Regular Expression mapping
[ 2026-05-26 20:43:15,464] 174 root - INFO - Data transformation complete
[ 2026-05-26 20:43:15,464] 49 root - INFO - Started Regular Expression mapping
[ 2026-05-26 20:43:15,464] 174 root - INFO - Data transformation complete
[ 2026-05-26 20:43:15,464] 49 root - INFO - Started Regular Expression mapping
[ 2026-05-26 20:43:15,464] 174 root - INFO - Data transformation complete
[ 2026-05-26 20:43:15,464] 49 root - INFO - Started Regular Expression mapping
[ 2026-05-26 20:43:15,464] 174 root - INFO - Data transformation complete
[ 2026-05-26 20:43:15,464] 49 root - INFO - Started Regular Expression mapping
[ 2026-05-26 20:43:15,464] 25 root - INFO - Match heuristic business names to paybill payments
[ 2026-05-26 20:43:15,464] 174 root - INFO - Data transformation complete
[ 2026-05-26 20:43:15,464] 49 root - INFO - Started Regular Expression mapping
[ 2026-05-26 20:43:15,465] 174 root - INFO - Data transformation complete
[ 2026-05-26 20:43:15,465] 49 root - INFO - Started Regular Expression mapping
[ 2026-05-26 20:43:15,465] 174 root - INFO - Data transformation complete
[ 2026-05-26 20:43:15,465] 49 root - INFO - Started Regular Expression mapping
[ 2026-05-26 20:43:15,465] 174 root - INFO - Data transformation complete
[ 2026-05-26 20:43:15,465] 49 root - INFO - Started Regular Expression mapping
[ 2026-05-26 20:43:15,466] 174 root - INFO - Data transformation complete
[ 2026-05-26 20:43:15,466] 49 root - INFO - Started Regular Expression mapping
[ 2026-05-26 20:43:15,466] 174 root - INFO - Data transformation complete
[ 2026-05-26 20:43:15,466] 49 root - INFO - Started Regular Expression mapping
[ 2026-05-26 20:43:15,467] 174 root - INFO - Data transformation complete
[ 2026-05-26 20:43:15,467] 49 root - INFO - Started Regular Expression mapping
[ 2026-05-26 20:43:15,467] 174 root - INFO - Data transformation complete
[ 2026-05-26 20:43:15,467] 49 root - INFO - Started Regular Expression mapping
[ 2026-05-26 20:43:15,467] 174 root - INFO - Data transformation complete
[ 2026-05-26 20:43:15,468] 49 root - INFO - Started Regular Expression mapping
[ 2026-05-26 20:43:15,468] 174 root - INFO - Data transformation complete
[ 2026-05-26 20:43:15,468] 49 root - INFO - Started Regular Expression mapping
[ 2026-05-26 20:43:15,468] 174 root - INFO - Data transformation complete
[ 2026-05-26 20:43:15,468] 49 root - INFO - Started Regular Expression mapping
[ 2026-05-26 20:43:15,468] 174 root - INFO - Data transformation complete
[ 2026-05-26 20:43:15,468] 49 root - INFO - Started Regular Expression mapping
[ 2026-05-26 20:43:15,468] 174 root - INFO - Data transformation complete
[ 2026-05-26 20:43:15,468] 49 root - INFO - Started Regular Expression mapping
[ 2026-05-26 20:43:15,468] 174 root - INFO - Data transformation complete
[ 2026-05-26 20:43:15,469] 49 root - INFO - Started Regular Expression mapping
[ 2026-05-26 20:43:15,469] 174 root - INFO - Data transformation complete
[ 2026-05-26 20:43:15,469] 49 root - INFO - Started Regular Expression mapping
[ 2026-05-26 20:43:15,469] 174 root - INFO - Data transformation complete
[ 2026-05-26 20:43:15,469] 49 root - INFO - Started Regular Expression mapping
[ 2026-05-26 20:43:15,469] 174 root - INFO - Data transformation complete
[ 2026-05-26 20:43:15,469] 49 root - INFO - Started Regular Expression mapping
[ 2026-05-26 20:43:15,470] 174 root - INFO - Data transformation complete
[ 2026-05-26 20:43:15,470] 49 root - INFO - Started Regular Expression mapping
[ 2026-05-26 20:43:15,472] 174 root - INFO - Data transformation complete
[ 2026-05-26 20:43:15,472] 49 root - INFO - Started Regular Expression mapping
[ 2026-05-26 20:43:15,472] 174 root - INFO - Data transformation complete
[ 2026-05-26 20:43:15,472] 49 root - INFO - Started Regular Expression mapping
[ 2026-05-26 20:43:15,473] 174 root - INFO - Data transformation complete
[ 2026-05-26 20:43:15,473] 49 root - INFO - Started Regular Expression mapping
[ 2026-05-26 20:43:15,473] 25 root - INFO - Match heuristic business names to paybill payments
[ 2026-05-26 20:43:15,473] 174 root - INFO - Data transformation complete
[ 2026-05-26 20:43:15,473] 49 root - INFO - Started Regular Expression mapping
[ 2026-05-26 20:43:15,473] 174 root - INFO - Data transformation complete
[ 2026-05-26 20:43:15,473] 49 root - INFO - Started Regular Expression mapping
[ 2026-05-26 20:43:15,474] 174 root - INFO - Data transformation complete
[ 2026-05-26 20:43:15,474] 49 root - INFO - Started Regular Expression mapping
[ 2026-05-26 20:43:15,474] 174 root - INFO - Data transformation complete
[ 2026-05-26 20:43:15,474] 49 root - INFO - Started Regular Expression mapping
[ 2026-05-26 20:43:15,474] 174 root - INFO - Data transformation complete
[ 2026-05-26 20:43:15,475] 49 root - INFO - Started Regular Expression mapping
[ 2026-05-26 20:43:15,475] 174 root - INFO - Data transformation complete
[ 2026-05-26 20:43:15,475] 49 root - INFO - Started Regular Expression mapping
[ 2026-05-26 20:43:15,475] 174 root - INFO - Data transformation complete
[ 2026-05-26 20:43:15,476] 49 root - INFO - Started Regular Expression mapping
[ 2026-05-26 20:43:15,476] 174 root - INFO - Data transformation complete
[ 2026-05-26 20:43:15,476] 49 root - INFO - Started Regular Expression mapping
[ 2026-05-26 20:43:15,476] 174 root - INFO - Data transformation complete
[ 2026-05-26 20:43:15,476] 49 root - INFO - Started Regular Expression mapping
[ 2026-05-26 20:43:15,476] 174 root - INFO - Data transformation complete
[ 2026-05-26 20:43:15,476] 49 root - INFO - Started Regular Expression mapping
[ 2026-05-26 20:43:15,476] 174 root - INFO - Data transformation complete
[ 2026-05-26 20:43:15,476] 49 root - INFO - Started Regular Expression mapping
[ 2026-05-26 20:43:15,476] 174 root - INFO - Data transformation complete
[ 2026-05-26 20:43:15,477] 49 root - INFO - Started Regular Expression mapping
[ 2026-05-26 20:43:15,477] 174 root - INFO - Data transformation complete
[ 2026-05-26 20:43:15,477] 49 root - INFO - Started Regular Expression mapping
[ 2026-05-26 20:43:15,477] 174 root - INFO - Data transformation complete
[ 2026-05-26 20:43:15,477] 49 root - INFO - Started Regular Expression mapping
[ 2026-05-26 20:43:15,477] 174 root - INFO - Data transformation complete
[ 2026-05-26 20:43:15,478] 49 root - INFO - Started Regular Expression mapping
[ 2026-05-26 20:43:15,478] 174 root - INFO - Data transformation complete
[ 2026-05-26 20:43:15,478] 49 root - INFO - Started Regular Expression mapping
[ 2026-05-26 20:43:15,478] 174 root - INFO - Data transformation complete
[ 2026-05-26 20:43:15,478] 49 root - INFO - Started Regular Expression mapping
[ 2026-05-26 20:43:15,478] 174 root - INFO - Data transformation complete
[ 2026-05-26 20:43:15,478] 49 root - INFO - Started Regular Expression mapping
[ 2026-05-26 20:43:15,479] 25 root - INFO - Match heuristic business names to paybill payments
[ 2026-05-26 20:43:15,479] 174 root - INFO - Data transformation complete
[ 2026-05-26 20:43:15,479] 49 root - INFO - Started Regular Expression mapping
[ 2026-05-26 20:43:15,479] 174 root - INFO - Data transformation complete
[ 2026-05-26 20:43:15,479] 49 root - INFO - Started Regular Expression mapping
[ 2026-05-26 20:43:15,479] 174 root - INFO - Data transformation complete
[ 2026-05-26 20:43:15,479] 49 root - INFO - Started Regular Expression mapping
[ 2026-05-26 20:43:15,480] 25 root - INFO - Match heuristic business names to paybill payments
[ 2026-05-26 20:43:15,480] 174 root - INFO - Data transformation complete
[ 2026-05-26 20:43:15,480] 49 root - INFO - Started Regular Expression mapping
[ 2026-05-26 20:43:15,480] 174 root - INFO - Data transformation complete
[ 2026-05-26 20:43:15,480] 49 root - INFO - Started Regular Expression mapping
[ 2026-05-26 20:43:15,480] 174 root - INFO - Data transformation complete
[ 2026-05-26 20:43:15,481] 49 root - INFO - Started Regular Expression mapping
[ 2026-05-26 20:43:15,481] 174 root - INFO - Data transformation complete
[ 2026-05-26 20:43:15,481] 49 root - INFO - Started Regular Expression mapping
[ 2026-05-26 20:43:15,481] 174 root - INFO - Data transformation complete
[ 2026-05-26 20:43:15,481] 49 root - INFO - Started Regular Expression mapping
[ 2026-05-26 20:43:15,481] 174 root - INFO - Data transformation complete
[ 2026-05-26 20:43:15,481] 49 root - INFO - Started Regular Expression mapping
[ 2026-05-26 20:43:15,482] 174 root - INFO - Data transformation complete
[ 2026-05-26 20:43:15,482] 49 root - INFO - Started Regular Expression mapping
[ 2026-05-26 20:43:15,482] 174 root - INFO - Data transformation complete
[ 2026-05-26 20:43:15,482] 49 root - INFO - Started Regular Expression mapping
[ 2026-05-26 20:43:15,482] 174 root - INFO - Data transformation complete
[ 2026-05-26 20:43:15,482] 49 root - INFO - Started Regular Expression mapping
[ 2026-05-26 20:43:15,483] 174 root - INFO - Data transformation complete
[ 2026-05-26 20:43:15,483] 49 root - INFO - Started Regular Expression mapping
[ 2026-05-26 20:43:15,483] 174 root - INFO - Data transformation complete
[ 2026-05-26 20:43:15,483] 49 root - INFO - Started Regular Expression mapping
[ 2026-05-26 20:43:15,483] 174 root - INFO - Data transformation complete
[ 2026-05-26 20:43:15,483] 49 root - INFO - Started Regular Expression mapping
[ 2026-05-26 20:43:15,483] 174 root - INFO - Data transformation complete
[ 2026-05-26 20:43:15,484] 49 root - INFO - Started Regular Expression mapping
[ 2026-05-26 20:43:15,484] 174 root - INFO - Data transformation complete
[ 2026-05-26 20:43:15,484] 49 root - INFO - Started Regular Expression mapping
[ 2026-05-26 20:43:15,484] 174 root - INFO - Data transformation complete
[ 2026-05-26 20:43:15,484] 49 root - INFO - Started Regular Expression mapping
[ 2026-05-26 20:43:15,484] 174 root - INFO - Data transformation complete
[ 2026-05-26 20:43:15,485] 49 root - INFO - Started Regular Expression mapping
[ 2026-05-26 20:43:15,485] 174 root - INFO - Data transformation complete
[ 2026-05-26 20:43:15,485] 49 root - INFO - Started Regular Expression mapping
[ 2026-05-26 20:43:15,485] 174 root - INFO - Data transformation complete
[ 2026-05-26 20:43:15,486] 49 root - INFO - Started Regular Expression mapping
[ 2026-05-26 20:43:15,486] 174 root - INFO - Data transformation complete
[ 2026-05-26 20:43:15,486] 49 root - INFO - Started Regular Expression mapping
[ 2026-05-26 20:43:15,486] 174 root - INFO - Data transformation complete
[ 2026-05-26 20:43:15,486] 49 root - INFO - Started Regular Expression mapping
[ 2026-05-26 20:43:15,486] 174 root - INFO - Data transformation complete
[ 2026-05-26 20:43:15,487] 49 root - INFO - Started Regular Expression mapping
[ 2026-05-26 20:43:15,487] 174 root - INFO - Data transformation complete
[ 2026-05-26 20:43:15,487] 49 root - INFO - Started Regular Expression mapping
[ 2026-05-26 20:43:15,487] 174 root - INFO - Data transformation complete
[ 2026-05-26 20:43:15,488] 49 root - INFO - Started Regular Expression mapping
[ 2026-05-26 20:43:15,488] 174 root - INFO - Data transformation complete
[ 2026-05-26 20:43:15,488] 49 root - INFO - Started Regular Expression mapping
[ 2026-05-26 20:43:15,488] 174 root - INFO - Data transformation complete
[ 2026-05-26 20:43:15,488] 49 root - INFO - Started Regular Expression mapping
[ 2026-05-26 20:43:15,488] 174 root - INFO - Data transformation complete
[ 2026-05-26 20:43:15,489] 49 root - INFO - Started Regular Expression mapping
[ 2026-05-26 20:43:15,489] 174 root - INFO - Data transformation complete
[ 2026-05-26 20:43:15,489] 49 root - INFO - Started Regular Expression mapping
[ 2026-05-26 20:43:15,489] 174 root - INFO - Data transformation complete
[ 2026-05-26 20:43:15,489] 49 root - INFO - Started Regular Expression mapping
[ 2026-05-26 20:43:15,489] 174 root - INFO - Data transformation complete
[ 2026-05-26 20:43:15,490] 49 root - INFO - Started Regular Expression mapping
[ 2026-05-26 20:43:15,490] 25 root - INFO - Match heuristic business names to paybill payments
[ 2026-05-26 20:43:15,490] 174 root - INFO - Data transformation complete
[ 2026-05-26 20:43:15,490] 49 root - INFO - Started Regular Expression mapping
[ 2026-05-26 20:43:15,490] 174 root - INFO - Data transformation complete
[ 2026-05-26 20:43:15,490] 49 root - INFO - Started Regular Expression mapping
[ 2026-05-26 20:43:15,490] 174 root - INFO - Data transformation complete
[ 2026-05-26 20:43:15,491] 49 root - INFO - Started Regular Expression mapping
[ 2026-05-26 20:43:15,491] 174 root - INFO - Data transformation complete
[ 2026-05-26 20:43:15,491] 49 root - INFO - Started Regular Expression mapping
[ 2026-05-26 20:43:15,491] 174 root - INFO - Data transformation complete
[ 2026-05-26 20:43:15,491] 49 root - INFO - Started Regular Expression mapping
[ 2026-05-26 20:43:15,491] 174 root - INFO - Data transformation complete
[ 2026-05-26 20:43:15,491] 49 root - INFO - Started Regular Expression mapping
[ 2026-05-26 20:43:15,492] 174 root - INFO - Data transformation complete
[ 2026-05-26 20:43:15,492] 49 root - INFO - Started Regular Expression mapping
[ 2026-05-26 20:43:15,492] 174 root - INFO - Data transformation complete
[ 2026-05-26 20:43:15,492] 49 root - INFO - Started Regular Expression mapping
[ 2026-05-26 20:43:15,492] 174 root - INFO - Data transformation complete
[ 2026-05-26 20:43:15,492] 49 root - INFO - Started Regular Expression mapping
[ 2026-05-26 20:43:15,493] 174 root - INFO - Data transformation complete
[ 2026-05-26 20:43:15,493] 49 root - INFO - Started Regular Expression mapping
[ 2026-05-26 20:43:15,493] 174 root - INFO - Data transformation complete
[ 2026-05-26 20:43:15,493] 49 root - INFO - Started Regular Expression mapping
[ 2026-05-26 20:43:15,493] 174 root - INFO - Data transformation complete
[ 2026-05-26 20:43:15,493] 49 root - INFO - Started Regular Expression mapping
[ 2026-05-26 20:43:15,494] 174 root - INFO - Data transformation complete
[ 2026-05-26 20:43:15,494] 49 root - INFO - Started Regular Expression mapping
[ 2026-05-26 20:43:15,494] 174 root - INFO - Data transformation complete
[ 2026-05-26 20:43:15,494] 49 root - INFO - Started Regular Expression mapping
[ 2026-05-26 20:43:15,494] 174 root - INFO - Data transformation complete
[ 2026-05-26 20:43:15,494] 49 root - INFO - Started Regular Expression mapping
[ 2026-05-26 20:43:15,495] 174 root - INFO - Data transformation complete
[ 2026-05-26 20:43:15,495] 49 root - INFO - Started Regular Expression mapping
[ 2026-05-26 20:43:15,495] 174 root - INFO - Data transformation complete
[ 2026-05-26 20:43:15,495] 49 root - INFO - Started Regular Expression mapping
[ 2026-05-26 20:43:15,496] 174 root - INFO - Data transformation complete
[ 2026-05-26 20:43:15,496] 49 root - INFO - Started Regular Expression mapping
[ 2026-05-26 20:43:15,496] 174 root - INFO - Data transformation complete
[ 2026-05-26 20:43:15,496] 49 root - INFO - Started Regular Expression mapping
[ 2026-05-26 20:43:15,496] 174 root - INFO - Data transformation complete
[ 2026-05-26 20:43:15,496] 49 root - INFO - Started Regular Expression mapping
[ 2026-05-26 20:43:15,496] 174 root - INFO - Data transformation complete
[ 2026-05-26 20:43:15,496] 49 root - INFO - Started Regular Expression mapping
[ 2026-05-26 20:43:15,496] 174 root - INFO - Data transformation complete
[ 2026-05-26 20:43:15,496] 49 root - INFO - Started Regular Expression mapping
[ 2026-05-26 20:43:15,497] 174 root - INFO - Data transformation complete
[ 2026-05-26 20:43:15,497] 49 root - INFO - Started Regular Expression mapping
[ 2026-05-26 20:43:15,497] 174 root - INFO - Data transformation complete
[ 2026-05-26 20:43:15,497] 49 root - INFO - Started Regular Expression mapping
[ 2026-05-26 20:43:15,497] 174 root - INFO - Data transformation complete
[ 2026-05-26 20:43:15,497] 49 root - INFO - Started Regular Expression mapping
[ 2026-05-26 20:43:15,498] 174 root - INFO - Data transformation complete
[ 2026-05-26 20:43:15,498] 49 root - INFO - Started Regular Expression mapping
[ 2026-05-26 20:43:15,498] 174 root - INFO - Data transformation complete
[ 2026-05-26 20:43:15,498] 49 root - INFO - Started Regular Expression mapping
[ 2026-05-26 20:43:15,498] 174 root - INFO - Data transformation complete
[ 2026-05-26 20:43:15,498] 49 root - INFO - Started Regular Expression mapping
[ 2026-05-26 20:43:15,498] 174 root - INFO - Data transformation complete
[ 2026-05-26 20:43:15,499] 49 root - INFO - Started Regular Expression mapping
[ 2026-05-26 20:43:15,499] 174 root - INFO - Data transformation complete
[ 2026-05-26 20:43:15,499] 49 root - INFO - Started Regular Expression mapping
[ 2026-05-26 20:43:15,499] 174 root - INFO - Data transformation complete
[ 2026-05-26 20:43:15,499] 49 root - INFO - Started Regular Expression mapping
[ 2026-05-26 20:43:15,499] 174 root - INFO - Data transformation complete
[ 2026-05-26 20:43:15,499] 49 root - INFO - Started Regular Expression mapping
[ 2026-05-26 20:43:15,500] 174 root - INFO - Data transformation complete
[ 2026-05-26 20:43:15,500] 49 root - INFO - Started Regular Expression mapping
[ 2026-05-26 20:43:15,500] 174 root - INFO - Data transformation complete
[ 2026-05-26 20:43:15,500] 49 root - INFO - Started Regular Expression mapping
[ 2026-05-26 20:43:15,500] 174 root - INFO - Data transformation complete
[ 2026-05-26 20:43:15,500] 49 root - INFO - Started Regular Expression mapping
[ 2026-05-26 20:43:15,501] 174 root - INFO - Data transformation complete
[ 2026-05-26 20:43:15,501] 49 root - INFO - Started Regular Expression mapping
[ 2026-05-26 20:43:15,501] 174 root - INFO - Data transformation complete
[ 2026-05-26 20:43:15,501] 49 root - INFO - Started Regular Expression mapping
[ 2026-05-26 20:43:15,502] 174 root - INFO - Data transformation complete
[ 2026-05-26 20:43:15,502] 49 root - INFO - Started Regular Expression mapping
[ 2026-05-26 20:43:15,502] 174 root - INFO - Data transformation complete
[ 2026-05-26 20:43:15,502] 49 root - INFO - Started Regular Expression mapping
[ 2026-05-26 20:43:15,503] 174 root - INFO - Data transformation complete
[ 2026-05-26 20:43:15,503] 49 root - INFO - Started Regular Expression mapping
[ 2026-05-26 20:43:15,503] 174 root - INFO - Data transformation complete
[ 2026-05-26 20:43:15,503] 49 root - INFO - Started Regular Expression mapping
[ 2026-05-26 20:43:15,503] 174 root - INFO - Data transformation complete
[ 2026-05-26 20:43:15,504] 49 root - INFO - Started Regular Expression mapping
[ 2026-05-26 20:43:15,504] 174 root - INFO - Data transformation complete
[ 2026-05-26 20:43:15,504] 49 root - INFO - Started Regular Expression mapping
[ 2026-05-26 20:43:15,504] 174 root - INFO - Data transformation complete
[ 2026-05-26 20:43:15,504] 49 root - INFO - Started Regular Expression mapping
[ 2026-05-26 20:43:15,505] 174 root - INFO - Data transformation complete
[ 2026-05-26 20:43:15,505] 49 root - INFO - Started Regular Expression mapping
[ 2026-05-26 20:43:15,506] 174 root - INFO - Data transformation complete
[ 2026-05-26 20:43:15,506] 49 root - INFO - Started Regular Expression mapping
[ 2026-05-26 20:43:15,506] 174 root - INFO - Data transformation complete
[ 2026-05-26 20:43:15,506] 49 root - INFO - Started Regular Expression mapping
[ 2026-05-26 20:43:15,506] 174 root - INFO - Data transformation complete
[ 2026-05-26 20:43:15,506] 49 root - INFO - Started Regular Expression mapping
[ 2026-05-26 20:43:15,506] 174 root - INFO - Data transformation complete
[ 2026-05-26 20:43:15,506] 49 root - INFO - Started Regular Expression mapping
[ 2026-05-26 20:43:15,506] 174 root - INFO - Data transformation complete
[ 2026-05-26 20:43:15,507] 49 root - INFO - Started Regular Expression mapping
[ 2026-05-26 20:43:15,507] 174 root - INFO - Data transformation complete
[ 2026-05-26 20:43:15,507] 49 root - INFO - Started Regular Expression mapping
[ 2026-05-26 20:43:15,507] 174 root - INFO - Data transformation complete
[ 2026-05-26 20:43:15,508] 49 root - INFO - Started Regular Expression mapping
[ 2026-05-26 20:43:15,508] 174 root - INFO - Data transformation complete
[ 2026-05-26 20:43:15,508] 49 root - INFO - Started Regular Expression mapping
[ 2026-05-26 20:43:15,508] 174 root - INFO - Data transformation complete
[ 2026-05-26 20:43:15,508] 49 root - INFO - Started Regular Expression mapping
[ 2026-05-26 20:43:15,508] 174 root - INFO - Data transformation complete
[ 2026-05-26 20:43:15,509] 49 root - INFO - Started Regular Expression mapping
[ 2026-05-26 20:43:15,509] 174 root - INFO - Data transformation complete
[ 2026-05-26 20:43:15,509] 49 root - INFO - Started Regular Expression mapping
[ 2026-05-26 20:43:15,509] 174 root - INFO - Data transformation complete
[ 2026-05-26 20:43:15,509] 49 root - INFO - Started Regular Expression mapping
[ 2026-05-26 20:43:15,510] 174 root - INFO - Data transformation complete
[ 2026-05-26 20:43:15,510] 49 root - INFO - Started Regular Expression mapping
[ 2026-05-26 20:43:15,510] 174 root - INFO - Data transformation complete
[ 2026-05-26 20:43:15,510] 49 root - INFO - Started Regular Expression mapping
[ 2026-05-26 20:43:15,510] 174 root - INFO - Data transformation complete
[ 2026-05-26 20:43:15,510] 49 root - INFO - Started Regular Expression mapping
[ 2026-05-26 20:43:15,511] 174 root - INFO - Data transformation complete
[ 2026-05-26 20:43:15,511] 49 root - INFO - Started Regular Expression mapping
[ 2026-05-26 20:43:15,511] 174 root - INFO - Data transformation complete
[ 2026-05-26 20:43:15,511] 49 root - INFO - Started Regular Expression mapping
[ 2026-05-26 20:43:15,511] 174 root - INFO - Data transformation complete
[ 2026-05-26 20:43:15,512] 49 root - INFO - Started Regular Expression mapping
[ 2026-05-26 20:43:15,512] 174 root - INFO - Data transformation complete
[ 2026-05-26 20:43:15,512] 49 root - INFO - Started Regular Expression mapping
[ 2026-05-26 20:43:15,512] 174 root - INFO - Data transformation complete
[ 2026-05-26 20:43:15,512] 49 root - INFO - Started Regular Expression mapping
[ 2026-05-26 20:43:15,513] 174 root - INFO - Data transformation complete
[ 2026-05-26 20:43:15,513] 49 root - INFO - Started Regular Expression mapping
[ 2026-05-26 20:43:15,513] 174 root - INFO - Data transformation complete
[ 2026-05-26 20:43:15,513] 49 root - INFO - Started Regular Expression mapping
[ 2026-05-26 20:43:15,513] 174 root - INFO - Data transformation complete
[ 2026-05-26 20:43:15,514] 49 root - INFO - Started Regular Expression mapping
[ 2026-05-26 20:43:15,514] 174 root - INFO - Data transformation complete
[ 2026-05-26 20:43:15,514] 49 root - INFO - Started Regular Expression mapping
[ 2026-05-26 20:43:15,514] 174 root - INFO - Data transformation complete
[ 2026-05-26 20:43:15,514] 49 root - INFO - Started Regular Expression mapping
[ 2026-05-26 20:43:15,514] 174 root - INFO - Data transformation complete
[ 2026-05-26 20:43:15,515] 49 root - INFO - Started Regular Expression mapping
[ 2026-05-26 20:43:15,515] 174 root - INFO - Data transformation complete
[ 2026-05-26 20:43:15,515] 49 root - INFO - Started Regular Expression mapping
[ 2026-05-26 20:43:15,516] 174 root - INFO - Data transformation complete
[ 2026-05-26 20:43:15,516] 49 root - INFO - Started Regular Expression mapping
[ 2026-05-26 20:43:15,516] 174 root - INFO - Data transformation complete
[ 2026-05-26 20:43:15,516] 49 root - INFO - Started Regular Expression mapping
[ 2026-05-26 20:43:15,516] 174 root - INFO - Data transformation complete
[ 2026-05-26 20:43:15,516] 49 root - INFO - Started Regular Expression mapping
[ 2026-05-26 20:43:15,516] 25 root - INFO - Match heuristic business names to paybill payments
[ 2026-05-26 20:43:15,516] 174 root - INFO - Data transformation complete
[ 2026-05-26 20:43:15,517] 49 root - INFO - Started Regular Expression mapping
[ 2026-05-26 20:43:15,517] 174 root - INFO - Data transformation complete
[ 2026-05-26 20:43:15,517] 49 root - INFO - Started Regular Expression mapping
[ 2026-05-26 20:43:15,517] 174 root - INFO - Data transformation complete
[ 2026-05-26 20:43:15,517] 49 root - INFO - Started Regular Expression mapping
[ 2026-05-26 20:43:15,518] 174 root - INFO - Data transformation complete
[ 2026-05-26 20:43:15,518] 49 root - INFO - Started Regular Expression mapping
[ 2026-05-26 20:43:15,518] 174 root - INFO - Data transformation complete
[ 2026-05-26 20:43:15,518] 49 root - INFO - Started Regular Expression mapping
[ 2026-05-26 20:43:15,518] 174 root - INFO - Data transformation complete
[ 2026-05-26 20:43:15,519] 49 root - INFO - Started Regular Expression mapping
[ 2026-05-26 20:43:15,519] 174 root - INFO - Data transformation complete
[ 2026-05-26 20:43:15,519] 49 root - INFO - Started Regular Expression mapping
[ 2026-05-26 20:43:15,519] 174 root - INFO - Data transformation complete
[ 2026-05-26 20:43:15,519] 49 root - INFO - Started Regular Expression mapping
[ 2026-05-26 20:43:15,520] 174 root - INFO - Data transformation complete
[ 2026-05-26 20:43:15,520] 49 root - INFO - Started Regular Expression mapping
[ 2026-05-26 20:43:15,520] 174 root - INFO - Data transformation complete
[ 2026-05-26 20:43:15,520] 49 root - INFO - Started Regular Expression mapping
[ 2026-05-26 20:43:15,520] 174 root - INFO - Data transformation complete
[ 2026-05-26 20:43:15,520] 49 root - INFO - Started Regular Expression mapping
[ 2026-05-26 20:43:15,521] 174 root - INFO - Data transformation complete
[ 2026-05-26 20:43:15,521] 49 root - INFO - Started Regular Expression mapping
[ 2026-05-26 20:43:15,521] 174 root - INFO - Data transformation complete
[ 2026-05-26 20:43:15,521] 49 root - INFO - Started Regular Expression mapping
[ 2026-05-26 20:43:15,521] 174 root - INFO - Data transformation complete
[ 2026-05-26 20:43:15,522] 49 root - INFO - Started Regular Expression mapping
[ 2026-05-26 20:43:15,522] 174 root - INFO - Data transformation complete
[ 2026-05-26 20:43:15,522] 49 root - INFO - Started Regular Expression mapping
[ 2026-05-26 20:43:15,522] 174 root - INFO - Data transformation complete
[ 2026-05-26 20:43:15,522] 49 root - INFO - Started Regular Expression mapping
[ 2026-05-26 20:43:15,523] 174 root - INFO - Data transformation complete
[ 2026-05-26 20:43:15,523] 49 root - INFO - Started Regular Expression mapping
[ 2026-05-26 20:43:15,523] 25 root - INFO - Match heuristic business names to paybill payments
[ 2026-05-26 20:43:15,523] 174 root - INFO - Data transformation complete
[ 2026-05-26 20:43:15,523] 49 root - INFO - Started Regular Expression mapping
[ 2026-05-26 20:43:15,524] 25 root - INFO - Match heuristic business names to paybill payments
[ 2026-05-26 20:43:15,524] 174 root - INFO - Data transformation complete
[ 2026-05-26 20:43:15,524] 49 root - INFO - Started Regular Expression mapping
[ 2026-05-26 20:43:15,524] 174 root - INFO - Data transformation complete
[ 2026-05-26 20:43:15,524] 49 root - INFO - Started Regular Expression mapping
[ 2026-05-26 20:43:15,524] 174 root - INFO - Data transformation complete
[ 2026-05-26 20:43:15,525] 49 root - INFO - Started Regular Expression mapping
[ 2026-05-26 20:43:15,525] 174 root - INFO - Data transformation complete
[ 2026-05-26 20:43:15,525] 49 root - INFO - Started Regular Expression mapping
[ 2026-05-26 20:43:15,526] 174 root - INFO - Data transformation complete
[ 2026-05-26 20:43:15,526] 49 root - INFO - Started Regular Expression mapping
[ 2026-05-26 20:43:15,526] 174 root - INFO - Data transformation complete
[ 2026-05-26 20:43:15,526] 49 root - INFO - Started Regular Expression mapping
[ 2026-05-26 20:43:15,526] 174 root - INFO - Data transformation complete
[ 2026-05-26 20:43:15,526] 49 root - INFO - Started Regular Expression mapping
[ 2026-05-26 20:43:15,526] 25 root - INFO - Match heuristic business names to paybill payments
[ 2026-05-26 20:43:15,526] 174 root - INFO - Data transformation complete
[ 2026-05-26 20:43:15,527] 49 root - INFO - Started Regular Expression mapping
[ 2026-05-26 20:43:15,527] 174 root - INFO - Data transformation complete
[ 2026-05-26 20:43:15,528] 49 root - INFO - Started Regular Expression mapping
[ 2026-05-26 20:43:15,528] 174 root - INFO - Data transformation complete
[ 2026-05-26 20:43:15,528] 49 root - INFO - Started Regular Expression mapping
[ 2026-05-26 20:43:15,528] 174 root - INFO - Data transformation complete
[ 2026-05-26 20:43:15,528] 49 root - INFO - Started Regular Expression mapping
[ 2026-05-26 20:43:15,528] 174 root - INFO - Data transformation complete
[ 2026-05-26 20:43:15,529] 49 root - INFO - Started Regular Expression mapping
[ 2026-05-26 20:43:15,529] 174 root - INFO - Data transformation complete
[ 2026-05-26 20:43:15,529] 49 root - INFO - Started Regular Expression mapping
[ 2026-05-26 20:43:15,529] 174 root - INFO - Data transformation complete
[ 2026-05-26 20:43:15,529] 49 root - INFO - Started Regular Expression mapping
[ 2026-05-26 20:43:15,530] 174 root - INFO - Data transformation complete
[ 2026-05-26 20:43:15,530] 49 root - INFO - Started Regular Expression mapping
[ 2026-05-26 20:43:15,530] 174 root - INFO - Data transformation complete
[ 2026-05-26 20:43:15,530] 49 root - INFO - Started Regular Expression mapping
[ 2026-05-26 20:43:15,530] 174 root - INFO - Data transformation complete
[ 2026-05-26 20:43:15,530] 49 root - INFO - Started Regular Expression mapping
[ 2026-05-26 20:43:15,531] 174 root - INFO - Data transformation complete
[ 2026-05-26 20:43:15,531] 49 root - INFO - Started Regular Expression mapping
[ 2026-05-26 20:43:15,531] 174 root - INFO - Data transformation complete
[ 2026-05-26 20:43:15,531] 49 root - INFO - Started Regular Expression mapping
[ 2026-05-26 20:43:15,531] 174 root - INFO - Data transformation complete
[ 2026-05-26 20:43:15,532] 49 root - INFO - Started Regular Expression mapping
[ 2026-05-26 20:43:15,532] 174 root - INFO - Data transformation complete
[ 2026-05-26 20:43:15,532] 49 root - INFO - Started Regular Expression mapping
[ 2026-05-26 20:43:15,532] 174 root - INFO - Data transformation complete
[ 2026-05-26 20:43:15,532] 49 root - INFO - Started Regular Expression mapping
[ 2026-05-26 20:43:15,533] 174 root - INFO - Data transformation complete
[ 2026-05-26 20:43:15,533] 49 root - INFO - Started Regular Expression mapping
[ 2026-05-26 20:43:15,533] 174 root - INFO - Data transformation complete
[ 2026-05-26 20:43:15,533] 49 root - INFO - Started Regular Expression mapping
[ 2026-05-26 20:43:15,533] 174 root - INFO - Data transformation complete
[ 2026-05-26 20:43:15,533] 49 root - INFO - Started Regular Expression mapping
[ 2026-05-26 20:43:15,533] 174 root - INFO - Data transformation complete
[ 2026-05-26 20:43:15,533] 49 root - INFO - Started Regular Expression mapping
[ 2026-05-26 20:43:15,534] 174 root - INFO - Data transformation complete
[ 2026-05-26 20:43:15,534] 49 root - INFO - Started Regular Expression mapping
[ 2026-05-26 20:43:15,534] 174 root - INFO - Data transformation complete
[ 2026-05-26 20:43:15,534] 49 root - INFO - Started Regular Expression mapping
[ 2026-05-26 20:43:15,534] 174 root - INFO - Data transformation complete
[ 2026-05-26 20:43:15,535] 49 root - INFO - Started Regular Expression mapping
[ 2026-05-26 20:43:15,535] 174 root - INFO - Data transformation complete
[ 2026-05-26 20:43:15,535] 49 root - INFO - Started Regular Expression mapping
[ 2026-05-26 20:43:15,536] 174 root - INFO - Data transformation complete
[ 2026-05-26 20:43:15,536] 49 root - INFO - Started Regular Expression mapping
[ 2026-05-26 20:43:15,536] 174 root - INFO - Data transformation complete
[ 2026-05-26 20:43:15,536] 49 root - INFO - Started Regular Expression mapping
[ 2026-05-26 20:43:15,536] 174 root - INFO - Data transformation complete
[ 2026-05-26 20:43:15,536] 49 root - INFO - Started Regular Expression mapping
[ 2026-05-26 20:43:15,536] 174 root - INFO - Data transformation complete
[ 2026-05-26 20:43:15,536] 49 root - INFO - Started Regular Expression mapping
[ 2026-05-26 20:43:15,536] 174 root - INFO - Data transformation complete
[ 2026-05-26 20:43:15,536] 49 root - INFO - Started Regular Expression mapping
[ 2026-05-26 20:43:15,537] 174 root - INFO - Data transformation complete
[ 2026-05-26 20:43:15,537] 49 root - INFO - Started Regular Expression mapping
[ 2026-05-26 20:43:15,537] 174 root - INFO - Data transformation complete
[ 2026-05-26 20:43:15,537] 49 root - INFO - Started Regular Expression mapping
[ 2026-05-26 20:43:15,537] 174 root - INFO - Data transformation complete
[ 2026-05-26 20:43:15,537] 49 root - INFO - Started Regular Expression mapping
[ 2026-05-26 20:43:15,537] 174 root - INFO - Data transformation complete
[ 2026-05-26 20:43:15,538] 49 root - INFO - Started Regular Expression mapping
[ 2026-05-26 20:43:15,538] 174 root - INFO - Data transformation complete
[ 2026-05-26 20:43:15,538] 49 root - INFO - Started Regular Expression mapping
[ 2026-05-26 20:43:15,538] 174 root - INFO - Data transformation complete
[ 2026-05-26 20:43:15,538] 49 root - INFO - Started Regular Expression mapping
[ 2026-05-26 20:43:15,538] 25 root - INFO - Match heuristic business names to paybill payments
[ 2026-05-26 20:43:15,538] 174 root - INFO - Data transformation complete
[ 2026-05-26 20:43:15,539] 49 root - INFO - Started Regular Expression mapping
[ 2026-05-26 20:43:15,539] 174 root - INFO - Data transformation complete
[ 2026-05-26 20:43:15,539] 49 root - INFO - Started Regular Expression mapping
[ 2026-05-26 20:43:15,539] 174 root - INFO - Data transformation complete
[ 2026-05-26 20:43:15,539] 49 root - INFO - Started Regular Expression mapping
[ 2026-05-26 20:43:15,539] 174 root - INFO - Data transformation complete
[ 2026-05-26 20:43:15,540] 49 root - INFO - Started Regular Expression mapping
[ 2026-05-26 20:43:15,540] 174 root - INFO - Data transformation complete
[ 2026-05-26 20:43:15,540] 49 root - INFO - Started Regular Expression mapping
[ 2026-05-26 20:43:15,540] 174 root - INFO - Data transformation complete
[ 2026-05-26 20:43:15,540] 49 root - INFO - Started Regular Expression mapping
[ 2026-05-26 20:43:15,540] 174 root - INFO - Data transformation complete
[ 2026-05-26 20:43:15,540] 49 root - INFO - Started Regular Expression mapping
[ 2026-05-26 20:43:15,541] 174 root - INFO - Data transformation complete
[ 2026-05-26 20:43:15,541] 49 root - INFO - Started Regular Expression mapping
[ 2026-05-26 20:43:15,541] 174 root - INFO - Data transformation complete
[ 2026-05-26 20:43:15,541] 49 root - INFO - Started Regular Expression mapping
[ 2026-05-26 20:43:15,541] 174 root - INFO - Data transformation complete
[ 2026-05-26 20:43:15,541] 49 root - INFO - Started Regular Expression mapping
[ 2026-05-26 20:43:15,542] 174 root - INFO - Data transformation complete
[ 2026-05-26 20:43:15,542] 49 root - INFO - Started Regular Expression mapping
[ 2026-05-26 20:43:15,542] 25 root - INFO - Match heuristic business names to paybill payments
[ 2026-05-26 20:43:15,542] 174 root - INFO - Data transformation complete
[ 2026-05-26 20:43:15,542] 49 root - INFO - Started Regular Expression mapping
[ 2026-05-26 20:43:15,542] 174 root - INFO - Data transformation complete
[ 2026-05-26 20:43:15,542] 49 root - INFO - Started Regular Expression mapping
[ 2026-05-26 20:43:15,543] 174 root - INFO - Data transformation complete
[ 2026-05-26 20:43:15,543] 49 root - INFO - Started Regular Expression mapping
[ 2026-05-26 20:43:15,543] 174 root - INFO - Data transformation complete
[ 2026-05-26 20:43:15,543] 49 root - INFO - Started Regular Expression mapping
[ 2026-05-26 20:43:15,543] 174 root - INFO - Data transformation complete
[ 2026-05-26 20:43:15,543] 49 root - INFO - Started Regular Expression mapping
[ 2026-05-26 20:43:15,543] 174 root - INFO - Data transformation complete
[ 2026-05-26 20:43:15,544] 49 root - INFO - Started Regular Expression mapping
[ 2026-05-26 20:43:15,544] 174 root - INFO - Data transformation complete
[ 2026-05-26 20:43:15,544] 49 root - INFO - Started Regular Expression mapping
[ 2026-05-26 20:43:15,544] 174 root - INFO - Data transformation complete
[ 2026-05-26 20:43:15,544] 49 root - INFO - Started Regular Expression mapping
[ 2026-05-26 20:43:15,544] 174 root - INFO - Data transformation complete
[ 2026-05-26 20:43:15,545] 49 root - INFO - Started Regular Expression mapping
[ 2026-05-26 20:43:15,545] 174 root - INFO - Data transformation complete
[ 2026-05-26 20:43:15,545] 49 root - INFO - Started Regular Expression mapping
[ 2026-05-26 20:43:15,546] 174 root - INFO - Data transformation complete
[ 2026-05-26 20:43:15,546] 49 root - INFO - Started Regular Expression mapping
[ 2026-05-26 20:43:15,546] 174 root - INFO - Data transformation complete
[ 2026-05-26 20:43:15,546] 49 root - INFO - Started Regular Expression mapping
[ 2026-05-26 20:43:15,546] 174 root - INFO - Data transformation complete
[ 2026-05-26 20:43:15,546] 49 root - INFO - Started Regular Expression mapping
[ 2026-05-26 20:43:15,546] 174 root - INFO - Data transformation complete
[ 2026-05-26 20:43:15,546] 49 root - INFO - Started Regular Expression mapping
[ 2026-05-26 20:43:15,546] 174 root - INFO - Data transformation complete
[ 2026-05-26 20:43:15,546] 49 root - INFO - Started Regular Expression mapping
[ 2026-05-26 20:43:15,546] 174 root - INFO - Data transformation complete
[ 2026-05-26 20:43:15,547] 49 root - INFO - Started Regular Expression mapping
[ 2026-05-26 20:43:15,547] 174 root - INFO - Data transformation complete
[ 2026-05-26 20:43:15,548] 49 root - INFO - Started Regular Expression mapping
[ 2026-05-26 20:43:15,548] 174 root - INFO - Data transformation complete
[ 2026-05-26 20:43:15,548] 49 root - INFO - Started Regular Expression mapping
[ 2026-05-26 20:43:15,548] 25 root - INFO - Match heuristic business names to paybill payments
[ 2026-05-26 20:43:15,548] 174 root - INFO - Data transformation complete
[ 2026-05-26 20:43:15,548] 49 root - INFO - Started Regular Expression mapping
[ 2026-05-26 20:43:15,548] 174 root - INFO - Data transformation complete
[ 2026-05-26 20:43:15,549] 49 root - INFO - Started Regular Expression mapping
[ 2026-05-26 20:43:15,549] 174 root - INFO - Data transformation complete
[ 2026-05-26 20:43:15,549] 49 root - INFO - Started Regular Expression mapping
[ 2026-05-26 20:43:15,549] 174 root - INFO - Data transformation complete
[ 2026-05-26 20:43:15,549] 49 root - INFO - Started Regular Expression mapping
[ 2026-05-26 20:43:15,549] 174 root - INFO - Data transformation complete
[ 2026-05-26 20:43:15,550] 49 root - INFO - Started Regular Expression mapping
[ 2026-05-26 20:43:15,550] 174 root - INFO - Data transformation complete
[ 2026-05-26 20:43:15,550] 49 root - INFO - Started Regular Expression mapping
[ 2026-05-26 20:43:15,550] 174 root - INFO - Data transformation complete
[ 2026-05-26 20:43:15,550] 49 root - INFO - Started Regular Expression mapping
[ 2026-05-26 20:43:15,550] 174 root - INFO - Data transformation complete
[ 2026-05-26 20:43:15,550] 49 root - INFO - Started Regular Expression mapping
[ 2026-05-26 20:43:15,551] 174 root - INFO - Data transformation complete
[ 2026-05-26 20:43:15,551] 49 root - INFO - Started Regular Expression mapping
[ 2026-05-26 20:43:15,551] 174 root - INFO - Data transformation complete
[ 2026-05-26 20:43:15,551] 49 root - INFO - Started Regular Expression mapping
[ 2026-05-26 20:43:15,551] 174 root - INFO - Data transformation complete
[ 2026-05-26 20:43:15,551] 49 root - INFO - Started Regular Expression mapping
[ 2026-05-26 20:43:15,552] 174 root - INFO - Data transformation complete
[ 2026-05-26 20:43:15,552] 49 root - INFO - Started Regular Expression mapping
[ 2026-05-26 20:43:15,552] 25 root - INFO - Match heuristic business names to paybill payments
[ 2026-05-26 20:43:15,552] 174 root - INFO - Data transformation complete
[ 2026-05-26 20:43:15,552] 49 root - INFO - Started Regular Expression mapping
[ 2026-05-26 20:43:15,552] 25 root - INFO - Match heuristic business names to paybill payments
[ 2026-05-26 20:43:15,552] 174 root - INFO - Data transformation complete
[ 2026-05-26 20:43:15,553] 49 root - INFO - Started Regular Expression mapping
[ 2026-05-26 20:43:15,553] 174 root - INFO - Data transformation complete
[ 2026-05-26 20:43:15,553] 49 root - INFO - Started Regular Expression mapping
[ 2026-05-26 20:43:15,553] 174 root - INFO - Data transformation complete
[ 2026-05-26 20:43:15,553] 49 root - INFO - Started Regular Expression mapping
[ 2026-05-26 20:43:15,553] 174 root - INFO - Data transformation complete
[ 2026-05-26 20:43:15,553] 49 root - INFO - Started Regular Expression mapping
[ 2026-05-26 20:43:15,554] 174 root - INFO - Data transformation complete
[ 2026-05-26 20:43:15,554] 49 root - INFO - Started Regular Expression mapping
[ 2026-05-26 20:43:15,554] 174 root - INFO - Data transformation complete
[ 2026-05-26 20:43:15,554] 49 root - INFO - Started Regular Expression mapping
[ 2026-05-26 20:43:15,554] 174 root - INFO - Data transformation complete
[ 2026-05-26 20:43:15,554] 49 root - INFO - Started Regular Expression mapping
[ 2026-05-26 20:43:15,554] 174 root - INFO - Data transformation complete
[ 2026-05-26 20:43:15,554] 49 root - INFO - Started Regular Expression mapping
[ 2026-05-26 20:43:15,554] 25 root - INFO - Match heuristic business names to paybill payments
[ 2026-05-26 20:43:15,554] 174 root - INFO - Data transformation complete
[ 2026-05-26 20:43:15,555] 49 root - INFO - Started Regular Expression mapping
[ 2026-05-26 20:43:15,555] 174 root - INFO - Data transformation complete
[ 2026-05-26 20:43:15,555] 49 root - INFO - Started Regular Expression mapping
[ 2026-05-26 20:43:15,555] 174 root - INFO - Data transformation complete
[ 2026-05-26 20:43:15,555] 49 root - INFO - Started Regular Expression mapping
[ 2026-05-26 20:43:15,555] 174 root - INFO - Data transformation complete
[ 2026-05-26 20:43:15,555] 49 root - INFO - Started Regular Expression mapping
[ 2026-05-26 20:43:15,556] 174 root - INFO - Data transformation complete
[ 2026-05-26 20:43:15,556] 49 root - INFO - Started Regular Expression mapping
[ 2026-05-26 20:43:15,556] 174 root - INFO - Data transformation complete
[ 2026-05-26 20:43:15,557] 49 root - INFO - Started Regular Expression mapping
[ 2026-05-26 20:43:15,557] 174 root - INFO - Data transformation complete
[ 2026-05-26 20:43:15,557] 49 root - INFO - Started Regular Expression mapping
[ 2026-05-26 20:43:15,557] 174 root - INFO - Data transformation complete
[ 2026-05-26 20:43:15,557] 49 root - INFO - Started Regular Expression mapping
[ 2026-05-26 20:43:15,557] 174 root - INFO - Data transformation complete
[ 2026-05-26 20:43:15,557] 49 root - INFO - Started Regular Expression mapping
[ 2026-05-26 20:43:15,558] 174 root - INFO - Data transformation complete
[ 2026-05-26 20:43:15,558] 49 root - INFO - Started Regular Expression mapping
[ 2026-05-26 20:43:15,558] 174 root - INFO - Data transformation complete
[ 2026-05-26 20:43:15,558] 49 root - INFO - Started Regular Expression mapping
[ 2026-05-26 20:43:15,558] 174 root - INFO - Data transformation complete
[ 2026-05-26 20:43:15,558] 49 root - INFO - Started Regular Expression mapping
[ 2026-05-26 20:43:15,559] 174 root - INFO - Data transformation complete
[ 2026-05-26 20:43:15,559] 49 root - INFO - Started Regular Expression mapping
[ 2026-05-26 20:43:15,559] 174 root - INFO - Data transformation complete
[ 2026-05-26 20:43:15,559] 49 root - INFO - Started Regular Expression mapping
[ 2026-05-26 20:43:15,559] 174 root - INFO - Data transformation complete
[ 2026-05-26 20:43:15,559] 49 root - INFO - Started Regular Expression mapping
[ 2026-05-26 20:43:15,559] 174 root - INFO - Data transformation complete
[ 2026-05-26 20:43:15,560] 49 root - INFO - Started Regular Expression mapping
[ 2026-05-26 20:43:15,560] 174 root - INFO - Data transformation complete
[ 2026-05-26 20:43:15,560] 49 root - INFO - Started Regular Expression mapping
[ 2026-05-26 20:43:15,560] 174 root - INFO - Data transformation complete
[ 2026-05-26 20:43:15,560] 49 root - INFO - Started Regular Expression mapping
[ 2026-05-26 20:43:15,560] 174 root - INFO - Data transformation complete
[ 2026-05-26 20:43:15,560] 49 root - INFO - Started Regular Expression mapping
[ 2026-05-26 20:43:15,561] 174 root - INFO - Data transformation complete
[ 2026-05-26 20:43:15,561] 49 root - INFO - Started Regular Expression mapping
[ 2026-05-26 20:43:15,561] 25 root - INFO - Match heuristic business names to paybill payments
[ 2026-05-26 20:43:15,561] 174 root - INFO - Data transformation complete
[ 2026-05-26 20:43:15,561] 49 root - INFO - Started Regular Expression mapping
[ 2026-05-26 20:43:15,561] 174 root - INFO - Data transformation complete
[ 2026-05-26 20:43:15,561] 49 root - INFO - Started Regular Expression mapping
[ 2026-05-26 20:43:15,562] 174 root - INFO - Data transformation complete
[ 2026-05-26 20:43:15,562] 49 root - INFO - Started Regular Expression mapping
[ 2026-05-26 20:43:15,562] 174 root - INFO - Data transformation complete
[ 2026-05-26 20:43:15,562] 49 root - INFO - Started Regular Expression mapping
[ 2026-05-26 20:43:15,562] 174 root - INFO - Data transformation complete
[ 2026-05-26 20:43:15,562] 49 root - INFO - Started Regular Expression mapping
[ 2026-05-26 20:43:15,563] 174 root - INFO - Data transformation complete
[ 2026-05-26 20:43:15,563] 49 root - INFO - Started Regular Expression mapping
[ 2026-05-26 20:43:15,563] 174 root - INFO - Data transformation complete
[ 2026-05-26 20:43:15,563] 49 root - INFO - Started Regular Expression mapping
[ 2026-05-26 20:43:15,563] 174 root - INFO - Data transformation complete
[ 2026-05-26 20:43:15,563] 49 root - INFO - Started Regular Expression mapping
[ 2026-05-26 20:43:15,563] 174 root - INFO - Data transformation complete
[ 2026-05-26 20:43:15,564] 49 root - INFO - Started Regular Expression mapping
[ 2026-05-26 20:43:15,564] 174 root - INFO - Data transformation complete
[ 2026-05-26 20:43:15,564] 49 root - INFO - Started Regular Expression mapping
[ 2026-05-26 20:43:15,564] 25 root - INFO - Match heuristic business names to paybill payments
[ 2026-05-26 20:43:15,564] 174 root - INFO - Data transformation complete
[ 2026-05-26 20:43:15,564] 49 root - INFO - Started Regular Expression mapping
[ 2026-05-26 20:43:15,564] 174 root - INFO - Data transformation complete
[ 2026-05-26 20:43:15,564] 49 root - INFO - Started Regular Expression mapping
[ 2026-05-26 20:43:15,564] 174 root - INFO - Data transformation complete
[ 2026-05-26 20:43:15,564] 49 root - INFO - Started Regular Expression mapping
[ 2026-05-26 20:43:15,565] 174 root - INFO - Data transformation complete
[ 2026-05-26 20:43:15,565] 49 root - INFO - Started Regular Expression mapping
[ 2026-05-26 20:43:15,565] 174 root - INFO - Data transformation complete
[ 2026-05-26 20:43:15,565] 49 root - INFO - Started Regular Expression mapping
[ 2026-05-26 20:43:15,566] 174 root - INFO - Data transformation complete
[ 2026-05-26 20:43:15,566] 49 root - INFO - Started Regular Expression mapping
[ 2026-05-26 20:43:15,566] 174 root - INFO - Data transformation complete
[ 2026-05-26 20:43:15,566] 49 root - INFO - Started Regular Expression mapping
[ 2026-05-26 20:43:15,567] 174 root - INFO - Data transformation complete
[ 2026-05-26 20:43:15,567] 49 root - INFO - Started Regular Expression mapping
[ 2026-05-26 20:43:15,567] 174 root - INFO - Data transformation complete
[ 2026-05-26 20:43:15,568] 49 root - INFO - Started Regular Expression mapping
[ 2026-05-26 20:43:15,568] 25 root - INFO - Match heuristic business names to paybill payments
[ 2026-05-26 20:43:15,568] 174 root - INFO - Data transformation complete
[ 2026-05-26 20:43:15,568] 49 root - INFO - Started Regular Expression mapping
[ 2026-05-26 20:43:15,568] 25 root - INFO - Match heuristic business names to paybill payments
[ 2026-05-26 20:43:15,569] 174 root - INFO - Data transformation complete
[ 2026-05-26 20:43:15,569] 49 root - INFO - Started Regular Expression mapping
[ 2026-05-26 20:43:15,569] 174 root - INFO - Data transformation complete
[ 2026-05-26 20:43:15,569] 49 root - INFO - Started Regular Expression mapping
[ 2026-05-26 20:43:15,569] 25 root - INFO - Match heuristic business names to paybill payments
[ 2026-05-26 20:43:15,569] 174 root - INFO - Data transformation complete
[ 2026-05-26 20:43:15,569] 49 root - INFO - Started Regular Expression mapping
[ 2026-05-26 20:43:15,570] 174 root - INFO - Data transformation complete
[ 2026-05-26 20:43:15,570] 49 root - INFO - Started Regular Expression mapping
[ 2026-05-26 20:43:15,570] 174 root - INFO - Data transformation complete
[ 2026-05-26 20:43:15,570] 49 root - INFO - Started Regular Expression mapping
[ 2026-05-26 20:43:15,570] 174 root - INFO - Data transformation complete
[ 2026-05-26 20:43:15,570] 49 root - INFO - Started Regular Expression mapping
[ 2026-05-26 20:43:15,571] 174 root - INFO - Data transformation complete
[ 2026-05-26 20:43:15,571] 49 root - INFO - Started Regular Expression mapping
[ 2026-05-26 20:43:15,571] 174 root - INFO - Data transformation complete
[ 2026-05-26 20:43:15,571] 49 root - INFO - Started Regular Expression mapping
[ 2026-05-26 20:43:15,571] 174 root - INFO - Data transformation complete
[ 2026-05-26 20:43:15,571] 49 root - INFO - Started Regular Expression mapping
[ 2026-05-26 20:43:15,571] 174 root - INFO - Data transformation complete
[ 2026-05-26 20:43:15,572] 49 root - INFO - Started Regular Expression mapping
[ 2026-05-26 20:43:15,572] 174 root - INFO - Data transformation complete
[ 2026-05-26 20:43:15,572] 49 root - INFO - Started Regular Expression mapping
[ 2026-05-26 20:43:15,572] 174 root - INFO - Data transformation complete
[ 2026-05-26 20:43:15,572] 49 root - INFO - Started Regular Expression mapping
[ 2026-05-26 20:43:15,572] 174 root - INFO - Data transformation complete
[ 2026-05-26 20:43:15,573] 49 root - INFO - Started Regular Expression mapping
[ 2026-05-26 20:43:15,573] 174 root - INFO - Data transformation complete
[ 2026-05-26 20:43:15,573] 49 root - INFO - Started Regular Expression mapping
[ 2026-05-26 20:43:15,573] 174 root - INFO - Data transformation complete
[ 2026-05-26 20:43:15,573] 49 root - INFO - Started Regular Expression mapping
[ 2026-05-26 20:43:15,573] 25 root - INFO - Match heuristic business names to paybill payments
[ 2026-05-26 20:43:15,573] 174 root - INFO - Data transformation complete
[ 2026-05-26 20:43:15,574] 49 root - INFO - Started Regular Expression mapping
[ 2026-05-26 20:43:15,574] 174 root - INFO - Data transformation complete
[ 2026-05-26 20:43:15,574] 49 root - INFO - Started Regular Expression mapping
[ 2026-05-26 20:43:15,574] 174 root - INFO - Data transformation complete
[ 2026-05-26 20:43:15,574] 49 root - INFO - Started Regular Expression mapping
[ 2026-05-26 20:43:15,574] 174 root - INFO - Data transformation complete
[ 2026-05-26 20:43:15,574] 49 root - INFO - Started Regular Expression mapping
[ 2026-05-26 20:43:15,574] 174 root - INFO - Data transformation complete
[ 2026-05-26 20:43:15,574] 49 root - INFO - Started Regular Expression mapping
[ 2026-05-26 20:43:15,574] 174 root - INFO - Data transformation complete
[ 2026-05-26 20:43:15,574] 49 root - INFO - Started Regular Expression mapping
[ 2026-05-26 20:43:15,575] 174 root - INFO - Data transformation complete
[ 2026-05-26 20:43:15,575] 49 root - INFO - Started Regular Expression mapping
[ 2026-05-26 20:43:15,575] 174 root - INFO - Data transformation complete
[ 2026-05-26 20:43:15,575] 49 root - INFO - Started Regular Expression mapping
[ 2026-05-26 20:43:15,575] 174 root - INFO - Data transformation complete
[ 2026-05-26 20:43:15,575] 49 root - INFO - Started Regular Expression mapping
[ 2026-05-26 20:43:15,575] 174 root - INFO - Data transformation complete
[ 2026-05-26 20:43:15,576] 49 root - INFO - Started Regular Expression mapping
[ 2026-05-26 20:43:15,576] 174 root - INFO - Data transformation complete
[ 2026-05-26 20:43:15,576] 49 root - INFO - Started Regular Expression mapping
[ 2026-05-26 20:43:15,577] 174 root - INFO - Data transformation complete
[ 2026-05-26 20:43:15,577] 49 root - INFO - Started Regular Expression mapping
[ 2026-05-26 20:43:15,577] 174 root - INFO - Data transformation complete
[ 2026-05-26 20:43:15,577] 49 root - INFO - Started Regular Expression mapping
[ 2026-05-26 20:43:15,577] 174 root - INFO - Data transformation complete
[ 2026-05-26 20:43:15,577] 49 root - INFO - Started Regular Expression mapping
[ 2026-05-26 20:43:15,577] 174 root - INFO - Data transformation complete
[ 2026-05-26 20:43:15,578] 49 root - INFO - Started Regular Expression mapping
[ 2026-05-26 20:43:15,578] 174 root - INFO - Data transformation complete
[ 2026-05-26 20:43:15,578] 49 root - INFO - Started Regular Expression mapping
[ 2026-05-26 20:43:15,578] 25 root - INFO - Match heuristic business names to paybill payments
[ 2026-05-26 20:43:15,578] 174 root - INFO - Data transformation complete
[ 2026-05-26 20:43:15,578] 49 root - INFO - Started Regular Expression mapping
[ 2026-05-26 20:43:15,579] 174 root - INFO - Data transformation complete
[ 2026-05-26 20:43:15,579] 49 root - INFO - Started Regular Expression mapping
[ 2026-05-26 20:43:15,579] 25 root - INFO - Match heuristic business names to paybill payments
[ 2026-05-26 20:43:15,579] 174 root - INFO - Data transformation complete
[ 2026-05-26 20:43:15,579] 49 root - INFO - Started Regular Expression mapping
[ 2026-05-26 20:43:15,579] 174 root - INFO - Data transformation complete
[ 2026-05-26 20:43:15,579] 49 root - INFO - Started Regular Expression mapping
[ 2026-05-26 20:43:15,580] 174 root - INFO - Data transformation complete
[ 2026-05-26 20:43:15,580] 49 root - INFO - Started Regular Expression mapping
[ 2026-05-26 20:43:15,580] 174 root - INFO - Data transformation complete
[ 2026-05-26 20:43:15,580] 49 root - INFO - Started Regular Expression mapping
[ 2026-05-26 20:43:15,580] 174 root - INFO - Data transformation complete
[ 2026-05-26 20:43:15,580] 49 root - INFO - Started Regular Expression mapping
[ 2026-05-26 20:43:15,580] 174 root - INFO - Data transformation complete
[ 2026-05-26 20:43:15,581] 49 root - INFO - Started Regular Expression mapping
[ 2026-05-26 20:43:15,581] 174 root - INFO - Data transformation complete
[ 2026-05-26 20:43:15,581] 49 root - INFO - Started Regular Expression mapping
[ 2026-05-26 20:43:15,581] 174 root - INFO - Data transformation complete
[ 2026-05-26 20:43:15,581] 49 root - INFO - Started Regular Expression mapping
[ 2026-05-26 20:43:15,582] 174 root - INFO - Data transformation complete
[ 2026-05-26 20:43:15,582] 49 root - INFO - Started Regular Expression mapping
[ 2026-05-26 20:43:15,582] 174 root - INFO - Data transformation complete
[ 2026-05-26 20:43:15,582] 49 root - INFO - Started Regular Expression mapping
[ 2026-05-26 20:43:15,582] 174 root - INFO - Data transformation complete
[ 2026-05-26 20:43:15,582] 49 root - INFO - Started Regular Expression mapping
[ 2026-05-26 20:43:15,582] 25 root - INFO - Match heuristic business names to paybill payments
[ 2026-05-26 20:43:15,583] 174 root - INFO - Data transformation complete
[ 2026-05-26 20:43:15,583] 49 root - INFO - Started Regular Expression mapping
[ 2026-05-26 20:43:15,583] 174 root - INFO - Data transformation complete
[ 2026-05-26 20:43:15,583] 49 root - INFO - Started Regular Expression mapping
[ 2026-05-26 20:43:15,583] 174 root - INFO - Data transformation complete
[ 2026-05-26 20:43:15,583] 49 root - INFO - Started Regular Expression mapping
[ 2026-05-26 20:43:15,583] 174 root - INFO - Data transformation complete
[ 2026-05-26 20:43:15,584] 49 root - INFO - Started Regular Expression mapping
[ 2026-05-26 20:43:15,584] 174 root - INFO - Data transformation complete
[ 2026-05-26 20:43:15,584] 49 root - INFO - Started Regular Expression mapping
[ 2026-05-26 20:43:15,584] 174 root - INFO - Data transformation complete
[ 2026-05-26 20:43:15,584] 49 root - INFO - Started Regular Expression mapping
[ 2026-05-26 20:43:15,584] 174 root - INFO - Data transformation complete
[ 2026-05-26 20:43:15,584] 49 root - INFO - Started Regular Expression mapping
[ 2026-05-26 20:43:15,584] 174 root - INFO - Data transformation complete
[ 2026-05-26 20:43:15,584] 49 root - INFO - Started Regular Expression mapping
[ 2026-05-26 20:43:15,584] 174 root - INFO - Data transformation complete
[ 2026-05-26 20:43:15,585] 49 root - INFO - Started Regular Expression mapping
[ 2026-05-26 20:43:15,585] 174 root - INFO - Data transformation complete
[ 2026-05-26 20:43:15,585] 49 root - INFO - Started Regular Expression mapping
[ 2026-05-26 20:43:15,585] 174 root - INFO - Data transformation complete
[ 2026-05-26 20:43:15,586] 49 root - INFO - Started Regular Expression mapping
[ 2026-05-26 20:43:15,586] 174 root - INFO - Data transformation complete
[ 2026-05-26 20:43:15,586] 49 root - INFO - Started Regular Expression mapping
[ 2026-05-26 20:43:15,586] 174 root - INFO - Data transformation complete
[ 2026-05-26 20:43:15,586] 49 root - INFO - Started Regular Expression mapping
[ 2026-05-26 20:43:15,586] 174 root - INFO - Data transformation complete
[ 2026-05-26 20:43:15,586] 49 root - INFO - Started Regular Expression mapping
[ 2026-05-26 20:43:15,587] 174 root - INFO - Data transformation complete
[ 2026-05-26 20:43:15,587] 49 root - INFO - Started Regular Expression mapping
[ 2026-05-26 20:43:15,587] 174 root - INFO - Data transformation complete
[ 2026-05-26 20:43:15,587] 49 root - INFO - Started Regular Expression mapping
[ 2026-05-26 20:43:15,588] 25 root - INFO - Match heuristic business names to paybill payments
[ 2026-05-26 20:43:15,588] 174 root - INFO - Data transformation complete
[ 2026-05-26 20:43:15,588] 49 root - INFO - Started Regular Expression mapping
[ 2026-05-26 20:43:15,588] 174 root - INFO - Data transformation complete
[ 2026-05-26 20:43:15,588] 49 root - INFO - Started Regular Expression mapping
[ 2026-05-26 20:43:15,588] 174 root - INFO - Data transformation complete
[ 2026-05-26 20:43:15,588] 49 root - INFO - Started Regular Expression mapping
[ 2026-05-26 20:43:15,589] 174 root - INFO - Data transformation complete
[ 2026-05-26 20:43:15,589] 49 root - INFO - Started Regular Expression mapping
[ 2026-05-26 20:43:15,589] 174 root - INFO - Data transformation complete
[ 2026-05-26 20:43:15,589] 49 root - INFO - Started Regular Expression mapping
[ 2026-05-26 20:43:15,589] 174 root - INFO - Data transformation complete
[ 2026-05-26 20:43:15,589] 49 root - INFO - Started Regular Expression mapping
[ 2026-05-26 20:43:15,589] 174 root - INFO - Data transformation complete
[ 2026-05-26 20:43:15,590] 49 root - INFO - Started Regular Expression mapping
[ 2026-05-26 20:43:15,590] 174 root - INFO - Data transformation complete
[ 2026-05-26 20:43:15,590] 49 root - INFO - Started Regular Expression mapping
[ 2026-05-26 20:43:15,590] 174 root - INFO - Data transformation complete
[ 2026-05-26 20:43:15,590] 49 root - INFO - Started Regular Expression mapping
[ 2026-05-26 20:43:15,590] 174 root - INFO - Data transformation complete
[ 2026-05-26 20:43:15,591] 49 root - INFO - Started Regular Expression mapping
[ 2026-05-26 20:43:15,591] 174 root - INFO - Data transformation complete
[ 2026-05-26 20:43:15,591] 49 root - INFO - Started Regular Expression mapping
[ 2026-05-26 20:43:15,591] 174 root - INFO - Data transformation complete
[ 2026-05-26 20:43:15,591] 49 root - INFO - Started Regular Expression mapping
[ 2026-05-26 20:43:15,591] 174 root - INFO - Data transformation complete
[ 2026-05-26 20:43:15,591] 49 root - INFO - Started Regular Expression mapping
[ 2026-05-26 20:43:15,592] 174 root - INFO - Data transformation complete
[ 2026-05-26 20:43:15,592] 49 root - INFO - Started Regular Expression mapping
[ 2026-05-26 20:43:15,592] 174 root - INFO - Data transformation complete
[ 2026-05-26 20:43:15,592] 49 root - INFO - Started Regular Expression mapping
[ 2026-05-26 20:43:15,592] 174 root - INFO - Data transformation complete
[ 2026-05-26 20:43:15,592] 49 root - INFO - Started Regular Expression mapping
[ 2026-05-26 20:43:15,592] 174 root - INFO - Data transformation complete
[ 2026-05-26 20:43:15,593] 49 root - INFO - Started Regular Expression mapping
[ 2026-05-26 20:43:15,593] 174 root - INFO - Data transformation complete
[ 2026-05-26 20:43:15,593] 49 root - INFO - Started Regular Expression mapping
[ 2026-05-26 20:43:15,593] 174 root - INFO - Data transformation complete
[ 2026-05-26 20:43:15,593] 49 root - INFO - Started Regular Expression mapping
[ 2026-05-26 20:43:15,593] 174 root - INFO - Data transformation complete
[ 2026-05-26 20:43:15,593] 49 root - INFO - Started Regular Expression mapping
[ 2026-05-26 20:43:15,594] 174 root - INFO - Data transformation complete
[ 2026-05-26 20:43:15,594] 49 root - INFO - Started Regular Expression mapping
[ 2026-05-26 20:43:15,594] 174 root - INFO - Data transformation complete
[ 2026-05-26 20:43:15,594] 49 root - INFO - Started Regular Expression mapping
[ 2026-05-26 20:43:15,594] 174 root - INFO - Data transformation complete
[ 2026-05-26 20:43:15,594] 49 root - INFO - Started Regular Expression mapping
[ 2026-05-26 20:43:15,594] 174 root - INFO - Data transformation complete
[ 2026-05-26 20:43:15,594] 49 root - INFO - Started Regular Expression mapping
[ 2026-05-26 20:43:15,594] 174 root - INFO - Data transformation complete
[ 2026-05-26 20:43:15,594] 49 root - INFO - Started Regular Expression mapping
[ 2026-05-26 20:43:15,595] 25 root - INFO - Match heuristic business names to paybill payments
[ 2026-05-26 20:43:15,595] 174 root - INFO - Data transformation complete
[ 2026-05-26 20:43:15,595] 49 root - INFO - Started Regular Expression mapping
[ 2026-05-26 20:43:15,595] 174 root - INFO - Data transformation complete
[ 2026-05-26 20:43:15,595] 49 root - INFO - Started Regular Expression mapping
[ 2026-05-26 20:43:15,595] 174 root - INFO - Data transformation complete
[ 2026-05-26 20:43:15,596] 49 root - INFO - Started Regular Expression mapping
[ 2026-05-26 20:43:15,596] 174 root - INFO - Data transformation complete
[ 2026-05-26 20:43:15,597] 49 root - INFO - Started Regular Expression mapping
[ 2026-05-26 20:43:15,597] 174 root - INFO - Data transformation complete
[ 2026-05-26 20:43:15,597] 49 root - INFO - Started Regular Expression mapping
[ 2026-05-26 20:43:15,598] 174 root - INFO - Data transformation complete
[ 2026-05-26 20:43:15,598] 49 root - INFO - Started Regular Expression mapping
[ 2026-05-26 20:43:15,598] 174 root - INFO - Data transformation complete
[ 2026-05-26 20:43:15,598] 49 root - INFO - Started Regular Expression mapping
[ 2026-05-26 20:43:15,598] 174 root - INFO - Data transformation complete
[ 2026-05-26 20:43:15,598] 49 root - INFO - Started Regular Expression mapping
[ 2026-05-26 20:43:15,599] 174 root - INFO - Data transformation complete
[ 2026-05-26 20:43:15,599] 49 root - INFO - Started Regular Expression mapping
[ 2026-05-26 20:43:15,599] 174 root - INFO - Data transformation complete
[ 2026-05-26 20:43:15,599] 49 root - INFO - Started Regular Expression mapping
[ 2026-05-26 20:43:15,599] 25 root - INFO - Match heuristic business names to paybill payments
[ 2026-05-26 20:43:15,600] 174 root - INFO - Data transformation complete
[ 2026-05-26 20:43:15,600] 49 root - INFO - Started Regular Expression mapping
[ 2026-05-26 20:43:15,600] 174 root - INFO - Data transformation complete
[ 2026-05-26 20:43:15,600] 49 root - INFO - Started Regular Expression mapping
[ 2026-05-26 20:43:15,600] 174 root - INFO - Data transformation complete
[ 2026-05-26 20:43:15,601] 49 root - INFO - Started Regular Expression mapping
[ 2026-05-26 20:43:15,601] 174 root - INFO - Data transformation complete
[ 2026-05-26 20:43:15,601] 49 root - INFO - Started Regular Expression mapping
[ 2026-05-26 20:43:15,601] 174 root - INFO - Data transformation complete
[ 2026-05-26 20:43:15,601] 49 root - INFO - Started Regular Expression mapping
[ 2026-05-26 20:43:15,601] 174 root - INFO - Data transformation complete
[ 2026-05-26 20:43:15,602] 49 root - INFO - Started Regular Expression mapping
[ 2026-05-26 20:43:15,602] 174 root - INFO - Data transformation complete
[ 2026-05-26 20:43:15,602] 49 root - INFO - Started Regular Expression mapping
[ 2026-05-26 20:43:15,602] 174 root - INFO - Data transformation complete
[ 2026-05-26 20:43:15,602] 49 root - INFO - Started Regular Expression mapping
[ 2026-05-26 20:43:15,603] 174 root - INFO - Data transformation complete
[ 2026-05-26 20:43:15,603] 49 root - INFO - Started Regular Expression mapping
[ 2026-05-26 20:43:15,603] 174 root - INFO - Data transformation complete
[ 2026-05-26 20:43:15,603] 49 root - INFO - Started Regular Expression mapping
[ 2026-05-26 20:43:15,603] 174 root - INFO - Data transformation complete
[ 2026-05-26 20:43:15,603] 49 root - INFO - Started Regular Expression mapping
[ 2026-05-26 20:43:15,604] 174 root - INFO - Data transformation complete
[ 2026-05-26 20:43:15,604] 49 root - INFO - Started Regular Expression mapping
[ 2026-05-26 20:43:15,604] 174 root - INFO - Data transformation complete
[ 2026-05-26 20:43:15,604] 49 root - INFO - Started Regular Expression mapping
[ 2026-05-26 20:43:15,604] 174 root - INFO - Data transformation complete
[ 2026-05-26 20:43:15,604] 49 root - INFO - Started Regular Expression mapping
[ 2026-05-26 20:43:15,604] 174 root - INFO - Data transformation complete
[ 2026-05-26 20:43:15,604] 49 root - INFO - Started Regular Expression mapping
[ 2026-05-26 20:43:15,605] 174 root - INFO - Data transformation complete
[ 2026-05-26 20:43:15,605] 49 root - INFO - Started Regular Expression mapping
[ 2026-05-26 20:43:15,606] 174 root - INFO - Data transformation complete
[ 2026-05-26 20:43:15,606] 49 root - INFO - Started Regular Expression mapping
[ 2026-05-26 20:43:15,606] 174 root - INFO - Data transformation complete
[ 2026-05-26 20:43:15,606] 49 root - INFO - Started Regular Expression mapping
[ 2026-05-26 20:43:15,607] 174 root - INFO - Data transformation complete
[ 2026-05-26 20:43:15,607] 49 root - INFO - Started Regular Expression mapping
[ 2026-05-26 20:43:15,608] 25 root - INFO - Match heuristic business names to paybill payments
[ 2026-05-26 20:43:15,608] 174 root - INFO - Data transformation complete
[ 2026-05-26 20:43:15,608] 49 root - INFO - Started Regular Expression mapping
[ 2026-05-26 20:43:15,608] 174 root - INFO - Data transformation complete
[ 2026-05-26 20:43:15,608] 49 root - INFO - Started Regular Expression mapping
[ 2026-05-26 20:43:15,608] 174 root - INFO - Data transformation complete
[ 2026-05-26 20:43:15,609] 49 root - INFO - Started Regular Expression mapping
[ 2026-05-26 20:43:15,609] 174 root - INFO - Data transformation complete
[ 2026-05-26 20:43:15,609] 49 root - INFO - Started Regular Expression mapping
[ 2026-05-26 20:43:15,609] 25 root - INFO - Match heuristic business names to paybill payments
[ 2026-05-26 20:43:15,609] 174 root - INFO - Data transformation complete
[ 2026-05-26 20:43:15,609] 49 root - INFO - Started Regular Expression mapping
[ 2026-05-26 20:43:15,610] 174 root - INFO - Data transformation complete
[ 2026-05-26 20:43:15,610] 49 root - INFO - Started Regular Expression mapping
[ 2026-05-26 20:43:15,610] 174 root - INFO - Data transformation complete
[ 2026-05-26 20:43:15,610] 49 root - INFO - Started Regular Expression mapping
[ 2026-05-26 20:43:15,610] 174 root - INFO - Data transformation complete
[ 2026-05-26 20:43:15,611] 49 root - INFO - Started Regular Expression mapping
[ 2026-05-26 20:43:15,611] 174 root - INFO - Data transformation complete
[ 2026-05-26 20:43:15,611] 49 root - INFO - Started Regular Expression mapping
[ 2026-05-26 20:43:15,611] 174 root - INFO - Data transformation complete
[ 2026-05-26 20:43:15,611] 49 root - INFO - Started Regular Expression mapping
[ 2026-05-26 20:43:15,612] 174 root - INFO - Data transformation complete
[ 2026-05-26 20:43:15,612] 49 root - INFO - Started Regular Expression mapping
[ 2026-05-26 20:43:15,612] 174 root - INFO - Data transformation complete
[ 2026-05-26 20:43:15,612] 49 root - INFO - Started Regular Expression mapping
[ 2026-05-26 20:43:15,613] 174 root - INFO - Data transformation complete
[ 2026-05-26 20:43:15,613] 49 root - INFO - Started Regular Expression mapping
[ 2026-05-26 20:43:15,613] 174 root - INFO - Data transformation complete
[ 2026-05-26 20:43:15,613] 49 root - INFO - Started Regular Expression mapping
[ 2026-05-26 20:43:15,613] 174 root - INFO - Data transformation complete
[ 2026-05-26 20:43:15,613] 49 root - INFO - Started Regular Expression mapping
[ 2026-05-26 20:43:15,614] 174 root - INFO - Data transformation complete
[ 2026-05-26 20:43:15,614] 49 root - INFO - Started Regular Expression mapping
[ 2026-05-26 20:43:15,614] 174 root - INFO - Data transformation complete
[ 2026-05-26 20:43:15,614] 49 root - INFO - Started Regular Expression mapping
[ 2026-05-26 20:43:15,614] 174 root - INFO - Data transformation complete
[ 2026-05-26 20:43:15,614] 49 root - INFO - Started Regular Expression mapping
[ 2026-05-26 20:43:15,614] 174 root - INFO - Data transformation complete
[ 2026-05-26 20:43:15,614] 49 root - INFO - Started Regular Expression mapping
[ 2026-05-26 20:43:15,615] 174 root - INFO - Data transformation complete
[ 2026-05-26 20:43:15,615] 49 root - INFO - Started Regular Expression mapping
[ 2026-05-26 20:43:15,615] 174 root - INFO - Data transformation complete
[ 2026-05-26 20:43:15,616] 49 root - INFO - Started Regular Expression mapping
[ 2026-05-26 20:43:15,616] 174 root - INFO - Data transformation complete
[ 2026-05-26 20:43:15,616] 49 root - INFO - Started Regular Expression mapping
[ 2026-05-26 20:43:15,616] 174 root - INFO - Data transformation complete
[ 2026-05-26 20:43:15,616] 49 root - INFO - Started Regular Expression mapping
[ 2026-05-26 20:43:15,616] 174 root - INFO - Data transformation complete
[ 2026-05-26 20:43:15,617] 49 root - INFO - Started Regular Expression mapping
[ 2026-05-26 20:43:15,617] 174 root - INFO - Data transformation complete
[ 2026-05-26 20:43:15,617] 49 root - INFO - Started Regular Expression mapping
[ 2026-05-26 20:43:15,617] 174 root - INFO - Data transformation complete
[ 2026-05-26 20:43:15,617] 49 root - INFO - Started Regular Expression mapping
[ 2026-05-26 20:43:15,618] 174 root - INFO - Data transformation complete
[ 2026-05-26 20:43:15,618] 49 root - INFO - Started Regular Expression mapping
[ 2026-05-26 20:43:15,618] 174 root - INFO - Data transformation complete
[ 2026-05-26 20:43:15,618] 49 root - INFO - Started Regular Expression mapping
[ 2026-05-26 20:43:15,618] 174 root - INFO - Data transformation complete
[ 2026-05-26 20:43:15,619] 49 root - INFO - Started Regular Expression mapping
[ 2026-05-26 20:43:15,619] 174 root - INFO - Data transformation complete
[ 2026-05-26 20:43:15,619] 49 root - INFO - Started Regular Expression mapping
[ 2026-05-26 20:43:15,619] 174 root - INFO - Data transformation complete
[ 2026-05-26 20:43:15,619] 49 root - INFO - Started Regular Expression mapping
[ 2026-05-26 20:43:15,619] 174 root - INFO - Data transformation complete
[ 2026-05-26 20:43:15,620] 49 root - INFO - Started Regular Expression mapping
[ 2026-05-26 20:43:15,620] 174 root - INFO - Data transformation complete
[ 2026-05-26 20:43:15,620] 49 root - INFO - Started Regular Expression mapping
[ 2026-05-26 20:43:15,620] 174 root - INFO - Data transformation complete
[ 2026-05-26 20:43:15,620] 49 root - INFO - Started Regular Expression mapping
[ 2026-05-26 20:43:15,620] 174 root - INFO - Data transformation complete
[ 2026-05-26 20:43:15,621] 49 root - INFO - Started Regular Expression mapping
[ 2026-05-26 20:43:15,621] 174 root - INFO - Data transformation complete
[ 2026-05-26 20:43:15,621] 49 root - INFO - Started Regular Expression mapping
[ 2026-05-26 20:43:15,621] 174 root - INFO - Data transformation complete
[ 2026-05-26 20:43:15,621] 49 root - INFO - Started Regular Expression mapping
[ 2026-05-26 20:43:15,622] 174 root - INFO - Data transformation complete
[ 2026-05-26 20:43:15,622] 49 root - INFO - Started Regular Expression mapping
[ 2026-05-26 20:43:15,622] 174 root - INFO - Data transformation complete
[ 2026-05-26 20:43:15,622] 49 root - INFO - Started Regular Expression mapping
[ 2026-05-26 20:43:15,622] 25 root - INFO - Match heuristic business names to paybill payments
[ 2026-05-26 20:43:15,623] 174 root - INFO - Data transformation complete
[ 2026-05-26 20:43:15,623] 49 root - INFO - Started Regular Expression mapping
[ 2026-05-26 20:43:15,623] 174 root - INFO - Data transformation complete
[ 2026-05-26 20:43:15,623] 49 root - INFO - Started Regular Expression mapping
[ 2026-05-26 20:43:15,623] 174 root - INFO - Data transformation complete
[ 2026-05-26 20:43:15,623] 49 root - INFO - Started Regular Expression mapping
[ 2026-05-26 20:43:15,624] 25 root - INFO - Match heuristic business names to paybill payments
[ 2026-05-26 20:43:15,624] 174 root - INFO - Data transformation complete
[ 2026-05-26 20:43:15,624] 49 root - INFO - Started Regular Expression mapping
[ 2026-05-26 20:43:15,624] 174 root - INFO - Data transformation complete
[ 2026-05-26 20:43:15,624] 49 root - INFO - Started Regular Expression mapping
[ 2026-05-26 20:43:15,624] 25 root - INFO - Match heuristic business names to paybill payments
[ 2026-05-26 20:43:15,624] 174 root - INFO - Data transformation complete
[ 2026-05-26 20:43:15,624] 49 root - INFO - Started Regular Expression mapping
[ 2026-05-26 20:43:15,625] 174 root - INFO - Data transformation complete
[ 2026-05-26 20:43:15,625] 49 root - INFO - Started Regular Expression mapping
[ 2026-05-26 20:43:15,625] 174 root - INFO - Data transformation complete
[ 2026-05-26 20:43:15,626] 49 root - INFO - Started Regular Expression mapping
[ 2026-05-26 20:43:15,626] 174 root - INFO - Data transformation complete
[ 2026-05-26 20:43:15,626] 49 root - INFO - Started Regular Expression mapping
[ 2026-05-26 20:43:15,626] 174 root - INFO - Data transformation complete
[ 2026-05-26 20:43:15,626] 49 root - INFO - Started Regular Expression mapping
[ 2026-05-26 20:43:15,627] 174 root - INFO - Data transformation complete
[ 2026-05-26 20:43:15,627] 49 root - INFO - Started Regular Expression mapping
[ 2026-05-26 20:43:15,628] 25 root - INFO - Match heuristic business names to paybill payments
[ 2026-05-26 20:43:15,628] 174 root - INFO - Data transformation complete
[ 2026-05-26 20:43:15,628] 49 root - INFO - Started Regular Expression mapping
[ 2026-05-26 20:43:15,628] 174 root - INFO - Data transformation complete
[ 2026-05-26 20:43:15,628] 49 root - INFO - Started Regular Expression mapping
[ 2026-05-26 20:43:15,629] 174 root - INFO - Data transformation complete
[ 2026-05-26 20:43:15,629] 49 root - INFO - Started Regular Expression mapping
[ 2026-05-26 20:43:15,629] 174 root - INFO - Data transformation complete
[ 2026-05-26 20:43:15,629] 49 root - INFO - Started Regular Expression mapping
[ 2026-05-26 20:43:15,630] 174 root - INFO - Data transformation complete
[ 2026-05-26 20:43:15,630] 49 root - INFO - Started Regular Expression mapping
[ 2026-05-26 20:43:15,630] 174 root - INFO - Data transformation complete
[ 2026-05-26 20:43:15,630] 49 root - INFO - Started Regular Expression mapping
[ 2026-05-26 20:43:15,630] 174 root - INFO - Data transformation complete
[ 2026-05-26 20:43:15,630] 49 root - INFO - Started Regular Expression mapping
[ 2026-05-26 20:43:15,631] 174 root - INFO - Data transformation complete
[ 2026-05-26 20:43:15,631] 49 root - INFO - Started Regular Expression mapping
[ 2026-05-26 20:43:15,631] 174 root - INFO - Data transformation complete
[ 2026-05-26 20:43:15,631] 49 root - INFO - Started Regular Expression mapping
[ 2026-05-26 20:43:15,631] 174 root - INFO - Data transformation complete
[ 2026-05-26 20:43:15,632] 49 root - INFO - Started Regular Expression mapping
[ 2026-05-26 20:43:15,632] 174 root - INFO - Data transformation complete
[ 2026-05-26 20:43:15,632] 49 root - INFO - Started Regular Expression mapping
[ 2026-05-26 20:43:15,632] 174 root - INFO - Data transformation complete
[ 2026-05-26 20:43:15,632] 49 root - INFO - Started Regular Expression mapping
[ 2026-05-26 20:43:15,632] 174 root - INFO - Data transformation complete
[ 2026-05-26 20:43:15,633] 49 root - INFO - Started Regular Expression mapping
[ 2026-05-26 20:43:15,633] 174 root - INFO - Data transformation complete
[ 2026-05-26 20:43:15,633] 49 root - INFO - Started Regular Expression mapping
[ 2026-05-26 20:43:15,633] 174 root - INFO - Data transformation complete
[ 2026-05-26 20:43:15,633] 49 root - INFO - Started Regular Expression mapping
[ 2026-05-26 20:43:15,633] 174 root - INFO - Data transformation complete
[ 2026-05-26 20:43:15,633] 49 root - INFO - Started Regular Expression mapping
[ 2026-05-26 20:43:15,633] 174 root - INFO - Data transformation complete
[ 2026-05-26 20:43:15,634] 49 root - INFO - Started Regular Expression mapping
[ 2026-05-26 20:43:15,634] 174 root - INFO - Data transformation complete
[ 2026-05-26 20:43:15,634] 49 root - INFO - Started Regular Expression mapping
[ 2026-05-26 20:43:15,634] 174 root - INFO - Data transformation complete
[ 2026-05-26 20:43:15,634] 49 root - INFO - Started Regular Expression mapping
[ 2026-05-26 20:43:15,634] 174 root - INFO - Data transformation complete
[ 2026-05-26 20:43:15,634] 49 root - INFO - Started Regular Expression mapping
[ 2026-05-26 20:43:15,636] 174 root - INFO - Data transformation complete
[ 2026-05-26 20:43:15,636] 49 root - INFO - Started Regular Expression mapping
[ 2026-05-26 20:43:15,636] 174 root - INFO - Data transformation complete
[ 2026-05-26 20:43:15,636] 49 root - INFO - Started Regular Expression mapping
[ 2026-05-26 20:43:15,636] 174 root - INFO - Data transformation complete
[ 2026-05-26 20:43:15,636] 49 root - INFO - Started Regular Expression mapping
[ 2026-05-26 20:43:15,636] 174 root - INFO - Data transformation complete
[ 2026-05-26 20:43:15,636] 49 root - INFO - Started Regular Expression mapping
[ 2026-05-26 20:43:15,636] 174 root - INFO - Data transformation complete
[ 2026-05-26 20:43:15,637] 49 root - INFO - Started Regular Expression mapping
[ 2026-05-26 20:43:15,637] 174 root - INFO - Data transformation complete
[ 2026-05-26 20:43:15,637] 49 root - INFO - Started Regular Expression mapping
[ 2026-05-26 20:43:15,637] 174 root - INFO - Data transformation complete
[ 2026-05-26 20:43:15,637] 49 root - INFO - Started Regular Expression mapping
[ 2026-05-26 20:43:15,638] 174 root - INFO - Data transformation complete
[ 2026-05-26 20:43:15,638] 49 root - INFO - Started Regular Expression mapping
[ 2026-05-26 20:43:15,638] 174 root - INFO - Data transformation complete
[ 2026-05-26 20:43:15,638] 49 root - INFO - Started Regular Expression mapping
[ 2026-05-26 20:43:15,638] 174 root - INFO - Data transformation complete
[ 2026-05-26 20:43:15,638] 49 root - INFO - Started Regular Expression mapping
[ 2026-05-26 20:43:15,639] 174 root - INFO - Data transformation complete
[ 2026-05-26 20:43:15,639] 49 root - INFO - Started Regular Expression mapping
[ 2026-05-26 20:43:15,639] 174 root - INFO - Data transformation complete
[ 2026-05-26 20:43:15,639] 49 root - INFO - Started Regular Expression mapping
[ 2026-05-26 20:43:15,639] 174 root - INFO - Data transformation complete
[ 2026-05-26 20:43:15,640] 49 root - INFO - Started Regular Expression mapping
[ 2026-05-26 20:43:15,640] 174 root - INFO - Data transformation complete
[ 2026-05-26 20:43:15,640] 49 root - INFO - Started Regular Expression mapping
[ 2026-05-26 20:43:15,640] 174 root - INFO - Data transformation complete
[ 2026-05-26 20:43:15,640] 49 root - INFO - Started Regular Expression mapping
[ 2026-05-26 20:43:15,641] 174 root - INFO - Data transformation complete
[ 2026-05-26 20:43:15,641] 49 root - INFO - Started Regular Expression mapping
[ 2026-05-26 20:43:15,641] 174 root - INFO - Data transformation complete
[ 2026-05-26 20:43:15,641] 49 root - INFO - Started Regular Expression mapping
[ 2026-05-26 20:43:15,641] 174 root - INFO - Data transformation complete
[ 2026-05-26 20:43:15,641] 49 root - INFO - Started Regular Expression mapping
[ 2026-05-26 20:43:15,642] 174 root - INFO - Data transformation complete
[ 2026-05-26 20:43:15,642] 49 root - INFO - Started Regular Expression mapping
[ 2026-05-26 20:43:15,643] 174 root - INFO - Data transformation complete
[ 2026-05-26 20:43:15,643] 49 root - INFO - Started Regular Expression mapping
[ 2026-05-26 20:43:15,643] 174 root - INFO - Data transformation complete
[ 2026-05-26 20:43:15,643] 49 root - INFO - Started Regular Expression mapping
[ 2026-05-26 20:43:15,643] 174 root - INFO - Data transformation complete
[ 2026-05-26 20:43:15,644] 49 root - INFO - Started Regular Expression mapping
[ 2026-05-26 20:43:15,644] 174 root - INFO - Data transformation complete
[ 2026-05-26 20:43:15,644] 49 root - INFO - Started Regular Expression mapping
[ 2026-05-26 20:43:15,644] 174 root - INFO - Data transformation complete
[ 2026-05-26 20:43:15,644] 49 root - INFO - Started Regular Expression mapping
[ 2026-05-26 20:43:15,644] 174 root - INFO - Data transformation complete
[ 2026-05-26 20:43:15,645] 49 root - INFO - Started Regular Expression mapping
[ 2026-05-26 20:43:15,645] 174 root - INFO - Data transformation complete
[ 2026-05-26 20:43:15,645] 49 root - INFO - Started Regular Expression mapping
[ 2026-05-26 20:43:15,646] 174 root - INFO - Data transformation complete
[ 2026-05-26 20:43:15,646] 49 root - INFO - Started Regular Expression mapping
[ 2026-05-26 20:43:15,646] 174 root - INFO - Data transformation complete
[ 2026-05-26 20:43:15,646] 49 root - INFO - Started Regular Expression mapping
[ 2026-05-26 20:43:15,646] 174 root - INFO - Data transformation complete
[ 2026-05-26 20:43:15,646] 49 root - INFO - Started Regular Expression mapping
[ 2026-05-26 20:43:15,646] 174 root - INFO - Data transformation complete
[ 2026-05-26 20:43:15,646] 49 root - INFO - Started Regular Expression mapping
[ 2026-05-26 20:43:15,647] 174 root - INFO - Data transformation complete
[ 2026-05-26 20:43:15,647] 49 root - INFO - Started Regular Expression mapping
[ 2026-05-26 20:43:15,648] 174 root - INFO - Data transformation complete
[ 2026-05-26 20:43:15,648] 49 root - INFO - Started Regular Expression mapping
[ 2026-05-26 20:43:15,648] 174 root - INFO - Data transformation complete
[ 2026-05-26 20:43:15,648] 49 root - INFO - Started Regular Expression mapping
[ 2026-05-26 20:43:15,648] 174 root - INFO - Data transformation complete
[ 2026-05-26 20:43:15,649] 49 root - INFO - Started Regular Expression mapping
[ 2026-05-26 20:43:15,649] 174 root - INFO - Data transformation complete
[ 2026-05-26 20:43:15,649] 49 root - INFO - Started Regular Expression mapping
[ 2026-05-26 20:43:15,649] 174 root - INFO - Data transformation complete
[ 2026-05-26 20:43:15,649] 49 root - INFO - Started Regular Expression mapping
[ 2026-05-26 20:43:15,650] 174 root - INFO - Data transformation complete
[ 2026-05-26 20:43:15,650] 49 root - INFO - Started Regular Expression mapping
[ 2026-05-26 20:43:15,650] 174 root - INFO - Data transformation complete
[ 2026-05-26 20:43:15,650] 49 root - INFO - Started Regular Expression mapping
[ 2026-05-26 20:43:15,650] 174 root - INFO - Data transformation complete
[ 2026-05-26 20:43:15,650] 49 root - INFO - Started Regular Expression mapping
[ 2026-05-26 20:43:15,651] 174 root - INFO - Data transformation complete
[ 2026-05-26 20:43:15,651] 49 root - INFO - Started Regular Expression mapping
[ 2026-05-26 20:43:15,651] 174 root - INFO - Data transformation complete
[ 2026-05-26 20:43:15,651] 49 root - INFO - Started Regular Expression mapping
[ 2026-05-26 20:43:15,651] 174 root - INFO - Data transformation complete
[ 2026-05-26 20:43:15,652] 49 root - INFO - Started Regular Expression mapping
[ 2026-05-26 20:43:15,652] 174 root - INFO - Data transformation complete
[ 2026-05-26 20:43:15,652] 49 root - INFO - Started Regular Expression mapping
[ 2026-05-26 20:43:15,652] 174 root - INFO - Data transformation complete
[ 2026-05-26 20:43:15,652] 49 root - INFO - Started Regular Expression mapping
[ 2026-05-26 20:43:15,653] 174 root - INFO - Data transformation complete
[ 2026-05-26 20:43:15,653] 49 root - INFO - Started Regular Expression mapping
[ 2026-05-26 20:43:15,653] 174 root - INFO - Data transformation complete
[ 2026-05-26 20:43:15,653] 49 root - INFO - Started Regular Expression mapping
[ 2026-05-26 20:43:15,653] 174 root - INFO - Data transformation complete
[ 2026-05-26 20:43:15,653] 49 root - INFO - Started Regular Expression mapping
[ 2026-05-26 20:43:15,654] 174 root - INFO - Data transformation complete
[ 2026-05-26 20:43:15,654] 49 root - INFO - Started Regular Expression mapping
[ 2026-05-26 20:43:15,654] 174 root - INFO - Data transformation complete
[ 2026-05-26 20:43:15,654] 49 root - INFO - Started Regular Expression mapping
[ 2026-05-26 20:43:15,654] 174 root - INFO - Data transformation complete
[ 2026-05-26 20:43:15,654] 49 root - INFO - Started Regular Expression mapping
[ 2026-05-26 20:43:15,654] 174 root - INFO - Data transformation complete
[ 2026-05-26 20:43:15,654] 49 root - INFO - Started Regular Expression mapping
[ 2026-05-26 20:43:15,655] 174 root - INFO - Data transformation complete
[ 2026-05-26 20:43:15,655] 49 root - INFO - Started Regular Expression mapping
[ 2026-05-26 20:43:15,655] 174 root - INFO - Data transformation complete
[ 2026-05-26 20:43:15,655] 49 root - INFO - Started Regular Expression mapping
[ 2026-05-26 20:43:15,655] 174 root - INFO - Data transformation complete
[ 2026-05-26 20:43:15,655] 49 root - INFO - Started Regular Expression mapping
[ 2026-05-26 20:43:15,656] 174 root - INFO - Data transformation complete
[ 2026-05-26 20:43:15,656] 49 root - INFO - Started Regular Expression mapping
[ 2026-05-26 20:43:15,657] 174 root - INFO - Data transformation complete
[ 2026-05-26 20:43:15,657] 49 root - INFO - Started Regular Expression mapping
[ 2026-05-26 20:43:15,657] 174 root - INFO - Data transformation complete
[ 2026-05-26 20:43:15,657] 49 root - INFO - Started Regular Expression mapping
[ 2026-05-26 20:43:15,657] 174 root - INFO - Data transformation complete
[ 2026-05-26 20:43:15,657] 49 root - INFO - Started Regular Expression mapping
[ 2026-05-26 20:43:15,658] 174 root - INFO - Data transformation complete
[ 2026-05-26 20:43:15,658] 49 root - INFO - Started Regular Expression mapping
[ 2026-05-26 20:43:15,658] 25 root - INFO - Match heuristic business names to paybill payments
[ 2026-05-26 20:43:15,658] 174 root - INFO - Data transformation complete
[ 2026-05-26 20:43:15,658] 49 root - INFO - Started Regular Expression mapping
[ 2026-05-26 20:43:15,659] 174 root - INFO - Data transformation complete
[ 2026-05-26 20:43:15,659] 49 root - INFO - Started Regular Expression mapping
[ 2026-05-26 20:43:15,659] 174 root - INFO - Data transformation complete
[ 2026-05-26 20:43:15,659] 49 root - INFO - Started Regular Expression mapping
[ 2026-05-26 20:43:15,659] 174 root - INFO - Data transformation complete
[ 2026-05-26 20:43:15,660] 49 root - INFO - Started Regular Expression mapping
[ 2026-05-26 20:43:15,660] 174 root - INFO - Data transformation complete
[ 2026-05-26 20:43:15,660] 49 root - INFO - Started Regular Expression mapping
[ 2026-05-26 20:43:15,660] 174 root - INFO - Data transformation complete
[ 2026-05-26 20:43:15,660] 49 root - INFO - Started Regular Expression mapping
[ 2026-05-26 20:43:15,661] 174 root - INFO - Data transformation complete
[ 2026-05-26 20:43:15,661] 49 root - INFO - Started Regular Expression mapping
[ 2026-05-26 20:43:15,661] 174 root - INFO - Data transformation complete
[ 2026-05-26 20:43:15,661] 49 root - INFO - Started Regular Expression mapping
[ 2026-05-26 20:43:15,661] 174 root - INFO - Data transformation complete
[ 2026-05-26 20:43:15,661] 49 root - INFO - Started Regular Expression mapping
[ 2026-05-26 20:43:15,662] 174 root - INFO - Data transformation complete
[ 2026-05-26 20:43:15,662] 49 root - INFO - Started Regular Expression mapping
[ 2026-05-26 20:43:15,662] 174 root - INFO - Data transformation complete
[ 2026-05-26 20:43:15,662] 49 root - INFO - Started Regular Expression mapping
[ 2026-05-26 20:43:15,662] 174 root - INFO - Data transformation complete
[ 2026-05-26 20:43:15,663] 49 root - INFO - Started Regular Expression mapping
[ 2026-05-26 20:43:15,663] 174 root - INFO - Data transformation complete
[ 2026-05-26 20:43:15,663] 49 root - INFO - Started Regular Expression mapping
[ 2026-05-26 20:43:15,663] 174 root - INFO - Data transformation complete
[ 2026-05-26 20:43:15,663] 49 root - INFO - Started Regular Expression mapping
[ 2026-05-26 20:43:15,663] 174 root - INFO - Data transformation complete
[ 2026-05-26 20:43:15,664] 49 root - INFO - Started Regular Expression mapping
[ 2026-05-26 20:43:15,664] 174 root - INFO - Data transformation complete
[ 2026-05-26 20:43:15,664] 49 root - INFO - Started Regular Expression mapping
[ 2026-05-26 20:43:15,664] 174 root - INFO - Data transformation complete
[ 2026-05-26 20:43:15,664] 49 root - INFO - Started Regular Expression mapping
[ 2026-05-26 20:43:15,664] 174 root - INFO - Data transformation complete
[ 2026-05-26 20:43:15,664] 49 root - INFO - Started Regular Expression mapping
[ 2026-05-26 20:43:15,664] 174 root - INFO - Data transformation complete
[ 2026-05-26 20:43:15,665] 49 root - INFO - Started Regular Expression mapping
[ 2026-05-26 20:43:15,665] 174 root - INFO - Data transformation complete
[ 2026-05-26 20:43:15,665] 49 root - INFO - Started Regular Expression mapping
[ 2026-05-26 20:43:15,666] 174 root - INFO - Data transformation complete
[ 2026-05-26 20:43:15,666] 49 root - INFO - Started Regular Expression mapping
[ 2026-05-26 20:43:15,666] 174 root - INFO - Data transformation complete
[ 2026-05-26 20:43:15,666] 49 root - INFO - Started Regular Expression mapping
[ 2026-05-26 20:43:15,666] 174 root - INFO - Data transformation complete
[ 2026-05-26 20:43:15,666] 49 root - INFO - Started Regular Expression mapping
[ 2026-05-26 20:43:15,667] 174 root - INFO - Data transformation complete
[ 2026-05-26 20:43:15,667] 49 root - INFO - Started Regular Expression mapping
[ 2026-05-26 20:43:15,667] 174 root - INFO - Data transformation complete
[ 2026-05-26 20:43:15,668] 49 root - INFO - Started Regular Expression mapping
[ 2026-05-26 20:43:15,668] 174 root - INFO - Data transformation complete
[ 2026-05-26 20:43:15,668] 49 root - INFO - Started Regular Expression mapping
[ 2026-05-26 20:43:15,668] 174 root - INFO - Data transformation complete
[ 2026-05-26 20:43:15,668] 49 root - INFO - Started Regular Expression mapping
[ 2026-05-26 20:43:15,669] 174 root - INFO - Data transformation complete
[ 2026-05-26 20:43:15,669] 49 root - INFO - Started Regular Expression mapping
[ 2026-05-26 20:43:15,669] 25 root - INFO - Match heuristic business names to paybill payments
[ 2026-05-26 20:43:15,669] 174 root - INFO - Data transformation complete
[ 2026-05-26 20:43:15,669] 49 root - INFO - Started Regular Expression mapping
[ 2026-05-26 20:43:15,669] 174 root - INFO - Data transformation complete
[ 2026-05-26 20:43:15,670] 49 root - INFO - Started Regular Expression mapping
[ 2026-05-26 20:43:15,670] 174 root - INFO - Data transformation complete
[ 2026-05-26 20:43:15,670] 49 root - INFO - Started Regular Expression mapping
[ 2026-05-26 20:43:15,670] 174 root - INFO - Data transformation complete
[ 2026-05-26 20:43:15,670] 49 root - INFO - Started Regular Expression mapping
[ 2026-05-26 20:43:15,671] 174 root - INFO - Data transformation complete
[ 2026-05-26 20:43:15,671] 49 root - INFO - Started Regular Expression mapping
[ 2026-05-26 20:43:15,671] 174 root - INFO - Data transformation complete
[ 2026-05-26 20:43:15,671] 49 root - INFO - Started Regular Expression mapping
[ 2026-05-26 20:43:15,671] 174 root - INFO - Data transformation complete
[ 2026-05-26 20:43:15,671] 49 root - INFO - Started Regular Expression mapping
[ 2026-05-26 20:43:15,672] 174 root - INFO - Data transformation complete
[ 2026-05-26 20:43:15,672] 49 root - INFO - Started Regular Expression mapping
[ 2026-05-26 20:43:15,672] 174 root - INFO - Data transformation complete
[ 2026-05-26 20:43:15,672] 49 root - INFO - Started Regular Expression mapping
[ 2026-05-26 20:43:15,672] 174 root - INFO - Data transformation complete
[ 2026-05-26 20:43:15,672] 49 root - INFO - Started Regular Expression mapping
[ 2026-05-26 20:43:15,673] 174 root - INFO - Data transformation complete
[ 2026-05-26 20:43:15,673] 49 root - INFO - Started Regular Expression mapping
[ 2026-05-26 20:43:15,673] 174 root - INFO - Data transformation complete
[ 2026-05-26 20:43:15,673] 49 root - INFO - Started Regular Expression mapping
[ 2026-05-26 20:43:15,673] 174 root - INFO - Data transformation complete
[ 2026-05-26 20:43:15,674] 49 root - INFO - Started Regular Expression mapping
[ 2026-05-26 20:43:15,674] 174 root - INFO - Data transformation complete
[ 2026-05-26 20:43:15,674] 49 root - INFO - Started Regular Expression mapping
[ 2026-05-26 20:43:15,674] 174 root - INFO - Data transformation complete
[ 2026-05-26 20:43:15,674] 49 root - INFO - Started Regular Expression mapping
[ 2026-05-26 20:43:15,674] 174 root - INFO - Data transformation complete
[ 2026-05-26 20:43:15,674] 49 root - INFO - Started Regular Expression mapping
[ 2026-05-26 20:43:15,675] 174 root - INFO - Data transformation complete
[ 2026-05-26 20:43:15,675] 49 root - INFO - Started Regular Expression mapping
[ 2026-05-26 20:43:15,676] 174 root - INFO - Data transformation complete
[ 2026-05-26 20:43:15,676] 49 root - INFO - Started Regular Expression mapping
[ 2026-05-26 20:43:15,676] 174 root - INFO - Data transformation complete
[ 2026-05-26 20:43:15,676] 49 root - INFO - Started Regular Expression mapping
[ 2026-05-26 20:43:15,676] 174 root - INFO - Data transformation complete
[ 2026-05-26 20:43:15,676] 49 root - INFO - Started Regular Expression mapping
[ 2026-05-26 20:43:15,677] 174 root - INFO - Data transformation complete
[ 2026-05-26 20:43:15,677] 49 root - INFO - Started Regular Expression mapping
[ 2026-05-26 20:43:15,677] 174 root - INFO - Data transformation complete
[ 2026-05-26 20:43:15,677] 49 root - INFO - Started Regular Expression mapping
[ 2026-05-26 20:43:15,677] 174 root - INFO - Data transformation complete
[ 2026-05-26 20:43:15,678] 49 root - INFO - Started Regular Expression mapping
[ 2026-05-26 20:43:15,678] 174 root - INFO - Data transformation complete
[ 2026-05-26 20:43:15,678] 49 root - INFO - Started Regular Expression mapping
[ 2026-05-26 20:43:15,678] 174 root - INFO - Data transformation complete
[ 2026-05-26 20:43:15,678] 49 root - INFO - Started Regular Expression mapping
[ 2026-05-26 20:43:15,679] 174 root - INFO - Data transformation complete
[ 2026-05-26 20:43:15,679] 49 root - INFO - Started Regular Expression mapping
[ 2026-05-26 20:43:15,679] 174 root - INFO - Data transformation complete
[ 2026-05-26 20:43:15,679] 49 root - INFO - Started Regular Expression mapping
[ 2026-05-26 20:43:15,679] 174 root - INFO - Data transformation complete
[ 2026-05-26 20:43:15,680] 49 root - INFO - Started Regular Expression mapping
[ 2026-05-26 20:43:15,680] 174 root - INFO - Data transformation complete
[ 2026-05-26 20:43:15,680] 49 root - INFO - Started Regular Expression mapping
[ 2026-05-26 20:43:15,680] 174 root - INFO - Data transformation complete
[ 2026-05-26 20:43:15,680] 49 root - INFO - Started Regular Expression mapping
[ 2026-05-26 20:43:15,680] 174 root - INFO - Data transformation complete
[ 2026-05-26 20:43:15,681] 49 root - INFO - Started Regular Expression mapping
[ 2026-05-26 20:43:15,681] 174 root - INFO - Data transformation complete
[ 2026-05-26 20:43:15,681] 49 root - INFO - Started Regular Expression mapping
[ 2026-05-26 20:43:15,681] 174 root - INFO - Data transformation complete
[ 2026-05-26 20:43:15,681] 49 root - INFO - Started Regular Expression mapping
[ 2026-05-26 20:43:15,682] 174 root - INFO - Data transformation complete
[ 2026-05-26 20:43:15,682] 49 root - INFO - Started Regular Expression mapping
[ 2026-05-26 20:43:15,682] 174 root - INFO - Data transformation complete
[ 2026-05-26 20:43:15,682] 49 root - INFO - Started Regular Expression mapping
[ 2026-05-26 20:43:15,682] 174 root - INFO - Data transformation complete
[ 2026-05-26 20:43:15,682] 49 root - INFO - Started Regular Expression mapping
[ 2026-05-26 20:43:15,683] 174 root - INFO - Data transformation complete
[ 2026-05-26 20:43:15,683] 49 root - INFO - Started Regular Expression mapping
[ 2026-05-26 20:43:15,683] 174 root - INFO - Data transformation complete
[ 2026-05-26 20:43:15,683] 49 root - INFO - Started Regular Expression mapping
[ 2026-05-26 20:43:15,683] 174 root - INFO - Data transformation complete
[ 2026-05-26 20:43:15,684] 49 root - INFO - Started Regular Expression mapping
[ 2026-05-26 20:43:15,684] 174 root - INFO - Data transformation complete
[ 2026-05-26 20:43:15,684] 49 root - INFO - Started Regular Expression mapping
[ 2026-05-26 20:43:15,684] 174 root - INFO - Data transformation complete
[ 2026-05-26 20:43:15,684] 49 root - INFO - Started Regular Expression mapping
[ 2026-05-26 20:43:15,684] 25 root - INFO - Match heuristic business names to paybill payments
[ 2026-05-26 20:43:15,684] 174 root - INFO - Data transformation complete
[ 2026-05-26 20:43:15,684] 49 root - INFO - Started Regular Expression mapping
[ 2026-05-26 20:43:15,685] 174 root - INFO - Data transformation complete
[ 2026-05-26 20:43:15,685] 49 root - INFO - Started Regular Expression mapping
[ 2026-05-26 20:43:15,685] 174 root - INFO - Data transformation complete
[ 2026-05-26 20:43:15,686] 49 root - INFO - Started Regular Expression mapping
[ 2026-05-26 20:43:15,686] 174 root - INFO - Data transformation complete
[ 2026-05-26 20:43:15,686] 49 root - INFO - Started Regular Expression mapping
[ 2026-05-26 20:43:15,686] 174 root - INFO - Data transformation complete
[ 2026-05-26 20:43:15,686] 49 root - INFO - Started Regular Expression mapping
[ 2026-05-26 20:43:15,687] 174 root - INFO - Data transformation complete
[ 2026-05-26 20:43:15,687] 49 root - INFO - Started Regular Expression mapping
[ 2026-05-26 20:43:15,687] 174 root - INFO - Data transformation complete
[ 2026-05-26 20:43:15,687] 49 root - INFO - Started Regular Expression mapping
[ 2026-05-26 20:43:15,688] 174 root - INFO - Data transformation complete
[ 2026-05-26 20:43:15,688] 49 root - INFO - Started Regular Expression mapping
[ 2026-05-26 20:43:15,688] 174 root - INFO - Data transformation complete
[ 2026-05-26 20:43:15,688] 49 root - INFO - Started Regular Expression mapping
[ 2026-05-26 20:43:15,688] 174 root - INFO - Data transformation complete
[ 2026-05-26 20:43:15,688] 49 root - INFO - Started Regular Expression mapping
[ 2026-05-26 20:43:15,689] 174 root - INFO - Data transformation complete
[ 2026-05-26 20:43:15,689] 49 root - INFO - Started Regular Expression mapping
[ 2026-05-26 20:43:15,689] 174 root - INFO - Data transformation complete
[ 2026-05-26 20:43:15,689] 49 root - INFO - Started Regular Expression mapping
[ 2026-05-26 20:43:15,689] 174 root - INFO - Data transformation complete
[ 2026-05-26 20:43:15,689] 49 root - INFO - Started Regular Expression mapping
[ 2026-05-26 20:43:15,690] 174 root - INFO - Data transformation complete
[ 2026-05-26 20:43:15,690] 49 root - INFO - Started Regular Expression mapping
[ 2026-05-26 20:43:15,690] 174 root - INFO - Data transformation complete
[ 2026-05-26 20:43:15,690] 49 root - INFO - Started Regular Expression mapping
[ 2026-05-26 20:43:15,690] 174 root - INFO - Data transformation complete
[ 2026-05-26 20:43:15,691] 49 root - INFO - Started Regular Expression mapping
[ 2026-05-26 20:43:15,691] 174 root - INFO - Data transformation complete
[ 2026-05-26 20:43:15,691] 49 root - INFO - Started Regular Expression mapping
[ 2026-05-26 20:43:15,691] 174 root - INFO - Data transformation complete
[ 2026-05-26 20:43:15,691] 49 root - INFO - Started Regular Expression mapping
[ 2026-05-26 20:43:15,692] 174 root - INFO - Data transformation complete
[ 2026-05-26 20:43:15,692] 49 root - INFO - Started Regular Expression mapping
[ 2026-05-26 20:43:15,692] 174 root - INFO - Data transformation complete
[ 2026-05-26 20:43:15,692] 49 root - INFO - Started Regular Expression mapping
[ 2026-05-26 20:43:15,692] 174 root - INFO - Data transformation complete
[ 2026-05-26 20:43:15,692] 49 root - INFO - Started Regular Expression mapping
[ 2026-05-26 20:43:15,693] 174 root - INFO - Data transformation complete
[ 2026-05-26 20:43:15,693] 49 root - INFO - Started Regular Expression mapping
[ 2026-05-26 20:43:15,693] 174 root - INFO - Data transformation complete
[ 2026-05-26 20:43:15,693] 49 root - INFO - Started Regular Expression mapping
[ 2026-05-26 20:43:15,693] 25 root - INFO - Match heuristic business names to paybill payments
[ 2026-05-26 20:43:15,694] 174 root - INFO - Data transformation complete
[ 2026-05-26 20:43:15,694] 49 root - INFO - Started Regular Expression mapping
[ 2026-05-26 20:43:15,694] 174 root - INFO - Data transformation complete
[ 2026-05-26 20:43:15,694] 49 root - INFO - Started Regular Expression mapping
[ 2026-05-26 20:43:15,694] 174 root - INFO - Data transformation complete
[ 2026-05-26 20:43:15,694] 49 root - INFO - Started Regular Expression mapping
[ 2026-05-26 20:43:15,694] 174 root - INFO - Data transformation complete
[ 2026-05-26 20:43:15,694] 49 root - INFO - Started Regular Expression mapping
[ 2026-05-26 20:43:15,694] 174 root - INFO - Data transformation complete
[ 2026-05-26 20:43:15,695] 49 root - INFO - Started Regular Expression mapping
[ 2026-05-26 20:43:15,695] 174 root - INFO - Data transformation complete
[ 2026-05-26 20:43:15,695] 49 root - INFO - Started Regular Expression mapping
[ 2026-05-26 20:43:15,696] 174 root - INFO - Data transformation complete
[ 2026-05-26 20:43:15,696] 49 root - INFO - Started Regular Expression mapping
[ 2026-05-26 20:43:15,696] 174 root - INFO - Data transformation complete
[ 2026-05-26 20:43:15,696] 49 root - INFO - Started Regular Expression mapping
[ 2026-05-26 20:43:15,696] 174 root - INFO - Data transformation complete
[ 2026-05-26 20:43:15,696] 49 root - INFO - Started Regular Expression mapping
[ 2026-05-26 20:43:15,697] 174 root - INFO - Data transformation complete
[ 2026-05-26 20:43:15,697] 49 root - INFO - Started Regular Expression mapping
[ 2026-05-26 20:43:15,697] 174 root - INFO - Data transformation complete
[ 2026-05-26 20:43:15,697] 49 root - INFO - Started Regular Expression mapping
[ 2026-05-26 20:43:15,698] 174 root - INFO - Data transformation complete
[ 2026-05-26 20:43:15,698] 49 root - INFO - Started Regular Expression mapping
[ 2026-05-26 20:43:15,698] 174 root - INFO - Data transformation complete
[ 2026-05-26 20:43:15,698] 49 root - INFO - Started Regular Expression mapping
[ 2026-05-26 20:43:15,698] 174 root - INFO - Data transformation complete
[ 2026-05-26 20:43:15,698] 49 root - INFO - Started Regular Expression mapping
[ 2026-05-26 20:43:15,699] 174 root - INFO - Data transformation complete
[ 2026-05-26 20:43:15,699] 49 root - INFO - Started Regular Expression mapping
[ 2026-05-26 20:43:15,699] 174 root - INFO - Data transformation complete
[ 2026-05-26 20:43:15,699] 49 root - INFO - Started Regular Expression mapping
[ 2026-05-26 20:43:15,699] 174 root - INFO - Data transformation complete
[ 2026-05-26 20:43:15,700] 49 root - INFO - Started Regular Expression mapping
[ 2026-05-26 20:43:15,700] 174 root - INFO - Data transformation complete
[ 2026-05-26 20:43:15,700] 49 root - INFO - Started Regular Expression mapping
[ 2026-05-26 20:43:15,700] 174 root - INFO - Data transformation complete
[ 2026-05-26 20:43:15,700] 49 root - INFO - Started Regular Expression mapping
[ 2026-05-26 20:43:15,701] 174 root - INFO - Data transformation complete
[ 2026-05-26 20:43:15,701] 49 root - INFO - Started Regular Expression mapping
[ 2026-05-26 20:43:15,701] 174 root - INFO - Data transformation complete
[ 2026-05-26 20:43:15,701] 49 root - INFO - Started Regular Expression mapping
[ 2026-05-26 20:43:15,701] 25 root - INFO - Match heuristic business names to paybill payments
[ 2026-05-26 20:43:15,701] 174 root - INFO - Data transformation complete
[ 2026-05-26 20:43:15,702] 49 root - INFO - Started Regular Expression mapping
[ 2026-05-26 20:43:15,702] 174 root - INFO - Data transformation complete
[ 2026-05-26 20:43:15,702] 49 root - INFO - Started Regular Expression mapping
[ 2026-05-26 20:43:15,702] 25 root - INFO - Match heuristic business names to paybill payments
[ 2026-05-26 20:43:15,702] 174 root - INFO - Data transformation complete
[ 2026-05-26 20:43:15,702] 49 root - INFO - Started Regular Expression mapping
[ 2026-05-26 20:43:15,703] 174 root - INFO - Data transformation complete
[ 2026-05-26 20:43:15,703] 49 root - INFO - Started Regular Expression mapping
[ 2026-05-26 20:43:15,703] 174 root - INFO - Data transformation complete
[ 2026-05-26 20:43:15,703] 49 root - INFO - Started Regular Expression mapping
[ 2026-05-26 20:43:15,703] 174 root - INFO - Data transformation complete
[ 2026-05-26 20:43:15,704] 49 root - INFO - Started Regular Expression mapping
[ 2026-05-26 20:43:15,704] 174 root - INFO - Data transformation complete
[ 2026-05-26 20:43:15,704] 49 root - INFO - Started Regular Expression mapping
[ 2026-05-26 20:43:15,704] 174 root - INFO - Data transformation complete
[ 2026-05-26 20:43:15,704] 49 root - INFO - Started Regular Expression mapping
[ 2026-05-26 20:43:15,704] 174 root - INFO - Data transformation complete
[ 2026-05-26 20:43:15,704] 49 root - INFO - Started Regular Expression mapping
[ 2026-05-26 20:43:15,704] 174 root - INFO - Data transformation complete
[ 2026-05-26 20:43:15,704] 49 root - INFO - Started Regular Expression mapping
[ 2026-05-26 20:43:15,705] 174 root - INFO - Data transformation complete
[ 2026-05-26 20:43:15,705] 49 root - INFO - Started Regular Expression mapping
[ 2026-05-26 20:43:15,705] 174 root - INFO - Data transformation complete
[ 2026-05-26 20:43:15,706] 49 root - INFO - Started Regular Expression mapping
[ 2026-05-26 20:43:15,706] 174 root - INFO - Data transformation complete
[ 2026-05-26 20:43:15,706] 49 root - INFO - Started Regular Expression mapping
[ 2026-05-26 20:43:15,706] 174 root - INFO - Data transformation complete
[ 2026-05-26 20:43:15,706] 49 root - INFO - Started Regular Expression mapping
[ 2026-05-26 20:43:15,707] 174 root - INFO - Data transformation complete
[ 2026-05-26 20:43:15,707] 49 root - INFO - Started Regular Expression mapping
[ 2026-05-26 20:43:15,707] 174 root - INFO - Data transformation complete
[ 2026-05-26 20:43:15,707] 49 root - INFO - Started Regular Expression mapping
[ 2026-05-26 20:43:15,707] 174 root - INFO - Data transformation complete
[ 2026-05-26 20:43:15,707] 49 root - INFO - Started Regular Expression mapping
[ 2026-05-26 20:43:15,707] 174 root - INFO - Data transformation complete
[ 2026-05-26 20:43:15,707] 49 root - INFO - Started Regular Expression mapping
[ 2026-05-26 20:43:15,709] 174 root - INFO - Data transformation complete
[ 2026-05-26 20:43:15,709] 49 root - INFO - Started Regular Expression mapping
[ 2026-05-26 20:43:15,709] 174 root - INFO - Data transformation complete
[ 2026-05-26 20:43:15,709] 49 root - INFO - Started Regular Expression mapping
[ 2026-05-26 20:43:15,709] 174 root - INFO - Data transformation complete
[ 2026-05-26 20:43:15,709] 49 root - INFO - Started Regular Expression mapping
[ 2026-05-26 20:43:15,710] 174 root - INFO - Data transformation complete
[ 2026-05-26 20:43:15,710] 49 root - INFO - Started Regular Expression mapping
[ 2026-05-26 20:43:15,710] 174 root - INFO - Data transformation complete
[ 2026-05-26 20:43:15,710] 49 root - INFO - Started Regular Expression mapping
[ 2026-05-26 20:43:15,710] 174 root - INFO - Data transformation complete
[ 2026-05-26 20:43:15,711] 49 root - INFO - Started Regular Expression mapping
[ 2026-05-26 20:43:15,711] 174 root - INFO - Data transformation complete
[ 2026-05-26 20:43:15,711] 49 root - INFO - Started Regular Expression mapping
[ 2026-05-26 20:43:15,711] 174 root - INFO - Data transformation complete
[ 2026-05-26 20:43:15,711] 49 root - INFO - Started Regular Expression mapping
[ 2026-05-26 20:43:15,712] 174 root - INFO - Data transformation complete
[ 2026-05-26 20:43:15,712] 49 root - INFO - Started Regular Expression mapping
[ 2026-05-26 20:43:15,712] 174 root - INFO - Data transformation complete
[ 2026-05-26 20:43:15,712] 49 root - INFO - Started Regular Expression mapping
[ 2026-05-26 20:43:15,712] 174 root - INFO - Data transformation complete
[ 2026-05-26 20:43:15,712] 49 root - INFO - Started Regular Expression mapping
[ 2026-05-26 20:43:15,713] 174 root - INFO - Data transformation complete
[ 2026-05-26 20:43:15,713] 49 root - INFO - Started Regular Expression mapping
[ 2026-05-26 20:43:15,713] 25 root - INFO - Match heuristic business names to paybill payments
[ 2026-05-26 20:43:15,713] 174 root - INFO - Data transformation complete
[ 2026-05-26 20:43:15,713] 49 root - INFO - Started Regular Expression mapping
[ 2026-05-26 20:43:15,714] 174 root - INFO - Data transformation complete
[ 2026-05-26 20:43:15,714] 49 root - INFO - Started Regular Expression mapping
[ 2026-05-26 20:43:15,714] 174 root - INFO - Data transformation complete
[ 2026-05-26 20:43:15,714] 49 root - INFO - Started Regular Expression mapping
[ 2026-05-26 20:43:15,714] 174 root - INFO - Data transformation complete
[ 2026-05-26 20:43:15,714] 49 root - INFO - Started Regular Expression mapping
[ 2026-05-26 20:43:15,715] 174 root - INFO - Data transformation complete
[ 2026-05-26 20:43:15,715] 49 root - INFO - Started Regular Expression mapping
[ 2026-05-26 20:43:15,715] 174 root - INFO - Data transformation complete
[ 2026-05-26 20:43:15,715] 49 root - INFO - Started Regular Expression mapping
[ 2026-05-26 20:43:15,715] 25 root - INFO - Match heuristic business names to paybill payments
[ 2026-05-26 20:43:15,716] 174 root - INFO - Data transformation complete
[ 2026-05-26 20:43:15,716] 49 root - INFO - Started Regular Expression mapping
[ 2026-05-26 20:43:15,716] 174 root - INFO - Data transformation complete
[ 2026-05-26 20:43:15,716] 49 root - INFO - Started Regular Expression mapping
[ 2026-05-26 20:43:15,716] 174 root - INFO - Data transformation complete
[ 2026-05-26 20:43:15,716] 49 root - INFO - Started Regular Expression mapping
[ 2026-05-26 20:43:15,716] 174 root - INFO - Data transformation complete
[ 2026-05-26 20:43:15,716] 49 root - INFO - Started Regular Expression mapping
[ 2026-05-26 20:43:15,716] 174 root - INFO - Data transformation complete
[ 2026-05-26 20:43:15,716] 49 root - INFO - Started Regular Expression mapping
[ 2026-05-26 20:43:15,717] 174 root - INFO - Data transformation complete
[ 2026-05-26 20:43:15,717] 49 root - INFO - Started Regular Expression mapping
[ 2026-05-26 20:43:15,717] 25 root - INFO - Match heuristic business names to paybill payments
[ 2026-05-26 20:43:15,717] 174 root - INFO - Data transformation complete
[ 2026-05-26 20:43:15,717] 49 root - INFO - Started Regular Expression mapping
[ 2026-05-26 20:43:15,717] 174 root - INFO - Data transformation complete
[ 2026-05-26 20:43:15,718] 49 root - INFO - Started Regular Expression mapping
[ 2026-05-26 20:43:15,718] 174 root - INFO - Data transformation complete
[ 2026-05-26 20:43:15,718] 49 root - INFO - Started Regular Expression mapping
[ 2026-05-26 20:43:15,718] 174 root - INFO - Data transformation complete
[ 2026-05-26 20:43:15,718] 49 root - INFO - Started Regular Expression mapping
[ 2026-05-26 20:43:15,718] 174 root - INFO - Data transformation complete
[ 2026-05-26 20:43:15,718] 49 root - INFO - Started Regular Expression mapping
[ 2026-05-26 20:43:15,719] 25 root - INFO - Match heuristic business names to paybill payments
[ 2026-05-26 20:43:15,719] 174 root - INFO - Data transformation complete
[ 2026-05-26 20:43:15,719] 49 root - INFO - Started Regular Expression mapping
[ 2026-05-26 20:43:15,719] 174 root - INFO - Data transformation complete
[ 2026-05-26 20:43:15,719] 49 root - INFO - Started Regular Expression mapping
[ 2026-05-26 20:43:15,719] 174 root - INFO - Data transformation complete
[ 2026-05-26 20:43:15,719] 49 root - INFO - Started Regular Expression mapping
[ 2026-05-26 20:43:15,720] 174 root - INFO - Data transformation complete
[ 2026-05-26 20:43:15,720] 49 root - INFO - Started Regular Expression mapping
[ 2026-05-26 20:43:15,720] 174 root - INFO - Data transformation complete
[ 2026-05-26 20:43:15,720] 49 root - INFO - Started Regular Expression mapping
[ 2026-05-26 20:43:15,720] 25 root - INFO - Match heuristic business names to paybill payments
[ 2026-05-26 20:43:15,720] 174 root - INFO - Data transformation complete
[ 2026-05-26 20:43:15,721] 49 root - INFO - Started Regular Expression mapping
[ 2026-05-26 20:43:15,721] 174 root - INFO - Data transformation complete
[ 2026-05-26 20:43:15,721] 49 root - INFO - Started Regular Expression mapping
[ 2026-05-26 20:43:15,721] 174 root - INFO - Data transformation complete
[ 2026-05-26 20:43:15,721] 49 root - INFO - Started Regular Expression mapping
[ 2026-05-26 20:43:15,721] 174 root - INFO - Data transformation complete
[ 2026-05-26 20:43:15,722] 49 root - INFO - Started Regular Expression mapping
[ 2026-05-26 20:43:15,722] 174 root - INFO - Data transformation complete
[ 2026-05-26 20:43:15,722] 49 root - INFO - Started Regular Expression mapping
[ 2026-05-26 20:43:15,722] 174 root - INFO - Data transformation complete
[ 2026-05-26 20:43:15,722] 49 root - INFO - Started Regular Expression mapping
[ 2026-05-26 20:43:15,722] 174 root - INFO - Data transformation complete
[ 2026-05-26 20:43:15,722] 49 root - INFO - Started Regular Expression mapping
[ 2026-05-26 20:43:15,723] 174 root - INFO - Data transformation complete
[ 2026-05-26 20:43:15,723] 49 root - INFO - Started Regular Expression mapping
[ 2026-05-26 20:43:15,723] 174 root - INFO - Data transformation complete
[ 2026-05-26 20:43:15,723] 49 root - INFO - Started Regular Expression mapping
[ 2026-05-26 20:43:15,723] 174 root - INFO - Data transformation complete
[ 2026-05-26 20:43:15,723] 49 root - INFO - Started Regular Expression mapping
[ 2026-05-26 20:43:15,724] 174 root - INFO - Data transformation complete
[ 2026-05-26 20:43:15,724] 49 root - INFO - Started Regular Expression mapping
[ 2026-05-26 20:43:15,724] 174 root - INFO - Data transformation complete
[ 2026-05-26 20:43:15,724] 49 root - INFO - Started Regular Expression mapping
[ 2026-05-26 20:43:15,724] 174 root - INFO - Data transformation complete
[ 2026-05-26 20:43:15,724] 49 root - INFO - Started Regular Expression mapping
[ 2026-05-26 20:43:15,724] 25 root - INFO - Match heuristic business names to paybill payments
[ 2026-05-26 20:43:15,725] 174 root - INFO - Data transformation complete
[ 2026-05-26 20:43:15,725] 49 root - INFO - Started Regular Expression mapping
[ 2026-05-26 20:43:15,725] 174 root - INFO - Data transformation complete
[ 2026-05-26 20:43:15,725] 49 root - INFO - Started Regular Expression mapping
[ 2026-05-26 20:43:15,726] 174 root - INFO - Data transformation complete
[ 2026-05-26 20:43:15,726] 49 root - INFO - Started Regular Expression mapping
[ 2026-05-26 20:43:15,726] 174 root - INFO - Data transformation complete
[ 2026-05-26 20:43:15,726] 49 root - INFO - Started Regular Expression mapping
[ 2026-05-26 20:43:15,726] 174 root - INFO - Data transformation complete
[ 2026-05-26 20:43:15,726] 49 root - INFO - Started Regular Expression mapping
[ 2026-05-26 20:43:15,726] 174 root - INFO - Data transformation complete
[ 2026-05-26 20:43:15,726] 49 root - INFO - Started Regular Expression mapping
[ 2026-05-26 20:43:15,726] 174 root - INFO - Data transformation complete
[ 2026-05-26 20:43:15,726] 49 root - INFO - Started Regular Expression mapping
[ 2026-05-26 20:43:15,727] 174 root - INFO - Data transformation complete
[ 2026-05-26 20:43:15,727] 49 root - INFO - Started Regular Expression mapping
[ 2026-05-26 20:43:15,727] 174 root - INFO - Data transformation complete
[ 2026-05-26 20:43:15,728] 49 root - INFO - Started Regular Expression mapping
[ 2026-05-26 20:43:15,728] 174 root - INFO - Data transformation complete
[ 2026-05-26 20:43:15,728] 49 root - INFO - Started Regular Expression mapping
[ 2026-05-26 20:43:15,728] 174 root - INFO - Data transformation complete
[ 2026-05-26 20:43:15,728] 49 root - INFO - Started Regular Expression mapping
[ 2026-05-26 20:43:15,728] 25 root - INFO - Match heuristic business names to paybill payments
[ 2026-05-26 20:43:15,729] 174 root - INFO - Data transformation complete
[ 2026-05-26 20:43:15,729] 49 root - INFO - Started Regular Expression mapping
[ 2026-05-26 20:43:15,729] 174 root - INFO - Data transformation complete
[ 2026-05-26 20:43:15,729] 49 root - INFO - Started Regular Expression mapping
[ 2026-05-26 20:43:15,729] 174 root - INFO - Data transformation complete
[ 2026-05-26 20:43:15,729] 49 root - INFO - Started Regular Expression mapping
[ 2026-05-26 20:43:15,729] 174 root - INFO - Data transformation complete
[ 2026-05-26 20:43:15,729] 49 root - INFO - Started Regular Expression mapping
[ 2026-05-26 20:43:15,730] 174 root - INFO - Data transformation complete
[ 2026-05-26 20:43:15,730] 49 root - INFO - Started Regular Expression mapping
[ 2026-05-26 20:43:15,730] 174 root - INFO - Data transformation complete
[ 2026-05-26 20:43:15,772] 194 root - INFO - Data parsing complete
[ 2026-05-26 20:43:15,773] 60 root - INFO - Entered feature engineering object
[ 2026-05-26 20:43:15,773] 22 root - INFO - Data pivoting started
[ 2026-05-26 20:43:15,844] 52 root - INFO - Data pivoting complete
[ 2026-05-26 20:43:15,866] 103 root - INFO - Feature engineerig complete
