[ 2026-05-26 16:57:41,419] 25 root - INFO - Entered data ingestion method
[ 2026-05-26 16:57:41,704] 47 root - INFO - Data parsing successful
[ 2026-05-26 16:57:41,789] 52 root - INFO - Data Ingestion complete!
[ 2026-05-26 16:57:41,797] 180 root - INFO - Entered data transformation object
[ 2026-05-26 16:57:41,862] 48 root - INFO - Started Regular Expression mapping
[ 2026-05-26 16:57:41,874] 24 root - INFO - Match heuristic business names to paybill payments
[ 2026-05-26 16:57:41,874] 173 root - INFO - Data transformation complete
[ 2026-05-26 16:57:41,876] 48 root - INFO - Started Regular Expression mapping
[ 2026-05-26 16:57:41,876] 173 root - INFO - Data transformation complete
[ 2026-05-26 16:57:41,876] 48 root - INFO - Started Regular Expression mapping
[ 2026-05-26 16:57:41,876] 173 root - INFO - Data transformation complete
[ 2026-05-26 16:57:41,876] 48 root - INFO - Started Regular Expression mapping
[ 2026-05-26 16:57:41,876] 173 root - INFO - Data transformation complete
[ 2026-05-26 16:57:41,876] 48 root - INFO - Started Regular Expression mapping
[ 2026-05-26 16:57:41,876] 24 root - INFO - Match heuristic business names to paybill payments
[ 2026-05-26 16:57:41,876] 173 root - INFO - Data transformation complete
[ 2026-05-26 16:57:41,876] 48 root - INFO - Started Regular Expression mapping
[ 2026-05-26 16:57:41,876] 173 root - INFO - Data transformation complete
[ 2026-05-26 16:57:41,876] 48 root - INFO - Started Regular Expression mapping
[ 2026-05-26 16:57:41,876] 173 root - INFO - Data transformation complete
[ 2026-05-26 16:57:41,876] 48 root - INFO - Started Regular Expression mapping
[ 2026-05-26 16:57:41,876] 173 root - INFO - Data transformation complete
[ 2026-05-26 16:57:41,876] 48 root - INFO - Started Regular Expression mapping
[ 2026-05-26 16:57:41,876] 173 root - INFO - Data transformation complete
[ 2026-05-26 16:57:41,876] 48 root - INFO - Started Regular Expression mapping
[ 2026-05-26 16:57:41,876] 173 root - INFO - Data transformation complete
[ 2026-05-26 16:57:41,876] 48 root - INFO - Started Regular Expression mapping
[ 2026-05-26 16:57:41,876] 173 root - INFO - Data transformation complete
[ 2026-05-26 16:57:41,876] 48 root - INFO - Started Regular Expression mapping
[ 2026-05-26 16:57:41,876] 173 root - INFO - Data transformation complete
[ 2026-05-26 16:57:41,876] 48 root - INFO - Started Regular Expression mapping
[ 2026-05-26 16:57:41,876] 24 root - INFO - Match heuristic business names to paybill payments
[ 2026-05-26 16:57:41,876] 173 root - INFO - Data transformation complete
[ 2026-05-26 16:57:41,876] 48 root - INFO - Started Regular Expression mapping
[ 2026-05-26 16:57:41,876] 173 root - INFO - Data transformation complete
[ 2026-05-26 16:57:41,876] 48 root - INFO - Started Regular Expression mapping
[ 2026-05-26 16:57:41,876] 173 root - INFO - Data transformation complete
[ 2026-05-26 16:57:41,876] 48 root - INFO - Started Regular Expression mapping
[ 2026-05-26 16:57:41,876] 173 root - INFO - Data transformation complete
[ 2026-05-26 16:57:41,876] 48 root - INFO - Started Regular Expression mapping
[ 2026-05-26 16:57:41,876] 173 root - INFO - Data transformation complete
[ 2026-05-26 16:57:41,876] 48 root - INFO - Started Regular Expression mapping
[ 2026-05-26 16:57:41,876] 173 root - INFO - Data transformation complete
[ 2026-05-26 16:57:41,876] 48 root - INFO - Started Regular Expression mapping
[ 2026-05-26 16:57:41,876] 173 root - INFO - Data transformation complete
[ 2026-05-26 16:57:41,876] 48 root - INFO - Started Regular Expression mapping
[ 2026-05-26 16:57:41,876] 173 root - INFO - Data transformation complete
[ 2026-05-26 16:57:41,876] 48 root - INFO - Started Regular Expression mapping
[ 2026-05-26 16:57:41,876] 173 root - INFO - Data transformation complete
[ 2026-05-26 16:57:41,876] 48 root - INFO - Started Regular Expression mapping
[ 2026-05-26 16:57:41,876] 173 root - INFO - Data transformation complete
[ 2026-05-26 16:57:41,876] 48 root - INFO - Started Regular Expression mapping
[ 2026-05-26 16:57:41,876] 24 root - INFO - Match heuristic business names to paybill payments
[ 2026-05-26 16:57:41,884] 173 root - INFO - Data transformation complete
[ 2026-05-26 16:57:41,884] 48 root - INFO - Started Regular Expression mapping
[ 2026-05-26 16:57:41,884] 173 root - INFO - Data transformation complete
[ 2026-05-26 16:57:41,884] 48 root - INFO - Started Regular Expression mapping
[ 2026-05-26 16:57:41,884] 173 root - INFO - Data transformation complete
[ 2026-05-26 16:57:41,884] 48 root - INFO - Started Regular Expression mapping
[ 2026-05-26 16:57:41,884] 173 root - INFO - Data transformation complete
[ 2026-05-26 16:57:41,884] 48 root - INFO - Started Regular Expression mapping
[ 2026-05-26 16:57:41,884] 24 root - INFO - Match heuristic business names to paybill payments
[ 2026-05-26 16:57:41,884] 173 root - INFO - Data transformation complete
[ 2026-05-26 16:57:41,884] 48 root - INFO - Started Regular Expression mapping
[ 2026-05-26 16:57:41,884] 173 root - INFO - Data transformation complete
[ 2026-05-26 16:57:41,886] 48 root - INFO - Started Regular Expression mapping
[ 2026-05-26 16:57:41,886] 173 root - INFO - Data transformation complete
[ 2026-05-26 16:57:41,886] 48 root - INFO - Started Regular Expression mapping
[ 2026-05-26 16:57:41,886] 173 root - INFO - Data transformation complete
[ 2026-05-26 16:57:41,886] 48 root - INFO - Started Regular Expression mapping
[ 2026-05-26 16:57:41,886] 173 root - INFO - Data transformation complete
[ 2026-05-26 16:57:41,886] 48 root - INFO - Started Regular Expression mapping
[ 2026-05-26 16:57:41,886] 173 root - INFO - Data transformation complete
[ 2026-05-26 16:57:41,886] 48 root - INFO - Started Regular Expression mapping
[ 2026-05-26 16:57:41,886] 173 root - INFO - Data transformation complete
[ 2026-05-26 16:57:41,886] 48 root - INFO - Started Regular Expression mapping
[ 2026-05-26 16:57:41,886] 173 root - INFO - Data transformation complete
[ 2026-05-26 16:57:41,886] 48 root - INFO - Started Regular Expression mapping
[ 2026-05-26 16:57:41,888] 173 root - INFO - Data transformation complete
[ 2026-05-26 16:57:41,888] 48 root - INFO - Started Regular Expression mapping
[ 2026-05-26 16:57:41,888] 173 root - INFO - Data transformation complete
[ 2026-05-26 16:57:41,888] 48 root - INFO - Started Regular Expression mapping
[ 2026-05-26 16:57:41,888] 24 root - INFO - Match heuristic business names to paybill payments
[ 2026-05-26 16:57:41,888] 173 root - INFO - Data transformation complete
[ 2026-05-26 16:57:41,888] 48 root - INFO - Started Regular Expression mapping
[ 2026-05-26 16:57:41,889] 173 root - INFO - Data transformation complete
[ 2026-05-26 16:57:41,889] 48 root - INFO - Started Regular Expression mapping
[ 2026-05-26 16:57:41,889] 173 root - INFO - Data transformation complete
[ 2026-05-26 16:57:41,889] 48 root - INFO - Started Regular Expression mapping
[ 2026-05-26 16:57:41,889] 173 root - INFO - Data transformation complete
[ 2026-05-26 16:57:41,889] 48 root - INFO - Started Regular Expression mapping
[ 2026-05-26 16:57:41,889] 173 root - INFO - Data transformation complete
[ 2026-05-26 16:57:41,890] 48 root - INFO - Started Regular Expression mapping
[ 2026-05-26 16:57:41,890] 24 root - INFO - Match heuristic business names to paybill payments
[ 2026-05-26 16:57:41,890] 173 root - INFO - Data transformation complete
[ 2026-05-26 16:57:41,890] 48 root - INFO - Started Regular Expression mapping
[ 2026-05-26 16:57:41,890] 173 root - INFO - Data transformation complete
[ 2026-05-26 16:57:41,890] 48 root - INFO - Started Regular Expression mapping
[ 2026-05-26 16:57:41,890] 173 root - INFO - Data transformation complete
[ 2026-05-26 16:57:41,890] 48 root - INFO - Started Regular Expression mapping
[ 2026-05-26 16:57:41,890] 24 root - INFO - Match heuristic business names to paybill payments
[ 2026-05-26 16:57:41,890] 173 root - INFO - Data transformation complete
[ 2026-05-26 16:57:41,890] 48 root - INFO - Started Regular Expression mapping
[ 2026-05-26 16:57:41,890] 24 root - INFO - Match heuristic business names to paybill payments
[ 2026-05-26 16:57:41,892] 173 root - INFO - Data transformation complete
[ 2026-05-26 16:57:41,892] 48 root - INFO - Started Regular Expression mapping
[ 2026-05-26 16:57:41,892] 173 root - INFO - Data transformation complete
[ 2026-05-26 16:57:41,892] 48 root - INFO - Started Regular Expression mapping
[ 2026-05-26 16:57:41,892] 24 root - INFO - Match heuristic business names to paybill payments
[ 2026-05-26 16:57:41,892] 173 root - INFO - Data transformation complete
[ 2026-05-26 16:57:41,892] 48 root - INFO - Started Regular Expression mapping
[ 2026-05-26 16:57:41,892] 173 root - INFO - Data transformation complete
[ 2026-05-26 16:57:41,892] 48 root - INFO - Started Regular Expression mapping
[ 2026-05-26 16:57:41,892] 173 root - INFO - Data transformation complete
[ 2026-05-26 16:57:41,892] 48 root - INFO - Started Regular Expression mapping
[ 2026-05-26 16:57:41,892] 173 root - INFO - Data transformation complete
[ 2026-05-26 16:57:41,892] 48 root - INFO - Started Regular Expression mapping
[ 2026-05-26 16:57:41,894] 173 root - INFO - Data transformation complete
[ 2026-05-26 16:57:41,894] 48 root - INFO - Started Regular Expression mapping
[ 2026-05-26 16:57:41,894] 24 root - INFO - Match heuristic business names to paybill payments
[ 2026-05-26 16:57:41,894] 173 root - INFO - Data transformation complete
[ 2026-05-26 16:57:41,894] 48 root - INFO - Started Regular Expression mapping
[ 2026-05-26 16:57:41,894] 24 root - INFO - Match heuristic business names to paybill payments
[ 2026-05-26 16:57:41,894] 173 root - INFO - Data transformation complete
[ 2026-05-26 16:57:41,894] 48 root - INFO - Started Regular Expression mapping
[ 2026-05-26 16:57:41,894] 24 root - INFO - Match heuristic business names to paybill payments
[ 2026-05-26 16:57:41,894] 173 root - INFO - Data transformation complete
[ 2026-05-26 16:57:41,894] 48 root - INFO - Started Regular Expression mapping
[ 2026-05-26 16:57:41,894] 173 root - INFO - Data transformation complete
[ 2026-05-26 16:57:41,896] 48 root - INFO - Started Regular Expression mapping
[ 2026-05-26 16:57:41,896] 173 root - INFO - Data transformation complete
[ 2026-05-26 16:57:41,896] 48 root - INFO - Started Regular Expression mapping
[ 2026-05-26 16:57:41,896] 173 root - INFO - Data transformation complete
[ 2026-05-26 16:57:41,896] 48 root - INFO - Started Regular Expression mapping
[ 2026-05-26 16:57:41,896] 24 root - INFO - Match heuristic business names to paybill payments
[ 2026-05-26 16:57:41,896] 173 root - INFO - Data transformation complete
[ 2026-05-26 16:57:41,896] 48 root - INFO - Started Regular Expression mapping
[ 2026-05-26 16:57:41,896] 173 root - INFO - Data transformation complete
[ 2026-05-26 16:57:41,896] 48 root - INFO - Started Regular Expression mapping
[ 2026-05-26 16:57:41,896] 24 root - INFO - Match heuristic business names to paybill payments
[ 2026-05-26 16:57:41,896] 173 root - INFO - Data transformation complete
[ 2026-05-26 16:57:41,898] 48 root - INFO - Started Regular Expression mapping
[ 2026-05-26 16:57:41,898] 24 root - INFO - Match heuristic business names to paybill payments
[ 2026-05-26 16:57:41,898] 173 root - INFO - Data transformation complete
[ 2026-05-26 16:57:41,898] 48 root - INFO - Started Regular Expression mapping
[ 2026-05-26 16:57:41,898] 173 root - INFO - Data transformation complete
[ 2026-05-26 16:57:41,898] 48 root - INFO - Started Regular Expression mapping
[ 2026-05-26 16:57:41,898] 173 root - INFO - Data transformation complete
[ 2026-05-26 16:57:41,898] 48 root - INFO - Started Regular Expression mapping
[ 2026-05-26 16:57:41,898] 173 root - INFO - Data transformation complete
[ 2026-05-26 16:57:41,898] 48 root - INFO - Started Regular Expression mapping
[ 2026-05-26 16:57:41,898] 24 root - INFO - Match heuristic business names to paybill payments
[ 2026-05-26 16:57:41,898] 173 root - INFO - Data transformation complete
[ 2026-05-26 16:57:41,898] 48 root - INFO - Started Regular Expression mapping
[ 2026-05-26 16:57:41,900] 173 root - INFO - Data transformation complete
[ 2026-05-26 16:57:41,900] 48 root - INFO - Started Regular Expression mapping
[ 2026-05-26 16:57:41,900] 173 root - INFO - Data transformation complete
[ 2026-05-26 16:57:41,900] 48 root - INFO - Started Regular Expression mapping
[ 2026-05-26 16:57:41,900] 24 root - INFO - Match heuristic business names to paybill payments
[ 2026-05-26 16:57:41,900] 173 root - INFO - Data transformation complete
[ 2026-05-26 16:57:41,900] 48 root - INFO - Started Regular Expression mapping
[ 2026-05-26 16:57:41,900] 24 root - INFO - Match heuristic business names to paybill payments
[ 2026-05-26 16:57:41,900] 173 root - INFO - Data transformation complete
[ 2026-05-26 16:57:41,900] 48 root - INFO - Started Regular Expression mapping
[ 2026-05-26 16:57:41,900] 173 root - INFO - Data transformation complete
[ 2026-05-26 16:57:41,900] 48 root - INFO - Started Regular Expression mapping
[ 2026-05-26 16:57:41,900] 173 root - INFO - Data transformation complete
[ 2026-05-26 16:57:41,900] 48 root - INFO - Started Regular Expression mapping
[ 2026-05-26 16:57:41,900] 24 root - INFO - Match heuristic business names to paybill payments
[ 2026-05-26 16:57:41,900] 173 root - INFO - Data transformation complete
[ 2026-05-26 16:57:41,900] 48 root - INFO - Started Regular Expression mapping
[ 2026-05-26 16:57:41,900] 173 root - INFO - Data transformation complete
[ 2026-05-26 16:57:41,900] 48 root - INFO - Started Regular Expression mapping
[ 2026-05-26 16:57:41,900] 173 root - INFO - Data transformation complete
[ 2026-05-26 16:57:41,900] 48 root - INFO - Started Regular Expression mapping
[ 2026-05-26 16:57:41,905] 173 root - INFO - Data transformation complete
[ 2026-05-26 16:57:41,905] 48 root - INFO - Started Regular Expression mapping
[ 2026-05-26 16:57:41,905] 24 root - INFO - Match heuristic business names to paybill payments
[ 2026-05-26 16:57:41,905] 173 root - INFO - Data transformation complete
[ 2026-05-26 16:57:41,905] 48 root - INFO - Started Regular Expression mapping
[ 2026-05-26 16:57:41,905] 173 root - INFO - Data transformation complete
[ 2026-05-26 16:57:41,905] 48 root - INFO - Started Regular Expression mapping
[ 2026-05-26 16:57:41,905] 24 root - INFO - Match heuristic business names to paybill payments
[ 2026-05-26 16:57:41,905] 173 root - INFO - Data transformation complete
[ 2026-05-26 16:57:41,905] 48 root - INFO - Started Regular Expression mapping
[ 2026-05-26 16:57:41,905] 24 root - INFO - Match heuristic business names to paybill payments
[ 2026-05-26 16:57:41,905] 173 root - INFO - Data transformation complete
[ 2026-05-26 16:57:41,905] 48 root - INFO - Started Regular Expression mapping
[ 2026-05-26 16:57:41,905] 173 root - INFO - Data transformation complete
[ 2026-05-26 16:57:41,907] 48 root - INFO - Started Regular Expression mapping
[ 2026-05-26 16:57:41,907] 173 root - INFO - Data transformation complete
[ 2026-05-26 16:57:41,907] 48 root - INFO - Started Regular Expression mapping
[ 2026-05-26 16:57:41,907] 24 root - INFO - Match heuristic business names to paybill payments
[ 2026-05-26 16:57:41,907] 173 root - INFO - Data transformation complete
[ 2026-05-26 16:57:41,907] 48 root - INFO - Started Regular Expression mapping
[ 2026-05-26 16:57:41,907] 24 root - INFO - Match heuristic business names to paybill payments
[ 2026-05-26 16:57:41,907] 173 root - INFO - Data transformation complete
[ 2026-05-26 16:57:41,907] 48 root - INFO - Started Regular Expression mapping
[ 2026-05-26 16:57:41,907] 173 root - INFO - Data transformation complete
[ 2026-05-26 16:57:41,907] 48 root - INFO - Started Regular Expression mapping
[ 2026-05-26 16:57:41,909] 173 root - INFO - Data transformation complete
[ 2026-05-26 16:57:41,909] 48 root - INFO - Started Regular Expression mapping
[ 2026-05-26 16:57:41,909] 24 root - INFO - Match heuristic business names to paybill payments
[ 2026-05-26 16:57:41,909] 173 root - INFO - Data transformation complete
[ 2026-05-26 16:57:41,909] 48 root - INFO - Started Regular Expression mapping
[ 2026-05-26 16:57:41,909] 173 root - INFO - Data transformation complete
[ 2026-05-26 16:57:41,909] 48 root - INFO - Started Regular Expression mapping
[ 2026-05-26 16:57:41,909] 173 root - INFO - Data transformation complete
[ 2026-05-26 16:57:41,909] 48 root - INFO - Started Regular Expression mapping
[ 2026-05-26 16:57:41,909] 24 root - INFO - Match heuristic business names to paybill payments
[ 2026-05-26 16:57:41,909] 173 root - INFO - Data transformation complete
[ 2026-05-26 16:57:41,909] 48 root - INFO - Started Regular Expression mapping
[ 2026-05-26 16:57:41,909] 24 root - INFO - Match heuristic business names to paybill payments
[ 2026-05-26 16:57:41,911] 173 root - INFO - Data transformation complete
[ 2026-05-26 16:57:41,911] 48 root - INFO - Started Regular Expression mapping
[ 2026-05-26 16:57:41,911] 24 root - INFO - Match heuristic business names to paybill payments
[ 2026-05-26 16:57:41,911] 173 root - INFO - Data transformation complete
[ 2026-05-26 16:57:41,911] 48 root - INFO - Started Regular Expression mapping
[ 2026-05-26 16:57:41,911] 24 root - INFO - Match heuristic business names to paybill payments
[ 2026-05-26 16:57:41,911] 173 root - INFO - Data transformation complete
[ 2026-05-26 16:57:41,911] 48 root - INFO - Started Regular Expression mapping
[ 2026-05-26 16:57:41,911] 173 root - INFO - Data transformation complete
[ 2026-05-26 16:57:41,911] 48 root - INFO - Started Regular Expression mapping
[ 2026-05-26 16:57:41,911] 173 root - INFO - Data transformation complete
[ 2026-05-26 16:57:41,911] 48 root - INFO - Started Regular Expression mapping
[ 2026-05-26 16:57:41,911] 24 root - INFO - Match heuristic business names to paybill payments
[ 2026-05-26 16:57:41,911] 173 root - INFO - Data transformation complete
[ 2026-05-26 16:57:41,911] 48 root - INFO - Started Regular Expression mapping
[ 2026-05-26 16:57:41,911] 24 root - INFO - Match heuristic business names to paybill payments
[ 2026-05-26 16:57:41,911] 173 root - INFO - Data transformation complete
[ 2026-05-26 16:57:41,911] 48 root - INFO - Started Regular Expression mapping
[ 2026-05-26 16:57:41,911] 24 root - INFO - Match heuristic business names to paybill payments
[ 2026-05-26 16:57:41,911] 173 root - INFO - Data transformation complete
[ 2026-05-26 16:57:41,911] 48 root - INFO - Started Regular Expression mapping
[ 2026-05-26 16:57:41,911] 24 root - INFO - Match heuristic business names to paybill payments
[ 2026-05-26 16:57:41,911] 173 root - INFO - Data transformation complete
[ 2026-05-26 16:57:41,911] 48 root - INFO - Started Regular Expression mapping
[ 2026-05-26 16:57:41,911] 173 root - INFO - Data transformation complete
[ 2026-05-26 16:57:41,911] 48 root - INFO - Started Regular Expression mapping
[ 2026-05-26 16:57:41,911] 173 root - INFO - Data transformation complete
[ 2026-05-26 16:57:41,911] 48 root - INFO - Started Regular Expression mapping
[ 2026-05-26 16:57:41,911] 24 root - INFO - Match heuristic business names to paybill payments
[ 2026-05-26 16:57:41,911] 173 root - INFO - Data transformation complete
[ 2026-05-26 16:57:41,911] 48 root - INFO - Started Regular Expression mapping
[ 2026-05-26 16:57:41,911] 173 root - INFO - Data transformation complete
[ 2026-05-26 16:57:41,911] 48 root - INFO - Started Regular Expression mapping
[ 2026-05-26 16:57:41,911] 24 root - INFO - Match heuristic business names to paybill payments
[ 2026-05-26 16:57:41,911] 173 root - INFO - Data transformation complete
[ 2026-05-26 16:57:41,911] 48 root - INFO - Started Regular Expression mapping
[ 2026-05-26 16:57:41,916] 24 root - INFO - Match heuristic business names to paybill payments
[ 2026-05-26 16:57:41,916] 173 root - INFO - Data transformation complete
[ 2026-05-26 16:57:41,916] 48 root - INFO - Started Regular Expression mapping
[ 2026-05-26 16:57:41,916] 173 root - INFO - Data transformation complete
[ 2026-05-26 16:57:41,916] 48 root - INFO - Started Regular Expression mapping
[ 2026-05-26 16:57:41,916] 173 root - INFO - Data transformation complete
[ 2026-05-26 16:57:41,916] 48 root - INFO - Started Regular Expression mapping
[ 2026-05-26 16:57:41,917] 24 root - INFO - Match heuristic business names to paybill payments
[ 2026-05-26 16:57:41,917] 173 root - INFO - Data transformation complete
[ 2026-05-26 16:57:41,917] 48 root - INFO - Started Regular Expression mapping
[ 2026-05-26 16:57:41,917] 173 root - INFO - Data transformation complete
[ 2026-05-26 16:57:41,917] 48 root - INFO - Started Regular Expression mapping
[ 2026-05-26 16:57:41,917] 173 root - INFO - Data transformation complete
[ 2026-05-26 16:57:41,917] 48 root - INFO - Started Regular Expression mapping
[ 2026-05-26 16:57:41,917] 173 root - INFO - Data transformation complete
[ 2026-05-26 16:57:41,917] 48 root - INFO - Started Regular Expression mapping
[ 2026-05-26 16:57:41,917] 173 root - INFO - Data transformation complete
[ 2026-05-26 16:57:41,917] 48 root - INFO - Started Regular Expression mapping
[ 2026-05-26 16:57:41,917] 24 root - INFO - Match heuristic business names to paybill payments
[ 2026-05-26 16:57:41,917] 173 root - INFO - Data transformation complete
[ 2026-05-26 16:57:41,917] 48 root - INFO - Started Regular Expression mapping
[ 2026-05-26 16:57:41,917] 24 root - INFO - Match heuristic business names to paybill payments
[ 2026-05-26 16:57:41,917] 173 root - INFO - Data transformation complete
[ 2026-05-26 16:57:41,917] 48 root - INFO - Started Regular Expression mapping
[ 2026-05-26 16:57:41,917] 24 root - INFO - Match heuristic business names to paybill payments
[ 2026-05-26 16:57:41,917] 173 root - INFO - Data transformation complete
[ 2026-05-26 16:57:41,917] 48 root - INFO - Started Regular Expression mapping
[ 2026-05-26 16:57:41,917] 173 root - INFO - Data transformation complete
[ 2026-05-26 16:57:41,917] 48 root - INFO - Started Regular Expression mapping
[ 2026-05-26 16:57:41,921] 24 root - INFO - Match heuristic business names to paybill payments
[ 2026-05-26 16:57:41,921] 173 root - INFO - Data transformation complete
[ 2026-05-26 16:57:41,921] 48 root - INFO - Started Regular Expression mapping
[ 2026-05-26 16:57:41,921] 173 root - INFO - Data transformation complete
[ 2026-05-26 16:57:41,921] 48 root - INFO - Started Regular Expression mapping
[ 2026-05-26 16:57:41,921] 173 root - INFO - Data transformation complete
[ 2026-05-26 16:57:41,921] 48 root - INFO - Started Regular Expression mapping
[ 2026-05-26 16:57:41,921] 173 root - INFO - Data transformation complete
[ 2026-05-26 16:57:41,921] 48 root - INFO - Started Regular Expression mapping
[ 2026-05-26 16:57:41,921] 173 root - INFO - Data transformation complete
[ 2026-05-26 16:57:41,922] 48 root - INFO - Started Regular Expression mapping
[ 2026-05-26 16:57:41,922] 173 root - INFO - Data transformation complete
[ 2026-05-26 16:57:41,922] 48 root - INFO - Started Regular Expression mapping
[ 2026-05-26 16:57:41,923] 173 root - INFO - Data transformation complete
[ 2026-05-26 16:57:41,923] 48 root - INFO - Started Regular Expression mapping
[ 2026-05-26 16:57:41,923] 173 root - INFO - Data transformation complete
[ 2026-05-26 16:57:41,923] 48 root - INFO - Started Regular Expression mapping
[ 2026-05-26 16:57:41,923] 173 root - INFO - Data transformation complete
[ 2026-05-26 16:57:41,923] 48 root - INFO - Started Regular Expression mapping
[ 2026-05-26 16:57:41,923] 24 root - INFO - Match heuristic business names to paybill payments
[ 2026-05-26 16:57:41,923] 173 root - INFO - Data transformation complete
[ 2026-05-26 16:57:41,923] 48 root - INFO - Started Regular Expression mapping
[ 2026-05-26 16:57:41,923] 24 root - INFO - Match heuristic business names to paybill payments
[ 2026-05-26 16:57:41,923] 173 root - INFO - Data transformation complete
[ 2026-05-26 16:57:41,923] 48 root - INFO - Started Regular Expression mapping
[ 2026-05-26 16:57:41,923] 24 root - INFO - Match heuristic business names to paybill payments
[ 2026-05-26 16:57:41,925] 173 root - INFO - Data transformation complete
[ 2026-05-26 16:57:41,925] 48 root - INFO - Started Regular Expression mapping
[ 2026-05-26 16:57:41,925] 24 root - INFO - Match heuristic business names to paybill payments
[ 2026-05-26 16:57:41,925] 173 root - INFO - Data transformation complete
[ 2026-05-26 16:57:41,925] 48 root - INFO - Started Regular Expression mapping
[ 2026-05-26 16:57:41,925] 173 root - INFO - Data transformation complete
[ 2026-05-26 16:57:41,925] 48 root - INFO - Started Regular Expression mapping
[ 2026-05-26 16:57:41,925] 173 root - INFO - Data transformation complete
[ 2026-05-26 16:57:41,925] 48 root - INFO - Started Regular Expression mapping
[ 2026-05-26 16:57:41,925] 24 root - INFO - Match heuristic business names to paybill payments
[ 2026-05-26 16:57:41,925] 173 root - INFO - Data transformation complete
[ 2026-05-26 16:57:41,925] 48 root - INFO - Started Regular Expression mapping
[ 2026-05-26 16:57:41,925] 173 root - INFO - Data transformation complete
[ 2026-05-26 16:57:41,927] 48 root - INFO - Started Regular Expression mapping
[ 2026-05-26 16:57:41,927] 173 root - INFO - Data transformation complete
[ 2026-05-26 16:57:41,927] 48 root - INFO - Started Regular Expression mapping
[ 2026-05-26 16:57:41,927] 173 root - INFO - Data transformation complete
[ 2026-05-26 16:57:41,927] 48 root - INFO - Started Regular Expression mapping
[ 2026-05-26 16:57:41,927] 24 root - INFO - Match heuristic business names to paybill payments
[ 2026-05-26 16:57:41,927] 173 root - INFO - Data transformation complete
[ 2026-05-26 16:57:41,927] 48 root - INFO - Started Regular Expression mapping
[ 2026-05-26 16:57:41,927] 173 root - INFO - Data transformation complete
[ 2026-05-26 16:57:41,927] 48 root - INFO - Started Regular Expression mapping
[ 2026-05-26 16:57:41,927] 173 root - INFO - Data transformation complete
[ 2026-05-26 16:57:41,927] 48 root - INFO - Started Regular Expression mapping
[ 2026-05-26 16:57:41,927] 173 root - INFO - Data transformation complete
[ 2026-05-26 16:57:41,929] 48 root - INFO - Started Regular Expression mapping
[ 2026-05-26 16:57:41,929] 173 root - INFO - Data transformation complete
[ 2026-05-26 16:57:41,929] 48 root - INFO - Started Regular Expression mapping
[ 2026-05-26 16:57:41,929] 173 root - INFO - Data transformation complete
[ 2026-05-26 16:57:41,929] 48 root - INFO - Started Regular Expression mapping
[ 2026-05-26 16:57:41,929] 173 root - INFO - Data transformation complete
[ 2026-05-26 16:57:41,929] 48 root - INFO - Started Regular Expression mapping
[ 2026-05-26 16:57:41,929] 173 root - INFO - Data transformation complete
[ 2026-05-26 16:57:41,929] 48 root - INFO - Started Regular Expression mapping
[ 2026-05-26 16:57:41,929] 24 root - INFO - Match heuristic business names to paybill payments
[ 2026-05-26 16:57:41,929] 173 root - INFO - Data transformation complete
[ 2026-05-26 16:57:41,929] 48 root - INFO - Started Regular Expression mapping
[ 2026-05-26 16:57:41,929] 173 root - INFO - Data transformation complete
[ 2026-05-26 16:57:41,931] 48 root - INFO - Started Regular Expression mapping
[ 2026-05-26 16:57:41,931] 173 root - INFO - Data transformation complete
[ 2026-05-26 16:57:41,931] 48 root - INFO - Started Regular Expression mapping
[ 2026-05-26 16:57:41,931] 24 root - INFO - Match heuristic business names to paybill payments
[ 2026-05-26 16:57:41,931] 173 root - INFO - Data transformation complete
[ 2026-05-26 16:57:41,931] 48 root - INFO - Started Regular Expression mapping
[ 2026-05-26 16:57:41,931] 173 root - INFO - Data transformation complete
[ 2026-05-26 16:57:41,931] 48 root - INFO - Started Regular Expression mapping
[ 2026-05-26 16:57:41,931] 173 root - INFO - Data transformation complete
[ 2026-05-26 16:57:41,931] 48 root - INFO - Started Regular Expression mapping
[ 2026-05-26 16:57:41,931] 173 root - INFO - Data transformation complete
[ 2026-05-26 16:57:41,931] 48 root - INFO - Started Regular Expression mapping
[ 2026-05-26 16:57:41,931] 173 root - INFO - Data transformation complete
[ 2026-05-26 16:57:41,933] 48 root - INFO - Started Regular Expression mapping
[ 2026-05-26 16:57:41,933] 24 root - INFO - Match heuristic business names to paybill payments
[ 2026-05-26 16:57:41,933] 173 root - INFO - Data transformation complete
[ 2026-05-26 16:57:41,933] 48 root - INFO - Started Regular Expression mapping
[ 2026-05-26 16:57:41,933] 24 root - INFO - Match heuristic business names to paybill payments
[ 2026-05-26 16:57:41,933] 173 root - INFO - Data transformation complete
[ 2026-05-26 16:57:41,933] 48 root - INFO - Started Regular Expression mapping
[ 2026-05-26 16:57:41,933] 173 root - INFO - Data transformation complete
[ 2026-05-26 16:57:41,933] 48 root - INFO - Started Regular Expression mapping
[ 2026-05-26 16:57:41,933] 24 root - INFO - Match heuristic business names to paybill payments
[ 2026-05-26 16:57:41,933] 173 root - INFO - Data transformation complete
[ 2026-05-26 16:57:41,933] 48 root - INFO - Started Regular Expression mapping
[ 2026-05-26 16:57:41,933] 173 root - INFO - Data transformation complete
[ 2026-05-26 16:57:41,933] 48 root - INFO - Started Regular Expression mapping
[ 2026-05-26 16:57:41,935] 173 root - INFO - Data transformation complete
[ 2026-05-26 16:57:41,935] 48 root - INFO - Started Regular Expression mapping
[ 2026-05-26 16:57:41,935] 173 root - INFO - Data transformation complete
[ 2026-05-26 16:57:41,935] 48 root - INFO - Started Regular Expression mapping
[ 2026-05-26 16:57:41,935] 24 root - INFO - Match heuristic business names to paybill payments
[ 2026-05-26 16:57:41,935] 173 root - INFO - Data transformation complete
[ 2026-05-26 16:57:41,935] 48 root - INFO - Started Regular Expression mapping
[ 2026-05-26 16:57:41,935] 24 root - INFO - Match heuristic business names to paybill payments
[ 2026-05-26 16:57:41,935] 173 root - INFO - Data transformation complete
[ 2026-05-26 16:57:41,935] 48 root - INFO - Started Regular Expression mapping
[ 2026-05-26 16:57:41,935] 24 root - INFO - Match heuristic business names to paybill payments
[ 2026-05-26 16:57:41,937] 173 root - INFO - Data transformation complete
[ 2026-05-26 16:57:41,937] 48 root - INFO - Started Regular Expression mapping
[ 2026-05-26 16:57:41,937] 173 root - INFO - Data transformation complete
[ 2026-05-26 16:57:41,937] 48 root - INFO - Started Regular Expression mapping
[ 2026-05-26 16:57:41,937] 173 root - INFO - Data transformation complete
[ 2026-05-26 16:57:41,937] 48 root - INFO - Started Regular Expression mapping
[ 2026-05-26 16:57:41,937] 173 root - INFO - Data transformation complete
[ 2026-05-26 16:57:41,937] 48 root - INFO - Started Regular Expression mapping
[ 2026-05-26 16:57:41,937] 173 root - INFO - Data transformation complete
[ 2026-05-26 16:57:41,937] 48 root - INFO - Started Regular Expression mapping
[ 2026-05-26 16:57:41,937] 24 root - INFO - Match heuristic business names to paybill payments
[ 2026-05-26 16:57:41,937] 173 root - INFO - Data transformation complete
[ 2026-05-26 16:57:41,937] 48 root - INFO - Started Regular Expression mapping
[ 2026-05-26 16:57:41,939] 173 root - INFO - Data transformation complete
[ 2026-05-26 16:57:41,939] 48 root - INFO - Started Regular Expression mapping
[ 2026-05-26 16:57:41,939] 173 root - INFO - Data transformation complete
[ 2026-05-26 16:57:41,939] 48 root - INFO - Started Regular Expression mapping
[ 2026-05-26 16:57:41,939] 173 root - INFO - Data transformation complete
[ 2026-05-26 16:57:41,939] 48 root - INFO - Started Regular Expression mapping
[ 2026-05-26 16:57:41,939] 173 root - INFO - Data transformation complete
[ 2026-05-26 16:57:41,939] 48 root - INFO - Started Regular Expression mapping
[ 2026-05-26 16:57:41,939] 24 root - INFO - Match heuristic business names to paybill payments
[ 2026-05-26 16:57:41,939] 173 root - INFO - Data transformation complete
[ 2026-05-26 16:57:41,939] 48 root - INFO - Started Regular Expression mapping
[ 2026-05-26 16:57:41,941] 173 root - INFO - Data transformation complete
[ 2026-05-26 16:57:41,941] 48 root - INFO - Started Regular Expression mapping
[ 2026-05-26 16:57:41,941] 173 root - INFO - Data transformation complete
[ 2026-05-26 16:57:41,941] 48 root - INFO - Started Regular Expression mapping
[ 2026-05-26 16:57:41,941] 173 root - INFO - Data transformation complete
[ 2026-05-26 16:57:41,941] 48 root - INFO - Started Regular Expression mapping
[ 2026-05-26 16:57:41,941] 173 root - INFO - Data transformation complete
[ 2026-05-26 16:57:41,941] 48 root - INFO - Started Regular Expression mapping
[ 2026-05-26 16:57:41,941] 24 root - INFO - Match heuristic business names to paybill payments
[ 2026-05-26 16:57:41,941] 173 root - INFO - Data transformation complete
[ 2026-05-26 16:57:41,941] 48 root - INFO - Started Regular Expression mapping
[ 2026-05-26 16:57:41,941] 173 root - INFO - Data transformation complete
[ 2026-05-26 16:57:41,943] 48 root - INFO - Started Regular Expression mapping
[ 2026-05-26 16:57:41,943] 173 root - INFO - Data transformation complete
[ 2026-05-26 16:57:41,943] 48 root - INFO - Started Regular Expression mapping
[ 2026-05-26 16:57:41,943] 173 root - INFO - Data transformation complete
[ 2026-05-26 16:57:41,943] 48 root - INFO - Started Regular Expression mapping
[ 2026-05-26 16:57:41,943] 173 root - INFO - Data transformation complete
[ 2026-05-26 16:57:41,943] 48 root - INFO - Started Regular Expression mapping
[ 2026-05-26 16:57:41,943] 24 root - INFO - Match heuristic business names to paybill payments
[ 2026-05-26 16:57:41,943] 173 root - INFO - Data transformation complete
[ 2026-05-26 16:57:41,943] 48 root - INFO - Started Regular Expression mapping
[ 2026-05-26 16:57:41,943] 173 root - INFO - Data transformation complete
[ 2026-05-26 16:57:41,943] 48 root - INFO - Started Regular Expression mapping
[ 2026-05-26 16:57:41,943] 24 root - INFO - Match heuristic business names to paybill payments
[ 2026-05-26 16:57:41,945] 173 root - INFO - Data transformation complete
[ 2026-05-26 16:57:41,945] 48 root - INFO - Started Regular Expression mapping
[ 2026-05-26 16:57:41,945] 24 root - INFO - Match heuristic business names to paybill payments
[ 2026-05-26 16:57:41,945] 173 root - INFO - Data transformation complete
[ 2026-05-26 16:57:41,945] 48 root - INFO - Started Regular Expression mapping
[ 2026-05-26 16:57:41,945] 173 root - INFO - Data transformation complete
[ 2026-05-26 16:57:41,945] 48 root - INFO - Started Regular Expression mapping
[ 2026-05-26 16:57:41,945] 24 root - INFO - Match heuristic business names to paybill payments
[ 2026-05-26 16:57:41,945] 173 root - INFO - Data transformation complete
[ 2026-05-26 16:57:41,945] 48 root - INFO - Started Regular Expression mapping
[ 2026-05-26 16:57:41,945] 173 root - INFO - Data transformation complete
[ 2026-05-26 16:57:41,945] 48 root - INFO - Started Regular Expression mapping
[ 2026-05-26 16:57:41,945] 173 root - INFO - Data transformation complete
[ 2026-05-26 16:57:41,945] 48 root - INFO - Started Regular Expression mapping
[ 2026-05-26 16:57:41,947] 173 root - INFO - Data transformation complete
[ 2026-05-26 16:57:41,947] 48 root - INFO - Started Regular Expression mapping
[ 2026-05-26 16:57:41,947] 173 root - INFO - Data transformation complete
[ 2026-05-26 16:57:41,947] 48 root - INFO - Started Regular Expression mapping
[ 2026-05-26 16:57:41,947] 173 root - INFO - Data transformation complete
[ 2026-05-26 16:57:41,947] 48 root - INFO - Started Regular Expression mapping
[ 2026-05-26 16:57:41,947] 173 root - INFO - Data transformation complete
[ 2026-05-26 16:57:41,947] 48 root - INFO - Started Regular Expression mapping
[ 2026-05-26 16:57:41,947] 24 root - INFO - Match heuristic business names to paybill payments
[ 2026-05-26 16:57:41,947] 173 root - INFO - Data transformation complete
[ 2026-05-26 16:57:41,947] 48 root - INFO - Started Regular Expression mapping
[ 2026-05-26 16:57:41,947] 24 root - INFO - Match heuristic business names to paybill payments
[ 2026-05-26 16:57:41,949] 173 root - INFO - Data transformation complete
[ 2026-05-26 16:57:41,949] 48 root - INFO - Started Regular Expression mapping
[ 2026-05-26 16:57:41,949] 24 root - INFO - Match heuristic business names to paybill payments
[ 2026-05-26 16:57:41,949] 173 root - INFO - Data transformation complete
[ 2026-05-26 16:57:41,949] 48 root - INFO - Started Regular Expression mapping
[ 2026-05-26 16:57:41,949] 173 root - INFO - Data transformation complete
[ 2026-05-26 16:57:41,949] 48 root - INFO - Started Regular Expression mapping
[ 2026-05-26 16:57:41,949] 173 root - INFO - Data transformation complete
[ 2026-05-26 16:57:41,949] 48 root - INFO - Started Regular Expression mapping
[ 2026-05-26 16:57:41,949] 173 root - INFO - Data transformation complete
[ 2026-05-26 16:57:41,949] 48 root - INFO - Started Regular Expression mapping
[ 2026-05-26 16:57:41,949] 173 root - INFO - Data transformation complete
[ 2026-05-26 16:57:41,949] 48 root - INFO - Started Regular Expression mapping
[ 2026-05-26 16:57:41,949] 24 root - INFO - Match heuristic business names to paybill payments
[ 2026-05-26 16:57:41,949] 173 root - INFO - Data transformation complete
[ 2026-05-26 16:57:41,949] 48 root - INFO - Started Regular Expression mapping
[ 2026-05-26 16:57:41,949] 173 root - INFO - Data transformation complete
[ 2026-05-26 16:57:41,949] 48 root - INFO - Started Regular Expression mapping
[ 2026-05-26 16:57:41,949] 173 root - INFO - Data transformation complete
[ 2026-05-26 16:57:41,949] 48 root - INFO - Started Regular Expression mapping
[ 2026-05-26 16:57:41,949] 24 root - INFO - Match heuristic business names to paybill payments
[ 2026-05-26 16:57:41,954] 173 root - INFO - Data transformation complete
[ 2026-05-26 16:57:41,954] 48 root - INFO - Started Regular Expression mapping
[ 2026-05-26 16:57:41,954] 24 root - INFO - Match heuristic business names to paybill payments
[ 2026-05-26 16:57:41,954] 173 root - INFO - Data transformation complete
[ 2026-05-26 16:57:41,954] 48 root - INFO - Started Regular Expression mapping
[ 2026-05-26 16:57:41,954] 173 root - INFO - Data transformation complete
[ 2026-05-26 16:57:41,954] 48 root - INFO - Started Regular Expression mapping
[ 2026-05-26 16:57:41,954] 173 root - INFO - Data transformation complete
[ 2026-05-26 16:57:41,954] 48 root - INFO - Started Regular Expression mapping
[ 2026-05-26 16:57:41,954] 173 root - INFO - Data transformation complete
[ 2026-05-26 16:57:41,954] 48 root - INFO - Started Regular Expression mapping
[ 2026-05-26 16:57:41,956] 173 root - INFO - Data transformation complete
[ 2026-05-26 16:57:41,956] 48 root - INFO - Started Regular Expression mapping
[ 2026-05-26 16:57:41,956] 173 root - INFO - Data transformation complete
[ 2026-05-26 16:57:41,957] 48 root - INFO - Started Regular Expression mapping
[ 2026-05-26 16:57:41,957] 173 root - INFO - Data transformation complete
[ 2026-05-26 16:57:41,957] 48 root - INFO - Started Regular Expression mapping
[ 2026-05-26 16:57:41,957] 173 root - INFO - Data transformation complete
[ 2026-05-26 16:57:41,957] 48 root - INFO - Started Regular Expression mapping
[ 2026-05-26 16:57:41,957] 173 root - INFO - Data transformation complete
[ 2026-05-26 16:57:41,957] 48 root - INFO - Started Regular Expression mapping
[ 2026-05-26 16:57:41,957] 173 root - INFO - Data transformation complete
[ 2026-05-26 16:57:41,957] 48 root - INFO - Started Regular Expression mapping
[ 2026-05-26 16:57:41,957] 173 root - INFO - Data transformation complete
[ 2026-05-26 16:57:41,957] 48 root - INFO - Started Regular Expression mapping
[ 2026-05-26 16:57:41,957] 173 root - INFO - Data transformation complete
[ 2026-05-26 16:57:41,957] 48 root - INFO - Started Regular Expression mapping
[ 2026-05-26 16:57:41,957] 173 root - INFO - Data transformation complete
[ 2026-05-26 16:57:41,957] 48 root - INFO - Started Regular Expression mapping
[ 2026-05-26 16:57:41,957] 173 root - INFO - Data transformation complete
[ 2026-05-26 16:57:41,957] 48 root - INFO - Started Regular Expression mapping
[ 2026-05-26 16:57:41,957] 24 root - INFO - Match heuristic business names to paybill payments
[ 2026-05-26 16:57:41,957] 173 root - INFO - Data transformation complete
[ 2026-05-26 16:57:41,957] 48 root - INFO - Started Regular Expression mapping
[ 2026-05-26 16:57:41,957] 173 root - INFO - Data transformation complete
[ 2026-05-26 16:57:41,957] 48 root - INFO - Started Regular Expression mapping
[ 2026-05-26 16:57:41,957] 173 root - INFO - Data transformation complete
[ 2026-05-26 16:57:41,957] 48 root - INFO - Started Regular Expression mapping
[ 2026-05-26 16:57:41,957] 24 root - INFO - Match heuristic business names to paybill payments
[ 2026-05-26 16:57:41,957] 173 root - INFO - Data transformation complete
[ 2026-05-26 16:57:41,957] 48 root - INFO - Started Regular Expression mapping
[ 2026-05-26 16:57:41,957] 173 root - INFO - Data transformation complete
[ 2026-05-26 16:57:41,957] 48 root - INFO - Started Regular Expression mapping
[ 2026-05-26 16:57:41,957] 173 root - INFO - Data transformation complete
[ 2026-05-26 16:57:41,957] 48 root - INFO - Started Regular Expression mapping
[ 2026-05-26 16:57:41,957] 173 root - INFO - Data transformation complete
[ 2026-05-26 16:57:41,957] 48 root - INFO - Started Regular Expression mapping
[ 2026-05-26 16:57:41,957] 173 root - INFO - Data transformation complete
[ 2026-05-26 16:57:41,957] 48 root - INFO - Started Regular Expression mapping
[ 2026-05-26 16:57:41,957] 173 root - INFO - Data transformation complete
[ 2026-05-26 16:57:41,957] 48 root - INFO - Started Regular Expression mapping
[ 2026-05-26 16:57:41,957] 24 root - INFO - Match heuristic business names to paybill payments
[ 2026-05-26 16:57:41,957] 173 root - INFO - Data transformation complete
[ 2026-05-26 16:57:41,957] 48 root - INFO - Started Regular Expression mapping
[ 2026-05-26 16:57:41,957] 173 root - INFO - Data transformation complete
[ 2026-05-26 16:57:41,957] 48 root - INFO - Started Regular Expression mapping
[ 2026-05-26 16:57:41,957] 24 root - INFO - Match heuristic business names to paybill payments
[ 2026-05-26 16:57:41,957] 173 root - INFO - Data transformation complete
[ 2026-05-26 16:57:41,957] 48 root - INFO - Started Regular Expression mapping
[ 2026-05-26 16:57:41,957] 173 root - INFO - Data transformation complete
[ 2026-05-26 16:57:41,957] 48 root - INFO - Started Regular Expression mapping
[ 2026-05-26 16:57:41,957] 173 root - INFO - Data transformation complete
[ 2026-05-26 16:57:41,957] 48 root - INFO - Started Regular Expression mapping
[ 2026-05-26 16:57:41,957] 173 root - INFO - Data transformation complete
[ 2026-05-26 16:57:41,957] 48 root - INFO - Started Regular Expression mapping
[ 2026-05-26 16:57:41,965] 173 root - INFO - Data transformation complete
[ 2026-05-26 16:57:41,965] 48 root - INFO - Started Regular Expression mapping
[ 2026-05-26 16:57:41,965] 173 root - INFO - Data transformation complete
[ 2026-05-26 16:57:41,965] 48 root - INFO - Started Regular Expression mapping
[ 2026-05-26 16:57:41,965] 173 root - INFO - Data transformation complete
[ 2026-05-26 16:57:41,965] 48 root - INFO - Started Regular Expression mapping
[ 2026-05-26 16:57:41,965] 173 root - INFO - Data transformation complete
[ 2026-05-26 16:57:41,965] 48 root - INFO - Started Regular Expression mapping
[ 2026-05-26 16:57:41,967] 173 root - INFO - Data transformation complete
[ 2026-05-26 16:57:41,967] 48 root - INFO - Started Regular Expression mapping
[ 2026-05-26 16:57:41,967] 173 root - INFO - Data transformation complete
[ 2026-05-26 16:57:41,967] 48 root - INFO - Started Regular Expression mapping
[ 2026-05-26 16:57:41,967] 173 root - INFO - Data transformation complete
[ 2026-05-26 16:57:41,967] 48 root - INFO - Started Regular Expression mapping
[ 2026-05-26 16:57:41,967] 173 root - INFO - Data transformation complete
[ 2026-05-26 16:57:41,967] 48 root - INFO - Started Regular Expression mapping
[ 2026-05-26 16:57:41,967] 24 root - INFO - Match heuristic business names to paybill payments
[ 2026-05-26 16:57:41,967] 173 root - INFO - Data transformation complete
[ 2026-05-26 16:57:41,969] 48 root - INFO - Started Regular Expression mapping
[ 2026-05-26 16:57:41,969] 173 root - INFO - Data transformation complete
[ 2026-05-26 16:57:41,969] 48 root - INFO - Started Regular Expression mapping
[ 2026-05-26 16:57:41,969] 173 root - INFO - Data transformation complete
[ 2026-05-26 16:57:41,969] 48 root - INFO - Started Regular Expression mapping
[ 2026-05-26 16:57:41,969] 173 root - INFO - Data transformation complete
[ 2026-05-26 16:57:41,969] 48 root - INFO - Started Regular Expression mapping
[ 2026-05-26 16:57:41,969] 173 root - INFO - Data transformation complete
[ 2026-05-26 16:57:41,969] 48 root - INFO - Started Regular Expression mapping
[ 2026-05-26 16:57:41,971] 173 root - INFO - Data transformation complete
[ 2026-05-26 16:57:41,971] 48 root - INFO - Started Regular Expression mapping
[ 2026-05-26 16:57:41,971] 173 root - INFO - Data transformation complete
[ 2026-05-26 16:57:41,971] 48 root - INFO - Started Regular Expression mapping
[ 2026-05-26 16:57:41,971] 173 root - INFO - Data transformation complete
[ 2026-05-26 16:57:41,971] 48 root - INFO - Started Regular Expression mapping
[ 2026-05-26 16:57:41,971] 24 root - INFO - Match heuristic business names to paybill payments
[ 2026-05-26 16:57:41,971] 173 root - INFO - Data transformation complete
[ 2026-05-26 16:57:41,971] 48 root - INFO - Started Regular Expression mapping
[ 2026-05-26 16:57:41,971] 173 root - INFO - Data transformation complete
[ 2026-05-26 16:57:41,971] 48 root - INFO - Started Regular Expression mapping
[ 2026-05-26 16:57:41,971] 173 root - INFO - Data transformation complete
[ 2026-05-26 16:57:41,971] 48 root - INFO - Started Regular Expression mapping
[ 2026-05-26 16:57:41,971] 173 root - INFO - Data transformation complete
[ 2026-05-26 16:57:41,971] 48 root - INFO - Started Regular Expression mapping
[ 2026-05-26 16:57:41,971] 24 root - INFO - Match heuristic business names to paybill payments
[ 2026-05-26 16:57:41,971] 173 root - INFO - Data transformation complete
[ 2026-05-26 16:57:41,974] 48 root - INFO - Started Regular Expression mapping
[ 2026-05-26 16:57:41,974] 173 root - INFO - Data transformation complete
[ 2026-05-26 16:57:41,974] 48 root - INFO - Started Regular Expression mapping
[ 2026-05-26 16:57:41,974] 173 root - INFO - Data transformation complete
[ 2026-05-26 16:57:41,974] 48 root - INFO - Started Regular Expression mapping
[ 2026-05-26 16:57:41,974] 24 root - INFO - Match heuristic business names to paybill payments
[ 2026-05-26 16:57:41,974] 173 root - INFO - Data transformation complete
[ 2026-05-26 16:57:41,974] 48 root - INFO - Started Regular Expression mapping
[ 2026-05-26 16:57:41,974] 173 root - INFO - Data transformation complete
[ 2026-05-26 16:57:41,974] 48 root - INFO - Started Regular Expression mapping
[ 2026-05-26 16:57:41,974] 173 root - INFO - Data transformation complete
[ 2026-05-26 16:57:41,974] 48 root - INFO - Started Regular Expression mapping
[ 2026-05-26 16:57:41,974] 173 root - INFO - Data transformation complete
[ 2026-05-26 16:57:41,974] 48 root - INFO - Started Regular Expression mapping
[ 2026-05-26 16:57:41,974] 173 root - INFO - Data transformation complete
[ 2026-05-26 16:57:41,974] 48 root - INFO - Started Regular Expression mapping
[ 2026-05-26 16:57:41,974] 173 root - INFO - Data transformation complete
[ 2026-05-26 16:57:41,974] 48 root - INFO - Started Regular Expression mapping
[ 2026-05-26 16:57:41,974] 24 root - INFO - Match heuristic business names to paybill payments
[ 2026-05-26 16:57:41,974] 173 root - INFO - Data transformation complete
[ 2026-05-26 16:57:41,974] 48 root - INFO - Started Regular Expression mapping
[ 2026-05-26 16:57:41,974] 24 root - INFO - Match heuristic business names to paybill payments
[ 2026-05-26 16:57:41,974] 173 root - INFO - Data transformation complete
[ 2026-05-26 16:57:41,974] 48 root - INFO - Started Regular Expression mapping
[ 2026-05-26 16:57:41,974] 173 root - INFO - Data transformation complete
[ 2026-05-26 16:57:41,974] 48 root - INFO - Started Regular Expression mapping
[ 2026-05-26 16:57:41,974] 173 root - INFO - Data transformation complete
[ 2026-05-26 16:57:41,974] 48 root - INFO - Started Regular Expression mapping
[ 2026-05-26 16:57:41,974] 24 root - INFO - Match heuristic business names to paybill payments
[ 2026-05-26 16:57:41,974] 173 root - INFO - Data transformation complete
[ 2026-05-26 16:57:41,974] 48 root - INFO - Started Regular Expression mapping
[ 2026-05-26 16:57:41,974] 173 root - INFO - Data transformation complete
[ 2026-05-26 16:57:41,974] 48 root - INFO - Started Regular Expression mapping
[ 2026-05-26 16:57:41,974] 173 root - INFO - Data transformation complete
[ 2026-05-26 16:57:41,974] 48 root - INFO - Started Regular Expression mapping
[ 2026-05-26 16:57:41,974] 173 root - INFO - Data transformation complete
[ 2026-05-26 16:57:41,974] 48 root - INFO - Started Regular Expression mapping
[ 2026-05-26 16:57:41,974] 173 root - INFO - Data transformation complete
[ 2026-05-26 16:57:41,974] 48 root - INFO - Started Regular Expression mapping
[ 2026-05-26 16:57:41,974] 24 root - INFO - Match heuristic business names to paybill payments
[ 2026-05-26 16:57:41,974] 173 root - INFO - Data transformation complete
[ 2026-05-26 16:57:41,974] 48 root - INFO - Started Regular Expression mapping
[ 2026-05-26 16:57:41,974] 173 root - INFO - Data transformation complete
[ 2026-05-26 16:57:41,974] 48 root - INFO - Started Regular Expression mapping
[ 2026-05-26 16:57:41,974] 173 root - INFO - Data transformation complete
[ 2026-05-26 16:57:41,974] 48 root - INFO - Started Regular Expression mapping
[ 2026-05-26 16:57:41,974] 24 root - INFO - Match heuristic business names to paybill payments
[ 2026-05-26 16:57:41,974] 173 root - INFO - Data transformation complete
[ 2026-05-26 16:57:41,974] 48 root - INFO - Started Regular Expression mapping
[ 2026-05-26 16:57:41,974] 173 root - INFO - Data transformation complete
[ 2026-05-26 16:57:41,974] 48 root - INFO - Started Regular Expression mapping
[ 2026-05-26 16:57:41,974] 173 root - INFO - Data transformation complete
[ 2026-05-26 16:57:41,974] 48 root - INFO - Started Regular Expression mapping
[ 2026-05-26 16:57:41,974] 24 root - INFO - Match heuristic business names to paybill payments
[ 2026-05-26 16:57:41,982] 173 root - INFO - Data transformation complete
[ 2026-05-26 16:57:41,982] 48 root - INFO - Started Regular Expression mapping
[ 2026-05-26 16:57:41,982] 24 root - INFO - Match heuristic business names to paybill payments
[ 2026-05-26 16:57:41,982] 173 root - INFO - Data transformation complete
[ 2026-05-26 16:57:41,982] 48 root - INFO - Started Regular Expression mapping
[ 2026-05-26 16:57:41,982] 173 root - INFO - Data transformation complete
[ 2026-05-26 16:57:41,982] 48 root - INFO - Started Regular Expression mapping
[ 2026-05-26 16:57:41,982] 173 root - INFO - Data transformation complete
[ 2026-05-26 16:57:41,982] 48 root - INFO - Started Regular Expression mapping
[ 2026-05-26 16:57:41,982] 24 root - INFO - Match heuristic business names to paybill payments
[ 2026-05-26 16:57:41,982] 173 root - INFO - Data transformation complete
[ 2026-05-26 16:57:41,982] 48 root - INFO - Started Regular Expression mapping
[ 2026-05-26 16:57:41,982] 173 root - INFO - Data transformation complete
[ 2026-05-26 16:57:41,982] 48 root - INFO - Started Regular Expression mapping
[ 2026-05-26 16:57:41,982] 173 root - INFO - Data transformation complete
[ 2026-05-26 16:57:41,982] 48 root - INFO - Started Regular Expression mapping
[ 2026-05-26 16:57:41,982] 173 root - INFO - Data transformation complete
[ 2026-05-26 16:57:41,982] 48 root - INFO - Started Regular Expression mapping
[ 2026-05-26 16:57:41,982] 173 root - INFO - Data transformation complete
[ 2026-05-26 16:57:41,982] 48 root - INFO - Started Regular Expression mapping
[ 2026-05-26 16:57:41,982] 24 root - INFO - Match heuristic business names to paybill payments
[ 2026-05-26 16:57:41,982] 173 root - INFO - Data transformation complete
[ 2026-05-26 16:57:41,982] 48 root - INFO - Started Regular Expression mapping
[ 2026-05-26 16:57:41,982] 24 root - INFO - Match heuristic business names to paybill payments
[ 2026-05-26 16:57:41,982] 173 root - INFO - Data transformation complete
[ 2026-05-26 16:57:41,982] 48 root - INFO - Started Regular Expression mapping
[ 2026-05-26 16:57:41,982] 173 root - INFO - Data transformation complete
[ 2026-05-26 16:57:41,982] 48 root - INFO - Started Regular Expression mapping
[ 2026-05-26 16:57:41,982] 173 root - INFO - Data transformation complete
[ 2026-05-26 16:57:41,982] 48 root - INFO - Started Regular Expression mapping
[ 2026-05-26 16:57:41,982] 173 root - INFO - Data transformation complete
[ 2026-05-26 16:57:41,982] 48 root - INFO - Started Regular Expression mapping
[ 2026-05-26 16:57:41,982] 24 root - INFO - Match heuristic business names to paybill payments
[ 2026-05-26 16:57:41,988] 173 root - INFO - Data transformation complete
[ 2026-05-26 16:57:41,989] 48 root - INFO - Started Regular Expression mapping
[ 2026-05-26 16:57:41,989] 24 root - INFO - Match heuristic business names to paybill payments
[ 2026-05-26 16:57:41,989] 173 root - INFO - Data transformation complete
[ 2026-05-26 16:57:41,989] 48 root - INFO - Started Regular Expression mapping
[ 2026-05-26 16:57:41,989] 173 root - INFO - Data transformation complete
[ 2026-05-26 16:57:41,989] 48 root - INFO - Started Regular Expression mapping
[ 2026-05-26 16:57:41,989] 24 root - INFO - Match heuristic business names to paybill payments
[ 2026-05-26 16:57:41,990] 173 root - INFO - Data transformation complete
[ 2026-05-26 16:57:41,990] 48 root - INFO - Started Regular Expression mapping
[ 2026-05-26 16:57:41,990] 173 root - INFO - Data transformation complete
[ 2026-05-26 16:57:41,990] 48 root - INFO - Started Regular Expression mapping
[ 2026-05-26 16:57:41,990] 173 root - INFO - Data transformation complete
[ 2026-05-26 16:57:41,990] 48 root - INFO - Started Regular Expression mapping
[ 2026-05-26 16:57:41,990] 173 root - INFO - Data transformation complete
[ 2026-05-26 16:57:41,990] 48 root - INFO - Started Regular Expression mapping
[ 2026-05-26 16:57:41,990] 173 root - INFO - Data transformation complete
[ 2026-05-26 16:57:41,990] 48 root - INFO - Started Regular Expression mapping
[ 2026-05-26 16:57:41,990] 173 root - INFO - Data transformation complete
[ 2026-05-26 16:57:41,990] 48 root - INFO - Started Regular Expression mapping
[ 2026-05-26 16:57:41,990] 24 root - INFO - Match heuristic business names to paybill payments
[ 2026-05-26 16:57:41,990] 173 root - INFO - Data transformation complete
[ 2026-05-26 16:57:41,990] 48 root - INFO - Started Regular Expression mapping
[ 2026-05-26 16:57:41,990] 173 root - INFO - Data transformation complete
[ 2026-05-26 16:57:41,990] 48 root - INFO - Started Regular Expression mapping
[ 2026-05-26 16:57:41,990] 173 root - INFO - Data transformation complete
[ 2026-05-26 16:57:41,990] 48 root - INFO - Started Regular Expression mapping
[ 2026-05-26 16:57:41,990] 24 root - INFO - Match heuristic business names to paybill payments
[ 2026-05-26 16:57:41,990] 173 root - INFO - Data transformation complete
[ 2026-05-26 16:57:41,990] 48 root - INFO - Started Regular Expression mapping
[ 2026-05-26 16:57:41,990] 24 root - INFO - Match heuristic business names to paybill payments
[ 2026-05-26 16:57:41,990] 173 root - INFO - Data transformation complete
[ 2026-05-26 16:57:41,990] 48 root - INFO - Started Regular Expression mapping
[ 2026-05-26 16:57:41,990] 173 root - INFO - Data transformation complete
[ 2026-05-26 16:57:41,990] 48 root - INFO - Started Regular Expression mapping
[ 2026-05-26 16:57:41,990] 24 root - INFO - Match heuristic business names to paybill payments
[ 2026-05-26 16:57:41,990] 173 root - INFO - Data transformation complete
[ 2026-05-26 16:57:41,990] 48 root - INFO - Started Regular Expression mapping
[ 2026-05-26 16:57:41,990] 173 root - INFO - Data transformation complete
[ 2026-05-26 16:57:41,990] 48 root - INFO - Started Regular Expression mapping
[ 2026-05-26 16:57:41,990] 173 root - INFO - Data transformation complete
[ 2026-05-26 16:57:41,990] 48 root - INFO - Started Regular Expression mapping
[ 2026-05-26 16:57:41,990] 24 root - INFO - Match heuristic business names to paybill payments
[ 2026-05-26 16:57:41,990] 173 root - INFO - Data transformation complete
[ 2026-05-26 16:57:41,990] 48 root - INFO - Started Regular Expression mapping
[ 2026-05-26 16:57:41,990] 173 root - INFO - Data transformation complete
[ 2026-05-26 16:57:41,990] 48 root - INFO - Started Regular Expression mapping
[ 2026-05-26 16:57:41,990] 173 root - INFO - Data transformation complete
[ 2026-05-26 16:57:41,990] 48 root - INFO - Started Regular Expression mapping
[ 2026-05-26 16:57:41,990] 173 root - INFO - Data transformation complete
[ 2026-05-26 16:57:41,990] 48 root - INFO - Started Regular Expression mapping
[ 2026-05-26 16:57:41,990] 24 root - INFO - Match heuristic business names to paybill payments
[ 2026-05-26 16:57:41,990] 173 root - INFO - Data transformation complete
[ 2026-05-26 16:57:41,990] 48 root - INFO - Started Regular Expression mapping
[ 2026-05-26 16:57:41,990] 173 root - INFO - Data transformation complete
[ 2026-05-26 16:57:41,990] 48 root - INFO - Started Regular Expression mapping
[ 2026-05-26 16:57:41,990] 173 root - INFO - Data transformation complete
[ 2026-05-26 16:57:41,990] 48 root - INFO - Started Regular Expression mapping
[ 2026-05-26 16:57:41,990] 173 root - INFO - Data transformation complete
[ 2026-05-26 16:57:41,990] 48 root - INFO - Started Regular Expression mapping
[ 2026-05-26 16:57:41,999] 24 root - INFO - Match heuristic business names to paybill payments
[ 2026-05-26 16:57:41,999] 173 root - INFO - Data transformation complete
[ 2026-05-26 16:57:41,999] 48 root - INFO - Started Regular Expression mapping
[ 2026-05-26 16:57:41,999] 24 root - INFO - Match heuristic business names to paybill payments
[ 2026-05-26 16:57:41,999] 173 root - INFO - Data transformation complete
[ 2026-05-26 16:57:41,999] 48 root - INFO - Started Regular Expression mapping
[ 2026-05-26 16:57:41,999] 173 root - INFO - Data transformation complete
[ 2026-05-26 16:57:41,999] 48 root - INFO - Started Regular Expression mapping
[ 2026-05-26 16:57:41,999] 173 root - INFO - Data transformation complete
[ 2026-05-26 16:57:41,999] 48 root - INFO - Started Regular Expression mapping
[ 2026-05-26 16:57:41,999] 24 root - INFO - Match heuristic business names to paybill payments
[ 2026-05-26 16:57:41,999] 173 root - INFO - Data transformation complete
[ 2026-05-26 16:57:41,999] 48 root - INFO - Started Regular Expression mapping
[ 2026-05-26 16:57:41,999] 173 root - INFO - Data transformation complete
[ 2026-05-26 16:57:41,999] 48 root - INFO - Started Regular Expression mapping
[ 2026-05-26 16:57:41,999] 24 root - INFO - Match heuristic business names to paybill payments
[ 2026-05-26 16:57:41,999] 173 root - INFO - Data transformation complete
[ 2026-05-26 16:57:41,999] 48 root - INFO - Started Regular Expression mapping
[ 2026-05-26 16:57:41,999] 173 root - INFO - Data transformation complete
[ 2026-05-26 16:57:41,999] 48 root - INFO - Started Regular Expression mapping
[ 2026-05-26 16:57:41,999] 24 root - INFO - Match heuristic business names to paybill payments
[ 2026-05-26 16:57:41,999] 173 root - INFO - Data transformation complete
[ 2026-05-26 16:57:41,999] 48 root - INFO - Started Regular Expression mapping
[ 2026-05-26 16:57:41,999] 173 root - INFO - Data transformation complete
[ 2026-05-26 16:57:41,999] 48 root - INFO - Started Regular Expression mapping
[ 2026-05-26 16:57:41,999] 24 root - INFO - Match heuristic business names to paybill payments
[ 2026-05-26 16:57:41,999] 173 root - INFO - Data transformation complete
[ 2026-05-26 16:57:41,999] 48 root - INFO - Started Regular Expression mapping
[ 2026-05-26 16:57:41,999] 24 root - INFO - Match heuristic business names to paybill payments
[ 2026-05-26 16:57:41,999] 173 root - INFO - Data transformation complete
[ 2026-05-26 16:57:41,999] 48 root - INFO - Started Regular Expression mapping
[ 2026-05-26 16:57:41,999] 24 root - INFO - Match heuristic business names to paybill payments
[ 2026-05-26 16:57:42,005] 173 root - INFO - Data transformation complete
[ 2026-05-26 16:57:42,005] 48 root - INFO - Started Regular Expression mapping
[ 2026-05-26 16:57:42,005] 173 root - INFO - Data transformation complete
[ 2026-05-26 16:57:42,005] 48 root - INFO - Started Regular Expression mapping
[ 2026-05-26 16:57:42,005] 24 root - INFO - Match heuristic business names to paybill payments
[ 2026-05-26 16:57:42,005] 173 root - INFO - Data transformation complete
[ 2026-05-26 16:57:42,005] 48 root - INFO - Started Regular Expression mapping
[ 2026-05-26 16:57:42,005] 24 root - INFO - Match heuristic business names to paybill payments
[ 2026-05-26 16:57:42,005] 173 root - INFO - Data transformation complete
[ 2026-05-26 16:57:42,005] 48 root - INFO - Started Regular Expression mapping
[ 2026-05-26 16:57:42,005] 173 root - INFO - Data transformation complete
[ 2026-05-26 16:57:42,005] 48 root - INFO - Started Regular Expression mapping
[ 2026-05-26 16:57:42,005] 24 root - INFO - Match heuristic business names to paybill payments
[ 2026-05-26 16:57:42,005] 173 root - INFO - Data transformation complete
[ 2026-05-26 16:57:42,005] 48 root - INFO - Started Regular Expression mapping
[ 2026-05-26 16:57:42,005] 173 root - INFO - Data transformation complete
[ 2026-05-26 16:57:42,007] 48 root - INFO - Started Regular Expression mapping
[ 2026-05-26 16:57:42,007] 24 root - INFO - Match heuristic business names to paybill payments
[ 2026-05-26 16:57:42,007] 173 root - INFO - Data transformation complete
[ 2026-05-26 16:57:42,007] 48 root - INFO - Started Regular Expression mapping
[ 2026-05-26 16:57:42,007] 173 root - INFO - Data transformation complete
[ 2026-05-26 16:57:42,007] 48 root - INFO - Started Regular Expression mapping
[ 2026-05-26 16:57:42,007] 173 root - INFO - Data transformation complete
[ 2026-05-26 16:57:42,007] 48 root - INFO - Started Regular Expression mapping
[ 2026-05-26 16:57:42,007] 24 root - INFO - Match heuristic business names to paybill payments
[ 2026-05-26 16:57:42,007] 173 root - INFO - Data transformation complete
[ 2026-05-26 16:57:42,007] 48 root - INFO - Started Regular Expression mapping
[ 2026-05-26 16:57:42,007] 24 root - INFO - Match heuristic business names to paybill payments
[ 2026-05-26 16:57:42,007] 173 root - INFO - Data transformation complete
[ 2026-05-26 16:57:42,007] 48 root - INFO - Started Regular Expression mapping
[ 2026-05-26 16:57:42,007] 173 root - INFO - Data transformation complete
[ 2026-05-26 16:57:42,007] 48 root - INFO - Started Regular Expression mapping
[ 2026-05-26 16:57:42,007] 24 root - INFO - Match heuristic business names to paybill payments
[ 2026-05-26 16:57:42,007] 173 root - INFO - Data transformation complete
[ 2026-05-26 16:57:42,007] 48 root - INFO - Started Regular Expression mapping
[ 2026-05-26 16:57:42,007] 173 root - INFO - Data transformation complete
[ 2026-05-26 16:57:42,007] 48 root - INFO - Started Regular Expression mapping
[ 2026-05-26 16:57:42,007] 24 root - INFO - Match heuristic business names to paybill payments
[ 2026-05-26 16:57:42,007] 173 root - INFO - Data transformation complete
[ 2026-05-26 16:57:42,007] 48 root - INFO - Started Regular Expression mapping
[ 2026-05-26 16:57:42,007] 173 root - INFO - Data transformation complete
[ 2026-05-26 16:57:42,007] 48 root - INFO - Started Regular Expression mapping
[ 2026-05-26 16:57:42,007] 173 root - INFO - Data transformation complete
[ 2026-05-26 16:57:42,007] 48 root - INFO - Started Regular Expression mapping
[ 2026-05-26 16:57:42,007] 24 root - INFO - Match heuristic business names to paybill payments
[ 2026-05-26 16:57:42,007] 173 root - INFO - Data transformation complete
[ 2026-05-26 16:57:42,007] 48 root - INFO - Started Regular Expression mapping
[ 2026-05-26 16:57:42,007] 173 root - INFO - Data transformation complete
[ 2026-05-26 16:57:42,007] 48 root - INFO - Started Regular Expression mapping
[ 2026-05-26 16:57:42,007] 24 root - INFO - Match heuristic business names to paybill payments
[ 2026-05-26 16:57:42,007] 173 root - INFO - Data transformation complete
[ 2026-05-26 16:57:42,007] 48 root - INFO - Started Regular Expression mapping
[ 2026-05-26 16:57:42,007] 24 root - INFO - Match heuristic business names to paybill payments
[ 2026-05-26 16:57:42,007] 173 root - INFO - Data transformation complete
[ 2026-05-26 16:57:42,007] 48 root - INFO - Started Regular Expression mapping
[ 2026-05-26 16:57:42,007] 24 root - INFO - Match heuristic business names to paybill payments
[ 2026-05-26 16:57:42,007] 173 root - INFO - Data transformation complete
[ 2026-05-26 16:57:42,007] 48 root - INFO - Started Regular Expression mapping
[ 2026-05-26 16:57:42,007] 173 root - INFO - Data transformation complete
[ 2026-05-26 16:57:42,007] 48 root - INFO - Started Regular Expression mapping
[ 2026-05-26 16:57:42,007] 173 root - INFO - Data transformation complete
[ 2026-05-26 16:57:42,007] 48 root - INFO - Started Regular Expression mapping
[ 2026-05-26 16:57:42,007] 24 root - INFO - Match heuristic business names to paybill payments
[ 2026-05-26 16:57:42,007] 173 root - INFO - Data transformation complete
[ 2026-05-26 16:57:42,007] 48 root - INFO - Started Regular Expression mapping
[ 2026-05-26 16:57:42,007] 173 root - INFO - Data transformation complete
[ 2026-05-26 16:57:42,016] 48 root - INFO - Started Regular Expression mapping
[ 2026-05-26 16:57:42,016] 173 root - INFO - Data transformation complete
[ 2026-05-26 16:57:42,016] 48 root - INFO - Started Regular Expression mapping
[ 2026-05-26 16:57:42,016] 173 root - INFO - Data transformation complete
[ 2026-05-26 16:57:42,016] 48 root - INFO - Started Regular Expression mapping
[ 2026-05-26 16:57:42,016] 24 root - INFO - Match heuristic business names to paybill payments
[ 2026-05-26 16:57:42,016] 173 root - INFO - Data transformation complete
[ 2026-05-26 16:57:42,016] 48 root - INFO - Started Regular Expression mapping
[ 2026-05-26 16:57:42,016] 24 root - INFO - Match heuristic business names to paybill payments
[ 2026-05-26 16:57:42,016] 173 root - INFO - Data transformation complete
[ 2026-05-26 16:57:42,017] 48 root - INFO - Started Regular Expression mapping
[ 2026-05-26 16:57:42,017] 173 root - INFO - Data transformation complete
[ 2026-05-26 16:57:42,017] 48 root - INFO - Started Regular Expression mapping
[ 2026-05-26 16:57:42,017] 173 root - INFO - Data transformation complete
[ 2026-05-26 16:57:42,017] 48 root - INFO - Started Regular Expression mapping
[ 2026-05-26 16:57:42,017] 173 root - INFO - Data transformation complete
[ 2026-05-26 16:57:42,017] 48 root - INFO - Started Regular Expression mapping
[ 2026-05-26 16:57:42,017] 173 root - INFO - Data transformation complete
[ 2026-05-26 16:57:42,017] 48 root - INFO - Started Regular Expression mapping
[ 2026-05-26 16:57:42,017] 173 root - INFO - Data transformation complete
[ 2026-05-26 16:57:42,017] 48 root - INFO - Started Regular Expression mapping
[ 2026-05-26 16:57:42,019] 173 root - INFO - Data transformation complete
[ 2026-05-26 16:57:42,019] 48 root - INFO - Started Regular Expression mapping
[ 2026-05-26 16:57:42,019] 24 root - INFO - Match heuristic business names to paybill payments
[ 2026-05-26 16:57:42,019] 173 root - INFO - Data transformation complete
[ 2026-05-26 16:57:42,019] 48 root - INFO - Started Regular Expression mapping
[ 2026-05-26 16:57:42,019] 173 root - INFO - Data transformation complete
[ 2026-05-26 16:57:42,019] 48 root - INFO - Started Regular Expression mapping
[ 2026-05-26 16:57:42,021] 173 root - INFO - Data transformation complete
[ 2026-05-26 16:57:42,021] 48 root - INFO - Started Regular Expression mapping
[ 2026-05-26 16:57:42,021] 173 root - INFO - Data transformation complete
[ 2026-05-26 16:57:42,021] 48 root - INFO - Started Regular Expression mapping
[ 2026-05-26 16:57:42,021] 24 root - INFO - Match heuristic business names to paybill payments
[ 2026-05-26 16:57:42,021] 173 root - INFO - Data transformation complete
[ 2026-05-26 16:57:42,021] 48 root - INFO - Started Regular Expression mapping
[ 2026-05-26 16:57:42,021] 173 root - INFO - Data transformation complete
[ 2026-05-26 16:57:42,021] 48 root - INFO - Started Regular Expression mapping
[ 2026-05-26 16:57:42,021] 173 root - INFO - Data transformation complete
[ 2026-05-26 16:57:42,021] 48 root - INFO - Started Regular Expression mapping
[ 2026-05-26 16:57:42,021] 173 root - INFO - Data transformation complete
[ 2026-05-26 16:57:42,021] 48 root - INFO - Started Regular Expression mapping
[ 2026-05-26 16:57:42,021] 173 root - INFO - Data transformation complete
[ 2026-05-26 16:57:42,021] 48 root - INFO - Started Regular Expression mapping
[ 2026-05-26 16:57:42,021] 24 root - INFO - Match heuristic business names to paybill payments
[ 2026-05-26 16:57:42,021] 173 root - INFO - Data transformation complete
[ 2026-05-26 16:57:42,021] 48 root - INFO - Started Regular Expression mapping
[ 2026-05-26 16:57:42,021] 173 root - INFO - Data transformation complete
[ 2026-05-26 16:57:42,021] 48 root - INFO - Started Regular Expression mapping
[ 2026-05-26 16:57:42,021] 173 root - INFO - Data transformation complete
[ 2026-05-26 16:57:42,021] 48 root - INFO - Started Regular Expression mapping
[ 2026-05-26 16:57:42,021] 24 root - INFO - Match heuristic business names to paybill payments
[ 2026-05-26 16:57:42,021] 173 root - INFO - Data transformation complete
[ 2026-05-26 16:57:42,021] 48 root - INFO - Started Regular Expression mapping
[ 2026-05-26 16:57:42,021] 173 root - INFO - Data transformation complete
[ 2026-05-26 16:57:42,021] 48 root - INFO - Started Regular Expression mapping
[ 2026-05-26 16:57:42,021] 24 root - INFO - Match heuristic business names to paybill payments
[ 2026-05-26 16:57:42,021] 173 root - INFO - Data transformation complete
[ 2026-05-26 16:57:42,021] 48 root - INFO - Started Regular Expression mapping
[ 2026-05-26 16:57:42,021] 24 root - INFO - Match heuristic business names to paybill payments
[ 2026-05-26 16:57:42,021] 173 root - INFO - Data transformation complete
[ 2026-05-26 16:57:42,021] 48 root - INFO - Started Regular Expression mapping
[ 2026-05-26 16:57:42,021] 173 root - INFO - Data transformation complete
[ 2026-05-26 16:57:42,021] 48 root - INFO - Started Regular Expression mapping
[ 2026-05-26 16:57:42,021] 173 root - INFO - Data transformation complete
[ 2026-05-26 16:57:42,021] 48 root - INFO - Started Regular Expression mapping
[ 2026-05-26 16:57:42,021] 173 root - INFO - Data transformation complete
[ 2026-05-26 16:57:42,021] 48 root - INFO - Started Regular Expression mapping
[ 2026-05-26 16:57:42,021] 173 root - INFO - Data transformation complete
[ 2026-05-26 16:57:42,021] 48 root - INFO - Started Regular Expression mapping
[ 2026-05-26 16:57:42,021] 173 root - INFO - Data transformation complete
[ 2026-05-26 16:57:42,021] 48 root - INFO - Started Regular Expression mapping
[ 2026-05-26 16:57:42,021] 24 root - INFO - Match heuristic business names to paybill payments
[ 2026-05-26 16:57:42,021] 173 root - INFO - Data transformation complete
[ 2026-05-26 16:57:42,021] 48 root - INFO - Started Regular Expression mapping
[ 2026-05-26 16:57:42,021] 24 root - INFO - Match heuristic business names to paybill payments
[ 2026-05-26 16:57:42,021] 173 root - INFO - Data transformation complete
[ 2026-05-26 16:57:42,021] 48 root - INFO - Started Regular Expression mapping
[ 2026-05-26 16:57:42,021] 24 root - INFO - Match heuristic business names to paybill payments
[ 2026-05-26 16:57:42,021] 173 root - INFO - Data transformation complete
[ 2026-05-26 16:57:42,021] 48 root - INFO - Started Regular Expression mapping
[ 2026-05-26 16:57:42,021] 173 root - INFO - Data transformation complete
[ 2026-05-26 16:57:42,021] 48 root - INFO - Started Regular Expression mapping
[ 2026-05-26 16:57:42,021] 173 root - INFO - Data transformation complete
[ 2026-05-26 16:57:42,021] 48 root - INFO - Started Regular Expression mapping
[ 2026-05-26 16:57:42,021] 173 root - INFO - Data transformation complete
[ 2026-05-26 16:57:42,021] 48 root - INFO - Started Regular Expression mapping
[ 2026-05-26 16:57:42,021] 173 root - INFO - Data transformation complete
[ 2026-05-26 16:57:42,021] 48 root - INFO - Started Regular Expression mapping
[ 2026-05-26 16:57:42,021] 173 root - INFO - Data transformation complete
[ 2026-05-26 16:57:42,021] 48 root - INFO - Started Regular Expression mapping
[ 2026-05-26 16:57:42,021] 173 root - INFO - Data transformation complete
[ 2026-05-26 16:57:42,021] 48 root - INFO - Started Regular Expression mapping
[ 2026-05-26 16:57:42,021] 24 root - INFO - Match heuristic business names to paybill payments
[ 2026-05-26 16:57:42,021] 173 root - INFO - Data transformation complete
[ 2026-05-26 16:57:42,021] 48 root - INFO - Started Regular Expression mapping
[ 2026-05-26 16:57:42,032] 173 root - INFO - Data transformation complete
[ 2026-05-26 16:57:42,032] 48 root - INFO - Started Regular Expression mapping
[ 2026-05-26 16:57:42,032] 24 root - INFO - Match heuristic business names to paybill payments
[ 2026-05-26 16:57:42,032] 173 root - INFO - Data transformation complete
[ 2026-05-26 16:57:42,032] 48 root - INFO - Started Regular Expression mapping
[ 2026-05-26 16:57:42,032] 24 root - INFO - Match heuristic business names to paybill payments
[ 2026-05-26 16:57:42,032] 173 root - INFO - Data transformation complete
[ 2026-05-26 16:57:42,032] 48 root - INFO - Started Regular Expression mapping
[ 2026-05-26 16:57:42,032] 24 root - INFO - Match heuristic business names to paybill payments
[ 2026-05-26 16:57:42,032] 173 root - INFO - Data transformation complete
[ 2026-05-26 16:57:42,032] 48 root - INFO - Started Regular Expression mapping
[ 2026-05-26 16:57:42,034] 173 root - INFO - Data transformation complete
[ 2026-05-26 16:57:42,034] 48 root - INFO - Started Regular Expression mapping
[ 2026-05-26 16:57:42,034] 173 root - INFO - Data transformation complete
[ 2026-05-26 16:57:42,034] 48 root - INFO - Started Regular Expression mapping
[ 2026-05-26 16:57:42,034] 173 root - INFO - Data transformation complete
[ 2026-05-26 16:57:42,034] 48 root - INFO - Started Regular Expression mapping
[ 2026-05-26 16:57:42,034] 24 root - INFO - Match heuristic business names to paybill payments
[ 2026-05-26 16:57:42,034] 173 root - INFO - Data transformation complete
[ 2026-05-26 16:57:42,034] 48 root - INFO - Started Regular Expression mapping
[ 2026-05-26 16:57:42,034] 173 root - INFO - Data transformation complete
[ 2026-05-26 16:57:42,034] 48 root - INFO - Started Regular Expression mapping
[ 2026-05-26 16:57:42,034] 173 root - INFO - Data transformation complete
[ 2026-05-26 16:57:42,034] 48 root - INFO - Started Regular Expression mapping
[ 2026-05-26 16:57:42,036] 24 root - INFO - Match heuristic business names to paybill payments
[ 2026-05-26 16:57:42,036] 173 root - INFO - Data transformation complete
[ 2026-05-26 16:57:42,036] 48 root - INFO - Started Regular Expression mapping
[ 2026-05-26 16:57:42,036] 173 root - INFO - Data transformation complete
[ 2026-05-26 16:57:42,036] 48 root - INFO - Started Regular Expression mapping
[ 2026-05-26 16:57:42,036] 24 root - INFO - Match heuristic business names to paybill payments
[ 2026-05-26 16:57:42,036] 173 root - INFO - Data transformation complete
[ 2026-05-26 16:57:42,036] 48 root - INFO - Started Regular Expression mapping
[ 2026-05-26 16:57:42,036] 173 root - INFO - Data transformation complete
[ 2026-05-26 16:57:42,036] 48 root - INFO - Started Regular Expression mapping
[ 2026-05-26 16:57:42,036] 173 root - INFO - Data transformation complete
[ 2026-05-26 16:57:42,036] 48 root - INFO - Started Regular Expression mapping
[ 2026-05-26 16:57:42,036] 173 root - INFO - Data transformation complete
[ 2026-05-26 16:57:42,038] 48 root - INFO - Started Regular Expression mapping
[ 2026-05-26 16:57:42,038] 173 root - INFO - Data transformation complete
[ 2026-05-26 16:57:42,038] 48 root - INFO - Started Regular Expression mapping
[ 2026-05-26 16:57:42,038] 24 root - INFO - Match heuristic business names to paybill payments
[ 2026-05-26 16:57:42,038] 173 root - INFO - Data transformation complete
[ 2026-05-26 16:57:42,038] 48 root - INFO - Started Regular Expression mapping
[ 2026-05-26 16:57:42,038] 173 root - INFO - Data transformation complete
[ 2026-05-26 16:57:42,038] 48 root - INFO - Started Regular Expression mapping
[ 2026-05-26 16:57:42,040] 173 root - INFO - Data transformation complete
[ 2026-05-26 16:57:42,040] 48 root - INFO - Started Regular Expression mapping
[ 2026-05-26 16:57:42,040] 24 root - INFO - Match heuristic business names to paybill payments
[ 2026-05-26 16:57:42,040] 173 root - INFO - Data transformation complete
[ 2026-05-26 16:57:42,040] 48 root - INFO - Started Regular Expression mapping
[ 2026-05-26 16:57:42,041] 24 root - INFO - Match heuristic business names to paybill payments
[ 2026-05-26 16:57:42,041] 173 root - INFO - Data transformation complete
[ 2026-05-26 16:57:42,041] 48 root - INFO - Started Regular Expression mapping
[ 2026-05-26 16:57:42,041] 24 root - INFO - Match heuristic business names to paybill payments
[ 2026-05-26 16:57:42,041] 173 root - INFO - Data transformation complete
[ 2026-05-26 16:57:42,041] 48 root - INFO - Started Regular Expression mapping
[ 2026-05-26 16:57:42,041] 24 root - INFO - Match heuristic business names to paybill payments
[ 2026-05-26 16:57:42,041] 173 root - INFO - Data transformation complete
[ 2026-05-26 16:57:42,041] 48 root - INFO - Started Regular Expression mapping
[ 2026-05-26 16:57:42,041] 24 root - INFO - Match heuristic business names to paybill payments
[ 2026-05-26 16:57:42,041] 173 root - INFO - Data transformation complete
[ 2026-05-26 16:57:42,041] 48 root - INFO - Started Regular Expression mapping
[ 2026-05-26 16:57:42,041] 173 root - INFO - Data transformation complete
[ 2026-05-26 16:57:42,041] 48 root - INFO - Started Regular Expression mapping
[ 2026-05-26 16:57:42,041] 173 root - INFO - Data transformation complete
[ 2026-05-26 16:57:42,041] 48 root - INFO - Started Regular Expression mapping
[ 2026-05-26 16:57:42,041] 173 root - INFO - Data transformation complete
[ 2026-05-26 16:57:42,041] 48 root - INFO - Started Regular Expression mapping
[ 2026-05-26 16:57:42,041] 24 root - INFO - Match heuristic business names to paybill payments
[ 2026-05-26 16:57:42,041] 173 root - INFO - Data transformation complete
[ 2026-05-26 16:57:42,041] 48 root - INFO - Started Regular Expression mapping
[ 2026-05-26 16:57:42,041] 173 root - INFO - Data transformation complete
[ 2026-05-26 16:57:42,041] 48 root - INFO - Started Regular Expression mapping
[ 2026-05-26 16:57:42,041] 173 root - INFO - Data transformation complete
[ 2026-05-26 16:57:42,041] 48 root - INFO - Started Regular Expression mapping
[ 2026-05-26 16:57:42,041] 24 root - INFO - Match heuristic business names to paybill payments
[ 2026-05-26 16:57:42,041] 173 root - INFO - Data transformation complete
[ 2026-05-26 16:57:42,041] 48 root - INFO - Started Regular Expression mapping
[ 2026-05-26 16:57:42,041] 24 root - INFO - Match heuristic business names to paybill payments
[ 2026-05-26 16:57:42,041] 173 root - INFO - Data transformation complete
[ 2026-05-26 16:57:42,041] 48 root - INFO - Started Regular Expression mapping
[ 2026-05-26 16:57:42,041] 173 root - INFO - Data transformation complete
[ 2026-05-26 16:57:42,041] 48 root - INFO - Started Regular Expression mapping
[ 2026-05-26 16:57:42,041] 24 root - INFO - Match heuristic business names to paybill payments
[ 2026-05-26 16:57:42,041] 173 root - INFO - Data transformation complete
[ 2026-05-26 16:57:42,041] 48 root - INFO - Started Regular Expression mapping
[ 2026-05-26 16:57:42,041] 173 root - INFO - Data transformation complete
[ 2026-05-26 16:57:42,041] 48 root - INFO - Started Regular Expression mapping
[ 2026-05-26 16:57:42,041] 24 root - INFO - Match heuristic business names to paybill payments
[ 2026-05-26 16:57:42,041] 173 root - INFO - Data transformation complete
[ 2026-05-26 16:57:42,041] 48 root - INFO - Started Regular Expression mapping
[ 2026-05-26 16:57:42,041] 173 root - INFO - Data transformation complete
[ 2026-05-26 16:57:42,041] 48 root - INFO - Started Regular Expression mapping
[ 2026-05-26 16:57:42,041] 173 root - INFO - Data transformation complete
[ 2026-05-26 16:57:42,041] 48 root - INFO - Started Regular Expression mapping
[ 2026-05-26 16:57:42,041] 173 root - INFO - Data transformation complete
[ 2026-05-26 16:57:42,041] 48 root - INFO - Started Regular Expression mapping
[ 2026-05-26 16:57:42,041] 173 root - INFO - Data transformation complete
[ 2026-05-26 16:57:42,041] 48 root - INFO - Started Regular Expression mapping
[ 2026-05-26 16:57:42,048] 173 root - INFO - Data transformation complete
[ 2026-05-26 16:57:42,048] 48 root - INFO - Started Regular Expression mapping
[ 2026-05-26 16:57:42,048] 173 root - INFO - Data transformation complete
[ 2026-05-26 16:57:42,048] 48 root - INFO - Started Regular Expression mapping
[ 2026-05-26 16:57:42,048] 173 root - INFO - Data transformation complete
[ 2026-05-26 16:57:42,048] 48 root - INFO - Started Regular Expression mapping
[ 2026-05-26 16:57:42,048] 173 root - INFO - Data transformation complete
[ 2026-05-26 16:57:42,048] 48 root - INFO - Started Regular Expression mapping
[ 2026-05-26 16:57:42,048] 173 root - INFO - Data transformation complete
[ 2026-05-26 16:57:42,048] 48 root - INFO - Started Regular Expression mapping
[ 2026-05-26 16:57:42,048] 173 root - INFO - Data transformation complete
[ 2026-05-26 16:57:42,048] 48 root - INFO - Started Regular Expression mapping
[ 2026-05-26 16:57:42,048] 173 root - INFO - Data transformation complete
[ 2026-05-26 16:57:42,048] 48 root - INFO - Started Regular Expression mapping
[ 2026-05-26 16:57:42,048] 24 root - INFO - Match heuristic business names to paybill payments
[ 2026-05-26 16:57:42,048] 173 root - INFO - Data transformation complete
[ 2026-05-26 16:57:42,048] 48 root - INFO - Started Regular Expression mapping
[ 2026-05-26 16:57:42,048] 173 root - INFO - Data transformation complete
[ 2026-05-26 16:57:42,048] 48 root - INFO - Started Regular Expression mapping
[ 2026-05-26 16:57:42,048] 24 root - INFO - Match heuristic business names to paybill payments
[ 2026-05-26 16:57:42,048] 173 root - INFO - Data transformation complete
[ 2026-05-26 16:57:42,048] 48 root - INFO - Started Regular Expression mapping
[ 2026-05-26 16:57:42,048] 173 root - INFO - Data transformation complete
[ 2026-05-26 16:57:42,048] 48 root - INFO - Started Regular Expression mapping
[ 2026-05-26 16:57:42,048] 173 root - INFO - Data transformation complete
[ 2026-05-26 16:57:42,048] 48 root - INFO - Started Regular Expression mapping
[ 2026-05-26 16:57:42,048] 24 root - INFO - Match heuristic business names to paybill payments
[ 2026-05-26 16:57:42,048] 173 root - INFO - Data transformation complete
[ 2026-05-26 16:57:42,048] 48 root - INFO - Started Regular Expression mapping
[ 2026-05-26 16:57:42,048] 173 root - INFO - Data transformation complete
[ 2026-05-26 16:57:42,048] 48 root - INFO - Started Regular Expression mapping
[ 2026-05-26 16:57:42,048] 173 root - INFO - Data transformation complete
[ 2026-05-26 16:57:42,048] 48 root - INFO - Started Regular Expression mapping
[ 2026-05-26 16:57:42,048] 173 root - INFO - Data transformation complete
[ 2026-05-26 16:57:42,048] 48 root - INFO - Started Regular Expression mapping
[ 2026-05-26 16:57:42,048] 24 root - INFO - Match heuristic business names to paybill payments
[ 2026-05-26 16:57:42,054] 173 root - INFO - Data transformation complete
[ 2026-05-26 16:57:42,054] 48 root - INFO - Started Regular Expression mapping
[ 2026-05-26 16:57:42,054] 173 root - INFO - Data transformation complete
[ 2026-05-26 16:57:42,055] 48 root - INFO - Started Regular Expression mapping
[ 2026-05-26 16:57:42,055] 173 root - INFO - Data transformation complete
[ 2026-05-26 16:57:42,055] 48 root - INFO - Started Regular Expression mapping
[ 2026-05-26 16:57:42,055] 24 root - INFO - Match heuristic business names to paybill payments
[ 2026-05-26 16:57:42,055] 173 root - INFO - Data transformation complete
[ 2026-05-26 16:57:42,055] 48 root - INFO - Started Regular Expression mapping
[ 2026-05-26 16:57:42,055] 173 root - INFO - Data transformation complete
[ 2026-05-26 16:57:42,055] 48 root - INFO - Started Regular Expression mapping
[ 2026-05-26 16:57:42,055] 173 root - INFO - Data transformation complete
[ 2026-05-26 16:57:42,055] 48 root - INFO - Started Regular Expression mapping
[ 2026-05-26 16:57:42,055] 24 root - INFO - Match heuristic business names to paybill payments
[ 2026-05-26 16:57:42,057] 173 root - INFO - Data transformation complete
[ 2026-05-26 16:57:42,057] 48 root - INFO - Started Regular Expression mapping
[ 2026-05-26 16:57:42,057] 173 root - INFO - Data transformation complete
[ 2026-05-26 16:57:42,057] 48 root - INFO - Started Regular Expression mapping
[ 2026-05-26 16:57:42,057] 173 root - INFO - Data transformation complete
[ 2026-05-26 16:57:42,057] 48 root - INFO - Started Regular Expression mapping
[ 2026-05-26 16:57:42,057] 173 root - INFO - Data transformation complete
[ 2026-05-26 16:57:42,057] 48 root - INFO - Started Regular Expression mapping
[ 2026-05-26 16:57:42,057] 173 root - INFO - Data transformation complete
[ 2026-05-26 16:57:42,057] 48 root - INFO - Started Regular Expression mapping
[ 2026-05-26 16:57:42,057] 173 root - INFO - Data transformation complete
[ 2026-05-26 16:57:42,057] 48 root - INFO - Started Regular Expression mapping
[ 2026-05-26 16:57:42,059] 173 root - INFO - Data transformation complete
[ 2026-05-26 16:57:42,059] 48 root - INFO - Started Regular Expression mapping
[ 2026-05-26 16:57:42,059] 173 root - INFO - Data transformation complete
[ 2026-05-26 16:57:42,059] 48 root - INFO - Started Regular Expression mapping
[ 2026-05-26 16:57:42,059] 173 root - INFO - Data transformation complete
[ 2026-05-26 16:57:42,059] 48 root - INFO - Started Regular Expression mapping
[ 2026-05-26 16:57:42,059] 173 root - INFO - Data transformation complete
[ 2026-05-26 16:57:42,059] 48 root - INFO - Started Regular Expression mapping
[ 2026-05-26 16:57:42,059] 24 root - INFO - Match heuristic business names to paybill payments
[ 2026-05-26 16:57:42,059] 173 root - INFO - Data transformation complete
[ 2026-05-26 16:57:42,059] 48 root - INFO - Started Regular Expression mapping
[ 2026-05-26 16:57:42,059] 173 root - INFO - Data transformation complete
[ 2026-05-26 16:57:42,059] 48 root - INFO - Started Regular Expression mapping
[ 2026-05-26 16:57:42,061] 173 root - INFO - Data transformation complete
[ 2026-05-26 16:57:42,061] 48 root - INFO - Started Regular Expression mapping
[ 2026-05-26 16:57:42,061] 24 root - INFO - Match heuristic business names to paybill payments
[ 2026-05-26 16:57:42,061] 173 root - INFO - Data transformation complete
[ 2026-05-26 16:57:42,061] 48 root - INFO - Started Regular Expression mapping
[ 2026-05-26 16:57:42,061] 173 root - INFO - Data transformation complete
[ 2026-05-26 16:57:42,061] 48 root - INFO - Started Regular Expression mapping
[ 2026-05-26 16:57:42,061] 24 root - INFO - Match heuristic business names to paybill payments
[ 2026-05-26 16:57:42,061] 173 root - INFO - Data transformation complete
[ 2026-05-26 16:57:42,061] 48 root - INFO - Started Regular Expression mapping
[ 2026-05-26 16:57:42,061] 173 root - INFO - Data transformation complete
[ 2026-05-26 16:57:42,061] 48 root - INFO - Started Regular Expression mapping
[ 2026-05-26 16:57:42,061] 24 root - INFO - Match heuristic business names to paybill payments
[ 2026-05-26 16:57:42,061] 173 root - INFO - Data transformation complete
[ 2026-05-26 16:57:42,063] 48 root - INFO - Started Regular Expression mapping
[ 2026-05-26 16:57:42,063] 24 root - INFO - Match heuristic business names to paybill payments
[ 2026-05-26 16:57:42,063] 173 root - INFO - Data transformation complete
[ 2026-05-26 16:57:42,063] 48 root - INFO - Started Regular Expression mapping
[ 2026-05-26 16:57:42,063] 173 root - INFO - Data transformation complete
[ 2026-05-26 16:57:42,063] 48 root - INFO - Started Regular Expression mapping
[ 2026-05-26 16:57:42,063] 173 root - INFO - Data transformation complete
[ 2026-05-26 16:57:42,063] 48 root - INFO - Started Regular Expression mapping
[ 2026-05-26 16:57:42,063] 173 root - INFO - Data transformation complete
[ 2026-05-26 16:57:42,063] 48 root - INFO - Started Regular Expression mapping
[ 2026-05-26 16:57:42,063] 173 root - INFO - Data transformation complete
[ 2026-05-26 16:57:42,063] 48 root - INFO - Started Regular Expression mapping
[ 2026-05-26 16:57:42,063] 173 root - INFO - Data transformation complete
[ 2026-05-26 16:57:42,065] 48 root - INFO - Started Regular Expression mapping
[ 2026-05-26 16:57:42,065] 173 root - INFO - Data transformation complete
[ 2026-05-26 16:57:42,065] 48 root - INFO - Started Regular Expression mapping
[ 2026-05-26 16:57:42,065] 173 root - INFO - Data transformation complete
[ 2026-05-26 16:57:42,065] 48 root - INFO - Started Regular Expression mapping
[ 2026-05-26 16:57:42,065] 24 root - INFO - Match heuristic business names to paybill payments
[ 2026-05-26 16:57:42,065] 173 root - INFO - Data transformation complete
[ 2026-05-26 16:57:42,065] 48 root - INFO - Started Regular Expression mapping
[ 2026-05-26 16:57:42,065] 24 root - INFO - Match heuristic business names to paybill payments
[ 2026-05-26 16:57:42,065] 173 root - INFO - Data transformation complete
[ 2026-05-26 16:57:42,065] 48 root - INFO - Started Regular Expression mapping
[ 2026-05-26 16:57:42,065] 173 root - INFO - Data transformation complete
[ 2026-05-26 16:57:42,065] 48 root - INFO - Started Regular Expression mapping
[ 2026-05-26 16:57:42,067] 173 root - INFO - Data transformation complete
[ 2026-05-26 16:57:42,067] 48 root - INFO - Started Regular Expression mapping
[ 2026-05-26 16:57:42,067] 173 root - INFO - Data transformation complete
[ 2026-05-26 16:57:42,067] 48 root - INFO - Started Regular Expression mapping
[ 2026-05-26 16:57:42,067] 173 root - INFO - Data transformation complete
[ 2026-05-26 16:57:42,067] 48 root - INFO - Started Regular Expression mapping
[ 2026-05-26 16:57:42,067] 173 root - INFO - Data transformation complete
[ 2026-05-26 16:57:42,067] 48 root - INFO - Started Regular Expression mapping
[ 2026-05-26 16:57:42,067] 24 root - INFO - Match heuristic business names to paybill payments
[ 2026-05-26 16:57:42,067] 173 root - INFO - Data transformation complete
[ 2026-05-26 16:57:42,067] 48 root - INFO - Started Regular Expression mapping
[ 2026-05-26 16:57:42,067] 24 root - INFO - Match heuristic business names to paybill payments
[ 2026-05-26 16:57:42,067] 173 root - INFO - Data transformation complete
[ 2026-05-26 16:57:42,067] 48 root - INFO - Started Regular Expression mapping
[ 2026-05-26 16:57:42,069] 24 root - INFO - Match heuristic business names to paybill payments
[ 2026-05-26 16:57:42,069] 173 root - INFO - Data transformation complete
[ 2026-05-26 16:57:42,069] 48 root - INFO - Started Regular Expression mapping
[ 2026-05-26 16:57:42,069] 173 root - INFO - Data transformation complete
[ 2026-05-26 16:57:42,069] 48 root - INFO - Started Regular Expression mapping
[ 2026-05-26 16:57:42,069] 173 root - INFO - Data transformation complete
[ 2026-05-26 16:57:42,069] 48 root - INFO - Started Regular Expression mapping
[ 2026-05-26 16:57:42,069] 24 root - INFO - Match heuristic business names to paybill payments
[ 2026-05-26 16:57:42,069] 173 root - INFO - Data transformation complete
[ 2026-05-26 16:57:42,069] 48 root - INFO - Started Regular Expression mapping
[ 2026-05-26 16:57:42,069] 24 root - INFO - Match heuristic business names to paybill payments
[ 2026-05-26 16:57:42,069] 173 root - INFO - Data transformation complete
[ 2026-05-26 16:57:42,069] 48 root - INFO - Started Regular Expression mapping
[ 2026-05-26 16:57:42,071] 173 root - INFO - Data transformation complete
[ 2026-05-26 16:57:42,071] 48 root - INFO - Started Regular Expression mapping
[ 2026-05-26 16:57:42,071] 173 root - INFO - Data transformation complete
[ 2026-05-26 16:57:42,071] 48 root - INFO - Started Regular Expression mapping
[ 2026-05-26 16:57:42,071] 173 root - INFO - Data transformation complete
[ 2026-05-26 16:57:42,071] 48 root - INFO - Started Regular Expression mapping
[ 2026-05-26 16:57:42,071] 173 root - INFO - Data transformation complete
[ 2026-05-26 16:57:42,071] 48 root - INFO - Started Regular Expression mapping
[ 2026-05-26 16:57:42,071] 173 root - INFO - Data transformation complete
[ 2026-05-26 16:57:42,071] 48 root - INFO - Started Regular Expression mapping
[ 2026-05-26 16:57:42,071] 24 root - INFO - Match heuristic business names to paybill payments
[ 2026-05-26 16:57:42,071] 173 root - INFO - Data transformation complete
[ 2026-05-26 16:57:42,073] 48 root - INFO - Started Regular Expression mapping
[ 2026-05-26 16:57:42,073] 173 root - INFO - Data transformation complete
[ 2026-05-26 16:57:42,073] 48 root - INFO - Started Regular Expression mapping
[ 2026-05-26 16:57:42,073] 173 root - INFO - Data transformation complete
[ 2026-05-26 16:57:42,073] 48 root - INFO - Started Regular Expression mapping
[ 2026-05-26 16:57:42,073] 173 root - INFO - Data transformation complete
[ 2026-05-26 16:57:42,073] 48 root - INFO - Started Regular Expression mapping
[ 2026-05-26 16:57:42,073] 173 root - INFO - Data transformation complete
[ 2026-05-26 16:57:42,073] 48 root - INFO - Started Regular Expression mapping
[ 2026-05-26 16:57:42,073] 173 root - INFO - Data transformation complete
[ 2026-05-26 16:57:42,073] 48 root - INFO - Started Regular Expression mapping
[ 2026-05-26 16:57:42,073] 173 root - INFO - Data transformation complete
[ 2026-05-26 16:57:42,073] 48 root - INFO - Started Regular Expression mapping
[ 2026-05-26 16:57:42,075] 173 root - INFO - Data transformation complete
[ 2026-05-26 16:57:42,075] 48 root - INFO - Started Regular Expression mapping
[ 2026-05-26 16:57:42,075] 173 root - INFO - Data transformation complete
[ 2026-05-26 16:57:42,075] 48 root - INFO - Started Regular Expression mapping
[ 2026-05-26 16:57:42,075] 24 root - INFO - Match heuristic business names to paybill payments
[ 2026-05-26 16:57:42,075] 173 root - INFO - Data transformation complete
[ 2026-05-26 16:57:42,075] 48 root - INFO - Started Regular Expression mapping
[ 2026-05-26 16:57:42,075] 24 root - INFO - Match heuristic business names to paybill payments
[ 2026-05-26 16:57:42,075] 173 root - INFO - Data transformation complete
[ 2026-05-26 16:57:42,075] 48 root - INFO - Started Regular Expression mapping
[ 2026-05-26 16:57:42,075] 173 root - INFO - Data transformation complete
[ 2026-05-26 16:57:42,075] 48 root - INFO - Started Regular Expression mapping
[ 2026-05-26 16:57:42,075] 173 root - INFO - Data transformation complete
[ 2026-05-26 16:57:42,077] 48 root - INFO - Started Regular Expression mapping
[ 2026-05-26 16:57:42,077] 173 root - INFO - Data transformation complete
[ 2026-05-26 16:57:42,077] 48 root - INFO - Started Regular Expression mapping
[ 2026-05-26 16:57:42,077] 173 root - INFO - Data transformation complete
[ 2026-05-26 16:57:42,077] 48 root - INFO - Started Regular Expression mapping
[ 2026-05-26 16:57:42,077] 173 root - INFO - Data transformation complete
[ 2026-05-26 16:57:42,077] 48 root - INFO - Started Regular Expression mapping
[ 2026-05-26 16:57:42,077] 173 root - INFO - Data transformation complete
[ 2026-05-26 16:57:42,077] 48 root - INFO - Started Regular Expression mapping
[ 2026-05-26 16:57:42,077] 173 root - INFO - Data transformation complete
[ 2026-05-26 16:57:42,077] 48 root - INFO - Started Regular Expression mapping
[ 2026-05-26 16:57:42,077] 173 root - INFO - Data transformation complete
[ 2026-05-26 16:57:42,077] 48 root - INFO - Started Regular Expression mapping
[ 2026-05-26 16:57:42,079] 24 root - INFO - Match heuristic business names to paybill payments
[ 2026-05-26 16:57:42,079] 173 root - INFO - Data transformation complete
[ 2026-05-26 16:57:42,079] 48 root - INFO - Started Regular Expression mapping
[ 2026-05-26 16:57:42,079] 173 root - INFO - Data transformation complete
[ 2026-05-26 16:57:42,079] 48 root - INFO - Started Regular Expression mapping
[ 2026-05-26 16:57:42,079] 24 root - INFO - Match heuristic business names to paybill payments
[ 2026-05-26 16:57:42,079] 173 root - INFO - Data transformation complete
[ 2026-05-26 16:57:42,079] 48 root - INFO - Started Regular Expression mapping
[ 2026-05-26 16:57:42,079] 173 root - INFO - Data transformation complete
[ 2026-05-26 16:57:42,079] 48 root - INFO - Started Regular Expression mapping
[ 2026-05-26 16:57:42,079] 24 root - INFO - Match heuristic business names to paybill payments
[ 2026-05-26 16:57:42,079] 173 root - INFO - Data transformation complete
[ 2026-05-26 16:57:42,081] 48 root - INFO - Started Regular Expression mapping
[ 2026-05-26 16:57:42,081] 24 root - INFO - Match heuristic business names to paybill payments
[ 2026-05-26 16:57:42,081] 173 root - INFO - Data transformation complete
[ 2026-05-26 16:57:42,081] 48 root - INFO - Started Regular Expression mapping
[ 2026-05-26 16:57:42,081] 24 root - INFO - Match heuristic business names to paybill payments
[ 2026-05-26 16:57:42,081] 173 root - INFO - Data transformation complete
[ 2026-05-26 16:57:42,081] 48 root - INFO - Started Regular Expression mapping
[ 2026-05-26 16:57:42,081] 173 root - INFO - Data transformation complete
[ 2026-05-26 16:57:42,081] 48 root - INFO - Started Regular Expression mapping
[ 2026-05-26 16:57:42,081] 173 root - INFO - Data transformation complete
[ 2026-05-26 16:57:42,081] 48 root - INFO - Started Regular Expression mapping
[ 2026-05-26 16:57:42,081] 173 root - INFO - Data transformation complete
[ 2026-05-26 16:57:42,081] 48 root - INFO - Started Regular Expression mapping
[ 2026-05-26 16:57:42,081] 173 root - INFO - Data transformation complete
[ 2026-05-26 16:57:42,081] 48 root - INFO - Started Regular Expression mapping
[ 2026-05-26 16:57:42,081] 173 root - INFO - Data transformation complete
[ 2026-05-26 16:57:42,081] 48 root - INFO - Started Regular Expression mapping
[ 2026-05-26 16:57:42,081] 173 root - INFO - Data transformation complete
[ 2026-05-26 16:57:42,081] 48 root - INFO - Started Regular Expression mapping
[ 2026-05-26 16:57:42,081] 24 root - INFO - Match heuristic business names to paybill payments
[ 2026-05-26 16:57:42,081] 173 root - INFO - Data transformation complete
[ 2026-05-26 16:57:42,081] 48 root - INFO - Started Regular Expression mapping
[ 2026-05-26 16:57:42,081] 173 root - INFO - Data transformation complete
[ 2026-05-26 16:57:42,081] 48 root - INFO - Started Regular Expression mapping
[ 2026-05-26 16:57:42,081] 173 root - INFO - Data transformation complete
[ 2026-05-26 16:57:42,081] 48 root - INFO - Started Regular Expression mapping
[ 2026-05-26 16:57:42,081] 24 root - INFO - Match heuristic business names to paybill payments
[ 2026-05-26 16:57:42,081] 173 root - INFO - Data transformation complete
[ 2026-05-26 16:57:42,081] 48 root - INFO - Started Regular Expression mapping
[ 2026-05-26 16:57:42,081] 173 root - INFO - Data transformation complete
[ 2026-05-26 16:57:42,081] 48 root - INFO - Started Regular Expression mapping
[ 2026-05-26 16:57:42,081] 173 root - INFO - Data transformation complete
[ 2026-05-26 16:57:42,081] 48 root - INFO - Started Regular Expression mapping
[ 2026-05-26 16:57:42,081] 173 root - INFO - Data transformation complete
[ 2026-05-26 16:57:42,081] 48 root - INFO - Started Regular Expression mapping
[ 2026-05-26 16:57:42,081] 173 root - INFO - Data transformation complete
[ 2026-05-26 16:57:42,081] 48 root - INFO - Started Regular Expression mapping
[ 2026-05-26 16:57:42,081] 24 root - INFO - Match heuristic business names to paybill payments
[ 2026-05-26 16:57:42,081] 173 root - INFO - Data transformation complete
[ 2026-05-26 16:57:42,081] 48 root - INFO - Started Regular Expression mapping
[ 2026-05-26 16:57:42,081] 24 root - INFO - Match heuristic business names to paybill payments
[ 2026-05-26 16:57:42,081] 173 root - INFO - Data transformation complete
[ 2026-05-26 16:57:42,081] 48 root - INFO - Started Regular Expression mapping
[ 2026-05-26 16:57:42,081] 24 root - INFO - Match heuristic business names to paybill payments
[ 2026-05-26 16:57:42,081] 173 root - INFO - Data transformation complete
[ 2026-05-26 16:57:42,081] 48 root - INFO - Started Regular Expression mapping
[ 2026-05-26 16:57:42,081] 173 root - INFO - Data transformation complete
[ 2026-05-26 16:57:42,081] 48 root - INFO - Started Regular Expression mapping
[ 2026-05-26 16:57:42,081] 173 root - INFO - Data transformation complete
[ 2026-05-26 16:57:42,081] 48 root - INFO - Started Regular Expression mapping
[ 2026-05-26 16:57:42,081] 24 root - INFO - Match heuristic business names to paybill payments
[ 2026-05-26 16:57:42,081] 173 root - INFO - Data transformation complete
[ 2026-05-26 16:57:42,081] 48 root - INFO - Started Regular Expression mapping
[ 2026-05-26 16:57:42,081] 173 root - INFO - Data transformation complete
[ 2026-05-26 16:57:42,081] 48 root - INFO - Started Regular Expression mapping
[ 2026-05-26 16:57:42,081] 24 root - INFO - Match heuristic business names to paybill payments
[ 2026-05-26 16:57:42,081] 173 root - INFO - Data transformation complete
[ 2026-05-26 16:57:42,081] 48 root - INFO - Started Regular Expression mapping
[ 2026-05-26 16:57:42,081] 173 root - INFO - Data transformation complete
[ 2026-05-26 16:57:42,081] 48 root - INFO - Started Regular Expression mapping
[ 2026-05-26 16:57:42,081] 24 root - INFO - Match heuristic business names to paybill payments
[ 2026-05-26 16:57:42,081] 173 root - INFO - Data transformation complete
[ 2026-05-26 16:57:42,081] 48 root - INFO - Started Regular Expression mapping
[ 2026-05-26 16:57:42,081] 173 root - INFO - Data transformation complete
[ 2026-05-26 16:57:42,081] 48 root - INFO - Started Regular Expression mapping
[ 2026-05-26 16:57:42,081] 173 root - INFO - Data transformation complete
[ 2026-05-26 16:57:42,081] 48 root - INFO - Started Regular Expression mapping
[ 2026-05-26 16:57:42,081] 173 root - INFO - Data transformation complete
[ 2026-05-26 16:57:42,081] 48 root - INFO - Started Regular Expression mapping
[ 2026-05-26 16:57:42,081] 173 root - INFO - Data transformation complete
[ 2026-05-26 16:57:42,081] 48 root - INFO - Started Regular Expression mapping
[ 2026-05-26 16:57:42,081] 24 root - INFO - Match heuristic business names to paybill payments
[ 2026-05-26 16:57:42,081] 173 root - INFO - Data transformation complete
[ 2026-05-26 16:57:42,081] 48 root - INFO - Started Regular Expression mapping
[ 2026-05-26 16:57:42,081] 24 root - INFO - Match heuristic business names to paybill payments
[ 2026-05-26 16:57:42,081] 173 root - INFO - Data transformation complete
[ 2026-05-26 16:57:42,081] 48 root - INFO - Started Regular Expression mapping
[ 2026-05-26 16:57:42,081] 173 root - INFO - Data transformation complete
[ 2026-05-26 16:57:42,081] 48 root - INFO - Started Regular Expression mapping
[ 2026-05-26 16:57:42,081] 173 root - INFO - Data transformation complete
[ 2026-05-26 16:57:42,081] 48 root - INFO - Started Regular Expression mapping
[ 2026-05-26 16:57:42,081] 24 root - INFO - Match heuristic business names to paybill payments
[ 2026-05-26 16:57:42,081] 173 root - INFO - Data transformation complete
[ 2026-05-26 16:57:42,081] 48 root - INFO - Started Regular Expression mapping
[ 2026-05-26 16:57:42,081] 173 root - INFO - Data transformation complete
[ 2026-05-26 16:57:42,081] 48 root - INFO - Started Regular Expression mapping
[ 2026-05-26 16:57:42,081] 173 root - INFO - Data transformation complete
[ 2026-05-26 16:57:42,081] 48 root - INFO - Started Regular Expression mapping
[ 2026-05-26 16:57:42,081] 173 root - INFO - Data transformation complete
[ 2026-05-26 16:57:42,081] 48 root - INFO - Started Regular Expression mapping
[ 2026-05-26 16:57:42,081] 24 root - INFO - Match heuristic business names to paybill payments
[ 2026-05-26 16:57:42,081] 173 root - INFO - Data transformation complete
[ 2026-05-26 16:57:42,081] 48 root - INFO - Started Regular Expression mapping
[ 2026-05-26 16:57:42,081] 24 root - INFO - Match heuristic business names to paybill payments
[ 2026-05-26 16:57:42,081] 173 root - INFO - Data transformation complete
[ 2026-05-26 16:57:42,081] 48 root - INFO - Started Regular Expression mapping
[ 2026-05-26 16:57:42,081] 173 root - INFO - Data transformation complete
[ 2026-05-26 16:57:42,081] 48 root - INFO - Started Regular Expression mapping
[ 2026-05-26 16:57:42,097] 24 root - INFO - Match heuristic business names to paybill payments
[ 2026-05-26 16:57:42,097] 173 root - INFO - Data transformation complete
[ 2026-05-26 16:57:42,097] 48 root - INFO - Started Regular Expression mapping
[ 2026-05-26 16:57:42,097] 24 root - INFO - Match heuristic business names to paybill payments
[ 2026-05-26 16:57:42,097] 173 root - INFO - Data transformation complete
[ 2026-05-26 16:57:42,097] 48 root - INFO - Started Regular Expression mapping
[ 2026-05-26 16:57:42,097] 173 root - INFO - Data transformation complete
[ 2026-05-26 16:57:42,097] 48 root - INFO - Started Regular Expression mapping
[ 2026-05-26 16:57:42,097] 24 root - INFO - Match heuristic business names to paybill payments
[ 2026-05-26 16:57:42,097] 173 root - INFO - Data transformation complete
[ 2026-05-26 16:57:42,097] 48 root - INFO - Started Regular Expression mapping
[ 2026-05-26 16:57:42,097] 173 root - INFO - Data transformation complete
[ 2026-05-26 16:57:42,099] 48 root - INFO - Started Regular Expression mapping
[ 2026-05-26 16:57:42,099] 24 root - INFO - Match heuristic business names to paybill payments
[ 2026-05-26 16:57:42,099] 173 root - INFO - Data transformation complete
[ 2026-05-26 16:57:42,099] 48 root - INFO - Started Regular Expression mapping
[ 2026-05-26 16:57:42,099] 173 root - INFO - Data transformation complete
[ 2026-05-26 16:57:42,099] 48 root - INFO - Started Regular Expression mapping
[ 2026-05-26 16:57:42,099] 173 root - INFO - Data transformation complete
[ 2026-05-26 16:57:42,099] 48 root - INFO - Started Regular Expression mapping
[ 2026-05-26 16:57:42,099] 173 root - INFO - Data transformation complete
[ 2026-05-26 16:57:42,099] 48 root - INFO - Started Regular Expression mapping
[ 2026-05-26 16:57:42,099] 173 root - INFO - Data transformation complete
[ 2026-05-26 16:57:42,099] 48 root - INFO - Started Regular Expression mapping
[ 2026-05-26 16:57:42,099] 24 root - INFO - Match heuristic business names to paybill payments
[ 2026-05-26 16:57:42,099] 173 root - INFO - Data transformation complete
[ 2026-05-26 16:57:42,099] 48 root - INFO - Started Regular Expression mapping
[ 2026-05-26 16:57:42,099] 173 root - INFO - Data transformation complete
[ 2026-05-26 16:57:42,099] 48 root - INFO - Started Regular Expression mapping
[ 2026-05-26 16:57:42,099] 24 root - INFO - Match heuristic business names to paybill payments
[ 2026-05-26 16:57:42,099] 173 root - INFO - Data transformation complete
[ 2026-05-26 16:57:42,099] 48 root - INFO - Started Regular Expression mapping
[ 2026-05-26 16:57:42,099] 24 root - INFO - Match heuristic business names to paybill payments
[ 2026-05-26 16:57:42,099] 173 root - INFO - Data transformation complete
[ 2026-05-26 16:57:42,099] 48 root - INFO - Started Regular Expression mapping
[ 2026-05-26 16:57:42,099] 24 root - INFO - Match heuristic business names to paybill payments
[ 2026-05-26 16:57:42,099] 173 root - INFO - Data transformation complete
[ 2026-05-26 16:57:42,099] 48 root - INFO - Started Regular Expression mapping
[ 2026-05-26 16:57:42,099] 24 root - INFO - Match heuristic business names to paybill payments
[ 2026-05-26 16:57:42,099] 173 root - INFO - Data transformation complete
[ 2026-05-26 16:57:42,099] 48 root - INFO - Started Regular Expression mapping
[ 2026-05-26 16:57:42,099] 173 root - INFO - Data transformation complete
[ 2026-05-26 16:57:42,099] 48 root - INFO - Started Regular Expression mapping
[ 2026-05-26 16:57:42,099] 173 root - INFO - Data transformation complete
[ 2026-05-26 16:57:42,099] 48 root - INFO - Started Regular Expression mapping
[ 2026-05-26 16:57:42,099] 24 root - INFO - Match heuristic business names to paybill payments
[ 2026-05-26 16:57:42,099] 173 root - INFO - Data transformation complete
[ 2026-05-26 16:57:42,099] 48 root - INFO - Started Regular Expression mapping
[ 2026-05-26 16:57:42,099] 173 root - INFO - Data transformation complete
[ 2026-05-26 16:57:42,099] 48 root - INFO - Started Regular Expression mapping
[ 2026-05-26 16:57:42,099] 173 root - INFO - Data transformation complete
[ 2026-05-26 16:57:42,099] 48 root - INFO - Started Regular Expression mapping
[ 2026-05-26 16:57:42,099] 24 root - INFO - Match heuristic business names to paybill payments
[ 2026-05-26 16:57:42,099] 173 root - INFO - Data transformation complete
[ 2026-05-26 16:57:42,099] 48 root - INFO - Started Regular Expression mapping
[ 2026-05-26 16:57:42,099] 173 root - INFO - Data transformation complete
[ 2026-05-26 16:57:42,099] 48 root - INFO - Started Regular Expression mapping
[ 2026-05-26 16:57:42,099] 173 root - INFO - Data transformation complete
[ 2026-05-26 16:57:42,099] 48 root - INFO - Started Regular Expression mapping
[ 2026-05-26 16:57:42,099] 24 root - INFO - Match heuristic business names to paybill payments
[ 2026-05-26 16:57:42,099] 173 root - INFO - Data transformation complete
[ 2026-05-26 16:57:42,099] 48 root - INFO - Started Regular Expression mapping
[ 2026-05-26 16:57:42,099] 173 root - INFO - Data transformation complete
[ 2026-05-26 16:57:42,099] 48 root - INFO - Started Regular Expression mapping
[ 2026-05-26 16:57:42,099] 24 root - INFO - Match heuristic business names to paybill payments
[ 2026-05-26 16:57:42,099] 173 root - INFO - Data transformation complete
[ 2026-05-26 16:57:42,099] 48 root - INFO - Started Regular Expression mapping
[ 2026-05-26 16:57:42,099] 173 root - INFO - Data transformation complete
[ 2026-05-26 16:57:42,099] 48 root - INFO - Started Regular Expression mapping
[ 2026-05-26 16:57:42,099] 173 root - INFO - Data transformation complete
[ 2026-05-26 16:57:42,099] 48 root - INFO - Started Regular Expression mapping
[ 2026-05-26 16:57:42,099] 173 root - INFO - Data transformation complete
[ 2026-05-26 16:57:42,099] 48 root - INFO - Started Regular Expression mapping
[ 2026-05-26 16:57:42,099] 173 root - INFO - Data transformation complete
[ 2026-05-26 16:57:42,099] 48 root - INFO - Started Regular Expression mapping
[ 2026-05-26 16:57:42,099] 173 root - INFO - Data transformation complete
[ 2026-05-26 16:57:42,099] 48 root - INFO - Started Regular Expression mapping
[ 2026-05-26 16:57:42,099] 173 root - INFO - Data transformation complete
[ 2026-05-26 16:57:42,099] 48 root - INFO - Started Regular Expression mapping
[ 2026-05-26 16:57:42,099] 173 root - INFO - Data transformation complete
[ 2026-05-26 16:57:42,099] 48 root - INFO - Started Regular Expression mapping
[ 2026-05-26 16:57:42,099] 173 root - INFO - Data transformation complete
[ 2026-05-26 16:57:42,099] 48 root - INFO - Started Regular Expression mapping
[ 2026-05-26 16:57:42,099] 24 root - INFO - Match heuristic business names to paybill payments
[ 2026-05-26 16:57:42,099] 173 root - INFO - Data transformation complete
[ 2026-05-26 16:57:42,099] 48 root - INFO - Started Regular Expression mapping
[ 2026-05-26 16:57:42,099] 173 root - INFO - Data transformation complete
[ 2026-05-26 16:57:42,099] 48 root - INFO - Started Regular Expression mapping
[ 2026-05-26 16:57:42,099] 173 root - INFO - Data transformation complete
[ 2026-05-26 16:57:42,099] 48 root - INFO - Started Regular Expression mapping
[ 2026-05-26 16:57:42,099] 173 root - INFO - Data transformation complete
[ 2026-05-26 16:57:42,099] 48 root - INFO - Started Regular Expression mapping
[ 2026-05-26 16:57:42,099] 173 root - INFO - Data transformation complete
[ 2026-05-26 16:57:42,099] 48 root - INFO - Started Regular Expression mapping
[ 2026-05-26 16:57:42,099] 173 root - INFO - Data transformation complete
[ 2026-05-26 16:57:42,099] 48 root - INFO - Started Regular Expression mapping
[ 2026-05-26 16:57:42,099] 173 root - INFO - Data transformation complete
[ 2026-05-26 16:57:42,099] 48 root - INFO - Started Regular Expression mapping
[ 2026-05-26 16:57:42,099] 173 root - INFO - Data transformation complete
[ 2026-05-26 16:57:42,099] 48 root - INFO - Started Regular Expression mapping
[ 2026-05-26 16:57:42,099] 173 root - INFO - Data transformation complete
[ 2026-05-26 16:57:42,099] 48 root - INFO - Started Regular Expression mapping
[ 2026-05-26 16:57:42,113] 24 root - INFO - Match heuristic business names to paybill payments
[ 2026-05-26 16:57:42,113] 173 root - INFO - Data transformation complete
[ 2026-05-26 16:57:42,113] 48 root - INFO - Started Regular Expression mapping
[ 2026-05-26 16:57:42,113] 173 root - INFO - Data transformation complete
[ 2026-05-26 16:57:42,113] 48 root - INFO - Started Regular Expression mapping
[ 2026-05-26 16:57:42,113] 173 root - INFO - Data transformation complete
[ 2026-05-26 16:57:42,113] 48 root - INFO - Started Regular Expression mapping
[ 2026-05-26 16:57:42,113] 173 root - INFO - Data transformation complete
[ 2026-05-26 16:57:42,113] 48 root - INFO - Started Regular Expression mapping
[ 2026-05-26 16:57:42,113] 173 root - INFO - Data transformation complete
[ 2026-05-26 16:57:42,115] 48 root - INFO - Started Regular Expression mapping
[ 2026-05-26 16:57:42,115] 173 root - INFO - Data transformation complete
[ 2026-05-26 16:57:42,115] 48 root - INFO - Started Regular Expression mapping
[ 2026-05-26 16:57:42,115] 24 root - INFO - Match heuristic business names to paybill payments
[ 2026-05-26 16:57:42,115] 173 root - INFO - Data transformation complete
[ 2026-05-26 16:57:42,115] 48 root - INFO - Started Regular Expression mapping
[ 2026-05-26 16:57:42,115] 24 root - INFO - Match heuristic business names to paybill payments
[ 2026-05-26 16:57:42,115] 173 root - INFO - Data transformation complete
[ 2026-05-26 16:57:42,115] 48 root - INFO - Started Regular Expression mapping
[ 2026-05-26 16:57:42,115] 24 root - INFO - Match heuristic business names to paybill payments
[ 2026-05-26 16:57:42,115] 173 root - INFO - Data transformation complete
[ 2026-05-26 16:57:42,115] 48 root - INFO - Started Regular Expression mapping
[ 2026-05-26 16:57:42,115] 173 root - INFO - Data transformation complete
[ 2026-05-26 16:57:42,115] 48 root - INFO - Started Regular Expression mapping
[ 2026-05-26 16:57:42,115] 24 root - INFO - Match heuristic business names to paybill payments
[ 2026-05-26 16:57:42,115] 173 root - INFO - Data transformation complete
[ 2026-05-26 16:57:42,115] 48 root - INFO - Started Regular Expression mapping
[ 2026-05-26 16:57:42,115] 173 root - INFO - Data transformation complete
[ 2026-05-26 16:57:42,115] 48 root - INFO - Started Regular Expression mapping
[ 2026-05-26 16:57:42,115] 173 root - INFO - Data transformation complete
[ 2026-05-26 16:57:42,115] 48 root - INFO - Started Regular Expression mapping
[ 2026-05-26 16:57:42,115] 173 root - INFO - Data transformation complete
[ 2026-05-26 16:57:42,115] 48 root - INFO - Started Regular Expression mapping
[ 2026-05-26 16:57:42,115] 173 root - INFO - Data transformation complete
[ 2026-05-26 16:57:42,115] 48 root - INFO - Started Regular Expression mapping
[ 2026-05-26 16:57:42,115] 173 root - INFO - Data transformation complete
[ 2026-05-26 16:57:42,115] 48 root - INFO - Started Regular Expression mapping
[ 2026-05-26 16:57:42,115] 24 root - INFO - Match heuristic business names to paybill payments
[ 2026-05-26 16:57:42,115] 173 root - INFO - Data transformation complete
[ 2026-05-26 16:57:42,115] 48 root - INFO - Started Regular Expression mapping
[ 2026-05-26 16:57:42,115] 173 root - INFO - Data transformation complete
[ 2026-05-26 16:57:42,115] 48 root - INFO - Started Regular Expression mapping
[ 2026-05-26 16:57:42,115] 24 root - INFO - Match heuristic business names to paybill payments
[ 2026-05-26 16:57:42,115] 173 root - INFO - Data transformation complete
[ 2026-05-26 16:57:42,115] 48 root - INFO - Started Regular Expression mapping
[ 2026-05-26 16:57:42,115] 24 root - INFO - Match heuristic business names to paybill payments
[ 2026-05-26 16:57:42,115] 173 root - INFO - Data transformation complete
[ 2026-05-26 16:57:42,115] 48 root - INFO - Started Regular Expression mapping
[ 2026-05-26 16:57:42,115] 173 root - INFO - Data transformation complete
[ 2026-05-26 16:57:42,115] 48 root - INFO - Started Regular Expression mapping
[ 2026-05-26 16:57:42,115] 173 root - INFO - Data transformation complete
[ 2026-05-26 16:57:42,115] 48 root - INFO - Started Regular Expression mapping
[ 2026-05-26 16:57:42,115] 24 root - INFO - Match heuristic business names to paybill payments
[ 2026-05-26 16:57:42,115] 173 root - INFO - Data transformation complete
[ 2026-05-26 16:57:42,115] 48 root - INFO - Started Regular Expression mapping
[ 2026-05-26 16:57:42,115] 24 root - INFO - Match heuristic business names to paybill payments
[ 2026-05-26 16:57:42,115] 173 root - INFO - Data transformation complete
[ 2026-05-26 16:57:42,115] 48 root - INFO - Started Regular Expression mapping
[ 2026-05-26 16:57:42,115] 24 root - INFO - Match heuristic business names to paybill payments
[ 2026-05-26 16:57:42,115] 173 root - INFO - Data transformation complete
[ 2026-05-26 16:57:42,115] 48 root - INFO - Started Regular Expression mapping
[ 2026-05-26 16:57:42,115] 24 root - INFO - Match heuristic business names to paybill payments
[ 2026-05-26 16:57:42,115] 173 root - INFO - Data transformation complete
[ 2026-05-26 16:57:42,115] 48 root - INFO - Started Regular Expression mapping
[ 2026-05-26 16:57:42,115] 173 root - INFO - Data transformation complete
[ 2026-05-26 16:57:42,115] 48 root - INFO - Started Regular Expression mapping
[ 2026-05-26 16:57:42,115] 173 root - INFO - Data transformation complete
[ 2026-05-26 16:57:42,115] 48 root - INFO - Started Regular Expression mapping
[ 2026-05-26 16:57:42,115] 24 root - INFO - Match heuristic business names to paybill payments
[ 2026-05-26 16:57:42,115] 173 root - INFO - Data transformation complete
[ 2026-05-26 16:57:42,115] 48 root - INFO - Started Regular Expression mapping
[ 2026-05-26 16:57:42,115] 24 root - INFO - Match heuristic business names to paybill payments
[ 2026-05-26 16:57:42,115] 173 root - INFO - Data transformation complete
[ 2026-05-26 16:57:42,115] 48 root - INFO - Started Regular Expression mapping
[ 2026-05-26 16:57:42,115] 24 root - INFO - Match heuristic business names to paybill payments
[ 2026-05-26 16:57:42,115] 173 root - INFO - Data transformation complete
[ 2026-05-26 16:57:42,115] 48 root - INFO - Started Regular Expression mapping
[ 2026-05-26 16:57:42,115] 173 root - INFO - Data transformation complete
[ 2026-05-26 16:57:42,115] 48 root - INFO - Started Regular Expression mapping
[ 2026-05-26 16:57:42,115] 173 root - INFO - Data transformation complete
[ 2026-05-26 16:57:42,115] 48 root - INFO - Started Regular Expression mapping
[ 2026-05-26 16:57:42,115] 173 root - INFO - Data transformation complete
[ 2026-05-26 16:57:42,115] 48 root - INFO - Started Regular Expression mapping
[ 2026-05-26 16:57:42,115] 173 root - INFO - Data transformation complete
[ 2026-05-26 16:57:42,115] 48 root - INFO - Started Regular Expression mapping
[ 2026-05-26 16:57:42,115] 24 root - INFO - Match heuristic business names to paybill payments
[ 2026-05-26 16:57:42,115] 173 root - INFO - Data transformation complete
[ 2026-05-26 16:57:42,115] 48 root - INFO - Started Regular Expression mapping
[ 2026-05-26 16:57:42,115] 173 root - INFO - Data transformation complete
[ 2026-05-26 16:57:42,115] 48 root - INFO - Started Regular Expression mapping
[ 2026-05-26 16:57:42,115] 24 root - INFO - Match heuristic business names to paybill payments
[ 2026-05-26 16:57:42,115] 173 root - INFO - Data transformation complete
[ 2026-05-26 16:57:42,115] 48 root - INFO - Started Regular Expression mapping
[ 2026-05-26 16:57:42,115] 173 root - INFO - Data transformation complete
[ 2026-05-26 16:57:42,115] 48 root - INFO - Started Regular Expression mapping
[ 2026-05-26 16:57:42,115] 173 root - INFO - Data transformation complete
[ 2026-05-26 16:57:42,115] 48 root - INFO - Started Regular Expression mapping
[ 2026-05-26 16:57:42,115] 173 root - INFO - Data transformation complete
[ 2026-05-26 16:57:42,115] 48 root - INFO - Started Regular Expression mapping
[ 2026-05-26 16:57:42,115] 24 root - INFO - Match heuristic business names to paybill payments
[ 2026-05-26 16:57:42,115] 173 root - INFO - Data transformation complete
[ 2026-05-26 16:57:42,115] 48 root - INFO - Started Regular Expression mapping
[ 2026-05-26 16:57:42,129] 173 root - INFO - Data transformation complete
[ 2026-05-26 16:57:42,129] 48 root - INFO - Started Regular Expression mapping
[ 2026-05-26 16:57:42,129] 173 root - INFO - Data transformation complete
[ 2026-05-26 16:57:42,129] 48 root - INFO - Started Regular Expression mapping
[ 2026-05-26 16:57:42,129] 173 root - INFO - Data transformation complete
[ 2026-05-26 16:57:42,129] 48 root - INFO - Started Regular Expression mapping
[ 2026-05-26 16:57:42,130] 173 root - INFO - Data transformation complete
[ 2026-05-26 16:57:42,130] 48 root - INFO - Started Regular Expression mapping
[ 2026-05-26 16:57:42,130] 173 root - INFO - Data transformation complete
[ 2026-05-26 16:57:42,130] 48 root - INFO - Started Regular Expression mapping
[ 2026-05-26 16:57:42,130] 24 root - INFO - Match heuristic business names to paybill payments
[ 2026-05-26 16:57:42,130] 173 root - INFO - Data transformation complete
[ 2026-05-26 16:57:42,130] 48 root - INFO - Started Regular Expression mapping
[ 2026-05-26 16:57:42,130] 173 root - INFO - Data transformation complete
[ 2026-05-26 16:57:42,130] 48 root - INFO - Started Regular Expression mapping
[ 2026-05-26 16:57:42,130] 173 root - INFO - Data transformation complete
[ 2026-05-26 16:57:42,130] 48 root - INFO - Started Regular Expression mapping
[ 2026-05-26 16:57:42,130] 173 root - INFO - Data transformation complete
[ 2026-05-26 16:57:42,130] 48 root - INFO - Started Regular Expression mapping
[ 2026-05-26 16:57:42,130] 173 root - INFO - Data transformation complete
[ 2026-05-26 16:57:42,130] 48 root - INFO - Started Regular Expression mapping
[ 2026-05-26 16:57:42,130] 173 root - INFO - Data transformation complete
[ 2026-05-26 16:57:42,130] 48 root - INFO - Started Regular Expression mapping
[ 2026-05-26 16:57:42,130] 24 root - INFO - Match heuristic business names to paybill payments
[ 2026-05-26 16:57:42,130] 173 root - INFO - Data transformation complete
[ 2026-05-26 16:57:42,130] 48 root - INFO - Started Regular Expression mapping
[ 2026-05-26 16:57:42,130] 173 root - INFO - Data transformation complete
[ 2026-05-26 16:57:42,130] 48 root - INFO - Started Regular Expression mapping
[ 2026-05-26 16:57:42,130] 24 root - INFO - Match heuristic business names to paybill payments
[ 2026-05-26 16:57:42,130] 173 root - INFO - Data transformation complete
[ 2026-05-26 16:57:42,130] 48 root - INFO - Started Regular Expression mapping
[ 2026-05-26 16:57:42,130] 173 root - INFO - Data transformation complete
[ 2026-05-26 16:57:42,130] 48 root - INFO - Started Regular Expression mapping
[ 2026-05-26 16:57:42,130] 173 root - INFO - Data transformation complete
[ 2026-05-26 16:57:42,130] 48 root - INFO - Started Regular Expression mapping
[ 2026-05-26 16:57:42,130] 173 root - INFO - Data transformation complete
[ 2026-05-26 16:57:42,130] 48 root - INFO - Started Regular Expression mapping
[ 2026-05-26 16:57:42,130] 173 root - INFO - Data transformation complete
[ 2026-05-26 16:57:42,130] 48 root - INFO - Started Regular Expression mapping
[ 2026-05-26 16:57:42,130] 24 root - INFO - Match heuristic business names to paybill payments
[ 2026-05-26 16:57:42,130] 173 root - INFO - Data transformation complete
[ 2026-05-26 16:57:42,130] 48 root - INFO - Started Regular Expression mapping
[ 2026-05-26 16:57:42,130] 173 root - INFO - Data transformation complete
[ 2026-05-26 16:57:42,130] 48 root - INFO - Started Regular Expression mapping
[ 2026-05-26 16:57:42,130] 173 root - INFO - Data transformation complete
[ 2026-05-26 16:57:42,130] 48 root - INFO - Started Regular Expression mapping
[ 2026-05-26 16:57:42,130] 173 root - INFO - Data transformation complete
[ 2026-05-26 16:57:42,130] 48 root - INFO - Started Regular Expression mapping
[ 2026-05-26 16:57:42,130] 173 root - INFO - Data transformation complete
[ 2026-05-26 16:57:42,130] 48 root - INFO - Started Regular Expression mapping
[ 2026-05-26 16:57:42,130] 173 root - INFO - Data transformation complete
[ 2026-05-26 16:57:42,130] 48 root - INFO - Started Regular Expression mapping
[ 2026-05-26 16:57:42,130] 24 root - INFO - Match heuristic business names to paybill payments
[ 2026-05-26 16:57:42,130] 173 root - INFO - Data transformation complete
[ 2026-05-26 16:57:42,130] 48 root - INFO - Started Regular Expression mapping
[ 2026-05-26 16:57:42,130] 24 root - INFO - Match heuristic business names to paybill payments
[ 2026-05-26 16:57:42,130] 173 root - INFO - Data transformation complete
[ 2026-05-26 16:57:42,130] 48 root - INFO - Started Regular Expression mapping
[ 2026-05-26 16:57:42,130] 24 root - INFO - Match heuristic business names to paybill payments
[ 2026-05-26 16:57:42,130] 173 root - INFO - Data transformation complete
[ 2026-05-26 16:57:42,130] 48 root - INFO - Started Regular Expression mapping
[ 2026-05-26 16:57:42,130] 173 root - INFO - Data transformation complete
[ 2026-05-26 16:57:42,130] 48 root - INFO - Started Regular Expression mapping
[ 2026-05-26 16:57:42,130] 173 root - INFO - Data transformation complete
[ 2026-05-26 16:57:42,130] 48 root - INFO - Started Regular Expression mapping
[ 2026-05-26 16:57:42,139] 173 root - INFO - Data transformation complete
[ 2026-05-26 16:57:42,139] 48 root - INFO - Started Regular Expression mapping
[ 2026-05-26 16:57:42,139] 173 root - INFO - Data transformation complete
[ 2026-05-26 16:57:42,139] 48 root - INFO - Started Regular Expression mapping
[ 2026-05-26 16:57:42,140] 173 root - INFO - Data transformation complete
[ 2026-05-26 16:57:42,140] 48 root - INFO - Started Regular Expression mapping
[ 2026-05-26 16:57:42,140] 173 root - INFO - Data transformation complete
[ 2026-05-26 16:57:42,140] 48 root - INFO - Started Regular Expression mapping
[ 2026-05-26 16:57:42,140] 24 root - INFO - Match heuristic business names to paybill payments
[ 2026-05-26 16:57:42,140] 173 root - INFO - Data transformation complete
[ 2026-05-26 16:57:42,140] 48 root - INFO - Started Regular Expression mapping
[ 2026-05-26 16:57:42,140] 173 root - INFO - Data transformation complete
[ 2026-05-26 16:57:42,140] 48 root - INFO - Started Regular Expression mapping
[ 2026-05-26 16:57:42,140] 173 root - INFO - Data transformation complete
[ 2026-05-26 16:57:42,140] 48 root - INFO - Started Regular Expression mapping
[ 2026-05-26 16:57:42,140] 173 root - INFO - Data transformation complete
[ 2026-05-26 16:57:42,140] 48 root - INFO - Started Regular Expression mapping
[ 2026-05-26 16:57:42,140] 173 root - INFO - Data transformation complete
[ 2026-05-26 16:57:42,140] 48 root - INFO - Started Regular Expression mapping
[ 2026-05-26 16:57:42,140] 173 root - INFO - Data transformation complete
[ 2026-05-26 16:57:42,140] 48 root - INFO - Started Regular Expression mapping
[ 2026-05-26 16:57:42,140] 173 root - INFO - Data transformation complete
[ 2026-05-26 16:57:42,140] 48 root - INFO - Started Regular Expression mapping
[ 2026-05-26 16:57:42,140] 173 root - INFO - Data transformation complete
[ 2026-05-26 16:57:42,140] 48 root - INFO - Started Regular Expression mapping
[ 2026-05-26 16:57:42,140] 24 root - INFO - Match heuristic business names to paybill payments
[ 2026-05-26 16:57:42,140] 173 root - INFO - Data transformation complete
[ 2026-05-26 16:57:42,140] 48 root - INFO - Started Regular Expression mapping
[ 2026-05-26 16:57:42,140] 173 root - INFO - Data transformation complete
[ 2026-05-26 16:57:42,140] 48 root - INFO - Started Regular Expression mapping
[ 2026-05-26 16:57:42,140] 173 root - INFO - Data transformation complete
[ 2026-05-26 16:57:42,140] 48 root - INFO - Started Regular Expression mapping
[ 2026-05-26 16:57:42,140] 173 root - INFO - Data transformation complete
[ 2026-05-26 16:57:42,140] 48 root - INFO - Started Regular Expression mapping
[ 2026-05-26 16:57:42,140] 173 root - INFO - Data transformation complete
[ 2026-05-26 16:57:42,140] 48 root - INFO - Started Regular Expression mapping
[ 2026-05-26 16:57:42,140] 173 root - INFO - Data transformation complete
[ 2026-05-26 16:57:42,140] 48 root - INFO - Started Regular Expression mapping
[ 2026-05-26 16:57:42,140] 173 root - INFO - Data transformation complete
[ 2026-05-26 16:57:42,140] 48 root - INFO - Started Regular Expression mapping
[ 2026-05-26 16:57:42,140] 24 root - INFO - Match heuristic business names to paybill payments
[ 2026-05-26 16:57:42,140] 173 root - INFO - Data transformation complete
[ 2026-05-26 16:57:42,140] 48 root - INFO - Started Regular Expression mapping
[ 2026-05-26 16:57:42,140] 24 root - INFO - Match heuristic business names to paybill payments
[ 2026-05-26 16:57:42,140] 173 root - INFO - Data transformation complete
[ 2026-05-26 16:57:42,140] 48 root - INFO - Started Regular Expression mapping
[ 2026-05-26 16:57:42,140] 173 root - INFO - Data transformation complete
[ 2026-05-26 16:57:42,140] 48 root - INFO - Started Regular Expression mapping
[ 2026-05-26 16:57:42,140] 24 root - INFO - Match heuristic business names to paybill payments
[ 2026-05-26 16:57:42,140] 173 root - INFO - Data transformation complete
[ 2026-05-26 16:57:42,140] 48 root - INFO - Started Regular Expression mapping
[ 2026-05-26 16:57:42,140] 173 root - INFO - Data transformation complete
[ 2026-05-26 16:57:42,140] 48 root - INFO - Started Regular Expression mapping
[ 2026-05-26 16:57:42,148] 173 root - INFO - Data transformation complete
[ 2026-05-26 16:57:42,148] 48 root - INFO - Started Regular Expression mapping
[ 2026-05-26 16:57:42,148] 173 root - INFO - Data transformation complete
[ 2026-05-26 16:57:42,148] 48 root - INFO - Started Regular Expression mapping
[ 2026-05-26 16:57:42,148] 24 root - INFO - Match heuristic business names to paybill payments
[ 2026-05-26 16:57:42,148] 173 root - INFO - Data transformation complete
[ 2026-05-26 16:57:42,148] 48 root - INFO - Started Regular Expression mapping
[ 2026-05-26 16:57:42,148] 173 root - INFO - Data transformation complete
[ 2026-05-26 16:57:42,148] 48 root - INFO - Started Regular Expression mapping
[ 2026-05-26 16:57:42,148] 173 root - INFO - Data transformation complete
[ 2026-05-26 16:57:42,148] 48 root - INFO - Started Regular Expression mapping
[ 2026-05-26 16:57:42,148] 173 root - INFO - Data transformation complete
[ 2026-05-26 16:57:42,148] 48 root - INFO - Started Regular Expression mapping
[ 2026-05-26 16:57:42,148] 173 root - INFO - Data transformation complete
[ 2026-05-26 16:57:42,148] 48 root - INFO - Started Regular Expression mapping
[ 2026-05-26 16:57:42,148] 24 root - INFO - Match heuristic business names to paybill payments
[ 2026-05-26 16:57:42,148] 173 root - INFO - Data transformation complete
[ 2026-05-26 16:57:42,148] 48 root - INFO - Started Regular Expression mapping
[ 2026-05-26 16:57:42,148] 173 root - INFO - Data transformation complete
[ 2026-05-26 16:57:42,148] 48 root - INFO - Started Regular Expression mapping
[ 2026-05-26 16:57:42,148] 173 root - INFO - Data transformation complete
[ 2026-05-26 16:57:42,148] 48 root - INFO - Started Regular Expression mapping
[ 2026-05-26 16:57:42,148] 24 root - INFO - Match heuristic business names to paybill payments
[ 2026-05-26 16:57:42,148] 173 root - INFO - Data transformation complete
[ 2026-05-26 16:57:42,148] 48 root - INFO - Started Regular Expression mapping
[ 2026-05-26 16:57:42,148] 24 root - INFO - Match heuristic business names to paybill payments
[ 2026-05-26 16:57:42,148] 173 root - INFO - Data transformation complete
[ 2026-05-26 16:57:42,148] 48 root - INFO - Started Regular Expression mapping
[ 2026-05-26 16:57:42,148] 173 root - INFO - Data transformation complete
[ 2026-05-26 16:57:42,148] 48 root - INFO - Started Regular Expression mapping
[ 2026-05-26 16:57:42,148] 173 root - INFO - Data transformation complete
[ 2026-05-26 16:57:42,148] 48 root - INFO - Started Regular Expression mapping
[ 2026-05-26 16:57:42,148] 173 root - INFO - Data transformation complete
[ 2026-05-26 16:57:42,148] 48 root - INFO - Started Regular Expression mapping
[ 2026-05-26 16:57:42,148] 24 root - INFO - Match heuristic business names to paybill payments
[ 2026-05-26 16:57:42,148] 173 root - INFO - Data transformation complete
[ 2026-05-26 16:57:42,148] 48 root - INFO - Started Regular Expression mapping
[ 2026-05-26 16:57:42,148] 173 root - INFO - Data transformation complete
[ 2026-05-26 16:57:42,148] 48 root - INFO - Started Regular Expression mapping
[ 2026-05-26 16:57:42,148] 24 root - INFO - Match heuristic business names to paybill payments
[ 2026-05-26 16:57:42,148] 173 root - INFO - Data transformation complete
[ 2026-05-26 16:57:42,148] 48 root - INFO - Started Regular Expression mapping
[ 2026-05-26 16:57:42,148] 173 root - INFO - Data transformation complete
[ 2026-05-26 16:57:42,148] 48 root - INFO - Started Regular Expression mapping
[ 2026-05-26 16:57:42,148] 173 root - INFO - Data transformation complete
[ 2026-05-26 16:57:42,148] 48 root - INFO - Started Regular Expression mapping
[ 2026-05-26 16:57:42,148] 24 root - INFO - Match heuristic business names to paybill payments
[ 2026-05-26 16:57:42,155] 173 root - INFO - Data transformation complete
[ 2026-05-26 16:57:42,155] 48 root - INFO - Started Regular Expression mapping
[ 2026-05-26 16:57:42,155] 24 root - INFO - Match heuristic business names to paybill payments
[ 2026-05-26 16:57:42,155] 173 root - INFO - Data transformation complete
[ 2026-05-26 16:57:42,155] 48 root - INFO - Started Regular Expression mapping
[ 2026-05-26 16:57:42,156] 173 root - INFO - Data transformation complete
[ 2026-05-26 16:57:42,156] 48 root - INFO - Started Regular Expression mapping
[ 2026-05-26 16:57:42,156] 24 root - INFO - Match heuristic business names to paybill payments
[ 2026-05-26 16:57:42,156] 173 root - INFO - Data transformation complete
[ 2026-05-26 16:57:42,156] 48 root - INFO - Started Regular Expression mapping
[ 2026-05-26 16:57:42,156] 173 root - INFO - Data transformation complete
[ 2026-05-26 16:57:42,156] 48 root - INFO - Started Regular Expression mapping
[ 2026-05-26 16:57:42,156] 173 root - INFO - Data transformation complete
[ 2026-05-26 16:57:42,156] 48 root - INFO - Started Regular Expression mapping
[ 2026-05-26 16:57:42,156] 173 root - INFO - Data transformation complete
[ 2026-05-26 16:57:42,156] 48 root - INFO - Started Regular Expression mapping
[ 2026-05-26 16:57:42,158] 24 root - INFO - Match heuristic business names to paybill payments
[ 2026-05-26 16:57:42,158] 173 root - INFO - Data transformation complete
[ 2026-05-26 16:57:42,158] 48 root - INFO - Started Regular Expression mapping
[ 2026-05-26 16:57:42,158] 24 root - INFO - Match heuristic business names to paybill payments
[ 2026-05-26 16:57:42,158] 173 root - INFO - Data transformation complete
[ 2026-05-26 16:57:42,158] 48 root - INFO - Started Regular Expression mapping
[ 2026-05-26 16:57:42,158] 24 root - INFO - Match heuristic business names to paybill payments
[ 2026-05-26 16:57:42,158] 173 root - INFO - Data transformation complete
[ 2026-05-26 16:57:42,158] 48 root - INFO - Started Regular Expression mapping
[ 2026-05-26 16:57:42,158] 173 root - INFO - Data transformation complete
[ 2026-05-26 16:57:42,158] 48 root - INFO - Started Regular Expression mapping
[ 2026-05-26 16:57:42,158] 24 root - INFO - Match heuristic business names to paybill payments
[ 2026-05-26 16:57:42,158] 173 root - INFO - Data transformation complete
[ 2026-05-26 16:57:42,158] 48 root - INFO - Started Regular Expression mapping
[ 2026-05-26 16:57:42,160] 173 root - INFO - Data transformation complete
[ 2026-05-26 16:57:42,160] 48 root - INFO - Started Regular Expression mapping
[ 2026-05-26 16:57:42,160] 173 root - INFO - Data transformation complete
[ 2026-05-26 16:57:42,160] 48 root - INFO - Started Regular Expression mapping
[ 2026-05-26 16:57:42,160] 24 root - INFO - Match heuristic business names to paybill payments
[ 2026-05-26 16:57:42,160] 173 root - INFO - Data transformation complete
[ 2026-05-26 16:57:42,160] 48 root - INFO - Started Regular Expression mapping
[ 2026-05-26 16:57:42,160] 24 root - INFO - Match heuristic business names to paybill payments
[ 2026-05-26 16:57:42,160] 173 root - INFO - Data transformation complete
[ 2026-05-26 16:57:42,160] 48 root - INFO - Started Regular Expression mapping
[ 2026-05-26 16:57:42,162] 173 root - INFO - Data transformation complete
[ 2026-05-26 16:57:42,162] 48 root - INFO - Started Regular Expression mapping
[ 2026-05-26 16:57:42,162] 24 root - INFO - Match heuristic business names to paybill payments
[ 2026-05-26 16:57:42,162] 173 root - INFO - Data transformation complete
[ 2026-05-26 16:57:42,162] 48 root - INFO - Started Regular Expression mapping
[ 2026-05-26 16:57:42,162] 24 root - INFO - Match heuristic business names to paybill payments
[ 2026-05-26 16:57:42,162] 173 root - INFO - Data transformation complete
[ 2026-05-26 16:57:42,162] 48 root - INFO - Started Regular Expression mapping
[ 2026-05-26 16:57:42,162] 173 root - INFO - Data transformation complete
[ 2026-05-26 16:57:42,162] 48 root - INFO - Started Regular Expression mapping
[ 2026-05-26 16:57:42,162] 24 root - INFO - Match heuristic business names to paybill payments
[ 2026-05-26 16:57:42,162] 173 root - INFO - Data transformation complete
[ 2026-05-26 16:57:42,162] 48 root - INFO - Started Regular Expression mapping
[ 2026-05-26 16:57:42,164] 173 root - INFO - Data transformation complete
[ 2026-05-26 16:57:42,164] 48 root - INFO - Started Regular Expression mapping
[ 2026-05-26 16:57:42,164] 173 root - INFO - Data transformation complete
[ 2026-05-26 16:57:42,164] 48 root - INFO - Started Regular Expression mapping
[ 2026-05-26 16:57:42,164] 173 root - INFO - Data transformation complete
[ 2026-05-26 16:57:42,164] 48 root - INFO - Started Regular Expression mapping
[ 2026-05-26 16:57:42,164] 173 root - INFO - Data transformation complete
[ 2026-05-26 16:57:42,164] 48 root - INFO - Started Regular Expression mapping
[ 2026-05-26 16:57:42,164] 24 root - INFO - Match heuristic business names to paybill payments
[ 2026-05-26 16:57:42,164] 173 root - INFO - Data transformation complete
[ 2026-05-26 16:57:42,164] 48 root - INFO - Started Regular Expression mapping
[ 2026-05-26 16:57:42,164] 173 root - INFO - Data transformation complete
[ 2026-05-26 16:57:42,164] 48 root - INFO - Started Regular Expression mapping
[ 2026-05-26 16:57:42,164] 173 root - INFO - Data transformation complete
[ 2026-05-26 16:57:42,164] 48 root - INFO - Started Regular Expression mapping
[ 2026-05-26 16:57:42,164] 173 root - INFO - Data transformation complete
[ 2026-05-26 16:57:42,164] 48 root - INFO - Started Regular Expression mapping
[ 2026-05-26 16:57:42,164] 24 root - INFO - Match heuristic business names to paybill payments
[ 2026-05-26 16:57:42,164] 173 root - INFO - Data transformation complete
[ 2026-05-26 16:57:42,164] 48 root - INFO - Started Regular Expression mapping
[ 2026-05-26 16:57:42,164] 173 root - INFO - Data transformation complete
[ 2026-05-26 16:57:42,164] 48 root - INFO - Started Regular Expression mapping
[ 2026-05-26 16:57:42,164] 24 root - INFO - Match heuristic business names to paybill payments
[ 2026-05-26 16:57:42,164] 173 root - INFO - Data transformation complete
[ 2026-05-26 16:57:42,164] 48 root - INFO - Started Regular Expression mapping
[ 2026-05-26 16:57:42,164] 173 root - INFO - Data transformation complete
[ 2026-05-26 16:57:42,164] 48 root - INFO - Started Regular Expression mapping
[ 2026-05-26 16:57:42,164] 24 root - INFO - Match heuristic business names to paybill payments
[ 2026-05-26 16:57:42,164] 173 root - INFO - Data transformation complete
[ 2026-05-26 16:57:42,164] 48 root - INFO - Started Regular Expression mapping
[ 2026-05-26 16:57:42,164] 24 root - INFO - Match heuristic business names to paybill payments
[ 2026-05-26 16:57:42,164] 173 root - INFO - Data transformation complete
[ 2026-05-26 16:57:42,164] 48 root - INFO - Started Regular Expression mapping
[ 2026-05-26 16:57:42,164] 173 root - INFO - Data transformation complete
[ 2026-05-26 16:57:42,164] 48 root - INFO - Started Regular Expression mapping
[ 2026-05-26 16:57:42,164] 24 root - INFO - Match heuristic business names to paybill payments
[ 2026-05-26 16:57:42,164] 173 root - INFO - Data transformation complete
[ 2026-05-26 16:57:42,164] 48 root - INFO - Started Regular Expression mapping
[ 2026-05-26 16:57:42,164] 173 root - INFO - Data transformation complete
[ 2026-05-26 16:57:42,164] 48 root - INFO - Started Regular Expression mapping
[ 2026-05-26 16:57:42,164] 24 root - INFO - Match heuristic business names to paybill payments
[ 2026-05-26 16:57:42,164] 173 root - INFO - Data transformation complete
[ 2026-05-26 16:57:42,164] 48 root - INFO - Started Regular Expression mapping
[ 2026-05-26 16:57:42,164] 24 root - INFO - Match heuristic business names to paybill payments
[ 2026-05-26 16:57:42,164] 173 root - INFO - Data transformation complete
[ 2026-05-26 16:57:42,164] 48 root - INFO - Started Regular Expression mapping
[ 2026-05-26 16:57:42,171] 173 root - INFO - Data transformation complete
[ 2026-05-26 16:57:42,171] 48 root - INFO - Started Regular Expression mapping
[ 2026-05-26 16:57:42,171] 173 root - INFO - Data transformation complete
[ 2026-05-26 16:57:42,171] 48 root - INFO - Started Regular Expression mapping
[ 2026-05-26 16:57:42,171] 173 root - INFO - Data transformation complete
[ 2026-05-26 16:57:42,171] 48 root - INFO - Started Regular Expression mapping
[ 2026-05-26 16:57:42,171] 24 root - INFO - Match heuristic business names to paybill payments
[ 2026-05-26 16:57:42,171] 173 root - INFO - Data transformation complete
[ 2026-05-26 16:57:42,171] 48 root - INFO - Started Regular Expression mapping
[ 2026-05-26 16:57:42,171] 173 root - INFO - Data transformation complete
[ 2026-05-26 16:57:42,171] 48 root - INFO - Started Regular Expression mapping
[ 2026-05-26 16:57:42,171] 173 root - INFO - Data transformation complete
[ 2026-05-26 16:57:42,171] 48 root - INFO - Started Regular Expression mapping
[ 2026-05-26 16:57:42,171] 173 root - INFO - Data transformation complete
[ 2026-05-26 16:57:42,171] 48 root - INFO - Started Regular Expression mapping
[ 2026-05-26 16:57:42,171] 173 root - INFO - Data transformation complete
[ 2026-05-26 16:57:42,171] 48 root - INFO - Started Regular Expression mapping
[ 2026-05-26 16:57:42,171] 173 root - INFO - Data transformation complete
[ 2026-05-26 16:57:42,171] 48 root - INFO - Started Regular Expression mapping
[ 2026-05-26 16:57:42,171] 173 root - INFO - Data transformation complete
[ 2026-05-26 16:57:42,171] 48 root - INFO - Started Regular Expression mapping
[ 2026-05-26 16:57:42,171] 173 root - INFO - Data transformation complete
[ 2026-05-26 16:57:42,171] 48 root - INFO - Started Regular Expression mapping
[ 2026-05-26 16:57:42,171] 173 root - INFO - Data transformation complete
[ 2026-05-26 16:57:42,171] 48 root - INFO - Started Regular Expression mapping
[ 2026-05-26 16:57:42,171] 173 root - INFO - Data transformation complete
[ 2026-05-26 16:57:42,171] 48 root - INFO - Started Regular Expression mapping
[ 2026-05-26 16:57:42,171] 173 root - INFO - Data transformation complete
[ 2026-05-26 16:57:42,171] 48 root - INFO - Started Regular Expression mapping
[ 2026-05-26 16:57:42,171] 173 root - INFO - Data transformation complete
[ 2026-05-26 16:57:42,171] 48 root - INFO - Started Regular Expression mapping
[ 2026-05-26 16:57:42,171] 173 root - INFO - Data transformation complete
[ 2026-05-26 16:57:42,171] 48 root - INFO - Started Regular Expression mapping
[ 2026-05-26 16:57:42,171] 173 root - INFO - Data transformation complete
[ 2026-05-26 16:57:42,171] 48 root - INFO - Started Regular Expression mapping
[ 2026-05-26 16:57:42,171] 173 root - INFO - Data transformation complete
[ 2026-05-26 16:57:42,171] 48 root - INFO - Started Regular Expression mapping
[ 2026-05-26 16:57:42,171] 173 root - INFO - Data transformation complete
[ 2026-05-26 16:57:42,171] 48 root - INFO - Started Regular Expression mapping
[ 2026-05-26 16:57:42,171] 24 root - INFO - Match heuristic business names to paybill payments
[ 2026-05-26 16:57:42,171] 173 root - INFO - Data transformation complete
[ 2026-05-26 16:57:42,171] 48 root - INFO - Started Regular Expression mapping
[ 2026-05-26 16:57:42,171] 173 root - INFO - Data transformation complete
[ 2026-05-26 16:57:42,171] 48 root - INFO - Started Regular Expression mapping
[ 2026-05-26 16:57:42,180] 173 root - INFO - Data transformation complete
[ 2026-05-26 16:57:42,180] 48 root - INFO - Started Regular Expression mapping
[ 2026-05-26 16:57:42,180] 24 root - INFO - Match heuristic business names to paybill payments
[ 2026-05-26 16:57:42,180] 173 root - INFO - Data transformation complete
[ 2026-05-26 16:57:42,180] 48 root - INFO - Started Regular Expression mapping
[ 2026-05-26 16:57:42,180] 173 root - INFO - Data transformation complete
[ 2026-05-26 16:57:42,180] 48 root - INFO - Started Regular Expression mapping
[ 2026-05-26 16:57:42,180] 24 root - INFO - Match heuristic business names to paybill payments
[ 2026-05-26 16:57:42,180] 173 root - INFO - Data transformation complete
[ 2026-05-26 16:57:42,180] 48 root - INFO - Started Regular Expression mapping
[ 2026-05-26 16:57:42,180] 24 root - INFO - Match heuristic business names to paybill payments
[ 2026-05-26 16:57:42,180] 173 root - INFO - Data transformation complete
[ 2026-05-26 16:57:42,180] 48 root - INFO - Started Regular Expression mapping
[ 2026-05-26 16:57:42,180] 173 root - INFO - Data transformation complete
[ 2026-05-26 16:57:42,180] 48 root - INFO - Started Regular Expression mapping
[ 2026-05-26 16:57:42,180] 173 root - INFO - Data transformation complete
[ 2026-05-26 16:57:42,180] 48 root - INFO - Started Regular Expression mapping
[ 2026-05-26 16:57:42,180] 173 root - INFO - Data transformation complete
[ 2026-05-26 16:57:42,180] 48 root - INFO - Started Regular Expression mapping
[ 2026-05-26 16:57:42,180] 173 root - INFO - Data transformation complete
[ 2026-05-26 16:57:42,180] 48 root - INFO - Started Regular Expression mapping
[ 2026-05-26 16:57:42,180] 173 root - INFO - Data transformation complete
[ 2026-05-26 16:57:42,180] 48 root - INFO - Started Regular Expression mapping
[ 2026-05-26 16:57:42,180] 173 root - INFO - Data transformation complete
[ 2026-05-26 16:57:42,180] 48 root - INFO - Started Regular Expression mapping
[ 2026-05-26 16:57:42,180] 173 root - INFO - Data transformation complete
[ 2026-05-26 16:57:42,180] 48 root - INFO - Started Regular Expression mapping
[ 2026-05-26 16:57:42,180] 24 root - INFO - Match heuristic business names to paybill payments
[ 2026-05-26 16:57:42,180] 173 root - INFO - Data transformation complete
[ 2026-05-26 16:57:42,180] 48 root - INFO - Started Regular Expression mapping
[ 2026-05-26 16:57:42,180] 173 root - INFO - Data transformation complete
[ 2026-05-26 16:57:42,180] 48 root - INFO - Started Regular Expression mapping
[ 2026-05-26 16:57:42,180] 24 root - INFO - Match heuristic business names to paybill payments
[ 2026-05-26 16:57:42,180] 173 root - INFO - Data transformation complete
[ 2026-05-26 16:57:42,180] 48 root - INFO - Started Regular Expression mapping
[ 2026-05-26 16:57:42,180] 173 root - INFO - Data transformation complete
[ 2026-05-26 16:57:42,180] 48 root - INFO - Started Regular Expression mapping
[ 2026-05-26 16:57:42,180] 173 root - INFO - Data transformation complete
[ 2026-05-26 16:57:42,180] 48 root - INFO - Started Regular Expression mapping
[ 2026-05-26 16:57:42,180] 24 root - INFO - Match heuristic business names to paybill payments
[ 2026-05-26 16:57:42,180] 173 root - INFO - Data transformation complete
[ 2026-05-26 16:57:42,180] 48 root - INFO - Started Regular Expression mapping
[ 2026-05-26 16:57:42,180] 173 root - INFO - Data transformation complete
[ 2026-05-26 16:57:42,180] 48 root - INFO - Started Regular Expression mapping
[ 2026-05-26 16:57:42,180] 173 root - INFO - Data transformation complete
[ 2026-05-26 16:57:42,180] 48 root - INFO - Started Regular Expression mapping
[ 2026-05-26 16:57:42,180] 173 root - INFO - Data transformation complete
[ 2026-05-26 16:57:42,180] 48 root - INFO - Started Regular Expression mapping
[ 2026-05-26 16:57:42,180] 173 root - INFO - Data transformation complete
[ 2026-05-26 16:57:42,180] 48 root - INFO - Started Regular Expression mapping
[ 2026-05-26 16:57:42,180] 173 root - INFO - Data transformation complete
[ 2026-05-26 16:57:42,180] 48 root - INFO - Started Regular Expression mapping
[ 2026-05-26 16:57:42,180] 173 root - INFO - Data transformation complete
[ 2026-05-26 16:57:42,180] 48 root - INFO - Started Regular Expression mapping
[ 2026-05-26 16:57:42,180] 173 root - INFO - Data transformation complete
[ 2026-05-26 16:57:42,180] 48 root - INFO - Started Regular Expression mapping
[ 2026-05-26 16:57:42,180] 24 root - INFO - Match heuristic business names to paybill payments
[ 2026-05-26 16:57:42,180] 173 root - INFO - Data transformation complete
[ 2026-05-26 16:57:42,180] 48 root - INFO - Started Regular Expression mapping
[ 2026-05-26 16:57:42,180] 24 root - INFO - Match heuristic business names to paybill payments
[ 2026-05-26 16:57:42,180] 173 root - INFO - Data transformation complete
[ 2026-05-26 16:57:42,180] 48 root - INFO - Started Regular Expression mapping
[ 2026-05-26 16:57:42,180] 24 root - INFO - Match heuristic business names to paybill payments
[ 2026-05-26 16:57:42,180] 173 root - INFO - Data transformation complete
[ 2026-05-26 16:57:42,180] 48 root - INFO - Started Regular Expression mapping
[ 2026-05-26 16:57:42,180] 173 root - INFO - Data transformation complete
[ 2026-05-26 16:57:42,180] 48 root - INFO - Started Regular Expression mapping
[ 2026-05-26 16:57:42,180] 173 root - INFO - Data transformation complete
[ 2026-05-26 16:57:42,180] 48 root - INFO - Started Regular Expression mapping
[ 2026-05-26 16:57:42,180] 24 root - INFO - Match heuristic business names to paybill payments
[ 2026-05-26 16:57:42,180] 173 root - INFO - Data transformation complete
[ 2026-05-26 16:57:42,180] 48 root - INFO - Started Regular Expression mapping
[ 2026-05-26 16:57:42,180] 24 root - INFO - Match heuristic business names to paybill payments
[ 2026-05-26 16:57:42,180] 173 root - INFO - Data transformation complete
[ 2026-05-26 16:57:42,180] 48 root - INFO - Started Regular Expression mapping
[ 2026-05-26 16:57:42,180] 24 root - INFO - Match heuristic business names to paybill payments
[ 2026-05-26 16:57:42,180] 173 root - INFO - Data transformation complete
[ 2026-05-26 16:57:42,180] 48 root - INFO - Started Regular Expression mapping
[ 2026-05-26 16:57:42,180] 173 root - INFO - Data transformation complete
[ 2026-05-26 16:57:42,180] 48 root - INFO - Started Regular Expression mapping
[ 2026-05-26 16:57:42,180] 173 root - INFO - Data transformation complete
[ 2026-05-26 16:57:42,180] 48 root - INFO - Started Regular Expression mapping
[ 2026-05-26 16:57:42,180] 173 root - INFO - Data transformation complete
[ 2026-05-26 16:57:42,180] 48 root - INFO - Started Regular Expression mapping
[ 2026-05-26 16:57:42,180] 173 root - INFO - Data transformation complete
[ 2026-05-26 16:57:42,180] 48 root - INFO - Started Regular Expression mapping
[ 2026-05-26 16:57:42,196] 173 root - INFO - Data transformation complete
[ 2026-05-26 16:57:42,196] 48 root - INFO - Started Regular Expression mapping
[ 2026-05-26 16:57:42,196] 24 root - INFO - Match heuristic business names to paybill payments
[ 2026-05-26 16:57:42,196] 173 root - INFO - Data transformation complete
[ 2026-05-26 16:57:42,196] 48 root - INFO - Started Regular Expression mapping
[ 2026-05-26 16:57:42,196] 24 root - INFO - Match heuristic business names to paybill payments
[ 2026-05-26 16:57:42,196] 173 root - INFO - Data transformation complete
[ 2026-05-26 16:57:42,196] 48 root - INFO - Started Regular Expression mapping
[ 2026-05-26 16:57:42,196] 173 root - INFO - Data transformation complete
[ 2026-05-26 16:57:42,196] 48 root - INFO - Started Regular Expression mapping
[ 2026-05-26 16:57:42,196] 173 root - INFO - Data transformation complete
[ 2026-05-26 16:57:42,196] 48 root - INFO - Started Regular Expression mapping
[ 2026-05-26 16:57:42,196] 173 root - INFO - Data transformation complete
[ 2026-05-26 16:57:42,196] 48 root - INFO - Started Regular Expression mapping
[ 2026-05-26 16:57:42,196] 173 root - INFO - Data transformation complete
[ 2026-05-26 16:57:42,196] 48 root - INFO - Started Regular Expression mapping
[ 2026-05-26 16:57:42,196] 24 root - INFO - Match heuristic business names to paybill payments
[ 2026-05-26 16:57:42,196] 173 root - INFO - Data transformation complete
[ 2026-05-26 16:57:42,196] 48 root - INFO - Started Regular Expression mapping
[ 2026-05-26 16:57:42,196] 173 root - INFO - Data transformation complete
[ 2026-05-26 16:57:42,196] 48 root - INFO - Started Regular Expression mapping
[ 2026-05-26 16:57:42,196] 173 root - INFO - Data transformation complete
[ 2026-05-26 16:57:42,196] 48 root - INFO - Started Regular Expression mapping
[ 2026-05-26 16:57:42,196] 173 root - INFO - Data transformation complete
[ 2026-05-26 16:57:42,196] 48 root - INFO - Started Regular Expression mapping
[ 2026-05-26 16:57:42,196] 173 root - INFO - Data transformation complete
[ 2026-05-26 16:57:42,196] 48 root - INFO - Started Regular Expression mapping
[ 2026-05-26 16:57:42,196] 173 root - INFO - Data transformation complete
[ 2026-05-26 16:57:42,196] 48 root - INFO - Started Regular Expression mapping
[ 2026-05-26 16:57:42,196] 24 root - INFO - Match heuristic business names to paybill payments
[ 2026-05-26 16:57:42,196] 173 root - INFO - Data transformation complete
[ 2026-05-26 16:57:42,196] 48 root - INFO - Started Regular Expression mapping
[ 2026-05-26 16:57:42,196] 173 root - INFO - Data transformation complete
[ 2026-05-26 16:57:42,196] 48 root - INFO - Started Regular Expression mapping
[ 2026-05-26 16:57:42,196] 173 root - INFO - Data transformation complete
[ 2026-05-26 16:57:42,196] 48 root - INFO - Started Regular Expression mapping
[ 2026-05-26 16:57:42,196] 173 root - INFO - Data transformation complete
[ 2026-05-26 16:57:42,196] 48 root - INFO - Started Regular Expression mapping
[ 2026-05-26 16:57:42,196] 24 root - INFO - Match heuristic business names to paybill payments
[ 2026-05-26 16:57:42,196] 173 root - INFO - Data transformation complete
[ 2026-05-26 16:57:42,196] 48 root - INFO - Started Regular Expression mapping
[ 2026-05-26 16:57:42,196] 173 root - INFO - Data transformation complete
[ 2026-05-26 16:57:42,196] 48 root - INFO - Started Regular Expression mapping
[ 2026-05-26 16:57:42,196] 173 root - INFO - Data transformation complete
[ 2026-05-26 16:57:42,196] 48 root - INFO - Started Regular Expression mapping
[ 2026-05-26 16:57:42,196] 173 root - INFO - Data transformation complete
[ 2026-05-26 16:57:42,196] 48 root - INFO - Started Regular Expression mapping
[ 2026-05-26 16:57:42,196] 173 root - INFO - Data transformation complete
[ 2026-05-26 16:57:42,196] 48 root - INFO - Started Regular Expression mapping
[ 2026-05-26 16:57:42,196] 173 root - INFO - Data transformation complete
[ 2026-05-26 16:57:42,196] 48 root - INFO - Started Regular Expression mapping
[ 2026-05-26 16:57:42,196] 24 root - INFO - Match heuristic business names to paybill payments
[ 2026-05-26 16:57:42,196] 173 root - INFO - Data transformation complete
[ 2026-05-26 16:57:42,196] 48 root - INFO - Started Regular Expression mapping
[ 2026-05-26 16:57:42,196] 173 root - INFO - Data transformation complete
[ 2026-05-26 16:57:42,196] 48 root - INFO - Started Regular Expression mapping
[ 2026-05-26 16:57:42,196] 24 root - INFO - Match heuristic business names to paybill payments
[ 2026-05-26 16:57:42,196] 173 root - INFO - Data transformation complete
[ 2026-05-26 16:57:42,196] 48 root - INFO - Started Regular Expression mapping
[ 2026-05-26 16:57:42,196] 24 root - INFO - Match heuristic business names to paybill payments
[ 2026-05-26 16:57:42,196] 173 root - INFO - Data transformation complete
[ 2026-05-26 16:57:42,196] 48 root - INFO - Started Regular Expression mapping
[ 2026-05-26 16:57:42,196] 173 root - INFO - Data transformation complete
[ 2026-05-26 16:57:42,196] 48 root - INFO - Started Regular Expression mapping
[ 2026-05-26 16:57:42,196] 173 root - INFO - Data transformation complete
[ 2026-05-26 16:57:42,196] 48 root - INFO - Started Regular Expression mapping
[ 2026-05-26 16:57:42,196] 173 root - INFO - Data transformation complete
[ 2026-05-26 16:57:42,196] 48 root - INFO - Started Regular Expression mapping
[ 2026-05-26 16:57:42,196] 24 root - INFO - Match heuristic business names to paybill payments
[ 2026-05-26 16:57:42,196] 173 root - INFO - Data transformation complete
[ 2026-05-26 16:57:42,196] 48 root - INFO - Started Regular Expression mapping
[ 2026-05-26 16:57:42,196] 24 root - INFO - Match heuristic business names to paybill payments
[ 2026-05-26 16:57:42,196] 173 root - INFO - Data transformation complete
[ 2026-05-26 16:57:42,196] 48 root - INFO - Started Regular Expression mapping
[ 2026-05-26 16:57:42,196] 24 root - INFO - Match heuristic business names to paybill payments
[ 2026-05-26 16:57:42,196] 173 root - INFO - Data transformation complete
[ 2026-05-26 16:57:42,196] 48 root - INFO - Started Regular Expression mapping
[ 2026-05-26 16:57:42,196] 173 root - INFO - Data transformation complete
[ 2026-05-26 16:57:42,196] 48 root - INFO - Started Regular Expression mapping
[ 2026-05-26 16:57:42,196] 24 root - INFO - Match heuristic business names to paybill payments
[ 2026-05-26 16:57:42,196] 173 root - INFO - Data transformation complete
[ 2026-05-26 16:57:42,196] 48 root - INFO - Started Regular Expression mapping
[ 2026-05-26 16:57:42,196] 173 root - INFO - Data transformation complete
[ 2026-05-26 16:57:42,196] 48 root - INFO - Started Regular Expression mapping
[ 2026-05-26 16:57:42,196] 173 root - INFO - Data transformation complete
[ 2026-05-26 16:57:42,196] 48 root - INFO - Started Regular Expression mapping
[ 2026-05-26 16:57:42,212] 173 root - INFO - Data transformation complete
[ 2026-05-26 16:57:42,212] 48 root - INFO - Started Regular Expression mapping
[ 2026-05-26 16:57:42,212] 24 root - INFO - Match heuristic business names to paybill payments
[ 2026-05-26 16:57:42,212] 173 root - INFO - Data transformation complete
[ 2026-05-26 16:57:42,212] 48 root - INFO - Started Regular Expression mapping
[ 2026-05-26 16:57:42,212] 173 root - INFO - Data transformation complete
[ 2026-05-26 16:57:42,212] 48 root - INFO - Started Regular Expression mapping
[ 2026-05-26 16:57:42,212] 173 root - INFO - Data transformation complete
[ 2026-05-26 16:57:42,212] 48 root - INFO - Started Regular Expression mapping
[ 2026-05-26 16:57:42,212] 24 root - INFO - Match heuristic business names to paybill payments
[ 2026-05-26 16:57:42,212] 173 root - INFO - Data transformation complete
[ 2026-05-26 16:57:42,212] 48 root - INFO - Started Regular Expression mapping
[ 2026-05-26 16:57:42,212] 173 root - INFO - Data transformation complete
[ 2026-05-26 16:57:42,212] 48 root - INFO - Started Regular Expression mapping
[ 2026-05-26 16:57:42,212] 173 root - INFO - Data transformation complete
[ 2026-05-26 16:57:42,212] 48 root - INFO - Started Regular Expression mapping
[ 2026-05-26 16:57:42,212] 173 root - INFO - Data transformation complete
[ 2026-05-26 16:57:42,212] 48 root - INFO - Started Regular Expression mapping
[ 2026-05-26 16:57:42,212] 173 root - INFO - Data transformation complete
[ 2026-05-26 16:57:42,212] 48 root - INFO - Started Regular Expression mapping
[ 2026-05-26 16:57:42,212] 173 root - INFO - Data transformation complete
[ 2026-05-26 16:57:42,212] 48 root - INFO - Started Regular Expression mapping
[ 2026-05-26 16:57:42,212] 173 root - INFO - Data transformation complete
[ 2026-05-26 16:57:42,212] 48 root - INFO - Started Regular Expression mapping
[ 2026-05-26 16:57:42,212] 24 root - INFO - Match heuristic business names to paybill payments
[ 2026-05-26 16:57:42,212] 173 root - INFO - Data transformation complete
[ 2026-05-26 16:57:42,212] 48 root - INFO - Started Regular Expression mapping
[ 2026-05-26 16:57:42,212] 173 root - INFO - Data transformation complete
[ 2026-05-26 16:57:42,212] 48 root - INFO - Started Regular Expression mapping
[ 2026-05-26 16:57:42,212] 24 root - INFO - Match heuristic business names to paybill payments
[ 2026-05-26 16:57:42,212] 173 root - INFO - Data transformation complete
[ 2026-05-26 16:57:42,212] 48 root - INFO - Started Regular Expression mapping
[ 2026-05-26 16:57:42,212] 173 root - INFO - Data transformation complete
[ 2026-05-26 16:57:42,212] 48 root - INFO - Started Regular Expression mapping
[ 2026-05-26 16:57:42,212] 173 root - INFO - Data transformation complete
[ 2026-05-26 16:57:42,212] 48 root - INFO - Started Regular Expression mapping
[ 2026-05-26 16:57:42,212] 173 root - INFO - Data transformation complete
[ 2026-05-26 16:57:42,212] 48 root - INFO - Started Regular Expression mapping
[ 2026-05-26 16:57:42,212] 24 root - INFO - Match heuristic business names to paybill payments
[ 2026-05-26 16:57:42,212] 173 root - INFO - Data transformation complete
[ 2026-05-26 16:57:42,212] 48 root - INFO - Started Regular Expression mapping
[ 2026-05-26 16:57:42,212] 173 root - INFO - Data transformation complete
[ 2026-05-26 16:57:42,212] 48 root - INFO - Started Regular Expression mapping
[ 2026-05-26 16:57:42,212] 173 root - INFO - Data transformation complete
[ 2026-05-26 16:57:42,212] 48 root - INFO - Started Regular Expression mapping
[ 2026-05-26 16:57:42,212] 173 root - INFO - Data transformation complete
[ 2026-05-26 16:57:42,212] 48 root - INFO - Started Regular Expression mapping
[ 2026-05-26 16:57:42,212] 24 root - INFO - Match heuristic business names to paybill payments
[ 2026-05-26 16:57:42,212] 173 root - INFO - Data transformation complete
[ 2026-05-26 16:57:42,212] 48 root - INFO - Started Regular Expression mapping
[ 2026-05-26 16:57:42,212] 173 root - INFO - Data transformation complete
[ 2026-05-26 16:57:42,223] 48 root - INFO - Started Regular Expression mapping
[ 2026-05-26 16:57:42,223] 173 root - INFO - Data transformation complete
[ 2026-05-26 16:57:42,224] 48 root - INFO - Started Regular Expression mapping
[ 2026-05-26 16:57:42,224] 24 root - INFO - Match heuristic business names to paybill payments
[ 2026-05-26 16:57:42,224] 173 root - INFO - Data transformation complete
[ 2026-05-26 16:57:42,224] 48 root - INFO - Started Regular Expression mapping
[ 2026-05-26 16:57:42,224] 173 root - INFO - Data transformation complete
[ 2026-05-26 16:57:42,224] 48 root - INFO - Started Regular Expression mapping
[ 2026-05-26 16:57:42,224] 173 root - INFO - Data transformation complete
[ 2026-05-26 16:57:42,224] 48 root - INFO - Started Regular Expression mapping
[ 2026-05-26 16:57:42,224] 173 root - INFO - Data transformation complete
[ 2026-05-26 16:57:42,224] 48 root - INFO - Started Regular Expression mapping
[ 2026-05-26 16:57:42,224] 173 root - INFO - Data transformation complete
[ 2026-05-26 16:57:42,224] 48 root - INFO - Started Regular Expression mapping
[ 2026-05-26 16:57:42,224] 24 root - INFO - Match heuristic business names to paybill payments
[ 2026-05-26 16:57:42,224] 173 root - INFO - Data transformation complete
[ 2026-05-26 16:57:42,224] 48 root - INFO - Started Regular Expression mapping
[ 2026-05-26 16:57:42,224] 24 root - INFO - Match heuristic business names to paybill payments
[ 2026-05-26 16:57:42,224] 173 root - INFO - Data transformation complete
[ 2026-05-26 16:57:42,224] 48 root - INFO - Started Regular Expression mapping
[ 2026-05-26 16:57:42,224] 173 root - INFO - Data transformation complete
[ 2026-05-26 16:57:42,224] 48 root - INFO - Started Regular Expression mapping
[ 2026-05-26 16:57:42,224] 173 root - INFO - Data transformation complete
[ 2026-05-26 16:57:42,224] 48 root - INFO - Started Regular Expression mapping
[ 2026-05-26 16:57:42,224] 24 root - INFO - Match heuristic business names to paybill payments
[ 2026-05-26 16:57:42,224] 173 root - INFO - Data transformation complete
[ 2026-05-26 16:57:42,224] 48 root - INFO - Started Regular Expression mapping
[ 2026-05-26 16:57:42,224] 24 root - INFO - Match heuristic business names to paybill payments
[ 2026-05-26 16:57:42,224] 173 root - INFO - Data transformation complete
[ 2026-05-26 16:57:42,224] 48 root - INFO - Started Regular Expression mapping
[ 2026-05-26 16:57:42,224] 173 root - INFO - Data transformation complete
[ 2026-05-26 16:57:42,224] 48 root - INFO - Started Regular Expression mapping
[ 2026-05-26 16:57:42,224] 24 root - INFO - Match heuristic business names to paybill payments
[ 2026-05-26 16:57:42,224] 173 root - INFO - Data transformation complete
[ 2026-05-26 16:57:42,224] 48 root - INFO - Started Regular Expression mapping
[ 2026-05-26 16:57:42,224] 173 root - INFO - Data transformation complete
[ 2026-05-26 16:57:42,224] 48 root - INFO - Started Regular Expression mapping
[ 2026-05-26 16:57:42,224] 173 root - INFO - Data transformation complete
[ 2026-05-26 16:57:42,224] 48 root - INFO - Started Regular Expression mapping
[ 2026-05-26 16:57:42,224] 173 root - INFO - Data transformation complete
[ 2026-05-26 16:57:42,224] 48 root - INFO - Started Regular Expression mapping
[ 2026-05-26 16:57:42,231] 173 root - INFO - Data transformation complete
[ 2026-05-26 16:57:42,231] 48 root - INFO - Started Regular Expression mapping
[ 2026-05-26 16:57:42,231] 173 root - INFO - Data transformation complete
[ 2026-05-26 16:57:42,231] 48 root - INFO - Started Regular Expression mapping
[ 2026-05-26 16:57:42,231] 173 root - INFO - Data transformation complete
[ 2026-05-26 16:57:42,231] 48 root - INFO - Started Regular Expression mapping
[ 2026-05-26 16:57:42,231] 173 root - INFO - Data transformation complete
[ 2026-05-26 16:57:42,231] 48 root - INFO - Started Regular Expression mapping
[ 2026-05-26 16:57:42,231] 24 root - INFO - Match heuristic business names to paybill payments
[ 2026-05-26 16:57:42,231] 173 root - INFO - Data transformation complete
[ 2026-05-26 16:57:42,231] 48 root - INFO - Started Regular Expression mapping
[ 2026-05-26 16:57:42,231] 173 root - INFO - Data transformation complete
[ 2026-05-26 16:57:42,231] 48 root - INFO - Started Regular Expression mapping
[ 2026-05-26 16:57:42,231] 173 root - INFO - Data transformation complete
[ 2026-05-26 16:57:42,231] 48 root - INFO - Started Regular Expression mapping
[ 2026-05-26 16:57:42,231] 173 root - INFO - Data transformation complete
[ 2026-05-26 16:57:42,231] 48 root - INFO - Started Regular Expression mapping
[ 2026-05-26 16:57:42,231] 173 root - INFO - Data transformation complete
[ 2026-05-26 16:57:42,231] 48 root - INFO - Started Regular Expression mapping
[ 2026-05-26 16:57:42,231] 24 root - INFO - Match heuristic business names to paybill payments
[ 2026-05-26 16:57:42,231] 173 root - INFO - Data transformation complete
[ 2026-05-26 16:57:42,231] 48 root - INFO - Started Regular Expression mapping
[ 2026-05-26 16:57:42,231] 173 root - INFO - Data transformation complete
[ 2026-05-26 16:57:42,231] 48 root - INFO - Started Regular Expression mapping
[ 2026-05-26 16:57:42,231] 173 root - INFO - Data transformation complete
[ 2026-05-26 16:57:42,231] 48 root - INFO - Started Regular Expression mapping
[ 2026-05-26 16:57:42,231] 24 root - INFO - Match heuristic business names to paybill payments
[ 2026-05-26 16:57:42,231] 173 root - INFO - Data transformation complete
[ 2026-05-26 16:57:42,231] 48 root - INFO - Started Regular Expression mapping
[ 2026-05-26 16:57:42,231] 173 root - INFO - Data transformation complete
[ 2026-05-26 16:57:42,231] 48 root - INFO - Started Regular Expression mapping
[ 2026-05-26 16:57:42,231] 24 root - INFO - Match heuristic business names to paybill payments
[ 2026-05-26 16:57:42,231] 173 root - INFO - Data transformation complete
[ 2026-05-26 16:57:42,231] 48 root - INFO - Started Regular Expression mapping
[ 2026-05-26 16:57:42,231] 173 root - INFO - Data transformation complete
[ 2026-05-26 16:57:42,231] 48 root - INFO - Started Regular Expression mapping
[ 2026-05-26 16:57:42,231] 173 root - INFO - Data transformation complete
[ 2026-05-26 16:57:42,231] 48 root - INFO - Started Regular Expression mapping
[ 2026-05-26 16:57:42,231] 24 root - INFO - Match heuristic business names to paybill payments
[ 2026-05-26 16:57:42,237] 173 root - INFO - Data transformation complete
[ 2026-05-26 16:57:42,237] 48 root - INFO - Started Regular Expression mapping
[ 2026-05-26 16:57:42,237] 173 root - INFO - Data transformation complete
[ 2026-05-26 16:57:42,237] 48 root - INFO - Started Regular Expression mapping
[ 2026-05-26 16:57:42,237] 173 root - INFO - Data transformation complete
[ 2026-05-26 16:57:42,237] 48 root - INFO - Started Regular Expression mapping
[ 2026-05-26 16:57:42,237] 173 root - INFO - Data transformation complete
[ 2026-05-26 16:57:42,239] 48 root - INFO - Started Regular Expression mapping
[ 2026-05-26 16:57:42,239] 173 root - INFO - Data transformation complete
[ 2026-05-26 16:57:42,239] 48 root - INFO - Started Regular Expression mapping
[ 2026-05-26 16:57:42,239] 24 root - INFO - Match heuristic business names to paybill payments
[ 2026-05-26 16:57:42,239] 173 root - INFO - Data transformation complete
[ 2026-05-26 16:57:42,239] 48 root - INFO - Started Regular Expression mapping
[ 2026-05-26 16:57:42,239] 173 root - INFO - Data transformation complete
[ 2026-05-26 16:57:42,239] 48 root - INFO - Started Regular Expression mapping
[ 2026-05-26 16:57:42,239] 173 root - INFO - Data transformation complete
[ 2026-05-26 16:57:42,239] 48 root - INFO - Started Regular Expression mapping
[ 2026-05-26 16:57:42,239] 173 root - INFO - Data transformation complete
[ 2026-05-26 16:57:42,239] 48 root - INFO - Started Regular Expression mapping
[ 2026-05-26 16:57:42,239] 24 root - INFO - Match heuristic business names to paybill payments
[ 2026-05-26 16:57:42,241] 173 root - INFO - Data transformation complete
[ 2026-05-26 16:57:42,241] 48 root - INFO - Started Regular Expression mapping
[ 2026-05-26 16:57:42,241] 173 root - INFO - Data transformation complete
[ 2026-05-26 16:57:42,241] 48 root - INFO - Started Regular Expression mapping
[ 2026-05-26 16:57:42,241] 24 root - INFO - Match heuristic business names to paybill payments
[ 2026-05-26 16:57:42,241] 173 root - INFO - Data transformation complete
[ 2026-05-26 16:57:42,241] 48 root - INFO - Started Regular Expression mapping
[ 2026-05-26 16:57:42,241] 173 root - INFO - Data transformation complete
[ 2026-05-26 16:57:42,241] 48 root - INFO - Started Regular Expression mapping
[ 2026-05-26 16:57:42,241] 24 root - INFO - Match heuristic business names to paybill payments
[ 2026-05-26 16:57:42,241] 173 root - INFO - Data transformation complete
[ 2026-05-26 16:57:42,241] 48 root - INFO - Started Regular Expression mapping
[ 2026-05-26 16:57:42,241] 173 root - INFO - Data transformation complete
[ 2026-05-26 16:57:42,241] 48 root - INFO - Started Regular Expression mapping
[ 2026-05-26 16:57:42,243] 24 root - INFO - Match heuristic business names to paybill payments
[ 2026-05-26 16:57:42,243] 173 root - INFO - Data transformation complete
[ 2026-05-26 16:57:42,243] 48 root - INFO - Started Regular Expression mapping
[ 2026-05-26 16:57:42,243] 24 root - INFO - Match heuristic business names to paybill payments
[ 2026-05-26 16:57:42,243] 173 root - INFO - Data transformation complete
[ 2026-05-26 16:57:42,243] 48 root - INFO - Started Regular Expression mapping
[ 2026-05-26 16:57:42,243] 24 root - INFO - Match heuristic business names to paybill payments
[ 2026-05-26 16:57:42,243] 173 root - INFO - Data transformation complete
[ 2026-05-26 16:57:42,243] 48 root - INFO - Started Regular Expression mapping
[ 2026-05-26 16:57:42,243] 173 root - INFO - Data transformation complete
[ 2026-05-26 16:57:42,243] 48 root - INFO - Started Regular Expression mapping
[ 2026-05-26 16:57:42,243] 173 root - INFO - Data transformation complete
[ 2026-05-26 16:57:42,243] 48 root - INFO - Started Regular Expression mapping
[ 2026-05-26 16:57:42,243] 24 root - INFO - Match heuristic business names to paybill payments
[ 2026-05-26 16:57:42,245] 173 root - INFO - Data transformation complete
[ 2026-05-26 16:57:42,245] 48 root - INFO - Started Regular Expression mapping
[ 2026-05-26 16:57:42,245] 173 root - INFO - Data transformation complete
[ 2026-05-26 16:57:42,245] 48 root - INFO - Started Regular Expression mapping
[ 2026-05-26 16:57:42,245] 173 root - INFO - Data transformation complete
[ 2026-05-26 16:57:42,245] 48 root - INFO - Started Regular Expression mapping
[ 2026-05-26 16:57:42,245] 173 root - INFO - Data transformation complete
[ 2026-05-26 16:57:42,245] 48 root - INFO - Started Regular Expression mapping
[ 2026-05-26 16:57:42,245] 24 root - INFO - Match heuristic business names to paybill payments
[ 2026-05-26 16:57:42,245] 173 root - INFO - Data transformation complete
[ 2026-05-26 16:57:42,245] 48 root - INFO - Started Regular Expression mapping
[ 2026-05-26 16:57:42,245] 173 root - INFO - Data transformation complete
[ 2026-05-26 16:57:42,245] 48 root - INFO - Started Regular Expression mapping
[ 2026-05-26 16:57:42,247] 24 root - INFO - Match heuristic business names to paybill payments
[ 2026-05-26 16:57:42,247] 173 root - INFO - Data transformation complete
[ 2026-05-26 16:57:42,247] 48 root - INFO - Started Regular Expression mapping
[ 2026-05-26 16:57:42,247] 24 root - INFO - Match heuristic business names to paybill payments
[ 2026-05-26 16:57:42,247] 173 root - INFO - Data transformation complete
[ 2026-05-26 16:57:42,247] 48 root - INFO - Started Regular Expression mapping
[ 2026-05-26 16:57:42,247] 173 root - INFO - Data transformation complete
[ 2026-05-26 16:57:42,247] 48 root - INFO - Started Regular Expression mapping
[ 2026-05-26 16:57:42,247] 173 root - INFO - Data transformation complete
[ 2026-05-26 16:57:42,247] 48 root - INFO - Started Regular Expression mapping
[ 2026-05-26 16:57:42,247] 173 root - INFO - Data transformation complete
[ 2026-05-26 16:57:42,247] 48 root - INFO - Started Regular Expression mapping
[ 2026-05-26 16:57:42,247] 173 root - INFO - Data transformation complete
[ 2026-05-26 16:57:42,247] 48 root - INFO - Started Regular Expression mapping
[ 2026-05-26 16:57:42,247] 24 root - INFO - Match heuristic business names to paybill payments
[ 2026-05-26 16:57:42,247] 173 root - INFO - Data transformation complete
[ 2026-05-26 16:57:42,247] 48 root - INFO - Started Regular Expression mapping
[ 2026-05-26 16:57:42,247] 24 root - INFO - Match heuristic business names to paybill payments
[ 2026-05-26 16:57:42,247] 173 root - INFO - Data transformation complete
[ 2026-05-26 16:57:42,247] 48 root - INFO - Started Regular Expression mapping
[ 2026-05-26 16:57:42,247] 24 root - INFO - Match heuristic business names to paybill payments
[ 2026-05-26 16:57:42,247] 173 root - INFO - Data transformation complete
[ 2026-05-26 16:57:42,247] 48 root - INFO - Started Regular Expression mapping
[ 2026-05-26 16:57:42,247] 173 root - INFO - Data transformation complete
[ 2026-05-26 16:57:42,247] 48 root - INFO - Started Regular Expression mapping
[ 2026-05-26 16:57:42,247] 173 root - INFO - Data transformation complete
[ 2026-05-26 16:57:42,247] 48 root - INFO - Started Regular Expression mapping
[ 2026-05-26 16:57:42,247] 173 root - INFO - Data transformation complete
[ 2026-05-26 16:57:42,247] 48 root - INFO - Started Regular Expression mapping
[ 2026-05-26 16:57:42,247] 173 root - INFO - Data transformation complete
[ 2026-05-26 16:57:42,247] 48 root - INFO - Started Regular Expression mapping
[ 2026-05-26 16:57:42,247] 24 root - INFO - Match heuristic business names to paybill payments
[ 2026-05-26 16:57:42,247] 173 root - INFO - Data transformation complete
[ 2026-05-26 16:57:42,254] 48 root - INFO - Started Regular Expression mapping
[ 2026-05-26 16:57:42,254] 173 root - INFO - Data transformation complete
[ 2026-05-26 16:57:42,254] 48 root - INFO - Started Regular Expression mapping
[ 2026-05-26 16:57:42,254] 173 root - INFO - Data transformation complete
[ 2026-05-26 16:57:42,254] 48 root - INFO - Started Regular Expression mapping
[ 2026-05-26 16:57:42,254] 173 root - INFO - Data transformation complete
[ 2026-05-26 16:57:42,254] 48 root - INFO - Started Regular Expression mapping
[ 2026-05-26 16:57:42,254] 173 root - INFO - Data transformation complete
[ 2026-05-26 16:57:42,254] 48 root - INFO - Started Regular Expression mapping
[ 2026-05-26 16:57:42,254] 173 root - INFO - Data transformation complete
[ 2026-05-26 16:57:42,254] 48 root - INFO - Started Regular Expression mapping
[ 2026-05-26 16:57:42,254] 173 root - INFO - Data transformation complete
[ 2026-05-26 16:57:42,254] 48 root - INFO - Started Regular Expression mapping
[ 2026-05-26 16:57:42,254] 173 root - INFO - Data transformation complete
[ 2026-05-26 16:57:42,254] 48 root - INFO - Started Regular Expression mapping
[ 2026-05-26 16:57:42,254] 173 root - INFO - Data transformation complete
[ 2026-05-26 16:57:42,254] 48 root - INFO - Started Regular Expression mapping
[ 2026-05-26 16:57:42,254] 173 root - INFO - Data transformation complete
[ 2026-05-26 16:57:42,254] 48 root - INFO - Started Regular Expression mapping
[ 2026-05-26 16:57:42,254] 173 root - INFO - Data transformation complete
[ 2026-05-26 16:57:42,254] 48 root - INFO - Started Regular Expression mapping
[ 2026-05-26 16:57:42,254] 173 root - INFO - Data transformation complete
[ 2026-05-26 16:57:42,254] 48 root - INFO - Started Regular Expression mapping
[ 2026-05-26 16:57:42,254] 173 root - INFO - Data transformation complete
[ 2026-05-26 16:57:42,254] 48 root - INFO - Started Regular Expression mapping
[ 2026-05-26 16:57:42,254] 24 root - INFO - Match heuristic business names to paybill payments
[ 2026-05-26 16:57:42,254] 173 root - INFO - Data transformation complete
[ 2026-05-26 16:57:42,254] 48 root - INFO - Started Regular Expression mapping
[ 2026-05-26 16:57:42,254] 173 root - INFO - Data transformation complete
[ 2026-05-26 16:57:42,254] 48 root - INFO - Started Regular Expression mapping
[ 2026-05-26 16:57:42,254] 173 root - INFO - Data transformation complete
[ 2026-05-26 16:57:42,254] 48 root - INFO - Started Regular Expression mapping
[ 2026-05-26 16:57:42,254] 24 root - INFO - Match heuristic business names to paybill payments
[ 2026-05-26 16:57:42,254] 173 root - INFO - Data transformation complete
[ 2026-05-26 16:57:42,254] 48 root - INFO - Started Regular Expression mapping
[ 2026-05-26 16:57:42,254] 24 root - INFO - Match heuristic business names to paybill payments
[ 2026-05-26 16:57:42,254] 173 root - INFO - Data transformation complete
[ 2026-05-26 16:57:42,254] 48 root - INFO - Started Regular Expression mapping
[ 2026-05-26 16:57:42,254] 173 root - INFO - Data transformation complete
[ 2026-05-26 16:57:42,254] 48 root - INFO - Started Regular Expression mapping
[ 2026-05-26 16:57:42,254] 173 root - INFO - Data transformation complete
[ 2026-05-26 16:57:42,254] 48 root - INFO - Started Regular Expression mapping
[ 2026-05-26 16:57:42,254] 173 root - INFO - Data transformation complete
[ 2026-05-26 16:57:42,254] 48 root - INFO - Started Regular Expression mapping
[ 2026-05-26 16:57:42,254] 173 root - INFO - Data transformation complete
[ 2026-05-26 16:57:42,254] 48 root - INFO - Started Regular Expression mapping
[ 2026-05-26 16:57:42,254] 24 root - INFO - Match heuristic business names to paybill payments
[ 2026-05-26 16:57:42,254] 173 root - INFO - Data transformation complete
[ 2026-05-26 16:57:42,254] 48 root - INFO - Started Regular Expression mapping
[ 2026-05-26 16:57:42,254] 24 root - INFO - Match heuristic business names to paybill payments
[ 2026-05-26 16:57:42,263] 173 root - INFO - Data transformation complete
[ 2026-05-26 16:57:42,263] 48 root - INFO - Started Regular Expression mapping
[ 2026-05-26 16:57:42,263] 173 root - INFO - Data transformation complete
[ 2026-05-26 16:57:42,263] 48 root - INFO - Started Regular Expression mapping
[ 2026-05-26 16:57:42,263] 173 root - INFO - Data transformation complete
[ 2026-05-26 16:57:42,263] 48 root - INFO - Started Regular Expression mapping
[ 2026-05-26 16:57:42,263] 24 root - INFO - Match heuristic business names to paybill payments
[ 2026-05-26 16:57:42,263] 173 root - INFO - Data transformation complete
[ 2026-05-26 16:57:42,263] 48 root - INFO - Started Regular Expression mapping
[ 2026-05-26 16:57:42,265] 173 root - INFO - Data transformation complete
[ 2026-05-26 16:57:42,265] 48 root - INFO - Started Regular Expression mapping
[ 2026-05-26 16:57:42,265] 173 root - INFO - Data transformation complete
[ 2026-05-26 16:57:42,265] 48 root - INFO - Started Regular Expression mapping
[ 2026-05-26 16:57:42,265] 173 root - INFO - Data transformation complete
[ 2026-05-26 16:57:42,265] 48 root - INFO - Started Regular Expression mapping
[ 2026-05-26 16:57:42,265] 173 root - INFO - Data transformation complete
[ 2026-05-26 16:57:42,265] 48 root - INFO - Started Regular Expression mapping
[ 2026-05-26 16:57:42,265] 24 root - INFO - Match heuristic business names to paybill payments
[ 2026-05-26 16:57:42,265] 173 root - INFO - Data transformation complete
[ 2026-05-26 16:57:42,265] 48 root - INFO - Started Regular Expression mapping
[ 2026-05-26 16:57:42,267] 173 root - INFO - Data transformation complete
[ 2026-05-26 16:57:42,267] 48 root - INFO - Started Regular Expression mapping
[ 2026-05-26 16:57:42,267] 173 root - INFO - Data transformation complete
[ 2026-05-26 16:57:42,267] 48 root - INFO - Started Regular Expression mapping
[ 2026-05-26 16:57:42,267] 173 root - INFO - Data transformation complete
[ 2026-05-26 16:57:42,267] 48 root - INFO - Started Regular Expression mapping
[ 2026-05-26 16:57:42,267] 173 root - INFO - Data transformation complete
[ 2026-05-26 16:57:42,267] 48 root - INFO - Started Regular Expression mapping
[ 2026-05-26 16:57:42,267] 24 root - INFO - Match heuristic business names to paybill payments
[ 2026-05-26 16:57:42,267] 173 root - INFO - Data transformation complete
[ 2026-05-26 16:57:42,267] 48 root - INFO - Started Regular Expression mapping
[ 2026-05-26 16:57:42,269] 173 root - INFO - Data transformation complete
[ 2026-05-26 16:57:42,269] 48 root - INFO - Started Regular Expression mapping
[ 2026-05-26 16:57:42,269] 24 root - INFO - Match heuristic business names to paybill payments
[ 2026-05-26 16:57:42,269] 173 root - INFO - Data transformation complete
[ 2026-05-26 16:57:42,269] 48 root - INFO - Started Regular Expression mapping
[ 2026-05-26 16:57:42,269] 173 root - INFO - Data transformation complete
[ 2026-05-26 16:57:42,269] 48 root - INFO - Started Regular Expression mapping
[ 2026-05-26 16:57:42,269] 173 root - INFO - Data transformation complete
[ 2026-05-26 16:57:42,269] 48 root - INFO - Started Regular Expression mapping
[ 2026-05-26 16:57:42,269] 173 root - INFO - Data transformation complete
[ 2026-05-26 16:57:42,271] 48 root - INFO - Started Regular Expression mapping
[ 2026-05-26 16:57:42,271] 173 root - INFO - Data transformation complete
[ 2026-05-26 16:57:42,271] 48 root - INFO - Started Regular Expression mapping
[ 2026-05-26 16:57:42,271] 24 root - INFO - Match heuristic business names to paybill payments
[ 2026-05-26 16:57:42,271] 173 root - INFO - Data transformation complete
[ 2026-05-26 16:57:42,271] 48 root - INFO - Started Regular Expression mapping
[ 2026-05-26 16:57:42,271] 173 root - INFO - Data transformation complete
[ 2026-05-26 16:57:42,271] 48 root - INFO - Started Regular Expression mapping
[ 2026-05-26 16:57:42,271] 173 root - INFO - Data transformation complete
[ 2026-05-26 16:57:42,271] 48 root - INFO - Started Regular Expression mapping
[ 2026-05-26 16:57:42,271] 173 root - INFO - Data transformation complete
[ 2026-05-26 16:57:42,273] 48 root - INFO - Started Regular Expression mapping
[ 2026-05-26 16:57:42,273] 173 root - INFO - Data transformation complete
[ 2026-05-26 16:57:42,273] 48 root - INFO - Started Regular Expression mapping
[ 2026-05-26 16:57:42,273] 24 root - INFO - Match heuristic business names to paybill payments
[ 2026-05-26 16:57:42,273] 173 root - INFO - Data transformation complete
[ 2026-05-26 16:57:42,273] 48 root - INFO - Started Regular Expression mapping
[ 2026-05-26 16:57:42,273] 173 root - INFO - Data transformation complete
[ 2026-05-26 16:57:42,273] 48 root - INFO - Started Regular Expression mapping
[ 2026-05-26 16:57:42,273] 24 root - INFO - Match heuristic business names to paybill payments
[ 2026-05-26 16:57:42,273] 173 root - INFO - Data transformation complete
[ 2026-05-26 16:57:42,273] 48 root - INFO - Started Regular Expression mapping
[ 2026-05-26 16:57:42,275] 173 root - INFO - Data transformation complete
[ 2026-05-26 16:57:42,275] 48 root - INFO - Started Regular Expression mapping
[ 2026-05-26 16:57:42,275] 24 root - INFO - Match heuristic business names to paybill payments
[ 2026-05-26 16:57:42,275] 173 root - INFO - Data transformation complete
[ 2026-05-26 16:57:42,275] 48 root - INFO - Started Regular Expression mapping
[ 2026-05-26 16:57:42,275] 173 root - INFO - Data transformation complete
[ 2026-05-26 16:57:42,275] 48 root - INFO - Started Regular Expression mapping
[ 2026-05-26 16:57:42,275] 173 root - INFO - Data transformation complete
[ 2026-05-26 16:57:42,275] 48 root - INFO - Started Regular Expression mapping
[ 2026-05-26 16:57:42,275] 24 root - INFO - Match heuristic business names to paybill payments
[ 2026-05-26 16:57:42,275] 173 root - INFO - Data transformation complete
[ 2026-05-26 16:57:42,275] 48 root - INFO - Started Regular Expression mapping
[ 2026-05-26 16:57:42,277] 24 root - INFO - Match heuristic business names to paybill payments
[ 2026-05-26 16:57:42,277] 173 root - INFO - Data transformation complete
[ 2026-05-26 16:57:42,277] 48 root - INFO - Started Regular Expression mapping
[ 2026-05-26 16:57:42,277] 173 root - INFO - Data transformation complete
[ 2026-05-26 16:57:42,277] 48 root - INFO - Started Regular Expression mapping
[ 2026-05-26 16:57:42,277] 173 root - INFO - Data transformation complete
[ 2026-05-26 16:57:42,277] 48 root - INFO - Started Regular Expression mapping
[ 2026-05-26 16:57:42,277] 173 root - INFO - Data transformation complete
[ 2026-05-26 16:57:42,277] 48 root - INFO - Started Regular Expression mapping
[ 2026-05-26 16:57:42,279] 173 root - INFO - Data transformation complete
[ 2026-05-26 16:57:42,279] 48 root - INFO - Started Regular Expression mapping
[ 2026-05-26 16:57:42,279] 173 root - INFO - Data transformation complete
[ 2026-05-26 16:57:42,279] 48 root - INFO - Started Regular Expression mapping
[ 2026-05-26 16:57:42,279] 173 root - INFO - Data transformation complete
[ 2026-05-26 16:57:42,279] 48 root - INFO - Started Regular Expression mapping
[ 2026-05-26 16:57:42,279] 173 root - INFO - Data transformation complete
[ 2026-05-26 16:57:42,279] 48 root - INFO - Started Regular Expression mapping
[ 2026-05-26 16:57:42,279] 173 root - INFO - Data transformation complete
[ 2026-05-26 16:57:42,279] 48 root - INFO - Started Regular Expression mapping
[ 2026-05-26 16:57:42,281] 24 root - INFO - Match heuristic business names to paybill payments
[ 2026-05-26 16:57:42,281] 173 root - INFO - Data transformation complete
[ 2026-05-26 16:57:42,281] 48 root - INFO - Started Regular Expression mapping
[ 2026-05-26 16:57:42,281] 173 root - INFO - Data transformation complete
[ 2026-05-26 16:57:42,281] 48 root - INFO - Started Regular Expression mapping
[ 2026-05-26 16:57:42,281] 173 root - INFO - Data transformation complete
[ 2026-05-26 16:57:42,281] 48 root - INFO - Started Regular Expression mapping
[ 2026-05-26 16:57:42,281] 24 root - INFO - Match heuristic business names to paybill payments
[ 2026-05-26 16:57:42,281] 173 root - INFO - Data transformation complete
[ 2026-05-26 16:57:42,281] 48 root - INFO - Started Regular Expression mapping
[ 2026-05-26 16:57:42,281] 173 root - INFO - Data transformation complete
[ 2026-05-26 16:57:42,281] 48 root - INFO - Started Regular Expression mapping
[ 2026-05-26 16:57:42,283] 173 root - INFO - Data transformation complete
[ 2026-05-26 16:57:42,283] 48 root - INFO - Started Regular Expression mapping
[ 2026-05-26 16:57:42,283] 24 root - INFO - Match heuristic business names to paybill payments
[ 2026-05-26 16:57:42,283] 173 root - INFO - Data transformation complete
[ 2026-05-26 16:57:42,283] 48 root - INFO - Started Regular Expression mapping
[ 2026-05-26 16:57:42,283] 24 root - INFO - Match heuristic business names to paybill payments
[ 2026-05-26 16:57:42,283] 173 root - INFO - Data transformation complete
[ 2026-05-26 16:57:42,283] 48 root - INFO - Started Regular Expression mapping
[ 2026-05-26 16:57:42,283] 173 root - INFO - Data transformation complete
[ 2026-05-26 16:57:42,283] 48 root - INFO - Started Regular Expression mapping
[ 2026-05-26 16:57:42,285] 24 root - INFO - Match heuristic business names to paybill payments
[ 2026-05-26 16:57:42,285] 173 root - INFO - Data transformation complete
[ 2026-05-26 16:57:42,285] 48 root - INFO - Started Regular Expression mapping
[ 2026-05-26 16:57:42,285] 173 root - INFO - Data transformation complete
[ 2026-05-26 16:57:42,285] 48 root - INFO - Started Regular Expression mapping
[ 2026-05-26 16:57:42,285] 173 root - INFO - Data transformation complete
[ 2026-05-26 16:57:42,285] 48 root - INFO - Started Regular Expression mapping
[ 2026-05-26 16:57:42,285] 173 root - INFO - Data transformation complete
[ 2026-05-26 16:57:42,285] 48 root - INFO - Started Regular Expression mapping
[ 2026-05-26 16:57:42,285] 173 root - INFO - Data transformation complete
[ 2026-05-26 16:57:42,285] 48 root - INFO - Started Regular Expression mapping
[ 2026-05-26 16:57:42,287] 173 root - INFO - Data transformation complete
[ 2026-05-26 16:57:42,287] 48 root - INFO - Started Regular Expression mapping
[ 2026-05-26 16:57:42,287] 173 root - INFO - Data transformation complete
[ 2026-05-26 16:57:42,287] 48 root - INFO - Started Regular Expression mapping
[ 2026-05-26 16:57:42,287] 173 root - INFO - Data transformation complete
[ 2026-05-26 16:57:42,287] 48 root - INFO - Started Regular Expression mapping
[ 2026-05-26 16:57:42,287] 173 root - INFO - Data transformation complete
[ 2026-05-26 16:57:42,287] 48 root - INFO - Started Regular Expression mapping
[ 2026-05-26 16:57:42,287] 24 root - INFO - Match heuristic business names to paybill payments
[ 2026-05-26 16:57:42,287] 173 root - INFO - Data transformation complete
[ 2026-05-26 16:57:42,289] 48 root - INFO - Started Regular Expression mapping
[ 2026-05-26 16:57:42,289] 173 root - INFO - Data transformation complete
[ 2026-05-26 16:57:42,289] 48 root - INFO - Started Regular Expression mapping
[ 2026-05-26 16:57:42,289] 173 root - INFO - Data transformation complete
[ 2026-05-26 16:57:42,289] 48 root - INFO - Started Regular Expression mapping
[ 2026-05-26 16:57:42,289] 173 root - INFO - Data transformation complete
[ 2026-05-26 16:57:42,289] 48 root - INFO - Started Regular Expression mapping
[ 2026-05-26 16:57:42,289] 173 root - INFO - Data transformation complete
[ 2026-05-26 16:57:42,289] 48 root - INFO - Started Regular Expression mapping
[ 2026-05-26 16:57:42,289] 24 root - INFO - Match heuristic business names to paybill payments
[ 2026-05-26 16:57:42,289] 173 root - INFO - Data transformation complete
[ 2026-05-26 16:57:42,291] 48 root - INFO - Started Regular Expression mapping
[ 2026-05-26 16:57:42,291] 24 root - INFO - Match heuristic business names to paybill payments
[ 2026-05-26 16:57:42,291] 173 root - INFO - Data transformation complete
[ 2026-05-26 16:57:42,291] 48 root - INFO - Started Regular Expression mapping
[ 2026-05-26 16:57:42,291] 173 root - INFO - Data transformation complete
[ 2026-05-26 16:57:42,291] 48 root - INFO - Started Regular Expression mapping
[ 2026-05-26 16:57:42,291] 173 root - INFO - Data transformation complete
[ 2026-05-26 16:57:42,291] 48 root - INFO - Started Regular Expression mapping
[ 2026-05-26 16:57:42,291] 173 root - INFO - Data transformation complete
[ 2026-05-26 16:57:42,291] 48 root - INFO - Started Regular Expression mapping
[ 2026-05-26 16:57:42,291] 173 root - INFO - Data transformation complete
[ 2026-05-26 16:57:42,291] 48 root - INFO - Started Regular Expression mapping
[ 2026-05-26 16:57:42,293] 173 root - INFO - Data transformation complete
[ 2026-05-26 16:57:42,293] 48 root - INFO - Started Regular Expression mapping
[ 2026-05-26 16:57:42,293] 173 root - INFO - Data transformation complete
[ 2026-05-26 16:57:42,293] 48 root - INFO - Started Regular Expression mapping
[ 2026-05-26 16:57:42,293] 24 root - INFO - Match heuristic business names to paybill payments
[ 2026-05-26 16:57:42,293] 173 root - INFO - Data transformation complete
[ 2026-05-26 16:57:42,293] 48 root - INFO - Started Regular Expression mapping
[ 2026-05-26 16:57:42,293] 173 root - INFO - Data transformation complete
[ 2026-05-26 16:57:42,293] 48 root - INFO - Started Regular Expression mapping
[ 2026-05-26 16:57:42,293] 173 root - INFO - Data transformation complete
[ 2026-05-26 16:57:42,293] 48 root - INFO - Started Regular Expression mapping
[ 2026-05-26 16:57:42,295] 173 root - INFO - Data transformation complete
[ 2026-05-26 16:57:42,295] 48 root - INFO - Started Regular Expression mapping
[ 2026-05-26 16:57:42,295] 24 root - INFO - Match heuristic business names to paybill payments
[ 2026-05-26 16:57:42,295] 173 root - INFO - Data transformation complete
[ 2026-05-26 16:57:42,295] 48 root - INFO - Started Regular Expression mapping
[ 2026-05-26 16:57:42,295] 24 root - INFO - Match heuristic business names to paybill payments
[ 2026-05-26 16:57:42,295] 173 root - INFO - Data transformation complete
[ 2026-05-26 16:57:42,295] 48 root - INFO - Started Regular Expression mapping
[ 2026-05-26 16:57:42,295] 173 root - INFO - Data transformation complete
[ 2026-05-26 16:57:42,295] 48 root - INFO - Started Regular Expression mapping
[ 2026-05-26 16:57:42,295] 173 root - INFO - Data transformation complete
[ 2026-05-26 16:57:42,295] 48 root - INFO - Started Regular Expression mapping
[ 2026-05-26 16:57:42,297] 24 root - INFO - Match heuristic business names to paybill payments
[ 2026-05-26 16:57:42,297] 173 root - INFO - Data transformation complete
[ 2026-05-26 16:57:42,297] 48 root - INFO - Started Regular Expression mapping
[ 2026-05-26 16:57:42,297] 173 root - INFO - Data transformation complete
[ 2026-05-26 16:57:42,297] 48 root - INFO - Started Regular Expression mapping
[ 2026-05-26 16:57:42,297] 173 root - INFO - Data transformation complete
[ 2026-05-26 16:57:42,297] 48 root - INFO - Started Regular Expression mapping
[ 2026-05-26 16:57:42,297] 173 root - INFO - Data transformation complete
[ 2026-05-26 16:57:42,297] 48 root - INFO - Started Regular Expression mapping
[ 2026-05-26 16:57:42,297] 173 root - INFO - Data transformation complete
[ 2026-05-26 16:57:42,297] 48 root - INFO - Started Regular Expression mapping
[ 2026-05-26 16:57:42,297] 24 root - INFO - Match heuristic business names to paybill payments
[ 2026-05-26 16:57:42,297] 173 root - INFO - Data transformation complete
[ 2026-05-26 16:57:42,297] 48 root - INFO - Started Regular Expression mapping
[ 2026-05-26 16:57:42,299] 24 root - INFO - Match heuristic business names to paybill payments
[ 2026-05-26 16:57:42,299] 173 root - INFO - Data transformation complete
[ 2026-05-26 16:57:42,299] 48 root - INFO - Started Regular Expression mapping
[ 2026-05-26 16:57:42,299] 24 root - INFO - Match heuristic business names to paybill payments
[ 2026-05-26 16:57:42,299] 173 root - INFO - Data transformation complete
[ 2026-05-26 16:57:42,299] 48 root - INFO - Started Regular Expression mapping
[ 2026-05-26 16:57:42,299] 173 root - INFO - Data transformation complete
[ 2026-05-26 16:57:42,299] 48 root - INFO - Started Regular Expression mapping
[ 2026-05-26 16:57:42,299] 24 root - INFO - Match heuristic business names to paybill payments
[ 2026-05-26 16:57:42,299] 173 root - INFO - Data transformation complete
[ 2026-05-26 16:57:42,299] 48 root - INFO - Started Regular Expression mapping
[ 2026-05-26 16:57:42,299] 173 root - INFO - Data transformation complete
[ 2026-05-26 16:57:42,299] 48 root - INFO - Started Regular Expression mapping
[ 2026-05-26 16:57:42,299] 173 root - INFO - Data transformation complete
[ 2026-05-26 16:57:42,301] 48 root - INFO - Started Regular Expression mapping
[ 2026-05-26 16:57:42,301] 24 root - INFO - Match heuristic business names to paybill payments
[ 2026-05-26 16:57:42,301] 173 root - INFO - Data transformation complete
[ 2026-05-26 16:57:42,301] 48 root - INFO - Started Regular Expression mapping
[ 2026-05-26 16:57:42,301] 173 root - INFO - Data transformation complete
[ 2026-05-26 16:57:42,301] 48 root - INFO - Started Regular Expression mapping
[ 2026-05-26 16:57:42,301] 24 root - INFO - Match heuristic business names to paybill payments
[ 2026-05-26 16:57:42,301] 173 root - INFO - Data transformation complete
[ 2026-05-26 16:57:42,301] 48 root - INFO - Started Regular Expression mapping
[ 2026-05-26 16:57:42,301] 173 root - INFO - Data transformation complete
[ 2026-05-26 16:57:42,301] 48 root - INFO - Started Regular Expression mapping
[ 2026-05-26 16:57:42,301] 24 root - INFO - Match heuristic business names to paybill payments
[ 2026-05-26 16:57:42,301] 173 root - INFO - Data transformation complete
[ 2026-05-26 16:57:42,303] 48 root - INFO - Started Regular Expression mapping
[ 2026-05-26 16:57:42,303] 173 root - INFO - Data transformation complete
[ 2026-05-26 16:57:42,303] 48 root - INFO - Started Regular Expression mapping
[ 2026-05-26 16:57:42,303] 173 root - INFO - Data transformation complete
[ 2026-05-26 16:57:42,303] 48 root - INFO - Started Regular Expression mapping
[ 2026-05-26 16:57:42,303] 173 root - INFO - Data transformation complete
[ 2026-05-26 16:57:42,303] 48 root - INFO - Started Regular Expression mapping
[ 2026-05-26 16:57:42,303] 173 root - INFO - Data transformation complete
[ 2026-05-26 16:57:42,303] 48 root - INFO - Started Regular Expression mapping
[ 2026-05-26 16:57:42,303] 173 root - INFO - Data transformation complete
[ 2026-05-26 16:57:42,303] 48 root - INFO - Started Regular Expression mapping
[ 2026-05-26 16:57:42,303] 173 root - INFO - Data transformation complete
[ 2026-05-26 16:57:42,303] 48 root - INFO - Started Regular Expression mapping
[ 2026-05-26 16:57:42,303] 173 root - INFO - Data transformation complete
[ 2026-05-26 16:57:42,303] 48 root - INFO - Started Regular Expression mapping
[ 2026-05-26 16:57:42,303] 173 root - INFO - Data transformation complete
[ 2026-05-26 16:57:42,303] 48 root - INFO - Started Regular Expression mapping
[ 2026-05-26 16:57:42,303] 173 root - INFO - Data transformation complete
[ 2026-05-26 16:57:42,303] 48 root - INFO - Started Regular Expression mapping
[ 2026-05-26 16:57:42,303] 173 root - INFO - Data transformation complete
[ 2026-05-26 16:57:42,303] 48 root - INFO - Started Regular Expression mapping
[ 2026-05-26 16:57:42,303] 173 root - INFO - Data transformation complete
[ 2026-05-26 16:57:42,303] 48 root - INFO - Started Regular Expression mapping
[ 2026-05-26 16:57:42,303] 173 root - INFO - Data transformation complete
[ 2026-05-26 16:57:42,303] 48 root - INFO - Started Regular Expression mapping
[ 2026-05-26 16:57:42,303] 173 root - INFO - Data transformation complete
[ 2026-05-26 16:57:42,303] 48 root - INFO - Started Regular Expression mapping
[ 2026-05-26 16:57:42,303] 173 root - INFO - Data transformation complete
[ 2026-05-26 16:57:42,303] 48 root - INFO - Started Regular Expression mapping
[ 2026-05-26 16:57:42,303] 173 root - INFO - Data transformation complete
[ 2026-05-26 16:57:42,303] 48 root - INFO - Started Regular Expression mapping
[ 2026-05-26 16:57:42,303] 173 root - INFO - Data transformation complete
[ 2026-05-26 16:57:42,303] 48 root - INFO - Started Regular Expression mapping
[ 2026-05-26 16:57:42,303] 173 root - INFO - Data transformation complete
[ 2026-05-26 16:57:42,303] 48 root - INFO - Started Regular Expression mapping
[ 2026-05-26 16:57:42,303] 24 root - INFO - Match heuristic business names to paybill payments
[ 2026-05-26 16:57:42,303] 173 root - INFO - Data transformation complete
[ 2026-05-26 16:57:42,303] 48 root - INFO - Started Regular Expression mapping
[ 2026-05-26 16:57:42,303] 24 root - INFO - Match heuristic business names to paybill payments
[ 2026-05-26 16:57:42,303] 173 root - INFO - Data transformation complete
[ 2026-05-26 16:57:42,303] 48 root - INFO - Started Regular Expression mapping
[ 2026-05-26 16:57:42,303] 173 root - INFO - Data transformation complete
[ 2026-05-26 16:57:42,303] 48 root - INFO - Started Regular Expression mapping
[ 2026-05-26 16:57:42,303] 24 root - INFO - Match heuristic business names to paybill payments
[ 2026-05-26 16:57:42,303] 173 root - INFO - Data transformation complete
[ 2026-05-26 16:57:42,311] 48 root - INFO - Started Regular Expression mapping
[ 2026-05-26 16:57:42,311] 173 root - INFO - Data transformation complete
[ 2026-05-26 16:57:42,311] 48 root - INFO - Started Regular Expression mapping
[ 2026-05-26 16:57:42,311] 173 root - INFO - Data transformation complete
[ 2026-05-26 16:57:42,311] 48 root - INFO - Started Regular Expression mapping
[ 2026-05-26 16:57:42,311] 173 root - INFO - Data transformation complete
[ 2026-05-26 16:57:42,311] 48 root - INFO - Started Regular Expression mapping
[ 2026-05-26 16:57:42,311] 173 root - INFO - Data transformation complete
[ 2026-05-26 16:57:42,311] 48 root - INFO - Started Regular Expression mapping
[ 2026-05-26 16:57:42,311] 24 root - INFO - Match heuristic business names to paybill payments
[ 2026-05-26 16:57:42,311] 173 root - INFO - Data transformation complete
[ 2026-05-26 16:57:42,311] 48 root - INFO - Started Regular Expression mapping
[ 2026-05-26 16:57:42,311] 173 root - INFO - Data transformation complete
[ 2026-05-26 16:57:42,311] 48 root - INFO - Started Regular Expression mapping
[ 2026-05-26 16:57:42,311] 173 root - INFO - Data transformation complete
[ 2026-05-26 16:57:42,311] 48 root - INFO - Started Regular Expression mapping
[ 2026-05-26 16:57:42,311] 173 root - INFO - Data transformation complete
[ 2026-05-26 16:57:42,311] 48 root - INFO - Started Regular Expression mapping
[ 2026-05-26 16:57:42,311] 173 root - INFO - Data transformation complete
[ 2026-05-26 16:57:42,311] 48 root - INFO - Started Regular Expression mapping
[ 2026-05-26 16:57:42,311] 24 root - INFO - Match heuristic business names to paybill payments
[ 2026-05-26 16:57:42,311] 173 root - INFO - Data transformation complete
[ 2026-05-26 16:57:42,311] 48 root - INFO - Started Regular Expression mapping
[ 2026-05-26 16:57:42,311] 173 root - INFO - Data transformation complete
[ 2026-05-26 16:57:42,311] 48 root - INFO - Started Regular Expression mapping
[ 2026-05-26 16:57:42,311] 24 root - INFO - Match heuristic business names to paybill payments
[ 2026-05-26 16:57:42,311] 173 root - INFO - Data transformation complete
[ 2026-05-26 16:57:42,311] 48 root - INFO - Started Regular Expression mapping
[ 2026-05-26 16:57:42,311] 173 root - INFO - Data transformation complete
[ 2026-05-26 16:57:42,311] 48 root - INFO - Started Regular Expression mapping
[ 2026-05-26 16:57:42,311] 24 root - INFO - Match heuristic business names to paybill payments
[ 2026-05-26 16:57:42,311] 173 root - INFO - Data transformation complete
[ 2026-05-26 16:57:42,311] 48 root - INFO - Started Regular Expression mapping
[ 2026-05-26 16:57:42,311] 24 root - INFO - Match heuristic business names to paybill payments
[ 2026-05-26 16:57:42,311] 173 root - INFO - Data transformation complete
[ 2026-05-26 16:57:42,311] 48 root - INFO - Started Regular Expression mapping
[ 2026-05-26 16:57:42,311] 173 root - INFO - Data transformation complete
[ 2026-05-26 16:57:42,311] 48 root - INFO - Started Regular Expression mapping
[ 2026-05-26 16:57:42,311] 24 root - INFO - Match heuristic business names to paybill payments
[ 2026-05-26 16:57:42,311] 173 root - INFO - Data transformation complete
[ 2026-05-26 16:57:42,311] 48 root - INFO - Started Regular Expression mapping
[ 2026-05-26 16:57:42,311] 173 root - INFO - Data transformation complete
[ 2026-05-26 16:57:42,311] 48 root - INFO - Started Regular Expression mapping
[ 2026-05-26 16:57:42,311] 173 root - INFO - Data transformation complete
[ 2026-05-26 16:57:42,311] 48 root - INFO - Started Regular Expression mapping
[ 2026-05-26 16:57:42,311] 173 root - INFO - Data transformation complete
[ 2026-05-26 16:57:42,311] 48 root - INFO - Started Regular Expression mapping
[ 2026-05-26 16:57:42,311] 24 root - INFO - Match heuristic business names to paybill payments
[ 2026-05-26 16:57:42,311] 173 root - INFO - Data transformation complete
[ 2026-05-26 16:57:42,311] 48 root - INFO - Started Regular Expression mapping
[ 2026-05-26 16:57:42,311] 173 root - INFO - Data transformation complete
[ 2026-05-26 16:57:42,311] 48 root - INFO - Started Regular Expression mapping
[ 2026-05-26 16:57:42,311] 173 root - INFO - Data transformation complete
[ 2026-05-26 16:57:42,311] 48 root - INFO - Started Regular Expression mapping
[ 2026-05-26 16:57:42,311] 24 root - INFO - Match heuristic business names to paybill payments
[ 2026-05-26 16:57:42,311] 173 root - INFO - Data transformation complete
[ 2026-05-26 16:57:42,311] 48 root - INFO - Started Regular Expression mapping
[ 2026-05-26 16:57:42,311] 24 root - INFO - Match heuristic business names to paybill payments
[ 2026-05-26 16:57:42,311] 173 root - INFO - Data transformation complete
[ 2026-05-26 16:57:42,311] 48 root - INFO - Started Regular Expression mapping
[ 2026-05-26 16:57:42,311] 24 root - INFO - Match heuristic business names to paybill payments
[ 2026-05-26 16:57:42,311] 173 root - INFO - Data transformation complete
[ 2026-05-26 16:57:42,311] 48 root - INFO - Started Regular Expression mapping
[ 2026-05-26 16:57:42,311] 24 root - INFO - Match heuristic business names to paybill payments
[ 2026-05-26 16:57:42,311] 173 root - INFO - Data transformation complete
[ 2026-05-26 16:57:42,311] 48 root - INFO - Started Regular Expression mapping
[ 2026-05-26 16:57:42,311] 173 root - INFO - Data transformation complete
[ 2026-05-26 16:57:42,311] 48 root - INFO - Started Regular Expression mapping
[ 2026-05-26 16:57:42,311] 173 root - INFO - Data transformation complete
[ 2026-05-26 16:57:42,311] 48 root - INFO - Started Regular Expression mapping
[ 2026-05-26 16:57:42,311] 173 root - INFO - Data transformation complete
[ 2026-05-26 16:57:42,311] 48 root - INFO - Started Regular Expression mapping
[ 2026-05-26 16:57:42,311] 24 root - INFO - Match heuristic business names to paybill payments
[ 2026-05-26 16:57:42,311] 173 root - INFO - Data transformation complete
[ 2026-05-26 16:57:42,311] 48 root - INFO - Started Regular Expression mapping
[ 2026-05-26 16:57:42,311] 173 root - INFO - Data transformation complete
[ 2026-05-26 16:57:42,311] 48 root - INFO - Started Regular Expression mapping
[ 2026-05-26 16:57:42,311] 173 root - INFO - Data transformation complete
[ 2026-05-26 16:57:42,311] 48 root - INFO - Started Regular Expression mapping
[ 2026-05-26 16:57:42,311] 173 root - INFO - Data transformation complete
[ 2026-05-26 16:57:42,311] 48 root - INFO - Started Regular Expression mapping
[ 2026-05-26 16:57:42,311] 173 root - INFO - Data transformation complete
[ 2026-05-26 16:57:42,311] 48 root - INFO - Started Regular Expression mapping
[ 2026-05-26 16:57:42,311] 173 root - INFO - Data transformation complete
[ 2026-05-26 16:57:42,311] 48 root - INFO - Started Regular Expression mapping
[ 2026-05-26 16:57:42,311] 173 root - INFO - Data transformation complete
[ 2026-05-26 16:57:42,311] 48 root - INFO - Started Regular Expression mapping
[ 2026-05-26 16:57:42,311] 173 root - INFO - Data transformation complete
[ 2026-05-26 16:57:42,311] 48 root - INFO - Started Regular Expression mapping
[ 2026-05-26 16:57:42,311] 173 root - INFO - Data transformation complete
[ 2026-05-26 16:57:42,311] 48 root - INFO - Started Regular Expression mapping
[ 2026-05-26 16:57:42,311] 173 root - INFO - Data transformation complete
[ 2026-05-26 16:57:42,311] 48 root - INFO - Started Regular Expression mapping
[ 2026-05-26 16:57:42,311] 173 root - INFO - Data transformation complete
[ 2026-05-26 16:57:42,327] 48 root - INFO - Started Regular Expression mapping
[ 2026-05-26 16:57:42,327] 173 root - INFO - Data transformation complete
[ 2026-05-26 16:57:42,327] 48 root - INFO - Started Regular Expression mapping
[ 2026-05-26 16:57:42,327] 173 root - INFO - Data transformation complete
[ 2026-05-26 16:57:42,327] 48 root - INFO - Started Regular Expression mapping
[ 2026-05-26 16:57:42,327] 24 root - INFO - Match heuristic business names to paybill payments
[ 2026-05-26 16:57:42,327] 173 root - INFO - Data transformation complete
[ 2026-05-26 16:57:42,327] 48 root - INFO - Started Regular Expression mapping
[ 2026-05-26 16:57:42,329] 24 root - INFO - Match heuristic business names to paybill payments
[ 2026-05-26 16:57:42,329] 173 root - INFO - Data transformation complete
[ 2026-05-26 16:57:42,329] 48 root - INFO - Started Regular Expression mapping
[ 2026-05-26 16:57:42,329] 24 root - INFO - Match heuristic business names to paybill payments
[ 2026-05-26 16:57:42,329] 173 root - INFO - Data transformation complete
[ 2026-05-26 16:57:42,329] 48 root - INFO - Started Regular Expression mapping
[ 2026-05-26 16:57:42,329] 24 root - INFO - Match heuristic business names to paybill payments
[ 2026-05-26 16:57:42,329] 173 root - INFO - Data transformation complete
[ 2026-05-26 16:57:42,329] 48 root - INFO - Started Regular Expression mapping
[ 2026-05-26 16:57:42,329] 24 root - INFO - Match heuristic business names to paybill payments
[ 2026-05-26 16:57:42,329] 173 root - INFO - Data transformation complete
[ 2026-05-26 16:57:42,329] 48 root - INFO - Started Regular Expression mapping
[ 2026-05-26 16:57:42,331] 24 root - INFO - Match heuristic business names to paybill payments
[ 2026-05-26 16:57:42,331] 173 root - INFO - Data transformation complete
[ 2026-05-26 16:57:42,331] 48 root - INFO - Started Regular Expression mapping
[ 2026-05-26 16:57:42,331] 173 root - INFO - Data transformation complete
[ 2026-05-26 16:57:42,331] 48 root - INFO - Started Regular Expression mapping
[ 2026-05-26 16:57:42,331] 173 root - INFO - Data transformation complete
[ 2026-05-26 16:57:42,331] 48 root - INFO - Started Regular Expression mapping
[ 2026-05-26 16:57:42,331] 24 root - INFO - Match heuristic business names to paybill payments
[ 2026-05-26 16:57:42,331] 173 root - INFO - Data transformation complete
[ 2026-05-26 16:57:42,331] 48 root - INFO - Started Regular Expression mapping
[ 2026-05-26 16:57:42,331] 173 root - INFO - Data transformation complete
[ 2026-05-26 16:57:42,333] 48 root - INFO - Started Regular Expression mapping
[ 2026-05-26 16:57:42,333] 24 root - INFO - Match heuristic business names to paybill payments
[ 2026-05-26 16:57:42,333] 173 root - INFO - Data transformation complete
[ 2026-05-26 16:57:42,333] 48 root - INFO - Started Regular Expression mapping
[ 2026-05-26 16:57:42,333] 173 root - INFO - Data transformation complete
[ 2026-05-26 16:57:42,333] 48 root - INFO - Started Regular Expression mapping
[ 2026-05-26 16:57:42,333] 24 root - INFO - Match heuristic business names to paybill payments
[ 2026-05-26 16:57:42,333] 173 root - INFO - Data transformation complete
[ 2026-05-26 16:57:42,333] 48 root - INFO - Started Regular Expression mapping
[ 2026-05-26 16:57:42,333] 173 root - INFO - Data transformation complete
[ 2026-05-26 16:57:42,333] 48 root - INFO - Started Regular Expression mapping
[ 2026-05-26 16:57:42,335] 173 root - INFO - Data transformation complete
[ 2026-05-26 16:57:42,335] 48 root - INFO - Started Regular Expression mapping
[ 2026-05-26 16:57:42,335] 173 root - INFO - Data transformation complete
[ 2026-05-26 16:57:42,335] 48 root - INFO - Started Regular Expression mapping
[ 2026-05-26 16:57:42,335] 173 root - INFO - Data transformation complete
[ 2026-05-26 16:57:42,335] 48 root - INFO - Started Regular Expression mapping
[ 2026-05-26 16:57:42,335] 24 root - INFO - Match heuristic business names to paybill payments
[ 2026-05-26 16:57:42,335] 173 root - INFO - Data transformation complete
[ 2026-05-26 16:57:42,335] 48 root - INFO - Started Regular Expression mapping
[ 2026-05-26 16:57:42,335] 24 root - INFO - Match heuristic business names to paybill payments
[ 2026-05-26 16:57:42,335] 173 root - INFO - Data transformation complete
[ 2026-05-26 16:57:42,335] 48 root - INFO - Started Regular Expression mapping
[ 2026-05-26 16:57:42,337] 173 root - INFO - Data transformation complete
[ 2026-05-26 16:57:42,337] 48 root - INFO - Started Regular Expression mapping
[ 2026-05-26 16:57:42,337] 24 root - INFO - Match heuristic business names to paybill payments
[ 2026-05-26 16:57:42,337] 173 root - INFO - Data transformation complete
[ 2026-05-26 16:57:42,337] 48 root - INFO - Started Regular Expression mapping
[ 2026-05-26 16:57:42,337] 173 root - INFO - Data transformation complete
[ 2026-05-26 16:57:42,337] 48 root - INFO - Started Regular Expression mapping
[ 2026-05-26 16:57:42,337] 173 root - INFO - Data transformation complete
[ 2026-05-26 16:57:42,337] 48 root - INFO - Started Regular Expression mapping
[ 2026-05-26 16:57:42,339] 173 root - INFO - Data transformation complete
[ 2026-05-26 16:57:42,340] 48 root - INFO - Started Regular Expression mapping
[ 2026-05-26 16:57:42,340] 173 root - INFO - Data transformation complete
[ 2026-05-26 16:57:42,340] 48 root - INFO - Started Regular Expression mapping
[ 2026-05-26 16:57:42,340] 173 root - INFO - Data transformation complete
[ 2026-05-26 16:57:42,340] 48 root - INFO - Started Regular Expression mapping
[ 2026-05-26 16:57:42,340] 173 root - INFO - Data transformation complete
[ 2026-05-26 16:57:42,340] 48 root - INFO - Started Regular Expression mapping
[ 2026-05-26 16:57:42,340] 173 root - INFO - Data transformation complete
[ 2026-05-26 16:57:42,340] 48 root - INFO - Started Regular Expression mapping
[ 2026-05-26 16:57:42,340] 24 root - INFO - Match heuristic business names to paybill payments
[ 2026-05-26 16:57:42,340] 173 root - INFO - Data transformation complete
[ 2026-05-26 16:57:42,340] 48 root - INFO - Started Regular Expression mapping
[ 2026-05-26 16:57:42,340] 24 root - INFO - Match heuristic business names to paybill payments
[ 2026-05-26 16:57:42,340] 173 root - INFO - Data transformation complete
[ 2026-05-26 16:57:42,343] 48 root - INFO - Started Regular Expression mapping
[ 2026-05-26 16:57:42,343] 173 root - INFO - Data transformation complete
[ 2026-05-26 16:57:42,343] 48 root - INFO - Started Regular Expression mapping
[ 2026-05-26 16:57:42,343] 173 root - INFO - Data transformation complete
[ 2026-05-26 16:57:42,343] 48 root - INFO - Started Regular Expression mapping
[ 2026-05-26 16:57:42,343] 24 root - INFO - Match heuristic business names to paybill payments
[ 2026-05-26 16:57:42,343] 173 root - INFO - Data transformation complete
[ 2026-05-26 16:57:42,343] 48 root - INFO - Started Regular Expression mapping
[ 2026-05-26 16:57:42,343] 173 root - INFO - Data transformation complete
[ 2026-05-26 16:57:42,343] 48 root - INFO - Started Regular Expression mapping
[ 2026-05-26 16:57:42,343] 173 root - INFO - Data transformation complete
[ 2026-05-26 16:57:42,343] 48 root - INFO - Started Regular Expression mapping
[ 2026-05-26 16:57:42,343] 173 root - INFO - Data transformation complete
[ 2026-05-26 16:57:42,343] 48 root - INFO - Started Regular Expression mapping
[ 2026-05-26 16:57:42,343] 173 root - INFO - Data transformation complete
[ 2026-05-26 16:57:42,343] 48 root - INFO - Started Regular Expression mapping
[ 2026-05-26 16:57:42,343] 24 root - INFO - Match heuristic business names to paybill payments
[ 2026-05-26 16:57:42,343] 173 root - INFO - Data transformation complete
[ 2026-05-26 16:57:42,343] 48 root - INFO - Started Regular Expression mapping
[ 2026-05-26 16:57:42,343] 24 root - INFO - Match heuristic business names to paybill payments
[ 2026-05-26 16:57:42,343] 173 root - INFO - Data transformation complete
[ 2026-05-26 16:57:42,348] 48 root - INFO - Started Regular Expression mapping
[ 2026-05-26 16:57:42,348] 173 root - INFO - Data transformation complete
[ 2026-05-26 16:57:42,348] 48 root - INFO - Started Regular Expression mapping
[ 2026-05-26 16:57:42,348] 173 root - INFO - Data transformation complete
[ 2026-05-26 16:57:42,348] 48 root - INFO - Started Regular Expression mapping
[ 2026-05-26 16:57:42,348] 24 root - INFO - Match heuristic business names to paybill payments
[ 2026-05-26 16:57:42,348] 173 root - INFO - Data transformation complete
[ 2026-05-26 16:57:42,348] 48 root - INFO - Started Regular Expression mapping
[ 2026-05-26 16:57:42,348] 24 root - INFO - Match heuristic business names to paybill payments
[ 2026-05-26 16:57:42,348] 173 root - INFO - Data transformation complete
[ 2026-05-26 16:57:42,348] 48 root - INFO - Started Regular Expression mapping
[ 2026-05-26 16:57:42,348] 173 root - INFO - Data transformation complete
[ 2026-05-26 16:57:42,348] 48 root - INFO - Started Regular Expression mapping
[ 2026-05-26 16:57:42,348] 173 root - INFO - Data transformation complete
[ 2026-05-26 16:57:42,348] 48 root - INFO - Started Regular Expression mapping
[ 2026-05-26 16:57:42,348] 173 root - INFO - Data transformation complete
[ 2026-05-26 16:57:42,348] 48 root - INFO - Started Regular Expression mapping
[ 2026-05-26 16:57:42,348] 173 root - INFO - Data transformation complete
[ 2026-05-26 16:57:42,348] 48 root - INFO - Started Regular Expression mapping
[ 2026-05-26 16:57:42,348] 173 root - INFO - Data transformation complete
[ 2026-05-26 16:57:42,348] 48 root - INFO - Started Regular Expression mapping
[ 2026-05-26 16:57:42,348] 173 root - INFO - Data transformation complete
[ 2026-05-26 16:57:42,348] 48 root - INFO - Started Regular Expression mapping
[ 2026-05-26 16:57:42,348] 173 root - INFO - Data transformation complete
[ 2026-05-26 16:57:42,348] 48 root - INFO - Started Regular Expression mapping
[ 2026-05-26 16:57:42,348] 24 root - INFO - Match heuristic business names to paybill payments
[ 2026-05-26 16:57:42,348] 173 root - INFO - Data transformation complete
[ 2026-05-26 16:57:42,348] 48 root - INFO - Started Regular Expression mapping
[ 2026-05-26 16:57:42,348] 173 root - INFO - Data transformation complete
[ 2026-05-26 16:57:42,354] 48 root - INFO - Started Regular Expression mapping
[ 2026-05-26 16:57:42,354] 173 root - INFO - Data transformation complete
[ 2026-05-26 16:57:42,354] 48 root - INFO - Started Regular Expression mapping
[ 2026-05-26 16:57:42,354] 24 root - INFO - Match heuristic business names to paybill payments
[ 2026-05-26 16:57:42,354] 173 root - INFO - Data transformation complete
[ 2026-05-26 16:57:42,354] 48 root - INFO - Started Regular Expression mapping
[ 2026-05-26 16:57:42,354] 173 root - INFO - Data transformation complete
[ 2026-05-26 16:57:42,354] 48 root - INFO - Started Regular Expression mapping
[ 2026-05-26 16:57:42,356] 24 root - INFO - Match heuristic business names to paybill payments
[ 2026-05-26 16:57:42,356] 173 root - INFO - Data transformation complete
[ 2026-05-26 16:57:42,356] 48 root - INFO - Started Regular Expression mapping
[ 2026-05-26 16:57:42,356] 24 root - INFO - Match heuristic business names to paybill payments
[ 2026-05-26 16:57:42,356] 173 root - INFO - Data transformation complete
[ 2026-05-26 16:57:42,356] 48 root - INFO - Started Regular Expression mapping
[ 2026-05-26 16:57:42,356] 173 root - INFO - Data transformation complete
[ 2026-05-26 16:57:42,356] 48 root - INFO - Started Regular Expression mapping
[ 2026-05-26 16:57:42,356] 173 root - INFO - Data transformation complete
[ 2026-05-26 16:57:42,356] 48 root - INFO - Started Regular Expression mapping
[ 2026-05-26 16:57:42,356] 173 root - INFO - Data transformation complete
[ 2026-05-26 16:57:42,356] 48 root - INFO - Started Regular Expression mapping
[ 2026-05-26 16:57:42,356] 24 root - INFO - Match heuristic business names to paybill payments
[ 2026-05-26 16:57:42,356] 173 root - INFO - Data transformation complete
[ 2026-05-26 16:57:42,356] 48 root - INFO - Started Regular Expression mapping
[ 2026-05-26 16:57:42,356] 173 root - INFO - Data transformation complete
[ 2026-05-26 16:57:42,356] 48 root - INFO - Started Regular Expression mapping
[ 2026-05-26 16:57:42,356] 173 root - INFO - Data transformation complete
[ 2026-05-26 16:57:42,356] 48 root - INFO - Started Regular Expression mapping
[ 2026-05-26 16:57:42,356] 173 root - INFO - Data transformation complete
[ 2026-05-26 16:57:42,356] 48 root - INFO - Started Regular Expression mapping
[ 2026-05-26 16:57:42,356] 173 root - INFO - Data transformation complete
[ 2026-05-26 16:57:42,356] 48 root - INFO - Started Regular Expression mapping
[ 2026-05-26 16:57:42,356] 173 root - INFO - Data transformation complete
[ 2026-05-26 16:57:42,356] 48 root - INFO - Started Regular Expression mapping
[ 2026-05-26 16:57:42,356] 173 root - INFO - Data transformation complete
[ 2026-05-26 16:57:42,356] 48 root - INFO - Started Regular Expression mapping
[ 2026-05-26 16:57:42,356] 173 root - INFO - Data transformation complete
[ 2026-05-26 16:57:42,356] 48 root - INFO - Started Regular Expression mapping
[ 2026-05-26 16:57:42,356] 173 root - INFO - Data transformation complete
[ 2026-05-26 16:57:42,356] 48 root - INFO - Started Regular Expression mapping
[ 2026-05-26 16:57:42,356] 173 root - INFO - Data transformation complete
[ 2026-05-26 16:57:42,356] 48 root - INFO - Started Regular Expression mapping
[ 2026-05-26 16:57:42,356] 173 root - INFO - Data transformation complete
[ 2026-05-26 16:57:42,356] 48 root - INFO - Started Regular Expression mapping
[ 2026-05-26 16:57:42,356] 173 root - INFO - Data transformation complete
[ 2026-05-26 16:57:42,356] 48 root - INFO - Started Regular Expression mapping
[ 2026-05-26 16:57:42,356] 24 root - INFO - Match heuristic business names to paybill payments
[ 2026-05-26 16:57:42,356] 173 root - INFO - Data transformation complete
[ 2026-05-26 16:57:42,356] 48 root - INFO - Started Regular Expression mapping
[ 2026-05-26 16:57:42,356] 24 root - INFO - Match heuristic business names to paybill payments
[ 2026-05-26 16:57:42,356] 173 root - INFO - Data transformation complete
[ 2026-05-26 16:57:42,356] 48 root - INFO - Started Regular Expression mapping
[ 2026-05-26 16:57:42,356] 173 root - INFO - Data transformation complete
[ 2026-05-26 16:57:42,356] 48 root - INFO - Started Regular Expression mapping
[ 2026-05-26 16:57:42,356] 173 root - INFO - Data transformation complete
[ 2026-05-26 16:57:42,365] 48 root - INFO - Started Regular Expression mapping
[ 2026-05-26 16:57:42,365] 24 root - INFO - Match heuristic business names to paybill payments
[ 2026-05-26 16:57:42,365] 173 root - INFO - Data transformation complete
[ 2026-05-26 16:57:42,365] 48 root - INFO - Started Regular Expression mapping
[ 2026-05-26 16:57:42,365] 24 root - INFO - Match heuristic business names to paybill payments
[ 2026-05-26 16:57:42,365] 173 root - INFO - Data transformation complete
[ 2026-05-26 16:57:42,365] 48 root - INFO - Started Regular Expression mapping
[ 2026-05-26 16:57:42,365] 173 root - INFO - Data transformation complete
[ 2026-05-26 16:57:42,365] 48 root - INFO - Started Regular Expression mapping
[ 2026-05-26 16:57:42,367] 173 root - INFO - Data transformation complete
[ 2026-05-26 16:57:42,367] 48 root - INFO - Started Regular Expression mapping
[ 2026-05-26 16:57:42,367] 173 root - INFO - Data transformation complete
[ 2026-05-26 16:57:42,367] 48 root - INFO - Started Regular Expression mapping
[ 2026-05-26 16:57:42,367] 24 root - INFO - Match heuristic business names to paybill payments
[ 2026-05-26 16:57:42,367] 173 root - INFO - Data transformation complete
[ 2026-05-26 16:57:42,367] 48 root - INFO - Started Regular Expression mapping
[ 2026-05-26 16:57:42,367] 173 root - INFO - Data transformation complete
[ 2026-05-26 16:57:42,367] 48 root - INFO - Started Regular Expression mapping
[ 2026-05-26 16:57:42,367] 173 root - INFO - Data transformation complete
[ 2026-05-26 16:57:42,367] 48 root - INFO - Started Regular Expression mapping
[ 2026-05-26 16:57:42,369] 173 root - INFO - Data transformation complete
[ 2026-05-26 16:57:42,369] 48 root - INFO - Started Regular Expression mapping
[ 2026-05-26 16:57:42,369] 24 root - INFO - Match heuristic business names to paybill payments
[ 2026-05-26 16:57:42,369] 173 root - INFO - Data transformation complete
[ 2026-05-26 16:57:42,369] 48 root - INFO - Started Regular Expression mapping
[ 2026-05-26 16:57:42,369] 173 root - INFO - Data transformation complete
[ 2026-05-26 16:57:42,369] 48 root - INFO - Started Regular Expression mapping
[ 2026-05-26 16:57:42,369] 173 root - INFO - Data transformation complete
[ 2026-05-26 16:57:42,369] 48 root - INFO - Started Regular Expression mapping
[ 2026-05-26 16:57:42,369] 173 root - INFO - Data transformation complete
[ 2026-05-26 16:57:42,369] 48 root - INFO - Started Regular Expression mapping
[ 2026-05-26 16:57:42,371] 173 root - INFO - Data transformation complete
[ 2026-05-26 16:57:42,371] 48 root - INFO - Started Regular Expression mapping
[ 2026-05-26 16:57:42,371] 173 root - INFO - Data transformation complete
[ 2026-05-26 16:57:42,371] 48 root - INFO - Started Regular Expression mapping
[ 2026-05-26 16:57:42,371] 173 root - INFO - Data transformation complete
[ 2026-05-26 16:57:42,371] 48 root - INFO - Started Regular Expression mapping
[ 2026-05-26 16:57:42,371] 173 root - INFO - Data transformation complete
[ 2026-05-26 16:57:42,371] 48 root - INFO - Started Regular Expression mapping
[ 2026-05-26 16:57:42,371] 24 root - INFO - Match heuristic business names to paybill payments
[ 2026-05-26 16:57:42,371] 173 root - INFO - Data transformation complete
[ 2026-05-26 16:57:42,371] 48 root - INFO - Started Regular Expression mapping
[ 2026-05-26 16:57:42,371] 173 root - INFO - Data transformation complete
[ 2026-05-26 16:57:42,371] 48 root - INFO - Started Regular Expression mapping
[ 2026-05-26 16:57:42,371] 173 root - INFO - Data transformation complete
[ 2026-05-26 16:57:42,371] 48 root - INFO - Started Regular Expression mapping
[ 2026-05-26 16:57:42,371] 173 root - INFO - Data transformation complete
[ 2026-05-26 16:57:42,371] 48 root - INFO - Started Regular Expression mapping
[ 2026-05-26 16:57:42,371] 173 root - INFO - Data transformation complete
[ 2026-05-26 16:57:42,371] 48 root - INFO - Started Regular Expression mapping
[ 2026-05-26 16:57:42,371] 24 root - INFO - Match heuristic business names to paybill payments
[ 2026-05-26 16:57:42,371] 173 root - INFO - Data transformation complete
[ 2026-05-26 16:57:42,371] 48 root - INFO - Started Regular Expression mapping
[ 2026-05-26 16:57:42,371] 173 root - INFO - Data transformation complete
[ 2026-05-26 16:57:42,371] 48 root - INFO - Started Regular Expression mapping
[ 2026-05-26 16:57:42,371] 173 root - INFO - Data transformation complete
[ 2026-05-26 16:57:42,371] 48 root - INFO - Started Regular Expression mapping
[ 2026-05-26 16:57:42,371] 173 root - INFO - Data transformation complete
[ 2026-05-26 16:57:42,371] 48 root - INFO - Started Regular Expression mapping
[ 2026-05-26 16:57:42,371] 173 root - INFO - Data transformation complete
[ 2026-05-26 16:57:42,371] 48 root - INFO - Started Regular Expression mapping
[ 2026-05-26 16:57:42,371] 173 root - INFO - Data transformation complete
[ 2026-05-26 16:57:42,371] 48 root - INFO - Started Regular Expression mapping
[ 2026-05-26 16:57:42,371] 24 root - INFO - Match heuristic business names to paybill payments
[ 2026-05-26 16:57:42,371] 173 root - INFO - Data transformation complete
[ 2026-05-26 16:57:42,371] 48 root - INFO - Started Regular Expression mapping
[ 2026-05-26 16:57:42,371] 173 root - INFO - Data transformation complete
[ 2026-05-26 16:57:42,371] 48 root - INFO - Started Regular Expression mapping
[ 2026-05-26 16:57:42,371] 173 root - INFO - Data transformation complete
[ 2026-05-26 16:57:42,371] 48 root - INFO - Started Regular Expression mapping
[ 2026-05-26 16:57:42,371] 24 root - INFO - Match heuristic business names to paybill payments
[ 2026-05-26 16:57:42,371] 173 root - INFO - Data transformation complete
[ 2026-05-26 16:57:42,371] 48 root - INFO - Started Regular Expression mapping
[ 2026-05-26 16:57:42,371] 173 root - INFO - Data transformation complete
[ 2026-05-26 16:57:42,371] 48 root - INFO - Started Regular Expression mapping
[ 2026-05-26 16:57:42,371] 173 root - INFO - Data transformation complete
[ 2026-05-26 16:57:42,381] 48 root - INFO - Started Regular Expression mapping
[ 2026-05-26 16:57:42,381] 173 root - INFO - Data transformation complete
[ 2026-05-26 16:57:42,381] 48 root - INFO - Started Regular Expression mapping
[ 2026-05-26 16:57:42,381] 173 root - INFO - Data transformation complete
[ 2026-05-26 16:57:42,381] 48 root - INFO - Started Regular Expression mapping
[ 2026-05-26 16:57:42,381] 173 root - INFO - Data transformation complete
[ 2026-05-26 16:57:42,381] 48 root - INFO - Started Regular Expression mapping
[ 2026-05-26 16:57:42,381] 24 root - INFO - Match heuristic business names to paybill payments
[ 2026-05-26 16:57:42,381] 173 root - INFO - Data transformation complete
[ 2026-05-26 16:57:42,381] 48 root - INFO - Started Regular Expression mapping
[ 2026-05-26 16:57:42,381] 173 root - INFO - Data transformation complete
[ 2026-05-26 16:57:42,381] 48 root - INFO - Started Regular Expression mapping
[ 2026-05-26 16:57:42,381] 24 root - INFO - Match heuristic business names to paybill payments
[ 2026-05-26 16:57:42,381] 173 root - INFO - Data transformation complete
[ 2026-05-26 16:57:42,381] 48 root - INFO - Started Regular Expression mapping
[ 2026-05-26 16:57:42,381] 173 root - INFO - Data transformation complete
[ 2026-05-26 16:57:42,381] 48 root - INFO - Started Regular Expression mapping
[ 2026-05-26 16:57:42,381] 173 root - INFO - Data transformation complete
[ 2026-05-26 16:57:42,381] 48 root - INFO - Started Regular Expression mapping
[ 2026-05-26 16:57:42,381] 173 root - INFO - Data transformation complete
[ 2026-05-26 16:57:42,381] 48 root - INFO - Started Regular Expression mapping
[ 2026-05-26 16:57:42,381] 24 root - INFO - Match heuristic business names to paybill payments
[ 2026-05-26 16:57:42,381] 173 root - INFO - Data transformation complete
[ 2026-05-26 16:57:42,381] 48 root - INFO - Started Regular Expression mapping
[ 2026-05-26 16:57:42,381] 173 root - INFO - Data transformation complete
[ 2026-05-26 16:57:42,381] 48 root - INFO - Started Regular Expression mapping
[ 2026-05-26 16:57:42,381] 173 root - INFO - Data transformation complete
[ 2026-05-26 16:57:42,381] 48 root - INFO - Started Regular Expression mapping
[ 2026-05-26 16:57:42,381] 173 root - INFO - Data transformation complete
[ 2026-05-26 16:57:42,381] 48 root - INFO - Started Regular Expression mapping
[ 2026-05-26 16:57:42,381] 173 root - INFO - Data transformation complete
[ 2026-05-26 16:57:42,381] 48 root - INFO - Started Regular Expression mapping
[ 2026-05-26 16:57:42,381] 24 root - INFO - Match heuristic business names to paybill payments
[ 2026-05-26 16:57:42,381] 173 root - INFO - Data transformation complete
[ 2026-05-26 16:57:42,381] 48 root - INFO - Started Regular Expression mapping
[ 2026-05-26 16:57:42,381] 173 root - INFO - Data transformation complete
[ 2026-05-26 16:57:42,381] 48 root - INFO - Started Regular Expression mapping
[ 2026-05-26 16:57:42,381] 173 root - INFO - Data transformation complete
[ 2026-05-26 16:57:42,381] 48 root - INFO - Started Regular Expression mapping
[ 2026-05-26 16:57:42,381] 173 root - INFO - Data transformation complete
[ 2026-05-26 16:57:42,381] 48 root - INFO - Started Regular Expression mapping
[ 2026-05-26 16:57:42,381] 24 root - INFO - Match heuristic business names to paybill payments
[ 2026-05-26 16:57:42,381] 173 root - INFO - Data transformation complete
[ 2026-05-26 16:57:42,381] 48 root - INFO - Started Regular Expression mapping
[ 2026-05-26 16:57:42,381] 24 root - INFO - Match heuristic business names to paybill payments
[ 2026-05-26 16:57:42,381] 173 root - INFO - Data transformation complete
[ 2026-05-26 16:57:42,381] 48 root - INFO - Started Regular Expression mapping
[ 2026-05-26 16:57:42,381] 173 root - INFO - Data transformation complete
[ 2026-05-26 16:57:42,381] 48 root - INFO - Started Regular Expression mapping
[ 2026-05-26 16:57:42,381] 173 root - INFO - Data transformation complete
[ 2026-05-26 16:57:42,381] 48 root - INFO - Started Regular Expression mapping
[ 2026-05-26 16:57:42,381] 173 root - INFO - Data transformation complete
[ 2026-05-26 16:57:42,381] 48 root - INFO - Started Regular Expression mapping
[ 2026-05-26 16:57:42,381] 173 root - INFO - Data transformation complete
[ 2026-05-26 16:57:42,381] 48 root - INFO - Started Regular Expression mapping
[ 2026-05-26 16:57:42,393] 173 root - INFO - Data transformation complete
[ 2026-05-26 16:57:42,393] 48 root - INFO - Started Regular Expression mapping
[ 2026-05-26 16:57:42,393] 173 root - INFO - Data transformation complete
[ 2026-05-26 16:57:42,393] 48 root - INFO - Started Regular Expression mapping
[ 2026-05-26 16:57:42,393] 173 root - INFO - Data transformation complete
[ 2026-05-26 16:57:42,393] 48 root - INFO - Started Regular Expression mapping
[ 2026-05-26 16:57:42,393] 24 root - INFO - Match heuristic business names to paybill payments
[ 2026-05-26 16:57:42,393] 173 root - INFO - Data transformation complete
[ 2026-05-26 16:57:42,393] 48 root - INFO - Started Regular Expression mapping
[ 2026-05-26 16:57:42,393] 24 root - INFO - Match heuristic business names to paybill payments
[ 2026-05-26 16:57:42,395] 173 root - INFO - Data transformation complete
[ 2026-05-26 16:57:42,395] 48 root - INFO - Started Regular Expression mapping
[ 2026-05-26 16:57:42,395] 173 root - INFO - Data transformation complete
[ 2026-05-26 16:57:42,395] 48 root - INFO - Started Regular Expression mapping
[ 2026-05-26 16:57:42,395] 173 root - INFO - Data transformation complete
[ 2026-05-26 16:57:42,395] 48 root - INFO - Started Regular Expression mapping
[ 2026-05-26 16:57:42,395] 24 root - INFO - Match heuristic business names to paybill payments
[ 2026-05-26 16:57:42,395] 173 root - INFO - Data transformation complete
[ 2026-05-26 16:57:42,395] 48 root - INFO - Started Regular Expression mapping
[ 2026-05-26 16:57:42,395] 173 root - INFO - Data transformation complete
[ 2026-05-26 16:57:42,395] 48 root - INFO - Started Regular Expression mapping
[ 2026-05-26 16:57:42,397] 24 root - INFO - Match heuristic business names to paybill payments
[ 2026-05-26 16:57:42,397] 173 root - INFO - Data transformation complete
[ 2026-05-26 16:57:42,397] 48 root - INFO - Started Regular Expression mapping
[ 2026-05-26 16:57:42,397] 24 root - INFO - Match heuristic business names to paybill payments
[ 2026-05-26 16:57:42,397] 173 root - INFO - Data transformation complete
[ 2026-05-26 16:57:42,397] 48 root - INFO - Started Regular Expression mapping
[ 2026-05-26 16:57:42,397] 173 root - INFO - Data transformation complete
[ 2026-05-26 16:57:42,397] 48 root - INFO - Started Regular Expression mapping
[ 2026-05-26 16:57:42,397] 173 root - INFO - Data transformation complete
[ 2026-05-26 16:57:42,397] 48 root - INFO - Started Regular Expression mapping
[ 2026-05-26 16:57:42,397] 24 root - INFO - Match heuristic business names to paybill payments
[ 2026-05-26 16:57:42,397] 173 root - INFO - Data transformation complete
[ 2026-05-26 16:57:42,397] 48 root - INFO - Started Regular Expression mapping
[ 2026-05-26 16:57:42,397] 173 root - INFO - Data transformation complete
[ 2026-05-26 16:57:42,397] 48 root - INFO - Started Regular Expression mapping
[ 2026-05-26 16:57:42,397] 173 root - INFO - Data transformation complete
[ 2026-05-26 16:57:42,397] 48 root - INFO - Started Regular Expression mapping
[ 2026-05-26 16:57:42,397] 24 root - INFO - Match heuristic business names to paybill payments
[ 2026-05-26 16:57:42,397] 173 root - INFO - Data transformation complete
[ 2026-05-26 16:57:42,397] 48 root - INFO - Started Regular Expression mapping
[ 2026-05-26 16:57:42,397] 173 root - INFO - Data transformation complete
[ 2026-05-26 16:57:42,397] 48 root - INFO - Started Regular Expression mapping
[ 2026-05-26 16:57:42,397] 173 root - INFO - Data transformation complete
[ 2026-05-26 16:57:42,397] 48 root - INFO - Started Regular Expression mapping
[ 2026-05-26 16:57:42,397] 173 root - INFO - Data transformation complete
[ 2026-05-26 16:57:42,397] 48 root - INFO - Started Regular Expression mapping
[ 2026-05-26 16:57:42,397] 173 root - INFO - Data transformation complete
[ 2026-05-26 16:57:42,397] 48 root - INFO - Started Regular Expression mapping
[ 2026-05-26 16:57:42,397] 173 root - INFO - Data transformation complete
[ 2026-05-26 16:57:42,397] 48 root - INFO - Started Regular Expression mapping
[ 2026-05-26 16:57:42,397] 173 root - INFO - Data transformation complete
[ 2026-05-26 16:57:42,397] 48 root - INFO - Started Regular Expression mapping
[ 2026-05-26 16:57:42,397] 173 root - INFO - Data transformation complete
[ 2026-05-26 16:57:42,397] 48 root - INFO - Started Regular Expression mapping
[ 2026-05-26 16:57:42,397] 173 root - INFO - Data transformation complete
[ 2026-05-26 16:57:42,397] 48 root - INFO - Started Regular Expression mapping
[ 2026-05-26 16:57:42,397] 24 root - INFO - Match heuristic business names to paybill payments
[ 2026-05-26 16:57:42,397] 173 root - INFO - Data transformation complete
[ 2026-05-26 16:57:42,397] 48 root - INFO - Started Regular Expression mapping
[ 2026-05-26 16:57:42,397] 173 root - INFO - Data transformation complete
[ 2026-05-26 16:57:42,397] 48 root - INFO - Started Regular Expression mapping
[ 2026-05-26 16:57:42,397] 173 root - INFO - Data transformation complete
[ 2026-05-26 16:57:42,397] 48 root - INFO - Started Regular Expression mapping
[ 2026-05-26 16:57:42,397] 173 root - INFO - Data transformation complete
[ 2026-05-26 16:57:42,397] 48 root - INFO - Started Regular Expression mapping
[ 2026-05-26 16:57:42,397] 173 root - INFO - Data transformation complete
[ 2026-05-26 16:57:42,397] 48 root - INFO - Started Regular Expression mapping
[ 2026-05-26 16:57:42,397] 173 root - INFO - Data transformation complete
[ 2026-05-26 16:57:42,397] 48 root - INFO - Started Regular Expression mapping
[ 2026-05-26 16:57:42,397] 173 root - INFO - Data transformation complete
[ 2026-05-26 16:57:42,397] 48 root - INFO - Started Regular Expression mapping
[ 2026-05-26 16:57:42,397] 173 root - INFO - Data transformation complete
[ 2026-05-26 16:57:42,397] 48 root - INFO - Started Regular Expression mapping
[ 2026-05-26 16:57:42,397] 173 root - INFO - Data transformation complete
[ 2026-05-26 16:57:42,397] 48 root - INFO - Started Regular Expression mapping
[ 2026-05-26 16:57:42,397] 173 root - INFO - Data transformation complete
[ 2026-05-26 16:57:42,397] 48 root - INFO - Started Regular Expression mapping
[ 2026-05-26 16:57:42,397] 173 root - INFO - Data transformation complete
[ 2026-05-26 16:57:42,397] 48 root - INFO - Started Regular Expression mapping
[ 2026-05-26 16:57:42,397] 173 root - INFO - Data transformation complete
[ 2026-05-26 16:57:42,397] 48 root - INFO - Started Regular Expression mapping
[ 2026-05-26 16:57:42,397] 173 root - INFO - Data transformation complete
[ 2026-05-26 16:57:42,397] 48 root - INFO - Started Regular Expression mapping
[ 2026-05-26 16:57:42,397] 173 root - INFO - Data transformation complete
[ 2026-05-26 16:57:42,397] 48 root - INFO - Started Regular Expression mapping
[ 2026-05-26 16:57:42,397] 173 root - INFO - Data transformation complete
[ 2026-05-26 16:57:42,397] 48 root - INFO - Started Regular Expression mapping
[ 2026-05-26 16:57:42,397] 24 root - INFO - Match heuristic business names to paybill payments
[ 2026-05-26 16:57:42,397] 173 root - INFO - Data transformation complete
[ 2026-05-26 16:57:42,397] 48 root - INFO - Started Regular Expression mapping
[ 2026-05-26 16:57:42,397] 173 root - INFO - Data transformation complete
[ 2026-05-26 16:57:42,397] 48 root - INFO - Started Regular Expression mapping
[ 2026-05-26 16:57:42,397] 173 root - INFO - Data transformation complete
[ 2026-05-26 16:57:42,397] 48 root - INFO - Started Regular Expression mapping
[ 2026-05-26 16:57:42,397] 173 root - INFO - Data transformation complete
[ 2026-05-26 16:57:42,397] 48 root - INFO - Started Regular Expression mapping
[ 2026-05-26 16:57:42,397] 173 root - INFO - Data transformation complete
[ 2026-05-26 16:57:42,397] 48 root - INFO - Started Regular Expression mapping
[ 2026-05-26 16:57:42,412] 173 root - INFO - Data transformation complete
[ 2026-05-26 16:57:42,412] 48 root - INFO - Started Regular Expression mapping
[ 2026-05-26 16:57:42,412] 24 root - INFO - Match heuristic business names to paybill payments
[ 2026-05-26 16:57:42,412] 173 root - INFO - Data transformation complete
[ 2026-05-26 16:57:42,412] 48 root - INFO - Started Regular Expression mapping
[ 2026-05-26 16:57:42,412] 24 root - INFO - Match heuristic business names to paybill payments
[ 2026-05-26 16:57:42,412] 173 root - INFO - Data transformation complete
[ 2026-05-26 16:57:42,412] 48 root - INFO - Started Regular Expression mapping
[ 2026-05-26 16:57:42,412] 173 root - INFO - Data transformation complete
[ 2026-05-26 16:57:42,412] 48 root - INFO - Started Regular Expression mapping
[ 2026-05-26 16:57:42,412] 173 root - INFO - Data transformation complete
[ 2026-05-26 16:57:42,414] 48 root - INFO - Started Regular Expression mapping
[ 2026-05-26 16:57:42,414] 173 root - INFO - Data transformation complete
[ 2026-05-26 16:57:42,414] 48 root - INFO - Started Regular Expression mapping
[ 2026-05-26 16:57:42,414] 173 root - INFO - Data transformation complete
[ 2026-05-26 16:57:42,414] 48 root - INFO - Started Regular Expression mapping
[ 2026-05-26 16:57:42,414] 173 root - INFO - Data transformation complete
[ 2026-05-26 16:57:42,414] 48 root - INFO - Started Regular Expression mapping
[ 2026-05-26 16:57:42,414] 24 root - INFO - Match heuristic business names to paybill payments
[ 2026-05-26 16:57:42,414] 173 root - INFO - Data transformation complete
[ 2026-05-26 16:57:42,414] 48 root - INFO - Started Regular Expression mapping
[ 2026-05-26 16:57:42,414] 173 root - INFO - Data transformation complete
[ 2026-05-26 16:57:42,414] 48 root - INFO - Started Regular Expression mapping
[ 2026-05-26 16:57:42,414] 173 root - INFO - Data transformation complete
[ 2026-05-26 16:57:42,414] 48 root - INFO - Started Regular Expression mapping
[ 2026-05-26 16:57:42,414] 173 root - INFO - Data transformation complete
[ 2026-05-26 16:57:42,414] 48 root - INFO - Started Regular Expression mapping
[ 2026-05-26 16:57:42,414] 173 root - INFO - Data transformation complete
[ 2026-05-26 16:57:42,414] 48 root - INFO - Started Regular Expression mapping
[ 2026-05-26 16:57:42,414] 173 root - INFO - Data transformation complete
[ 2026-05-26 16:57:42,414] 48 root - INFO - Started Regular Expression mapping
[ 2026-05-26 16:57:42,414] 173 root - INFO - Data transformation complete
[ 2026-05-26 16:57:42,414] 48 root - INFO - Started Regular Expression mapping
[ 2026-05-26 16:57:42,414] 173 root - INFO - Data transformation complete
[ 2026-05-26 16:57:42,414] 48 root - INFO - Started Regular Expression mapping
[ 2026-05-26 16:57:42,414] 173 root - INFO - Data transformation complete
[ 2026-05-26 16:57:42,414] 48 root - INFO - Started Regular Expression mapping
[ 2026-05-26 16:57:42,414] 24 root - INFO - Match heuristic business names to paybill payments
[ 2026-05-26 16:57:42,414] 173 root - INFO - Data transformation complete
[ 2026-05-26 16:57:42,414] 48 root - INFO - Started Regular Expression mapping
[ 2026-05-26 16:57:42,414] 24 root - INFO - Match heuristic business names to paybill payments
[ 2026-05-26 16:57:42,414] 173 root - INFO - Data transformation complete
[ 2026-05-26 16:57:42,414] 48 root - INFO - Started Regular Expression mapping
[ 2026-05-26 16:57:42,414] 173 root - INFO - Data transformation complete
[ 2026-05-26 16:57:42,414] 48 root - INFO - Started Regular Expression mapping
[ 2026-05-26 16:57:42,414] 173 root - INFO - Data transformation complete
[ 2026-05-26 16:57:42,414] 48 root - INFO - Started Regular Expression mapping
[ 2026-05-26 16:57:42,414] 173 root - INFO - Data transformation complete
[ 2026-05-26 16:57:42,414] 48 root - INFO - Started Regular Expression mapping
[ 2026-05-26 16:57:42,414] 173 root - INFO - Data transformation complete
[ 2026-05-26 16:57:42,414] 48 root - INFO - Started Regular Expression mapping
[ 2026-05-26 16:57:42,414] 173 root - INFO - Data transformation complete
[ 2026-05-26 16:57:42,414] 48 root - INFO - Started Regular Expression mapping
[ 2026-05-26 16:57:42,414] 173 root - INFO - Data transformation complete
[ 2026-05-26 16:57:42,414] 48 root - INFO - Started Regular Expression mapping
[ 2026-05-26 16:57:42,414] 173 root - INFO - Data transformation complete
[ 2026-05-26 16:57:42,414] 48 root - INFO - Started Regular Expression mapping
[ 2026-05-26 16:57:42,414] 173 root - INFO - Data transformation complete
[ 2026-05-26 16:57:42,414] 48 root - INFO - Started Regular Expression mapping
[ 2026-05-26 16:57:42,414] 24 root - INFO - Match heuristic business names to paybill payments
[ 2026-05-26 16:57:42,414] 173 root - INFO - Data transformation complete
[ 2026-05-26 16:57:42,414] 48 root - INFO - Started Regular Expression mapping
[ 2026-05-26 16:57:42,414] 173 root - INFO - Data transformation complete
[ 2026-05-26 16:57:42,414] 48 root - INFO - Started Regular Expression mapping
[ 2026-05-26 16:57:42,414] 173 root - INFO - Data transformation complete
[ 2026-05-26 16:57:42,414] 48 root - INFO - Started Regular Expression mapping
[ 2026-05-26 16:57:42,414] 24 root - INFO - Match heuristic business names to paybill payments
[ 2026-05-26 16:57:42,414] 173 root - INFO - Data transformation complete
[ 2026-05-26 16:57:42,414] 48 root - INFO - Started Regular Expression mapping
[ 2026-05-26 16:57:42,414] 24 root - INFO - Match heuristic business names to paybill payments
[ 2026-05-26 16:57:42,414] 173 root - INFO - Data transformation complete
[ 2026-05-26 16:57:42,414] 48 root - INFO - Started Regular Expression mapping
[ 2026-05-26 16:57:42,414] 24 root - INFO - Match heuristic business names to paybill payments
[ 2026-05-26 16:57:42,414] 173 root - INFO - Data transformation complete
[ 2026-05-26 16:57:42,414] 48 root - INFO - Started Regular Expression mapping
[ 2026-05-26 16:57:42,414] 173 root - INFO - Data transformation complete
[ 2026-05-26 16:57:42,414] 48 root - INFO - Started Regular Expression mapping
[ 2026-05-26 16:57:42,414] 173 root - INFO - Data transformation complete
[ 2026-05-26 16:57:42,414] 48 root - INFO - Started Regular Expression mapping
[ 2026-05-26 16:57:42,414] 173 root - INFO - Data transformation complete
[ 2026-05-26 16:57:42,414] 48 root - INFO - Started Regular Expression mapping
[ 2026-05-26 16:57:42,414] 173 root - INFO - Data transformation complete
[ 2026-05-26 16:57:42,414] 48 root - INFO - Started Regular Expression mapping
[ 2026-05-26 16:57:42,428] 173 root - INFO - Data transformation complete
[ 2026-05-26 16:57:42,428] 48 root - INFO - Started Regular Expression mapping
[ 2026-05-26 16:57:42,428] 173 root - INFO - Data transformation complete
[ 2026-05-26 16:57:42,428] 48 root - INFO - Started Regular Expression mapping
[ 2026-05-26 16:57:42,428] 173 root - INFO - Data transformation complete
[ 2026-05-26 16:57:42,428] 48 root - INFO - Started Regular Expression mapping
[ 2026-05-26 16:57:42,428] 24 root - INFO - Match heuristic business names to paybill payments
[ 2026-05-26 16:57:42,428] 173 root - INFO - Data transformation complete
[ 2026-05-26 16:57:42,428] 48 root - INFO - Started Regular Expression mapping
[ 2026-05-26 16:57:42,428] 173 root - INFO - Data transformation complete
[ 2026-05-26 16:57:42,428] 48 root - INFO - Started Regular Expression mapping
[ 2026-05-26 16:57:42,430] 173 root - INFO - Data transformation complete
[ 2026-05-26 16:57:42,430] 48 root - INFO - Started Regular Expression mapping
[ 2026-05-26 16:57:42,430] 173 root - INFO - Data transformation complete
[ 2026-05-26 16:57:42,430] 48 root - INFO - Started Regular Expression mapping
[ 2026-05-26 16:57:42,430] 173 root - INFO - Data transformation complete
[ 2026-05-26 16:57:42,430] 48 root - INFO - Started Regular Expression mapping
[ 2026-05-26 16:57:42,430] 173 root - INFO - Data transformation complete
[ 2026-05-26 16:57:42,430] 48 root - INFO - Started Regular Expression mapping
[ 2026-05-26 16:57:42,430] 173 root - INFO - Data transformation complete
[ 2026-05-26 16:57:42,430] 48 root - INFO - Started Regular Expression mapping
[ 2026-05-26 16:57:42,430] 24 root - INFO - Match heuristic business names to paybill payments
[ 2026-05-26 16:57:42,430] 173 root - INFO - Data transformation complete
[ 2026-05-26 16:57:42,430] 48 root - INFO - Started Regular Expression mapping
[ 2026-05-26 16:57:42,430] 173 root - INFO - Data transformation complete
[ 2026-05-26 16:57:42,430] 48 root - INFO - Started Regular Expression mapping
[ 2026-05-26 16:57:42,430] 173 root - INFO - Data transformation complete
[ 2026-05-26 16:57:42,430] 48 root - INFO - Started Regular Expression mapping
[ 2026-05-26 16:57:42,430] 24 root - INFO - Match heuristic business names to paybill payments
[ 2026-05-26 16:57:42,430] 173 root - INFO - Data transformation complete
[ 2026-05-26 16:57:42,430] 48 root - INFO - Started Regular Expression mapping
[ 2026-05-26 16:57:42,430] 173 root - INFO - Data transformation complete
[ 2026-05-26 16:57:42,430] 48 root - INFO - Started Regular Expression mapping
[ 2026-05-26 16:57:42,430] 173 root - INFO - Data transformation complete
[ 2026-05-26 16:57:42,430] 48 root - INFO - Started Regular Expression mapping
[ 2026-05-26 16:57:42,430] 173 root - INFO - Data transformation complete
[ 2026-05-26 16:57:42,430] 48 root - INFO - Started Regular Expression mapping
[ 2026-05-26 16:57:42,430] 173 root - INFO - Data transformation complete
[ 2026-05-26 16:57:42,430] 48 root - INFO - Started Regular Expression mapping
[ 2026-05-26 16:57:42,430] 24 root - INFO - Match heuristic business names to paybill payments
[ 2026-05-26 16:57:42,430] 173 root - INFO - Data transformation complete
[ 2026-05-26 16:57:42,430] 48 root - INFO - Started Regular Expression mapping
[ 2026-05-26 16:57:42,430] 173 root - INFO - Data transformation complete
[ 2026-05-26 16:57:42,430] 48 root - INFO - Started Regular Expression mapping
[ 2026-05-26 16:57:42,430] 173 root - INFO - Data transformation complete
[ 2026-05-26 16:57:42,430] 48 root - INFO - Started Regular Expression mapping
[ 2026-05-26 16:57:42,430] 173 root - INFO - Data transformation complete
[ 2026-05-26 16:57:42,430] 48 root - INFO - Started Regular Expression mapping
[ 2026-05-26 16:57:42,430] 173 root - INFO - Data transformation complete
[ 2026-05-26 16:57:42,430] 48 root - INFO - Started Regular Expression mapping
[ 2026-05-26 16:57:42,430] 173 root - INFO - Data transformation complete
[ 2026-05-26 16:57:42,430] 48 root - INFO - Started Regular Expression mapping
[ 2026-05-26 16:57:42,430] 173 root - INFO - Data transformation complete
[ 2026-05-26 16:57:42,430] 48 root - INFO - Started Regular Expression mapping
[ 2026-05-26 16:57:42,439] 173 root - INFO - Data transformation complete
[ 2026-05-26 16:57:42,439] 48 root - INFO - Started Regular Expression mapping
[ 2026-05-26 16:57:42,439] 173 root - INFO - Data transformation complete
[ 2026-05-26 16:57:42,439] 48 root - INFO - Started Regular Expression mapping
[ 2026-05-26 16:57:42,440] 173 root - INFO - Data transformation complete
[ 2026-05-26 16:57:42,440] 48 root - INFO - Started Regular Expression mapping
[ 2026-05-26 16:57:42,441] 173 root - INFO - Data transformation complete
[ 2026-05-26 16:57:42,441] 48 root - INFO - Started Regular Expression mapping
[ 2026-05-26 16:57:42,441] 24 root - INFO - Match heuristic business names to paybill payments
[ 2026-05-26 16:57:42,441] 173 root - INFO - Data transformation complete
[ 2026-05-26 16:57:42,441] 48 root - INFO - Started Regular Expression mapping
[ 2026-05-26 16:57:42,441] 24 root - INFO - Match heuristic business names to paybill payments
[ 2026-05-26 16:57:42,441] 173 root - INFO - Data transformation complete
[ 2026-05-26 16:57:42,441] 48 root - INFO - Started Regular Expression mapping
[ 2026-05-26 16:57:42,441] 173 root - INFO - Data transformation complete
[ 2026-05-26 16:57:42,441] 48 root - INFO - Started Regular Expression mapping
[ 2026-05-26 16:57:42,441] 173 root - INFO - Data transformation complete
[ 2026-05-26 16:57:42,441] 48 root - INFO - Started Regular Expression mapping
[ 2026-05-26 16:57:42,441] 173 root - INFO - Data transformation complete
[ 2026-05-26 16:57:42,441] 48 root - INFO - Started Regular Expression mapping
[ 2026-05-26 16:57:42,441] 173 root - INFO - Data transformation complete
[ 2026-05-26 16:57:42,441] 48 root - INFO - Started Regular Expression mapping
[ 2026-05-26 16:57:42,441] 173 root - INFO - Data transformation complete
[ 2026-05-26 16:57:42,441] 48 root - INFO - Started Regular Expression mapping
[ 2026-05-26 16:57:42,441] 173 root - INFO - Data transformation complete
[ 2026-05-26 16:57:42,441] 48 root - INFO - Started Regular Expression mapping
[ 2026-05-26 16:57:42,441] 173 root - INFO - Data transformation complete
[ 2026-05-26 16:57:42,441] 48 root - INFO - Started Regular Expression mapping
[ 2026-05-26 16:57:42,441] 173 root - INFO - Data transformation complete
[ 2026-05-26 16:57:42,441] 48 root - INFO - Started Regular Expression mapping
[ 2026-05-26 16:57:42,441] 173 root - INFO - Data transformation complete
[ 2026-05-26 16:57:42,441] 48 root - INFO - Started Regular Expression mapping
[ 2026-05-26 16:57:42,441] 173 root - INFO - Data transformation complete
[ 2026-05-26 16:57:42,441] 48 root - INFO - Started Regular Expression mapping
[ 2026-05-26 16:57:42,447] 173 root - INFO - Data transformation complete
[ 2026-05-26 16:57:42,447] 48 root - INFO - Started Regular Expression mapping
[ 2026-05-26 16:57:42,447] 173 root - INFO - Data transformation complete
[ 2026-05-26 16:57:42,447] 48 root - INFO - Started Regular Expression mapping
[ 2026-05-26 16:57:42,447] 173 root - INFO - Data transformation complete
[ 2026-05-26 16:57:42,447] 48 root - INFO - Started Regular Expression mapping
[ 2026-05-26 16:57:42,447] 173 root - INFO - Data transformation complete
[ 2026-05-26 16:57:42,447] 48 root - INFO - Started Regular Expression mapping
[ 2026-05-26 16:57:42,449] 173 root - INFO - Data transformation complete
[ 2026-05-26 16:57:42,449] 48 root - INFO - Started Regular Expression mapping
[ 2026-05-26 16:57:42,449] 173 root - INFO - Data transformation complete
[ 2026-05-26 16:57:42,449] 48 root - INFO - Started Regular Expression mapping
[ 2026-05-26 16:57:42,449] 24 root - INFO - Match heuristic business names to paybill payments
[ 2026-05-26 16:57:42,449] 173 root - INFO - Data transformation complete
[ 2026-05-26 16:57:42,449] 48 root - INFO - Started Regular Expression mapping
[ 2026-05-26 16:57:42,449] 24 root - INFO - Match heuristic business names to paybill payments
[ 2026-05-26 16:57:42,449] 173 root - INFO - Data transformation complete
[ 2026-05-26 16:57:42,449] 48 root - INFO - Started Regular Expression mapping
[ 2026-05-26 16:57:42,449] 173 root - INFO - Data transformation complete
[ 2026-05-26 16:57:42,451] 48 root - INFO - Started Regular Expression mapping
[ 2026-05-26 16:57:42,451] 24 root - INFO - Match heuristic business names to paybill payments
[ 2026-05-26 16:57:42,451] 173 root - INFO - Data transformation complete
[ 2026-05-26 16:57:42,451] 48 root - INFO - Started Regular Expression mapping
[ 2026-05-26 16:57:42,451] 24 root - INFO - Match heuristic business names to paybill payments
[ 2026-05-26 16:57:42,451] 173 root - INFO - Data transformation complete
[ 2026-05-26 16:57:42,451] 48 root - INFO - Started Regular Expression mapping
[ 2026-05-26 16:57:42,451] 24 root - INFO - Match heuristic business names to paybill payments
[ 2026-05-26 16:57:42,451] 173 root - INFO - Data transformation complete
[ 2026-05-26 16:57:42,451] 48 root - INFO - Started Regular Expression mapping
[ 2026-05-26 16:57:42,451] 173 root - INFO - Data transformation complete
[ 2026-05-26 16:57:42,453] 48 root - INFO - Started Regular Expression mapping
[ 2026-05-26 16:57:42,453] 173 root - INFO - Data transformation complete
[ 2026-05-26 16:57:42,453] 48 root - INFO - Started Regular Expression mapping
[ 2026-05-26 16:57:42,453] 173 root - INFO - Data transformation complete
[ 2026-05-26 16:57:42,453] 48 root - INFO - Started Regular Expression mapping
[ 2026-05-26 16:57:42,453] 173 root - INFO - Data transformation complete
[ 2026-05-26 16:57:42,453] 48 root - INFO - Started Regular Expression mapping
[ 2026-05-26 16:57:42,453] 24 root - INFO - Match heuristic business names to paybill payments
[ 2026-05-26 16:57:42,454] 173 root - INFO - Data transformation complete
[ 2026-05-26 16:57:42,454] 48 root - INFO - Started Regular Expression mapping
[ 2026-05-26 16:57:42,454] 173 root - INFO - Data transformation complete
[ 2026-05-26 16:57:42,454] 48 root - INFO - Started Regular Expression mapping
[ 2026-05-26 16:57:42,454] 173 root - INFO - Data transformation complete
[ 2026-05-26 16:57:42,454] 48 root - INFO - Started Regular Expression mapping
[ 2026-05-26 16:57:42,454] 24 root - INFO - Match heuristic business names to paybill payments
[ 2026-05-26 16:57:42,454] 173 root - INFO - Data transformation complete
[ 2026-05-26 16:57:42,454] 48 root - INFO - Started Regular Expression mapping
[ 2026-05-26 16:57:42,457] 173 root - INFO - Data transformation complete
[ 2026-05-26 16:57:42,457] 48 root - INFO - Started Regular Expression mapping
[ 2026-05-26 16:57:42,457] 24 root - INFO - Match heuristic business names to paybill payments
[ 2026-05-26 16:57:42,457] 173 root - INFO - Data transformation complete
[ 2026-05-26 16:57:42,457] 48 root - INFO - Started Regular Expression mapping
[ 2026-05-26 16:57:42,457] 173 root - INFO - Data transformation complete
[ 2026-05-26 16:57:42,457] 48 root - INFO - Started Regular Expression mapping
[ 2026-05-26 16:57:42,457] 173 root - INFO - Data transformation complete
[ 2026-05-26 16:57:42,457] 48 root - INFO - Started Regular Expression mapping
[ 2026-05-26 16:57:42,457] 173 root - INFO - Data transformation complete
[ 2026-05-26 16:57:42,457] 48 root - INFO - Started Regular Expression mapping
[ 2026-05-26 16:57:42,459] 173 root - INFO - Data transformation complete
[ 2026-05-26 16:57:42,459] 48 root - INFO - Started Regular Expression mapping
[ 2026-05-26 16:57:42,459] 173 root - INFO - Data transformation complete
[ 2026-05-26 16:57:42,459] 48 root - INFO - Started Regular Expression mapping
[ 2026-05-26 16:57:42,459] 173 root - INFO - Data transformation complete
[ 2026-05-26 16:57:42,459] 48 root - INFO - Started Regular Expression mapping
[ 2026-05-26 16:57:42,459] 24 root - INFO - Match heuristic business names to paybill payments
[ 2026-05-26 16:57:42,459] 173 root - INFO - Data transformation complete
[ 2026-05-26 16:57:42,459] 48 root - INFO - Started Regular Expression mapping
[ 2026-05-26 16:57:42,459] 173 root - INFO - Data transformation complete
[ 2026-05-26 16:57:42,459] 48 root - INFO - Started Regular Expression mapping
[ 2026-05-26 16:57:42,459] 173 root - INFO - Data transformation complete
[ 2026-05-26 16:57:42,459] 48 root - INFO - Started Regular Expression mapping
[ 2026-05-26 16:57:42,459] 173 root - INFO - Data transformation complete
[ 2026-05-26 16:57:42,459] 48 root - INFO - Started Regular Expression mapping
[ 2026-05-26 16:57:42,459] 173 root - INFO - Data transformation complete
[ 2026-05-26 16:57:42,459] 48 root - INFO - Started Regular Expression mapping
[ 2026-05-26 16:57:42,459] 173 root - INFO - Data transformation complete
[ 2026-05-26 16:57:42,459] 48 root - INFO - Started Regular Expression mapping
[ 2026-05-26 16:57:42,459] 173 root - INFO - Data transformation complete
[ 2026-05-26 16:57:42,459] 48 root - INFO - Started Regular Expression mapping
[ 2026-05-26 16:57:42,459] 24 root - INFO - Match heuristic business names to paybill payments
[ 2026-05-26 16:57:42,459] 173 root - INFO - Data transformation complete
[ 2026-05-26 16:57:42,459] 48 root - INFO - Started Regular Expression mapping
[ 2026-05-26 16:57:42,459] 24 root - INFO - Match heuristic business names to paybill payments
[ 2026-05-26 16:57:42,459] 173 root - INFO - Data transformation complete
[ 2026-05-26 16:57:42,459] 48 root - INFO - Started Regular Expression mapping
[ 2026-05-26 16:57:42,459] 173 root - INFO - Data transformation complete
[ 2026-05-26 16:57:42,459] 48 root - INFO - Started Regular Expression mapping
[ 2026-05-26 16:57:42,465] 173 root - INFO - Data transformation complete
[ 2026-05-26 16:57:42,465] 48 root - INFO - Started Regular Expression mapping
[ 2026-05-26 16:57:42,465] 24 root - INFO - Match heuristic business names to paybill payments
[ 2026-05-26 16:57:42,465] 173 root - INFO - Data transformation complete
[ 2026-05-26 16:57:42,465] 48 root - INFO - Started Regular Expression mapping
[ 2026-05-26 16:57:42,465] 173 root - INFO - Data transformation complete
[ 2026-05-26 16:57:42,465] 48 root - INFO - Started Regular Expression mapping
[ 2026-05-26 16:57:42,465] 173 root - INFO - Data transformation complete
[ 2026-05-26 16:57:42,465] 48 root - INFO - Started Regular Expression mapping
[ 2026-05-26 16:57:42,465] 24 root - INFO - Match heuristic business names to paybill payments
[ 2026-05-26 16:57:42,465] 173 root - INFO - Data transformation complete
[ 2026-05-26 16:57:42,465] 48 root - INFO - Started Regular Expression mapping
[ 2026-05-26 16:57:42,465] 24 root - INFO - Match heuristic business names to paybill payments
[ 2026-05-26 16:57:42,465] 173 root - INFO - Data transformation complete
[ 2026-05-26 16:57:42,465] 48 root - INFO - Started Regular Expression mapping
[ 2026-05-26 16:57:42,465] 173 root - INFO - Data transformation complete
[ 2026-05-26 16:57:42,465] 48 root - INFO - Started Regular Expression mapping
[ 2026-05-26 16:57:42,465] 173 root - INFO - Data transformation complete
[ 2026-05-26 16:57:42,465] 48 root - INFO - Started Regular Expression mapping
[ 2026-05-26 16:57:42,465] 173 root - INFO - Data transformation complete
[ 2026-05-26 16:57:42,465] 48 root - INFO - Started Regular Expression mapping
[ 2026-05-26 16:57:42,465] 173 root - INFO - Data transformation complete
[ 2026-05-26 16:57:42,465] 48 root - INFO - Started Regular Expression mapping
[ 2026-05-26 16:57:42,465] 173 root - INFO - Data transformation complete
[ 2026-05-26 16:57:42,465] 48 root - INFO - Started Regular Expression mapping
[ 2026-05-26 16:57:42,465] 173 root - INFO - Data transformation complete
[ 2026-05-26 16:57:42,465] 48 root - INFO - Started Regular Expression mapping
[ 2026-05-26 16:57:42,465] 173 root - INFO - Data transformation complete
[ 2026-05-26 16:57:42,465] 48 root - INFO - Started Regular Expression mapping
[ 2026-05-26 16:57:42,465] 173 root - INFO - Data transformation complete
[ 2026-05-26 16:57:42,465] 48 root - INFO - Started Regular Expression mapping
[ 2026-05-26 16:57:42,471] 173 root - INFO - Data transformation complete
[ 2026-05-26 16:57:42,471] 48 root - INFO - Started Regular Expression mapping
[ 2026-05-26 16:57:42,471] 173 root - INFO - Data transformation complete
[ 2026-05-26 16:57:42,471] 48 root - INFO - Started Regular Expression mapping
[ 2026-05-26 16:57:42,471] 24 root - INFO - Match heuristic business names to paybill payments
[ 2026-05-26 16:57:42,471] 173 root - INFO - Data transformation complete
[ 2026-05-26 16:57:42,471] 48 root - INFO - Started Regular Expression mapping
[ 2026-05-26 16:57:42,471] 24 root - INFO - Match heuristic business names to paybill payments
[ 2026-05-26 16:57:42,471] 173 root - INFO - Data transformation complete
[ 2026-05-26 16:57:42,471] 48 root - INFO - Started Regular Expression mapping
[ 2026-05-26 16:57:42,474] 173 root - INFO - Data transformation complete
[ 2026-05-26 16:57:42,474] 48 root - INFO - Started Regular Expression mapping
[ 2026-05-26 16:57:42,474] 173 root - INFO - Data transformation complete
[ 2026-05-26 16:57:42,474] 48 root - INFO - Started Regular Expression mapping
[ 2026-05-26 16:57:42,474] 173 root - INFO - Data transformation complete
[ 2026-05-26 16:57:42,474] 48 root - INFO - Started Regular Expression mapping
[ 2026-05-26 16:57:42,474] 173 root - INFO - Data transformation complete
[ 2026-05-26 16:57:42,474] 48 root - INFO - Started Regular Expression mapping
[ 2026-05-26 16:57:42,474] 173 root - INFO - Data transformation complete
[ 2026-05-26 16:57:42,474] 48 root - INFO - Started Regular Expression mapping
[ 2026-05-26 16:57:42,474] 173 root - INFO - Data transformation complete
[ 2026-05-26 16:57:42,476] 48 root - INFO - Started Regular Expression mapping
[ 2026-05-26 16:57:42,476] 173 root - INFO - Data transformation complete
[ 2026-05-26 16:57:42,476] 48 root - INFO - Started Regular Expression mapping
[ 2026-05-26 16:57:42,476] 173 root - INFO - Data transformation complete
[ 2026-05-26 16:57:42,476] 48 root - INFO - Started Regular Expression mapping
[ 2026-05-26 16:57:42,476] 24 root - INFO - Match heuristic business names to paybill payments
[ 2026-05-26 16:57:42,476] 173 root - INFO - Data transformation complete
[ 2026-05-26 16:57:42,476] 48 root - INFO - Started Regular Expression mapping
[ 2026-05-26 16:57:42,476] 24 root - INFO - Match heuristic business names to paybill payments
[ 2026-05-26 16:57:42,476] 173 root - INFO - Data transformation complete
[ 2026-05-26 16:57:42,476] 48 root - INFO - Started Regular Expression mapping
[ 2026-05-26 16:57:42,478] 173 root - INFO - Data transformation complete
[ 2026-05-26 16:57:42,478] 48 root - INFO - Started Regular Expression mapping
[ 2026-05-26 16:57:42,478] 173 root - INFO - Data transformation complete
[ 2026-05-26 16:57:42,478] 48 root - INFO - Started Regular Expression mapping
[ 2026-05-26 16:57:42,478] 173 root - INFO - Data transformation complete
[ 2026-05-26 16:57:42,478] 48 root - INFO - Started Regular Expression mapping
[ 2026-05-26 16:57:42,478] 173 root - INFO - Data transformation complete
[ 2026-05-26 16:57:42,478] 48 root - INFO - Started Regular Expression mapping
[ 2026-05-26 16:57:42,478] 173 root - INFO - Data transformation complete
[ 2026-05-26 16:57:42,478] 48 root - INFO - Started Regular Expression mapping
[ 2026-05-26 16:57:42,478] 24 root - INFO - Match heuristic business names to paybill payments
[ 2026-05-26 16:57:42,480] 173 root - INFO - Data transformation complete
[ 2026-05-26 16:57:42,480] 48 root - INFO - Started Regular Expression mapping
[ 2026-05-26 16:57:42,480] 173 root - INFO - Data transformation complete
[ 2026-05-26 16:57:42,480] 48 root - INFO - Started Regular Expression mapping
[ 2026-05-26 16:57:42,480] 173 root - INFO - Data transformation complete
[ 2026-05-26 16:57:42,481] 48 root - INFO - Started Regular Expression mapping
[ 2026-05-26 16:57:42,481] 24 root - INFO - Match heuristic business names to paybill payments
[ 2026-05-26 16:57:42,481] 173 root - INFO - Data transformation complete
[ 2026-05-26 16:57:42,481] 48 root - INFO - Started Regular Expression mapping
[ 2026-05-26 16:57:42,481] 24 root - INFO - Match heuristic business names to paybill payments
[ 2026-05-26 16:57:42,481] 173 root - INFO - Data transformation complete
[ 2026-05-26 16:57:42,481] 48 root - INFO - Started Regular Expression mapping
[ 2026-05-26 16:57:42,481] 173 root - INFO - Data transformation complete
[ 2026-05-26 16:57:42,481] 48 root - INFO - Started Regular Expression mapping
[ 2026-05-26 16:57:42,481] 24 root - INFO - Match heuristic business names to paybill payments
[ 2026-05-26 16:57:42,481] 173 root - INFO - Data transformation complete
[ 2026-05-26 16:57:42,481] 48 root - INFO - Started Regular Expression mapping
[ 2026-05-26 16:57:42,481] 24 root - INFO - Match heuristic business names to paybill payments
[ 2026-05-26 16:57:42,481] 173 root - INFO - Data transformation complete
[ 2026-05-26 16:57:42,481] 48 root - INFO - Started Regular Expression mapping
[ 2026-05-26 16:57:42,481] 173 root - INFO - Data transformation complete
[ 2026-05-26 16:57:42,481] 48 root - INFO - Started Regular Expression mapping
[ 2026-05-26 16:57:42,481] 173 root - INFO - Data transformation complete
[ 2026-05-26 16:57:42,481] 48 root - INFO - Started Regular Expression mapping
[ 2026-05-26 16:57:42,481] 173 root - INFO - Data transformation complete
[ 2026-05-26 16:57:42,481] 48 root - INFO - Started Regular Expression mapping
[ 2026-05-26 16:57:42,481] 173 root - INFO - Data transformation complete
[ 2026-05-26 16:57:42,481] 48 root - INFO - Started Regular Expression mapping
[ 2026-05-26 16:57:42,481] 24 root - INFO - Match heuristic business names to paybill payments
[ 2026-05-26 16:57:42,481] 173 root - INFO - Data transformation complete
[ 2026-05-26 16:57:42,481] 48 root - INFO - Started Regular Expression mapping
[ 2026-05-26 16:57:42,481] 173 root - INFO - Data transformation complete
[ 2026-05-26 16:57:42,481] 48 root - INFO - Started Regular Expression mapping
[ 2026-05-26 16:57:42,481] 173 root - INFO - Data transformation complete
[ 2026-05-26 16:57:42,481] 48 root - INFO - Started Regular Expression mapping
[ 2026-05-26 16:57:42,481] 24 root - INFO - Match heuristic business names to paybill payments
[ 2026-05-26 16:57:42,481] 173 root - INFO - Data transformation complete
[ 2026-05-26 16:57:42,481] 48 root - INFO - Started Regular Expression mapping
[ 2026-05-26 16:57:42,481] 173 root - INFO - Data transformation complete
[ 2026-05-26 16:57:42,481] 48 root - INFO - Started Regular Expression mapping
[ 2026-05-26 16:57:42,481] 24 root - INFO - Match heuristic business names to paybill payments
[ 2026-05-26 16:57:42,481] 173 root - INFO - Data transformation complete
[ 2026-05-26 16:57:42,481] 48 root - INFO - Started Regular Expression mapping
[ 2026-05-26 16:57:42,481] 24 root - INFO - Match heuristic business names to paybill payments
[ 2026-05-26 16:57:42,481] 173 root - INFO - Data transformation complete
[ 2026-05-26 16:57:42,481] 48 root - INFO - Started Regular Expression mapping
[ 2026-05-26 16:57:42,481] 173 root - INFO - Data transformation complete
[ 2026-05-26 16:57:42,481] 48 root - INFO - Started Regular Expression mapping
[ 2026-05-26 16:57:42,481] 173 root - INFO - Data transformation complete
[ 2026-05-26 16:57:42,481] 48 root - INFO - Started Regular Expression mapping
[ 2026-05-26 16:57:42,481] 24 root - INFO - Match heuristic business names to paybill payments
[ 2026-05-26 16:57:42,481] 173 root - INFO - Data transformation complete
[ 2026-05-26 16:57:42,481] 48 root - INFO - Started Regular Expression mapping
[ 2026-05-26 16:57:42,481] 24 root - INFO - Match heuristic business names to paybill payments
[ 2026-05-26 16:57:42,481] 173 root - INFO - Data transformation complete
[ 2026-05-26 16:57:42,481] 48 root - INFO - Started Regular Expression mapping
[ 2026-05-26 16:57:42,481] 173 root - INFO - Data transformation complete
[ 2026-05-26 16:57:42,481] 48 root - INFO - Started Regular Expression mapping
[ 2026-05-26 16:57:42,481] 173 root - INFO - Data transformation complete
[ 2026-05-26 16:57:42,481] 48 root - INFO - Started Regular Expression mapping
[ 2026-05-26 16:57:42,481] 173 root - INFO - Data transformation complete
[ 2026-05-26 16:57:42,481] 48 root - INFO - Started Regular Expression mapping
[ 2026-05-26 16:57:42,481] 173 root - INFO - Data transformation complete
[ 2026-05-26 16:57:42,481] 48 root - INFO - Started Regular Expression mapping
[ 2026-05-26 16:57:42,481] 173 root - INFO - Data transformation complete
[ 2026-05-26 16:57:42,481] 48 root - INFO - Started Regular Expression mapping
[ 2026-05-26 16:57:42,481] 173 root - INFO - Data transformation complete
[ 2026-05-26 16:57:42,481] 48 root - INFO - Started Regular Expression mapping
[ 2026-05-26 16:57:42,481] 173 root - INFO - Data transformation complete
[ 2026-05-26 16:57:42,481] 48 root - INFO - Started Regular Expression mapping
[ 2026-05-26 16:57:42,481] 173 root - INFO - Data transformation complete
[ 2026-05-26 16:57:42,481] 48 root - INFO - Started Regular Expression mapping
[ 2026-05-26 16:57:42,481] 173 root - INFO - Data transformation complete
[ 2026-05-26 16:57:42,481] 48 root - INFO - Started Regular Expression mapping
[ 2026-05-26 16:57:42,481] 173 root - INFO - Data transformation complete
[ 2026-05-26 16:57:42,481] 48 root - INFO - Started Regular Expression mapping
[ 2026-05-26 16:57:42,481] 173 root - INFO - Data transformation complete
[ 2026-05-26 16:57:42,481] 48 root - INFO - Started Regular Expression mapping
[ 2026-05-26 16:57:42,481] 173 root - INFO - Data transformation complete
[ 2026-05-26 16:57:42,481] 48 root - INFO - Started Regular Expression mapping
[ 2026-05-26 16:57:42,481] 173 root - INFO - Data transformation complete
[ 2026-05-26 16:57:42,481] 48 root - INFO - Started Regular Expression mapping
[ 2026-05-26 16:57:42,497] 173 root - INFO - Data transformation complete
[ 2026-05-26 16:57:42,497] 48 root - INFO - Started Regular Expression mapping
[ 2026-05-26 16:57:42,497] 173 root - INFO - Data transformation complete
[ 2026-05-26 16:57:42,497] 48 root - INFO - Started Regular Expression mapping
[ 2026-05-26 16:57:42,497] 173 root - INFO - Data transformation complete
[ 2026-05-26 16:57:42,497] 48 root - INFO - Started Regular Expression mapping
[ 2026-05-26 16:57:42,497] 173 root - INFO - Data transformation complete
[ 2026-05-26 16:57:42,497] 48 root - INFO - Started Regular Expression mapping
[ 2026-05-26 16:57:42,497] 173 root - INFO - Data transformation complete
[ 2026-05-26 16:57:42,497] 48 root - INFO - Started Regular Expression mapping
[ 2026-05-26 16:57:42,497] 173 root - INFO - Data transformation complete
[ 2026-05-26 16:57:42,497] 48 root - INFO - Started Regular Expression mapping
[ 2026-05-26 16:57:42,497] 24 root - INFO - Match heuristic business names to paybill payments
[ 2026-05-26 16:57:42,497] 173 root - INFO - Data transformation complete
[ 2026-05-26 16:57:42,497] 48 root - INFO - Started Regular Expression mapping
[ 2026-05-26 16:57:42,497] 24 root - INFO - Match heuristic business names to paybill payments
[ 2026-05-26 16:57:42,497] 173 root - INFO - Data transformation complete
[ 2026-05-26 16:57:42,497] 48 root - INFO - Started Regular Expression mapping
[ 2026-05-26 16:57:42,497] 173 root - INFO - Data transformation complete
[ 2026-05-26 16:57:42,497] 48 root - INFO - Started Regular Expression mapping
[ 2026-05-26 16:57:42,497] 24 root - INFO - Match heuristic business names to paybill payments
[ 2026-05-26 16:57:42,497] 173 root - INFO - Data transformation complete
[ 2026-05-26 16:57:42,497] 48 root - INFO - Started Regular Expression mapping
[ 2026-05-26 16:57:42,497] 173 root - INFO - Data transformation complete
[ 2026-05-26 16:57:42,497] 48 root - INFO - Started Regular Expression mapping
[ 2026-05-26 16:57:42,497] 173 root - INFO - Data transformation complete
[ 2026-05-26 16:57:42,497] 48 root - INFO - Started Regular Expression mapping
[ 2026-05-26 16:57:42,497] 173 root - INFO - Data transformation complete
[ 2026-05-26 16:57:42,497] 48 root - INFO - Started Regular Expression mapping
[ 2026-05-26 16:57:42,497] 173 root - INFO - Data transformation complete
[ 2026-05-26 16:57:42,497] 48 root - INFO - Started Regular Expression mapping
[ 2026-05-26 16:57:42,497] 173 root - INFO - Data transformation complete
[ 2026-05-26 16:57:42,497] 48 root - INFO - Started Regular Expression mapping
[ 2026-05-26 16:57:42,497] 173 root - INFO - Data transformation complete
[ 2026-05-26 16:57:42,497] 48 root - INFO - Started Regular Expression mapping
[ 2026-05-26 16:57:42,497] 24 root - INFO - Match heuristic business names to paybill payments
[ 2026-05-26 16:57:42,497] 173 root - INFO - Data transformation complete
[ 2026-05-26 16:57:42,497] 48 root - INFO - Started Regular Expression mapping
[ 2026-05-26 16:57:42,497] 24 root - INFO - Match heuristic business names to paybill payments
[ 2026-05-26 16:57:42,497] 173 root - INFO - Data transformation complete
[ 2026-05-26 16:57:42,497] 48 root - INFO - Started Regular Expression mapping
[ 2026-05-26 16:57:42,497] 24 root - INFO - Match heuristic business names to paybill payments
[ 2026-05-26 16:57:42,497] 173 root - INFO - Data transformation complete
[ 2026-05-26 16:57:42,497] 48 root - INFO - Started Regular Expression mapping
[ 2026-05-26 16:57:42,497] 24 root - INFO - Match heuristic business names to paybill payments
[ 2026-05-26 16:57:42,497] 173 root - INFO - Data transformation complete
[ 2026-05-26 16:57:42,497] 48 root - INFO - Started Regular Expression mapping
[ 2026-05-26 16:57:42,497] 173 root - INFO - Data transformation complete
[ 2026-05-26 16:57:42,497] 48 root - INFO - Started Regular Expression mapping
[ 2026-05-26 16:57:42,497] 173 root - INFO - Data transformation complete
[ 2026-05-26 16:57:42,497] 48 root - INFO - Started Regular Expression mapping
[ 2026-05-26 16:57:42,497] 173 root - INFO - Data transformation complete
[ 2026-05-26 16:57:42,497] 48 root - INFO - Started Regular Expression mapping
[ 2026-05-26 16:57:42,497] 173 root - INFO - Data transformation complete
[ 2026-05-26 16:57:42,497] 48 root - INFO - Started Regular Expression mapping
[ 2026-05-26 16:57:42,497] 24 root - INFO - Match heuristic business names to paybill payments
[ 2026-05-26 16:57:42,497] 173 root - INFO - Data transformation complete
[ 2026-05-26 16:57:42,497] 48 root - INFO - Started Regular Expression mapping
[ 2026-05-26 16:57:42,497] 24 root - INFO - Match heuristic business names to paybill payments
[ 2026-05-26 16:57:42,497] 173 root - INFO - Data transformation complete
[ 2026-05-26 16:57:42,497] 48 root - INFO - Started Regular Expression mapping
[ 2026-05-26 16:57:42,497] 173 root - INFO - Data transformation complete
[ 2026-05-26 16:57:42,497] 48 root - INFO - Started Regular Expression mapping
[ 2026-05-26 16:57:42,497] 173 root - INFO - Data transformation complete
[ 2026-05-26 16:57:42,497] 48 root - INFO - Started Regular Expression mapping
[ 2026-05-26 16:57:42,497] 173 root - INFO - Data transformation complete
[ 2026-05-26 16:57:42,497] 48 root - INFO - Started Regular Expression mapping
[ 2026-05-26 16:57:42,497] 173 root - INFO - Data transformation complete
[ 2026-05-26 16:57:42,497] 48 root - INFO - Started Regular Expression mapping
[ 2026-05-26 16:57:42,497] 173 root - INFO - Data transformation complete
[ 2026-05-26 16:57:42,497] 48 root - INFO - Started Regular Expression mapping
[ 2026-05-26 16:57:42,497] 24 root - INFO - Match heuristic business names to paybill payments
[ 2026-05-26 16:57:42,497] 173 root - INFO - Data transformation complete
[ 2026-05-26 16:57:42,497] 48 root - INFO - Started Regular Expression mapping
[ 2026-05-26 16:57:42,497] 24 root - INFO - Match heuristic business names to paybill payments
[ 2026-05-26 16:57:42,497] 173 root - INFO - Data transformation complete
[ 2026-05-26 16:57:42,497] 48 root - INFO - Started Regular Expression mapping
[ 2026-05-26 16:57:42,497] 24 root - INFO - Match heuristic business names to paybill payments
[ 2026-05-26 16:57:42,497] 173 root - INFO - Data transformation complete
[ 2026-05-26 16:57:42,497] 48 root - INFO - Started Regular Expression mapping
[ 2026-05-26 16:57:42,497] 173 root - INFO - Data transformation complete
[ 2026-05-26 16:57:42,497] 48 root - INFO - Started Regular Expression mapping
[ 2026-05-26 16:57:42,513] 173 root - INFO - Data transformation complete
[ 2026-05-26 16:57:42,514] 48 root - INFO - Started Regular Expression mapping
[ 2026-05-26 16:57:42,514] 24 root - INFO - Match heuristic business names to paybill payments
[ 2026-05-26 16:57:42,514] 173 root - INFO - Data transformation complete
[ 2026-05-26 16:57:42,514] 48 root - INFO - Started Regular Expression mapping
[ 2026-05-26 16:57:42,516] 173 root - INFO - Data transformation complete
[ 2026-05-26 16:57:42,516] 48 root - INFO - Started Regular Expression mapping
[ 2026-05-26 16:57:42,516] 173 root - INFO - Data transformation complete
[ 2026-05-26 16:57:42,516] 48 root - INFO - Started Regular Expression mapping
[ 2026-05-26 16:57:42,516] 173 root - INFO - Data transformation complete
[ 2026-05-26 16:57:42,516] 48 root - INFO - Started Regular Expression mapping
[ 2026-05-26 16:57:42,516] 173 root - INFO - Data transformation complete
[ 2026-05-26 16:57:42,516] 48 root - INFO - Started Regular Expression mapping
[ 2026-05-26 16:57:42,516] 173 root - INFO - Data transformation complete
[ 2026-05-26 16:57:42,516] 48 root - INFO - Started Regular Expression mapping
[ 2026-05-26 16:57:42,516] 173 root - INFO - Data transformation complete
[ 2026-05-26 16:57:42,518] 48 root - INFO - Started Regular Expression mapping
[ 2026-05-26 16:57:42,518] 173 root - INFO - Data transformation complete
[ 2026-05-26 16:57:42,518] 48 root - INFO - Started Regular Expression mapping
[ 2026-05-26 16:57:42,518] 24 root - INFO - Match heuristic business names to paybill payments
[ 2026-05-26 16:57:42,518] 173 root - INFO - Data transformation complete
[ 2026-05-26 16:57:42,518] 48 root - INFO - Started Regular Expression mapping
[ 2026-05-26 16:57:42,518] 173 root - INFO - Data transformation complete
[ 2026-05-26 16:57:42,518] 48 root - INFO - Started Regular Expression mapping
[ 2026-05-26 16:57:42,518] 173 root - INFO - Data transformation complete
[ 2026-05-26 16:57:42,518] 48 root - INFO - Started Regular Expression mapping
[ 2026-05-26 16:57:42,518] 24 root - INFO - Match heuristic business names to paybill payments
[ 2026-05-26 16:57:42,520] 173 root - INFO - Data transformation complete
[ 2026-05-26 16:57:42,520] 48 root - INFO - Started Regular Expression mapping
[ 2026-05-26 16:57:42,520] 173 root - INFO - Data transformation complete
[ 2026-05-26 16:57:42,520] 48 root - INFO - Started Regular Expression mapping
[ 2026-05-26 16:57:42,520] 173 root - INFO - Data transformation complete
[ 2026-05-26 16:57:42,520] 48 root - INFO - Started Regular Expression mapping
[ 2026-05-26 16:57:42,521] 24 root - INFO - Match heuristic business names to paybill payments
[ 2026-05-26 16:57:42,522] 173 root - INFO - Data transformation complete
[ 2026-05-26 16:57:42,522] 48 root - INFO - Started Regular Expression mapping
[ 2026-05-26 16:57:42,522] 173 root - INFO - Data transformation complete
[ 2026-05-26 16:57:42,522] 48 root - INFO - Started Regular Expression mapping
[ 2026-05-26 16:57:42,522] 24 root - INFO - Match heuristic business names to paybill payments
[ 2026-05-26 16:57:42,522] 173 root - INFO - Data transformation complete
[ 2026-05-26 16:57:42,522] 48 root - INFO - Started Regular Expression mapping
[ 2026-05-26 16:57:42,522] 173 root - INFO - Data transformation complete
[ 2026-05-26 16:57:42,522] 48 root - INFO - Started Regular Expression mapping
[ 2026-05-26 16:57:42,522] 173 root - INFO - Data transformation complete
[ 2026-05-26 16:57:42,522] 48 root - INFO - Started Regular Expression mapping
[ 2026-05-26 16:57:42,522] 173 root - INFO - Data transformation complete
[ 2026-05-26 16:57:42,522] 48 root - INFO - Started Regular Expression mapping
[ 2026-05-26 16:57:42,522] 173 root - INFO - Data transformation complete
[ 2026-05-26 16:57:42,522] 48 root - INFO - Started Regular Expression mapping
[ 2026-05-26 16:57:42,522] 24 root - INFO - Match heuristic business names to paybill payments
[ 2026-05-26 16:57:42,522] 173 root - INFO - Data transformation complete
[ 2026-05-26 16:57:42,522] 48 root - INFO - Started Regular Expression mapping
[ 2026-05-26 16:57:42,522] 24 root - INFO - Match heuristic business names to paybill payments
[ 2026-05-26 16:57:42,522] 173 root - INFO - Data transformation complete
[ 2026-05-26 16:57:42,522] 48 root - INFO - Started Regular Expression mapping
[ 2026-05-26 16:57:42,522] 24 root - INFO - Match heuristic business names to paybill payments
[ 2026-05-26 16:57:42,522] 173 root - INFO - Data transformation complete
[ 2026-05-26 16:57:42,522] 48 root - INFO - Started Regular Expression mapping
[ 2026-05-26 16:57:42,522] 173 root - INFO - Data transformation complete
[ 2026-05-26 16:57:42,522] 48 root - INFO - Started Regular Expression mapping
[ 2026-05-26 16:57:42,522] 173 root - INFO - Data transformation complete
[ 2026-05-26 16:57:42,522] 48 root - INFO - Started Regular Expression mapping
[ 2026-05-26 16:57:42,522] 173 root - INFO - Data transformation complete
[ 2026-05-26 16:57:42,522] 48 root - INFO - Started Regular Expression mapping
[ 2026-05-26 16:57:42,522] 24 root - INFO - Match heuristic business names to paybill payments
[ 2026-05-26 16:57:42,522] 173 root - INFO - Data transformation complete
[ 2026-05-26 16:57:42,522] 48 root - INFO - Started Regular Expression mapping
[ 2026-05-26 16:57:42,522] 24 root - INFO - Match heuristic business names to paybill payments
[ 2026-05-26 16:57:42,522] 173 root - INFO - Data transformation complete
[ 2026-05-26 16:57:42,522] 48 root - INFO - Started Regular Expression mapping
[ 2026-05-26 16:57:42,522] 173 root - INFO - Data transformation complete
[ 2026-05-26 16:57:42,522] 48 root - INFO - Started Regular Expression mapping
[ 2026-05-26 16:57:42,522] 173 root - INFO - Data transformation complete
[ 2026-05-26 16:57:42,522] 48 root - INFO - Started Regular Expression mapping
[ 2026-05-26 16:57:42,522] 173 root - INFO - Data transformation complete
[ 2026-05-26 16:57:42,522] 48 root - INFO - Started Regular Expression mapping
[ 2026-05-26 16:57:42,531] 173 root - INFO - Data transformation complete
[ 2026-05-26 16:57:42,531] 48 root - INFO - Started Regular Expression mapping
[ 2026-05-26 16:57:42,531] 173 root - INFO - Data transformation complete
[ 2026-05-26 16:57:42,531] 48 root - INFO - Started Regular Expression mapping
[ 2026-05-26 16:57:42,531] 24 root - INFO - Match heuristic business names to paybill payments
[ 2026-05-26 16:57:42,531] 173 root - INFO - Data transformation complete
[ 2026-05-26 16:57:42,531] 48 root - INFO - Started Regular Expression mapping
[ 2026-05-26 16:57:42,531] 24 root - INFO - Match heuristic business names to paybill payments
[ 2026-05-26 16:57:42,531] 173 root - INFO - Data transformation complete
[ 2026-05-26 16:57:42,531] 48 root - INFO - Started Regular Expression mapping
[ 2026-05-26 16:57:42,531] 173 root - INFO - Data transformation complete
[ 2026-05-26 16:57:42,531] 48 root - INFO - Started Regular Expression mapping
[ 2026-05-26 16:57:42,531] 173 root - INFO - Data transformation complete
[ 2026-05-26 16:57:42,531] 48 root - INFO - Started Regular Expression mapping
[ 2026-05-26 16:57:42,531] 24 root - INFO - Match heuristic business names to paybill payments
[ 2026-05-26 16:57:42,531] 173 root - INFO - Data transformation complete
[ 2026-05-26 16:57:42,531] 48 root - INFO - Started Regular Expression mapping
[ 2026-05-26 16:57:42,531] 173 root - INFO - Data transformation complete
[ 2026-05-26 16:57:42,531] 48 root - INFO - Started Regular Expression mapping
[ 2026-05-26 16:57:42,531] 173 root - INFO - Data transformation complete
[ 2026-05-26 16:57:42,531] 48 root - INFO - Started Regular Expression mapping
[ 2026-05-26 16:57:42,531] 173 root - INFO - Data transformation complete
[ 2026-05-26 16:57:42,531] 48 root - INFO - Started Regular Expression mapping
[ 2026-05-26 16:57:42,531] 173 root - INFO - Data transformation complete
[ 2026-05-26 16:57:42,531] 48 root - INFO - Started Regular Expression mapping
[ 2026-05-26 16:57:42,531] 173 root - INFO - Data transformation complete
[ 2026-05-26 16:57:42,531] 48 root - INFO - Started Regular Expression mapping
[ 2026-05-26 16:57:42,531] 24 root - INFO - Match heuristic business names to paybill payments
[ 2026-05-26 16:57:42,531] 173 root - INFO - Data transformation complete
[ 2026-05-26 16:57:42,531] 48 root - INFO - Started Regular Expression mapping
[ 2026-05-26 16:57:42,531] 173 root - INFO - Data transformation complete
[ 2026-05-26 16:57:42,531] 48 root - INFO - Started Regular Expression mapping
[ 2026-05-26 16:57:42,531] 24 root - INFO - Match heuristic business names to paybill payments
[ 2026-05-26 16:57:42,531] 173 root - INFO - Data transformation complete
[ 2026-05-26 16:57:42,531] 48 root - INFO - Started Regular Expression mapping
[ 2026-05-26 16:57:42,531] 173 root - INFO - Data transformation complete
[ 2026-05-26 16:57:42,531] 48 root - INFO - Started Regular Expression mapping
[ 2026-05-26 16:57:42,531] 173 root - INFO - Data transformation complete
[ 2026-05-26 16:57:42,538] 48 root - INFO - Started Regular Expression mapping
[ 2026-05-26 16:57:42,538] 173 root - INFO - Data transformation complete
[ 2026-05-26 16:57:42,538] 48 root - INFO - Started Regular Expression mapping
[ 2026-05-26 16:57:42,538] 24 root - INFO - Match heuristic business names to paybill payments
[ 2026-05-26 16:57:42,538] 173 root - INFO - Data transformation complete
[ 2026-05-26 16:57:42,539] 48 root - INFO - Started Regular Expression mapping
[ 2026-05-26 16:57:42,539] 173 root - INFO - Data transformation complete
[ 2026-05-26 16:57:42,539] 48 root - INFO - Started Regular Expression mapping
[ 2026-05-26 16:57:42,539] 24 root - INFO - Match heuristic business names to paybill payments
[ 2026-05-26 16:57:42,539] 173 root - INFO - Data transformation complete
[ 2026-05-26 16:57:42,539] 48 root - INFO - Started Regular Expression mapping
[ 2026-05-26 16:57:42,539] 173 root - INFO - Data transformation complete
[ 2026-05-26 16:57:42,539] 48 root - INFO - Started Regular Expression mapping
[ 2026-05-26 16:57:42,539] 173 root - INFO - Data transformation complete
[ 2026-05-26 16:57:42,539] 48 root - INFO - Started Regular Expression mapping
[ 2026-05-26 16:57:42,539] 173 root - INFO - Data transformation complete
[ 2026-05-26 16:57:42,539] 48 root - INFO - Started Regular Expression mapping
[ 2026-05-26 16:57:42,539] 173 root - INFO - Data transformation complete
[ 2026-05-26 16:57:42,539] 48 root - INFO - Started Regular Expression mapping
[ 2026-05-26 16:57:42,539] 24 root - INFO - Match heuristic business names to paybill payments
[ 2026-05-26 16:57:42,539] 173 root - INFO - Data transformation complete
[ 2026-05-26 16:57:42,539] 48 root - INFO - Started Regular Expression mapping
[ 2026-05-26 16:57:42,539] 173 root - INFO - Data transformation complete
[ 2026-05-26 16:57:42,539] 48 root - INFO - Started Regular Expression mapping
[ 2026-05-26 16:57:42,539] 24 root - INFO - Match heuristic business names to paybill payments
[ 2026-05-26 16:57:42,539] 173 root - INFO - Data transformation complete
[ 2026-05-26 16:57:42,539] 48 root - INFO - Started Regular Expression mapping
[ 2026-05-26 16:57:42,539] 173 root - INFO - Data transformation complete
[ 2026-05-26 16:57:42,539] 48 root - INFO - Started Regular Expression mapping
[ 2026-05-26 16:57:42,539] 173 root - INFO - Data transformation complete
[ 2026-05-26 16:57:42,539] 48 root - INFO - Started Regular Expression mapping
[ 2026-05-26 16:57:42,539] 24 root - INFO - Match heuristic business names to paybill payments
[ 2026-05-26 16:57:42,539] 173 root - INFO - Data transformation complete
[ 2026-05-26 16:57:42,539] 48 root - INFO - Started Regular Expression mapping
[ 2026-05-26 16:57:42,539] 24 root - INFO - Match heuristic business names to paybill payments
[ 2026-05-26 16:57:42,539] 173 root - INFO - Data transformation complete
[ 2026-05-26 16:57:42,539] 48 root - INFO - Started Regular Expression mapping
[ 2026-05-26 16:57:42,539] 24 root - INFO - Match heuristic business names to paybill payments
[ 2026-05-26 16:57:42,539] 173 root - INFO - Data transformation complete
[ 2026-05-26 16:57:42,539] 48 root - INFO - Started Regular Expression mapping
[ 2026-05-26 16:57:42,539] 173 root - INFO - Data transformation complete
[ 2026-05-26 16:57:42,539] 48 root - INFO - Started Regular Expression mapping
[ 2026-05-26 16:57:42,539] 173 root - INFO - Data transformation complete
[ 2026-05-26 16:57:42,539] 48 root - INFO - Started Regular Expression mapping
[ 2026-05-26 16:57:42,539] 24 root - INFO - Match heuristic business names to paybill payments
[ 2026-05-26 16:57:42,539] 173 root - INFO - Data transformation complete
[ 2026-05-26 16:57:42,539] 48 root - INFO - Started Regular Expression mapping
[ 2026-05-26 16:57:42,539] 173 root - INFO - Data transformation complete
[ 2026-05-26 16:57:42,539] 48 root - INFO - Started Regular Expression mapping
[ 2026-05-26 16:57:42,539] 173 root - INFO - Data transformation complete
[ 2026-05-26 16:57:42,539] 48 root - INFO - Started Regular Expression mapping
[ 2026-05-26 16:57:42,539] 173 root - INFO - Data transformation complete
[ 2026-05-26 16:57:42,539] 48 root - INFO - Started Regular Expression mapping
[ 2026-05-26 16:57:42,539] 173 root - INFO - Data transformation complete
[ 2026-05-26 16:57:42,539] 48 root - INFO - Started Regular Expression mapping
[ 2026-05-26 16:57:42,539] 24 root - INFO - Match heuristic business names to paybill payments
[ 2026-05-26 16:57:42,539] 173 root - INFO - Data transformation complete
[ 2026-05-26 16:57:42,539] 48 root - INFO - Started Regular Expression mapping
[ 2026-05-26 16:57:42,547] 173 root - INFO - Data transformation complete
[ 2026-05-26 16:57:42,547] 48 root - INFO - Started Regular Expression mapping
[ 2026-05-26 16:57:42,547] 173 root - INFO - Data transformation complete
[ 2026-05-26 16:57:42,547] 48 root - INFO - Started Regular Expression mapping
[ 2026-05-26 16:57:42,547] 173 root - INFO - Data transformation complete
[ 2026-05-26 16:57:42,547] 48 root - INFO - Started Regular Expression mapping
[ 2026-05-26 16:57:42,547] 24 root - INFO - Match heuristic business names to paybill payments
[ 2026-05-26 16:57:42,547] 173 root - INFO - Data transformation complete
[ 2026-05-26 16:57:42,547] 48 root - INFO - Started Regular Expression mapping
[ 2026-05-26 16:57:42,547] 173 root - INFO - Data transformation complete
[ 2026-05-26 16:57:42,547] 48 root - INFO - Started Regular Expression mapping
[ 2026-05-26 16:57:42,547] 173 root - INFO - Data transformation complete
[ 2026-05-26 16:57:42,547] 48 root - INFO - Started Regular Expression mapping
[ 2026-05-26 16:57:42,547] 24 root - INFO - Match heuristic business names to paybill payments
[ 2026-05-26 16:57:42,547] 173 root - INFO - Data transformation complete
[ 2026-05-26 16:57:42,547] 48 root - INFO - Started Regular Expression mapping
[ 2026-05-26 16:57:42,547] 24 root - INFO - Match heuristic business names to paybill payments
[ 2026-05-26 16:57:42,547] 173 root - INFO - Data transformation complete
[ 2026-05-26 16:57:42,547] 48 root - INFO - Started Regular Expression mapping
[ 2026-05-26 16:57:42,547] 173 root - INFO - Data transformation complete
[ 2026-05-26 16:57:42,547] 48 root - INFO - Started Regular Expression mapping
[ 2026-05-26 16:57:42,547] 173 root - INFO - Data transformation complete
[ 2026-05-26 16:57:42,547] 48 root - INFO - Started Regular Expression mapping
[ 2026-05-26 16:57:42,547] 173 root - INFO - Data transformation complete
[ 2026-05-26 16:57:42,547] 48 root - INFO - Started Regular Expression mapping
[ 2026-05-26 16:57:42,547] 173 root - INFO - Data transformation complete
[ 2026-05-26 16:57:42,547] 48 root - INFO - Started Regular Expression mapping
[ 2026-05-26 16:57:42,547] 24 root - INFO - Match heuristic business names to paybill payments
[ 2026-05-26 16:57:42,547] 173 root - INFO - Data transformation complete
[ 2026-05-26 16:57:42,547] 48 root - INFO - Started Regular Expression mapping
[ 2026-05-26 16:57:42,547] 173 root - INFO - Data transformation complete
[ 2026-05-26 16:57:42,547] 48 root - INFO - Started Regular Expression mapping
[ 2026-05-26 16:57:42,547] 173 root - INFO - Data transformation complete
[ 2026-05-26 16:57:42,547] 48 root - INFO - Started Regular Expression mapping
[ 2026-05-26 16:57:42,547] 24 root - INFO - Match heuristic business names to paybill payments
[ 2026-05-26 16:57:42,547] 173 root - INFO - Data transformation complete
[ 2026-05-26 16:57:42,547] 48 root - INFO - Started Regular Expression mapping
[ 2026-05-26 16:57:42,547] 24 root - INFO - Match heuristic business names to paybill payments
[ 2026-05-26 16:57:42,547] 173 root - INFO - Data transformation complete
[ 2026-05-26 16:57:42,547] 48 root - INFO - Started Regular Expression mapping
[ 2026-05-26 16:57:42,547] 173 root - INFO - Data transformation complete
[ 2026-05-26 16:57:42,547] 48 root - INFO - Started Regular Expression mapping
[ 2026-05-26 16:57:42,547] 173 root - INFO - Data transformation complete
[ 2026-05-26 16:57:42,554] 48 root - INFO - Started Regular Expression mapping
[ 2026-05-26 16:57:42,554] 173 root - INFO - Data transformation complete
[ 2026-05-26 16:57:42,554] 48 root - INFO - Started Regular Expression mapping
[ 2026-05-26 16:57:42,554] 24 root - INFO - Match heuristic business names to paybill payments
[ 2026-05-26 16:57:42,554] 173 root - INFO - Data transformation complete
[ 2026-05-26 16:57:42,554] 48 root - INFO - Started Regular Expression mapping
[ 2026-05-26 16:57:42,556] 24 root - INFO - Match heuristic business names to paybill payments
[ 2026-05-26 16:57:42,556] 173 root - INFO - Data transformation complete
[ 2026-05-26 16:57:42,556] 48 root - INFO - Started Regular Expression mapping
[ 2026-05-26 16:57:42,556] 173 root - INFO - Data transformation complete
[ 2026-05-26 16:57:42,556] 48 root - INFO - Started Regular Expression mapping
[ 2026-05-26 16:57:42,556] 24 root - INFO - Match heuristic business names to paybill payments
[ 2026-05-26 16:57:42,556] 173 root - INFO - Data transformation complete
[ 2026-05-26 16:57:42,556] 48 root - INFO - Started Regular Expression mapping
[ 2026-05-26 16:57:42,556] 173 root - INFO - Data transformation complete
[ 2026-05-26 16:57:42,556] 48 root - INFO - Started Regular Expression mapping
[ 2026-05-26 16:57:42,556] 173 root - INFO - Data transformation complete
[ 2026-05-26 16:57:42,556] 48 root - INFO - Started Regular Expression mapping
[ 2026-05-26 16:57:42,558] 173 root - INFO - Data transformation complete
[ 2026-05-26 16:57:42,558] 48 root - INFO - Started Regular Expression mapping
[ 2026-05-26 16:57:42,558] 24 root - INFO - Match heuristic business names to paybill payments
[ 2026-05-26 16:57:42,558] 173 root - INFO - Data transformation complete
[ 2026-05-26 16:57:42,558] 48 root - INFO - Started Regular Expression mapping
[ 2026-05-26 16:57:42,558] 24 root - INFO - Match heuristic business names to paybill payments
[ 2026-05-26 16:57:42,558] 173 root - INFO - Data transformation complete
[ 2026-05-26 16:57:42,558] 48 root - INFO - Started Regular Expression mapping
[ 2026-05-26 16:57:42,558] 173 root - INFO - Data transformation complete
[ 2026-05-26 16:57:42,558] 48 root - INFO - Started Regular Expression mapping
[ 2026-05-26 16:57:42,558] 173 root - INFO - Data transformation complete
[ 2026-05-26 16:57:42,558] 48 root - INFO - Started Regular Expression mapping
[ 2026-05-26 16:57:42,558] 173 root - INFO - Data transformation complete
[ 2026-05-26 16:57:42,558] 48 root - INFO - Started Regular Expression mapping
[ 2026-05-26 16:57:42,560] 173 root - INFO - Data transformation complete
[ 2026-05-26 16:57:42,560] 48 root - INFO - Started Regular Expression mapping
[ 2026-05-26 16:57:42,560] 173 root - INFO - Data transformation complete
[ 2026-05-26 16:57:42,560] 48 root - INFO - Started Regular Expression mapping
[ 2026-05-26 16:57:42,560] 173 root - INFO - Data transformation complete
[ 2026-05-26 16:57:42,560] 48 root - INFO - Started Regular Expression mapping
[ 2026-05-26 16:57:42,560] 24 root - INFO - Match heuristic business names to paybill payments
[ 2026-05-26 16:57:42,560] 173 root - INFO - Data transformation complete
[ 2026-05-26 16:57:42,560] 48 root - INFO - Started Regular Expression mapping
[ 2026-05-26 16:57:42,560] 173 root - INFO - Data transformation complete
[ 2026-05-26 16:57:42,560] 48 root - INFO - Started Regular Expression mapping
[ 2026-05-26 16:57:42,560] 173 root - INFO - Data transformation complete
[ 2026-05-26 16:57:42,560] 48 root - INFO - Started Regular Expression mapping
[ 2026-05-26 16:57:42,562] 173 root - INFO - Data transformation complete
[ 2026-05-26 16:57:42,562] 48 root - INFO - Started Regular Expression mapping
[ 2026-05-26 16:57:42,562] 173 root - INFO - Data transformation complete
[ 2026-05-26 16:57:42,562] 48 root - INFO - Started Regular Expression mapping
[ 2026-05-26 16:57:42,562] 24 root - INFO - Match heuristic business names to paybill payments
[ 2026-05-26 16:57:42,562] 173 root - INFO - Data transformation complete
[ 2026-05-26 16:57:42,562] 48 root - INFO - Started Regular Expression mapping
[ 2026-05-26 16:57:42,563] 173 root - INFO - Data transformation complete
[ 2026-05-26 16:57:42,563] 48 root - INFO - Started Regular Expression mapping
[ 2026-05-26 16:57:42,563] 173 root - INFO - Data transformation complete
[ 2026-05-26 16:57:42,563] 48 root - INFO - Started Regular Expression mapping
[ 2026-05-26 16:57:42,563] 173 root - INFO - Data transformation complete
[ 2026-05-26 16:57:42,563] 48 root - INFO - Started Regular Expression mapping
[ 2026-05-26 16:57:42,563] 173 root - INFO - Data transformation complete
[ 2026-05-26 16:57:42,563] 48 root - INFO - Started Regular Expression mapping
[ 2026-05-26 16:57:42,563] 173 root - INFO - Data transformation complete
[ 2026-05-26 16:57:42,563] 48 root - INFO - Started Regular Expression mapping
[ 2026-05-26 16:57:42,563] 173 root - INFO - Data transformation complete
[ 2026-05-26 16:57:42,565] 48 root - INFO - Started Regular Expression mapping
[ 2026-05-26 16:57:42,565] 173 root - INFO - Data transformation complete
[ 2026-05-26 16:57:42,565] 48 root - INFO - Started Regular Expression mapping
[ 2026-05-26 16:57:42,565] 24 root - INFO - Match heuristic business names to paybill payments
[ 2026-05-26 16:57:42,565] 173 root - INFO - Data transformation complete
[ 2026-05-26 16:57:42,565] 48 root - INFO - Started Regular Expression mapping
[ 2026-05-26 16:57:42,565] 173 root - INFO - Data transformation complete
[ 2026-05-26 16:57:42,565] 48 root - INFO - Started Regular Expression mapping
[ 2026-05-26 16:57:42,565] 173 root - INFO - Data transformation complete
[ 2026-05-26 16:57:42,565] 48 root - INFO - Started Regular Expression mapping
[ 2026-05-26 16:57:42,565] 173 root - INFO - Data transformation complete
[ 2026-05-26 16:57:42,565] 48 root - INFO - Started Regular Expression mapping
[ 2026-05-26 16:57:42,565] 173 root - INFO - Data transformation complete
[ 2026-05-26 16:57:42,567] 48 root - INFO - Started Regular Expression mapping
[ 2026-05-26 16:57:42,567] 24 root - INFO - Match heuristic business names to paybill payments
[ 2026-05-26 16:57:42,567] 173 root - INFO - Data transformation complete
[ 2026-05-26 16:57:42,567] 48 root - INFO - Started Regular Expression mapping
[ 2026-05-26 16:57:42,567] 173 root - INFO - Data transformation complete
[ 2026-05-26 16:57:42,567] 48 root - INFO - Started Regular Expression mapping
[ 2026-05-26 16:57:42,567] 173 root - INFO - Data transformation complete
[ 2026-05-26 16:57:42,567] 48 root - INFO - Started Regular Expression mapping
[ 2026-05-26 16:57:42,567] 173 root - INFO - Data transformation complete
[ 2026-05-26 16:57:42,567] 48 root - INFO - Started Regular Expression mapping
[ 2026-05-26 16:57:42,567] 24 root - INFO - Match heuristic business names to paybill payments
[ 2026-05-26 16:57:42,567] 173 root - INFO - Data transformation complete
[ 2026-05-26 16:57:42,567] 48 root - INFO - Started Regular Expression mapping
[ 2026-05-26 16:57:42,567] 24 root - INFO - Match heuristic business names to paybill payments
[ 2026-05-26 16:57:42,569] 173 root - INFO - Data transformation complete
[ 2026-05-26 16:57:42,569] 48 root - INFO - Started Regular Expression mapping
[ 2026-05-26 16:57:42,569] 173 root - INFO - Data transformation complete
[ 2026-05-26 16:57:42,569] 48 root - INFO - Started Regular Expression mapping
[ 2026-05-26 16:57:42,569] 24 root - INFO - Match heuristic business names to paybill payments
[ 2026-05-26 16:57:42,569] 173 root - INFO - Data transformation complete
[ 2026-05-26 16:57:42,569] 48 root - INFO - Started Regular Expression mapping
[ 2026-05-26 16:57:42,569] 173 root - INFO - Data transformation complete
[ 2026-05-26 16:57:42,569] 48 root - INFO - Started Regular Expression mapping
[ 2026-05-26 16:57:42,569] 173 root - INFO - Data transformation complete
[ 2026-05-26 16:57:42,569] 48 root - INFO - Started Regular Expression mapping
[ 2026-05-26 16:57:42,569] 173 root - INFO - Data transformation complete
[ 2026-05-26 16:57:42,569] 48 root - INFO - Started Regular Expression mapping
[ 2026-05-26 16:57:42,569] 173 root - INFO - Data transformation complete
[ 2026-05-26 16:57:42,569] 48 root - INFO - Started Regular Expression mapping
[ 2026-05-26 16:57:42,569] 173 root - INFO - Data transformation complete
[ 2026-05-26 16:57:42,569] 48 root - INFO - Started Regular Expression mapping
[ 2026-05-26 16:57:42,569] 173 root - INFO - Data transformation complete
[ 2026-05-26 16:57:42,569] 48 root - INFO - Started Regular Expression mapping
[ 2026-05-26 16:57:42,569] 173 root - INFO - Data transformation complete
[ 2026-05-26 16:57:42,573] 48 root - INFO - Started Regular Expression mapping
[ 2026-05-26 16:57:42,573] 173 root - INFO - Data transformation complete
[ 2026-05-26 16:57:42,573] 48 root - INFO - Started Regular Expression mapping
[ 2026-05-26 16:57:42,573] 173 root - INFO - Data transformation complete
[ 2026-05-26 16:57:42,573] 48 root - INFO - Started Regular Expression mapping
[ 2026-05-26 16:57:42,573] 173 root - INFO - Data transformation complete
[ 2026-05-26 16:57:42,573] 48 root - INFO - Started Regular Expression mapping
[ 2026-05-26 16:57:42,573] 173 root - INFO - Data transformation complete
[ 2026-05-26 16:57:42,573] 48 root - INFO - Started Regular Expression mapping
[ 2026-05-26 16:57:42,573] 24 root - INFO - Match heuristic business names to paybill payments
[ 2026-05-26 16:57:42,573] 173 root - INFO - Data transformation complete
[ 2026-05-26 16:57:42,573] 48 root - INFO - Started Regular Expression mapping
[ 2026-05-26 16:57:42,573] 173 root - INFO - Data transformation complete
[ 2026-05-26 16:57:42,573] 48 root - INFO - Started Regular Expression mapping
[ 2026-05-26 16:57:42,573] 173 root - INFO - Data transformation complete
[ 2026-05-26 16:57:42,573] 48 root - INFO - Started Regular Expression mapping
[ 2026-05-26 16:57:42,573] 173 root - INFO - Data transformation complete
[ 2026-05-26 16:57:42,573] 48 root - INFO - Started Regular Expression mapping
[ 2026-05-26 16:57:42,573] 173 root - INFO - Data transformation complete
[ 2026-05-26 16:57:42,573] 48 root - INFO - Started Regular Expression mapping
[ 2026-05-26 16:57:42,573] 173 root - INFO - Data transformation complete
[ 2026-05-26 16:57:42,573] 48 root - INFO - Started Regular Expression mapping
[ 2026-05-26 16:57:42,573] 173 root - INFO - Data transformation complete
[ 2026-05-26 16:57:42,573] 48 root - INFO - Started Regular Expression mapping
[ 2026-05-26 16:57:42,573] 173 root - INFO - Data transformation complete
[ 2026-05-26 16:57:42,573] 48 root - INFO - Started Regular Expression mapping
[ 2026-05-26 16:57:42,573] 24 root - INFO - Match heuristic business names to paybill payments
[ 2026-05-26 16:57:42,573] 173 root - INFO - Data transformation complete
[ 2026-05-26 16:57:42,573] 48 root - INFO - Started Regular Expression mapping
[ 2026-05-26 16:57:42,573] 173 root - INFO - Data transformation complete
[ 2026-05-26 16:57:42,573] 48 root - INFO - Started Regular Expression mapping
[ 2026-05-26 16:57:42,573] 173 root - INFO - Data transformation complete
[ 2026-05-26 16:57:42,573] 48 root - INFO - Started Regular Expression mapping
[ 2026-05-26 16:57:42,573] 173 root - INFO - Data transformation complete
[ 2026-05-26 16:57:42,573] 48 root - INFO - Started Regular Expression mapping
[ 2026-05-26 16:57:42,573] 173 root - INFO - Data transformation complete
[ 2026-05-26 16:57:42,573] 48 root - INFO - Started Regular Expression mapping
[ 2026-05-26 16:57:42,573] 173 root - INFO - Data transformation complete
[ 2026-05-26 16:57:42,579] 48 root - INFO - Started Regular Expression mapping
[ 2026-05-26 16:57:42,579] 24 root - INFO - Match heuristic business names to paybill payments
[ 2026-05-26 16:57:42,579] 173 root - INFO - Data transformation complete
[ 2026-05-26 16:57:42,579] 48 root - INFO - Started Regular Expression mapping
[ 2026-05-26 16:57:42,579] 173 root - INFO - Data transformation complete
[ 2026-05-26 16:57:42,579] 48 root - INFO - Started Regular Expression mapping
[ 2026-05-26 16:57:42,579] 24 root - INFO - Match heuristic business names to paybill payments
[ 2026-05-26 16:57:42,579] 173 root - INFO - Data transformation complete
[ 2026-05-26 16:57:42,579] 48 root - INFO - Started Regular Expression mapping
[ 2026-05-26 16:57:42,579] 24 root - INFO - Match heuristic business names to paybill payments
[ 2026-05-26 16:57:42,579] 173 root - INFO - Data transformation complete
[ 2026-05-26 16:57:42,579] 48 root - INFO - Started Regular Expression mapping
[ 2026-05-26 16:57:42,579] 173 root - INFO - Data transformation complete
[ 2026-05-26 16:57:42,579] 48 root - INFO - Started Regular Expression mapping
[ 2026-05-26 16:57:42,579] 173 root - INFO - Data transformation complete
[ 2026-05-26 16:57:42,579] 48 root - INFO - Started Regular Expression mapping
[ 2026-05-26 16:57:42,579] 173 root - INFO - Data transformation complete
[ 2026-05-26 16:57:42,579] 48 root - INFO - Started Regular Expression mapping
[ 2026-05-26 16:57:42,579] 173 root - INFO - Data transformation complete
[ 2026-05-26 16:57:42,579] 48 root - INFO - Started Regular Expression mapping
[ 2026-05-26 16:57:42,579] 173 root - INFO - Data transformation complete
[ 2026-05-26 16:57:42,579] 48 root - INFO - Started Regular Expression mapping
[ 2026-05-26 16:57:42,579] 173 root - INFO - Data transformation complete
[ 2026-05-26 16:57:42,579] 48 root - INFO - Started Regular Expression mapping
[ 2026-05-26 16:57:42,579] 173 root - INFO - Data transformation complete
[ 2026-05-26 16:57:42,579] 48 root - INFO - Started Regular Expression mapping
[ 2026-05-26 16:57:42,579] 173 root - INFO - Data transformation complete
[ 2026-05-26 16:57:42,579] 48 root - INFO - Started Regular Expression mapping
[ 2026-05-26 16:57:42,579] 173 root - INFO - Data transformation complete
[ 2026-05-26 16:57:42,579] 48 root - INFO - Started Regular Expression mapping
[ 2026-05-26 16:57:42,579] 173 root - INFO - Data transformation complete
[ 2026-05-26 16:57:42,579] 48 root - INFO - Started Regular Expression mapping
[ 2026-05-26 16:57:42,579] 24 root - INFO - Match heuristic business names to paybill payments
[ 2026-05-26 16:57:42,579] 173 root - INFO - Data transformation complete
[ 2026-05-26 16:57:42,579] 48 root - INFO - Started Regular Expression mapping
[ 2026-05-26 16:57:42,579] 173 root - INFO - Data transformation complete
[ 2026-05-26 16:57:42,579] 48 root - INFO - Started Regular Expression mapping
[ 2026-05-26 16:57:42,579] 173 root - INFO - Data transformation complete
[ 2026-05-26 16:57:42,579] 48 root - INFO - Started Regular Expression mapping
[ 2026-05-26 16:57:42,579] 173 root - INFO - Data transformation complete
[ 2026-05-26 16:57:42,579] 48 root - INFO - Started Regular Expression mapping
[ 2026-05-26 16:57:42,579] 24 root - INFO - Match heuristic business names to paybill payments
[ 2026-05-26 16:57:42,579] 173 root - INFO - Data transformation complete
[ 2026-05-26 16:57:42,579] 48 root - INFO - Started Regular Expression mapping
[ 2026-05-26 16:57:42,579] 173 root - INFO - Data transformation complete
[ 2026-05-26 16:57:42,579] 48 root - INFO - Started Regular Expression mapping
[ 2026-05-26 16:57:42,579] 173 root - INFO - Data transformation complete
[ 2026-05-26 16:57:42,579] 48 root - INFO - Started Regular Expression mapping
[ 2026-05-26 16:57:42,579] 173 root - INFO - Data transformation complete
[ 2026-05-26 16:57:42,579] 48 root - INFO - Started Regular Expression mapping
[ 2026-05-26 16:57:42,579] 173 root - INFO - Data transformation complete
[ 2026-05-26 16:57:42,579] 48 root - INFO - Started Regular Expression mapping
[ 2026-05-26 16:57:42,579] 173 root - INFO - Data transformation complete
[ 2026-05-26 16:57:42,579] 48 root - INFO - Started Regular Expression mapping
[ 2026-05-26 16:57:42,579] 173 root - INFO - Data transformation complete
[ 2026-05-26 16:57:42,579] 48 root - INFO - Started Regular Expression mapping
[ 2026-05-26 16:57:42,579] 173 root - INFO - Data transformation complete
[ 2026-05-26 16:57:42,579] 48 root - INFO - Started Regular Expression mapping
[ 2026-05-26 16:57:42,579] 24 root - INFO - Match heuristic business names to paybill payments
[ 2026-05-26 16:57:42,579] 173 root - INFO - Data transformation complete
[ 2026-05-26 16:57:42,579] 48 root - INFO - Started Regular Expression mapping
[ 2026-05-26 16:57:42,579] 173 root - INFO - Data transformation complete
[ 2026-05-26 16:57:42,579] 48 root - INFO - Started Regular Expression mapping
[ 2026-05-26 16:57:42,579] 173 root - INFO - Data transformation complete
[ 2026-05-26 16:57:42,579] 48 root - INFO - Started Regular Expression mapping
[ 2026-05-26 16:57:42,579] 173 root - INFO - Data transformation complete
[ 2026-05-26 16:57:42,579] 48 root - INFO - Started Regular Expression mapping
[ 2026-05-26 16:57:42,579] 173 root - INFO - Data transformation complete
[ 2026-05-26 16:57:42,579] 48 root - INFO - Started Regular Expression mapping
[ 2026-05-26 16:57:42,579] 173 root - INFO - Data transformation complete
[ 2026-05-26 16:57:42,579] 48 root - INFO - Started Regular Expression mapping
[ 2026-05-26 16:57:42,579] 173 root - INFO - Data transformation complete
[ 2026-05-26 16:57:42,579] 48 root - INFO - Started Regular Expression mapping
[ 2026-05-26 16:57:42,579] 173 root - INFO - Data transformation complete
[ 2026-05-26 16:57:42,579] 48 root - INFO - Started Regular Expression mapping
[ 2026-05-26 16:57:42,579] 173 root - INFO - Data transformation complete
[ 2026-05-26 16:57:42,579] 48 root - INFO - Started Regular Expression mapping
[ 2026-05-26 16:57:42,579] 173 root - INFO - Data transformation complete
[ 2026-05-26 16:57:42,579] 48 root - INFO - Started Regular Expression mapping
[ 2026-05-26 16:57:42,579] 173 root - INFO - Data transformation complete
[ 2026-05-26 16:57:42,579] 48 root - INFO - Started Regular Expression mapping
[ 2026-05-26 16:57:42,579] 173 root - INFO - Data transformation complete
[ 2026-05-26 16:57:42,579] 48 root - INFO - Started Regular Expression mapping
[ 2026-05-26 16:57:42,579] 173 root - INFO - Data transformation complete
[ 2026-05-26 16:57:42,579] 48 root - INFO - Started Regular Expression mapping
[ 2026-05-26 16:57:42,579] 173 root - INFO - Data transformation complete
[ 2026-05-26 16:57:42,579] 48 root - INFO - Started Regular Expression mapping
[ 2026-05-26 16:57:42,579] 173 root - INFO - Data transformation complete
[ 2026-05-26 16:57:42,579] 48 root - INFO - Started Regular Expression mapping
[ 2026-05-26 16:57:42,579] 173 root - INFO - Data transformation complete
[ 2026-05-26 16:57:42,579] 48 root - INFO - Started Regular Expression mapping
[ 2026-05-26 16:57:42,579] 173 root - INFO - Data transformation complete
[ 2026-05-26 16:57:42,579] 48 root - INFO - Started Regular Expression mapping
[ 2026-05-26 16:57:42,579] 173 root - INFO - Data transformation complete
[ 2026-05-26 16:57:42,579] 48 root - INFO - Started Regular Expression mapping
[ 2026-05-26 16:57:42,594] 173 root - INFO - Data transformation complete
[ 2026-05-26 16:57:42,594] 48 root - INFO - Started Regular Expression mapping
[ 2026-05-26 16:57:42,594] 173 root - INFO - Data transformation complete
[ 2026-05-26 16:57:42,595] 48 root - INFO - Started Regular Expression mapping
[ 2026-05-26 16:57:42,595] 173 root - INFO - Data transformation complete
[ 2026-05-26 16:57:42,595] 48 root - INFO - Started Regular Expression mapping
[ 2026-05-26 16:57:42,595] 173 root - INFO - Data transformation complete
[ 2026-05-26 16:57:42,595] 48 root - INFO - Started Regular Expression mapping
[ 2026-05-26 16:57:42,595] 24 root - INFO - Match heuristic business names to paybill payments
[ 2026-05-26 16:57:42,596] 173 root - INFO - Data transformation complete
[ 2026-05-26 16:57:42,596] 48 root - INFO - Started Regular Expression mapping
[ 2026-05-26 16:57:42,596] 24 root - INFO - Match heuristic business names to paybill payments
[ 2026-05-26 16:57:42,596] 173 root - INFO - Data transformation complete
[ 2026-05-26 16:57:42,596] 48 root - INFO - Started Regular Expression mapping
[ 2026-05-26 16:57:42,596] 24 root - INFO - Match heuristic business names to paybill payments
[ 2026-05-26 16:57:42,596] 173 root - INFO - Data transformation complete
[ 2026-05-26 16:57:42,596] 48 root - INFO - Started Regular Expression mapping
[ 2026-05-26 16:57:42,596] 173 root - INFO - Data transformation complete
[ 2026-05-26 16:57:42,596] 48 root - INFO - Started Regular Expression mapping
[ 2026-05-26 16:57:42,596] 173 root - INFO - Data transformation complete
[ 2026-05-26 16:57:42,596] 48 root - INFO - Started Regular Expression mapping
[ 2026-05-26 16:57:42,596] 173 root - INFO - Data transformation complete
[ 2026-05-26 16:57:42,596] 48 root - INFO - Started Regular Expression mapping
[ 2026-05-26 16:57:42,596] 173 root - INFO - Data transformation complete
[ 2026-05-26 16:57:42,596] 48 root - INFO - Started Regular Expression mapping
[ 2026-05-26 16:57:42,596] 24 root - INFO - Match heuristic business names to paybill payments
[ 2026-05-26 16:57:42,596] 173 root - INFO - Data transformation complete
[ 2026-05-26 16:57:42,596] 48 root - INFO - Started Regular Expression mapping
[ 2026-05-26 16:57:42,596] 173 root - INFO - Data transformation complete
[ 2026-05-26 16:57:42,596] 48 root - INFO - Started Regular Expression mapping
[ 2026-05-26 16:57:42,596] 173 root - INFO - Data transformation complete
[ 2026-05-26 16:57:42,596] 48 root - INFO - Started Regular Expression mapping
[ 2026-05-26 16:57:42,596] 173 root - INFO - Data transformation complete
[ 2026-05-26 16:57:42,596] 48 root - INFO - Started Regular Expression mapping
[ 2026-05-26 16:57:42,596] 173 root - INFO - Data transformation complete
[ 2026-05-26 16:57:42,596] 48 root - INFO - Started Regular Expression mapping
[ 2026-05-26 16:57:42,596] 173 root - INFO - Data transformation complete
[ 2026-05-26 16:57:42,596] 48 root - INFO - Started Regular Expression mapping
[ 2026-05-26 16:57:42,596] 173 root - INFO - Data transformation complete
[ 2026-05-26 16:57:42,596] 48 root - INFO - Started Regular Expression mapping
[ 2026-05-26 16:57:42,596] 173 root - INFO - Data transformation complete
[ 2026-05-26 16:57:42,596] 48 root - INFO - Started Regular Expression mapping
[ 2026-05-26 16:57:42,596] 173 root - INFO - Data transformation complete
[ 2026-05-26 16:57:42,596] 48 root - INFO - Started Regular Expression mapping
[ 2026-05-26 16:57:42,596] 173 root - INFO - Data transformation complete
[ 2026-05-26 16:57:42,596] 48 root - INFO - Started Regular Expression mapping
[ 2026-05-26 16:57:42,596] 24 root - INFO - Match heuristic business names to paybill payments
[ 2026-05-26 16:57:42,596] 173 root - INFO - Data transformation complete
[ 2026-05-26 16:57:42,596] 48 root - INFO - Started Regular Expression mapping
[ 2026-05-26 16:57:42,596] 173 root - INFO - Data transformation complete
[ 2026-05-26 16:57:42,596] 48 root - INFO - Started Regular Expression mapping
[ 2026-05-26 16:57:42,596] 173 root - INFO - Data transformation complete
[ 2026-05-26 16:57:42,596] 48 root - INFO - Started Regular Expression mapping
[ 2026-05-26 16:57:42,596] 173 root - INFO - Data transformation complete
[ 2026-05-26 16:57:42,596] 48 root - INFO - Started Regular Expression mapping
[ 2026-05-26 16:57:42,596] 173 root - INFO - Data transformation complete
[ 2026-05-26 16:57:42,596] 48 root - INFO - Started Regular Expression mapping
[ 2026-05-26 16:57:42,596] 173 root - INFO - Data transformation complete
[ 2026-05-26 16:57:42,596] 48 root - INFO - Started Regular Expression mapping
[ 2026-05-26 16:57:42,596] 173 root - INFO - Data transformation complete
[ 2026-05-26 16:57:42,596] 48 root - INFO - Started Regular Expression mapping
[ 2026-05-26 16:57:42,596] 173 root - INFO - Data transformation complete
[ 2026-05-26 16:57:42,596] 48 root - INFO - Started Regular Expression mapping
[ 2026-05-26 16:57:42,596] 173 root - INFO - Data transformation complete
[ 2026-05-26 16:57:42,596] 48 root - INFO - Started Regular Expression mapping
[ 2026-05-26 16:57:42,596] 24 root - INFO - Match heuristic business names to paybill payments
[ 2026-05-26 16:57:42,596] 173 root - INFO - Data transformation complete
[ 2026-05-26 16:57:42,596] 48 root - INFO - Started Regular Expression mapping
[ 2026-05-26 16:57:42,605] 173 root - INFO - Data transformation complete
[ 2026-05-26 16:57:42,605] 48 root - INFO - Started Regular Expression mapping
[ 2026-05-26 16:57:42,605] 24 root - INFO - Match heuristic business names to paybill payments
[ 2026-05-26 16:57:42,605] 173 root - INFO - Data transformation complete
[ 2026-05-26 16:57:42,605] 48 root - INFO - Started Regular Expression mapping
[ 2026-05-26 16:57:42,605] 24 root - INFO - Match heuristic business names to paybill payments
[ 2026-05-26 16:57:42,605] 173 root - INFO - Data transformation complete
[ 2026-05-26 16:57:42,605] 48 root - INFO - Started Regular Expression mapping
[ 2026-05-26 16:57:42,605] 173 root - INFO - Data transformation complete
[ 2026-05-26 16:57:42,605] 48 root - INFO - Started Regular Expression mapping
[ 2026-05-26 16:57:42,605] 173 root - INFO - Data transformation complete
[ 2026-05-26 16:57:42,605] 48 root - INFO - Started Regular Expression mapping
[ 2026-05-26 16:57:42,605] 24 root - INFO - Match heuristic business names to paybill payments
[ 2026-05-26 16:57:42,605] 173 root - INFO - Data transformation complete
[ 2026-05-26 16:57:42,605] 48 root - INFO - Started Regular Expression mapping
[ 2026-05-26 16:57:42,605] 173 root - INFO - Data transformation complete
[ 2026-05-26 16:57:42,605] 48 root - INFO - Started Regular Expression mapping
[ 2026-05-26 16:57:42,605] 24 root - INFO - Match heuristic business names to paybill payments
[ 2026-05-26 16:57:42,605] 173 root - INFO - Data transformation complete
[ 2026-05-26 16:57:42,605] 48 root - INFO - Started Regular Expression mapping
[ 2026-05-26 16:57:42,605] 173 root - INFO - Data transformation complete
[ 2026-05-26 16:57:42,605] 48 root - INFO - Started Regular Expression mapping
[ 2026-05-26 16:57:42,605] 24 root - INFO - Match heuristic business names to paybill payments
[ 2026-05-26 16:57:42,605] 173 root - INFO - Data transformation complete
[ 2026-05-26 16:57:42,605] 48 root - INFO - Started Regular Expression mapping
[ 2026-05-26 16:57:42,605] 173 root - INFO - Data transformation complete
[ 2026-05-26 16:57:42,605] 48 root - INFO - Started Regular Expression mapping
[ 2026-05-26 16:57:42,605] 24 root - INFO - Match heuristic business names to paybill payments
[ 2026-05-26 16:57:42,605] 173 root - INFO - Data transformation complete
[ 2026-05-26 16:57:42,605] 48 root - INFO - Started Regular Expression mapping
[ 2026-05-26 16:57:42,610] 173 root - INFO - Data transformation complete
[ 2026-05-26 16:57:42,610] 48 root - INFO - Started Regular Expression mapping
[ 2026-05-26 16:57:42,610] 173 root - INFO - Data transformation complete
[ 2026-05-26 16:57:42,610] 48 root - INFO - Started Regular Expression mapping
[ 2026-05-26 16:57:42,610] 24 root - INFO - Match heuristic business names to paybill payments
[ 2026-05-26 16:57:42,610] 173 root - INFO - Data transformation complete
[ 2026-05-26 16:57:42,610] 48 root - INFO - Started Regular Expression mapping
[ 2026-05-26 16:57:42,610] 173 root - INFO - Data transformation complete
[ 2026-05-26 16:57:42,610] 48 root - INFO - Started Regular Expression mapping
[ 2026-05-26 16:57:42,610] 173 root - INFO - Data transformation complete
[ 2026-05-26 16:57:42,610] 48 root - INFO - Started Regular Expression mapping
[ 2026-05-26 16:57:42,610] 173 root - INFO - Data transformation complete
[ 2026-05-26 16:57:42,610] 48 root - INFO - Started Regular Expression mapping
[ 2026-05-26 16:57:42,610] 173 root - INFO - Data transformation complete
[ 2026-05-26 16:57:42,610] 48 root - INFO - Started Regular Expression mapping
[ 2026-05-26 16:57:42,610] 173 root - INFO - Data transformation complete
[ 2026-05-26 16:57:42,610] 48 root - INFO - Started Regular Expression mapping
[ 2026-05-26 16:57:42,610] 173 root - INFO - Data transformation complete
[ 2026-05-26 16:57:42,610] 48 root - INFO - Started Regular Expression mapping
[ 2026-05-26 16:57:42,610] 173 root - INFO - Data transformation complete
[ 2026-05-26 16:57:42,610] 48 root - INFO - Started Regular Expression mapping
[ 2026-05-26 16:57:42,610] 173 root - INFO - Data transformation complete
[ 2026-05-26 16:57:42,610] 48 root - INFO - Started Regular Expression mapping
[ 2026-05-26 16:57:42,610] 173 root - INFO - Data transformation complete
[ 2026-05-26 16:57:42,610] 48 root - INFO - Started Regular Expression mapping
[ 2026-05-26 16:57:42,610] 173 root - INFO - Data transformation complete
[ 2026-05-26 16:57:42,610] 48 root - INFO - Started Regular Expression mapping
[ 2026-05-26 16:57:42,610] 173 root - INFO - Data transformation complete
[ 2026-05-26 16:57:42,610] 48 root - INFO - Started Regular Expression mapping
[ 2026-05-26 16:57:42,610] 24 root - INFO - Match heuristic business names to paybill payments
[ 2026-05-26 16:57:42,610] 173 root - INFO - Data transformation complete
[ 2026-05-26 16:57:42,610] 48 root - INFO - Started Regular Expression mapping
[ 2026-05-26 16:57:42,610] 24 root - INFO - Match heuristic business names to paybill payments
[ 2026-05-26 16:57:42,610] 173 root - INFO - Data transformation complete
[ 2026-05-26 16:57:42,610] 48 root - INFO - Started Regular Expression mapping
[ 2026-05-26 16:57:42,610] 24 root - INFO - Match heuristic business names to paybill payments
[ 2026-05-26 16:57:42,610] 173 root - INFO - Data transformation complete
[ 2026-05-26 16:57:42,610] 48 root - INFO - Started Regular Expression mapping
[ 2026-05-26 16:57:42,610] 173 root - INFO - Data transformation complete
[ 2026-05-26 16:57:42,610] 48 root - INFO - Started Regular Expression mapping
[ 2026-05-26 16:57:42,610] 173 root - INFO - Data transformation complete
[ 2026-05-26 16:57:42,610] 48 root - INFO - Started Regular Expression mapping
[ 2026-05-26 16:57:42,610] 24 root - INFO - Match heuristic business names to paybill payments
[ 2026-05-26 16:57:42,610] 173 root - INFO - Data transformation complete
[ 2026-05-26 16:57:42,610] 48 root - INFO - Started Regular Expression mapping
[ 2026-05-26 16:57:42,610] 24 root - INFO - Match heuristic business names to paybill payments
[ 2026-05-26 16:57:42,610] 173 root - INFO - Data transformation complete
[ 2026-05-26 16:57:42,610] 48 root - INFO - Started Regular Expression mapping
[ 2026-05-26 16:57:42,610] 24 root - INFO - Match heuristic business names to paybill payments
[ 2026-05-26 16:57:42,610] 173 root - INFO - Data transformation complete
[ 2026-05-26 16:57:42,610] 48 root - INFO - Started Regular Expression mapping
[ 2026-05-26 16:57:42,610] 173 root - INFO - Data transformation complete
[ 2026-05-26 16:57:42,610] 48 root - INFO - Started Regular Expression mapping
[ 2026-05-26 16:57:42,610] 173 root - INFO - Data transformation complete
[ 2026-05-26 16:57:42,610] 48 root - INFO - Started Regular Expression mapping
[ 2026-05-26 16:57:42,610] 173 root - INFO - Data transformation complete
[ 2026-05-26 16:57:42,610] 48 root - INFO - Started Regular Expression mapping
[ 2026-05-26 16:57:42,610] 173 root - INFO - Data transformation complete
[ 2026-05-26 16:57:42,610] 48 root - INFO - Started Regular Expression mapping
[ 2026-05-26 16:57:42,610] 173 root - INFO - Data transformation complete
[ 2026-05-26 16:57:42,610] 48 root - INFO - Started Regular Expression mapping
[ 2026-05-26 16:57:42,610] 173 root - INFO - Data transformation complete
[ 2026-05-26 16:57:42,610] 48 root - INFO - Started Regular Expression mapping
[ 2026-05-26 16:57:42,610] 173 root - INFO - Data transformation complete
[ 2026-05-26 16:57:42,610] 48 root - INFO - Started Regular Expression mapping
[ 2026-05-26 16:57:42,610] 173 root - INFO - Data transformation complete
[ 2026-05-26 16:57:42,610] 48 root - INFO - Started Regular Expression mapping
[ 2026-05-26 16:57:42,610] 173 root - INFO - Data transformation complete
[ 2026-05-26 16:57:42,610] 48 root - INFO - Started Regular Expression mapping
[ 2026-05-26 16:57:42,610] 173 root - INFO - Data transformation complete
[ 2026-05-26 16:57:42,610] 48 root - INFO - Started Regular Expression mapping
[ 2026-05-26 16:57:42,610] 173 root - INFO - Data transformation complete
[ 2026-05-26 16:57:42,610] 48 root - INFO - Started Regular Expression mapping
[ 2026-05-26 16:57:42,610] 173 root - INFO - Data transformation complete
[ 2026-05-26 16:57:42,610] 48 root - INFO - Started Regular Expression mapping
[ 2026-05-26 16:57:42,610] 173 root - INFO - Data transformation complete
[ 2026-05-26 16:57:42,610] 48 root - INFO - Started Regular Expression mapping
[ 2026-05-26 16:57:42,610] 173 root - INFO - Data transformation complete
[ 2026-05-26 16:57:42,610] 48 root - INFO - Started Regular Expression mapping
[ 2026-05-26 16:57:42,623] 173 root - INFO - Data transformation complete
[ 2026-05-26 16:57:42,623] 48 root - INFO - Started Regular Expression mapping
[ 2026-05-26 16:57:42,623] 173 root - INFO - Data transformation complete
[ 2026-05-26 16:57:42,623] 48 root - INFO - Started Regular Expression mapping
[ 2026-05-26 16:57:42,623] 173 root - INFO - Data transformation complete
[ 2026-05-26 16:57:42,623] 48 root - INFO - Started Regular Expression mapping
[ 2026-05-26 16:57:42,623] 173 root - INFO - Data transformation complete
[ 2026-05-26 16:57:42,623] 48 root - INFO - Started Regular Expression mapping
[ 2026-05-26 16:57:42,623] 173 root - INFO - Data transformation complete
[ 2026-05-26 16:57:42,623] 48 root - INFO - Started Regular Expression mapping
[ 2026-05-26 16:57:42,623] 24 root - INFO - Match heuristic business names to paybill payments
[ 2026-05-26 16:57:42,623] 173 root - INFO - Data transformation complete
[ 2026-05-26 16:57:42,623] 48 root - INFO - Started Regular Expression mapping
[ 2026-05-26 16:57:42,623] 24 root - INFO - Match heuristic business names to paybill payments
[ 2026-05-26 16:57:42,623] 173 root - INFO - Data transformation complete
[ 2026-05-26 16:57:42,623] 48 root - INFO - Started Regular Expression mapping
[ 2026-05-26 16:57:42,623] 173 root - INFO - Data transformation complete
[ 2026-05-26 16:57:42,623] 48 root - INFO - Started Regular Expression mapping
[ 2026-05-26 16:57:42,623] 173 root - INFO - Data transformation complete
[ 2026-05-26 16:57:42,623] 48 root - INFO - Started Regular Expression mapping
[ 2026-05-26 16:57:42,623] 173 root - INFO - Data transformation complete
[ 2026-05-26 16:57:42,623] 48 root - INFO - Started Regular Expression mapping
[ 2026-05-26 16:57:42,623] 173 root - INFO - Data transformation complete
[ 2026-05-26 16:57:42,623] 48 root - INFO - Started Regular Expression mapping
[ 2026-05-26 16:57:42,623] 173 root - INFO - Data transformation complete
[ 2026-05-26 16:57:42,623] 48 root - INFO - Started Regular Expression mapping
[ 2026-05-26 16:57:42,623] 173 root - INFO - Data transformation complete
[ 2026-05-26 16:57:42,623] 48 root - INFO - Started Regular Expression mapping
[ 2026-05-26 16:57:42,623] 173 root - INFO - Data transformation complete
[ 2026-05-26 16:57:42,623] 48 root - INFO - Started Regular Expression mapping
[ 2026-05-26 16:57:42,623] 173 root - INFO - Data transformation complete
[ 2026-05-26 16:57:42,623] 48 root - INFO - Started Regular Expression mapping
[ 2026-05-26 16:57:42,623] 173 root - INFO - Data transformation complete
[ 2026-05-26 16:57:42,623] 48 root - INFO - Started Regular Expression mapping
[ 2026-05-26 16:57:42,623] 173 root - INFO - Data transformation complete
[ 2026-05-26 16:57:42,623] 48 root - INFO - Started Regular Expression mapping
[ 2026-05-26 16:57:42,623] 24 root - INFO - Match heuristic business names to paybill payments
[ 2026-05-26 16:57:42,623] 173 root - INFO - Data transformation complete
[ 2026-05-26 16:57:42,623] 48 root - INFO - Started Regular Expression mapping
[ 2026-05-26 16:57:42,623] 24 root - INFO - Match heuristic business names to paybill payments
[ 2026-05-26 16:57:42,623] 173 root - INFO - Data transformation complete
[ 2026-05-26 16:57:42,623] 48 root - INFO - Started Regular Expression mapping
[ 2026-05-26 16:57:42,623] 24 root - INFO - Match heuristic business names to paybill payments
[ 2026-05-26 16:57:42,623] 173 root - INFO - Data transformation complete
[ 2026-05-26 16:57:42,623] 48 root - INFO - Started Regular Expression mapping
[ 2026-05-26 16:57:42,623] 24 root - INFO - Match heuristic business names to paybill payments
[ 2026-05-26 16:57:42,623] 173 root - INFO - Data transformation complete
[ 2026-05-26 16:57:42,631] 48 root - INFO - Started Regular Expression mapping
[ 2026-05-26 16:57:42,631] 24 root - INFO - Match heuristic business names to paybill payments
[ 2026-05-26 16:57:42,631] 173 root - INFO - Data transformation complete
[ 2026-05-26 16:57:42,631] 48 root - INFO - Started Regular Expression mapping
[ 2026-05-26 16:57:42,631] 173 root - INFO - Data transformation complete
[ 2026-05-26 16:57:42,631] 48 root - INFO - Started Regular Expression mapping
[ 2026-05-26 16:57:42,631] 173 root - INFO - Data transformation complete
[ 2026-05-26 16:57:42,631] 48 root - INFO - Started Regular Expression mapping
[ 2026-05-26 16:57:42,631] 173 root - INFO - Data transformation complete
[ 2026-05-26 16:57:42,631] 48 root - INFO - Started Regular Expression mapping
[ 2026-05-26 16:57:42,631] 173 root - INFO - Data transformation complete
[ 2026-05-26 16:57:42,631] 48 root - INFO - Started Regular Expression mapping
[ 2026-05-26 16:57:42,631] 173 root - INFO - Data transformation complete
[ 2026-05-26 16:57:42,631] 48 root - INFO - Started Regular Expression mapping
[ 2026-05-26 16:57:42,631] 173 root - INFO - Data transformation complete
[ 2026-05-26 16:57:42,631] 48 root - INFO - Started Regular Expression mapping
[ 2026-05-26 16:57:42,631] 173 root - INFO - Data transformation complete
[ 2026-05-26 16:57:42,631] 48 root - INFO - Started Regular Expression mapping
[ 2026-05-26 16:57:42,631] 173 root - INFO - Data transformation complete
[ 2026-05-26 16:57:42,631] 48 root - INFO - Started Regular Expression mapping
[ 2026-05-26 16:57:42,631] 173 root - INFO - Data transformation complete
[ 2026-05-26 16:57:42,631] 48 root - INFO - Started Regular Expression mapping
[ 2026-05-26 16:57:42,631] 173 root - INFO - Data transformation complete
[ 2026-05-26 16:57:42,631] 48 root - INFO - Started Regular Expression mapping
[ 2026-05-26 16:57:42,631] 24 root - INFO - Match heuristic business names to paybill payments
[ 2026-05-26 16:57:42,631] 173 root - INFO - Data transformation complete
[ 2026-05-26 16:57:42,631] 48 root - INFO - Started Regular Expression mapping
[ 2026-05-26 16:57:42,631] 173 root - INFO - Data transformation complete
[ 2026-05-26 16:57:42,631] 48 root - INFO - Started Regular Expression mapping
[ 2026-05-26 16:57:42,631] 173 root - INFO - Data transformation complete
[ 2026-05-26 16:57:42,631] 48 root - INFO - Started Regular Expression mapping
[ 2026-05-26 16:57:42,631] 24 root - INFO - Match heuristic business names to paybill payments
[ 2026-05-26 16:57:42,631] 173 root - INFO - Data transformation complete
[ 2026-05-26 16:57:42,631] 48 root - INFO - Started Regular Expression mapping
[ 2026-05-26 16:57:42,631] 173 root - INFO - Data transformation complete
[ 2026-05-26 16:57:42,637] 48 root - INFO - Started Regular Expression mapping
[ 2026-05-26 16:57:42,637] 24 root - INFO - Match heuristic business names to paybill payments
[ 2026-05-26 16:57:42,637] 173 root - INFO - Data transformation complete
[ 2026-05-26 16:57:42,637] 48 root - INFO - Started Regular Expression mapping
[ 2026-05-26 16:57:42,637] 173 root - INFO - Data transformation complete
[ 2026-05-26 16:57:42,637] 48 root - INFO - Started Regular Expression mapping
[ 2026-05-26 16:57:42,637] 24 root - INFO - Match heuristic business names to paybill payments
[ 2026-05-26 16:57:42,640] 173 root - INFO - Data transformation complete
[ 2026-05-26 16:57:42,640] 48 root - INFO - Started Regular Expression mapping
[ 2026-05-26 16:57:42,640] 24 root - INFO - Match heuristic business names to paybill payments
[ 2026-05-26 16:57:42,640] 173 root - INFO - Data transformation complete
[ 2026-05-26 16:57:42,640] 48 root - INFO - Started Regular Expression mapping
[ 2026-05-26 16:57:42,640] 173 root - INFO - Data transformation complete
[ 2026-05-26 16:57:42,640] 48 root - INFO - Started Regular Expression mapping
[ 2026-05-26 16:57:42,640] 24 root - INFO - Match heuristic business names to paybill payments
[ 2026-05-26 16:57:42,640] 173 root - INFO - Data transformation complete
[ 2026-05-26 16:57:42,640] 48 root - INFO - Started Regular Expression mapping
[ 2026-05-26 16:57:42,640] 173 root - INFO - Data transformation complete
[ 2026-05-26 16:57:42,640] 48 root - INFO - Started Regular Expression mapping
[ 2026-05-26 16:57:42,640] 24 root - INFO - Match heuristic business names to paybill payments
[ 2026-05-26 16:57:42,642] 173 root - INFO - Data transformation complete
[ 2026-05-26 16:57:42,642] 48 root - INFO - Started Regular Expression mapping
[ 2026-05-26 16:57:42,642] 173 root - INFO - Data transformation complete
[ 2026-05-26 16:57:42,642] 48 root - INFO - Started Regular Expression mapping
[ 2026-05-26 16:57:42,642] 24 root - INFO - Match heuristic business names to paybill payments
[ 2026-05-26 16:57:42,642] 173 root - INFO - Data transformation complete
[ 2026-05-26 16:57:42,642] 48 root - INFO - Started Regular Expression mapping
[ 2026-05-26 16:57:42,642] 24 root - INFO - Match heuristic business names to paybill payments
[ 2026-05-26 16:57:42,642] 173 root - INFO - Data transformation complete
[ 2026-05-26 16:57:42,642] 48 root - INFO - Started Regular Expression mapping
[ 2026-05-26 16:57:42,642] 24 root - INFO - Match heuristic business names to paybill payments
[ 2026-05-26 16:57:42,642] 173 root - INFO - Data transformation complete
[ 2026-05-26 16:57:42,642] 48 root - INFO - Started Regular Expression mapping
[ 2026-05-26 16:57:42,644] 173 root - INFO - Data transformation complete
[ 2026-05-26 16:57:42,644] 48 root - INFO - Started Regular Expression mapping
[ 2026-05-26 16:57:42,644] 173 root - INFO - Data transformation complete
[ 2026-05-26 16:57:42,644] 48 root - INFO - Started Regular Expression mapping
[ 2026-05-26 16:57:42,644] 24 root - INFO - Match heuristic business names to paybill payments
[ 2026-05-26 16:57:42,644] 173 root - INFO - Data transformation complete
[ 2026-05-26 16:57:42,644] 48 root - INFO - Started Regular Expression mapping
[ 2026-05-26 16:57:42,644] 24 root - INFO - Match heuristic business names to paybill payments
[ 2026-05-26 16:57:42,644] 173 root - INFO - Data transformation complete
[ 2026-05-26 16:57:42,644] 48 root - INFO - Started Regular Expression mapping
[ 2026-05-26 16:57:42,644] 24 root - INFO - Match heuristic business names to paybill payments
[ 2026-05-26 16:57:42,644] 173 root - INFO - Data transformation complete
[ 2026-05-26 16:57:42,644] 48 root - INFO - Started Regular Expression mapping
[ 2026-05-26 16:57:42,644] 173 root - INFO - Data transformation complete
[ 2026-05-26 16:57:42,646] 48 root - INFO - Started Regular Expression mapping
[ 2026-05-26 16:57:42,646] 173 root - INFO - Data transformation complete
[ 2026-05-26 16:57:42,646] 48 root - INFO - Started Regular Expression mapping
[ 2026-05-26 16:57:42,646] 24 root - INFO - Match heuristic business names to paybill payments
[ 2026-05-26 16:57:42,646] 173 root - INFO - Data transformation complete
[ 2026-05-26 16:57:42,646] 48 root - INFO - Started Regular Expression mapping
[ 2026-05-26 16:57:42,646] 24 root - INFO - Match heuristic business names to paybill payments
[ 2026-05-26 16:57:42,646] 173 root - INFO - Data transformation complete
[ 2026-05-26 16:57:42,646] 48 root - INFO - Started Regular Expression mapping
[ 2026-05-26 16:57:42,646] 24 root - INFO - Match heuristic business names to paybill payments
[ 2026-05-26 16:57:42,646] 173 root - INFO - Data transformation complete
[ 2026-05-26 16:57:42,646] 48 root - INFO - Started Regular Expression mapping
[ 2026-05-26 16:57:42,646] 173 root - INFO - Data transformation complete
[ 2026-05-26 16:57:42,646] 48 root - INFO - Started Regular Expression mapping
[ 2026-05-26 16:57:42,648] 24 root - INFO - Match heuristic business names to paybill payments
[ 2026-05-26 16:57:42,648] 173 root - INFO - Data transformation complete
[ 2026-05-26 16:57:42,648] 48 root - INFO - Started Regular Expression mapping
[ 2026-05-26 16:57:42,648] 173 root - INFO - Data transformation complete
[ 2026-05-26 16:57:42,648] 48 root - INFO - Started Regular Expression mapping
[ 2026-05-26 16:57:42,648] 173 root - INFO - Data transformation complete
[ 2026-05-26 16:57:42,648] 48 root - INFO - Started Regular Expression mapping
[ 2026-05-26 16:57:42,648] 173 root - INFO - Data transformation complete
[ 2026-05-26 16:57:42,648] 48 root - INFO - Started Regular Expression mapping
[ 2026-05-26 16:57:42,648] 173 root - INFO - Data transformation complete
[ 2026-05-26 16:57:42,648] 48 root - INFO - Started Regular Expression mapping
[ 2026-05-26 16:57:42,648] 173 root - INFO - Data transformation complete
[ 2026-05-26 16:57:42,648] 48 root - INFO - Started Regular Expression mapping
[ 2026-05-26 16:57:42,650] 173 root - INFO - Data transformation complete
[ 2026-05-26 16:57:42,650] 48 root - INFO - Started Regular Expression mapping
[ 2026-05-26 16:57:42,650] 173 root - INFO - Data transformation complete
[ 2026-05-26 16:57:42,650] 48 root - INFO - Started Regular Expression mapping
[ 2026-05-26 16:57:42,650] 173 root - INFO - Data transformation complete
[ 2026-05-26 16:57:42,650] 48 root - INFO - Started Regular Expression mapping
[ 2026-05-26 16:57:42,650] 173 root - INFO - Data transformation complete
[ 2026-05-26 16:57:42,650] 48 root - INFO - Started Regular Expression mapping
[ 2026-05-26 16:57:42,650] 173 root - INFO - Data transformation complete
[ 2026-05-26 16:57:42,650] 48 root - INFO - Started Regular Expression mapping
[ 2026-05-26 16:57:42,650] 173 root - INFO - Data transformation complete
[ 2026-05-26 16:57:42,650] 48 root - INFO - Started Regular Expression mapping
[ 2026-05-26 16:57:42,652] 173 root - INFO - Data transformation complete
[ 2026-05-26 16:57:42,652] 48 root - INFO - Started Regular Expression mapping
[ 2026-05-26 16:57:42,652] 173 root - INFO - Data transformation complete
[ 2026-05-26 16:57:42,652] 48 root - INFO - Started Regular Expression mapping
[ 2026-05-26 16:57:42,652] 173 root - INFO - Data transformation complete
[ 2026-05-26 16:57:42,652] 48 root - INFO - Started Regular Expression mapping
[ 2026-05-26 16:57:42,652] 173 root - INFO - Data transformation complete
[ 2026-05-26 16:57:42,652] 48 root - INFO - Started Regular Expression mapping
[ 2026-05-26 16:57:42,652] 173 root - INFO - Data transformation complete
[ 2026-05-26 16:57:42,652] 48 root - INFO - Started Regular Expression mapping
[ 2026-05-26 16:57:42,652] 173 root - INFO - Data transformation complete
[ 2026-05-26 16:57:42,652] 48 root - INFO - Started Regular Expression mapping
[ 2026-05-26 16:57:42,652] 173 root - INFO - Data transformation complete
[ 2026-05-26 16:57:42,654] 48 root - INFO - Started Regular Expression mapping
[ 2026-05-26 16:57:42,654] 173 root - INFO - Data transformation complete
[ 2026-05-26 16:57:42,654] 48 root - INFO - Started Regular Expression mapping
[ 2026-05-26 16:57:42,654] 173 root - INFO - Data transformation complete
[ 2026-05-26 16:57:42,654] 48 root - INFO - Started Regular Expression mapping
[ 2026-05-26 16:57:42,654] 24 root - INFO - Match heuristic business names to paybill payments
[ 2026-05-26 16:57:42,654] 173 root - INFO - Data transformation complete
[ 2026-05-26 16:57:42,654] 48 root - INFO - Started Regular Expression mapping
[ 2026-05-26 16:57:42,654] 173 root - INFO - Data transformation complete
[ 2026-05-26 16:57:42,654] 48 root - INFO - Started Regular Expression mapping
[ 2026-05-26 16:57:42,654] 173 root - INFO - Data transformation complete
[ 2026-05-26 16:57:42,654] 48 root - INFO - Started Regular Expression mapping
[ 2026-05-26 16:57:42,654] 173 root - INFO - Data transformation complete
[ 2026-05-26 16:57:42,656] 48 root - INFO - Started Regular Expression mapping
[ 2026-05-26 16:57:42,656] 173 root - INFO - Data transformation complete
[ 2026-05-26 16:57:42,656] 48 root - INFO - Started Regular Expression mapping
[ 2026-05-26 16:57:42,656] 173 root - INFO - Data transformation complete
[ 2026-05-26 16:57:42,656] 48 root - INFO - Started Regular Expression mapping
[ 2026-05-26 16:57:42,656] 173 root - INFO - Data transformation complete
[ 2026-05-26 16:57:42,656] 48 root - INFO - Started Regular Expression mapping
[ 2026-05-26 16:57:42,656] 173 root - INFO - Data transformation complete
[ 2026-05-26 16:57:42,656] 48 root - INFO - Started Regular Expression mapping
[ 2026-05-26 16:57:42,656] 24 root - INFO - Match heuristic business names to paybill payments
[ 2026-05-26 16:57:42,656] 173 root - INFO - Data transformation complete
[ 2026-05-26 16:57:42,656] 48 root - INFO - Started Regular Expression mapping
[ 2026-05-26 16:57:42,656] 24 root - INFO - Match heuristic business names to paybill payments
[ 2026-05-26 16:57:42,656] 173 root - INFO - Data transformation complete
[ 2026-05-26 16:57:42,658] 48 root - INFO - Started Regular Expression mapping
[ 2026-05-26 16:57:42,658] 24 root - INFO - Match heuristic business names to paybill payments
[ 2026-05-26 16:57:42,658] 173 root - INFO - Data transformation complete
[ 2026-05-26 16:57:42,658] 48 root - INFO - Started Regular Expression mapping
[ 2026-05-26 16:57:42,658] 173 root - INFO - Data transformation complete
[ 2026-05-26 16:57:42,658] 48 root - INFO - Started Regular Expression mapping
[ 2026-05-26 16:57:42,658] 173 root - INFO - Data transformation complete
[ 2026-05-26 16:57:42,658] 48 root - INFO - Started Regular Expression mapping
[ 2026-05-26 16:57:42,658] 173 root - INFO - Data transformation complete
[ 2026-05-26 16:57:42,658] 48 root - INFO - Started Regular Expression mapping
[ 2026-05-26 16:57:42,658] 173 root - INFO - Data transformation complete
[ 2026-05-26 16:57:42,658] 48 root - INFO - Started Regular Expression mapping
[ 2026-05-26 16:57:42,660] 173 root - INFO - Data transformation complete
[ 2026-05-26 16:57:42,660] 48 root - INFO - Started Regular Expression mapping
[ 2026-05-26 16:57:42,660] 173 root - INFO - Data transformation complete
[ 2026-05-26 16:57:42,660] 48 root - INFO - Started Regular Expression mapping
[ 2026-05-26 16:57:42,660] 173 root - INFO - Data transformation complete
[ 2026-05-26 16:57:42,660] 48 root - INFO - Started Regular Expression mapping
[ 2026-05-26 16:57:42,660] 24 root - INFO - Match heuristic business names to paybill payments
[ 2026-05-26 16:57:42,660] 173 root - INFO - Data transformation complete
[ 2026-05-26 16:57:42,660] 48 root - INFO - Started Regular Expression mapping
[ 2026-05-26 16:57:42,660] 173 root - INFO - Data transformation complete
[ 2026-05-26 16:57:42,660] 48 root - INFO - Started Regular Expression mapping
[ 2026-05-26 16:57:42,660] 173 root - INFO - Data transformation complete
[ 2026-05-26 16:57:42,660] 48 root - INFO - Started Regular Expression mapping
[ 2026-05-26 16:57:42,662] 24 root - INFO - Match heuristic business names to paybill payments
[ 2026-05-26 16:57:42,662] 173 root - INFO - Data transformation complete
[ 2026-05-26 16:57:42,662] 48 root - INFO - Started Regular Expression mapping
[ 2026-05-26 16:57:42,662] 173 root - INFO - Data transformation complete
[ 2026-05-26 16:57:42,662] 48 root - INFO - Started Regular Expression mapping
[ 2026-05-26 16:57:42,662] 173 root - INFO - Data transformation complete
[ 2026-05-26 16:57:42,662] 48 root - INFO - Started Regular Expression mapping
[ 2026-05-26 16:57:42,663] 173 root - INFO - Data transformation complete
[ 2026-05-26 16:57:42,663] 48 root - INFO - Started Regular Expression mapping
[ 2026-05-26 16:57:42,663] 24 root - INFO - Match heuristic business names to paybill payments
[ 2026-05-26 16:57:42,663] 173 root - INFO - Data transformation complete
[ 2026-05-26 16:57:42,663] 48 root - INFO - Started Regular Expression mapping
[ 2026-05-26 16:57:42,663] 173 root - INFO - Data transformation complete
[ 2026-05-26 16:57:42,663] 48 root - INFO - Started Regular Expression mapping
[ 2026-05-26 16:57:42,663] 173 root - INFO - Data transformation complete
[ 2026-05-26 16:57:42,663] 48 root - INFO - Started Regular Expression mapping
[ 2026-05-26 16:57:42,663] 24 root - INFO - Match heuristic business names to paybill payments
[ 2026-05-26 16:57:42,663] 173 root - INFO - Data transformation complete
[ 2026-05-26 16:57:42,663] 48 root - INFO - Started Regular Expression mapping
[ 2026-05-26 16:57:42,663] 173 root - INFO - Data transformation complete
[ 2026-05-26 16:57:42,663] 48 root - INFO - Started Regular Expression mapping
[ 2026-05-26 16:57:42,663] 173 root - INFO - Data transformation complete
[ 2026-05-26 16:57:42,663] 48 root - INFO - Started Regular Expression mapping
[ 2026-05-26 16:57:42,663] 173 root - INFO - Data transformation complete
[ 2026-05-26 16:57:42,663] 48 root - INFO - Started Regular Expression mapping
[ 2026-05-26 16:57:42,663] 24 root - INFO - Match heuristic business names to paybill payments
[ 2026-05-26 16:57:42,663] 173 root - INFO - Data transformation complete
[ 2026-05-26 16:57:42,663] 48 root - INFO - Started Regular Expression mapping
[ 2026-05-26 16:57:42,663] 173 root - INFO - Data transformation complete
[ 2026-05-26 16:57:42,663] 48 root - INFO - Started Regular Expression mapping
[ 2026-05-26 16:57:42,663] 24 root - INFO - Match heuristic business names to paybill payments
[ 2026-05-26 16:57:42,663] 173 root - INFO - Data transformation complete
[ 2026-05-26 16:57:42,663] 48 root - INFO - Started Regular Expression mapping
[ 2026-05-26 16:57:42,663] 173 root - INFO - Data transformation complete
[ 2026-05-26 16:57:42,663] 48 root - INFO - Started Regular Expression mapping
[ 2026-05-26 16:57:42,663] 24 root - INFO - Match heuristic business names to paybill payments
[ 2026-05-26 16:57:42,663] 173 root - INFO - Data transformation complete
[ 2026-05-26 16:57:42,663] 48 root - INFO - Started Regular Expression mapping
[ 2026-05-26 16:57:42,663] 173 root - INFO - Data transformation complete
[ 2026-05-26 16:57:42,663] 48 root - INFO - Started Regular Expression mapping
[ 2026-05-26 16:57:42,663] 173 root - INFO - Data transformation complete
[ 2026-05-26 16:57:42,663] 48 root - INFO - Started Regular Expression mapping
[ 2026-05-26 16:57:42,663] 173 root - INFO - Data transformation complete
[ 2026-05-26 16:57:42,663] 48 root - INFO - Started Regular Expression mapping
[ 2026-05-26 16:57:42,663] 173 root - INFO - Data transformation complete
[ 2026-05-26 16:57:42,663] 48 root - INFO - Started Regular Expression mapping
[ 2026-05-26 16:57:42,663] 173 root - INFO - Data transformation complete
[ 2026-05-26 16:57:42,663] 48 root - INFO - Started Regular Expression mapping
[ 2026-05-26 16:57:42,663] 173 root - INFO - Data transformation complete
[ 2026-05-26 16:57:42,663] 48 root - INFO - Started Regular Expression mapping
[ 2026-05-26 16:57:42,663] 173 root - INFO - Data transformation complete
[ 2026-05-26 16:57:42,663] 48 root - INFO - Started Regular Expression mapping
[ 2026-05-26 16:57:42,663] 24 root - INFO - Match heuristic business names to paybill payments
[ 2026-05-26 16:57:42,663] 173 root - INFO - Data transformation complete
[ 2026-05-26 16:57:42,663] 48 root - INFO - Started Regular Expression mapping
[ 2026-05-26 16:57:42,663] 24 root - INFO - Match heuristic business names to paybill payments
[ 2026-05-26 16:57:42,663] 173 root - INFO - Data transformation complete
[ 2026-05-26 16:57:42,663] 48 root - INFO - Started Regular Expression mapping
[ 2026-05-26 16:57:42,663] 173 root - INFO - Data transformation complete
[ 2026-05-26 16:57:42,663] 48 root - INFO - Started Regular Expression mapping
[ 2026-05-26 16:57:42,663] 173 root - INFO - Data transformation complete
[ 2026-05-26 16:57:42,663] 48 root - INFO - Started Regular Expression mapping
[ 2026-05-26 16:57:42,663] 173 root - INFO - Data transformation complete
[ 2026-05-26 16:57:42,663] 48 root - INFO - Started Regular Expression mapping
[ 2026-05-26 16:57:42,663] 173 root - INFO - Data transformation complete
[ 2026-05-26 16:57:42,663] 48 root - INFO - Started Regular Expression mapping
[ 2026-05-26 16:57:42,663] 173 root - INFO - Data transformation complete
[ 2026-05-26 16:57:42,663] 48 root - INFO - Started Regular Expression mapping
[ 2026-05-26 16:57:42,663] 24 root - INFO - Match heuristic business names to paybill payments
[ 2026-05-26 16:57:42,663] 173 root - INFO - Data transformation complete
[ 2026-05-26 16:57:42,663] 48 root - INFO - Started Regular Expression mapping
[ 2026-05-26 16:57:42,663] 24 root - INFO - Match heuristic business names to paybill payments
[ 2026-05-26 16:57:42,663] 173 root - INFO - Data transformation complete
[ 2026-05-26 16:57:42,663] 48 root - INFO - Started Regular Expression mapping
[ 2026-05-26 16:57:42,663] 173 root - INFO - Data transformation complete
[ 2026-05-26 16:57:42,663] 48 root - INFO - Started Regular Expression mapping
[ 2026-05-26 16:57:42,663] 173 root - INFO - Data transformation complete
[ 2026-05-26 16:57:42,663] 48 root - INFO - Started Regular Expression mapping
[ 2026-05-26 16:57:42,663] 173 root - INFO - Data transformation complete
[ 2026-05-26 16:57:42,663] 48 root - INFO - Started Regular Expression mapping
[ 2026-05-26 16:57:42,663] 173 root - INFO - Data transformation complete
[ 2026-05-26 16:57:42,663] 48 root - INFO - Started Regular Expression mapping
[ 2026-05-26 16:57:42,663] 173 root - INFO - Data transformation complete
[ 2026-05-26 16:57:42,663] 48 root - INFO - Started Regular Expression mapping
[ 2026-05-26 16:57:42,663] 24 root - INFO - Match heuristic business names to paybill payments
[ 2026-05-26 16:57:42,663] 173 root - INFO - Data transformation complete
[ 2026-05-26 16:57:42,663] 48 root - INFO - Started Regular Expression mapping
[ 2026-05-26 16:57:42,663] 24 root - INFO - Match heuristic business names to paybill payments
[ 2026-05-26 16:57:42,663] 173 root - INFO - Data transformation complete
[ 2026-05-26 16:57:42,663] 48 root - INFO - Started Regular Expression mapping
[ 2026-05-26 16:57:42,663] 173 root - INFO - Data transformation complete
[ 2026-05-26 16:57:42,663] 48 root - INFO - Started Regular Expression mapping
[ 2026-05-26 16:57:42,663] 173 root - INFO - Data transformation complete
[ 2026-05-26 16:57:42,663] 48 root - INFO - Started Regular Expression mapping
[ 2026-05-26 16:57:42,663] 173 root - INFO - Data transformation complete
[ 2026-05-26 16:57:42,663] 48 root - INFO - Started Regular Expression mapping
[ 2026-05-26 16:57:42,663] 24 root - INFO - Match heuristic business names to paybill payments
[ 2026-05-26 16:57:42,663] 173 root - INFO - Data transformation complete
[ 2026-05-26 16:57:42,663] 48 root - INFO - Started Regular Expression mapping
[ 2026-05-26 16:57:42,663] 173 root - INFO - Data transformation complete
[ 2026-05-26 16:57:42,663] 48 root - INFO - Started Regular Expression mapping
[ 2026-05-26 16:57:42,679] 173 root - INFO - Data transformation complete
[ 2026-05-26 16:57:42,679] 48 root - INFO - Started Regular Expression mapping
[ 2026-05-26 16:57:42,679] 173 root - INFO - Data transformation complete
[ 2026-05-26 16:57:42,679] 48 root - INFO - Started Regular Expression mapping
[ 2026-05-26 16:57:42,679] 173 root - INFO - Data transformation complete
[ 2026-05-26 16:57:42,679] 48 root - INFO - Started Regular Expression mapping
[ 2026-05-26 16:57:42,679] 173 root - INFO - Data transformation complete
[ 2026-05-26 16:57:42,679] 48 root - INFO - Started Regular Expression mapping
[ 2026-05-26 16:57:42,679] 173 root - INFO - Data transformation complete
[ 2026-05-26 16:57:42,679] 48 root - INFO - Started Regular Expression mapping
[ 2026-05-26 16:57:42,679] 24 root - INFO - Match heuristic business names to paybill payments
[ 2026-05-26 16:57:42,679] 173 root - INFO - Data transformation complete
[ 2026-05-26 16:57:42,679] 48 root - INFO - Started Regular Expression mapping
[ 2026-05-26 16:57:42,679] 24 root - INFO - Match heuristic business names to paybill payments
[ 2026-05-26 16:57:42,679] 173 root - INFO - Data transformation complete
[ 2026-05-26 16:57:42,679] 48 root - INFO - Started Regular Expression mapping
[ 2026-05-26 16:57:42,679] 173 root - INFO - Data transformation complete
[ 2026-05-26 16:57:42,679] 48 root - INFO - Started Regular Expression mapping
[ 2026-05-26 16:57:42,679] 173 root - INFO - Data transformation complete
[ 2026-05-26 16:57:42,679] 48 root - INFO - Started Regular Expression mapping
[ 2026-05-26 16:57:42,679] 173 root - INFO - Data transformation complete
[ 2026-05-26 16:57:42,679] 48 root - INFO - Started Regular Expression mapping
[ 2026-05-26 16:57:42,679] 24 root - INFO - Match heuristic business names to paybill payments
[ 2026-05-26 16:57:42,679] 173 root - INFO - Data transformation complete
[ 2026-05-26 16:57:42,679] 48 root - INFO - Started Regular Expression mapping
[ 2026-05-26 16:57:42,679] 24 root - INFO - Match heuristic business names to paybill payments
[ 2026-05-26 16:57:42,679] 173 root - INFO - Data transformation complete
[ 2026-05-26 16:57:42,679] 48 root - INFO - Started Regular Expression mapping
[ 2026-05-26 16:57:42,679] 24 root - INFO - Match heuristic business names to paybill payments
[ 2026-05-26 16:57:42,679] 173 root - INFO - Data transformation complete
[ 2026-05-26 16:57:42,679] 48 root - INFO - Started Regular Expression mapping
[ 2026-05-26 16:57:42,679] 24 root - INFO - Match heuristic business names to paybill payments
[ 2026-05-26 16:57:42,679] 173 root - INFO - Data transformation complete
[ 2026-05-26 16:57:42,679] 48 root - INFO - Started Regular Expression mapping
[ 2026-05-26 16:57:42,679] 173 root - INFO - Data transformation complete
[ 2026-05-26 16:57:42,679] 48 root - INFO - Started Regular Expression mapping
[ 2026-05-26 16:57:42,679] 173 root - INFO - Data transformation complete
[ 2026-05-26 16:57:42,679] 48 root - INFO - Started Regular Expression mapping
[ 2026-05-26 16:57:42,679] 173 root - INFO - Data transformation complete
[ 2026-05-26 16:57:42,679] 48 root - INFO - Started Regular Expression mapping
[ 2026-05-26 16:57:42,679] 24 root - INFO - Match heuristic business names to paybill payments
[ 2026-05-26 16:57:42,679] 173 root - INFO - Data transformation complete
[ 2026-05-26 16:57:42,679] 48 root - INFO - Started Regular Expression mapping
[ 2026-05-26 16:57:42,679] 24 root - INFO - Match heuristic business names to paybill payments
[ 2026-05-26 16:57:42,679] 173 root - INFO - Data transformation complete
[ 2026-05-26 16:57:42,679] 48 root - INFO - Started Regular Expression mapping
[ 2026-05-26 16:57:42,679] 173 root - INFO - Data transformation complete
[ 2026-05-26 16:57:42,679] 48 root - INFO - Started Regular Expression mapping
[ 2026-05-26 16:57:42,679] 173 root - INFO - Data transformation complete
[ 2026-05-26 16:57:42,679] 48 root - INFO - Started Regular Expression mapping
[ 2026-05-26 16:57:42,679] 173 root - INFO - Data transformation complete
[ 2026-05-26 16:57:42,679] 48 root - INFO - Started Regular Expression mapping
[ 2026-05-26 16:57:42,679] 173 root - INFO - Data transformation complete
[ 2026-05-26 16:57:42,679] 48 root - INFO - Started Regular Expression mapping
[ 2026-05-26 16:57:42,679] 173 root - INFO - Data transformation complete
[ 2026-05-26 16:57:42,679] 48 root - INFO - Started Regular Expression mapping
[ 2026-05-26 16:57:42,679] 173 root - INFO - Data transformation complete
[ 2026-05-26 16:57:42,679] 48 root - INFO - Started Regular Expression mapping
[ 2026-05-26 16:57:42,679] 173 root - INFO - Data transformation complete
[ 2026-05-26 16:57:42,679] 48 root - INFO - Started Regular Expression mapping
[ 2026-05-26 16:57:42,679] 173 root - INFO - Data transformation complete
[ 2026-05-26 16:57:42,679] 48 root - INFO - Started Regular Expression mapping
[ 2026-05-26 16:57:42,679] 173 root - INFO - Data transformation complete
[ 2026-05-26 16:57:42,679] 48 root - INFO - Started Regular Expression mapping
[ 2026-05-26 16:57:42,679] 24 root - INFO - Match heuristic business names to paybill payments
[ 2026-05-26 16:57:42,679] 173 root - INFO - Data transformation complete
[ 2026-05-26 16:57:42,679] 48 root - INFO - Started Regular Expression mapping
[ 2026-05-26 16:57:42,679] 173 root - INFO - Data transformation complete
[ 2026-05-26 16:57:42,679] 48 root - INFO - Started Regular Expression mapping
[ 2026-05-26 16:57:42,679] 24 root - INFO - Match heuristic business names to paybill payments
[ 2026-05-26 16:57:42,679] 173 root - INFO - Data transformation complete
[ 2026-05-26 16:57:42,679] 48 root - INFO - Started Regular Expression mapping
[ 2026-05-26 16:57:42,679] 24 root - INFO - Match heuristic business names to paybill payments
[ 2026-05-26 16:57:42,679] 173 root - INFO - Data transformation complete
[ 2026-05-26 16:57:42,679] 48 root - INFO - Started Regular Expression mapping
[ 2026-05-26 16:57:42,679] 173 root - INFO - Data transformation complete
[ 2026-05-26 16:57:42,679] 48 root - INFO - Started Regular Expression mapping
[ 2026-05-26 16:57:42,679] 173 root - INFO - Data transformation complete
[ 2026-05-26 16:57:42,679] 48 root - INFO - Started Regular Expression mapping
[ 2026-05-26 16:57:42,679] 24 root - INFO - Match heuristic business names to paybill payments
[ 2026-05-26 16:57:42,679] 173 root - INFO - Data transformation complete
[ 2026-05-26 16:57:42,679] 48 root - INFO - Started Regular Expression mapping
[ 2026-05-26 16:57:42,679] 173 root - INFO - Data transformation complete
[ 2026-05-26 16:57:42,679] 48 root - INFO - Started Regular Expression mapping
[ 2026-05-26 16:57:42,679] 173 root - INFO - Data transformation complete
[ 2026-05-26 16:57:42,679] 48 root - INFO - Started Regular Expression mapping
[ 2026-05-26 16:57:42,679] 173 root - INFO - Data transformation complete
[ 2026-05-26 16:57:42,679] 48 root - INFO - Started Regular Expression mapping
[ 2026-05-26 16:57:42,679] 173 root - INFO - Data transformation complete
[ 2026-05-26 16:57:42,679] 48 root - INFO - Started Regular Expression mapping
[ 2026-05-26 16:57:42,679] 173 root - INFO - Data transformation complete
[ 2026-05-26 16:57:42,679] 48 root - INFO - Started Regular Expression mapping
[ 2026-05-26 16:57:42,679] 173 root - INFO - Data transformation complete
[ 2026-05-26 16:57:42,679] 48 root - INFO - Started Regular Expression mapping
[ 2026-05-26 16:57:42,679] 173 root - INFO - Data transformation complete
[ 2026-05-26 16:57:42,679] 48 root - INFO - Started Regular Expression mapping
[ 2026-05-26 16:57:42,679] 173 root - INFO - Data transformation complete
[ 2026-05-26 16:57:42,695] 48 root - INFO - Started Regular Expression mapping
[ 2026-05-26 16:57:42,695] 173 root - INFO - Data transformation complete
[ 2026-05-26 16:57:42,695] 48 root - INFO - Started Regular Expression mapping
[ 2026-05-26 16:57:42,695] 173 root - INFO - Data transformation complete
[ 2026-05-26 16:57:42,695] 48 root - INFO - Started Regular Expression mapping
[ 2026-05-26 16:57:42,695] 173 root - INFO - Data transformation complete
[ 2026-05-26 16:57:42,695] 48 root - INFO - Started Regular Expression mapping
[ 2026-05-26 16:57:42,695] 24 root - INFO - Match heuristic business names to paybill payments
[ 2026-05-26 16:57:42,695] 173 root - INFO - Data transformation complete
[ 2026-05-26 16:57:42,695] 48 root - INFO - Started Regular Expression mapping
[ 2026-05-26 16:57:42,695] 173 root - INFO - Data transformation complete
[ 2026-05-26 16:57:42,695] 48 root - INFO - Started Regular Expression mapping
[ 2026-05-26 16:57:42,695] 173 root - INFO - Data transformation complete
[ 2026-05-26 16:57:42,695] 48 root - INFO - Started Regular Expression mapping
[ 2026-05-26 16:57:42,695] 173 root - INFO - Data transformation complete
[ 2026-05-26 16:57:42,695] 48 root - INFO - Started Regular Expression mapping
[ 2026-05-26 16:57:42,695] 173 root - INFO - Data transformation complete
[ 2026-05-26 16:57:42,695] 48 root - INFO - Started Regular Expression mapping
[ 2026-05-26 16:57:42,695] 173 root - INFO - Data transformation complete
[ 2026-05-26 16:57:42,695] 48 root - INFO - Started Regular Expression mapping
[ 2026-05-26 16:57:42,695] 173 root - INFO - Data transformation complete
[ 2026-05-26 16:57:42,695] 48 root - INFO - Started Regular Expression mapping
[ 2026-05-26 16:57:42,695] 173 root - INFO - Data transformation complete
[ 2026-05-26 16:57:42,695] 48 root - INFO - Started Regular Expression mapping
[ 2026-05-26 16:57:42,695] 173 root - INFO - Data transformation complete
[ 2026-05-26 16:57:42,695] 48 root - INFO - Started Regular Expression mapping
[ 2026-05-26 16:57:42,695] 24 root - INFO - Match heuristic business names to paybill payments
[ 2026-05-26 16:57:42,695] 173 root - INFO - Data transformation complete
[ 2026-05-26 16:57:42,695] 48 root - INFO - Started Regular Expression mapping
[ 2026-05-26 16:57:42,695] 173 root - INFO - Data transformation complete
[ 2026-05-26 16:57:42,695] 48 root - INFO - Started Regular Expression mapping
[ 2026-05-26 16:57:42,695] 173 root - INFO - Data transformation complete
[ 2026-05-26 16:57:42,695] 48 root - INFO - Started Regular Expression mapping
[ 2026-05-26 16:57:42,695] 24 root - INFO - Match heuristic business names to paybill payments
[ 2026-05-26 16:57:42,695] 173 root - INFO - Data transformation complete
[ 2026-05-26 16:57:42,695] 48 root - INFO - Started Regular Expression mapping
[ 2026-05-26 16:57:42,695] 173 root - INFO - Data transformation complete
[ 2026-05-26 16:57:42,695] 48 root - INFO - Started Regular Expression mapping
[ 2026-05-26 16:57:42,695] 173 root - INFO - Data transformation complete
[ 2026-05-26 16:57:42,695] 48 root - INFO - Started Regular Expression mapping
[ 2026-05-26 16:57:42,695] 24 root - INFO - Match heuristic business names to paybill payments
[ 2026-05-26 16:57:42,695] 173 root - INFO - Data transformation complete
[ 2026-05-26 16:57:42,695] 48 root - INFO - Started Regular Expression mapping
[ 2026-05-26 16:57:42,695] 173 root - INFO - Data transformation complete
[ 2026-05-26 16:57:42,695] 48 root - INFO - Started Regular Expression mapping
[ 2026-05-26 16:57:42,695] 173 root - INFO - Data transformation complete
[ 2026-05-26 16:57:42,695] 48 root - INFO - Started Regular Expression mapping
[ 2026-05-26 16:57:42,695] 173 root - INFO - Data transformation complete
[ 2026-05-26 16:57:42,695] 48 root - INFO - Started Regular Expression mapping
[ 2026-05-26 16:57:42,695] 173 root - INFO - Data transformation complete
[ 2026-05-26 16:57:42,695] 48 root - INFO - Started Regular Expression mapping
[ 2026-05-26 16:57:42,695] 173 root - INFO - Data transformation complete
[ 2026-05-26 16:57:42,695] 48 root - INFO - Started Regular Expression mapping
[ 2026-05-26 16:57:42,695] 24 root - INFO - Match heuristic business names to paybill payments
[ 2026-05-26 16:57:42,695] 173 root - INFO - Data transformation complete
[ 2026-05-26 16:57:42,695] 48 root - INFO - Started Regular Expression mapping
[ 2026-05-26 16:57:42,695] 173 root - INFO - Data transformation complete
[ 2026-05-26 16:57:42,695] 48 root - INFO - Started Regular Expression mapping
[ 2026-05-26 16:57:42,695] 173 root - INFO - Data transformation complete
[ 2026-05-26 16:57:42,695] 48 root - INFO - Started Regular Expression mapping
[ 2026-05-26 16:57:42,695] 24 root - INFO - Match heuristic business names to paybill payments
[ 2026-05-26 16:57:42,695] 173 root - INFO - Data transformation complete
[ 2026-05-26 16:57:42,695] 48 root - INFO - Started Regular Expression mapping
[ 2026-05-26 16:57:42,695] 173 root - INFO - Data transformation complete
[ 2026-05-26 16:57:42,695] 48 root - INFO - Started Regular Expression mapping
[ 2026-05-26 16:57:42,695] 24 root - INFO - Match heuristic business names to paybill payments
[ 2026-05-26 16:57:42,695] 173 root - INFO - Data transformation complete
[ 2026-05-26 16:57:42,695] 48 root - INFO - Started Regular Expression mapping
[ 2026-05-26 16:57:42,695] 173 root - INFO - Data transformation complete
[ 2026-05-26 16:57:42,695] 48 root - INFO - Started Regular Expression mapping
[ 2026-05-26 16:57:42,695] 173 root - INFO - Data transformation complete
[ 2026-05-26 16:57:42,695] 48 root - INFO - Started Regular Expression mapping
[ 2026-05-26 16:57:42,695] 24 root - INFO - Match heuristic business names to paybill payments
[ 2026-05-26 16:57:42,695] 173 root - INFO - Data transformation complete
[ 2026-05-26 16:57:42,695] 48 root - INFO - Started Regular Expression mapping
[ 2026-05-26 16:57:42,695] 173 root - INFO - Data transformation complete
[ 2026-05-26 16:57:42,695] 48 root - INFO - Started Regular Expression mapping
[ 2026-05-26 16:57:42,695] 173 root - INFO - Data transformation complete
[ 2026-05-26 16:57:42,695] 48 root - INFO - Started Regular Expression mapping
[ 2026-05-26 16:57:42,695] 173 root - INFO - Data transformation complete
[ 2026-05-26 16:57:42,695] 48 root - INFO - Started Regular Expression mapping
[ 2026-05-26 16:57:42,695] 173 root - INFO - Data transformation complete
[ 2026-05-26 16:57:42,711] 48 root - INFO - Started Regular Expression mapping
[ 2026-05-26 16:57:42,711] 173 root - INFO - Data transformation complete
[ 2026-05-26 16:57:42,711] 48 root - INFO - Started Regular Expression mapping
[ 2026-05-26 16:57:42,711] 24 root - INFO - Match heuristic business names to paybill payments
[ 2026-05-26 16:57:42,711] 173 root - INFO - Data transformation complete
[ 2026-05-26 16:57:42,711] 48 root - INFO - Started Regular Expression mapping
[ 2026-05-26 16:57:42,712] 173 root - INFO - Data transformation complete
[ 2026-05-26 16:57:42,712] 48 root - INFO - Started Regular Expression mapping
[ 2026-05-26 16:57:42,712] 173 root - INFO - Data transformation complete
[ 2026-05-26 16:57:42,712] 48 root - INFO - Started Regular Expression mapping
[ 2026-05-26 16:57:42,712] 173 root - INFO - Data transformation complete
[ 2026-05-26 16:57:42,712] 48 root - INFO - Started Regular Expression mapping
[ 2026-05-26 16:57:42,712] 173 root - INFO - Data transformation complete
[ 2026-05-26 16:57:42,712] 48 root - INFO - Started Regular Expression mapping
[ 2026-05-26 16:57:42,712] 173 root - INFO - Data transformation complete
[ 2026-05-26 16:57:42,712] 48 root - INFO - Started Regular Expression mapping
[ 2026-05-26 16:57:42,712] 173 root - INFO - Data transformation complete
[ 2026-05-26 16:57:42,712] 48 root - INFO - Started Regular Expression mapping
[ 2026-05-26 16:57:42,712] 173 root - INFO - Data transformation complete
[ 2026-05-26 16:57:42,712] 48 root - INFO - Started Regular Expression mapping
[ 2026-05-26 16:57:42,712] 24 root - INFO - Match heuristic business names to paybill payments
[ 2026-05-26 16:57:42,712] 173 root - INFO - Data transformation complete
[ 2026-05-26 16:57:42,712] 48 root - INFO - Started Regular Expression mapping
[ 2026-05-26 16:57:42,712] 173 root - INFO - Data transformation complete
[ 2026-05-26 16:57:42,712] 48 root - INFO - Started Regular Expression mapping
[ 2026-05-26 16:57:42,712] 173 root - INFO - Data transformation complete
[ 2026-05-26 16:57:42,712] 48 root - INFO - Started Regular Expression mapping
[ 2026-05-26 16:57:42,712] 173 root - INFO - Data transformation complete
[ 2026-05-26 16:57:42,712] 48 root - INFO - Started Regular Expression mapping
[ 2026-05-26 16:57:42,712] 173 root - INFO - Data transformation complete
[ 2026-05-26 16:57:42,712] 48 root - INFO - Started Regular Expression mapping
[ 2026-05-26 16:57:42,712] 173 root - INFO - Data transformation complete
[ 2026-05-26 16:57:42,712] 48 root - INFO - Started Regular Expression mapping
[ 2026-05-26 16:57:42,712] 173 root - INFO - Data transformation complete
[ 2026-05-26 16:57:42,712] 48 root - INFO - Started Regular Expression mapping
[ 2026-05-26 16:57:42,712] 173 root - INFO - Data transformation complete
[ 2026-05-26 16:57:42,712] 48 root - INFO - Started Regular Expression mapping
[ 2026-05-26 16:57:42,712] 24 root - INFO - Match heuristic business names to paybill payments
[ 2026-05-26 16:57:42,712] 173 root - INFO - Data transformation complete
[ 2026-05-26 16:57:42,712] 48 root - INFO - Started Regular Expression mapping
[ 2026-05-26 16:57:42,712] 24 root - INFO - Match heuristic business names to paybill payments
[ 2026-05-26 16:57:42,712] 173 root - INFO - Data transformation complete
[ 2026-05-26 16:57:42,712] 48 root - INFO - Started Regular Expression mapping
[ 2026-05-26 16:57:42,712] 173 root - INFO - Data transformation complete
[ 2026-05-26 16:57:42,712] 48 root - INFO - Started Regular Expression mapping
[ 2026-05-26 16:57:42,712] 173 root - INFO - Data transformation complete
[ 2026-05-26 16:57:42,712] 48 root - INFO - Started Regular Expression mapping
[ 2026-05-26 16:57:42,712] 24 root - INFO - Match heuristic business names to paybill payments
[ 2026-05-26 16:57:42,712] 173 root - INFO - Data transformation complete
[ 2026-05-26 16:57:42,712] 48 root - INFO - Started Regular Expression mapping
[ 2026-05-26 16:57:42,712] 173 root - INFO - Data transformation complete
[ 2026-05-26 16:57:42,712] 48 root - INFO - Started Regular Expression mapping
[ 2026-05-26 16:57:42,712] 173 root - INFO - Data transformation complete
[ 2026-05-26 16:57:42,712] 48 root - INFO - Started Regular Expression mapping
[ 2026-05-26 16:57:42,712] 24 root - INFO - Match heuristic business names to paybill payments
[ 2026-05-26 16:57:42,712] 173 root - INFO - Data transformation complete
[ 2026-05-26 16:57:42,712] 48 root - INFO - Started Regular Expression mapping
[ 2026-05-26 16:57:42,712] 24 root - INFO - Match heuristic business names to paybill payments
[ 2026-05-26 16:57:42,712] 173 root - INFO - Data transformation complete
[ 2026-05-26 16:57:42,712] 48 root - INFO - Started Regular Expression mapping
[ 2026-05-26 16:57:42,712] 24 root - INFO - Match heuristic business names to paybill payments
[ 2026-05-26 16:57:42,712] 173 root - INFO - Data transformation complete
[ 2026-05-26 16:57:42,712] 48 root - INFO - Started Regular Expression mapping
[ 2026-05-26 16:57:42,712] 173 root - INFO - Data transformation complete
[ 2026-05-26 16:57:42,712] 48 root - INFO - Started Regular Expression mapping
[ 2026-05-26 16:57:42,712] 173 root - INFO - Data transformation complete
[ 2026-05-26 16:57:42,712] 48 root - INFO - Started Regular Expression mapping
[ 2026-05-26 16:57:42,712] 173 root - INFO - Data transformation complete
[ 2026-05-26 16:57:42,712] 48 root - INFO - Started Regular Expression mapping
[ 2026-05-26 16:57:42,712] 173 root - INFO - Data transformation complete
[ 2026-05-26 16:57:42,712] 48 root - INFO - Started Regular Expression mapping
[ 2026-05-26 16:57:42,712] 24 root - INFO - Match heuristic business names to paybill payments
[ 2026-05-26 16:57:42,712] 173 root - INFO - Data transformation complete
[ 2026-05-26 16:57:42,712] 48 root - INFO - Started Regular Expression mapping
[ 2026-05-26 16:57:42,712] 173 root - INFO - Data transformation complete
[ 2026-05-26 16:57:42,712] 48 root - INFO - Started Regular Expression mapping
[ 2026-05-26 16:57:42,712] 173 root - INFO - Data transformation complete
[ 2026-05-26 16:57:42,712] 48 root - INFO - Started Regular Expression mapping
[ 2026-05-26 16:57:42,712] 173 root - INFO - Data transformation complete
[ 2026-05-26 16:57:42,712] 48 root - INFO - Started Regular Expression mapping
[ 2026-05-26 16:57:42,712] 173 root - INFO - Data transformation complete
[ 2026-05-26 16:57:42,712] 48 root - INFO - Started Regular Expression mapping
[ 2026-05-26 16:57:42,712] 24 root - INFO - Match heuristic business names to paybill payments
[ 2026-05-26 16:57:42,712] 173 root - INFO - Data transformation complete
[ 2026-05-26 16:57:42,712] 48 root - INFO - Started Regular Expression mapping
[ 2026-05-26 16:57:42,712] 173 root - INFO - Data transformation complete
[ 2026-05-26 16:57:42,727] 48 root - INFO - Started Regular Expression mapping
[ 2026-05-26 16:57:42,727] 24 root - INFO - Match heuristic business names to paybill payments
[ 2026-05-26 16:57:42,727] 173 root - INFO - Data transformation complete
[ 2026-05-26 16:57:42,727] 48 root - INFO - Started Regular Expression mapping
[ 2026-05-26 16:57:42,727] 173 root - INFO - Data transformation complete
[ 2026-05-26 16:57:42,727] 48 root - INFO - Started Regular Expression mapping
[ 2026-05-26 16:57:42,727] 173 root - INFO - Data transformation complete
[ 2026-05-26 16:57:42,727] 48 root - INFO - Started Regular Expression mapping
[ 2026-05-26 16:57:42,727] 173 root - INFO - Data transformation complete
[ 2026-05-26 16:57:42,727] 48 root - INFO - Started Regular Expression mapping
[ 2026-05-26 16:57:42,727] 173 root - INFO - Data transformation complete
[ 2026-05-26 16:57:42,727] 48 root - INFO - Started Regular Expression mapping
[ 2026-05-26 16:57:42,727] 173 root - INFO - Data transformation complete
[ 2026-05-26 16:57:42,727] 48 root - INFO - Started Regular Expression mapping
[ 2026-05-26 16:57:42,727] 24 root - INFO - Match heuristic business names to paybill payments
[ 2026-05-26 16:57:42,727] 173 root - INFO - Data transformation complete
[ 2026-05-26 16:57:42,727] 48 root - INFO - Started Regular Expression mapping
[ 2026-05-26 16:57:42,727] 173 root - INFO - Data transformation complete
[ 2026-05-26 16:57:42,727] 48 root - INFO - Started Regular Expression mapping
[ 2026-05-26 16:57:42,727] 173 root - INFO - Data transformation complete
[ 2026-05-26 16:57:42,727] 48 root - INFO - Started Regular Expression mapping
[ 2026-05-26 16:57:42,727] 173 root - INFO - Data transformation complete
[ 2026-05-26 16:57:42,727] 48 root - INFO - Started Regular Expression mapping
[ 2026-05-26 16:57:42,727] 24 root - INFO - Match heuristic business names to paybill payments
[ 2026-05-26 16:57:42,727] 173 root - INFO - Data transformation complete
[ 2026-05-26 16:57:42,727] 48 root - INFO - Started Regular Expression mapping
[ 2026-05-26 16:57:42,727] 173 root - INFO - Data transformation complete
[ 2026-05-26 16:57:42,727] 48 root - INFO - Started Regular Expression mapping
[ 2026-05-26 16:57:42,727] 173 root - INFO - Data transformation complete
[ 2026-05-26 16:57:42,727] 48 root - INFO - Started Regular Expression mapping
[ 2026-05-26 16:57:42,727] 173 root - INFO - Data transformation complete
[ 2026-05-26 16:57:42,727] 48 root - INFO - Started Regular Expression mapping
[ 2026-05-26 16:57:42,727] 173 root - INFO - Data transformation complete
[ 2026-05-26 16:57:42,727] 48 root - INFO - Started Regular Expression mapping
[ 2026-05-26 16:57:42,727] 173 root - INFO - Data transformation complete
[ 2026-05-26 16:57:42,727] 48 root - INFO - Started Regular Expression mapping
[ 2026-05-26 16:57:42,727] 173 root - INFO - Data transformation complete
[ 2026-05-26 16:57:42,727] 48 root - INFO - Started Regular Expression mapping
[ 2026-05-26 16:57:42,727] 173 root - INFO - Data transformation complete
[ 2026-05-26 16:57:42,727] 48 root - INFO - Started Regular Expression mapping
[ 2026-05-26 16:57:42,727] 24 root - INFO - Match heuristic business names to paybill payments
[ 2026-05-26 16:57:42,727] 173 root - INFO - Data transformation complete
[ 2026-05-26 16:57:42,727] 48 root - INFO - Started Regular Expression mapping
[ 2026-05-26 16:57:42,727] 173 root - INFO - Data transformation complete
[ 2026-05-26 16:57:42,727] 48 root - INFO - Started Regular Expression mapping
[ 2026-05-26 16:57:42,727] 173 root - INFO - Data transformation complete
[ 2026-05-26 16:57:42,727] 48 root - INFO - Started Regular Expression mapping
[ 2026-05-26 16:57:42,727] 173 root - INFO - Data transformation complete
[ 2026-05-26 16:57:42,727] 48 root - INFO - Started Regular Expression mapping
[ 2026-05-26 16:57:42,727] 173 root - INFO - Data transformation complete
[ 2026-05-26 16:57:42,727] 48 root - INFO - Started Regular Expression mapping
[ 2026-05-26 16:57:42,727] 173 root - INFO - Data transformation complete
[ 2026-05-26 16:57:42,727] 48 root - INFO - Started Regular Expression mapping
[ 2026-05-26 16:57:42,727] 173 root - INFO - Data transformation complete
[ 2026-05-26 16:57:42,727] 48 root - INFO - Started Regular Expression mapping
[ 2026-05-26 16:57:42,727] 24 root - INFO - Match heuristic business names to paybill payments
[ 2026-05-26 16:57:42,727] 173 root - INFO - Data transformation complete
[ 2026-05-26 16:57:42,727] 48 root - INFO - Started Regular Expression mapping
[ 2026-05-26 16:57:42,727] 24 root - INFO - Match heuristic business names to paybill payments
[ 2026-05-26 16:57:42,727] 173 root - INFO - Data transformation complete
[ 2026-05-26 16:57:42,727] 48 root - INFO - Started Regular Expression mapping
[ 2026-05-26 16:57:42,727] 173 root - INFO - Data transformation complete
[ 2026-05-26 16:57:42,727] 48 root - INFO - Started Regular Expression mapping
[ 2026-05-26 16:57:42,727] 173 root - INFO - Data transformation complete
[ 2026-05-26 16:57:42,727] 48 root - INFO - Started Regular Expression mapping
[ 2026-05-26 16:57:42,727] 173 root - INFO - Data transformation complete
[ 2026-05-26 16:57:42,727] 48 root - INFO - Started Regular Expression mapping
[ 2026-05-26 16:57:42,727] 173 root - INFO - Data transformation complete
[ 2026-05-26 16:57:42,727] 48 root - INFO - Started Regular Expression mapping
[ 2026-05-26 16:57:42,727] 173 root - INFO - Data transformation complete
[ 2026-05-26 16:57:42,727] 48 root - INFO - Started Regular Expression mapping
[ 2026-05-26 16:57:42,727] 24 root - INFO - Match heuristic business names to paybill payments
[ 2026-05-26 16:57:42,727] 173 root - INFO - Data transformation complete
[ 2026-05-26 16:57:42,727] 48 root - INFO - Started Regular Expression mapping
[ 2026-05-26 16:57:42,727] 173 root - INFO - Data transformation complete
[ 2026-05-26 16:57:42,727] 48 root - INFO - Started Regular Expression mapping
[ 2026-05-26 16:57:42,727] 173 root - INFO - Data transformation complete
[ 2026-05-26 16:57:42,727] 48 root - INFO - Started Regular Expression mapping
[ 2026-05-26 16:57:42,727] 173 root - INFO - Data transformation complete
[ 2026-05-26 16:57:42,727] 48 root - INFO - Started Regular Expression mapping
[ 2026-05-26 16:57:42,727] 24 root - INFO - Match heuristic business names to paybill payments
[ 2026-05-26 16:57:42,727] 173 root - INFO - Data transformation complete
[ 2026-05-26 16:57:42,727] 48 root - INFO - Started Regular Expression mapping
[ 2026-05-26 16:57:42,727] 173 root - INFO - Data transformation complete
[ 2026-05-26 16:57:42,727] 48 root - INFO - Started Regular Expression mapping
[ 2026-05-26 16:57:42,743] 173 root - INFO - Data transformation complete
[ 2026-05-26 16:57:42,743] 48 root - INFO - Started Regular Expression mapping
[ 2026-05-26 16:57:42,743] 173 root - INFO - Data transformation complete
[ 2026-05-26 16:57:42,743] 48 root - INFO - Started Regular Expression mapping
[ 2026-05-26 16:57:42,743] 173 root - INFO - Data transformation complete
[ 2026-05-26 16:57:42,743] 48 root - INFO - Started Regular Expression mapping
[ 2026-05-26 16:57:42,743] 173 root - INFO - Data transformation complete
[ 2026-05-26 16:57:42,743] 48 root - INFO - Started Regular Expression mapping
[ 2026-05-26 16:57:42,743] 173 root - INFO - Data transformation complete
[ 2026-05-26 16:57:42,745] 48 root - INFO - Started Regular Expression mapping
[ 2026-05-26 16:57:42,745] 173 root - INFO - Data transformation complete
[ 2026-05-26 16:57:42,745] 48 root - INFO - Started Regular Expression mapping
[ 2026-05-26 16:57:42,745] 173 root - INFO - Data transformation complete
[ 2026-05-26 16:57:42,745] 48 root - INFO - Started Regular Expression mapping
[ 2026-05-26 16:57:42,745] 173 root - INFO - Data transformation complete
[ 2026-05-26 16:57:42,745] 48 root - INFO - Started Regular Expression mapping
[ 2026-05-26 16:57:42,745] 173 root - INFO - Data transformation complete
[ 2026-05-26 16:57:42,745] 48 root - INFO - Started Regular Expression mapping
[ 2026-05-26 16:57:42,745] 173 root - INFO - Data transformation complete
[ 2026-05-26 16:57:42,745] 48 root - INFO - Started Regular Expression mapping
[ 2026-05-26 16:57:42,747] 173 root - INFO - Data transformation complete
[ 2026-05-26 16:57:42,747] 48 root - INFO - Started Regular Expression mapping
[ 2026-05-26 16:57:42,747] 173 root - INFO - Data transformation complete
[ 2026-05-26 16:57:42,747] 48 root - INFO - Started Regular Expression mapping
[ 2026-05-26 16:57:42,747] 173 root - INFO - Data transformation complete
[ 2026-05-26 16:57:42,747] 48 root - INFO - Started Regular Expression mapping
[ 2026-05-26 16:57:42,747] 173 root - INFO - Data transformation complete
[ 2026-05-26 16:57:42,747] 48 root - INFO - Started Regular Expression mapping
[ 2026-05-26 16:57:42,747] 173 root - INFO - Data transformation complete
[ 2026-05-26 16:57:42,747] 48 root - INFO - Started Regular Expression mapping
[ 2026-05-26 16:57:42,747] 173 root - INFO - Data transformation complete
[ 2026-05-26 16:57:42,749] 48 root - INFO - Started Regular Expression mapping
[ 2026-05-26 16:57:42,749] 173 root - INFO - Data transformation complete
[ 2026-05-26 16:57:42,749] 48 root - INFO - Started Regular Expression mapping
[ 2026-05-26 16:57:42,749] 173 root - INFO - Data transformation complete
[ 2026-05-26 16:57:42,749] 48 root - INFO - Started Regular Expression mapping
[ 2026-05-26 16:57:42,749] 173 root - INFO - Data transformation complete
[ 2026-05-26 16:57:42,749] 48 root - INFO - Started Regular Expression mapping
[ 2026-05-26 16:57:42,749] 173 root - INFO - Data transformation complete
[ 2026-05-26 16:57:42,749] 48 root - INFO - Started Regular Expression mapping
[ 2026-05-26 16:57:42,749] 24 root - INFO - Match heuristic business names to paybill payments
[ 2026-05-26 16:57:42,749] 173 root - INFO - Data transformation complete
[ 2026-05-26 16:57:42,751] 48 root - INFO - Started Regular Expression mapping
[ 2026-05-26 16:57:42,751] 173 root - INFO - Data transformation complete
[ 2026-05-26 16:57:42,751] 48 root - INFO - Started Regular Expression mapping
[ 2026-05-26 16:57:42,751] 24 root - INFO - Match heuristic business names to paybill payments
[ 2026-05-26 16:57:42,751] 173 root - INFO - Data transformation complete
[ 2026-05-26 16:57:42,751] 48 root - INFO - Started Regular Expression mapping
[ 2026-05-26 16:57:42,751] 173 root - INFO - Data transformation complete
[ 2026-05-26 16:57:42,751] 48 root - INFO - Started Regular Expression mapping
[ 2026-05-26 16:57:42,751] 173 root - INFO - Data transformation complete
[ 2026-05-26 16:57:42,751] 48 root - INFO - Started Regular Expression mapping
[ 2026-05-26 16:57:42,751] 173 root - INFO - Data transformation complete
[ 2026-05-26 16:57:42,753] 48 root - INFO - Started Regular Expression mapping
[ 2026-05-26 16:57:42,753] 173 root - INFO - Data transformation complete
[ 2026-05-26 16:57:42,753] 48 root - INFO - Started Regular Expression mapping
[ 2026-05-26 16:57:42,753] 173 root - INFO - Data transformation complete
[ 2026-05-26 16:57:42,753] 48 root - INFO - Started Regular Expression mapping
[ 2026-05-26 16:57:42,753] 173 root - INFO - Data transformation complete
[ 2026-05-26 16:57:42,753] 48 root - INFO - Started Regular Expression mapping
[ 2026-05-26 16:57:42,753] 24 root - INFO - Match heuristic business names to paybill payments
[ 2026-05-26 16:57:42,753] 173 root - INFO - Data transformation complete
[ 2026-05-26 16:57:42,753] 48 root - INFO - Started Regular Expression mapping
[ 2026-05-26 16:57:42,753] 173 root - INFO - Data transformation complete
[ 2026-05-26 16:57:42,753] 48 root - INFO - Started Regular Expression mapping
[ 2026-05-26 16:57:42,753] 173 root - INFO - Data transformation complete
[ 2026-05-26 16:57:42,753] 48 root - INFO - Started Regular Expression mapping
[ 2026-05-26 16:57:42,753] 173 root - INFO - Data transformation complete
[ 2026-05-26 16:57:42,753] 48 root - INFO - Started Regular Expression mapping
[ 2026-05-26 16:57:42,753] 173 root - INFO - Data transformation complete
[ 2026-05-26 16:57:42,753] 48 root - INFO - Started Regular Expression mapping
[ 2026-05-26 16:57:42,753] 24 root - INFO - Match heuristic business names to paybill payments
[ 2026-05-26 16:57:42,753] 173 root - INFO - Data transformation complete
[ 2026-05-26 16:57:42,753] 48 root - INFO - Started Regular Expression mapping
[ 2026-05-26 16:57:42,753] 173 root - INFO - Data transformation complete
[ 2026-05-26 16:57:42,753] 48 root - INFO - Started Regular Expression mapping
[ 2026-05-26 16:57:42,753] 24 root - INFO - Match heuristic business names to paybill payments
[ 2026-05-26 16:57:42,753] 173 root - INFO - Data transformation complete
[ 2026-05-26 16:57:42,753] 48 root - INFO - Started Regular Expression mapping
[ 2026-05-26 16:57:42,753] 173 root - INFO - Data transformation complete
[ 2026-05-26 16:57:42,753] 48 root - INFO - Started Regular Expression mapping
[ 2026-05-26 16:57:42,759] 173 root - INFO - Data transformation complete
[ 2026-05-26 16:57:42,759] 48 root - INFO - Started Regular Expression mapping
[ 2026-05-26 16:57:42,759] 173 root - INFO - Data transformation complete
[ 2026-05-26 16:57:42,759] 48 root - INFO - Started Regular Expression mapping
[ 2026-05-26 16:57:42,759] 173 root - INFO - Data transformation complete
[ 2026-05-26 16:57:42,759] 48 root - INFO - Started Regular Expression mapping
[ 2026-05-26 16:57:42,759] 173 root - INFO - Data transformation complete
[ 2026-05-26 16:57:42,759] 48 root - INFO - Started Regular Expression mapping
[ 2026-05-26 16:57:42,759] 173 root - INFO - Data transformation complete
[ 2026-05-26 16:57:42,759] 48 root - INFO - Started Regular Expression mapping
[ 2026-05-26 16:57:42,759] 24 root - INFO - Match heuristic business names to paybill payments
[ 2026-05-26 16:57:42,759] 173 root - INFO - Data transformation complete
[ 2026-05-26 16:57:42,759] 48 root - INFO - Started Regular Expression mapping
[ 2026-05-26 16:57:42,759] 173 root - INFO - Data transformation complete
[ 2026-05-26 16:57:42,759] 48 root - INFO - Started Regular Expression mapping
[ 2026-05-26 16:57:42,759] 173 root - INFO - Data transformation complete
[ 2026-05-26 16:57:42,759] 48 root - INFO - Started Regular Expression mapping
[ 2026-05-26 16:57:42,759] 173 root - INFO - Data transformation complete
[ 2026-05-26 16:57:42,759] 48 root - INFO - Started Regular Expression mapping
[ 2026-05-26 16:57:42,759] 173 root - INFO - Data transformation complete
[ 2026-05-26 16:57:42,759] 48 root - INFO - Started Regular Expression mapping
[ 2026-05-26 16:57:42,759] 173 root - INFO - Data transformation complete
[ 2026-05-26 16:57:42,759] 48 root - INFO - Started Regular Expression mapping
[ 2026-05-26 16:57:42,759] 173 root - INFO - Data transformation complete
[ 2026-05-26 16:57:42,759] 48 root - INFO - Started Regular Expression mapping
[ 2026-05-26 16:57:42,759] 173 root - INFO - Data transformation complete
[ 2026-05-26 16:57:42,759] 48 root - INFO - Started Regular Expression mapping
[ 2026-05-26 16:57:42,759] 24 root - INFO - Match heuristic business names to paybill payments
[ 2026-05-26 16:57:42,759] 173 root - INFO - Data transformation complete
[ 2026-05-26 16:57:42,759] 48 root - INFO - Started Regular Expression mapping
[ 2026-05-26 16:57:42,759] 173 root - INFO - Data transformation complete
[ 2026-05-26 16:57:42,759] 48 root - INFO - Started Regular Expression mapping
[ 2026-05-26 16:57:42,759] 173 root - INFO - Data transformation complete
[ 2026-05-26 16:57:42,759] 48 root - INFO - Started Regular Expression mapping
[ 2026-05-26 16:57:42,759] 24 root - INFO - Match heuristic business names to paybill payments
[ 2026-05-26 16:57:42,759] 173 root - INFO - Data transformation complete
[ 2026-05-26 16:57:42,759] 48 root - INFO - Started Regular Expression mapping
[ 2026-05-26 16:57:42,759] 24 root - INFO - Match heuristic business names to paybill payments
[ 2026-05-26 16:57:42,759] 173 root - INFO - Data transformation complete
[ 2026-05-26 16:57:42,759] 48 root - INFO - Started Regular Expression mapping
[ 2026-05-26 16:57:42,759] 173 root - INFO - Data transformation complete
[ 2026-05-26 16:57:42,759] 48 root - INFO - Started Regular Expression mapping
[ 2026-05-26 16:57:42,759] 173 root - INFO - Data transformation complete
[ 2026-05-26 16:57:42,759] 48 root - INFO - Started Regular Expression mapping
[ 2026-05-26 16:57:42,759] 173 root - INFO - Data transformation complete
[ 2026-05-26 16:57:42,759] 48 root - INFO - Started Regular Expression mapping
[ 2026-05-26 16:57:42,759] 173 root - INFO - Data transformation complete
[ 2026-05-26 16:57:42,759] 48 root - INFO - Started Regular Expression mapping
[ 2026-05-26 16:57:42,759] 173 root - INFO - Data transformation complete
[ 2026-05-26 16:57:42,759] 48 root - INFO - Started Regular Expression mapping
[ 2026-05-26 16:57:42,759] 173 root - INFO - Data transformation complete
[ 2026-05-26 16:57:42,759] 48 root - INFO - Started Regular Expression mapping
[ 2026-05-26 16:57:42,759] 173 root - INFO - Data transformation complete
[ 2026-05-26 16:57:42,759] 48 root - INFO - Started Regular Expression mapping
[ 2026-05-26 16:57:42,759] 24 root - INFO - Match heuristic business names to paybill payments
[ 2026-05-26 16:57:42,759] 173 root - INFO - Data transformation complete
[ 2026-05-26 16:57:42,759] 48 root - INFO - Started Regular Expression mapping
[ 2026-05-26 16:57:42,759] 24 root - INFO - Match heuristic business names to paybill payments
[ 2026-05-26 16:57:42,759] 173 root - INFO - Data transformation complete
[ 2026-05-26 16:57:42,759] 48 root - INFO - Started Regular Expression mapping
[ 2026-05-26 16:57:42,759] 173 root - INFO - Data transformation complete
[ 2026-05-26 16:57:42,759] 48 root - INFO - Started Regular Expression mapping
[ 2026-05-26 16:57:42,759] 173 root - INFO - Data transformation complete
[ 2026-05-26 16:57:42,759] 48 root - INFO - Started Regular Expression mapping
[ 2026-05-26 16:57:42,759] 173 root - INFO - Data transformation complete
[ 2026-05-26 16:57:42,759] 48 root - INFO - Started Regular Expression mapping
[ 2026-05-26 16:57:42,759] 24 root - INFO - Match heuristic business names to paybill payments
[ 2026-05-26 16:57:42,759] 173 root - INFO - Data transformation complete
[ 2026-05-26 16:57:42,759] 48 root - INFO - Started Regular Expression mapping
[ 2026-05-26 16:57:42,759] 173 root - INFO - Data transformation complete
[ 2026-05-26 16:57:42,759] 48 root - INFO - Started Regular Expression mapping
[ 2026-05-26 16:57:42,759] 173 root - INFO - Data transformation complete
[ 2026-05-26 16:57:42,759] 48 root - INFO - Started Regular Expression mapping
[ 2026-05-26 16:57:42,759] 173 root - INFO - Data transformation complete
[ 2026-05-26 16:57:42,759] 48 root - INFO - Started Regular Expression mapping
[ 2026-05-26 16:57:42,759] 173 root - INFO - Data transformation complete
[ 2026-05-26 16:57:42,759] 48 root - INFO - Started Regular Expression mapping
[ 2026-05-26 16:57:42,759] 24 root - INFO - Match heuristic business names to paybill payments
[ 2026-05-26 16:57:42,759] 173 root - INFO - Data transformation complete
[ 2026-05-26 16:57:42,759] 48 root - INFO - Started Regular Expression mapping
[ 2026-05-26 16:57:42,759] 173 root - INFO - Data transformation complete
[ 2026-05-26 16:57:42,759] 48 root - INFO - Started Regular Expression mapping
[ 2026-05-26 16:57:42,759] 173 root - INFO - Data transformation complete
[ 2026-05-26 16:57:42,759] 48 root - INFO - Started Regular Expression mapping
[ 2026-05-26 16:57:42,775] 173 root - INFO - Data transformation complete
[ 2026-05-26 16:57:42,775] 48 root - INFO - Started Regular Expression mapping
[ 2026-05-26 16:57:42,775] 173 root - INFO - Data transformation complete
[ 2026-05-26 16:57:42,775] 48 root - INFO - Started Regular Expression mapping
[ 2026-05-26 16:57:42,775] 173 root - INFO - Data transformation complete
[ 2026-05-26 16:57:42,775] 48 root - INFO - Started Regular Expression mapping
[ 2026-05-26 16:57:42,775] 173 root - INFO - Data transformation complete
[ 2026-05-26 16:57:42,775] 48 root - INFO - Started Regular Expression mapping
[ 2026-05-26 16:57:42,775] 173 root - INFO - Data transformation complete
[ 2026-05-26 16:57:42,777] 48 root - INFO - Started Regular Expression mapping
[ 2026-05-26 16:57:42,777] 173 root - INFO - Data transformation complete
[ 2026-05-26 16:57:42,777] 48 root - INFO - Started Regular Expression mapping
[ 2026-05-26 16:57:42,777] 173 root - INFO - Data transformation complete
[ 2026-05-26 16:57:42,777] 48 root - INFO - Started Regular Expression mapping
[ 2026-05-26 16:57:42,777] 24 root - INFO - Match heuristic business names to paybill payments
[ 2026-05-26 16:57:42,777] 173 root - INFO - Data transformation complete
[ 2026-05-26 16:57:42,777] 48 root - INFO - Started Regular Expression mapping
[ 2026-05-26 16:57:42,777] 173 root - INFO - Data transformation complete
[ 2026-05-26 16:57:42,777] 48 root - INFO - Started Regular Expression mapping
[ 2026-05-26 16:57:42,777] 173 root - INFO - Data transformation complete
[ 2026-05-26 16:57:42,779] 48 root - INFO - Started Regular Expression mapping
[ 2026-05-26 16:57:42,779] 173 root - INFO - Data transformation complete
[ 2026-05-26 16:57:42,779] 48 root - INFO - Started Regular Expression mapping
[ 2026-05-26 16:57:42,779] 24 root - INFO - Match heuristic business names to paybill payments
[ 2026-05-26 16:57:42,779] 173 root - INFO - Data transformation complete
[ 2026-05-26 16:57:42,779] 48 root - INFO - Started Regular Expression mapping
[ 2026-05-26 16:57:42,779] 173 root - INFO - Data transformation complete
[ 2026-05-26 16:57:42,779] 48 root - INFO - Started Regular Expression mapping
[ 2026-05-26 16:57:42,779] 173 root - INFO - Data transformation complete
[ 2026-05-26 16:57:42,779] 48 root - INFO - Started Regular Expression mapping
[ 2026-05-26 16:57:42,779] 173 root - INFO - Data transformation complete
[ 2026-05-26 16:57:42,781] 48 root - INFO - Started Regular Expression mapping
[ 2026-05-26 16:57:42,781] 173 root - INFO - Data transformation complete
[ 2026-05-26 16:57:42,781] 48 root - INFO - Started Regular Expression mapping
[ 2026-05-26 16:57:42,781] 173 root - INFO - Data transformation complete
[ 2026-05-26 16:57:42,781] 48 root - INFO - Started Regular Expression mapping
[ 2026-05-26 16:57:42,781] 173 root - INFO - Data transformation complete
[ 2026-05-26 16:57:42,781] 48 root - INFO - Started Regular Expression mapping
[ 2026-05-26 16:57:42,781] 173 root - INFO - Data transformation complete
[ 2026-05-26 16:57:42,781] 48 root - INFO - Started Regular Expression mapping
[ 2026-05-26 16:57:42,781] 173 root - INFO - Data transformation complete
[ 2026-05-26 16:57:42,781] 48 root - INFO - Started Regular Expression mapping
[ 2026-05-26 16:57:42,783] 173 root - INFO - Data transformation complete
[ 2026-05-26 16:57:42,783] 48 root - INFO - Started Regular Expression mapping
[ 2026-05-26 16:57:42,783] 173 root - INFO - Data transformation complete
[ 2026-05-26 16:57:42,783] 48 root - INFO - Started Regular Expression mapping
[ 2026-05-26 16:57:42,783] 173 root - INFO - Data transformation complete
[ 2026-05-26 16:57:42,783] 48 root - INFO - Started Regular Expression mapping
[ 2026-05-26 16:57:42,783] 173 root - INFO - Data transformation complete
[ 2026-05-26 16:57:42,783] 48 root - INFO - Started Regular Expression mapping
[ 2026-05-26 16:57:42,783] 173 root - INFO - Data transformation complete
[ 2026-05-26 16:57:42,783] 48 root - INFO - Started Regular Expression mapping
[ 2026-05-26 16:57:42,785] 173 root - INFO - Data transformation complete
[ 2026-05-26 16:57:42,785] 48 root - INFO - Started Regular Expression mapping
[ 2026-05-26 16:57:42,785] 173 root - INFO - Data transformation complete
[ 2026-05-26 16:57:42,785] 48 root - INFO - Started Regular Expression mapping
[ 2026-05-26 16:57:42,785] 173 root - INFO - Data transformation complete
[ 2026-05-26 16:57:42,785] 48 root - INFO - Started Regular Expression mapping
[ 2026-05-26 16:57:42,785] 24 root - INFO - Match heuristic business names to paybill payments
[ 2026-05-26 16:57:42,785] 173 root - INFO - Data transformation complete
[ 2026-05-26 16:57:42,785] 48 root - INFO - Started Regular Expression mapping
[ 2026-05-26 16:57:42,785] 173 root - INFO - Data transformation complete
[ 2026-05-26 16:57:42,785] 48 root - INFO - Started Regular Expression mapping
[ 2026-05-26 16:57:42,787] 173 root - INFO - Data transformation complete
[ 2026-05-26 16:57:42,787] 48 root - INFO - Started Regular Expression mapping
[ 2026-05-26 16:57:42,787] 173 root - INFO - Data transformation complete
[ 2026-05-26 16:57:42,787] 48 root - INFO - Started Regular Expression mapping
[ 2026-05-26 16:57:42,787] 24 root - INFO - Match heuristic business names to paybill payments
[ 2026-05-26 16:57:42,787] 173 root - INFO - Data transformation complete
[ 2026-05-26 16:57:42,787] 48 root - INFO - Started Regular Expression mapping
[ 2026-05-26 16:57:42,787] 173 root - INFO - Data transformation complete
[ 2026-05-26 16:57:42,787] 48 root - INFO - Started Regular Expression mapping
[ 2026-05-26 16:57:42,787] 173 root - INFO - Data transformation complete
[ 2026-05-26 16:57:42,787] 48 root - INFO - Started Regular Expression mapping
[ 2026-05-26 16:57:42,789] 173 root - INFO - Data transformation complete
[ 2026-05-26 16:57:42,789] 48 root - INFO - Started Regular Expression mapping
[ 2026-05-26 16:57:42,789] 173 root - INFO - Data transformation complete
[ 2026-05-26 16:57:42,789] 48 root - INFO - Started Regular Expression mapping
[ 2026-05-26 16:57:42,789] 24 root - INFO - Match heuristic business names to paybill payments
[ 2026-05-26 16:57:42,789] 173 root - INFO - Data transformation complete
[ 2026-05-26 16:57:42,789] 48 root - INFO - Started Regular Expression mapping
[ 2026-05-26 16:57:42,789] 173 root - INFO - Data transformation complete
[ 2026-05-26 16:57:42,789] 48 root - INFO - Started Regular Expression mapping
[ 2026-05-26 16:57:42,789] 173 root - INFO - Data transformation complete
[ 2026-05-26 16:57:42,790] 48 root - INFO - Started Regular Expression mapping
[ 2026-05-26 16:57:42,790] 173 root - INFO - Data transformation complete
[ 2026-05-26 16:57:42,790] 48 root - INFO - Started Regular Expression mapping
[ 2026-05-26 16:57:42,790] 173 root - INFO - Data transformation complete
[ 2026-05-26 16:57:42,790] 48 root - INFO - Started Regular Expression mapping
[ 2026-05-26 16:57:42,790] 173 root - INFO - Data transformation complete
[ 2026-05-26 16:57:42,790] 48 root - INFO - Started Regular Expression mapping
[ 2026-05-26 16:57:42,790] 24 root - INFO - Match heuristic business names to paybill payments
[ 2026-05-26 16:57:42,790] 173 root - INFO - Data transformation complete
[ 2026-05-26 16:57:42,790] 48 root - INFO - Started Regular Expression mapping
[ 2026-05-26 16:57:42,792] 173 root - INFO - Data transformation complete
[ 2026-05-26 16:57:42,792] 48 root - INFO - Started Regular Expression mapping
[ 2026-05-26 16:57:42,792] 173 root - INFO - Data transformation complete
[ 2026-05-26 16:57:42,792] 48 root - INFO - Started Regular Expression mapping
[ 2026-05-26 16:57:42,792] 173 root - INFO - Data transformation complete
[ 2026-05-26 16:57:42,792] 48 root - INFO - Started Regular Expression mapping
[ 2026-05-26 16:57:42,792] 173 root - INFO - Data transformation complete
[ 2026-05-26 16:57:42,792] 48 root - INFO - Started Regular Expression mapping
[ 2026-05-26 16:57:42,792] 173 root - INFO - Data transformation complete
[ 2026-05-26 16:57:42,792] 48 root - INFO - Started Regular Expression mapping
[ 2026-05-26 16:57:42,792] 173 root - INFO - Data transformation complete
[ 2026-05-26 16:57:42,794] 48 root - INFO - Started Regular Expression mapping
[ 2026-05-26 16:57:42,794] 173 root - INFO - Data transformation complete
[ 2026-05-26 16:57:42,794] 48 root - INFO - Started Regular Expression mapping
[ 2026-05-26 16:57:42,794] 173 root - INFO - Data transformation complete
[ 2026-05-26 16:57:42,794] 48 root - INFO - Started Regular Expression mapping
[ 2026-05-26 16:57:42,794] 173 root - INFO - Data transformation complete
[ 2026-05-26 16:57:42,794] 48 root - INFO - Started Regular Expression mapping
[ 2026-05-26 16:57:42,794] 173 root - INFO - Data transformation complete
[ 2026-05-26 16:57:42,794] 48 root - INFO - Started Regular Expression mapping
[ 2026-05-26 16:57:42,794] 173 root - INFO - Data transformation complete
[ 2026-05-26 16:57:42,794] 48 root - INFO - Started Regular Expression mapping
[ 2026-05-26 16:57:42,796] 173 root - INFO - Data transformation complete
[ 2026-05-26 16:57:42,796] 48 root - INFO - Started Regular Expression mapping
[ 2026-05-26 16:57:42,796] 24 root - INFO - Match heuristic business names to paybill payments
[ 2026-05-26 16:57:42,796] 173 root - INFO - Data transformation complete
[ 2026-05-26 16:57:42,796] 48 root - INFO - Started Regular Expression mapping
[ 2026-05-26 16:57:42,796] 173 root - INFO - Data transformation complete
[ 2026-05-26 16:57:42,796] 48 root - INFO - Started Regular Expression mapping
[ 2026-05-26 16:57:42,796] 173 root - INFO - Data transformation complete
[ 2026-05-26 16:57:42,796] 48 root - INFO - Started Regular Expression mapping
[ 2026-05-26 16:57:42,796] 173 root - INFO - Data transformation complete
[ 2026-05-26 16:57:42,796] 48 root - INFO - Started Regular Expression mapping
[ 2026-05-26 16:57:42,798] 173 root - INFO - Data transformation complete
[ 2026-05-26 16:57:42,798] 48 root - INFO - Started Regular Expression mapping
[ 2026-05-26 16:57:42,798] 173 root - INFO - Data transformation complete
[ 2026-05-26 16:57:42,798] 48 root - INFO - Started Regular Expression mapping
[ 2026-05-26 16:57:42,798] 173 root - INFO - Data transformation complete
[ 2026-05-26 16:57:42,798] 48 root - INFO - Started Regular Expression mapping
[ 2026-05-26 16:57:42,798] 173 root - INFO - Data transformation complete
[ 2026-05-26 16:57:42,798] 48 root - INFO - Started Regular Expression mapping
[ 2026-05-26 16:57:42,798] 173 root - INFO - Data transformation complete
[ 2026-05-26 16:57:42,798] 48 root - INFO - Started Regular Expression mapping
[ 2026-05-26 16:57:42,800] 173 root - INFO - Data transformation complete
[ 2026-05-26 16:57:42,800] 48 root - INFO - Started Regular Expression mapping
[ 2026-05-26 16:57:42,800] 24 root - INFO - Match heuristic business names to paybill payments
[ 2026-05-26 16:57:42,800] 173 root - INFO - Data transformation complete
[ 2026-05-26 16:57:42,800] 48 root - INFO - Started Regular Expression mapping
[ 2026-05-26 16:57:42,800] 173 root - INFO - Data transformation complete
[ 2026-05-26 16:57:42,800] 48 root - INFO - Started Regular Expression mapping
[ 2026-05-26 16:57:42,800] 173 root - INFO - Data transformation complete
[ 2026-05-26 16:57:42,800] 48 root - INFO - Started Regular Expression mapping
[ 2026-05-26 16:57:42,800] 173 root - INFO - Data transformation complete
[ 2026-05-26 16:57:42,800] 48 root - INFO - Started Regular Expression mapping
[ 2026-05-26 16:57:42,800] 173 root - INFO - Data transformation complete
[ 2026-05-26 16:57:42,802] 48 root - INFO - Started Regular Expression mapping
[ 2026-05-26 16:57:42,802] 173 root - INFO - Data transformation complete
[ 2026-05-26 16:57:42,802] 48 root - INFO - Started Regular Expression mapping
[ 2026-05-26 16:57:42,802] 173 root - INFO - Data transformation complete
[ 2026-05-26 16:57:42,802] 48 root - INFO - Started Regular Expression mapping
[ 2026-05-26 16:57:42,802] 173 root - INFO - Data transformation complete
[ 2026-05-26 16:57:42,802] 48 root - INFO - Started Regular Expression mapping
[ 2026-05-26 16:57:42,802] 173 root - INFO - Data transformation complete
[ 2026-05-26 16:57:42,802] 48 root - INFO - Started Regular Expression mapping
[ 2026-05-26 16:57:42,802] 173 root - INFO - Data transformation complete
[ 2026-05-26 16:57:42,802] 48 root - INFO - Started Regular Expression mapping
[ 2026-05-26 16:57:42,802] 173 root - INFO - Data transformation complete
[ 2026-05-26 16:57:42,802] 48 root - INFO - Started Regular Expression mapping
[ 2026-05-26 16:57:42,804] 173 root - INFO - Data transformation complete
[ 2026-05-26 16:57:42,804] 48 root - INFO - Started Regular Expression mapping
[ 2026-05-26 16:57:42,804] 173 root - INFO - Data transformation complete
[ 2026-05-26 16:57:42,804] 48 root - INFO - Started Regular Expression mapping
[ 2026-05-26 16:57:42,804] 24 root - INFO - Match heuristic business names to paybill payments
[ 2026-05-26 16:57:42,804] 173 root - INFO - Data transformation complete
[ 2026-05-26 16:57:42,804] 48 root - INFO - Started Regular Expression mapping
[ 2026-05-26 16:57:42,804] 173 root - INFO - Data transformation complete
[ 2026-05-26 16:57:42,804] 48 root - INFO - Started Regular Expression mapping
[ 2026-05-26 16:57:42,804] 173 root - INFO - Data transformation complete
[ 2026-05-26 16:57:42,804] 48 root - INFO - Started Regular Expression mapping
[ 2026-05-26 16:57:42,806] 173 root - INFO - Data transformation complete
[ 2026-05-26 16:57:42,806] 48 root - INFO - Started Regular Expression mapping
[ 2026-05-26 16:57:42,806] 24 root - INFO - Match heuristic business names to paybill payments
[ 2026-05-26 16:57:42,806] 173 root - INFO - Data transformation complete
[ 2026-05-26 16:57:42,806] 48 root - INFO - Started Regular Expression mapping
[ 2026-05-26 16:57:42,806] 24 root - INFO - Match heuristic business names to paybill payments
[ 2026-05-26 16:57:42,806] 173 root - INFO - Data transformation complete
[ 2026-05-26 16:57:42,806] 48 root - INFO - Started Regular Expression mapping
[ 2026-05-26 16:57:42,806] 24 root - INFO - Match heuristic business names to paybill payments
[ 2026-05-26 16:57:42,806] 173 root - INFO - Data transformation complete
[ 2026-05-26 16:57:42,806] 48 root - INFO - Started Regular Expression mapping
[ 2026-05-26 16:57:42,806] 24 root - INFO - Match heuristic business names to paybill payments
[ 2026-05-26 16:57:42,806] 173 root - INFO - Data transformation complete
[ 2026-05-26 16:57:42,806] 48 root - INFO - Started Regular Expression mapping
[ 2026-05-26 16:57:42,808] 173 root - INFO - Data transformation complete
[ 2026-05-26 16:57:42,808] 48 root - INFO - Started Regular Expression mapping
[ 2026-05-26 16:57:42,808] 173 root - INFO - Data transformation complete
[ 2026-05-26 16:57:42,808] 48 root - INFO - Started Regular Expression mapping
[ 2026-05-26 16:57:42,808] 173 root - INFO - Data transformation complete
[ 2026-05-26 16:57:42,808] 48 root - INFO - Started Regular Expression mapping
[ 2026-05-26 16:57:42,808] 173 root - INFO - Data transformation complete
[ 2026-05-26 16:57:42,808] 48 root - INFO - Started Regular Expression mapping
[ 2026-05-26 16:57:42,808] 173 root - INFO - Data transformation complete
[ 2026-05-26 16:57:42,808] 48 root - INFO - Started Regular Expression mapping
[ 2026-05-26 16:57:42,808] 24 root - INFO - Match heuristic business names to paybill payments
[ 2026-05-26 16:57:42,808] 173 root - INFO - Data transformation complete
[ 2026-05-26 16:57:42,808] 48 root - INFO - Started Regular Expression mapping
[ 2026-05-26 16:57:42,810] 173 root - INFO - Data transformation complete
[ 2026-05-26 16:57:42,810] 48 root - INFO - Started Regular Expression mapping
[ 2026-05-26 16:57:42,810] 173 root - INFO - Data transformation complete
[ 2026-05-26 16:57:42,810] 48 root - INFO - Started Regular Expression mapping
[ 2026-05-26 16:57:42,810] 173 root - INFO - Data transformation complete
[ 2026-05-26 16:57:42,810] 48 root - INFO - Started Regular Expression mapping
[ 2026-05-26 16:57:42,810] 24 root - INFO - Match heuristic business names to paybill payments
[ 2026-05-26 16:57:42,810] 173 root - INFO - Data transformation complete
[ 2026-05-26 16:57:42,810] 48 root - INFO - Started Regular Expression mapping
[ 2026-05-26 16:57:42,810] 173 root - INFO - Data transformation complete
[ 2026-05-26 16:57:42,810] 48 root - INFO - Started Regular Expression mapping
[ 2026-05-26 16:57:42,810] 173 root - INFO - Data transformation complete
[ 2026-05-26 16:57:42,810] 48 root - INFO - Started Regular Expression mapping
[ 2026-05-26 16:57:42,812] 173 root - INFO - Data transformation complete
[ 2026-05-26 16:57:42,812] 48 root - INFO - Started Regular Expression mapping
[ 2026-05-26 16:57:42,812] 173 root - INFO - Data transformation complete
[ 2026-05-26 16:57:42,812] 48 root - INFO - Started Regular Expression mapping
[ 2026-05-26 16:57:42,812] 173 root - INFO - Data transformation complete
[ 2026-05-26 16:57:42,812] 48 root - INFO - Started Regular Expression mapping
[ 2026-05-26 16:57:42,812] 173 root - INFO - Data transformation complete
[ 2026-05-26 16:57:42,812] 48 root - INFO - Started Regular Expression mapping
[ 2026-05-26 16:57:42,812] 24 root - INFO - Match heuristic business names to paybill payments
[ 2026-05-26 16:57:42,812] 173 root - INFO - Data transformation complete
[ 2026-05-26 16:57:42,812] 48 root - INFO - Started Regular Expression mapping
[ 2026-05-26 16:57:42,812] 24 root - INFO - Match heuristic business names to paybill payments
[ 2026-05-26 16:57:42,812] 173 root - INFO - Data transformation complete
[ 2026-05-26 16:57:42,812] 48 root - INFO - Started Regular Expression mapping
[ 2026-05-26 16:57:42,814] 173 root - INFO - Data transformation complete
[ 2026-05-26 16:57:42,814] 48 root - INFO - Started Regular Expression mapping
[ 2026-05-26 16:57:42,814] 173 root - INFO - Data transformation complete
[ 2026-05-26 16:57:42,814] 48 root - INFO - Started Regular Expression mapping
[ 2026-05-26 16:57:42,814] 173 root - INFO - Data transformation complete
[ 2026-05-26 16:57:42,814] 48 root - INFO - Started Regular Expression mapping
[ 2026-05-26 16:57:42,814] 173 root - INFO - Data transformation complete
[ 2026-05-26 16:57:42,814] 48 root - INFO - Started Regular Expression mapping
[ 2026-05-26 16:57:42,814] 173 root - INFO - Data transformation complete
[ 2026-05-26 16:57:42,814] 48 root - INFO - Started Regular Expression mapping
[ 2026-05-26 16:57:42,814] 173 root - INFO - Data transformation complete
[ 2026-05-26 16:57:42,814] 48 root - INFO - Started Regular Expression mapping
[ 2026-05-26 16:57:42,814] 24 root - INFO - Match heuristic business names to paybill payments
[ 2026-05-26 16:57:42,816] 173 root - INFO - Data transformation complete
[ 2026-05-26 16:57:42,816] 48 root - INFO - Started Regular Expression mapping
[ 2026-05-26 16:57:42,816] 173 root - INFO - Data transformation complete
[ 2026-05-26 16:57:42,816] 48 root - INFO - Started Regular Expression mapping
[ 2026-05-26 16:57:42,816] 173 root - INFO - Data transformation complete
[ 2026-05-26 16:57:42,816] 48 root - INFO - Started Regular Expression mapping
[ 2026-05-26 16:57:42,816] 173 root - INFO - Data transformation complete
[ 2026-05-26 16:57:42,816] 48 root - INFO - Started Regular Expression mapping
[ 2026-05-26 16:57:42,816] 173 root - INFO - Data transformation complete
[ 2026-05-26 16:57:42,816] 48 root - INFO - Started Regular Expression mapping
[ 2026-05-26 16:57:42,816] 173 root - INFO - Data transformation complete
[ 2026-05-26 16:57:42,816] 48 root - INFO - Started Regular Expression mapping
[ 2026-05-26 16:57:42,816] 173 root - INFO - Data transformation complete
[ 2026-05-26 16:57:42,818] 48 root - INFO - Started Regular Expression mapping
[ 2026-05-26 16:57:42,818] 24 root - INFO - Match heuristic business names to paybill payments
[ 2026-05-26 16:57:42,818] 173 root - INFO - Data transformation complete
[ 2026-05-26 16:57:42,818] 48 root - INFO - Started Regular Expression mapping
[ 2026-05-26 16:57:42,818] 173 root - INFO - Data transformation complete
[ 2026-05-26 16:57:42,818] 48 root - INFO - Started Regular Expression mapping
[ 2026-05-26 16:57:42,818] 173 root - INFO - Data transformation complete
[ 2026-05-26 16:57:42,818] 48 root - INFO - Started Regular Expression mapping
[ 2026-05-26 16:57:42,818] 173 root - INFO - Data transformation complete
[ 2026-05-26 16:57:42,818] 48 root - INFO - Started Regular Expression mapping
[ 2026-05-26 16:57:42,818] 24 root - INFO - Match heuristic business names to paybill payments
[ 2026-05-26 16:57:42,818] 173 root - INFO - Data transformation complete
[ 2026-05-26 16:57:42,818] 48 root - INFO - Started Regular Expression mapping
[ 2026-05-26 16:57:42,820] 173 root - INFO - Data transformation complete
[ 2026-05-26 16:57:42,820] 48 root - INFO - Started Regular Expression mapping
[ 2026-05-26 16:57:42,820] 173 root - INFO - Data transformation complete
[ 2026-05-26 16:57:42,820] 48 root - INFO - Started Regular Expression mapping
[ 2026-05-26 16:57:42,820] 173 root - INFO - Data transformation complete
[ 2026-05-26 16:57:42,820] 48 root - INFO - Started Regular Expression mapping
[ 2026-05-26 16:57:42,820] 173 root - INFO - Data transformation complete
[ 2026-05-26 16:57:42,820] 48 root - INFO - Started Regular Expression mapping
[ 2026-05-26 16:57:42,820] 24 root - INFO - Match heuristic business names to paybill payments
[ 2026-05-26 16:57:42,820] 173 root - INFO - Data transformation complete
[ 2026-05-26 16:57:42,820] 48 root - INFO - Started Regular Expression mapping
[ 2026-05-26 16:57:42,820] 173 root - INFO - Data transformation complete
[ 2026-05-26 16:57:42,822] 48 root - INFO - Started Regular Expression mapping
[ 2026-05-26 16:57:42,823] 173 root - INFO - Data transformation complete
[ 2026-05-26 16:57:42,823] 48 root - INFO - Started Regular Expression mapping
[ 2026-05-26 16:57:42,823] 173 root - INFO - Data transformation complete
[ 2026-05-26 16:57:42,824] 48 root - INFO - Started Regular Expression mapping
[ 2026-05-26 16:57:42,824] 24 root - INFO - Match heuristic business names to paybill payments
[ 2026-05-26 16:57:42,824] 173 root - INFO - Data transformation complete
[ 2026-05-26 16:57:42,824] 48 root - INFO - Started Regular Expression mapping
[ 2026-05-26 16:57:42,824] 24 root - INFO - Match heuristic business names to paybill payments
[ 2026-05-26 16:57:42,824] 173 root - INFO - Data transformation complete
[ 2026-05-26 16:57:42,824] 48 root - INFO - Started Regular Expression mapping
[ 2026-05-26 16:57:42,824] 173 root - INFO - Data transformation complete
[ 2026-05-26 16:57:42,824] 48 root - INFO - Started Regular Expression mapping
[ 2026-05-26 16:57:42,824] 173 root - INFO - Data transformation complete
[ 2026-05-26 16:57:42,824] 48 root - INFO - Started Regular Expression mapping
[ 2026-05-26 16:57:42,824] 173 root - INFO - Data transformation complete
[ 2026-05-26 16:57:42,824] 48 root - INFO - Started Regular Expression mapping
[ 2026-05-26 16:57:42,824] 173 root - INFO - Data transformation complete
[ 2026-05-26 16:57:42,824] 48 root - INFO - Started Regular Expression mapping
[ 2026-05-26 16:57:42,824] 173 root - INFO - Data transformation complete
[ 2026-05-26 16:57:42,824] 48 root - INFO - Started Regular Expression mapping
[ 2026-05-26 16:57:42,824] 173 root - INFO - Data transformation complete
[ 2026-05-26 16:57:42,824] 48 root - INFO - Started Regular Expression mapping
[ 2026-05-26 16:57:42,824] 173 root - INFO - Data transformation complete
[ 2026-05-26 16:57:42,824] 48 root - INFO - Started Regular Expression mapping
[ 2026-05-26 16:57:42,824] 173 root - INFO - Data transformation complete
[ 2026-05-26 16:57:42,824] 48 root - INFO - Started Regular Expression mapping
[ 2026-05-26 16:57:42,824] 173 root - INFO - Data transformation complete
[ 2026-05-26 16:57:42,824] 48 root - INFO - Started Regular Expression mapping
[ 2026-05-26 16:57:42,824] 173 root - INFO - Data transformation complete
[ 2026-05-26 16:57:42,824] 48 root - INFO - Started Regular Expression mapping
[ 2026-05-26 16:57:42,824] 173 root - INFO - Data transformation complete
[ 2026-05-26 16:57:42,824] 48 root - INFO - Started Regular Expression mapping
[ 2026-05-26 16:57:42,824] 24 root - INFO - Match heuristic business names to paybill payments
[ 2026-05-26 16:57:42,824] 173 root - INFO - Data transformation complete
[ 2026-05-26 16:57:42,824] 48 root - INFO - Started Regular Expression mapping
[ 2026-05-26 16:57:42,824] 24 root - INFO - Match heuristic business names to paybill payments
[ 2026-05-26 16:57:42,824] 173 root - INFO - Data transformation complete
[ 2026-05-26 16:57:42,824] 48 root - INFO - Started Regular Expression mapping
[ 2026-05-26 16:57:42,824] 173 root - INFO - Data transformation complete
[ 2026-05-26 16:57:42,824] 48 root - INFO - Started Regular Expression mapping
[ 2026-05-26 16:57:42,824] 173 root - INFO - Data transformation complete
[ 2026-05-26 16:57:42,824] 48 root - INFO - Started Regular Expression mapping
[ 2026-05-26 16:57:42,824] 173 root - INFO - Data transformation complete
[ 2026-05-26 16:57:42,824] 48 root - INFO - Started Regular Expression mapping
[ 2026-05-26 16:57:42,824] 173 root - INFO - Data transformation complete
[ 2026-05-26 16:57:42,824] 48 root - INFO - Started Regular Expression mapping
[ 2026-05-26 16:57:42,824] 173 root - INFO - Data transformation complete
[ 2026-05-26 16:57:42,824] 48 root - INFO - Started Regular Expression mapping
[ 2026-05-26 16:57:42,824] 24 root - INFO - Match heuristic business names to paybill payments
[ 2026-05-26 16:57:42,824] 173 root - INFO - Data transformation complete
[ 2026-05-26 16:57:42,824] 48 root - INFO - Started Regular Expression mapping
[ 2026-05-26 16:57:42,824] 24 root - INFO - Match heuristic business names to paybill payments
[ 2026-05-26 16:57:42,824] 173 root - INFO - Data transformation complete
[ 2026-05-26 16:57:42,824] 48 root - INFO - Started Regular Expression mapping
[ 2026-05-26 16:57:42,824] 173 root - INFO - Data transformation complete
[ 2026-05-26 16:57:42,824] 48 root - INFO - Started Regular Expression mapping
[ 2026-05-26 16:57:42,824] 173 root - INFO - Data transformation complete
[ 2026-05-26 16:57:42,824] 48 root - INFO - Started Regular Expression mapping
[ 2026-05-26 16:57:42,824] 173 root - INFO - Data transformation complete
[ 2026-05-26 16:57:42,824] 48 root - INFO - Started Regular Expression mapping
[ 2026-05-26 16:57:42,824] 173 root - INFO - Data transformation complete
[ 2026-05-26 16:57:42,824] 48 root - INFO - Started Regular Expression mapping
[ 2026-05-26 16:57:42,824] 173 root - INFO - Data transformation complete
[ 2026-05-26 16:57:42,824] 48 root - INFO - Started Regular Expression mapping
[ 2026-05-26 16:57:42,824] 173 root - INFO - Data transformation complete
[ 2026-05-26 16:57:42,824] 48 root - INFO - Started Regular Expression mapping
[ 2026-05-26 16:57:42,824] 173 root - INFO - Data transformation complete
[ 2026-05-26 16:57:42,824] 48 root - INFO - Started Regular Expression mapping
[ 2026-05-26 16:57:42,824] 173 root - INFO - Data transformation complete
[ 2026-05-26 16:57:42,824] 48 root - INFO - Started Regular Expression mapping
[ 2026-05-26 16:57:42,824] 173 root - INFO - Data transformation complete
[ 2026-05-26 16:57:42,824] 48 root - INFO - Started Regular Expression mapping
[ 2026-05-26 16:57:42,824] 24 root - INFO - Match heuristic business names to paybill payments
[ 2026-05-26 16:57:42,824] 173 root - INFO - Data transformation complete
[ 2026-05-26 16:57:42,824] 48 root - INFO - Started Regular Expression mapping
[ 2026-05-26 16:57:42,824] 24 root - INFO - Match heuristic business names to paybill payments
[ 2026-05-26 16:57:42,824] 173 root - INFO - Data transformation complete
[ 2026-05-26 16:57:42,824] 48 root - INFO - Started Regular Expression mapping
[ 2026-05-26 16:57:42,824] 173 root - INFO - Data transformation complete
[ 2026-05-26 16:57:42,824] 48 root - INFO - Started Regular Expression mapping
[ 2026-05-26 16:57:42,824] 173 root - INFO - Data transformation complete
[ 2026-05-26 16:57:42,838] 48 root - INFO - Started Regular Expression mapping
[ 2026-05-26 16:57:42,838] 173 root - INFO - Data transformation complete
[ 2026-05-26 16:57:42,838] 48 root - INFO - Started Regular Expression mapping
[ 2026-05-26 16:57:42,838] 173 root - INFO - Data transformation complete
[ 2026-05-26 16:57:42,838] 48 root - INFO - Started Regular Expression mapping
[ 2026-05-26 16:57:42,838] 173 root - INFO - Data transformation complete
[ 2026-05-26 16:57:42,838] 48 root - INFO - Started Regular Expression mapping
[ 2026-05-26 16:57:42,838] 24 root - INFO - Match heuristic business names to paybill payments
[ 2026-05-26 16:57:42,838] 173 root - INFO - Data transformation complete
[ 2026-05-26 16:57:42,838] 48 root - INFO - Started Regular Expression mapping
[ 2026-05-26 16:57:42,838] 24 root - INFO - Match heuristic business names to paybill payments
[ 2026-05-26 16:57:42,838] 173 root - INFO - Data transformation complete
[ 2026-05-26 16:57:42,838] 48 root - INFO - Started Regular Expression mapping
[ 2026-05-26 16:57:42,838] 173 root - INFO - Data transformation complete
[ 2026-05-26 16:57:42,838] 48 root - INFO - Started Regular Expression mapping
[ 2026-05-26 16:57:42,838] 173 root - INFO - Data transformation complete
[ 2026-05-26 16:57:42,838] 48 root - INFO - Started Regular Expression mapping
[ 2026-05-26 16:57:42,838] 24 root - INFO - Match heuristic business names to paybill payments
[ 2026-05-26 16:57:42,838] 173 root - INFO - Data transformation complete
[ 2026-05-26 16:57:42,838] 48 root - INFO - Started Regular Expression mapping
[ 2026-05-26 16:57:42,838] 24 root - INFO - Match heuristic business names to paybill payments
[ 2026-05-26 16:57:42,838] 173 root - INFO - Data transformation complete
[ 2026-05-26 16:57:42,838] 48 root - INFO - Started Regular Expression mapping
[ 2026-05-26 16:57:42,838] 173 root - INFO - Data transformation complete
[ 2026-05-26 16:57:42,838] 48 root - INFO - Started Regular Expression mapping
[ 2026-05-26 16:57:42,838] 173 root - INFO - Data transformation complete
[ 2026-05-26 16:57:42,838] 48 root - INFO - Started Regular Expression mapping
[ 2026-05-26 16:57:42,838] 24 root - INFO - Match heuristic business names to paybill payments
[ 2026-05-26 16:57:42,838] 173 root - INFO - Data transformation complete
[ 2026-05-26 16:57:42,838] 48 root - INFO - Started Regular Expression mapping
[ 2026-05-26 16:57:42,838] 24 root - INFO - Match heuristic business names to paybill payments
[ 2026-05-26 16:57:42,838] 173 root - INFO - Data transformation complete
[ 2026-05-26 16:57:42,838] 48 root - INFO - Started Regular Expression mapping
[ 2026-05-26 16:57:42,838] 173 root - INFO - Data transformation complete
[ 2026-05-26 16:57:42,838] 48 root - INFO - Started Regular Expression mapping
[ 2026-05-26 16:57:42,838] 173 root - INFO - Data transformation complete
[ 2026-05-26 16:57:42,838] 48 root - INFO - Started Regular Expression mapping
[ 2026-05-26 16:57:42,838] 24 root - INFO - Match heuristic business names to paybill payments
[ 2026-05-26 16:57:42,838] 173 root - INFO - Data transformation complete
[ 2026-05-26 16:57:42,838] 48 root - INFO - Started Regular Expression mapping
[ 2026-05-26 16:57:42,838] 173 root - INFO - Data transformation complete
[ 2026-05-26 16:57:42,838] 48 root - INFO - Started Regular Expression mapping
[ 2026-05-26 16:57:42,838] 173 root - INFO - Data transformation complete
[ 2026-05-26 16:57:42,838] 48 root - INFO - Started Regular Expression mapping
[ 2026-05-26 16:57:42,838] 173 root - INFO - Data transformation complete
[ 2026-05-26 16:57:42,838] 48 root - INFO - Started Regular Expression mapping
[ 2026-05-26 16:57:42,838] 173 root - INFO - Data transformation complete
[ 2026-05-26 16:57:42,838] 48 root - INFO - Started Regular Expression mapping
[ 2026-05-26 16:57:42,838] 173 root - INFO - Data transformation complete
[ 2026-05-26 16:57:42,838] 48 root - INFO - Started Regular Expression mapping
[ 2026-05-26 16:57:42,838] 173 root - INFO - Data transformation complete
[ 2026-05-26 16:57:42,838] 48 root - INFO - Started Regular Expression mapping
[ 2026-05-26 16:57:42,838] 173 root - INFO - Data transformation complete
[ 2026-05-26 16:57:42,838] 48 root - INFO - Started Regular Expression mapping
[ 2026-05-26 16:57:42,838] 173 root - INFO - Data transformation complete
[ 2026-05-26 16:57:42,838] 48 root - INFO - Started Regular Expression mapping
[ 2026-05-26 16:57:42,838] 24 root - INFO - Match heuristic business names to paybill payments
[ 2026-05-26 16:57:42,838] 173 root - INFO - Data transformation complete
[ 2026-05-26 16:57:42,838] 48 root - INFO - Started Regular Expression mapping
[ 2026-05-26 16:57:42,838] 173 root - INFO - Data transformation complete
[ 2026-05-26 16:57:42,838] 48 root - INFO - Started Regular Expression mapping
[ 2026-05-26 16:57:42,838] 173 root - INFO - Data transformation complete
[ 2026-05-26 16:57:42,838] 48 root - INFO - Started Regular Expression mapping
[ 2026-05-26 16:57:42,838] 173 root - INFO - Data transformation complete
[ 2026-05-26 16:57:42,838] 48 root - INFO - Started Regular Expression mapping
[ 2026-05-26 16:57:42,838] 24 root - INFO - Match heuristic business names to paybill payments
[ 2026-05-26 16:57:42,838] 173 root - INFO - Data transformation complete
[ 2026-05-26 16:57:42,838] 48 root - INFO - Started Regular Expression mapping
[ 2026-05-26 16:57:42,838] 173 root - INFO - Data transformation complete
[ 2026-05-26 16:57:42,838] 48 root - INFO - Started Regular Expression mapping
[ 2026-05-26 16:57:42,838] 173 root - INFO - Data transformation complete
[ 2026-05-26 16:57:42,838] 48 root - INFO - Started Regular Expression mapping
[ 2026-05-26 16:57:42,838] 173 root - INFO - Data transformation complete
[ 2026-05-26 16:57:42,838] 48 root - INFO - Started Regular Expression mapping
[ 2026-05-26 16:57:42,838] 173 root - INFO - Data transformation complete
[ 2026-05-26 16:57:42,838] 48 root - INFO - Started Regular Expression mapping
[ 2026-05-26 16:57:42,838] 24 root - INFO - Match heuristic business names to paybill payments
[ 2026-05-26 16:57:42,838] 173 root - INFO - Data transformation complete
[ 2026-05-26 16:57:42,838] 48 root - INFO - Started Regular Expression mapping
[ 2026-05-26 16:57:42,838] 24 root - INFO - Match heuristic business names to paybill payments
[ 2026-05-26 16:57:42,838] 173 root - INFO - Data transformation complete
[ 2026-05-26 16:57:42,838] 48 root - INFO - Started Regular Expression mapping
[ 2026-05-26 16:57:42,838] 173 root - INFO - Data transformation complete
[ 2026-05-26 16:57:42,838] 48 root - INFO - Started Regular Expression mapping
[ 2026-05-26 16:57:42,838] 173 root - INFO - Data transformation complete
[ 2026-05-26 16:57:42,838] 48 root - INFO - Started Regular Expression mapping
[ 2026-05-26 16:57:42,838] 173 root - INFO - Data transformation complete
[ 2026-05-26 16:57:42,838] 48 root - INFO - Started Regular Expression mapping
[ 2026-05-26 16:57:42,838] 173 root - INFO - Data transformation complete
[ 2026-05-26 16:57:42,838] 48 root - INFO - Started Regular Expression mapping
[ 2026-05-26 16:57:42,838] 24 root - INFO - Match heuristic business names to paybill payments
[ 2026-05-26 16:57:42,838] 173 root - INFO - Data transformation complete
[ 2026-05-26 16:57:42,838] 48 root - INFO - Started Regular Expression mapping
[ 2026-05-26 16:57:42,854] 173 root - INFO - Data transformation complete
[ 2026-05-26 16:57:42,854] 48 root - INFO - Started Regular Expression mapping
[ 2026-05-26 16:57:42,854] 173 root - INFO - Data transformation complete
[ 2026-05-26 16:57:42,854] 48 root - INFO - Started Regular Expression mapping
[ 2026-05-26 16:57:42,854] 173 root - INFO - Data transformation complete
[ 2026-05-26 16:57:42,854] 48 root - INFO - Started Regular Expression mapping
[ 2026-05-26 16:57:42,854] 173 root - INFO - Data transformation complete
[ 2026-05-26 16:57:42,854] 48 root - INFO - Started Regular Expression mapping
[ 2026-05-26 16:57:42,854] 173 root - INFO - Data transformation complete
[ 2026-05-26 16:57:42,854] 48 root - INFO - Started Regular Expression mapping
[ 2026-05-26 16:57:42,854] 173 root - INFO - Data transformation complete
[ 2026-05-26 16:57:42,854] 48 root - INFO - Started Regular Expression mapping
[ 2026-05-26 16:57:42,854] 173 root - INFO - Data transformation complete
[ 2026-05-26 16:57:42,854] 48 root - INFO - Started Regular Expression mapping
[ 2026-05-26 16:57:42,854] 173 root - INFO - Data transformation complete
[ 2026-05-26 16:57:42,854] 48 root - INFO - Started Regular Expression mapping
[ 2026-05-26 16:57:42,854] 24 root - INFO - Match heuristic business names to paybill payments
[ 2026-05-26 16:57:42,854] 173 root - INFO - Data transformation complete
[ 2026-05-26 16:57:42,854] 48 root - INFO - Started Regular Expression mapping
[ 2026-05-26 16:57:42,854] 173 root - INFO - Data transformation complete
[ 2026-05-26 16:57:42,854] 48 root - INFO - Started Regular Expression mapping
[ 2026-05-26 16:57:42,854] 24 root - INFO - Match heuristic business names to paybill payments
[ 2026-05-26 16:57:42,854] 173 root - INFO - Data transformation complete
[ 2026-05-26 16:57:42,854] 48 root - INFO - Started Regular Expression mapping
[ 2026-05-26 16:57:42,854] 173 root - INFO - Data transformation complete
[ 2026-05-26 16:57:42,854] 48 root - INFO - Started Regular Expression mapping
[ 2026-05-26 16:57:42,854] 173 root - INFO - Data transformation complete
[ 2026-05-26 16:57:42,854] 48 root - INFO - Started Regular Expression mapping
[ 2026-05-26 16:57:42,854] 173 root - INFO - Data transformation complete
[ 2026-05-26 16:57:42,854] 48 root - INFO - Started Regular Expression mapping
[ 2026-05-26 16:57:42,854] 173 root - INFO - Data transformation complete
[ 2026-05-26 16:57:42,854] 48 root - INFO - Started Regular Expression mapping
[ 2026-05-26 16:57:42,854] 24 root - INFO - Match heuristic business names to paybill payments
[ 2026-05-26 16:57:42,854] 173 root - INFO - Data transformation complete
[ 2026-05-26 16:57:42,854] 48 root - INFO - Started Regular Expression mapping
[ 2026-05-26 16:57:42,854] 173 root - INFO - Data transformation complete
[ 2026-05-26 16:57:42,854] 48 root - INFO - Started Regular Expression mapping
[ 2026-05-26 16:57:42,854] 173 root - INFO - Data transformation complete
[ 2026-05-26 16:57:42,854] 48 root - INFO - Started Regular Expression mapping
[ 2026-05-26 16:57:42,854] 173 root - INFO - Data transformation complete
[ 2026-05-26 16:57:42,854] 48 root - INFO - Started Regular Expression mapping
[ 2026-05-26 16:57:42,854] 173 root - INFO - Data transformation complete
[ 2026-05-26 16:57:42,854] 48 root - INFO - Started Regular Expression mapping
[ 2026-05-26 16:57:42,854] 173 root - INFO - Data transformation complete
[ 2026-05-26 16:57:42,854] 48 root - INFO - Started Regular Expression mapping
[ 2026-05-26 16:57:42,854] 24 root - INFO - Match heuristic business names to paybill payments
[ 2026-05-26 16:57:42,854] 173 root - INFO - Data transformation complete
[ 2026-05-26 16:57:42,854] 48 root - INFO - Started Regular Expression mapping
[ 2026-05-26 16:57:42,854] 173 root - INFO - Data transformation complete
[ 2026-05-26 16:57:42,854] 48 root - INFO - Started Regular Expression mapping
[ 2026-05-26 16:57:42,854] 173 root - INFO - Data transformation complete
[ 2026-05-26 16:57:42,854] 48 root - INFO - Started Regular Expression mapping
[ 2026-05-26 16:57:42,854] 173 root - INFO - Data transformation complete
[ 2026-05-26 16:57:42,854] 48 root - INFO - Started Regular Expression mapping
[ 2026-05-26 16:57:42,854] 173 root - INFO - Data transformation complete
[ 2026-05-26 16:57:42,854] 48 root - INFO - Started Regular Expression mapping
[ 2026-05-26 16:57:42,854] 173 root - INFO - Data transformation complete
[ 2026-05-26 16:57:42,854] 48 root - INFO - Started Regular Expression mapping
[ 2026-05-26 16:57:42,854] 173 root - INFO - Data transformation complete
[ 2026-05-26 16:57:42,854] 48 root - INFO - Started Regular Expression mapping
[ 2026-05-26 16:57:42,854] 173 root - INFO - Data transformation complete
[ 2026-05-26 16:57:42,854] 48 root - INFO - Started Regular Expression mapping
[ 2026-05-26 16:57:42,854] 173 root - INFO - Data transformation complete
[ 2026-05-26 16:57:42,854] 48 root - INFO - Started Regular Expression mapping
[ 2026-05-26 16:57:42,854] 173 root - INFO - Data transformation complete
[ 2026-05-26 16:57:42,854] 48 root - INFO - Started Regular Expression mapping
[ 2026-05-26 16:57:42,854] 173 root - INFO - Data transformation complete
[ 2026-05-26 16:57:42,854] 48 root - INFO - Started Regular Expression mapping
[ 2026-05-26 16:57:42,854] 173 root - INFO - Data transformation complete
[ 2026-05-26 16:57:42,854] 48 root - INFO - Started Regular Expression mapping
[ 2026-05-26 16:57:42,854] 173 root - INFO - Data transformation complete
[ 2026-05-26 16:57:42,854] 48 root - INFO - Started Regular Expression mapping
[ 2026-05-26 16:57:42,854] 173 root - INFO - Data transformation complete
[ 2026-05-26 16:57:42,854] 48 root - INFO - Started Regular Expression mapping
[ 2026-05-26 16:57:42,854] 173 root - INFO - Data transformation complete
[ 2026-05-26 16:57:42,854] 48 root - INFO - Started Regular Expression mapping
[ 2026-05-26 16:57:42,854] 173 root - INFO - Data transformation complete
[ 2026-05-26 16:57:42,854] 48 root - INFO - Started Regular Expression mapping
[ 2026-05-26 16:57:42,854] 24 root - INFO - Match heuristic business names to paybill payments
[ 2026-05-26 16:57:42,854] 173 root - INFO - Data transformation complete
[ 2026-05-26 16:57:42,854] 48 root - INFO - Started Regular Expression mapping
[ 2026-05-26 16:57:42,854] 24 root - INFO - Match heuristic business names to paybill payments
[ 2026-05-26 16:57:42,854] 173 root - INFO - Data transformation complete
[ 2026-05-26 16:57:42,854] 48 root - INFO - Started Regular Expression mapping
[ 2026-05-26 16:57:42,854] 24 root - INFO - Match heuristic business names to paybill payments
[ 2026-05-26 16:57:42,854] 173 root - INFO - Data transformation complete
[ 2026-05-26 16:57:42,854] 48 root - INFO - Started Regular Expression mapping
[ 2026-05-26 16:57:42,854] 173 root - INFO - Data transformation complete
[ 2026-05-26 16:57:42,854] 48 root - INFO - Started Regular Expression mapping
[ 2026-05-26 16:57:42,854] 24 root - INFO - Match heuristic business names to paybill payments
[ 2026-05-26 16:57:42,854] 173 root - INFO - Data transformation complete
[ 2026-05-26 16:57:42,854] 48 root - INFO - Started Regular Expression mapping
[ 2026-05-26 16:57:42,854] 24 root - INFO - Match heuristic business names to paybill payments
[ 2026-05-26 16:57:42,854] 173 root - INFO - Data transformation complete
[ 2026-05-26 16:57:42,854] 48 root - INFO - Started Regular Expression mapping
[ 2026-05-26 16:57:42,854] 173 root - INFO - Data transformation complete
[ 2026-05-26 16:57:42,854] 48 root - INFO - Started Regular Expression mapping
[ 2026-05-26 16:57:42,854] 173 root - INFO - Data transformation complete
[ 2026-05-26 16:57:42,854] 48 root - INFO - Started Regular Expression mapping
[ 2026-05-26 16:57:42,869] 24 root - INFO - Match heuristic business names to paybill payments
[ 2026-05-26 16:57:42,869] 173 root - INFO - Data transformation complete
[ 2026-05-26 16:57:42,869] 48 root - INFO - Started Regular Expression mapping
[ 2026-05-26 16:57:42,869] 24 root - INFO - Match heuristic business names to paybill payments
[ 2026-05-26 16:57:42,869] 173 root - INFO - Data transformation complete
[ 2026-05-26 16:57:42,869] 48 root - INFO - Started Regular Expression mapping
[ 2026-05-26 16:57:42,869] 173 root - INFO - Data transformation complete
[ 2026-05-26 16:57:42,869] 48 root - INFO - Started Regular Expression mapping
[ 2026-05-26 16:57:42,869] 173 root - INFO - Data transformation complete
[ 2026-05-26 16:57:42,869] 48 root - INFO - Started Regular Expression mapping
[ 2026-05-26 16:57:42,869] 173 root - INFO - Data transformation complete
[ 2026-05-26 16:57:42,869] 48 root - INFO - Started Regular Expression mapping
[ 2026-05-26 16:57:42,869] 24 root - INFO - Match heuristic business names to paybill payments
[ 2026-05-26 16:57:42,869] 173 root - INFO - Data transformation complete
[ 2026-05-26 16:57:42,869] 48 root - INFO - Started Regular Expression mapping
[ 2026-05-26 16:57:42,869] 173 root - INFO - Data transformation complete
[ 2026-05-26 16:57:42,869] 48 root - INFO - Started Regular Expression mapping
[ 2026-05-26 16:57:42,869] 173 root - INFO - Data transformation complete
[ 2026-05-26 16:57:42,869] 48 root - INFO - Started Regular Expression mapping
[ 2026-05-26 16:57:42,869] 173 root - INFO - Data transformation complete
[ 2026-05-26 16:57:42,869] 48 root - INFO - Started Regular Expression mapping
[ 2026-05-26 16:57:42,869] 173 root - INFO - Data transformation complete
[ 2026-05-26 16:57:42,869] 48 root - INFO - Started Regular Expression mapping
[ 2026-05-26 16:57:42,869] 173 root - INFO - Data transformation complete
[ 2026-05-26 16:57:42,869] 48 root - INFO - Started Regular Expression mapping
[ 2026-05-26 16:57:42,869] 173 root - INFO - Data transformation complete
[ 2026-05-26 16:57:42,869] 48 root - INFO - Started Regular Expression mapping
[ 2026-05-26 16:57:42,869] 173 root - INFO - Data transformation complete
[ 2026-05-26 16:57:42,869] 48 root - INFO - Started Regular Expression mapping
[ 2026-05-26 16:57:42,869] 173 root - INFO - Data transformation complete
[ 2026-05-26 16:57:42,869] 48 root - INFO - Started Regular Expression mapping
[ 2026-05-26 16:57:42,869] 173 root - INFO - Data transformation complete
[ 2026-05-26 16:57:42,869] 48 root - INFO - Started Regular Expression mapping
[ 2026-05-26 16:57:42,869] 173 root - INFO - Data transformation complete
[ 2026-05-26 16:57:42,869] 48 root - INFO - Started Regular Expression mapping
[ 2026-05-26 16:57:42,869] 173 root - INFO - Data transformation complete
[ 2026-05-26 16:57:42,869] 48 root - INFO - Started Regular Expression mapping
[ 2026-05-26 16:57:42,869] 173 root - INFO - Data transformation complete
[ 2026-05-26 16:57:42,869] 48 root - INFO - Started Regular Expression mapping
[ 2026-05-26 16:57:42,869] 173 root - INFO - Data transformation complete
[ 2026-05-26 16:57:42,869] 48 root - INFO - Started Regular Expression mapping
[ 2026-05-26 16:57:42,869] 24 root - INFO - Match heuristic business names to paybill payments
[ 2026-05-26 16:57:42,869] 173 root - INFO - Data transformation complete
[ 2026-05-26 16:57:42,869] 48 root - INFO - Started Regular Expression mapping
[ 2026-05-26 16:57:42,869] 173 root - INFO - Data transformation complete
[ 2026-05-26 16:57:42,869] 48 root - INFO - Started Regular Expression mapping
[ 2026-05-26 16:57:42,869] 173 root - INFO - Data transformation complete
[ 2026-05-26 16:57:42,869] 48 root - INFO - Started Regular Expression mapping
[ 2026-05-26 16:57:42,869] 173 root - INFO - Data transformation complete
[ 2026-05-26 16:57:42,869] 48 root - INFO - Started Regular Expression mapping
[ 2026-05-26 16:57:42,869] 173 root - INFO - Data transformation complete
[ 2026-05-26 16:57:42,869] 48 root - INFO - Started Regular Expression mapping
[ 2026-05-26 16:57:42,869] 173 root - INFO - Data transformation complete
[ 2026-05-26 16:57:42,869] 48 root - INFO - Started Regular Expression mapping
[ 2026-05-26 16:57:42,869] 24 root - INFO - Match heuristic business names to paybill payments
[ 2026-05-26 16:57:42,869] 173 root - INFO - Data transformation complete
[ 2026-05-26 16:57:42,869] 48 root - INFO - Started Regular Expression mapping
[ 2026-05-26 16:57:42,869] 24 root - INFO - Match heuristic business names to paybill payments
[ 2026-05-26 16:57:42,869] 173 root - INFO - Data transformation complete
[ 2026-05-26 16:57:42,869] 48 root - INFO - Started Regular Expression mapping
[ 2026-05-26 16:57:42,869] 173 root - INFO - Data transformation complete
[ 2026-05-26 16:57:42,869] 48 root - INFO - Started Regular Expression mapping
[ 2026-05-26 16:57:42,869] 173 root - INFO - Data transformation complete
[ 2026-05-26 16:57:42,869] 48 root - INFO - Started Regular Expression mapping
[ 2026-05-26 16:57:42,869] 173 root - INFO - Data transformation complete
[ 2026-05-26 16:57:42,869] 48 root - INFO - Started Regular Expression mapping
[ 2026-05-26 16:57:42,869] 173 root - INFO - Data transformation complete
[ 2026-05-26 16:57:42,869] 48 root - INFO - Started Regular Expression mapping
[ 2026-05-26 16:57:42,869] 173 root - INFO - Data transformation complete
[ 2026-05-26 16:57:42,869] 48 root - INFO - Started Regular Expression mapping
[ 2026-05-26 16:57:42,869] 173 root - INFO - Data transformation complete
[ 2026-05-26 16:57:42,869] 48 root - INFO - Started Regular Expression mapping
[ 2026-05-26 16:57:42,869] 173 root - INFO - Data transformation complete
[ 2026-05-26 16:57:42,869] 48 root - INFO - Started Regular Expression mapping
[ 2026-05-26 16:57:42,869] 173 root - INFO - Data transformation complete
[ 2026-05-26 16:57:42,869] 48 root - INFO - Started Regular Expression mapping
[ 2026-05-26 16:57:42,869] 173 root - INFO - Data transformation complete
[ 2026-05-26 16:57:42,869] 48 root - INFO - Started Regular Expression mapping
[ 2026-05-26 16:57:42,869] 173 root - INFO - Data transformation complete
[ 2026-05-26 16:57:42,869] 48 root - INFO - Started Regular Expression mapping
[ 2026-05-26 16:57:42,869] 173 root - INFO - Data transformation complete
[ 2026-05-26 16:57:42,869] 48 root - INFO - Started Regular Expression mapping
[ 2026-05-26 16:57:42,869] 173 root - INFO - Data transformation complete
[ 2026-05-26 16:57:42,869] 48 root - INFO - Started Regular Expression mapping
[ 2026-05-26 16:57:42,885] 173 root - INFO - Data transformation complete
[ 2026-05-26 16:57:42,885] 48 root - INFO - Started Regular Expression mapping
[ 2026-05-26 16:57:42,885] 173 root - INFO - Data transformation complete
[ 2026-05-26 16:57:42,885] 48 root - INFO - Started Regular Expression mapping
[ 2026-05-26 16:57:42,885] 173 root - INFO - Data transformation complete
[ 2026-05-26 16:57:42,885] 48 root - INFO - Started Regular Expression mapping
[ 2026-05-26 16:57:42,885] 173 root - INFO - Data transformation complete
[ 2026-05-26 16:57:42,885] 48 root - INFO - Started Regular Expression mapping
[ 2026-05-26 16:57:42,885] 173 root - INFO - Data transformation complete
[ 2026-05-26 16:57:42,885] 48 root - INFO - Started Regular Expression mapping
[ 2026-05-26 16:57:42,885] 173 root - INFO - Data transformation complete
[ 2026-05-26 16:57:42,885] 48 root - INFO - Started Regular Expression mapping
[ 2026-05-26 16:57:42,885] 173 root - INFO - Data transformation complete
[ 2026-05-26 16:57:42,885] 48 root - INFO - Started Regular Expression mapping
[ 2026-05-26 16:57:42,885] 173 root - INFO - Data transformation complete
[ 2026-05-26 16:57:42,885] 48 root - INFO - Started Regular Expression mapping
[ 2026-05-26 16:57:42,885] 173 root - INFO - Data transformation complete
[ 2026-05-26 16:57:42,885] 48 root - INFO - Started Regular Expression mapping
[ 2026-05-26 16:57:42,885] 173 root - INFO - Data transformation complete
[ 2026-05-26 16:57:42,889] 48 root - INFO - Started Regular Expression mapping
[ 2026-05-26 16:57:42,889] 173 root - INFO - Data transformation complete
[ 2026-05-26 16:57:42,889] 48 root - INFO - Started Regular Expression mapping
[ 2026-05-26 16:57:42,889] 173 root - INFO - Data transformation complete
[ 2026-05-26 16:57:42,889] 48 root - INFO - Started Regular Expression mapping
[ 2026-05-26 16:57:42,889] 173 root - INFO - Data transformation complete
[ 2026-05-26 16:57:42,889] 48 root - INFO - Started Regular Expression mapping
[ 2026-05-26 16:57:42,889] 173 root - INFO - Data transformation complete
[ 2026-05-26 16:57:42,889] 48 root - INFO - Started Regular Expression mapping
[ 2026-05-26 16:57:42,889] 173 root - INFO - Data transformation complete
[ 2026-05-26 16:57:42,889] 48 root - INFO - Started Regular Expression mapping
[ 2026-05-26 16:57:42,891] 173 root - INFO - Data transformation complete
[ 2026-05-26 16:57:42,891] 48 root - INFO - Started Regular Expression mapping
[ 2026-05-26 16:57:42,891] 173 root - INFO - Data transformation complete
[ 2026-05-26 16:57:42,891] 48 root - INFO - Started Regular Expression mapping
[ 2026-05-26 16:57:42,891] 173 root - INFO - Data transformation complete
[ 2026-05-26 16:57:42,891] 48 root - INFO - Started Regular Expression mapping
[ 2026-05-26 16:57:42,891] 173 root - INFO - Data transformation complete
[ 2026-05-26 16:57:42,891] 48 root - INFO - Started Regular Expression mapping
[ 2026-05-26 16:57:42,891] 173 root - INFO - Data transformation complete
[ 2026-05-26 16:57:42,891] 48 root - INFO - Started Regular Expression mapping
[ 2026-05-26 16:57:42,893] 173 root - INFO - Data transformation complete
[ 2026-05-26 16:57:42,893] 48 root - INFO - Started Regular Expression mapping
[ 2026-05-26 16:57:42,893] 24 root - INFO - Match heuristic business names to paybill payments
[ 2026-05-26 16:57:42,893] 173 root - INFO - Data transformation complete
[ 2026-05-26 16:57:42,893] 48 root - INFO - Started Regular Expression mapping
[ 2026-05-26 16:57:42,893] 173 root - INFO - Data transformation complete
[ 2026-05-26 16:57:42,893] 48 root - INFO - Started Regular Expression mapping
[ 2026-05-26 16:57:42,893] 173 root - INFO - Data transformation complete
[ 2026-05-26 16:57:42,893] 48 root - INFO - Started Regular Expression mapping
[ 2026-05-26 16:57:42,893] 173 root - INFO - Data transformation complete
[ 2026-05-26 16:57:42,893] 48 root - INFO - Started Regular Expression mapping
[ 2026-05-26 16:57:42,895] 173 root - INFO - Data transformation complete
[ 2026-05-26 16:57:42,895] 48 root - INFO - Started Regular Expression mapping
[ 2026-05-26 16:57:42,895] 173 root - INFO - Data transformation complete
[ 2026-05-26 16:57:42,895] 48 root - INFO - Started Regular Expression mapping
[ 2026-05-26 16:57:42,895] 173 root - INFO - Data transformation complete
[ 2026-05-26 16:57:42,895] 48 root - INFO - Started Regular Expression mapping
[ 2026-05-26 16:57:42,895] 173 root - INFO - Data transformation complete
[ 2026-05-26 16:57:42,895] 48 root - INFO - Started Regular Expression mapping
[ 2026-05-26 16:57:42,895] 173 root - INFO - Data transformation complete
[ 2026-05-26 16:57:42,895] 48 root - INFO - Started Regular Expression mapping
[ 2026-05-26 16:57:42,895] 173 root - INFO - Data transformation complete
[ 2026-05-26 16:57:42,897] 48 root - INFO - Started Regular Expression mapping
[ 2026-05-26 16:57:42,897] 24 root - INFO - Match heuristic business names to paybill payments
[ 2026-05-26 16:57:42,897] 173 root - INFO - Data transformation complete
[ 2026-05-26 16:57:42,897] 48 root - INFO - Started Regular Expression mapping
[ 2026-05-26 16:57:42,897] 173 root - INFO - Data transformation complete
[ 2026-05-26 16:57:42,897] 48 root - INFO - Started Regular Expression mapping
[ 2026-05-26 16:57:42,897] 173 root - INFO - Data transformation complete
[ 2026-05-26 16:57:42,897] 48 root - INFO - Started Regular Expression mapping
[ 2026-05-26 16:57:42,897] 173 root - INFO - Data transformation complete
[ 2026-05-26 16:57:42,897] 48 root - INFO - Started Regular Expression mapping
[ 2026-05-26 16:57:42,897] 173 root - INFO - Data transformation complete
[ 2026-05-26 16:57:42,899] 48 root - INFO - Started Regular Expression mapping
[ 2026-05-26 16:57:42,899] 173 root - INFO - Data transformation complete
[ 2026-05-26 16:57:42,899] 48 root - INFO - Started Regular Expression mapping
[ 2026-05-26 16:57:42,899] 24 root - INFO - Match heuristic business names to paybill payments
[ 2026-05-26 16:57:42,899] 173 root - INFO - Data transformation complete
[ 2026-05-26 16:57:42,899] 48 root - INFO - Started Regular Expression mapping
[ 2026-05-26 16:57:42,899] 24 root - INFO - Match heuristic business names to paybill payments
[ 2026-05-26 16:57:42,899] 173 root - INFO - Data transformation complete
[ 2026-05-26 16:57:42,899] 48 root - INFO - Started Regular Expression mapping
[ 2026-05-26 16:57:42,901] 173 root - INFO - Data transformation complete
[ 2026-05-26 16:57:42,901] 48 root - INFO - Started Regular Expression mapping
[ 2026-05-26 16:57:42,901] 173 root - INFO - Data transformation complete
[ 2026-05-26 16:57:42,901] 48 root - INFO - Started Regular Expression mapping
[ 2026-05-26 16:57:42,901] 173 root - INFO - Data transformation complete
[ 2026-05-26 16:57:42,901] 48 root - INFO - Started Regular Expression mapping
[ 2026-05-26 16:57:42,901] 173 root - INFO - Data transformation complete
[ 2026-05-26 16:57:42,901] 48 root - INFO - Started Regular Expression mapping
[ 2026-05-26 16:57:42,901] 173 root - INFO - Data transformation complete
[ 2026-05-26 16:57:42,901] 48 root - INFO - Started Regular Expression mapping
[ 2026-05-26 16:57:42,903] 24 root - INFO - Match heuristic business names to paybill payments
[ 2026-05-26 16:57:42,903] 173 root - INFO - Data transformation complete
[ 2026-05-26 16:57:42,903] 48 root - INFO - Started Regular Expression mapping
[ 2026-05-26 16:57:42,903] 173 root - INFO - Data transformation complete
[ 2026-05-26 16:57:42,903] 48 root - INFO - Started Regular Expression mapping
[ 2026-05-26 16:57:42,903] 173 root - INFO - Data transformation complete
[ 2026-05-26 16:57:42,903] 48 root - INFO - Started Regular Expression mapping
[ 2026-05-26 16:57:42,903] 173 root - INFO - Data transformation complete
[ 2026-05-26 16:57:42,903] 48 root - INFO - Started Regular Expression mapping
[ 2026-05-26 16:57:42,903] 173 root - INFO - Data transformation complete
[ 2026-05-26 16:57:42,905] 48 root - INFO - Started Regular Expression mapping
[ 2026-05-26 16:57:42,906] 173 root - INFO - Data transformation complete
[ 2026-05-26 16:57:42,906] 48 root - INFO - Started Regular Expression mapping
[ 2026-05-26 16:57:42,906] 24 root - INFO - Match heuristic business names to paybill payments
[ 2026-05-26 16:57:42,907] 173 root - INFO - Data transformation complete
[ 2026-05-26 16:57:42,907] 48 root - INFO - Started Regular Expression mapping
[ 2026-05-26 16:57:42,907] 173 root - INFO - Data transformation complete
[ 2026-05-26 16:57:42,907] 48 root - INFO - Started Regular Expression mapping
[ 2026-05-26 16:57:42,907] 173 root - INFO - Data transformation complete
[ 2026-05-26 16:57:42,907] 48 root - INFO - Started Regular Expression mapping
[ 2026-05-26 16:57:42,907] 24 root - INFO - Match heuristic business names to paybill payments
[ 2026-05-26 16:57:42,907] 173 root - INFO - Data transformation complete
[ 2026-05-26 16:57:42,907] 48 root - INFO - Started Regular Expression mapping
[ 2026-05-26 16:57:42,907] 24 root - INFO - Match heuristic business names to paybill payments
[ 2026-05-26 16:57:42,907] 173 root - INFO - Data transformation complete
[ 2026-05-26 16:57:42,907] 48 root - INFO - Started Regular Expression mapping
[ 2026-05-26 16:57:42,907] 173 root - INFO - Data transformation complete
[ 2026-05-26 16:57:42,909] 48 root - INFO - Started Regular Expression mapping
[ 2026-05-26 16:57:42,909] 173 root - INFO - Data transformation complete
[ 2026-05-26 16:57:42,909] 48 root - INFO - Started Regular Expression mapping
[ 2026-05-26 16:57:42,909] 173 root - INFO - Data transformation complete
[ 2026-05-26 16:57:42,909] 48 root - INFO - Started Regular Expression mapping
[ 2026-05-26 16:57:42,909] 173 root - INFO - Data transformation complete
[ 2026-05-26 16:57:42,909] 48 root - INFO - Started Regular Expression mapping
[ 2026-05-26 16:57:42,909] 173 root - INFO - Data transformation complete
[ 2026-05-26 16:57:42,909] 48 root - INFO - Started Regular Expression mapping
[ 2026-05-26 16:57:42,909] 173 root - INFO - Data transformation complete
[ 2026-05-26 16:57:42,909] 48 root - INFO - Started Regular Expression mapping
[ 2026-05-26 16:57:42,909] 173 root - INFO - Data transformation complete
[ 2026-05-26 16:57:42,909] 48 root - INFO - Started Regular Expression mapping
[ 2026-05-26 16:57:42,909] 173 root - INFO - Data transformation complete
[ 2026-05-26 16:57:42,909] 48 root - INFO - Started Regular Expression mapping
[ 2026-05-26 16:57:42,909] 24 root - INFO - Match heuristic business names to paybill payments
[ 2026-05-26 16:57:42,909] 173 root - INFO - Data transformation complete
[ 2026-05-26 16:57:42,909] 48 root - INFO - Started Regular Expression mapping
[ 2026-05-26 16:57:42,909] 173 root - INFO - Data transformation complete
[ 2026-05-26 16:57:42,909] 48 root - INFO - Started Regular Expression mapping
[ 2026-05-26 16:57:42,909] 173 root - INFO - Data transformation complete
[ 2026-05-26 16:57:42,909] 48 root - INFO - Started Regular Expression mapping
[ 2026-05-26 16:57:42,909] 173 root - INFO - Data transformation complete
[ 2026-05-26 16:57:42,909] 48 root - INFO - Started Regular Expression mapping
[ 2026-05-26 16:57:42,909] 173 root - INFO - Data transformation complete
[ 2026-05-26 16:57:42,909] 48 root - INFO - Started Regular Expression mapping
[ 2026-05-26 16:57:42,909] 173 root - INFO - Data transformation complete
[ 2026-05-26 16:57:42,909] 48 root - INFO - Started Regular Expression mapping
[ 2026-05-26 16:57:42,909] 173 root - INFO - Data transformation complete
[ 2026-05-26 16:57:42,909] 48 root - INFO - Started Regular Expression mapping
[ 2026-05-26 16:57:42,909] 173 root - INFO - Data transformation complete
[ 2026-05-26 16:57:42,909] 48 root - INFO - Started Regular Expression mapping
[ 2026-05-26 16:57:42,909] 173 root - INFO - Data transformation complete
[ 2026-05-26 16:57:42,909] 48 root - INFO - Started Regular Expression mapping
[ 2026-05-26 16:57:42,909] 173 root - INFO - Data transformation complete
[ 2026-05-26 16:57:42,909] 48 root - INFO - Started Regular Expression mapping
[ 2026-05-26 16:57:42,909] 173 root - INFO - Data transformation complete
[ 2026-05-26 16:57:42,909] 48 root - INFO - Started Regular Expression mapping
[ 2026-05-26 16:57:42,909] 173 root - INFO - Data transformation complete
[ 2026-05-26 16:57:42,909] 48 root - INFO - Started Regular Expression mapping
[ 2026-05-26 16:57:42,909] 173 root - INFO - Data transformation complete
[ 2026-05-26 16:57:42,909] 48 root - INFO - Started Regular Expression mapping
[ 2026-05-26 16:57:42,909] 173 root - INFO - Data transformation complete
[ 2026-05-26 16:57:42,909] 48 root - INFO - Started Regular Expression mapping
[ 2026-05-26 16:57:42,917] 24 root - INFO - Match heuristic business names to paybill payments
[ 2026-05-26 16:57:42,917] 173 root - INFO - Data transformation complete
[ 2026-05-26 16:57:42,917] 48 root - INFO - Started Regular Expression mapping
[ 2026-05-26 16:57:42,917] 24 root - INFO - Match heuristic business names to paybill payments
[ 2026-05-26 16:57:42,917] 173 root - INFO - Data transformation complete
[ 2026-05-26 16:57:42,917] 48 root - INFO - Started Regular Expression mapping
[ 2026-05-26 16:57:42,917] 173 root - INFO - Data transformation complete
[ 2026-05-26 16:57:42,917] 48 root - INFO - Started Regular Expression mapping
[ 2026-05-26 16:57:42,917] 173 root - INFO - Data transformation complete
[ 2026-05-26 16:57:42,917] 48 root - INFO - Started Regular Expression mapping
[ 2026-05-26 16:57:42,917] 173 root - INFO - Data transformation complete
[ 2026-05-26 16:57:42,917] 48 root - INFO - Started Regular Expression mapping
[ 2026-05-26 16:57:42,917] 173 root - INFO - Data transformation complete
[ 2026-05-26 16:57:42,917] 48 root - INFO - Started Regular Expression mapping
[ 2026-05-26 16:57:42,917] 173 root - INFO - Data transformation complete
[ 2026-05-26 16:57:42,917] 48 root - INFO - Started Regular Expression mapping
[ 2026-05-26 16:57:42,921] 24 root - INFO - Match heuristic business names to paybill payments
[ 2026-05-26 16:57:42,921] 173 root - INFO - Data transformation complete
[ 2026-05-26 16:57:42,921] 48 root - INFO - Started Regular Expression mapping
[ 2026-05-26 16:57:42,921] 173 root - INFO - Data transformation complete
[ 2026-05-26 16:57:42,921] 48 root - INFO - Started Regular Expression mapping
[ 2026-05-26 16:57:42,921] 173 root - INFO - Data transformation complete
[ 2026-05-26 16:57:42,921] 48 root - INFO - Started Regular Expression mapping
[ 2026-05-26 16:57:42,921] 173 root - INFO - Data transformation complete
[ 2026-05-26 16:57:42,921] 48 root - INFO - Started Regular Expression mapping
[ 2026-05-26 16:57:42,923] 173 root - INFO - Data transformation complete
[ 2026-05-26 16:57:42,923] 48 root - INFO - Started Regular Expression mapping
[ 2026-05-26 16:57:42,923] 173 root - INFO - Data transformation complete
[ 2026-05-26 16:57:42,923] 48 root - INFO - Started Regular Expression mapping
[ 2026-05-26 16:57:42,923] 173 root - INFO - Data transformation complete
[ 2026-05-26 16:57:42,923] 48 root - INFO - Started Regular Expression mapping
[ 2026-05-26 16:57:42,923] 173 root - INFO - Data transformation complete
[ 2026-05-26 16:57:42,923] 48 root - INFO - Started Regular Expression mapping
[ 2026-05-26 16:57:42,923] 173 root - INFO - Data transformation complete
[ 2026-05-26 16:57:42,923] 48 root - INFO - Started Regular Expression mapping
[ 2026-05-26 16:57:42,923] 173 root - INFO - Data transformation complete
[ 2026-05-26 16:57:42,925] 48 root - INFO - Started Regular Expression mapping
[ 2026-05-26 16:57:42,925] 173 root - INFO - Data transformation complete
[ 2026-05-26 16:57:42,925] 48 root - INFO - Started Regular Expression mapping
[ 2026-05-26 16:57:42,925] 173 root - INFO - Data transformation complete
[ 2026-05-26 16:57:42,925] 48 root - INFO - Started Regular Expression mapping
[ 2026-05-26 16:57:42,925] 173 root - INFO - Data transformation complete
[ 2026-05-26 16:57:42,925] 48 root - INFO - Started Regular Expression mapping
[ 2026-05-26 16:57:42,925] 173 root - INFO - Data transformation complete
[ 2026-05-26 16:57:42,925] 48 root - INFO - Started Regular Expression mapping
[ 2026-05-26 16:57:42,925] 173 root - INFO - Data transformation complete
[ 2026-05-26 16:57:42,925] 48 root - INFO - Started Regular Expression mapping
[ 2026-05-26 16:57:42,927] 173 root - INFO - Data transformation complete
[ 2026-05-26 16:57:42,927] 48 root - INFO - Started Regular Expression mapping
[ 2026-05-26 16:57:42,927] 173 root - INFO - Data transformation complete
[ 2026-05-26 16:57:42,927] 48 root - INFO - Started Regular Expression mapping
[ 2026-05-26 16:57:42,927] 173 root - INFO - Data transformation complete
[ 2026-05-26 16:57:42,927] 48 root - INFO - Started Regular Expression mapping
[ 2026-05-26 16:57:42,927] 173 root - INFO - Data transformation complete
[ 2026-05-26 16:57:42,927] 48 root - INFO - Started Regular Expression mapping
[ 2026-05-26 16:57:42,927] 173 root - INFO - Data transformation complete
[ 2026-05-26 16:57:42,927] 48 root - INFO - Started Regular Expression mapping
[ 2026-05-26 16:57:42,929] 24 root - INFO - Match heuristic business names to paybill payments
[ 2026-05-26 16:57:42,929] 173 root - INFO - Data transformation complete
[ 2026-05-26 16:57:42,929] 48 root - INFO - Started Regular Expression mapping
[ 2026-05-26 16:57:42,929] 173 root - INFO - Data transformation complete
[ 2026-05-26 16:57:42,929] 48 root - INFO - Started Regular Expression mapping
[ 2026-05-26 16:57:42,930] 173 root - INFO - Data transformation complete
[ 2026-05-26 16:57:42,930] 48 root - INFO - Started Regular Expression mapping
[ 2026-05-26 16:57:42,930] 173 root - INFO - Data transformation complete
[ 2026-05-26 16:57:42,930] 48 root - INFO - Started Regular Expression mapping
[ 2026-05-26 16:57:42,930] 173 root - INFO - Data transformation complete
[ 2026-05-26 16:57:42,930] 48 root - INFO - Started Regular Expression mapping
[ 2026-05-26 16:57:42,930] 173 root - INFO - Data transformation complete
[ 2026-05-26 16:57:42,930] 48 root - INFO - Started Regular Expression mapping
[ 2026-05-26 16:57:42,930] 173 root - INFO - Data transformation complete
[ 2026-05-26 16:57:42,930] 48 root - INFO - Started Regular Expression mapping
[ 2026-05-26 16:57:42,930] 24 root - INFO - Match heuristic business names to paybill payments
[ 2026-05-26 16:57:42,930] 173 root - INFO - Data transformation complete
[ 2026-05-26 16:57:42,930] 48 root - INFO - Started Regular Expression mapping
[ 2026-05-26 16:57:42,930] 24 root - INFO - Match heuristic business names to paybill payments
[ 2026-05-26 16:57:42,930] 173 root - INFO - Data transformation complete
[ 2026-05-26 16:57:42,930] 48 root - INFO - Started Regular Expression mapping
[ 2026-05-26 16:57:42,933] 173 root - INFO - Data transformation complete
[ 2026-05-26 16:57:42,933] 48 root - INFO - Started Regular Expression mapping
[ 2026-05-26 16:57:42,933] 173 root - INFO - Data transformation complete
[ 2026-05-26 16:57:42,933] 48 root - INFO - Started Regular Expression mapping
[ 2026-05-26 16:57:42,933] 173 root - INFO - Data transformation complete
[ 2026-05-26 16:57:42,933] 48 root - INFO - Started Regular Expression mapping
[ 2026-05-26 16:57:42,933] 173 root - INFO - Data transformation complete
[ 2026-05-26 16:57:42,933] 48 root - INFO - Started Regular Expression mapping
[ 2026-05-26 16:57:42,933] 24 root - INFO - Match heuristic business names to paybill payments
[ 2026-05-26 16:57:42,933] 173 root - INFO - Data transformation complete
[ 2026-05-26 16:57:42,933] 48 root - INFO - Started Regular Expression mapping
[ 2026-05-26 16:57:42,933] 173 root - INFO - Data transformation complete
[ 2026-05-26 16:57:42,933] 48 root - INFO - Started Regular Expression mapping
[ 2026-05-26 16:57:42,933] 24 root - INFO - Match heuristic business names to paybill payments
[ 2026-05-26 16:57:42,933] 173 root - INFO - Data transformation complete
[ 2026-05-26 16:57:42,933] 48 root - INFO - Started Regular Expression mapping
[ 2026-05-26 16:57:42,933] 24 root - INFO - Match heuristic business names to paybill payments
[ 2026-05-26 16:57:42,933] 173 root - INFO - Data transformation complete
[ 2026-05-26 16:57:42,933] 48 root - INFO - Started Regular Expression mapping
[ 2026-05-26 16:57:42,933] 173 root - INFO - Data transformation complete
[ 2026-05-26 16:57:42,933] 48 root - INFO - Started Regular Expression mapping
[ 2026-05-26 16:57:42,937] 173 root - INFO - Data transformation complete
[ 2026-05-26 16:57:42,937] 48 root - INFO - Started Regular Expression mapping
[ 2026-05-26 16:57:42,937] 173 root - INFO - Data transformation complete
[ 2026-05-26 16:57:42,937] 48 root - INFO - Started Regular Expression mapping
[ 2026-05-26 16:57:42,937] 173 root - INFO - Data transformation complete
[ 2026-05-26 16:57:42,937] 48 root - INFO - Started Regular Expression mapping
[ 2026-05-26 16:57:42,939] 173 root - INFO - Data transformation complete
[ 2026-05-26 16:57:42,939] 48 root - INFO - Started Regular Expression mapping
[ 2026-05-26 16:57:42,939] 24 root - INFO - Match heuristic business names to paybill payments
[ 2026-05-26 16:57:42,939] 173 root - INFO - Data transformation complete
[ 2026-05-26 16:57:42,939] 48 root - INFO - Started Regular Expression mapping
[ 2026-05-26 16:57:42,939] 173 root - INFO - Data transformation complete
[ 2026-05-26 16:57:42,939] 48 root - INFO - Started Regular Expression mapping
[ 2026-05-26 16:57:42,939] 173 root - INFO - Data transformation complete
[ 2026-05-26 16:57:42,939] 48 root - INFO - Started Regular Expression mapping
[ 2026-05-26 16:57:42,939] 24 root - INFO - Match heuristic business names to paybill payments
[ 2026-05-26 16:57:42,939] 173 root - INFO - Data transformation complete
[ 2026-05-26 16:57:42,939] 48 root - INFO - Started Regular Expression mapping
[ 2026-05-26 16:57:42,941] 24 root - INFO - Match heuristic business names to paybill payments
[ 2026-05-26 16:57:42,941] 173 root - INFO - Data transformation complete
[ 2026-05-26 16:57:42,941] 48 root - INFO - Started Regular Expression mapping
[ 2026-05-26 16:57:42,941] 173 root - INFO - Data transformation complete
[ 2026-05-26 16:57:42,941] 48 root - INFO - Started Regular Expression mapping
[ 2026-05-26 16:57:42,941] 173 root - INFO - Data transformation complete
[ 2026-05-26 16:57:42,941] 48 root - INFO - Started Regular Expression mapping
[ 2026-05-26 16:57:42,941] 173 root - INFO - Data transformation complete
[ 2026-05-26 16:57:42,941] 48 root - INFO - Started Regular Expression mapping
[ 2026-05-26 16:57:42,941] 173 root - INFO - Data transformation complete
[ 2026-05-26 16:57:42,941] 48 root - INFO - Started Regular Expression mapping
[ 2026-05-26 16:57:42,943] 173 root - INFO - Data transformation complete
[ 2026-05-26 16:57:42,943] 48 root - INFO - Started Regular Expression mapping
[ 2026-05-26 16:57:42,943] 24 root - INFO - Match heuristic business names to paybill payments
[ 2026-05-26 16:57:42,943] 173 root - INFO - Data transformation complete
[ 2026-05-26 16:57:42,943] 48 root - INFO - Started Regular Expression mapping
[ 2026-05-26 16:57:42,943] 173 root - INFO - Data transformation complete
[ 2026-05-26 16:57:42,943] 48 root - INFO - Started Regular Expression mapping
[ 2026-05-26 16:57:42,943] 173 root - INFO - Data transformation complete
[ 2026-05-26 16:57:42,943] 48 root - INFO - Started Regular Expression mapping
[ 2026-05-26 16:57:42,943] 173 root - INFO - Data transformation complete
[ 2026-05-26 16:57:42,943] 48 root - INFO - Started Regular Expression mapping
[ 2026-05-26 16:57:42,945] 173 root - INFO - Data transformation complete
[ 2026-05-26 16:57:42,945] 48 root - INFO - Started Regular Expression mapping
[ 2026-05-26 16:57:42,945] 24 root - INFO - Match heuristic business names to paybill payments
[ 2026-05-26 16:57:42,945] 173 root - INFO - Data transformation complete
[ 2026-05-26 16:57:42,945] 48 root - INFO - Started Regular Expression mapping
[ 2026-05-26 16:57:42,945] 173 root - INFO - Data transformation complete
[ 2026-05-26 16:57:42,945] 48 root - INFO - Started Regular Expression mapping
[ 2026-05-26 16:57:42,945] 173 root - INFO - Data transformation complete
[ 2026-05-26 16:57:42,945] 48 root - INFO - Started Regular Expression mapping
[ 2026-05-26 16:57:42,945] 173 root - INFO - Data transformation complete
[ 2026-05-26 16:57:42,945] 48 root - INFO - Started Regular Expression mapping
[ 2026-05-26 16:57:42,947] 173 root - INFO - Data transformation complete
[ 2026-05-26 16:57:42,947] 48 root - INFO - Started Regular Expression mapping
[ 2026-05-26 16:57:42,947] 173 root - INFO - Data transformation complete
[ 2026-05-26 16:57:42,947] 48 root - INFO - Started Regular Expression mapping
[ 2026-05-26 16:57:42,947] 24 root - INFO - Match heuristic business names to paybill payments
[ 2026-05-26 16:57:42,947] 173 root - INFO - Data transformation complete
[ 2026-05-26 16:57:42,947] 48 root - INFO - Started Regular Expression mapping
[ 2026-05-26 16:57:42,947] 24 root - INFO - Match heuristic business names to paybill payments
[ 2026-05-26 16:57:42,947] 173 root - INFO - Data transformation complete
[ 2026-05-26 16:57:42,947] 48 root - INFO - Started Regular Expression mapping
[ 2026-05-26 16:57:42,949] 173 root - INFO - Data transformation complete
[ 2026-05-26 16:57:42,949] 48 root - INFO - Started Regular Expression mapping
[ 2026-05-26 16:57:42,949] 173 root - INFO - Data transformation complete
[ 2026-05-26 16:57:42,949] 48 root - INFO - Started Regular Expression mapping
[ 2026-05-26 16:57:42,949] 173 root - INFO - Data transformation complete
[ 2026-05-26 16:57:42,949] 48 root - INFO - Started Regular Expression mapping
[ 2026-05-26 16:57:42,949] 24 root - INFO - Match heuristic business names to paybill payments
[ 2026-05-26 16:57:42,949] 173 root - INFO - Data transformation complete
[ 2026-05-26 16:57:42,949] 48 root - INFO - Started Regular Expression mapping
[ 2026-05-26 16:57:42,949] 24 root - INFO - Match heuristic business names to paybill payments
[ 2026-05-26 16:57:42,951] 173 root - INFO - Data transformation complete
[ 2026-05-26 16:57:42,951] 48 root - INFO - Started Regular Expression mapping
[ 2026-05-26 16:57:42,951] 173 root - INFO - Data transformation complete
[ 2026-05-26 16:57:42,951] 48 root - INFO - Started Regular Expression mapping
[ 2026-05-26 16:57:42,951] 173 root - INFO - Data transformation complete
[ 2026-05-26 16:57:42,951] 48 root - INFO - Started Regular Expression mapping
[ 2026-05-26 16:57:42,951] 173 root - INFO - Data transformation complete
[ 2026-05-26 16:57:42,951] 48 root - INFO - Started Regular Expression mapping
[ 2026-05-26 16:57:42,951] 173 root - INFO - Data transformation complete
[ 2026-05-26 16:57:42,951] 48 root - INFO - Started Regular Expression mapping
[ 2026-05-26 16:57:42,953] 173 root - INFO - Data transformation complete
[ 2026-05-26 16:57:42,953] 48 root - INFO - Started Regular Expression mapping
[ 2026-05-26 16:57:42,953] 173 root - INFO - Data transformation complete
[ 2026-05-26 16:57:42,953] 48 root - INFO - Started Regular Expression mapping
[ 2026-05-26 16:57:42,953] 173 root - INFO - Data transformation complete
[ 2026-05-26 16:57:42,953] 48 root - INFO - Started Regular Expression mapping
[ 2026-05-26 16:57:42,953] 173 root - INFO - Data transformation complete
[ 2026-05-26 16:57:42,953] 48 root - INFO - Started Regular Expression mapping
[ 2026-05-26 16:57:42,953] 24 root - INFO - Match heuristic business names to paybill payments
[ 2026-05-26 16:57:42,953] 173 root - INFO - Data transformation complete
[ 2026-05-26 16:57:42,953] 48 root - INFO - Started Regular Expression mapping
[ 2026-05-26 16:57:42,953] 24 root - INFO - Match heuristic business names to paybill payments
[ 2026-05-26 16:57:42,953] 173 root - INFO - Data transformation complete
[ 2026-05-26 16:57:42,953] 48 root - INFO - Started Regular Expression mapping
[ 2026-05-26 16:57:42,953] 173 root - INFO - Data transformation complete
[ 2026-05-26 16:57:42,953] 48 root - INFO - Started Regular Expression mapping
[ 2026-05-26 16:57:42,953] 173 root - INFO - Data transformation complete
[ 2026-05-26 16:57:42,953] 48 root - INFO - Started Regular Expression mapping
[ 2026-05-26 16:57:42,953] 173 root - INFO - Data transformation complete
[ 2026-05-26 16:57:42,953] 48 root - INFO - Started Regular Expression mapping
[ 2026-05-26 16:57:42,953] 173 root - INFO - Data transformation complete
[ 2026-05-26 16:57:42,953] 48 root - INFO - Started Regular Expression mapping
[ 2026-05-26 16:57:42,953] 173 root - INFO - Data transformation complete
[ 2026-05-26 16:57:42,953] 48 root - INFO - Started Regular Expression mapping
[ 2026-05-26 16:57:42,953] 173 root - INFO - Data transformation complete
[ 2026-05-26 16:57:42,953] 48 root - INFO - Started Regular Expression mapping
[ 2026-05-26 16:57:42,953] 173 root - INFO - Data transformation complete
[ 2026-05-26 16:57:42,953] 48 root - INFO - Started Regular Expression mapping
[ 2026-05-26 16:57:42,953] 173 root - INFO - Data transformation complete
[ 2026-05-26 16:57:42,953] 48 root - INFO - Started Regular Expression mapping
[ 2026-05-26 16:57:42,953] 173 root - INFO - Data transformation complete
[ 2026-05-26 16:57:42,953] 48 root - INFO - Started Regular Expression mapping
[ 2026-05-26 16:57:42,953] 173 root - INFO - Data transformation complete
[ 2026-05-26 16:57:42,953] 48 root - INFO - Started Regular Expression mapping
[ 2026-05-26 16:57:42,953] 173 root - INFO - Data transformation complete
[ 2026-05-26 16:57:42,953] 48 root - INFO - Started Regular Expression mapping
[ 2026-05-26 16:57:42,953] 173 root - INFO - Data transformation complete
[ 2026-05-26 16:57:42,953] 48 root - INFO - Started Regular Expression mapping
[ 2026-05-26 16:57:42,953] 173 root - INFO - Data transformation complete
[ 2026-05-26 16:57:42,953] 48 root - INFO - Started Regular Expression mapping
[ 2026-05-26 16:57:42,953] 173 root - INFO - Data transformation complete
[ 2026-05-26 16:57:42,953] 48 root - INFO - Started Regular Expression mapping
[ 2026-05-26 16:57:42,953] 24 root - INFO - Match heuristic business names to paybill payments
[ 2026-05-26 16:57:42,953] 173 root - INFO - Data transformation complete
[ 2026-05-26 16:57:42,953] 48 root - INFO - Started Regular Expression mapping
[ 2026-05-26 16:57:42,953] 24 root - INFO - Match heuristic business names to paybill payments
[ 2026-05-26 16:57:42,953] 173 root - INFO - Data transformation complete
[ 2026-05-26 16:57:42,953] 48 root - INFO - Started Regular Expression mapping
[ 2026-05-26 16:57:42,953] 173 root - INFO - Data transformation complete
[ 2026-05-26 16:57:42,953] 48 root - INFO - Started Regular Expression mapping
[ 2026-05-26 16:57:42,953] 173 root - INFO - Data transformation complete
[ 2026-05-26 16:57:42,953] 48 root - INFO - Started Regular Expression mapping
[ 2026-05-26 16:57:42,953] 173 root - INFO - Data transformation complete
[ 2026-05-26 16:57:42,953] 48 root - INFO - Started Regular Expression mapping
[ 2026-05-26 16:57:42,953] 24 root - INFO - Match heuristic business names to paybill payments
[ 2026-05-26 16:57:42,953] 173 root - INFO - Data transformation complete
[ 2026-05-26 16:57:42,953] 48 root - INFO - Started Regular Expression mapping
[ 2026-05-26 16:57:42,953] 173 root - INFO - Data transformation complete
[ 2026-05-26 16:57:42,953] 48 root - INFO - Started Regular Expression mapping
[ 2026-05-26 16:57:42,953] 173 root - INFO - Data transformation complete
[ 2026-05-26 16:57:42,953] 48 root - INFO - Started Regular Expression mapping
[ 2026-05-26 16:57:42,965] 173 root - INFO - Data transformation complete
[ 2026-05-26 16:57:42,965] 48 root - INFO - Started Regular Expression mapping
[ 2026-05-26 16:57:42,965] 173 root - INFO - Data transformation complete
[ 2026-05-26 16:57:42,965] 48 root - INFO - Started Regular Expression mapping
[ 2026-05-26 16:57:42,965] 173 root - INFO - Data transformation complete
[ 2026-05-26 16:57:42,965] 48 root - INFO - Started Regular Expression mapping
[ 2026-05-26 16:57:42,965] 173 root - INFO - Data transformation complete
[ 2026-05-26 16:57:42,965] 48 root - INFO - Started Regular Expression mapping
[ 2026-05-26 16:57:42,965] 173 root - INFO - Data transformation complete
[ 2026-05-26 16:57:42,967] 48 root - INFO - Started Regular Expression mapping
[ 2026-05-26 16:57:42,967] 173 root - INFO - Data transformation complete
[ 2026-05-26 16:57:42,967] 48 root - INFO - Started Regular Expression mapping
[ 2026-05-26 16:57:42,967] 173 root - INFO - Data transformation complete
[ 2026-05-26 16:57:42,967] 48 root - INFO - Started Regular Expression mapping
[ 2026-05-26 16:57:42,967] 173 root - INFO - Data transformation complete
[ 2026-05-26 16:57:42,967] 48 root - INFO - Started Regular Expression mapping
[ 2026-05-26 16:57:42,967] 173 root - INFO - Data transformation complete
[ 2026-05-26 16:57:42,967] 48 root - INFO - Started Regular Expression mapping
[ 2026-05-26 16:57:42,967] 24 root - INFO - Match heuristic business names to paybill payments
[ 2026-05-26 16:57:42,967] 173 root - INFO - Data transformation complete
[ 2026-05-26 16:57:42,969] 48 root - INFO - Started Regular Expression mapping
[ 2026-05-26 16:57:42,969] 24 root - INFO - Match heuristic business names to paybill payments
[ 2026-05-26 16:57:42,969] 173 root - INFO - Data transformation complete
[ 2026-05-26 16:57:42,969] 48 root - INFO - Started Regular Expression mapping
[ 2026-05-26 16:57:42,969] 173 root - INFO - Data transformation complete
[ 2026-05-26 16:57:42,969] 48 root - INFO - Started Regular Expression mapping
[ 2026-05-26 16:57:42,969] 173 root - INFO - Data transformation complete
[ 2026-05-26 16:57:42,969] 48 root - INFO - Started Regular Expression mapping
[ 2026-05-26 16:57:42,969] 173 root - INFO - Data transformation complete
[ 2026-05-26 16:57:42,969] 48 root - INFO - Started Regular Expression mapping
[ 2026-05-26 16:57:42,969] 173 root - INFO - Data transformation complete
[ 2026-05-26 16:57:42,969] 48 root - INFO - Started Regular Expression mapping
[ 2026-05-26 16:57:42,969] 24 root - INFO - Match heuristic business names to paybill payments
[ 2026-05-26 16:57:42,969] 173 root - INFO - Data transformation complete
[ 2026-05-26 16:57:42,969] 48 root - INFO - Started Regular Expression mapping
[ 2026-05-26 16:57:42,969] 24 root - INFO - Match heuristic business names to paybill payments
[ 2026-05-26 16:57:42,969] 173 root - INFO - Data transformation complete
[ 2026-05-26 16:57:42,969] 48 root - INFO - Started Regular Expression mapping
[ 2026-05-26 16:57:42,969] 173 root - INFO - Data transformation complete
[ 2026-05-26 16:57:42,969] 48 root - INFO - Started Regular Expression mapping
[ 2026-05-26 16:57:42,969] 173 root - INFO - Data transformation complete
[ 2026-05-26 16:57:42,969] 48 root - INFO - Started Regular Expression mapping
[ 2026-05-26 16:57:42,969] 173 root - INFO - Data transformation complete
[ 2026-05-26 16:57:42,969] 48 root - INFO - Started Regular Expression mapping
[ 2026-05-26 16:57:42,969] 173 root - INFO - Data transformation complete
[ 2026-05-26 16:57:42,969] 48 root - INFO - Started Regular Expression mapping
[ 2026-05-26 16:57:42,969] 24 root - INFO - Match heuristic business names to paybill payments
[ 2026-05-26 16:57:42,969] 173 root - INFO - Data transformation complete
[ 2026-05-26 16:57:42,969] 48 root - INFO - Started Regular Expression mapping
[ 2026-05-26 16:57:42,969] 24 root - INFO - Match heuristic business names to paybill payments
[ 2026-05-26 16:57:42,969] 173 root - INFO - Data transformation complete
[ 2026-05-26 16:57:42,969] 48 root - INFO - Started Regular Expression mapping
[ 2026-05-26 16:57:42,969] 173 root - INFO - Data transformation complete
[ 2026-05-26 16:57:42,969] 48 root - INFO - Started Regular Expression mapping
[ 2026-05-26 16:57:42,969] 173 root - INFO - Data transformation complete
[ 2026-05-26 16:57:42,969] 48 root - INFO - Started Regular Expression mapping
[ 2026-05-26 16:57:42,969] 173 root - INFO - Data transformation complete
[ 2026-05-26 16:57:42,969] 48 root - INFO - Started Regular Expression mapping
[ 2026-05-26 16:57:42,969] 173 root - INFO - Data transformation complete
[ 2026-05-26 16:57:42,969] 48 root - INFO - Started Regular Expression mapping
[ 2026-05-26 16:57:42,969] 173 root - INFO - Data transformation complete
[ 2026-05-26 16:57:42,969] 48 root - INFO - Started Regular Expression mapping
[ 2026-05-26 16:57:42,969] 173 root - INFO - Data transformation complete
[ 2026-05-26 16:57:42,969] 48 root - INFO - Started Regular Expression mapping
[ 2026-05-26 16:57:42,969] 173 root - INFO - Data transformation complete
[ 2026-05-26 16:57:42,969] 48 root - INFO - Started Regular Expression mapping
[ 2026-05-26 16:57:42,969] 24 root - INFO - Match heuristic business names to paybill payments
[ 2026-05-26 16:57:42,969] 173 root - INFO - Data transformation complete
[ 2026-05-26 16:57:42,969] 48 root - INFO - Started Regular Expression mapping
[ 2026-05-26 16:57:42,969] 173 root - INFO - Data transformation complete
[ 2026-05-26 16:57:42,969] 48 root - INFO - Started Regular Expression mapping
[ 2026-05-26 16:57:42,969] 24 root - INFO - Match heuristic business names to paybill payments
[ 2026-05-26 16:57:42,969] 173 root - INFO - Data transformation complete
[ 2026-05-26 16:57:42,969] 48 root - INFO - Started Regular Expression mapping
[ 2026-05-26 16:57:42,969] 173 root - INFO - Data transformation complete
[ 2026-05-26 16:57:42,969] 48 root - INFO - Started Regular Expression mapping
[ 2026-05-26 16:57:42,969] 173 root - INFO - Data transformation complete
[ 2026-05-26 16:57:42,969] 48 root - INFO - Started Regular Expression mapping
[ 2026-05-26 16:57:42,969] 173 root - INFO - Data transformation complete
[ 2026-05-26 16:57:42,969] 48 root - INFO - Started Regular Expression mapping
[ 2026-05-26 16:57:42,981] 173 root - INFO - Data transformation complete
[ 2026-05-26 16:57:42,981] 48 root - INFO - Started Regular Expression mapping
[ 2026-05-26 16:57:42,981] 173 root - INFO - Data transformation complete
[ 2026-05-26 16:57:42,981] 48 root - INFO - Started Regular Expression mapping
[ 2026-05-26 16:57:42,981] 173 root - INFO - Data transformation complete
[ 2026-05-26 16:57:42,981] 48 root - INFO - Started Regular Expression mapping
[ 2026-05-26 16:57:42,981] 173 root - INFO - Data transformation complete
[ 2026-05-26 16:57:42,981] 48 root - INFO - Started Regular Expression mapping
[ 2026-05-26 16:57:42,981] 24 root - INFO - Match heuristic business names to paybill payments
[ 2026-05-26 16:57:42,981] 173 root - INFO - Data transformation complete
[ 2026-05-26 16:57:42,981] 48 root - INFO - Started Regular Expression mapping
[ 2026-05-26 16:57:42,981] 173 root - INFO - Data transformation complete
[ 2026-05-26 16:57:42,981] 48 root - INFO - Started Regular Expression mapping
[ 2026-05-26 16:57:42,981] 24 root - INFO - Match heuristic business names to paybill payments
[ 2026-05-26 16:57:42,981] 173 root - INFO - Data transformation complete
[ 2026-05-26 16:57:42,981] 48 root - INFO - Started Regular Expression mapping
[ 2026-05-26 16:57:42,981] 173 root - INFO - Data transformation complete
[ 2026-05-26 16:57:42,981] 48 root - INFO - Started Regular Expression mapping
[ 2026-05-26 16:57:42,981] 24 root - INFO - Match heuristic business names to paybill payments
[ 2026-05-26 16:57:42,981] 173 root - INFO - Data transformation complete
[ 2026-05-26 16:57:42,981] 48 root - INFO - Started Regular Expression mapping
[ 2026-05-26 16:57:42,981] 173 root - INFO - Data transformation complete
[ 2026-05-26 16:57:42,981] 48 root - INFO - Started Regular Expression mapping
[ 2026-05-26 16:57:42,981] 173 root - INFO - Data transformation complete
[ 2026-05-26 16:57:42,981] 48 root - INFO - Started Regular Expression mapping
[ 2026-05-26 16:57:42,981] 173 root - INFO - Data transformation complete
[ 2026-05-26 16:57:42,981] 48 root - INFO - Started Regular Expression mapping
[ 2026-05-26 16:57:42,981] 173 root - INFO - Data transformation complete
[ 2026-05-26 16:57:42,981] 48 root - INFO - Started Regular Expression mapping
[ 2026-05-26 16:57:42,981] 173 root - INFO - Data transformation complete
[ 2026-05-26 16:57:42,981] 48 root - INFO - Started Regular Expression mapping
[ 2026-05-26 16:57:42,981] 173 root - INFO - Data transformation complete
[ 2026-05-26 16:57:42,981] 48 root - INFO - Started Regular Expression mapping
[ 2026-05-26 16:57:42,981] 173 root - INFO - Data transformation complete
[ 2026-05-26 16:57:42,981] 48 root - INFO - Started Regular Expression mapping
[ 2026-05-26 16:57:42,981] 24 root - INFO - Match heuristic business names to paybill payments
[ 2026-05-26 16:57:42,981] 173 root - INFO - Data transformation complete
[ 2026-05-26 16:57:42,981] 48 root - INFO - Started Regular Expression mapping
[ 2026-05-26 16:57:42,981] 173 root - INFO - Data transformation complete
[ 2026-05-26 16:57:42,981] 48 root - INFO - Started Regular Expression mapping
[ 2026-05-26 16:57:42,981] 173 root - INFO - Data transformation complete
[ 2026-05-26 16:57:42,981] 48 root - INFO - Started Regular Expression mapping
[ 2026-05-26 16:57:42,981] 173 root - INFO - Data transformation complete
[ 2026-05-26 16:57:42,981] 48 root - INFO - Started Regular Expression mapping
[ 2026-05-26 16:57:42,981] 24 root - INFO - Match heuristic business names to paybill payments
[ 2026-05-26 16:57:42,981] 173 root - INFO - Data transformation complete
[ 2026-05-26 16:57:42,981] 48 root - INFO - Started Regular Expression mapping
[ 2026-05-26 16:57:42,981] 24 root - INFO - Match heuristic business names to paybill payments
[ 2026-05-26 16:57:42,981] 173 root - INFO - Data transformation complete
[ 2026-05-26 16:57:42,981] 48 root - INFO - Started Regular Expression mapping
[ 2026-05-26 16:57:42,981] 173 root - INFO - Data transformation complete
[ 2026-05-26 16:57:42,981] 48 root - INFO - Started Regular Expression mapping
[ 2026-05-26 16:57:42,981] 173 root - INFO - Data transformation complete
[ 2026-05-26 16:57:42,981] 48 root - INFO - Started Regular Expression mapping
[ 2026-05-26 16:57:42,981] 173 root - INFO - Data transformation complete
[ 2026-05-26 16:57:42,981] 48 root - INFO - Started Regular Expression mapping
[ 2026-05-26 16:57:42,981] 24 root - INFO - Match heuristic business names to paybill payments
[ 2026-05-26 16:57:42,981] 173 root - INFO - Data transformation complete
[ 2026-05-26 16:57:42,981] 48 root - INFO - Started Regular Expression mapping
[ 2026-05-26 16:57:42,981] 173 root - INFO - Data transformation complete
[ 2026-05-26 16:57:42,981] 48 root - INFO - Started Regular Expression mapping
[ 2026-05-26 16:57:42,981] 173 root - INFO - Data transformation complete
[ 2026-05-26 16:57:42,981] 48 root - INFO - Started Regular Expression mapping
[ 2026-05-26 16:57:42,981] 173 root - INFO - Data transformation complete
[ 2026-05-26 16:57:42,981] 48 root - INFO - Started Regular Expression mapping
[ 2026-05-26 16:57:42,981] 24 root - INFO - Match heuristic business names to paybill payments
[ 2026-05-26 16:57:42,981] 173 root - INFO - Data transformation complete
[ 2026-05-26 16:57:42,981] 48 root - INFO - Started Regular Expression mapping
[ 2026-05-26 16:57:42,981] 24 root - INFO - Match heuristic business names to paybill payments
[ 2026-05-26 16:57:42,981] 173 root - INFO - Data transformation complete
[ 2026-05-26 16:57:42,981] 48 root - INFO - Started Regular Expression mapping
[ 2026-05-26 16:57:42,981] 173 root - INFO - Data transformation complete
[ 2026-05-26 16:57:42,981] 48 root - INFO - Started Regular Expression mapping
[ 2026-05-26 16:57:42,981] 24 root - INFO - Match heuristic business names to paybill payments
[ 2026-05-26 16:57:42,981] 173 root - INFO - Data transformation complete
[ 2026-05-26 16:57:42,981] 48 root - INFO - Started Regular Expression mapping
[ 2026-05-26 16:57:42,981] 24 root - INFO - Match heuristic business names to paybill payments
[ 2026-05-26 16:57:42,981] 173 root - INFO - Data transformation complete
[ 2026-05-26 16:57:42,981] 48 root - INFO - Started Regular Expression mapping
[ 2026-05-26 16:57:42,981] 173 root - INFO - Data transformation complete
[ 2026-05-26 16:57:42,981] 48 root - INFO - Started Regular Expression mapping
[ 2026-05-26 16:57:42,981] 173 root - INFO - Data transformation complete
[ 2026-05-26 16:57:42,981] 48 root - INFO - Started Regular Expression mapping
[ 2026-05-26 16:57:42,997] 173 root - INFO - Data transformation complete
[ 2026-05-26 16:57:42,997] 48 root - INFO - Started Regular Expression mapping
[ 2026-05-26 16:57:42,997] 173 root - INFO - Data transformation complete
[ 2026-05-26 16:57:42,997] 48 root - INFO - Started Regular Expression mapping
[ 2026-05-26 16:57:42,997] 173 root - INFO - Data transformation complete
[ 2026-05-26 16:57:42,997] 48 root - INFO - Started Regular Expression mapping
[ 2026-05-26 16:57:42,997] 173 root - INFO - Data transformation complete
[ 2026-05-26 16:57:42,997] 48 root - INFO - Started Regular Expression mapping
[ 2026-05-26 16:57:42,997] 173 root - INFO - Data transformation complete
[ 2026-05-26 16:57:42,997] 48 root - INFO - Started Regular Expression mapping
[ 2026-05-26 16:57:42,997] 173 root - INFO - Data transformation complete
[ 2026-05-26 16:57:42,997] 48 root - INFO - Started Regular Expression mapping
[ 2026-05-26 16:57:42,997] 173 root - INFO - Data transformation complete
[ 2026-05-26 16:57:42,997] 48 root - INFO - Started Regular Expression mapping
[ 2026-05-26 16:57:42,997] 173 root - INFO - Data transformation complete
[ 2026-05-26 16:57:42,997] 48 root - INFO - Started Regular Expression mapping
[ 2026-05-26 16:57:42,997] 173 root - INFO - Data transformation complete
[ 2026-05-26 16:57:42,997] 48 root - INFO - Started Regular Expression mapping
[ 2026-05-26 16:57:42,997] 173 root - INFO - Data transformation complete
[ 2026-05-26 16:57:42,997] 48 root - INFO - Started Regular Expression mapping
[ 2026-05-26 16:57:42,997] 173 root - INFO - Data transformation complete
[ 2026-05-26 16:57:42,997] 48 root - INFO - Started Regular Expression mapping
[ 2026-05-26 16:57:42,997] 173 root - INFO - Data transformation complete
[ 2026-05-26 16:57:42,997] 48 root - INFO - Started Regular Expression mapping
[ 2026-05-26 16:57:42,997] 173 root - INFO - Data transformation complete
[ 2026-05-26 16:57:42,997] 48 root - INFO - Started Regular Expression mapping
[ 2026-05-26 16:57:42,997] 173 root - INFO - Data transformation complete
[ 2026-05-26 16:57:42,997] 48 root - INFO - Started Regular Expression mapping
[ 2026-05-26 16:57:42,997] 24 root - INFO - Match heuristic business names to paybill payments
[ 2026-05-26 16:57:42,997] 173 root - INFO - Data transformation complete
[ 2026-05-26 16:57:42,997] 48 root - INFO - Started Regular Expression mapping
[ 2026-05-26 16:57:42,997] 24 root - INFO - Match heuristic business names to paybill payments
[ 2026-05-26 16:57:42,997] 173 root - INFO - Data transformation complete
[ 2026-05-26 16:57:42,997] 48 root - INFO - Started Regular Expression mapping
[ 2026-05-26 16:57:42,997] 173 root - INFO - Data transformation complete
[ 2026-05-26 16:57:42,997] 48 root - INFO - Started Regular Expression mapping
[ 2026-05-26 16:57:42,997] 173 root - INFO - Data transformation complete
[ 2026-05-26 16:57:42,997] 48 root - INFO - Started Regular Expression mapping
[ 2026-05-26 16:57:42,997] 173 root - INFO - Data transformation complete
[ 2026-05-26 16:57:42,997] 48 root - INFO - Started Regular Expression mapping
[ 2026-05-26 16:57:42,997] 173 root - INFO - Data transformation complete
[ 2026-05-26 16:57:42,997] 48 root - INFO - Started Regular Expression mapping
[ 2026-05-26 16:57:42,997] 173 root - INFO - Data transformation complete
[ 2026-05-26 16:57:42,997] 48 root - INFO - Started Regular Expression mapping
[ 2026-05-26 16:57:42,997] 173 root - INFO - Data transformation complete
[ 2026-05-26 16:57:42,997] 48 root - INFO - Started Regular Expression mapping
[ 2026-05-26 16:57:42,997] 173 root - INFO - Data transformation complete
[ 2026-05-26 16:57:42,997] 48 root - INFO - Started Regular Expression mapping
[ 2026-05-26 16:57:42,997] 173 root - INFO - Data transformation complete
[ 2026-05-26 16:57:42,997] 48 root - INFO - Started Regular Expression mapping
[ 2026-05-26 16:57:42,997] 173 root - INFO - Data transformation complete
[ 2026-05-26 16:57:42,997] 48 root - INFO - Started Regular Expression mapping
[ 2026-05-26 16:57:42,997] 173 root - INFO - Data transformation complete
[ 2026-05-26 16:57:42,997] 48 root - INFO - Started Regular Expression mapping
[ 2026-05-26 16:57:42,997] 173 root - INFO - Data transformation complete
[ 2026-05-26 16:57:42,997] 48 root - INFO - Started Regular Expression mapping
[ 2026-05-26 16:57:42,997] 173 root - INFO - Data transformation complete
[ 2026-05-26 16:57:42,997] 48 root - INFO - Started Regular Expression mapping
[ 2026-05-26 16:57:42,997] 173 root - INFO - Data transformation complete
[ 2026-05-26 16:57:42,997] 48 root - INFO - Started Regular Expression mapping
[ 2026-05-26 16:57:42,997] 173 root - INFO - Data transformation complete
[ 2026-05-26 16:57:42,997] 48 root - INFO - Started Regular Expression mapping
[ 2026-05-26 16:57:42,997] 24 root - INFO - Match heuristic business names to paybill payments
[ 2026-05-26 16:57:42,997] 173 root - INFO - Data transformation complete
[ 2026-05-26 16:57:42,997] 48 root - INFO - Started Regular Expression mapping
[ 2026-05-26 16:57:42,997] 173 root - INFO - Data transformation complete
[ 2026-05-26 16:57:42,997] 48 root - INFO - Started Regular Expression mapping
[ 2026-05-26 16:57:42,997] 173 root - INFO - Data transformation complete
[ 2026-05-26 16:57:42,997] 48 root - INFO - Started Regular Expression mapping
[ 2026-05-26 16:57:42,997] 173 root - INFO - Data transformation complete
[ 2026-05-26 16:57:42,997] 48 root - INFO - Started Regular Expression mapping
[ 2026-05-26 16:57:42,997] 173 root - INFO - Data transformation complete
[ 2026-05-26 16:57:42,997] 48 root - INFO - Started Regular Expression mapping
[ 2026-05-26 16:57:42,997] 173 root - INFO - Data transformation complete
[ 2026-05-26 16:57:42,997] 48 root - INFO - Started Regular Expression mapping
[ 2026-05-26 16:57:42,997] 173 root - INFO - Data transformation complete
[ 2026-05-26 16:57:42,997] 48 root - INFO - Started Regular Expression mapping
[ 2026-05-26 16:57:42,997] 173 root - INFO - Data transformation complete
[ 2026-05-26 16:57:42,997] 48 root - INFO - Started Regular Expression mapping
[ 2026-05-26 16:57:42,997] 173 root - INFO - Data transformation complete
[ 2026-05-26 16:57:42,997] 48 root - INFO - Started Regular Expression mapping
[ 2026-05-26 16:57:42,997] 24 root - INFO - Match heuristic business names to paybill payments
[ 2026-05-26 16:57:42,997] 173 root - INFO - Data transformation complete
[ 2026-05-26 16:57:42,997] 48 root - INFO - Started Regular Expression mapping
[ 2026-05-26 16:57:43,013] 173 root - INFO - Data transformation complete
[ 2026-05-26 16:57:43,013] 48 root - INFO - Started Regular Expression mapping
[ 2026-05-26 16:57:43,013] 173 root - INFO - Data transformation complete
[ 2026-05-26 16:57:43,013] 48 root - INFO - Started Regular Expression mapping
[ 2026-05-26 16:57:43,013] 24 root - INFO - Match heuristic business names to paybill payments
[ 2026-05-26 16:57:43,013] 173 root - INFO - Data transformation complete
[ 2026-05-26 16:57:43,013] 48 root - INFO - Started Regular Expression mapping
[ 2026-05-26 16:57:43,013] 173 root - INFO - Data transformation complete
[ 2026-05-26 16:57:43,013] 48 root - INFO - Started Regular Expression mapping
[ 2026-05-26 16:57:43,013] 173 root - INFO - Data transformation complete
[ 2026-05-26 16:57:43,013] 48 root - INFO - Started Regular Expression mapping
[ 2026-05-26 16:57:43,013] 173 root - INFO - Data transformation complete
[ 2026-05-26 16:57:43,013] 48 root - INFO - Started Regular Expression mapping
[ 2026-05-26 16:57:43,013] 173 root - INFO - Data transformation complete
[ 2026-05-26 16:57:43,013] 48 root - INFO - Started Regular Expression mapping
[ 2026-05-26 16:57:43,013] 173 root - INFO - Data transformation complete
[ 2026-05-26 16:57:43,013] 48 root - INFO - Started Regular Expression mapping
[ 2026-05-26 16:57:43,013] 173 root - INFO - Data transformation complete
[ 2026-05-26 16:57:43,013] 48 root - INFO - Started Regular Expression mapping
[ 2026-05-26 16:57:43,013] 173 root - INFO - Data transformation complete
[ 2026-05-26 16:57:43,013] 48 root - INFO - Started Regular Expression mapping
[ 2026-05-26 16:57:43,013] 173 root - INFO - Data transformation complete
[ 2026-05-26 16:57:43,013] 48 root - INFO - Started Regular Expression mapping
[ 2026-05-26 16:57:43,013] 24 root - INFO - Match heuristic business names to paybill payments
[ 2026-05-26 16:57:43,013] 173 root - INFO - Data transformation complete
[ 2026-05-26 16:57:43,013] 48 root - INFO - Started Regular Expression mapping
[ 2026-05-26 16:57:43,013] 173 root - INFO - Data transformation complete
[ 2026-05-26 16:57:43,013] 48 root - INFO - Started Regular Expression mapping
[ 2026-05-26 16:57:43,013] 173 root - INFO - Data transformation complete
[ 2026-05-26 16:57:43,013] 48 root - INFO - Started Regular Expression mapping
[ 2026-05-26 16:57:43,013] 24 root - INFO - Match heuristic business names to paybill payments
[ 2026-05-26 16:57:43,013] 173 root - INFO - Data transformation complete
[ 2026-05-26 16:57:43,013] 48 root - INFO - Started Regular Expression mapping
[ 2026-05-26 16:57:43,013] 173 root - INFO - Data transformation complete
[ 2026-05-26 16:57:43,013] 48 root - INFO - Started Regular Expression mapping
[ 2026-05-26 16:57:43,013] 24 root - INFO - Match heuristic business names to paybill payments
[ 2026-05-26 16:57:43,013] 173 root - INFO - Data transformation complete
[ 2026-05-26 16:57:43,013] 48 root - INFO - Started Regular Expression mapping
[ 2026-05-26 16:57:43,013] 24 root - INFO - Match heuristic business names to paybill payments
[ 2026-05-26 16:57:43,013] 173 root - INFO - Data transformation complete
[ 2026-05-26 16:57:43,013] 48 root - INFO - Started Regular Expression mapping
[ 2026-05-26 16:57:43,013] 24 root - INFO - Match heuristic business names to paybill payments
[ 2026-05-26 16:57:43,013] 173 root - INFO - Data transformation complete
[ 2026-05-26 16:57:43,013] 48 root - INFO - Started Regular Expression mapping
[ 2026-05-26 16:57:43,013] 173 root - INFO - Data transformation complete
[ 2026-05-26 16:57:43,013] 48 root - INFO - Started Regular Expression mapping
[ 2026-05-26 16:57:43,023] 173 root - INFO - Data transformation complete
[ 2026-05-26 16:57:43,023] 48 root - INFO - Started Regular Expression mapping
[ 2026-05-26 16:57:43,023] 173 root - INFO - Data transformation complete
[ 2026-05-26 16:57:43,023] 48 root - INFO - Started Regular Expression mapping
[ 2026-05-26 16:57:43,023] 173 root - INFO - Data transformation complete
[ 2026-05-26 16:57:43,023] 48 root - INFO - Started Regular Expression mapping
[ 2026-05-26 16:57:43,023] 24 root - INFO - Match heuristic business names to paybill payments
[ 2026-05-26 16:57:43,023] 173 root - INFO - Data transformation complete
[ 2026-05-26 16:57:43,023] 48 root - INFO - Started Regular Expression mapping
[ 2026-05-26 16:57:43,023] 173 root - INFO - Data transformation complete
[ 2026-05-26 16:57:43,023] 48 root - INFO - Started Regular Expression mapping
[ 2026-05-26 16:57:43,023] 173 root - INFO - Data transformation complete
[ 2026-05-26 16:57:43,023] 48 root - INFO - Started Regular Expression mapping
[ 2026-05-26 16:57:43,023] 173 root - INFO - Data transformation complete
[ 2026-05-26 16:57:43,023] 48 root - INFO - Started Regular Expression mapping
[ 2026-05-26 16:57:43,023] 173 root - INFO - Data transformation complete
[ 2026-05-26 16:57:43,023] 48 root - INFO - Started Regular Expression mapping
[ 2026-05-26 16:57:43,023] 173 root - INFO - Data transformation complete
[ 2026-05-26 16:57:43,023] 48 root - INFO - Started Regular Expression mapping
[ 2026-05-26 16:57:43,023] 24 root - INFO - Match heuristic business names to paybill payments
[ 2026-05-26 16:57:43,023] 173 root - INFO - Data transformation complete
[ 2026-05-26 16:57:43,023] 48 root - INFO - Started Regular Expression mapping
[ 2026-05-26 16:57:43,023] 24 root - INFO - Match heuristic business names to paybill payments
[ 2026-05-26 16:57:43,023] 173 root - INFO - Data transformation complete
[ 2026-05-26 16:57:43,023] 48 root - INFO - Started Regular Expression mapping
[ 2026-05-26 16:57:43,023] 173 root - INFO - Data transformation complete
[ 2026-05-26 16:57:43,023] 48 root - INFO - Started Regular Expression mapping
[ 2026-05-26 16:57:43,023] 173 root - INFO - Data transformation complete
[ 2026-05-26 16:57:43,023] 48 root - INFO - Started Regular Expression mapping
[ 2026-05-26 16:57:43,023] 173 root - INFO - Data transformation complete
[ 2026-05-26 16:57:43,023] 48 root - INFO - Started Regular Expression mapping
[ 2026-05-26 16:57:43,023] 173 root - INFO - Data transformation complete
[ 2026-05-26 16:57:43,023] 48 root - INFO - Started Regular Expression mapping
[ 2026-05-26 16:57:43,023] 173 root - INFO - Data transformation complete
[ 2026-05-26 16:57:43,023] 48 root - INFO - Started Regular Expression mapping
[ 2026-05-26 16:57:43,023] 24 root - INFO - Match heuristic business names to paybill payments
[ 2026-05-26 16:57:43,023] 173 root - INFO - Data transformation complete
[ 2026-05-26 16:57:43,023] 48 root - INFO - Started Regular Expression mapping
[ 2026-05-26 16:57:43,023] 173 root - INFO - Data transformation complete
[ 2026-05-26 16:57:43,023] 48 root - INFO - Started Regular Expression mapping
[ 2026-05-26 16:57:43,023] 173 root - INFO - Data transformation complete
[ 2026-05-26 16:57:43,023] 48 root - INFO - Started Regular Expression mapping
[ 2026-05-26 16:57:43,031] 24 root - INFO - Match heuristic business names to paybill payments
[ 2026-05-26 16:57:43,031] 173 root - INFO - Data transformation complete
[ 2026-05-26 16:57:43,031] 48 root - INFO - Started Regular Expression mapping
[ 2026-05-26 16:57:43,031] 173 root - INFO - Data transformation complete
[ 2026-05-26 16:57:43,031] 48 root - INFO - Started Regular Expression mapping
[ 2026-05-26 16:57:43,031] 24 root - INFO - Match heuristic business names to paybill payments
[ 2026-05-26 16:57:43,031] 173 root - INFO - Data transformation complete
[ 2026-05-26 16:57:43,031] 48 root - INFO - Started Regular Expression mapping
[ 2026-05-26 16:57:43,031] 173 root - INFO - Data transformation complete
[ 2026-05-26 16:57:43,031] 48 root - INFO - Started Regular Expression mapping
[ 2026-05-26 16:57:43,031] 173 root - INFO - Data transformation complete
[ 2026-05-26 16:57:43,031] 48 root - INFO - Started Regular Expression mapping
[ 2026-05-26 16:57:43,031] 173 root - INFO - Data transformation complete
[ 2026-05-26 16:57:43,031] 48 root - INFO - Started Regular Expression mapping
[ 2026-05-26 16:57:43,031] 173 root - INFO - Data transformation complete
[ 2026-05-26 16:57:43,031] 48 root - INFO - Started Regular Expression mapping
[ 2026-05-26 16:57:43,031] 173 root - INFO - Data transformation complete
[ 2026-05-26 16:57:43,031] 48 root - INFO - Started Regular Expression mapping
[ 2026-05-26 16:57:43,031] 173 root - INFO - Data transformation complete
[ 2026-05-26 16:57:43,031] 48 root - INFO - Started Regular Expression mapping
[ 2026-05-26 16:57:43,031] 24 root - INFO - Match heuristic business names to paybill payments
[ 2026-05-26 16:57:43,031] 173 root - INFO - Data transformation complete
[ 2026-05-26 16:57:43,031] 48 root - INFO - Started Regular Expression mapping
[ 2026-05-26 16:57:43,031] 24 root - INFO - Match heuristic business names to paybill payments
[ 2026-05-26 16:57:43,031] 173 root - INFO - Data transformation complete
[ 2026-05-26 16:57:43,031] 48 root - INFO - Started Regular Expression mapping
[ 2026-05-26 16:57:43,031] 24 root - INFO - Match heuristic business names to paybill payments
[ 2026-05-26 16:57:43,031] 173 root - INFO - Data transformation complete
[ 2026-05-26 16:57:43,031] 48 root - INFO - Started Regular Expression mapping
[ 2026-05-26 16:57:43,031] 173 root - INFO - Data transformation complete
[ 2026-05-26 16:57:43,031] 48 root - INFO - Started Regular Expression mapping
[ 2026-05-26 16:57:43,031] 173 root - INFO - Data transformation complete
[ 2026-05-26 16:57:43,031] 48 root - INFO - Started Regular Expression mapping
[ 2026-05-26 16:57:43,031] 173 root - INFO - Data transformation complete
[ 2026-05-26 16:57:43,031] 48 root - INFO - Started Regular Expression mapping
[ 2026-05-26 16:57:43,037] 173 root - INFO - Data transformation complete
[ 2026-05-26 16:57:43,038] 48 root - INFO - Started Regular Expression mapping
[ 2026-05-26 16:57:43,038] 173 root - INFO - Data transformation complete
[ 2026-05-26 16:57:43,038] 48 root - INFO - Started Regular Expression mapping
[ 2026-05-26 16:57:43,039] 173 root - INFO - Data transformation complete
[ 2026-05-26 16:57:43,039] 48 root - INFO - Started Regular Expression mapping
[ 2026-05-26 16:57:43,039] 173 root - INFO - Data transformation complete
[ 2026-05-26 16:57:43,039] 48 root - INFO - Started Regular Expression mapping
[ 2026-05-26 16:57:43,039] 173 root - INFO - Data transformation complete
[ 2026-05-26 16:57:43,039] 48 root - INFO - Started Regular Expression mapping
[ 2026-05-26 16:57:43,039] 24 root - INFO - Match heuristic business names to paybill payments
[ 2026-05-26 16:57:43,039] 173 root - INFO - Data transformation complete
[ 2026-05-26 16:57:43,039] 48 root - INFO - Started Regular Expression mapping
[ 2026-05-26 16:57:43,039] 24 root - INFO - Match heuristic business names to paybill payments
[ 2026-05-26 16:57:43,039] 173 root - INFO - Data transformation complete
[ 2026-05-26 16:57:43,039] 48 root - INFO - Started Regular Expression mapping
[ 2026-05-26 16:57:43,039] 173 root - INFO - Data transformation complete
[ 2026-05-26 16:57:43,039] 48 root - INFO - Started Regular Expression mapping
[ 2026-05-26 16:57:43,039] 173 root - INFO - Data transformation complete
[ 2026-05-26 16:57:43,039] 48 root - INFO - Started Regular Expression mapping
[ 2026-05-26 16:57:43,039] 173 root - INFO - Data transformation complete
[ 2026-05-26 16:57:43,039] 48 root - INFO - Started Regular Expression mapping
[ 2026-05-26 16:57:43,039] 173 root - INFO - Data transformation complete
[ 2026-05-26 16:57:43,039] 48 root - INFO - Started Regular Expression mapping
[ 2026-05-26 16:57:43,039] 173 root - INFO - Data transformation complete
[ 2026-05-26 16:57:43,039] 48 root - INFO - Started Regular Expression mapping
[ 2026-05-26 16:57:43,039] 24 root - INFO - Match heuristic business names to paybill payments
[ 2026-05-26 16:57:43,039] 173 root - INFO - Data transformation complete
[ 2026-05-26 16:57:43,039] 48 root - INFO - Started Regular Expression mapping
[ 2026-05-26 16:57:43,039] 173 root - INFO - Data transformation complete
[ 2026-05-26 16:57:43,039] 48 root - INFO - Started Regular Expression mapping
[ 2026-05-26 16:57:43,039] 173 root - INFO - Data transformation complete
[ 2026-05-26 16:57:43,039] 48 root - INFO - Started Regular Expression mapping
[ 2026-05-26 16:57:43,039] 173 root - INFO - Data transformation complete
[ 2026-05-26 16:57:43,039] 48 root - INFO - Started Regular Expression mapping
[ 2026-05-26 16:57:43,039] 173 root - INFO - Data transformation complete
[ 2026-05-26 16:57:43,039] 48 root - INFO - Started Regular Expression mapping
[ 2026-05-26 16:57:43,039] 173 root - INFO - Data transformation complete
[ 2026-05-26 16:57:43,039] 48 root - INFO - Started Regular Expression mapping
[ 2026-05-26 16:57:43,039] 24 root - INFO - Match heuristic business names to paybill payments
[ 2026-05-26 16:57:43,039] 173 root - INFO - Data transformation complete
[ 2026-05-26 16:57:43,039] 48 root - INFO - Started Regular Expression mapping
[ 2026-05-26 16:57:43,039] 24 root - INFO - Match heuristic business names to paybill payments
[ 2026-05-26 16:57:43,039] 173 root - INFO - Data transformation complete
[ 2026-05-26 16:57:43,039] 48 root - INFO - Started Regular Expression mapping
[ 2026-05-26 16:57:43,039] 173 root - INFO - Data transformation complete
[ 2026-05-26 16:57:43,039] 48 root - INFO - Started Regular Expression mapping
[ 2026-05-26 16:57:43,039] 173 root - INFO - Data transformation complete
[ 2026-05-26 16:57:43,039] 48 root - INFO - Started Regular Expression mapping
[ 2026-05-26 16:57:43,047] 173 root - INFO - Data transformation complete
[ 2026-05-26 16:57:43,047] 48 root - INFO - Started Regular Expression mapping
[ 2026-05-26 16:57:43,047] 173 root - INFO - Data transformation complete
[ 2026-05-26 16:57:43,047] 48 root - INFO - Started Regular Expression mapping
[ 2026-05-26 16:57:43,047] 173 root - INFO - Data transformation complete
[ 2026-05-26 16:57:43,047] 48 root - INFO - Started Regular Expression mapping
[ 2026-05-26 16:57:43,047] 24 root - INFO - Match heuristic business names to paybill payments
[ 2026-05-26 16:57:43,047] 173 root - INFO - Data transformation complete
[ 2026-05-26 16:57:43,047] 48 root - INFO - Started Regular Expression mapping
[ 2026-05-26 16:57:43,047] 24 root - INFO - Match heuristic business names to paybill payments
[ 2026-05-26 16:57:43,047] 173 root - INFO - Data transformation complete
[ 2026-05-26 16:57:43,047] 48 root - INFO - Started Regular Expression mapping
[ 2026-05-26 16:57:43,047] 173 root - INFO - Data transformation complete
[ 2026-05-26 16:57:43,047] 48 root - INFO - Started Regular Expression mapping
[ 2026-05-26 16:57:43,047] 173 root - INFO - Data transformation complete
[ 2026-05-26 16:57:43,047] 48 root - INFO - Started Regular Expression mapping
[ 2026-05-26 16:57:43,047] 173 root - INFO - Data transformation complete
[ 2026-05-26 16:57:43,047] 48 root - INFO - Started Regular Expression mapping
[ 2026-05-26 16:57:43,047] 173 root - INFO - Data transformation complete
[ 2026-05-26 16:57:43,047] 48 root - INFO - Started Regular Expression mapping
[ 2026-05-26 16:57:43,047] 173 root - INFO - Data transformation complete
[ 2026-05-26 16:57:43,047] 48 root - INFO - Started Regular Expression mapping
[ 2026-05-26 16:57:43,047] 173 root - INFO - Data transformation complete
[ 2026-05-26 16:57:43,047] 48 root - INFO - Started Regular Expression mapping
[ 2026-05-26 16:57:43,047] 173 root - INFO - Data transformation complete
[ 2026-05-26 16:57:43,047] 48 root - INFO - Started Regular Expression mapping
[ 2026-05-26 16:57:43,047] 173 root - INFO - Data transformation complete
[ 2026-05-26 16:57:43,047] 48 root - INFO - Started Regular Expression mapping
[ 2026-05-26 16:57:43,047] 173 root - INFO - Data transformation complete
[ 2026-05-26 16:57:43,047] 48 root - INFO - Started Regular Expression mapping
[ 2026-05-26 16:57:43,047] 173 root - INFO - Data transformation complete
[ 2026-05-26 16:57:43,047] 48 root - INFO - Started Regular Expression mapping
[ 2026-05-26 16:57:43,047] 173 root - INFO - Data transformation complete
[ 2026-05-26 16:57:43,047] 48 root - INFO - Started Regular Expression mapping
[ 2026-05-26 16:57:43,047] 24 root - INFO - Match heuristic business names to paybill payments
[ 2026-05-26 16:57:43,047] 173 root - INFO - Data transformation complete
[ 2026-05-26 16:57:43,047] 48 root - INFO - Started Regular Expression mapping
[ 2026-05-26 16:57:43,047] 173 root - INFO - Data transformation complete
[ 2026-05-26 16:57:43,047] 48 root - INFO - Started Regular Expression mapping
[ 2026-05-26 16:57:43,047] 173 root - INFO - Data transformation complete
[ 2026-05-26 16:57:43,054] 48 root - INFO - Started Regular Expression mapping
[ 2026-05-26 16:57:43,055] 173 root - INFO - Data transformation complete
[ 2026-05-26 16:57:43,055] 48 root - INFO - Started Regular Expression mapping
[ 2026-05-26 16:57:43,055] 24 root - INFO - Match heuristic business names to paybill payments
[ 2026-05-26 16:57:43,055] 173 root - INFO - Data transformation complete
[ 2026-05-26 16:57:43,055] 48 root - INFO - Started Regular Expression mapping
[ 2026-05-26 16:57:43,055] 173 root - INFO - Data transformation complete
[ 2026-05-26 16:57:43,055] 48 root - INFO - Started Regular Expression mapping
[ 2026-05-26 16:57:43,055] 173 root - INFO - Data transformation complete
[ 2026-05-26 16:57:43,055] 48 root - INFO - Started Regular Expression mapping
[ 2026-05-26 16:57:43,055] 173 root - INFO - Data transformation complete
[ 2026-05-26 16:57:43,057] 48 root - INFO - Started Regular Expression mapping
[ 2026-05-26 16:57:43,057] 173 root - INFO - Data transformation complete
[ 2026-05-26 16:57:43,057] 48 root - INFO - Started Regular Expression mapping
[ 2026-05-26 16:57:43,057] 173 root - INFO - Data transformation complete
[ 2026-05-26 16:57:43,057] 48 root - INFO - Started Regular Expression mapping
[ 2026-05-26 16:57:43,057] 173 root - INFO - Data transformation complete
[ 2026-05-26 16:57:43,057] 48 root - INFO - Started Regular Expression mapping
[ 2026-05-26 16:57:43,057] 24 root - INFO - Match heuristic business names to paybill payments
[ 2026-05-26 16:57:43,057] 173 root - INFO - Data transformation complete
[ 2026-05-26 16:57:43,057] 48 root - INFO - Started Regular Expression mapping
[ 2026-05-26 16:57:43,057] 24 root - INFO - Match heuristic business names to paybill payments
[ 2026-05-26 16:57:43,057] 173 root - INFO - Data transformation complete
[ 2026-05-26 16:57:43,057] 48 root - INFO - Started Regular Expression mapping
[ 2026-05-26 16:57:43,059] 173 root - INFO - Data transformation complete
[ 2026-05-26 16:57:43,059] 48 root - INFO - Started Regular Expression mapping
[ 2026-05-26 16:57:43,059] 173 root - INFO - Data transformation complete
[ 2026-05-26 16:57:43,059] 48 root - INFO - Started Regular Expression mapping
[ 2026-05-26 16:57:43,059] 173 root - INFO - Data transformation complete
[ 2026-05-26 16:57:43,059] 48 root - INFO - Started Regular Expression mapping
[ 2026-05-26 16:57:43,059] 173 root - INFO - Data transformation complete
[ 2026-05-26 16:57:43,059] 48 root - INFO - Started Regular Expression mapping
[ 2026-05-26 16:57:43,059] 24 root - INFO - Match heuristic business names to paybill payments
[ 2026-05-26 16:57:43,059] 173 root - INFO - Data transformation complete
[ 2026-05-26 16:57:43,059] 48 root - INFO - Started Regular Expression mapping
[ 2026-05-26 16:57:43,059] 173 root - INFO - Data transformation complete
[ 2026-05-26 16:57:43,059] 48 root - INFO - Started Regular Expression mapping
[ 2026-05-26 16:57:43,061] 24 root - INFO - Match heuristic business names to paybill payments
[ 2026-05-26 16:57:43,061] 173 root - INFO - Data transformation complete
[ 2026-05-26 16:57:43,061] 48 root - INFO - Started Regular Expression mapping
[ 2026-05-26 16:57:43,061] 173 root - INFO - Data transformation complete
[ 2026-05-26 16:57:43,061] 48 root - INFO - Started Regular Expression mapping
[ 2026-05-26 16:57:43,061] 24 root - INFO - Match heuristic business names to paybill payments
[ 2026-05-26 16:57:43,061] 173 root - INFO - Data transformation complete
[ 2026-05-26 16:57:43,061] 48 root - INFO - Started Regular Expression mapping
[ 2026-05-26 16:57:43,061] 173 root - INFO - Data transformation complete
[ 2026-05-26 16:57:43,061] 48 root - INFO - Started Regular Expression mapping
[ 2026-05-26 16:57:43,061] 173 root - INFO - Data transformation complete
[ 2026-05-26 16:57:43,061] 48 root - INFO - Started Regular Expression mapping
[ 2026-05-26 16:57:43,063] 173 root - INFO - Data transformation complete
[ 2026-05-26 16:57:43,063] 48 root - INFO - Started Regular Expression mapping
[ 2026-05-26 16:57:43,063] 173 root - INFO - Data transformation complete
[ 2026-05-26 16:57:43,063] 48 root - INFO - Started Regular Expression mapping
[ 2026-05-26 16:57:43,063] 173 root - INFO - Data transformation complete
[ 2026-05-26 16:57:43,063] 48 root - INFO - Started Regular Expression mapping
[ 2026-05-26 16:57:43,063] 173 root - INFO - Data transformation complete
[ 2026-05-26 16:57:43,063] 48 root - INFO - Started Regular Expression mapping
[ 2026-05-26 16:57:43,063] 24 root - INFO - Match heuristic business names to paybill payments
[ 2026-05-26 16:57:43,063] 173 root - INFO - Data transformation complete
[ 2026-05-26 16:57:43,063] 48 root - INFO - Started Regular Expression mapping
[ 2026-05-26 16:57:43,063] 24 root - INFO - Match heuristic business names to paybill payments
[ 2026-05-26 16:57:43,065] 173 root - INFO - Data transformation complete
[ 2026-05-26 16:57:43,065] 48 root - INFO - Started Regular Expression mapping
[ 2026-05-26 16:57:43,065] 173 root - INFO - Data transformation complete
[ 2026-05-26 16:57:43,065] 48 root - INFO - Started Regular Expression mapping
[ 2026-05-26 16:57:43,065] 173 root - INFO - Data transformation complete
[ 2026-05-26 16:57:43,065] 48 root - INFO - Started Regular Expression mapping
[ 2026-05-26 16:57:43,065] 173 root - INFO - Data transformation complete
[ 2026-05-26 16:57:43,065] 48 root - INFO - Started Regular Expression mapping
[ 2026-05-26 16:57:43,065] 173 root - INFO - Data transformation complete
[ 2026-05-26 16:57:43,065] 48 root - INFO - Started Regular Expression mapping
[ 2026-05-26 16:57:43,065] 173 root - INFO - Data transformation complete
[ 2026-05-26 16:57:43,065] 48 root - INFO - Started Regular Expression mapping
[ 2026-05-26 16:57:43,065] 173 root - INFO - Data transformation complete
[ 2026-05-26 16:57:43,065] 48 root - INFO - Started Regular Expression mapping
[ 2026-05-26 16:57:43,067] 173 root - INFO - Data transformation complete
[ 2026-05-26 16:57:43,067] 48 root - INFO - Started Regular Expression mapping
[ 2026-05-26 16:57:43,067] 173 root - INFO - Data transformation complete
[ 2026-05-26 16:57:43,067] 48 root - INFO - Started Regular Expression mapping
[ 2026-05-26 16:57:43,067] 173 root - INFO - Data transformation complete
[ 2026-05-26 16:57:43,067] 48 root - INFO - Started Regular Expression mapping
[ 2026-05-26 16:57:43,067] 173 root - INFO - Data transformation complete
[ 2026-05-26 16:57:43,067] 48 root - INFO - Started Regular Expression mapping
[ 2026-05-26 16:57:43,067] 24 root - INFO - Match heuristic business names to paybill payments
[ 2026-05-26 16:57:43,067] 173 root - INFO - Data transformation complete
[ 2026-05-26 16:57:43,067] 48 root - INFO - Started Regular Expression mapping
[ 2026-05-26 16:57:43,067] 173 root - INFO - Data transformation complete
[ 2026-05-26 16:57:43,067] 48 root - INFO - Started Regular Expression mapping
[ 2026-05-26 16:57:43,069] 173 root - INFO - Data transformation complete
[ 2026-05-26 16:57:43,069] 48 root - INFO - Started Regular Expression mapping
[ 2026-05-26 16:57:43,069] 24 root - INFO - Match heuristic business names to paybill payments
[ 2026-05-26 16:57:43,069] 173 root - INFO - Data transformation complete
[ 2026-05-26 16:57:43,069] 48 root - INFO - Started Regular Expression mapping
[ 2026-05-26 16:57:43,069] 173 root - INFO - Data transformation complete
[ 2026-05-26 16:57:43,069] 48 root - INFO - Started Regular Expression mapping
[ 2026-05-26 16:57:43,069] 173 root - INFO - Data transformation complete
[ 2026-05-26 16:57:43,069] 48 root - INFO - Started Regular Expression mapping
[ 2026-05-26 16:57:43,069] 173 root - INFO - Data transformation complete
[ 2026-05-26 16:57:43,069] 48 root - INFO - Started Regular Expression mapping
[ 2026-05-26 16:57:43,071] 173 root - INFO - Data transformation complete
[ 2026-05-26 16:57:43,071] 48 root - INFO - Started Regular Expression mapping
[ 2026-05-26 16:57:43,071] 173 root - INFO - Data transformation complete
[ 2026-05-26 16:57:43,071] 48 root - INFO - Started Regular Expression mapping
[ 2026-05-26 16:57:43,071] 173 root - INFO - Data transformation complete
[ 2026-05-26 16:57:43,071] 48 root - INFO - Started Regular Expression mapping
[ 2026-05-26 16:57:43,071] 173 root - INFO - Data transformation complete
[ 2026-05-26 16:57:43,071] 48 root - INFO - Started Regular Expression mapping
[ 2026-05-26 16:57:43,071] 173 root - INFO - Data transformation complete
[ 2026-05-26 16:57:43,071] 48 root - INFO - Started Regular Expression mapping
[ 2026-05-26 16:57:43,071] 173 root - INFO - Data transformation complete
[ 2026-05-26 16:57:43,073] 48 root - INFO - Started Regular Expression mapping
[ 2026-05-26 16:57:43,073] 24 root - INFO - Match heuristic business names to paybill payments
[ 2026-05-26 16:57:43,073] 173 root - INFO - Data transformation complete
[ 2026-05-26 16:57:43,073] 48 root - INFO - Started Regular Expression mapping
[ 2026-05-26 16:57:43,073] 173 root - INFO - Data transformation complete
[ 2026-05-26 16:57:43,073] 48 root - INFO - Started Regular Expression mapping
[ 2026-05-26 16:57:43,073] 173 root - INFO - Data transformation complete
[ 2026-05-26 16:57:43,073] 48 root - INFO - Started Regular Expression mapping
[ 2026-05-26 16:57:43,073] 24 root - INFO - Match heuristic business names to paybill payments
[ 2026-05-26 16:57:43,073] 173 root - INFO - Data transformation complete
[ 2026-05-26 16:57:43,073] 48 root - INFO - Started Regular Expression mapping
[ 2026-05-26 16:57:43,073] 24 root - INFO - Match heuristic business names to paybill payments
[ 2026-05-26 16:57:43,073] 173 root - INFO - Data transformation complete
[ 2026-05-26 16:57:43,073] 48 root - INFO - Started Regular Expression mapping
[ 2026-05-26 16:57:43,075] 173 root - INFO - Data transformation complete
[ 2026-05-26 16:57:43,075] 48 root - INFO - Started Regular Expression mapping
[ 2026-05-26 16:57:43,075] 173 root - INFO - Data transformation complete
[ 2026-05-26 16:57:43,075] 48 root - INFO - Started Regular Expression mapping
[ 2026-05-26 16:57:43,075] 173 root - INFO - Data transformation complete
[ 2026-05-26 16:57:43,075] 48 root - INFO - Started Regular Expression mapping
[ 2026-05-26 16:57:43,075] 173 root - INFO - Data transformation complete
[ 2026-05-26 16:57:43,075] 48 root - INFO - Started Regular Expression mapping
[ 2026-05-26 16:57:43,075] 173 root - INFO - Data transformation complete
[ 2026-05-26 16:57:43,075] 48 root - INFO - Started Regular Expression mapping
[ 2026-05-26 16:57:43,075] 173 root - INFO - Data transformation complete
[ 2026-05-26 16:57:43,075] 48 root - INFO - Started Regular Expression mapping
[ 2026-05-26 16:57:43,075] 173 root - INFO - Data transformation complete
[ 2026-05-26 16:57:43,077] 48 root - INFO - Started Regular Expression mapping
[ 2026-05-26 16:57:43,077] 24 root - INFO - Match heuristic business names to paybill payments
[ 2026-05-26 16:57:43,077] 173 root - INFO - Data transformation complete
[ 2026-05-26 16:57:43,077] 48 root - INFO - Started Regular Expression mapping
[ 2026-05-26 16:57:43,077] 173 root - INFO - Data transformation complete
[ 2026-05-26 16:57:43,077] 48 root - INFO - Started Regular Expression mapping
[ 2026-05-26 16:57:43,077] 173 root - INFO - Data transformation complete
[ 2026-05-26 16:57:43,077] 48 root - INFO - Started Regular Expression mapping
[ 2026-05-26 16:57:43,077] 173 root - INFO - Data transformation complete
[ 2026-05-26 16:57:43,077] 48 root - INFO - Started Regular Expression mapping
[ 2026-05-26 16:57:43,077] 173 root - INFO - Data transformation complete
[ 2026-05-26 16:57:43,079] 48 root - INFO - Started Regular Expression mapping
[ 2026-05-26 16:57:43,079] 173 root - INFO - Data transformation complete
[ 2026-05-26 16:57:43,079] 48 root - INFO - Started Regular Expression mapping
[ 2026-05-26 16:57:43,079] 173 root - INFO - Data transformation complete
[ 2026-05-26 16:57:43,079] 48 root - INFO - Started Regular Expression mapping
[ 2026-05-26 16:57:43,079] 173 root - INFO - Data transformation complete
[ 2026-05-26 16:57:43,079] 48 root - INFO - Started Regular Expression mapping
[ 2026-05-26 16:57:43,079] 173 root - INFO - Data transformation complete
[ 2026-05-26 16:57:43,079] 48 root - INFO - Started Regular Expression mapping
[ 2026-05-26 16:57:43,079] 173 root - INFO - Data transformation complete
[ 2026-05-26 16:57:43,079] 48 root - INFO - Started Regular Expression mapping
[ 2026-05-26 16:57:43,079] 173 root - INFO - Data transformation complete
[ 2026-05-26 16:57:43,079] 48 root - INFO - Started Regular Expression mapping
[ 2026-05-26 16:57:43,081] 24 root - INFO - Match heuristic business names to paybill payments
[ 2026-05-26 16:57:43,081] 173 root - INFO - Data transformation complete
[ 2026-05-26 16:57:43,081] 48 root - INFO - Started Regular Expression mapping
[ 2026-05-26 16:57:43,081] 173 root - INFO - Data transformation complete
[ 2026-05-26 16:57:43,081] 48 root - INFO - Started Regular Expression mapping
[ 2026-05-26 16:57:43,081] 173 root - INFO - Data transformation complete
[ 2026-05-26 16:57:43,081] 48 root - INFO - Started Regular Expression mapping
[ 2026-05-26 16:57:43,081] 173 root - INFO - Data transformation complete
[ 2026-05-26 16:57:43,081] 48 root - INFO - Started Regular Expression mapping
[ 2026-05-26 16:57:43,081] 173 root - INFO - Data transformation complete
[ 2026-05-26 16:57:43,081] 48 root - INFO - Started Regular Expression mapping
[ 2026-05-26 16:57:43,081] 173 root - INFO - Data transformation complete
[ 2026-05-26 16:57:43,081] 48 root - INFO - Started Regular Expression mapping
[ 2026-05-26 16:57:43,083] 173 root - INFO - Data transformation complete
[ 2026-05-26 16:57:43,083] 48 root - INFO - Started Regular Expression mapping
[ 2026-05-26 16:57:43,083] 173 root - INFO - Data transformation complete
[ 2026-05-26 16:57:43,083] 48 root - INFO - Started Regular Expression mapping
[ 2026-05-26 16:57:43,083] 173 root - INFO - Data transformation complete
[ 2026-05-26 16:57:43,083] 48 root - INFO - Started Regular Expression mapping
[ 2026-05-26 16:57:43,083] 173 root - INFO - Data transformation complete
[ 2026-05-26 16:57:43,083] 48 root - INFO - Started Regular Expression mapping
[ 2026-05-26 16:57:43,083] 173 root - INFO - Data transformation complete
[ 2026-05-26 16:57:43,083] 48 root - INFO - Started Regular Expression mapping
[ 2026-05-26 16:57:43,083] 24 root - INFO - Match heuristic business names to paybill payments
[ 2026-05-26 16:57:43,083] 173 root - INFO - Data transformation complete
[ 2026-05-26 16:57:43,083] 48 root - INFO - Started Regular Expression mapping
[ 2026-05-26 16:57:43,083] 173 root - INFO - Data transformation complete
[ 2026-05-26 16:57:43,085] 48 root - INFO - Started Regular Expression mapping
[ 2026-05-26 16:57:43,085] 173 root - INFO - Data transformation complete
[ 2026-05-26 16:57:43,085] 48 root - INFO - Started Regular Expression mapping
[ 2026-05-26 16:57:43,085] 173 root - INFO - Data transformation complete
[ 2026-05-26 16:57:43,085] 48 root - INFO - Started Regular Expression mapping
[ 2026-05-26 16:57:43,085] 173 root - INFO - Data transformation complete
[ 2026-05-26 16:57:43,085] 48 root - INFO - Started Regular Expression mapping
[ 2026-05-26 16:57:43,085] 173 root - INFO - Data transformation complete
[ 2026-05-26 16:57:43,085] 48 root - INFO - Started Regular Expression mapping
[ 2026-05-26 16:57:43,085] 173 root - INFO - Data transformation complete
[ 2026-05-26 16:57:43,085] 48 root - INFO - Started Regular Expression mapping
[ 2026-05-26 16:57:43,085] 24 root - INFO - Match heuristic business names to paybill payments
[ 2026-05-26 16:57:43,087] 173 root - INFO - Data transformation complete
[ 2026-05-26 16:57:43,088] 48 root - INFO - Started Regular Expression mapping
[ 2026-05-26 16:57:43,088] 173 root - INFO - Data transformation complete
[ 2026-05-26 16:57:43,088] 48 root - INFO - Started Regular Expression mapping
[ 2026-05-26 16:57:43,088] 24 root - INFO - Match heuristic business names to paybill payments
[ 2026-05-26 16:57:43,088] 173 root - INFO - Data transformation complete
[ 2026-05-26 16:57:43,088] 48 root - INFO - Started Regular Expression mapping
[ 2026-05-26 16:57:43,088] 173 root - INFO - Data transformation complete
[ 2026-05-26 16:57:43,088] 48 root - INFO - Started Regular Expression mapping
[ 2026-05-26 16:57:43,088] 24 root - INFO - Match heuristic business names to paybill payments
[ 2026-05-26 16:57:43,088] 173 root - INFO - Data transformation complete
[ 2026-05-26 16:57:43,088] 48 root - INFO - Started Regular Expression mapping
[ 2026-05-26 16:57:43,090] 173 root - INFO - Data transformation complete
[ 2026-05-26 16:57:43,090] 48 root - INFO - Started Regular Expression mapping
[ 2026-05-26 16:57:43,090] 173 root - INFO - Data transformation complete
[ 2026-05-26 16:57:43,090] 48 root - INFO - Started Regular Expression mapping
[ 2026-05-26 16:57:43,090] 173 root - INFO - Data transformation complete
[ 2026-05-26 16:57:43,090] 48 root - INFO - Started Regular Expression mapping
[ 2026-05-26 16:57:43,090] 173 root - INFO - Data transformation complete
[ 2026-05-26 16:57:43,090] 48 root - INFO - Started Regular Expression mapping
[ 2026-05-26 16:57:43,090] 173 root - INFO - Data transformation complete
[ 2026-05-26 16:57:43,090] 48 root - INFO - Started Regular Expression mapping
[ 2026-05-26 16:57:43,090] 173 root - INFO - Data transformation complete
[ 2026-05-26 16:57:43,090] 48 root - INFO - Started Regular Expression mapping
[ 2026-05-26 16:57:43,092] 173 root - INFO - Data transformation complete
[ 2026-05-26 16:57:43,092] 48 root - INFO - Started Regular Expression mapping
[ 2026-05-26 16:57:43,092] 173 root - INFO - Data transformation complete
[ 2026-05-26 16:57:43,092] 48 root - INFO - Started Regular Expression mapping
[ 2026-05-26 16:57:43,092] 173 root - INFO - Data transformation complete
[ 2026-05-26 16:57:43,092] 48 root - INFO - Started Regular Expression mapping
[ 2026-05-26 16:57:43,092] 173 root - INFO - Data transformation complete
[ 2026-05-26 16:57:43,092] 48 root - INFO - Started Regular Expression mapping
[ 2026-05-26 16:57:43,092] 173 root - INFO - Data transformation complete
[ 2026-05-26 16:57:43,092] 48 root - INFO - Started Regular Expression mapping
[ 2026-05-26 16:57:43,092] 24 root - INFO - Match heuristic business names to paybill payments
[ 2026-05-26 16:57:43,092] 173 root - INFO - Data transformation complete
[ 2026-05-26 16:57:43,092] 48 root - INFO - Started Regular Expression mapping
[ 2026-05-26 16:57:43,092] 173 root - INFO - Data transformation complete
[ 2026-05-26 16:57:43,094] 48 root - INFO - Started Regular Expression mapping
[ 2026-05-26 16:57:43,094] 173 root - INFO - Data transformation complete
[ 2026-05-26 16:57:43,094] 48 root - INFO - Started Regular Expression mapping
[ 2026-05-26 16:57:43,094] 24 root - INFO - Match heuristic business names to paybill payments
[ 2026-05-26 16:57:43,094] 173 root - INFO - Data transformation complete
[ 2026-05-26 16:57:43,094] 48 root - INFO - Started Regular Expression mapping
[ 2026-05-26 16:57:43,094] 173 root - INFO - Data transformation complete
[ 2026-05-26 16:57:43,094] 48 root - INFO - Started Regular Expression mapping
[ 2026-05-26 16:57:43,094] 173 root - INFO - Data transformation complete
[ 2026-05-26 16:57:43,094] 48 root - INFO - Started Regular Expression mapping
[ 2026-05-26 16:57:43,094] 173 root - INFO - Data transformation complete
[ 2026-05-26 16:57:43,094] 48 root - INFO - Started Regular Expression mapping
[ 2026-05-26 16:57:43,094] 173 root - INFO - Data transformation complete
[ 2026-05-26 16:57:43,096] 48 root - INFO - Started Regular Expression mapping
[ 2026-05-26 16:57:43,096] 173 root - INFO - Data transformation complete
[ 2026-05-26 16:57:43,096] 48 root - INFO - Started Regular Expression mapping
[ 2026-05-26 16:57:43,096] 24 root - INFO - Match heuristic business names to paybill payments
[ 2026-05-26 16:57:43,096] 173 root - INFO - Data transformation complete
[ 2026-05-26 16:57:43,096] 48 root - INFO - Started Regular Expression mapping
[ 2026-05-26 16:57:43,096] 173 root - INFO - Data transformation complete
[ 2026-05-26 16:57:43,096] 48 root - INFO - Started Regular Expression mapping
[ 2026-05-26 16:57:43,096] 173 root - INFO - Data transformation complete
[ 2026-05-26 16:57:43,096] 48 root - INFO - Started Regular Expression mapping
[ 2026-05-26 16:57:43,096] 173 root - INFO - Data transformation complete
[ 2026-05-26 16:57:43,096] 48 root - INFO - Started Regular Expression mapping
[ 2026-05-26 16:57:43,096] 173 root - INFO - Data transformation complete
[ 2026-05-26 16:57:43,098] 48 root - INFO - Started Regular Expression mapping
[ 2026-05-26 16:57:43,098] 173 root - INFO - Data transformation complete
[ 2026-05-26 16:57:43,098] 48 root - INFO - Started Regular Expression mapping
[ 2026-05-26 16:57:43,098] 173 root - INFO - Data transformation complete
[ 2026-05-26 16:57:43,098] 48 root - INFO - Started Regular Expression mapping
[ 2026-05-26 16:57:43,098] 24 root - INFO - Match heuristic business names to paybill payments
[ 2026-05-26 16:57:43,098] 173 root - INFO - Data transformation complete
[ 2026-05-26 16:57:43,098] 48 root - INFO - Started Regular Expression mapping
[ 2026-05-26 16:57:43,098] 173 root - INFO - Data transformation complete
[ 2026-05-26 16:57:43,098] 48 root - INFO - Started Regular Expression mapping
[ 2026-05-26 16:57:43,098] 173 root - INFO - Data transformation complete
[ 2026-05-26 16:57:43,098] 48 root - INFO - Started Regular Expression mapping
[ 2026-05-26 16:57:43,098] 173 root - INFO - Data transformation complete
[ 2026-05-26 16:57:43,098] 48 root - INFO - Started Regular Expression mapping
[ 2026-05-26 16:57:43,100] 173 root - INFO - Data transformation complete
[ 2026-05-26 16:57:43,100] 48 root - INFO - Started Regular Expression mapping
[ 2026-05-26 16:57:43,100] 173 root - INFO - Data transformation complete
[ 2026-05-26 16:57:43,100] 48 root - INFO - Started Regular Expression mapping
[ 2026-05-26 16:57:43,100] 24 root - INFO - Match heuristic business names to paybill payments
[ 2026-05-26 16:57:43,100] 173 root - INFO - Data transformation complete
[ 2026-05-26 16:57:43,100] 48 root - INFO - Started Regular Expression mapping
[ 2026-05-26 16:57:43,100] 173 root - INFO - Data transformation complete
[ 2026-05-26 16:57:43,100] 48 root - INFO - Started Regular Expression mapping
[ 2026-05-26 16:57:43,100] 173 root - INFO - Data transformation complete
[ 2026-05-26 16:57:43,100] 48 root - INFO - Started Regular Expression mapping
[ 2026-05-26 16:57:43,100] 173 root - INFO - Data transformation complete
[ 2026-05-26 16:57:43,100] 48 root - INFO - Started Regular Expression mapping
[ 2026-05-26 16:57:43,102] 173 root - INFO - Data transformation complete
[ 2026-05-26 16:57:43,102] 48 root - INFO - Started Regular Expression mapping
[ 2026-05-26 16:57:43,102] 173 root - INFO - Data transformation complete
[ 2026-05-26 16:57:43,102] 48 root - INFO - Started Regular Expression mapping
[ 2026-05-26 16:57:43,102] 173 root - INFO - Data transformation complete
[ 2026-05-26 16:57:43,102] 48 root - INFO - Started Regular Expression mapping
[ 2026-05-26 16:57:43,102] 173 root - INFO - Data transformation complete
[ 2026-05-26 16:57:43,102] 48 root - INFO - Started Regular Expression mapping
[ 2026-05-26 16:57:43,102] 173 root - INFO - Data transformation complete
[ 2026-05-26 16:57:43,103] 48 root - INFO - Started Regular Expression mapping
[ 2026-05-26 16:57:43,103] 173 root - INFO - Data transformation complete
[ 2026-05-26 16:57:43,103] 48 root - INFO - Started Regular Expression mapping
[ 2026-05-26 16:57:43,103] 173 root - INFO - Data transformation complete
[ 2026-05-26 16:57:43,103] 48 root - INFO - Started Regular Expression mapping
[ 2026-05-26 16:57:43,103] 173 root - INFO - Data transformation complete
[ 2026-05-26 16:57:43,103] 48 root - INFO - Started Regular Expression mapping
[ 2026-05-26 16:57:43,103] 173 root - INFO - Data transformation complete
[ 2026-05-26 16:57:43,103] 48 root - INFO - Started Regular Expression mapping
[ 2026-05-26 16:57:43,103] 173 root - INFO - Data transformation complete
[ 2026-05-26 16:57:43,103] 48 root - INFO - Started Regular Expression mapping
[ 2026-05-26 16:57:43,103] 173 root - INFO - Data transformation complete
[ 2026-05-26 16:57:43,106] 48 root - INFO - Started Regular Expression mapping
[ 2026-05-26 16:57:43,106] 173 root - INFO - Data transformation complete
[ 2026-05-26 16:57:43,106] 48 root - INFO - Started Regular Expression mapping
[ 2026-05-26 16:57:43,106] 173 root - INFO - Data transformation complete
[ 2026-05-26 16:57:43,106] 48 root - INFO - Started Regular Expression mapping
[ 2026-05-26 16:57:43,106] 173 root - INFO - Data transformation complete
[ 2026-05-26 16:57:43,106] 48 root - INFO - Started Regular Expression mapping
[ 2026-05-26 16:57:43,106] 24 root - INFO - Match heuristic business names to paybill payments
[ 2026-05-26 16:57:43,106] 173 root - INFO - Data transformation complete
[ 2026-05-26 16:57:43,106] 48 root - INFO - Started Regular Expression mapping
[ 2026-05-26 16:57:43,106] 173 root - INFO - Data transformation complete
[ 2026-05-26 16:57:43,106] 48 root - INFO - Started Regular Expression mapping
[ 2026-05-26 16:57:43,106] 173 root - INFO - Data transformation complete
[ 2026-05-26 16:57:43,108] 48 root - INFO - Started Regular Expression mapping
[ 2026-05-26 16:57:43,108] 173 root - INFO - Data transformation complete
[ 2026-05-26 16:57:43,108] 48 root - INFO - Started Regular Expression mapping
[ 2026-05-26 16:57:43,108] 173 root - INFO - Data transformation complete
[ 2026-05-26 16:57:43,108] 48 root - INFO - Started Regular Expression mapping
[ 2026-05-26 16:57:43,108] 173 root - INFO - Data transformation complete
[ 2026-05-26 16:57:43,108] 48 root - INFO - Started Regular Expression mapping
[ 2026-05-26 16:57:43,108] 173 root - INFO - Data transformation complete
[ 2026-05-26 16:57:43,108] 48 root - INFO - Started Regular Expression mapping
[ 2026-05-26 16:57:43,108] 173 root - INFO - Data transformation complete
[ 2026-05-26 16:57:43,108] 48 root - INFO - Started Regular Expression mapping
[ 2026-05-26 16:57:43,108] 173 root - INFO - Data transformation complete
[ 2026-05-26 16:57:43,108] 48 root - INFO - Started Regular Expression mapping
[ 2026-05-26 16:57:43,110] 24 root - INFO - Match heuristic business names to paybill payments
[ 2026-05-26 16:57:43,110] 173 root - INFO - Data transformation complete
[ 2026-05-26 16:57:43,110] 48 root - INFO - Started Regular Expression mapping
[ 2026-05-26 16:57:43,110] 173 root - INFO - Data transformation complete
[ 2026-05-26 16:57:43,110] 48 root - INFO - Started Regular Expression mapping
[ 2026-05-26 16:57:43,110] 24 root - INFO - Match heuristic business names to paybill payments
[ 2026-05-26 16:57:43,110] 173 root - INFO - Data transformation complete
[ 2026-05-26 16:57:43,110] 48 root - INFO - Started Regular Expression mapping
[ 2026-05-26 16:57:43,110] 173 root - INFO - Data transformation complete
[ 2026-05-26 16:57:43,110] 48 root - INFO - Started Regular Expression mapping
[ 2026-05-26 16:57:43,110] 24 root - INFO - Match heuristic business names to paybill payments
[ 2026-05-26 16:57:43,110] 173 root - INFO - Data transformation complete
[ 2026-05-26 16:57:43,110] 48 root - INFO - Started Regular Expression mapping
[ 2026-05-26 16:57:43,112] 173 root - INFO - Data transformation complete
[ 2026-05-26 16:57:43,112] 48 root - INFO - Started Regular Expression mapping
[ 2026-05-26 16:57:43,112] 24 root - INFO - Match heuristic business names to paybill payments
[ 2026-05-26 16:57:43,112] 173 root - INFO - Data transformation complete
[ 2026-05-26 16:57:43,112] 48 root - INFO - Started Regular Expression mapping
[ 2026-05-26 16:57:43,112] 173 root - INFO - Data transformation complete
[ 2026-05-26 16:57:43,112] 48 root - INFO - Started Regular Expression mapping
[ 2026-05-26 16:57:43,112] 173 root - INFO - Data transformation complete
[ 2026-05-26 16:57:43,112] 48 root - INFO - Started Regular Expression mapping
[ 2026-05-26 16:57:43,112] 173 root - INFO - Data transformation complete
[ 2026-05-26 16:57:43,112] 48 root - INFO - Started Regular Expression mapping
[ 2026-05-26 16:57:43,112] 173 root - INFO - Data transformation complete
[ 2026-05-26 16:57:43,112] 48 root - INFO - Started Regular Expression mapping
[ 2026-05-26 16:57:43,112] 173 root - INFO - Data transformation complete
[ 2026-05-26 16:57:43,114] 48 root - INFO - Started Regular Expression mapping
[ 2026-05-26 16:57:43,114] 173 root - INFO - Data transformation complete
[ 2026-05-26 16:57:43,114] 48 root - INFO - Started Regular Expression mapping
[ 2026-05-26 16:57:43,114] 173 root - INFO - Data transformation complete
[ 2026-05-26 16:57:43,114] 48 root - INFO - Started Regular Expression mapping
[ 2026-05-26 16:57:43,114] 173 root - INFO - Data transformation complete
[ 2026-05-26 16:57:43,114] 48 root - INFO - Started Regular Expression mapping
[ 2026-05-26 16:57:43,114] 173 root - INFO - Data transformation complete
[ 2026-05-26 16:57:43,114] 48 root - INFO - Started Regular Expression mapping
[ 2026-05-26 16:57:43,114] 173 root - INFO - Data transformation complete
[ 2026-05-26 16:57:43,114] 48 root - INFO - Started Regular Expression mapping
[ 2026-05-26 16:57:43,114] 24 root - INFO - Match heuristic business names to paybill payments
[ 2026-05-26 16:57:43,114] 173 root - INFO - Data transformation complete
[ 2026-05-26 16:57:43,116] 48 root - INFO - Started Regular Expression mapping
[ 2026-05-26 16:57:43,116] 173 root - INFO - Data transformation complete
[ 2026-05-26 16:57:43,116] 48 root - INFO - Started Regular Expression mapping
[ 2026-05-26 16:57:43,116] 24 root - INFO - Match heuristic business names to paybill payments
[ 2026-05-26 16:57:43,116] 173 root - INFO - Data transformation complete
[ 2026-05-26 16:57:43,116] 48 root - INFO - Started Regular Expression mapping
[ 2026-05-26 16:57:43,116] 173 root - INFO - Data transformation complete
[ 2026-05-26 16:57:43,116] 48 root - INFO - Started Regular Expression mapping
[ 2026-05-26 16:57:43,116] 173 root - INFO - Data transformation complete
[ 2026-05-26 16:57:43,116] 48 root - INFO - Started Regular Expression mapping
[ 2026-05-26 16:57:43,116] 173 root - INFO - Data transformation complete
[ 2026-05-26 16:57:43,116] 48 root - INFO - Started Regular Expression mapping
[ 2026-05-26 16:57:43,116] 173 root - INFO - Data transformation complete
[ 2026-05-26 16:57:43,118] 48 root - INFO - Started Regular Expression mapping
[ 2026-05-26 16:57:43,118] 173 root - INFO - Data transformation complete
[ 2026-05-26 16:57:43,118] 48 root - INFO - Started Regular Expression mapping
[ 2026-05-26 16:57:43,118] 173 root - INFO - Data transformation complete
[ 2026-05-26 16:57:43,118] 48 root - INFO - Started Regular Expression mapping
[ 2026-05-26 16:57:43,118] 24 root - INFO - Match heuristic business names to paybill payments
[ 2026-05-26 16:57:43,119] 173 root - INFO - Data transformation complete
[ 2026-05-26 16:57:43,119] 48 root - INFO - Started Regular Expression mapping
[ 2026-05-26 16:57:43,119] 173 root - INFO - Data transformation complete
[ 2026-05-26 16:57:43,119] 48 root - INFO - Started Regular Expression mapping
[ 2026-05-26 16:57:43,119] 173 root - INFO - Data transformation complete
[ 2026-05-26 16:57:43,119] 48 root - INFO - Started Regular Expression mapping
[ 2026-05-26 16:57:43,119] 173 root - INFO - Data transformation complete
[ 2026-05-26 16:57:43,119] 48 root - INFO - Started Regular Expression mapping
[ 2026-05-26 16:57:43,119] 173 root - INFO - Data transformation complete
[ 2026-05-26 16:57:43,119] 48 root - INFO - Started Regular Expression mapping
[ 2026-05-26 16:57:43,121] 173 root - INFO - Data transformation complete
[ 2026-05-26 16:57:43,121] 48 root - INFO - Started Regular Expression mapping
[ 2026-05-26 16:57:43,121] 173 root - INFO - Data transformation complete
[ 2026-05-26 16:57:43,121] 48 root - INFO - Started Regular Expression mapping
[ 2026-05-26 16:57:43,121] 173 root - INFO - Data transformation complete
[ 2026-05-26 16:57:43,121] 48 root - INFO - Started Regular Expression mapping
[ 2026-05-26 16:57:43,121] 173 root - INFO - Data transformation complete
[ 2026-05-26 16:57:43,121] 48 root - INFO - Started Regular Expression mapping
[ 2026-05-26 16:57:43,121] 173 root - INFO - Data transformation complete
[ 2026-05-26 16:57:43,121] 48 root - INFO - Started Regular Expression mapping
[ 2026-05-26 16:57:43,121] 173 root - INFO - Data transformation complete
[ 2026-05-26 16:57:43,121] 48 root - INFO - Started Regular Expression mapping
[ 2026-05-26 16:57:43,121] 173 root - INFO - Data transformation complete
[ 2026-05-26 16:57:43,121] 48 root - INFO - Started Regular Expression mapping
[ 2026-05-26 16:57:43,121] 173 root - INFO - Data transformation complete
[ 2026-05-26 16:57:43,121] 48 root - INFO - Started Regular Expression mapping
[ 2026-05-26 16:57:43,121] 24 root - INFO - Match heuristic business names to paybill payments
[ 2026-05-26 16:57:43,121] 173 root - INFO - Data transformation complete
[ 2026-05-26 16:57:43,121] 48 root - INFO - Started Regular Expression mapping
[ 2026-05-26 16:57:43,121] 173 root - INFO - Data transformation complete
[ 2026-05-26 16:57:43,121] 48 root - INFO - Started Regular Expression mapping
[ 2026-05-26 16:57:43,121] 173 root - INFO - Data transformation complete
[ 2026-05-26 16:57:43,121] 48 root - INFO - Started Regular Expression mapping
[ 2026-05-26 16:57:43,121] 173 root - INFO - Data transformation complete
[ 2026-05-26 16:57:43,121] 48 root - INFO - Started Regular Expression mapping
[ 2026-05-26 16:57:43,121] 173 root - INFO - Data transformation complete
[ 2026-05-26 16:57:43,121] 48 root - INFO - Started Regular Expression mapping
[ 2026-05-26 16:57:43,121] 173 root - INFO - Data transformation complete
[ 2026-05-26 16:57:43,121] 48 root - INFO - Started Regular Expression mapping
[ 2026-05-26 16:57:43,121] 173 root - INFO - Data transformation complete
[ 2026-05-26 16:57:43,121] 48 root - INFO - Started Regular Expression mapping
[ 2026-05-26 16:57:43,121] 173 root - INFO - Data transformation complete
[ 2026-05-26 16:57:43,121] 48 root - INFO - Started Regular Expression mapping
[ 2026-05-26 16:57:43,121] 173 root - INFO - Data transformation complete
[ 2026-05-26 16:57:43,121] 48 root - INFO - Started Regular Expression mapping
[ 2026-05-26 16:57:43,121] 173 root - INFO - Data transformation complete
[ 2026-05-26 16:57:43,121] 48 root - INFO - Started Regular Expression mapping
[ 2026-05-26 16:57:43,121] 173 root - INFO - Data transformation complete
[ 2026-05-26 16:57:43,121] 48 root - INFO - Started Regular Expression mapping
[ 2026-05-26 16:57:43,121] 173 root - INFO - Data transformation complete
[ 2026-05-26 16:57:43,121] 48 root - INFO - Started Regular Expression mapping
[ 2026-05-26 16:57:43,121] 173 root - INFO - Data transformation complete
[ 2026-05-26 16:57:43,121] 48 root - INFO - Started Regular Expression mapping
[ 2026-05-26 16:57:43,121] 173 root - INFO - Data transformation complete
[ 2026-05-26 16:57:43,121] 48 root - INFO - Started Regular Expression mapping
[ 2026-05-26 16:57:43,121] 173 root - INFO - Data transformation complete
[ 2026-05-26 16:57:43,121] 48 root - INFO - Started Regular Expression mapping
[ 2026-05-26 16:57:43,121] 24 root - INFO - Match heuristic business names to paybill payments
[ 2026-05-26 16:57:43,121] 173 root - INFO - Data transformation complete
[ 2026-05-26 16:57:43,121] 48 root - INFO - Started Regular Expression mapping
[ 2026-05-26 16:57:43,121] 173 root - INFO - Data transformation complete
[ 2026-05-26 16:57:43,121] 48 root - INFO - Started Regular Expression mapping
[ 2026-05-26 16:57:43,121] 173 root - INFO - Data transformation complete
[ 2026-05-26 16:57:43,121] 48 root - INFO - Started Regular Expression mapping
[ 2026-05-26 16:57:43,121] 173 root - INFO - Data transformation complete
[ 2026-05-26 16:57:43,121] 48 root - INFO - Started Regular Expression mapping
[ 2026-05-26 16:57:43,121] 24 root - INFO - Match heuristic business names to paybill payments
[ 2026-05-26 16:57:43,121] 173 root - INFO - Data transformation complete
[ 2026-05-26 16:57:43,121] 48 root - INFO - Started Regular Expression mapping
[ 2026-05-26 16:57:43,121] 173 root - INFO - Data transformation complete
[ 2026-05-26 16:57:43,121] 48 root - INFO - Started Regular Expression mapping
[ 2026-05-26 16:57:43,121] 173 root - INFO - Data transformation complete
[ 2026-05-26 16:57:43,121] 48 root - INFO - Started Regular Expression mapping
[ 2026-05-26 16:57:43,121] 173 root - INFO - Data transformation complete
[ 2026-05-26 16:57:43,121] 48 root - INFO - Started Regular Expression mapping
[ 2026-05-26 16:57:43,121] 24 root - INFO - Match heuristic business names to paybill payments
[ 2026-05-26 16:57:43,121] 173 root - INFO - Data transformation complete
[ 2026-05-26 16:57:43,121] 48 root - INFO - Started Regular Expression mapping
[ 2026-05-26 16:57:43,121] 173 root - INFO - Data transformation complete
[ 2026-05-26 16:57:43,121] 48 root - INFO - Started Regular Expression mapping
[ 2026-05-26 16:57:43,121] 24 root - INFO - Match heuristic business names to paybill payments
[ 2026-05-26 16:57:43,121] 173 root - INFO - Data transformation complete
[ 2026-05-26 16:57:43,121] 48 root - INFO - Started Regular Expression mapping
[ 2026-05-26 16:57:43,121] 173 root - INFO - Data transformation complete
[ 2026-05-26 16:57:43,121] 48 root - INFO - Started Regular Expression mapping
[ 2026-05-26 16:57:43,121] 173 root - INFO - Data transformation complete
[ 2026-05-26 16:57:43,121] 48 root - INFO - Started Regular Expression mapping
[ 2026-05-26 16:57:43,121] 173 root - INFO - Data transformation complete
[ 2026-05-26 16:57:43,121] 48 root - INFO - Started Regular Expression mapping
[ 2026-05-26 16:57:43,121] 173 root - INFO - Data transformation complete
[ 2026-05-26 16:57:43,121] 48 root - INFO - Started Regular Expression mapping
[ 2026-05-26 16:57:43,121] 173 root - INFO - Data transformation complete
[ 2026-05-26 16:57:43,121] 48 root - INFO - Started Regular Expression mapping
[ 2026-05-26 16:57:43,121] 24 root - INFO - Match heuristic business names to paybill payments
[ 2026-05-26 16:57:43,121] 173 root - INFO - Data transformation complete
[ 2026-05-26 16:57:43,121] 48 root - INFO - Started Regular Expression mapping
[ 2026-05-26 16:57:43,121] 173 root - INFO - Data transformation complete
[ 2026-05-26 16:57:43,121] 48 root - INFO - Started Regular Expression mapping
[ 2026-05-26 16:57:43,121] 24 root - INFO - Match heuristic business names to paybill payments
[ 2026-05-26 16:57:43,121] 173 root - INFO - Data transformation complete
[ 2026-05-26 16:57:43,121] 48 root - INFO - Started Regular Expression mapping
[ 2026-05-26 16:57:43,121] 173 root - INFO - Data transformation complete
[ 2026-05-26 16:57:43,135] 48 root - INFO - Started Regular Expression mapping
[ 2026-05-26 16:57:43,135] 173 root - INFO - Data transformation complete
[ 2026-05-26 16:57:43,135] 48 root - INFO - Started Regular Expression mapping
[ 2026-05-26 16:57:43,135] 173 root - INFO - Data transformation complete
[ 2026-05-26 16:57:43,135] 48 root - INFO - Started Regular Expression mapping
[ 2026-05-26 16:57:43,135] 173 root - INFO - Data transformation complete
[ 2026-05-26 16:57:43,135] 48 root - INFO - Started Regular Expression mapping
[ 2026-05-26 16:57:43,135] 173 root - INFO - Data transformation complete
[ 2026-05-26 16:57:43,135] 48 root - INFO - Started Regular Expression mapping
[ 2026-05-26 16:57:43,137] 24 root - INFO - Match heuristic business names to paybill payments
[ 2026-05-26 16:57:43,137] 173 root - INFO - Data transformation complete
[ 2026-05-26 16:57:43,137] 48 root - INFO - Started Regular Expression mapping
[ 2026-05-26 16:57:43,137] 173 root - INFO - Data transformation complete
[ 2026-05-26 16:57:43,137] 48 root - INFO - Started Regular Expression mapping
[ 2026-05-26 16:57:43,137] 173 root - INFO - Data transformation complete
[ 2026-05-26 16:57:43,137] 48 root - INFO - Started Regular Expression mapping
[ 2026-05-26 16:57:43,137] 173 root - INFO - Data transformation complete
[ 2026-05-26 16:57:43,137] 48 root - INFO - Started Regular Expression mapping
[ 2026-05-26 16:57:43,137] 173 root - INFO - Data transformation complete
[ 2026-05-26 16:57:43,137] 48 root - INFO - Started Regular Expression mapping
[ 2026-05-26 16:57:43,137] 24 root - INFO - Match heuristic business names to paybill payments
[ 2026-05-26 16:57:43,137] 173 root - INFO - Data transformation complete
[ 2026-05-26 16:57:43,137] 48 root - INFO - Started Regular Expression mapping
[ 2026-05-26 16:57:43,137] 173 root - INFO - Data transformation complete
[ 2026-05-26 16:57:43,137] 48 root - INFO - Started Regular Expression mapping
[ 2026-05-26 16:57:43,137] 173 root - INFO - Data transformation complete
[ 2026-05-26 16:57:43,137] 48 root - INFO - Started Regular Expression mapping
[ 2026-05-26 16:57:43,137] 173 root - INFO - Data transformation complete
[ 2026-05-26 16:57:43,137] 48 root - INFO - Started Regular Expression mapping
[ 2026-05-26 16:57:43,137] 173 root - INFO - Data transformation complete
[ 2026-05-26 16:57:43,137] 48 root - INFO - Started Regular Expression mapping
[ 2026-05-26 16:57:43,137] 173 root - INFO - Data transformation complete
[ 2026-05-26 16:57:43,137] 48 root - INFO - Started Regular Expression mapping
[ 2026-05-26 16:57:43,137] 173 root - INFO - Data transformation complete
[ 2026-05-26 16:57:43,137] 48 root - INFO - Started Regular Expression mapping
[ 2026-05-26 16:57:43,137] 173 root - INFO - Data transformation complete
[ 2026-05-26 16:57:43,137] 48 root - INFO - Started Regular Expression mapping
[ 2026-05-26 16:57:43,137] 24 root - INFO - Match heuristic business names to paybill payments
[ 2026-05-26 16:57:43,137] 173 root - INFO - Data transformation complete
[ 2026-05-26 16:57:43,137] 48 root - INFO - Started Regular Expression mapping
[ 2026-05-26 16:57:43,137] 24 root - INFO - Match heuristic business names to paybill payments
[ 2026-05-26 16:57:43,137] 173 root - INFO - Data transformation complete
[ 2026-05-26 16:57:43,137] 48 root - INFO - Started Regular Expression mapping
[ 2026-05-26 16:57:43,137] 173 root - INFO - Data transformation complete
[ 2026-05-26 16:57:43,137] 48 root - INFO - Started Regular Expression mapping
[ 2026-05-26 16:57:43,137] 173 root - INFO - Data transformation complete
[ 2026-05-26 16:57:43,137] 48 root - INFO - Started Regular Expression mapping
[ 2026-05-26 16:57:43,137] 173 root - INFO - Data transformation complete
[ 2026-05-26 16:57:43,137] 48 root - INFO - Started Regular Expression mapping
[ 2026-05-26 16:57:43,137] 173 root - INFO - Data transformation complete
[ 2026-05-26 16:57:43,137] 48 root - INFO - Started Regular Expression mapping
[ 2026-05-26 16:57:43,137] 173 root - INFO - Data transformation complete
[ 2026-05-26 16:57:43,137] 48 root - INFO - Started Regular Expression mapping
[ 2026-05-26 16:57:43,137] 24 root - INFO - Match heuristic business names to paybill payments
[ 2026-05-26 16:57:43,137] 173 root - INFO - Data transformation complete
[ 2026-05-26 16:57:43,137] 48 root - INFO - Started Regular Expression mapping
[ 2026-05-26 16:57:43,137] 173 root - INFO - Data transformation complete
[ 2026-05-26 16:57:43,137] 48 root - INFO - Started Regular Expression mapping
[ 2026-05-26 16:57:43,137] 173 root - INFO - Data transformation complete
[ 2026-05-26 16:57:43,137] 48 root - INFO - Started Regular Expression mapping
[ 2026-05-26 16:57:43,137] 173 root - INFO - Data transformation complete
[ 2026-05-26 16:57:43,137] 48 root - INFO - Started Regular Expression mapping
[ 2026-05-26 16:57:43,137] 24 root - INFO - Match heuristic business names to paybill payments
[ 2026-05-26 16:57:43,137] 173 root - INFO - Data transformation complete
[ 2026-05-26 16:57:43,137] 48 root - INFO - Started Regular Expression mapping
[ 2026-05-26 16:57:43,137] 173 root - INFO - Data transformation complete
[ 2026-05-26 16:57:43,137] 48 root - INFO - Started Regular Expression mapping
[ 2026-05-26 16:57:43,137] 173 root - INFO - Data transformation complete
[ 2026-05-26 16:57:43,137] 48 root - INFO - Started Regular Expression mapping
[ 2026-05-26 16:57:43,137] 24 root - INFO - Match heuristic business names to paybill payments
[ 2026-05-26 16:57:43,137] 173 root - INFO - Data transformation complete
[ 2026-05-26 16:57:43,137] 48 root - INFO - Started Regular Expression mapping
[ 2026-05-26 16:57:43,137] 173 root - INFO - Data transformation complete
[ 2026-05-26 16:57:43,137] 48 root - INFO - Started Regular Expression mapping
[ 2026-05-26 16:57:43,137] 173 root - INFO - Data transformation complete
[ 2026-05-26 16:57:43,137] 48 root - INFO - Started Regular Expression mapping
[ 2026-05-26 16:57:43,137] 173 root - INFO - Data transformation complete
[ 2026-05-26 16:57:43,137] 48 root - INFO - Started Regular Expression mapping
[ 2026-05-26 16:57:43,137] 173 root - INFO - Data transformation complete
[ 2026-05-26 16:57:43,137] 48 root - INFO - Started Regular Expression mapping
[ 2026-05-26 16:57:43,137] 173 root - INFO - Data transformation complete
[ 2026-05-26 16:57:43,137] 48 root - INFO - Started Regular Expression mapping
[ 2026-05-26 16:57:43,137] 24 root - INFO - Match heuristic business names to paybill payments
[ 2026-05-26 16:57:43,137] 173 root - INFO - Data transformation complete
[ 2026-05-26 16:57:43,137] 48 root - INFO - Started Regular Expression mapping
[ 2026-05-26 16:57:43,137] 173 root - INFO - Data transformation complete
[ 2026-05-26 16:57:43,137] 48 root - INFO - Started Regular Expression mapping
[ 2026-05-26 16:57:43,137] 24 root - INFO - Match heuristic business names to paybill payments
[ 2026-05-26 16:57:43,137] 173 root - INFO - Data transformation complete
[ 2026-05-26 16:57:43,137] 48 root - INFO - Started Regular Expression mapping
[ 2026-05-26 16:57:43,137] 173 root - INFO - Data transformation complete
[ 2026-05-26 16:57:43,137] 48 root - INFO - Started Regular Expression mapping
[ 2026-05-26 16:57:43,137] 173 root - INFO - Data transformation complete
[ 2026-05-26 16:57:43,137] 48 root - INFO - Started Regular Expression mapping
[ 2026-05-26 16:57:43,137] 173 root - INFO - Data transformation complete
[ 2026-05-26 16:57:43,137] 48 root - INFO - Started Regular Expression mapping
[ 2026-05-26 16:57:43,137] 173 root - INFO - Data transformation complete
[ 2026-05-26 16:57:43,151] 48 root - INFO - Started Regular Expression mapping
[ 2026-05-26 16:57:43,151] 24 root - INFO - Match heuristic business names to paybill payments
[ 2026-05-26 16:57:43,151] 173 root - INFO - Data transformation complete
[ 2026-05-26 16:57:43,151] 48 root - INFO - Started Regular Expression mapping
[ 2026-05-26 16:57:43,151] 173 root - INFO - Data transformation complete
[ 2026-05-26 16:57:43,151] 48 root - INFO - Started Regular Expression mapping
[ 2026-05-26 16:57:43,151] 173 root - INFO - Data transformation complete
[ 2026-05-26 16:57:43,151] 48 root - INFO - Started Regular Expression mapping
[ 2026-05-26 16:57:43,151] 173 root - INFO - Data transformation complete
[ 2026-05-26 16:57:43,151] 48 root - INFO - Started Regular Expression mapping
[ 2026-05-26 16:57:43,151] 173 root - INFO - Data transformation complete
[ 2026-05-26 16:57:43,151] 48 root - INFO - Started Regular Expression mapping
[ 2026-05-26 16:57:43,151] 173 root - INFO - Data transformation complete
[ 2026-05-26 16:57:43,151] 48 root - INFO - Started Regular Expression mapping
[ 2026-05-26 16:57:43,151] 173 root - INFO - Data transformation complete
[ 2026-05-26 16:57:43,151] 48 root - INFO - Started Regular Expression mapping
[ 2026-05-26 16:57:43,151] 173 root - INFO - Data transformation complete
[ 2026-05-26 16:57:43,151] 48 root - INFO - Started Regular Expression mapping
[ 2026-05-26 16:57:43,151] 173 root - INFO - Data transformation complete
[ 2026-05-26 16:57:43,151] 48 root - INFO - Started Regular Expression mapping
[ 2026-05-26 16:57:43,155] 173 root - INFO - Data transformation complete
[ 2026-05-26 16:57:43,155] 48 root - INFO - Started Regular Expression mapping
[ 2026-05-26 16:57:43,155] 173 root - INFO - Data transformation complete
[ 2026-05-26 16:57:43,155] 48 root - INFO - Started Regular Expression mapping
[ 2026-05-26 16:57:43,155] 173 root - INFO - Data transformation complete
[ 2026-05-26 16:57:43,155] 48 root - INFO - Started Regular Expression mapping
[ 2026-05-26 16:57:43,155] 173 root - INFO - Data transformation complete
[ 2026-05-26 16:57:43,155] 48 root - INFO - Started Regular Expression mapping
[ 2026-05-26 16:57:43,155] 173 root - INFO - Data transformation complete
[ 2026-05-26 16:57:43,157] 48 root - INFO - Started Regular Expression mapping
[ 2026-05-26 16:57:43,157] 173 root - INFO - Data transformation complete
[ 2026-05-26 16:57:43,157] 48 root - INFO - Started Regular Expression mapping
[ 2026-05-26 16:57:43,157] 24 root - INFO - Match heuristic business names to paybill payments
[ 2026-05-26 16:57:43,157] 173 root - INFO - Data transformation complete
[ 2026-05-26 16:57:43,157] 48 root - INFO - Started Regular Expression mapping
[ 2026-05-26 16:57:43,157] 173 root - INFO - Data transformation complete
[ 2026-05-26 16:57:43,157] 48 root - INFO - Started Regular Expression mapping
[ 2026-05-26 16:57:43,157] 173 root - INFO - Data transformation complete
[ 2026-05-26 16:57:43,157] 48 root - INFO - Started Regular Expression mapping
[ 2026-05-26 16:57:43,157] 173 root - INFO - Data transformation complete
[ 2026-05-26 16:57:43,157] 48 root - INFO - Started Regular Expression mapping
[ 2026-05-26 16:57:43,157] 173 root - INFO - Data transformation complete
[ 2026-05-26 16:57:43,157] 48 root - INFO - Started Regular Expression mapping
[ 2026-05-26 16:57:43,157] 173 root - INFO - Data transformation complete
[ 2026-05-26 16:57:43,157] 48 root - INFO - Started Regular Expression mapping
[ 2026-05-26 16:57:43,157] 173 root - INFO - Data transformation complete
[ 2026-05-26 16:57:43,157] 48 root - INFO - Started Regular Expression mapping
[ 2026-05-26 16:57:43,157] 173 root - INFO - Data transformation complete
[ 2026-05-26 16:57:43,157] 48 root - INFO - Started Regular Expression mapping
[ 2026-05-26 16:57:43,157] 173 root - INFO - Data transformation complete
[ 2026-05-26 16:57:43,157] 48 root - INFO - Started Regular Expression mapping
[ 2026-05-26 16:57:43,157] 173 root - INFO - Data transformation complete
[ 2026-05-26 16:57:43,157] 48 root - INFO - Started Regular Expression mapping
[ 2026-05-26 16:57:43,157] 24 root - INFO - Match heuristic business names to paybill payments
[ 2026-05-26 16:57:43,157] 173 root - INFO - Data transformation complete
[ 2026-05-26 16:57:43,157] 48 root - INFO - Started Regular Expression mapping
[ 2026-05-26 16:57:43,157] 173 root - INFO - Data transformation complete
[ 2026-05-26 16:57:43,157] 48 root - INFO - Started Regular Expression mapping
[ 2026-05-26 16:57:43,157] 24 root - INFO - Match heuristic business names to paybill payments
[ 2026-05-26 16:57:43,157] 173 root - INFO - Data transformation complete
[ 2026-05-26 16:57:43,157] 48 root - INFO - Started Regular Expression mapping
[ 2026-05-26 16:57:43,157] 24 root - INFO - Match heuristic business names to paybill payments
[ 2026-05-26 16:57:43,157] 173 root - INFO - Data transformation complete
[ 2026-05-26 16:57:43,157] 48 root - INFO - Started Regular Expression mapping
[ 2026-05-26 16:57:43,157] 173 root - INFO - Data transformation complete
[ 2026-05-26 16:57:43,157] 48 root - INFO - Started Regular Expression mapping
[ 2026-05-26 16:57:43,157] 173 root - INFO - Data transformation complete
[ 2026-05-26 16:57:43,157] 48 root - INFO - Started Regular Expression mapping
[ 2026-05-26 16:57:43,157] 173 root - INFO - Data transformation complete
[ 2026-05-26 16:57:43,157] 48 root - INFO - Started Regular Expression mapping
[ 2026-05-26 16:57:43,157] 173 root - INFO - Data transformation complete
[ 2026-05-26 16:57:43,157] 48 root - INFO - Started Regular Expression mapping
[ 2026-05-26 16:57:43,157] 173 root - INFO - Data transformation complete
[ 2026-05-26 16:57:43,157] 48 root - INFO - Started Regular Expression mapping
[ 2026-05-26 16:57:43,157] 173 root - INFO - Data transformation complete
[ 2026-05-26 16:57:43,157] 48 root - INFO - Started Regular Expression mapping
[ 2026-05-26 16:57:43,157] 173 root - INFO - Data transformation complete
[ 2026-05-26 16:57:43,157] 48 root - INFO - Started Regular Expression mapping
[ 2026-05-26 16:57:43,157] 173 root - INFO - Data transformation complete
[ 2026-05-26 16:57:43,157] 48 root - INFO - Started Regular Expression mapping
[ 2026-05-26 16:57:43,157] 173 root - INFO - Data transformation complete
[ 2026-05-26 16:57:43,157] 48 root - INFO - Started Regular Expression mapping
[ 2026-05-26 16:57:43,157] 24 root - INFO - Match heuristic business names to paybill payments
[ 2026-05-26 16:57:43,157] 173 root - INFO - Data transformation complete
[ 2026-05-26 16:57:43,157] 48 root - INFO - Started Regular Expression mapping
[ 2026-05-26 16:57:43,157] 173 root - INFO - Data transformation complete
[ 2026-05-26 16:57:43,157] 48 root - INFO - Started Regular Expression mapping
[ 2026-05-26 16:57:43,157] 173 root - INFO - Data transformation complete
[ 2026-05-26 16:57:43,157] 48 root - INFO - Started Regular Expression mapping
[ 2026-05-26 16:57:43,167] 173 root - INFO - Data transformation complete
[ 2026-05-26 16:57:43,167] 48 root - INFO - Started Regular Expression mapping
[ 2026-05-26 16:57:43,167] 173 root - INFO - Data transformation complete
[ 2026-05-26 16:57:43,167] 48 root - INFO - Started Regular Expression mapping
[ 2026-05-26 16:57:43,167] 173 root - INFO - Data transformation complete
[ 2026-05-26 16:57:43,167] 48 root - INFO - Started Regular Expression mapping
[ 2026-05-26 16:57:43,167] 173 root - INFO - Data transformation complete
[ 2026-05-26 16:57:43,167] 48 root - INFO - Started Regular Expression mapping
[ 2026-05-26 16:57:43,167] 173 root - INFO - Data transformation complete
[ 2026-05-26 16:57:43,167] 48 root - INFO - Started Regular Expression mapping
[ 2026-05-26 16:57:43,167] 173 root - INFO - Data transformation complete
[ 2026-05-26 16:57:43,167] 48 root - INFO - Started Regular Expression mapping
[ 2026-05-26 16:57:43,167] 173 root - INFO - Data transformation complete
[ 2026-05-26 16:57:43,167] 48 root - INFO - Started Regular Expression mapping
[ 2026-05-26 16:57:43,167] 173 root - INFO - Data transformation complete
[ 2026-05-26 16:57:43,167] 48 root - INFO - Started Regular Expression mapping
[ 2026-05-26 16:57:43,167] 173 root - INFO - Data transformation complete
[ 2026-05-26 16:57:43,167] 48 root - INFO - Started Regular Expression mapping
[ 2026-05-26 16:57:43,167] 173 root - INFO - Data transformation complete
[ 2026-05-26 16:57:43,167] 48 root - INFO - Started Regular Expression mapping
[ 2026-05-26 16:57:43,167] 173 root - INFO - Data transformation complete
[ 2026-05-26 16:57:43,167] 48 root - INFO - Started Regular Expression mapping
[ 2026-05-26 16:57:43,167] 173 root - INFO - Data transformation complete
[ 2026-05-26 16:57:43,167] 48 root - INFO - Started Regular Expression mapping
[ 2026-05-26 16:57:43,167] 173 root - INFO - Data transformation complete
[ 2026-05-26 16:57:43,167] 48 root - INFO - Started Regular Expression mapping
[ 2026-05-26 16:57:43,167] 173 root - INFO - Data transformation complete
[ 2026-05-26 16:57:43,167] 48 root - INFO - Started Regular Expression mapping
[ 2026-05-26 16:57:43,167] 173 root - INFO - Data transformation complete
[ 2026-05-26 16:57:43,167] 48 root - INFO - Started Regular Expression mapping
[ 2026-05-26 16:57:43,167] 173 root - INFO - Data transformation complete
[ 2026-05-26 16:57:43,167] 48 root - INFO - Started Regular Expression mapping
[ 2026-05-26 16:57:43,167] 173 root - INFO - Data transformation complete
[ 2026-05-26 16:57:43,167] 48 root - INFO - Started Regular Expression mapping
[ 2026-05-26 16:57:43,167] 173 root - INFO - Data transformation complete
[ 2026-05-26 16:57:43,167] 48 root - INFO - Started Regular Expression mapping
[ 2026-05-26 16:57:43,167] 173 root - INFO - Data transformation complete
[ 2026-05-26 16:57:43,167] 48 root - INFO - Started Regular Expression mapping
[ 2026-05-26 16:57:43,167] 173 root - INFO - Data transformation complete
[ 2026-05-26 16:57:43,167] 48 root - INFO - Started Regular Expression mapping
[ 2026-05-26 16:57:43,167] 24 root - INFO - Match heuristic business names to paybill payments
[ 2026-05-26 16:57:43,167] 173 root - INFO - Data transformation complete
[ 2026-05-26 16:57:43,167] 48 root - INFO - Started Regular Expression mapping
[ 2026-05-26 16:57:43,167] 24 root - INFO - Match heuristic business names to paybill payments
[ 2026-05-26 16:57:43,167] 173 root - INFO - Data transformation complete
[ 2026-05-26 16:57:43,167] 48 root - INFO - Started Regular Expression mapping
[ 2026-05-26 16:57:43,167] 173 root - INFO - Data transformation complete
[ 2026-05-26 16:57:43,167] 48 root - INFO - Started Regular Expression mapping
[ 2026-05-26 16:57:43,167] 173 root - INFO - Data transformation complete
[ 2026-05-26 16:57:43,167] 48 root - INFO - Started Regular Expression mapping
[ 2026-05-26 16:57:43,167] 173 root - INFO - Data transformation complete
[ 2026-05-26 16:57:43,167] 48 root - INFO - Started Regular Expression mapping
[ 2026-05-26 16:57:43,167] 173 root - INFO - Data transformation complete
[ 2026-05-26 16:57:43,167] 48 root - INFO - Started Regular Expression mapping
[ 2026-05-26 16:57:43,167] 173 root - INFO - Data transformation complete
[ 2026-05-26 16:57:43,167] 48 root - INFO - Started Regular Expression mapping
[ 2026-05-26 16:57:43,167] 173 root - INFO - Data transformation complete
[ 2026-05-26 16:57:43,167] 48 root - INFO - Started Regular Expression mapping
[ 2026-05-26 16:57:43,167] 173 root - INFO - Data transformation complete
[ 2026-05-26 16:57:43,167] 48 root - INFO - Started Regular Expression mapping
[ 2026-05-26 16:57:43,167] 173 root - INFO - Data transformation complete
[ 2026-05-26 16:57:43,167] 48 root - INFO - Started Regular Expression mapping
[ 2026-05-26 16:57:43,167] 173 root - INFO - Data transformation complete
[ 2026-05-26 16:57:43,167] 48 root - INFO - Started Regular Expression mapping
[ 2026-05-26 16:57:43,167] 173 root - INFO - Data transformation complete
[ 2026-05-26 16:57:43,167] 48 root - INFO - Started Regular Expression mapping
[ 2026-05-26 16:57:43,167] 173 root - INFO - Data transformation complete
[ 2026-05-26 16:57:43,167] 48 root - INFO - Started Regular Expression mapping
[ 2026-05-26 16:57:43,167] 24 root - INFO - Match heuristic business names to paybill payments
[ 2026-05-26 16:57:43,167] 173 root - INFO - Data transformation complete
[ 2026-05-26 16:57:43,167] 48 root - INFO - Started Regular Expression mapping
[ 2026-05-26 16:57:43,167] 173 root - INFO - Data transformation complete
[ 2026-05-26 16:57:43,167] 48 root - INFO - Started Regular Expression mapping
[ 2026-05-26 16:57:43,167] 24 root - INFO - Match heuristic business names to paybill payments
[ 2026-05-26 16:57:43,167] 173 root - INFO - Data transformation complete
[ 2026-05-26 16:57:43,183] 48 root - INFO - Started Regular Expression mapping
[ 2026-05-26 16:57:43,183] 173 root - INFO - Data transformation complete
[ 2026-05-26 16:57:43,183] 48 root - INFO - Started Regular Expression mapping
[ 2026-05-26 16:57:43,183] 173 root - INFO - Data transformation complete
[ 2026-05-26 16:57:43,183] 48 root - INFO - Started Regular Expression mapping
[ 2026-05-26 16:57:43,183] 173 root - INFO - Data transformation complete
[ 2026-05-26 16:57:43,183] 48 root - INFO - Started Regular Expression mapping
[ 2026-05-26 16:57:43,185] 173 root - INFO - Data transformation complete
[ 2026-05-26 16:57:43,185] 48 root - INFO - Started Regular Expression mapping
[ 2026-05-26 16:57:43,185] 173 root - INFO - Data transformation complete
[ 2026-05-26 16:57:43,185] 48 root - INFO - Started Regular Expression mapping
[ 2026-05-26 16:57:43,185] 173 root - INFO - Data transformation complete
[ 2026-05-26 16:57:43,185] 48 root - INFO - Started Regular Expression mapping
[ 2026-05-26 16:57:43,185] 173 root - INFO - Data transformation complete
[ 2026-05-26 16:57:43,185] 48 root - INFO - Started Regular Expression mapping
[ 2026-05-26 16:57:43,185] 173 root - INFO - Data transformation complete
[ 2026-05-26 16:57:43,185] 48 root - INFO - Started Regular Expression mapping
[ 2026-05-26 16:57:43,185] 173 root - INFO - Data transformation complete
[ 2026-05-26 16:57:43,185] 48 root - INFO - Started Regular Expression mapping
[ 2026-05-26 16:57:43,185] 173 root - INFO - Data transformation complete
[ 2026-05-26 16:57:43,185] 48 root - INFO - Started Regular Expression mapping
[ 2026-05-26 16:57:43,185] 173 root - INFO - Data transformation complete
[ 2026-05-26 16:57:43,185] 48 root - INFO - Started Regular Expression mapping
[ 2026-05-26 16:57:43,185] 173 root - INFO - Data transformation complete
[ 2026-05-26 16:57:43,185] 48 root - INFO - Started Regular Expression mapping
[ 2026-05-26 16:57:43,190] 173 root - INFO - Data transformation complete
[ 2026-05-26 16:57:43,190] 48 root - INFO - Started Regular Expression mapping
[ 2026-05-26 16:57:43,190] 173 root - INFO - Data transformation complete
[ 2026-05-26 16:57:43,190] 48 root - INFO - Started Regular Expression mapping
[ 2026-05-26 16:57:43,190] 173 root - INFO - Data transformation complete
[ 2026-05-26 16:57:43,190] 48 root - INFO - Started Regular Expression mapping
[ 2026-05-26 16:57:43,190] 173 root - INFO - Data transformation complete
[ 2026-05-26 16:57:43,190] 48 root - INFO - Started Regular Expression mapping
[ 2026-05-26 16:57:43,190] 173 root - INFO - Data transformation complete
[ 2026-05-26 16:57:43,190] 48 root - INFO - Started Regular Expression mapping
[ 2026-05-26 16:57:43,190] 173 root - INFO - Data transformation complete
[ 2026-05-26 16:57:43,192] 48 root - INFO - Started Regular Expression mapping
[ 2026-05-26 16:57:43,192] 173 root - INFO - Data transformation complete
[ 2026-05-26 16:57:43,192] 48 root - INFO - Started Regular Expression mapping
[ 2026-05-26 16:57:43,192] 173 root - INFO - Data transformation complete
[ 2026-05-26 16:57:43,192] 48 root - INFO - Started Regular Expression mapping
[ 2026-05-26 16:57:43,192] 173 root - INFO - Data transformation complete
[ 2026-05-26 16:57:43,192] 48 root - INFO - Started Regular Expression mapping
[ 2026-05-26 16:57:43,192] 173 root - INFO - Data transformation complete
[ 2026-05-26 16:57:43,192] 48 root - INFO - Started Regular Expression mapping
[ 2026-05-26 16:57:43,194] 173 root - INFO - Data transformation complete
[ 2026-05-26 16:57:43,194] 48 root - INFO - Started Regular Expression mapping
[ 2026-05-26 16:57:43,194] 173 root - INFO - Data transformation complete
[ 2026-05-26 16:57:43,194] 48 root - INFO - Started Regular Expression mapping
[ 2026-05-26 16:57:43,194] 173 root - INFO - Data transformation complete
[ 2026-05-26 16:57:43,194] 48 root - INFO - Started Regular Expression mapping
[ 2026-05-26 16:57:43,194] 173 root - INFO - Data transformation complete
[ 2026-05-26 16:57:43,194] 48 root - INFO - Started Regular Expression mapping
[ 2026-05-26 16:57:43,194] 173 root - INFO - Data transformation complete
[ 2026-05-26 16:57:43,194] 48 root - INFO - Started Regular Expression mapping
[ 2026-05-26 16:57:43,194] 173 root - INFO - Data transformation complete
[ 2026-05-26 16:57:43,194] 48 root - INFO - Started Regular Expression mapping
[ 2026-05-26 16:57:43,194] 173 root - INFO - Data transformation complete
[ 2026-05-26 16:57:43,194] 48 root - INFO - Started Regular Expression mapping
[ 2026-05-26 16:57:43,194] 173 root - INFO - Data transformation complete
[ 2026-05-26 16:57:43,194] 48 root - INFO - Started Regular Expression mapping
[ 2026-05-26 16:57:43,194] 173 root - INFO - Data transformation complete
[ 2026-05-26 16:57:43,194] 48 root - INFO - Started Regular Expression mapping
[ 2026-05-26 16:57:43,194] 173 root - INFO - Data transformation complete
[ 2026-05-26 16:57:43,194] 48 root - INFO - Started Regular Expression mapping
[ 2026-05-26 16:57:43,194] 173 root - INFO - Data transformation complete
[ 2026-05-26 16:57:43,194] 48 root - INFO - Started Regular Expression mapping
[ 2026-05-26 16:57:43,194] 173 root - INFO - Data transformation complete
[ 2026-05-26 16:57:43,194] 48 root - INFO - Started Regular Expression mapping
[ 2026-05-26 16:57:43,199] 173 root - INFO - Data transformation complete
[ 2026-05-26 16:57:43,199] 48 root - INFO - Started Regular Expression mapping
[ 2026-05-26 16:57:43,199] 173 root - INFO - Data transformation complete
[ 2026-05-26 16:57:43,199] 48 root - INFO - Started Regular Expression mapping
[ 2026-05-26 16:57:43,199] 173 root - INFO - Data transformation complete
[ 2026-05-26 16:57:43,199] 48 root - INFO - Started Regular Expression mapping
[ 2026-05-26 16:57:43,199] 173 root - INFO - Data transformation complete
[ 2026-05-26 16:57:43,199] 48 root - INFO - Started Regular Expression mapping
[ 2026-05-26 16:57:43,199] 173 root - INFO - Data transformation complete
[ 2026-05-26 16:57:43,199] 48 root - INFO - Started Regular Expression mapping
[ 2026-05-26 16:57:43,199] 173 root - INFO - Data transformation complete
[ 2026-05-26 16:57:43,199] 48 root - INFO - Started Regular Expression mapping
[ 2026-05-26 16:57:43,199] 173 root - INFO - Data transformation complete
[ 2026-05-26 16:57:43,199] 48 root - INFO - Started Regular Expression mapping
[ 2026-05-26 16:57:43,199] 173 root - INFO - Data transformation complete
[ 2026-05-26 16:57:43,199] 48 root - INFO - Started Regular Expression mapping
[ 2026-05-26 16:57:43,199] 173 root - INFO - Data transformation complete
[ 2026-05-26 16:57:43,199] 48 root - INFO - Started Regular Expression mapping
[ 2026-05-26 16:57:43,199] 173 root - INFO - Data transformation complete
[ 2026-05-26 16:57:43,199] 48 root - INFO - Started Regular Expression mapping
[ 2026-05-26 16:57:43,199] 173 root - INFO - Data transformation complete
[ 2026-05-26 16:57:43,199] 48 root - INFO - Started Regular Expression mapping
[ 2026-05-26 16:57:43,199] 173 root - INFO - Data transformation complete
[ 2026-05-26 16:57:43,199] 48 root - INFO - Started Regular Expression mapping
[ 2026-05-26 16:57:43,199] 173 root - INFO - Data transformation complete
[ 2026-05-26 16:57:43,199] 48 root - INFO - Started Regular Expression mapping
[ 2026-05-26 16:57:43,199] 24 root - INFO - Match heuristic business names to paybill payments
[ 2026-05-26 16:57:43,199] 173 root - INFO - Data transformation complete
[ 2026-05-26 16:57:43,204] 48 root - INFO - Started Regular Expression mapping
[ 2026-05-26 16:57:43,204] 173 root - INFO - Data transformation complete
[ 2026-05-26 16:57:43,204] 48 root - INFO - Started Regular Expression mapping
[ 2026-05-26 16:57:43,204] 173 root - INFO - Data transformation complete
[ 2026-05-26 16:57:43,204] 48 root - INFO - Started Regular Expression mapping
[ 2026-05-26 16:57:43,204] 173 root - INFO - Data transformation complete
[ 2026-05-26 16:57:43,204] 48 root - INFO - Started Regular Expression mapping
[ 2026-05-26 16:57:43,204] 173 root - INFO - Data transformation complete
[ 2026-05-26 16:57:43,204] 48 root - INFO - Started Regular Expression mapping
[ 2026-05-26 16:57:43,204] 173 root - INFO - Data transformation complete
[ 2026-05-26 16:57:43,204] 48 root - INFO - Started Regular Expression mapping
[ 2026-05-26 16:57:43,204] 173 root - INFO - Data transformation complete
[ 2026-05-26 16:57:43,204] 48 root - INFO - Started Regular Expression mapping
[ 2026-05-26 16:57:43,204] 24 root - INFO - Match heuristic business names to paybill payments
[ 2026-05-26 16:57:43,204] 173 root - INFO - Data transformation complete
[ 2026-05-26 16:57:43,204] 48 root - INFO - Started Regular Expression mapping
[ 2026-05-26 16:57:43,204] 173 root - INFO - Data transformation complete
[ 2026-05-26 16:57:43,204] 48 root - INFO - Started Regular Expression mapping
[ 2026-05-26 16:57:43,204] 173 root - INFO - Data transformation complete
[ 2026-05-26 16:57:43,204] 48 root - INFO - Started Regular Expression mapping
[ 2026-05-26 16:57:43,204] 173 root - INFO - Data transformation complete
[ 2026-05-26 16:57:43,204] 48 root - INFO - Started Regular Expression mapping
[ 2026-05-26 16:57:43,204] 173 root - INFO - Data transformation complete
[ 2026-05-26 16:57:43,204] 48 root - INFO - Started Regular Expression mapping
[ 2026-05-26 16:57:43,204] 173 root - INFO - Data transformation complete
[ 2026-05-26 16:57:43,204] 48 root - INFO - Started Regular Expression mapping
[ 2026-05-26 16:57:43,204] 173 root - INFO - Data transformation complete
[ 2026-05-26 16:57:43,204] 48 root - INFO - Started Regular Expression mapping
[ 2026-05-26 16:57:43,204] 173 root - INFO - Data transformation complete
[ 2026-05-26 16:57:43,210] 48 root - INFO - Started Regular Expression mapping
[ 2026-05-26 16:57:43,210] 173 root - INFO - Data transformation complete
[ 2026-05-26 16:57:43,210] 48 root - INFO - Started Regular Expression mapping
[ 2026-05-26 16:57:43,210] 173 root - INFO - Data transformation complete
[ 2026-05-26 16:57:43,210] 48 root - INFO - Started Regular Expression mapping
[ 2026-05-26 16:57:43,210] 173 root - INFO - Data transformation complete
[ 2026-05-26 16:57:43,210] 48 root - INFO - Started Regular Expression mapping
[ 2026-05-26 16:57:43,210] 173 root - INFO - Data transformation complete
[ 2026-05-26 16:57:43,210] 48 root - INFO - Started Regular Expression mapping
[ 2026-05-26 16:57:43,210] 173 root - INFO - Data transformation complete
[ 2026-05-26 16:57:43,210] 48 root - INFO - Started Regular Expression mapping
[ 2026-05-26 16:57:43,212] 173 root - INFO - Data transformation complete
[ 2026-05-26 16:57:43,212] 48 root - INFO - Started Regular Expression mapping
[ 2026-05-26 16:57:43,212] 173 root - INFO - Data transformation complete
[ 2026-05-26 16:57:43,212] 48 root - INFO - Started Regular Expression mapping
[ 2026-05-26 16:57:43,212] 173 root - INFO - Data transformation complete
[ 2026-05-26 16:57:43,212] 48 root - INFO - Started Regular Expression mapping
[ 2026-05-26 16:57:43,212] 173 root - INFO - Data transformation complete
[ 2026-05-26 16:57:43,212] 48 root - INFO - Started Regular Expression mapping
[ 2026-05-26 16:57:43,212] 173 root - INFO - Data transformation complete
[ 2026-05-26 16:57:43,212] 48 root - INFO - Started Regular Expression mapping
[ 2026-05-26 16:57:43,214] 173 root - INFO - Data transformation complete
[ 2026-05-26 16:57:43,214] 48 root - INFO - Started Regular Expression mapping
[ 2026-05-26 16:57:43,214] 173 root - INFO - Data transformation complete
[ 2026-05-26 16:57:43,214] 48 root - INFO - Started Regular Expression mapping
[ 2026-05-26 16:57:43,214] 24 root - INFO - Match heuristic business names to paybill payments
[ 2026-05-26 16:57:43,214] 173 root - INFO - Data transformation complete
[ 2026-05-26 16:57:43,214] 48 root - INFO - Started Regular Expression mapping
[ 2026-05-26 16:57:43,214] 173 root - INFO - Data transformation complete
[ 2026-05-26 16:57:43,214] 48 root - INFO - Started Regular Expression mapping
[ 2026-05-26 16:57:43,216] 24 root - INFO - Match heuristic business names to paybill payments
[ 2026-05-26 16:57:43,216] 173 root - INFO - Data transformation complete
[ 2026-05-26 16:57:43,216] 48 root - INFO - Started Regular Expression mapping
[ 2026-05-26 16:57:43,216] 173 root - INFO - Data transformation complete
[ 2026-05-26 16:57:43,216] 48 root - INFO - Started Regular Expression mapping
[ 2026-05-26 16:57:43,216] 173 root - INFO - Data transformation complete
[ 2026-05-26 16:57:43,216] 48 root - INFO - Started Regular Expression mapping
[ 2026-05-26 16:57:43,216] 173 root - INFO - Data transformation complete
[ 2026-05-26 16:57:43,216] 48 root - INFO - Started Regular Expression mapping
[ 2026-05-26 16:57:43,216] 173 root - INFO - Data transformation complete
[ 2026-05-26 16:57:43,216] 48 root - INFO - Started Regular Expression mapping
[ 2026-05-26 16:57:43,218] 173 root - INFO - Data transformation complete
[ 2026-05-26 16:57:43,218] 48 root - INFO - Started Regular Expression mapping
[ 2026-05-26 16:57:43,218] 24 root - INFO - Match heuristic business names to paybill payments
[ 2026-05-26 16:57:43,218] 173 root - INFO - Data transformation complete
[ 2026-05-26 16:57:43,218] 48 root - INFO - Started Regular Expression mapping
[ 2026-05-26 16:57:43,218] 173 root - INFO - Data transformation complete
[ 2026-05-26 16:57:43,218] 48 root - INFO - Started Regular Expression mapping
[ 2026-05-26 16:57:43,218] 173 root - INFO - Data transformation complete
[ 2026-05-26 16:57:43,218] 48 root - INFO - Started Regular Expression mapping
[ 2026-05-26 16:57:43,218] 173 root - INFO - Data transformation complete
[ 2026-05-26 16:57:43,218] 48 root - INFO - Started Regular Expression mapping
[ 2026-05-26 16:57:43,220] 173 root - INFO - Data transformation complete
[ 2026-05-26 16:57:43,220] 48 root - INFO - Started Regular Expression mapping
[ 2026-05-26 16:57:43,220] 24 root - INFO - Match heuristic business names to paybill payments
[ 2026-05-26 16:57:43,220] 173 root - INFO - Data transformation complete
[ 2026-05-26 16:57:43,220] 48 root - INFO - Started Regular Expression mapping
[ 2026-05-26 16:57:43,220] 173 root - INFO - Data transformation complete
[ 2026-05-26 16:57:43,220] 48 root - INFO - Started Regular Expression mapping
[ 2026-05-26 16:57:43,220] 173 root - INFO - Data transformation complete
[ 2026-05-26 16:57:43,220] 48 root - INFO - Started Regular Expression mapping
[ 2026-05-26 16:57:43,220] 173 root - INFO - Data transformation complete
[ 2026-05-26 16:57:43,220] 48 root - INFO - Started Regular Expression mapping
[ 2026-05-26 16:57:43,220] 173 root - INFO - Data transformation complete
[ 2026-05-26 16:57:43,220] 48 root - INFO - Started Regular Expression mapping
[ 2026-05-26 16:57:43,224] 173 root - INFO - Data transformation complete
[ 2026-05-26 16:57:43,224] 48 root - INFO - Started Regular Expression mapping
[ 2026-05-26 16:57:43,224] 24 root - INFO - Match heuristic business names to paybill payments
[ 2026-05-26 16:57:43,224] 173 root - INFO - Data transformation complete
[ 2026-05-26 16:57:43,224] 48 root - INFO - Started Regular Expression mapping
[ 2026-05-26 16:57:43,224] 173 root - INFO - Data transformation complete
[ 2026-05-26 16:57:43,224] 48 root - INFO - Started Regular Expression mapping
[ 2026-05-26 16:57:43,224] 173 root - INFO - Data transformation complete
[ 2026-05-26 16:57:43,224] 48 root - INFO - Started Regular Expression mapping
[ 2026-05-26 16:57:43,224] 173 root - INFO - Data transformation complete
[ 2026-05-26 16:57:43,224] 48 root - INFO - Started Regular Expression mapping
[ 2026-05-26 16:57:43,226] 173 root - INFO - Data transformation complete
[ 2026-05-26 16:57:43,226] 48 root - INFO - Started Regular Expression mapping
[ 2026-05-26 16:57:43,226] 173 root - INFO - Data transformation complete
[ 2026-05-26 16:57:43,226] 48 root - INFO - Started Regular Expression mapping
[ 2026-05-26 16:57:43,226] 173 root - INFO - Data transformation complete
[ 2026-05-26 16:57:43,226] 48 root - INFO - Started Regular Expression mapping
[ 2026-05-26 16:57:43,226] 173 root - INFO - Data transformation complete
[ 2026-05-26 16:57:43,226] 48 root - INFO - Started Regular Expression mapping
[ 2026-05-26 16:57:43,226] 173 root - INFO - Data transformation complete
[ 2026-05-26 16:57:43,226] 48 root - INFO - Started Regular Expression mapping
[ 2026-05-26 16:57:43,228] 173 root - INFO - Data transformation complete
[ 2026-05-26 16:57:43,228] 48 root - INFO - Started Regular Expression mapping
[ 2026-05-26 16:57:43,228] 173 root - INFO - Data transformation complete
[ 2026-05-26 16:57:43,228] 48 root - INFO - Started Regular Expression mapping
[ 2026-05-26 16:57:43,228] 24 root - INFO - Match heuristic business names to paybill payments
[ 2026-05-26 16:57:43,228] 173 root - INFO - Data transformation complete
[ 2026-05-26 16:57:43,228] 48 root - INFO - Started Regular Expression mapping
[ 2026-05-26 16:57:43,228] 173 root - INFO - Data transformation complete
[ 2026-05-26 16:57:43,228] 48 root - INFO - Started Regular Expression mapping
[ 2026-05-26 16:57:43,228] 173 root - INFO - Data transformation complete
[ 2026-05-26 16:57:43,228] 48 root - INFO - Started Regular Expression mapping
[ 2026-05-26 16:57:43,230] 173 root - INFO - Data transformation complete
[ 2026-05-26 16:57:43,230] 48 root - INFO - Started Regular Expression mapping
[ 2026-05-26 16:57:43,230] 173 root - INFO - Data transformation complete
[ 2026-05-26 16:57:43,230] 48 root - INFO - Started Regular Expression mapping
[ 2026-05-26 16:57:43,230] 173 root - INFO - Data transformation complete
[ 2026-05-26 16:57:43,230] 48 root - INFO - Started Regular Expression mapping
[ 2026-05-26 16:57:43,230] 173 root - INFO - Data transformation complete
[ 2026-05-26 16:57:43,230] 48 root - INFO - Started Regular Expression mapping
[ 2026-05-26 16:57:43,230] 24 root - INFO - Match heuristic business names to paybill payments
[ 2026-05-26 16:57:43,230] 173 root - INFO - Data transformation complete
[ 2026-05-26 16:57:43,232] 48 root - INFO - Started Regular Expression mapping
[ 2026-05-26 16:57:43,232] 173 root - INFO - Data transformation complete
[ 2026-05-26 16:57:43,232] 48 root - INFO - Started Regular Expression mapping
[ 2026-05-26 16:57:43,232] 173 root - INFO - Data transformation complete
[ 2026-05-26 16:57:43,232] 48 root - INFO - Started Regular Expression mapping
[ 2026-05-26 16:57:43,232] 173 root - INFO - Data transformation complete
[ 2026-05-26 16:57:43,232] 48 root - INFO - Started Regular Expression mapping
[ 2026-05-26 16:57:43,232] 173 root - INFO - Data transformation complete
[ 2026-05-26 16:57:43,232] 48 root - INFO - Started Regular Expression mapping
[ 2026-05-26 16:57:43,232] 173 root - INFO - Data transformation complete
[ 2026-05-26 16:57:43,232] 48 root - INFO - Started Regular Expression mapping
[ 2026-05-26 16:57:43,234] 173 root - INFO - Data transformation complete
[ 2026-05-26 16:57:43,234] 48 root - INFO - Started Regular Expression mapping
[ 2026-05-26 16:57:43,234] 173 root - INFO - Data transformation complete
[ 2026-05-26 16:57:43,234] 48 root - INFO - Started Regular Expression mapping
[ 2026-05-26 16:57:43,234] 173 root - INFO - Data transformation complete
[ 2026-05-26 16:57:43,234] 48 root - INFO - Started Regular Expression mapping
[ 2026-05-26 16:57:43,234] 173 root - INFO - Data transformation complete
[ 2026-05-26 16:57:43,234] 48 root - INFO - Started Regular Expression mapping
[ 2026-05-26 16:57:43,234] 173 root - INFO - Data transformation complete
[ 2026-05-26 16:57:43,234] 48 root - INFO - Started Regular Expression mapping
[ 2026-05-26 16:57:43,234] 173 root - INFO - Data transformation complete
[ 2026-05-26 16:57:43,234] 48 root - INFO - Started Regular Expression mapping
[ 2026-05-26 16:57:43,234] 24 root - INFO - Match heuristic business names to paybill payments
[ 2026-05-26 16:57:43,234] 173 root - INFO - Data transformation complete
[ 2026-05-26 16:57:43,234] 48 root - INFO - Started Regular Expression mapping
[ 2026-05-26 16:57:43,234] 173 root - INFO - Data transformation complete
[ 2026-05-26 16:57:43,234] 48 root - INFO - Started Regular Expression mapping
[ 2026-05-26 16:57:43,234] 173 root - INFO - Data transformation complete
[ 2026-05-26 16:57:43,234] 48 root - INFO - Started Regular Expression mapping
[ 2026-05-26 16:57:43,234] 173 root - INFO - Data transformation complete
[ 2026-05-26 16:57:43,234] 48 root - INFO - Started Regular Expression mapping
[ 2026-05-26 16:57:43,234] 173 root - INFO - Data transformation complete
[ 2026-05-26 16:57:43,234] 48 root - INFO - Started Regular Expression mapping
[ 2026-05-26 16:57:43,234] 173 root - INFO - Data transformation complete
[ 2026-05-26 16:57:43,234] 48 root - INFO - Started Regular Expression mapping
[ 2026-05-26 16:57:43,234] 173 root - INFO - Data transformation complete
[ 2026-05-26 16:57:43,234] 48 root - INFO - Started Regular Expression mapping
[ 2026-05-26 16:57:43,234] 173 root - INFO - Data transformation complete
[ 2026-05-26 16:57:43,234] 48 root - INFO - Started Regular Expression mapping
[ 2026-05-26 16:57:43,234] 173 root - INFO - Data transformation complete
[ 2026-05-26 16:57:43,234] 48 root - INFO - Started Regular Expression mapping
[ 2026-05-26 16:57:43,234] 173 root - INFO - Data transformation complete
[ 2026-05-26 16:57:43,234] 48 root - INFO - Started Regular Expression mapping
[ 2026-05-26 16:57:43,234] 173 root - INFO - Data transformation complete
[ 2026-05-26 16:57:43,234] 48 root - INFO - Started Regular Expression mapping
[ 2026-05-26 16:57:43,234] 173 root - INFO - Data transformation complete
[ 2026-05-26 16:57:43,234] 48 root - INFO - Started Regular Expression mapping
[ 2026-05-26 16:57:43,234] 173 root - INFO - Data transformation complete
[ 2026-05-26 16:57:43,234] 48 root - INFO - Started Regular Expression mapping
[ 2026-05-26 16:57:43,234] 173 root - INFO - Data transformation complete
[ 2026-05-26 16:57:43,234] 48 root - INFO - Started Regular Expression mapping
[ 2026-05-26 16:57:43,234] 173 root - INFO - Data transformation complete
[ 2026-05-26 16:57:43,234] 48 root - INFO - Started Regular Expression mapping
[ 2026-05-26 16:57:43,234] 173 root - INFO - Data transformation complete
[ 2026-05-26 16:57:43,234] 48 root - INFO - Started Regular Expression mapping
[ 2026-05-26 16:57:43,234] 173 root - INFO - Data transformation complete
[ 2026-05-26 16:57:43,234] 48 root - INFO - Started Regular Expression mapping
[ 2026-05-26 16:57:43,234] 173 root - INFO - Data transformation complete
[ 2026-05-26 16:57:43,234] 48 root - INFO - Started Regular Expression mapping
[ 2026-05-26 16:57:43,234] 173 root - INFO - Data transformation complete
[ 2026-05-26 16:57:43,234] 48 root - INFO - Started Regular Expression mapping
[ 2026-05-26 16:57:43,246] 173 root - INFO - Data transformation complete
[ 2026-05-26 16:57:43,246] 48 root - INFO - Started Regular Expression mapping
[ 2026-05-26 16:57:43,246] 173 root - INFO - Data transformation complete
[ 2026-05-26 16:57:43,246] 48 root - INFO - Started Regular Expression mapping
[ 2026-05-26 16:57:43,246] 173 root - INFO - Data transformation complete
[ 2026-05-26 16:57:43,246] 48 root - INFO - Started Regular Expression mapping
[ 2026-05-26 16:57:43,246] 173 root - INFO - Data transformation complete
[ 2026-05-26 16:57:43,246] 48 root - INFO - Started Regular Expression mapping
[ 2026-05-26 16:57:43,246] 173 root - INFO - Data transformation complete
[ 2026-05-26 16:57:43,246] 48 root - INFO - Started Regular Expression mapping
[ 2026-05-26 16:57:43,246] 173 root - INFO - Data transformation complete
[ 2026-05-26 16:57:43,246] 48 root - INFO - Started Regular Expression mapping
[ 2026-05-26 16:57:43,246] 173 root - INFO - Data transformation complete
[ 2026-05-26 16:57:43,246] 48 root - INFO - Started Regular Expression mapping
[ 2026-05-26 16:57:43,246] 173 root - INFO - Data transformation complete
[ 2026-05-26 16:57:43,246] 48 root - INFO - Started Regular Expression mapping
[ 2026-05-26 16:57:43,246] 173 root - INFO - Data transformation complete
[ 2026-05-26 16:57:43,246] 48 root - INFO - Started Regular Expression mapping
[ 2026-05-26 16:57:43,246] 173 root - INFO - Data transformation complete
[ 2026-05-26 16:57:43,246] 48 root - INFO - Started Regular Expression mapping
[ 2026-05-26 16:57:43,246] 173 root - INFO - Data transformation complete
[ 2026-05-26 16:57:43,246] 48 root - INFO - Started Regular Expression mapping
[ 2026-05-26 16:57:43,246] 173 root - INFO - Data transformation complete
[ 2026-05-26 16:57:43,246] 48 root - INFO - Started Regular Expression mapping
[ 2026-05-26 16:57:43,246] 173 root - INFO - Data transformation complete
[ 2026-05-26 16:57:43,246] 48 root - INFO - Started Regular Expression mapping
[ 2026-05-26 16:57:43,246] 173 root - INFO - Data transformation complete
[ 2026-05-26 16:57:43,246] 48 root - INFO - Started Regular Expression mapping
[ 2026-05-26 16:57:43,246] 173 root - INFO - Data transformation complete
[ 2026-05-26 16:57:43,246] 48 root - INFO - Started Regular Expression mapping
[ 2026-05-26 16:57:43,246] 173 root - INFO - Data transformation complete
[ 2026-05-26 16:57:43,246] 48 root - INFO - Started Regular Expression mapping
[ 2026-05-26 16:57:43,246] 173 root - INFO - Data transformation complete
[ 2026-05-26 16:57:43,246] 48 root - INFO - Started Regular Expression mapping
[ 2026-05-26 16:57:43,246] 173 root - INFO - Data transformation complete
[ 2026-05-26 16:57:43,246] 48 root - INFO - Started Regular Expression mapping
[ 2026-05-26 16:57:43,246] 173 root - INFO - Data transformation complete
[ 2026-05-26 16:57:43,246] 48 root - INFO - Started Regular Expression mapping
[ 2026-05-26 16:57:43,246] 173 root - INFO - Data transformation complete
[ 2026-05-26 16:57:43,246] 48 root - INFO - Started Regular Expression mapping
[ 2026-05-26 16:57:43,246] 173 root - INFO - Data transformation complete
[ 2026-05-26 16:57:43,246] 48 root - INFO - Started Regular Expression mapping
[ 2026-05-26 16:57:43,246] 173 root - INFO - Data transformation complete
[ 2026-05-26 16:57:43,246] 48 root - INFO - Started Regular Expression mapping
[ 2026-05-26 16:57:43,246] 24 root - INFO - Match heuristic business names to paybill payments
[ 2026-05-26 16:57:43,246] 173 root - INFO - Data transformation complete
[ 2026-05-26 16:57:43,246] 48 root - INFO - Started Regular Expression mapping
[ 2026-05-26 16:57:43,246] 173 root - INFO - Data transformation complete
[ 2026-05-26 16:57:43,246] 48 root - INFO - Started Regular Expression mapping
[ 2026-05-26 16:57:43,246] 24 root - INFO - Match heuristic business names to paybill payments
[ 2026-05-26 16:57:43,246] 173 root - INFO - Data transformation complete
[ 2026-05-26 16:57:43,246] 48 root - INFO - Started Regular Expression mapping
[ 2026-05-26 16:57:43,246] 173 root - INFO - Data transformation complete
[ 2026-05-26 16:57:43,246] 48 root - INFO - Started Regular Expression mapping
[ 2026-05-26 16:57:43,246] 173 root - INFO - Data transformation complete
[ 2026-05-26 16:57:43,246] 48 root - INFO - Started Regular Expression mapping
[ 2026-05-26 16:57:43,246] 173 root - INFO - Data transformation complete
[ 2026-05-26 16:57:43,246] 48 root - INFO - Started Regular Expression mapping
[ 2026-05-26 16:57:43,246] 24 root - INFO - Match heuristic business names to paybill payments
[ 2026-05-26 16:57:43,246] 173 root - INFO - Data transformation complete
[ 2026-05-26 16:57:43,246] 48 root - INFO - Started Regular Expression mapping
[ 2026-05-26 16:57:43,246] 24 root - INFO - Match heuristic business names to paybill payments
[ 2026-05-26 16:57:43,246] 173 root - INFO - Data transformation complete
[ 2026-05-26 16:57:43,246] 48 root - INFO - Started Regular Expression mapping
[ 2026-05-26 16:57:43,246] 173 root - INFO - Data transformation complete
[ 2026-05-26 16:57:43,246] 48 root - INFO - Started Regular Expression mapping
[ 2026-05-26 16:57:43,246] 173 root - INFO - Data transformation complete
[ 2026-05-26 16:57:43,246] 48 root - INFO - Started Regular Expression mapping
[ 2026-05-26 16:57:43,246] 173 root - INFO - Data transformation complete
[ 2026-05-26 16:57:43,246] 48 root - INFO - Started Regular Expression mapping
[ 2026-05-26 16:57:43,246] 173 root - INFO - Data transformation complete
[ 2026-05-26 16:57:43,246] 48 root - INFO - Started Regular Expression mapping
[ 2026-05-26 16:57:43,246] 173 root - INFO - Data transformation complete
[ 2026-05-26 16:57:43,246] 48 root - INFO - Started Regular Expression mapping
[ 2026-05-26 16:57:43,246] 173 root - INFO - Data transformation complete
[ 2026-05-26 16:57:43,246] 48 root - INFO - Started Regular Expression mapping
[ 2026-05-26 16:57:43,246] 173 root - INFO - Data transformation complete
[ 2026-05-26 16:57:43,246] 48 root - INFO - Started Regular Expression mapping
[ 2026-05-26 16:57:43,246] 173 root - INFO - Data transformation complete
[ 2026-05-26 16:57:43,246] 48 root - INFO - Started Regular Expression mapping
[ 2026-05-26 16:57:43,261] 173 root - INFO - Data transformation complete
[ 2026-05-26 16:57:43,261] 48 root - INFO - Started Regular Expression mapping
[ 2026-05-26 16:57:43,261] 173 root - INFO - Data transformation complete
[ 2026-05-26 16:57:43,261] 48 root - INFO - Started Regular Expression mapping
[ 2026-05-26 16:57:43,261] 173 root - INFO - Data transformation complete
[ 2026-05-26 16:57:43,261] 48 root - INFO - Started Regular Expression mapping
[ 2026-05-26 16:57:43,261] 173 root - INFO - Data transformation complete
[ 2026-05-26 16:57:43,261] 48 root - INFO - Started Regular Expression mapping
[ 2026-05-26 16:57:43,261] 173 root - INFO - Data transformation complete
[ 2026-05-26 16:57:43,261] 48 root - INFO - Started Regular Expression mapping
[ 2026-05-26 16:57:43,261] 173 root - INFO - Data transformation complete
[ 2026-05-26 16:57:43,261] 48 root - INFO - Started Regular Expression mapping
[ 2026-05-26 16:57:43,261] 173 root - INFO - Data transformation complete
[ 2026-05-26 16:57:43,261] 48 root - INFO - Started Regular Expression mapping
[ 2026-05-26 16:57:43,261] 173 root - INFO - Data transformation complete
[ 2026-05-26 16:57:43,261] 48 root - INFO - Started Regular Expression mapping
[ 2026-05-26 16:57:43,261] 173 root - INFO - Data transformation complete
[ 2026-05-26 16:57:43,261] 48 root - INFO - Started Regular Expression mapping
[ 2026-05-26 16:57:43,261] 173 root - INFO - Data transformation complete
[ 2026-05-26 16:57:43,261] 48 root - INFO - Started Regular Expression mapping
[ 2026-05-26 16:57:43,261] 173 root - INFO - Data transformation complete
[ 2026-05-26 16:57:43,261] 48 root - INFO - Started Regular Expression mapping
[ 2026-05-26 16:57:43,261] 24 root - INFO - Match heuristic business names to paybill payments
[ 2026-05-26 16:57:43,261] 173 root - INFO - Data transformation complete
[ 2026-05-26 16:57:43,261] 48 root - INFO - Started Regular Expression mapping
[ 2026-05-26 16:57:43,261] 24 root - INFO - Match heuristic business names to paybill payments
[ 2026-05-26 16:57:43,261] 173 root - INFO - Data transformation complete
[ 2026-05-26 16:57:43,261] 48 root - INFO - Started Regular Expression mapping
[ 2026-05-26 16:57:43,261] 173 root - INFO - Data transformation complete
[ 2026-05-26 16:57:43,261] 48 root - INFO - Started Regular Expression mapping
[ 2026-05-26 16:57:43,261] 173 root - INFO - Data transformation complete
[ 2026-05-26 16:57:43,261] 48 root - INFO - Started Regular Expression mapping
[ 2026-05-26 16:57:43,261] 173 root - INFO - Data transformation complete
[ 2026-05-26 16:57:43,261] 48 root - INFO - Started Regular Expression mapping
[ 2026-05-26 16:57:43,261] 173 root - INFO - Data transformation complete
[ 2026-05-26 16:57:43,261] 48 root - INFO - Started Regular Expression mapping
[ 2026-05-26 16:57:43,261] 173 root - INFO - Data transformation complete
[ 2026-05-26 16:57:43,261] 48 root - INFO - Started Regular Expression mapping
[ 2026-05-26 16:57:43,261] 173 root - INFO - Data transformation complete
[ 2026-05-26 16:57:43,261] 48 root - INFO - Started Regular Expression mapping
[ 2026-05-26 16:57:43,261] 173 root - INFO - Data transformation complete
[ 2026-05-26 16:57:43,261] 48 root - INFO - Started Regular Expression mapping
[ 2026-05-26 16:57:43,261] 173 root - INFO - Data transformation complete
[ 2026-05-26 16:57:43,261] 48 root - INFO - Started Regular Expression mapping
[ 2026-05-26 16:57:43,261] 173 root - INFO - Data transformation complete
[ 2026-05-26 16:57:43,261] 48 root - INFO - Started Regular Expression mapping
[ 2026-05-26 16:57:43,261] 173 root - INFO - Data transformation complete
[ 2026-05-26 16:57:43,261] 48 root - INFO - Started Regular Expression mapping
[ 2026-05-26 16:57:43,261] 173 root - INFO - Data transformation complete
[ 2026-05-26 16:57:43,261] 48 root - INFO - Started Regular Expression mapping
[ 2026-05-26 16:57:43,261] 173 root - INFO - Data transformation complete
[ 2026-05-26 16:57:43,261] 48 root - INFO - Started Regular Expression mapping
[ 2026-05-26 16:57:43,261] 173 root - INFO - Data transformation complete
[ 2026-05-26 16:57:43,261] 48 root - INFO - Started Regular Expression mapping
[ 2026-05-26 16:57:43,261] 173 root - INFO - Data transformation complete
[ 2026-05-26 16:57:43,261] 48 root - INFO - Started Regular Expression mapping
[ 2026-05-26 16:57:43,261] 173 root - INFO - Data transformation complete
[ 2026-05-26 16:57:43,261] 48 root - INFO - Started Regular Expression mapping
[ 2026-05-26 16:57:43,261] 173 root - INFO - Data transformation complete
[ 2026-05-26 16:57:43,261] 48 root - INFO - Started Regular Expression mapping
[ 2026-05-26 16:57:43,261] 173 root - INFO - Data transformation complete
[ 2026-05-26 16:57:43,261] 48 root - INFO - Started Regular Expression mapping
[ 2026-05-26 16:57:43,261] 173 root - INFO - Data transformation complete
[ 2026-05-26 16:57:43,261] 48 root - INFO - Started Regular Expression mapping
[ 2026-05-26 16:57:43,261] 173 root - INFO - Data transformation complete
[ 2026-05-26 16:57:43,261] 48 root - INFO - Started Regular Expression mapping
[ 2026-05-26 16:57:43,261] 173 root - INFO - Data transformation complete
[ 2026-05-26 16:57:43,261] 48 root - INFO - Started Regular Expression mapping
[ 2026-05-26 16:57:43,261] 173 root - INFO - Data transformation complete
[ 2026-05-26 16:57:43,261] 48 root - INFO - Started Regular Expression mapping
[ 2026-05-26 16:57:43,261] 173 root - INFO - Data transformation complete
[ 2026-05-26 16:57:43,261] 48 root - INFO - Started Regular Expression mapping
[ 2026-05-26 16:57:43,261] 173 root - INFO - Data transformation complete
[ 2026-05-26 16:57:43,261] 48 root - INFO - Started Regular Expression mapping
[ 2026-05-26 16:57:43,261] 173 root - INFO - Data transformation complete
[ 2026-05-26 16:57:43,261] 48 root - INFO - Started Regular Expression mapping
[ 2026-05-26 16:57:43,277] 173 root - INFO - Data transformation complete
[ 2026-05-26 16:57:43,277] 48 root - INFO - Started Regular Expression mapping
[ 2026-05-26 16:57:43,277] 24 root - INFO - Match heuristic business names to paybill payments
[ 2026-05-26 16:57:43,277] 173 root - INFO - Data transformation complete
[ 2026-05-26 16:57:43,277] 48 root - INFO - Started Regular Expression mapping
[ 2026-05-26 16:57:43,277] 173 root - INFO - Data transformation complete
[ 2026-05-26 16:57:43,277] 48 root - INFO - Started Regular Expression mapping
[ 2026-05-26 16:57:43,277] 24 root - INFO - Match heuristic business names to paybill payments
[ 2026-05-26 16:57:43,277] 173 root - INFO - Data transformation complete
[ 2026-05-26 16:57:43,277] 48 root - INFO - Started Regular Expression mapping
[ 2026-05-26 16:57:43,277] 173 root - INFO - Data transformation complete
[ 2026-05-26 16:57:43,277] 48 root - INFO - Started Regular Expression mapping
[ 2026-05-26 16:57:43,277] 173 root - INFO - Data transformation complete
[ 2026-05-26 16:57:43,277] 48 root - INFO - Started Regular Expression mapping
[ 2026-05-26 16:57:43,277] 173 root - INFO - Data transformation complete
[ 2026-05-26 16:57:43,277] 48 root - INFO - Started Regular Expression mapping
[ 2026-05-26 16:57:43,277] 173 root - INFO - Data transformation complete
[ 2026-05-26 16:57:43,277] 48 root - INFO - Started Regular Expression mapping
[ 2026-05-26 16:57:43,277] 173 root - INFO - Data transformation complete
[ 2026-05-26 16:57:43,277] 48 root - INFO - Started Regular Expression mapping
[ 2026-05-26 16:57:43,277] 24 root - INFO - Match heuristic business names to paybill payments
[ 2026-05-26 16:57:43,277] 173 root - INFO - Data transformation complete
[ 2026-05-26 16:57:43,277] 48 root - INFO - Started Regular Expression mapping
[ 2026-05-26 16:57:43,277] 173 root - INFO - Data transformation complete
[ 2026-05-26 16:57:43,277] 48 root - INFO - Started Regular Expression mapping
[ 2026-05-26 16:57:43,277] 173 root - INFO - Data transformation complete
[ 2026-05-26 16:57:43,277] 48 root - INFO - Started Regular Expression mapping
[ 2026-05-26 16:57:43,277] 173 root - INFO - Data transformation complete
[ 2026-05-26 16:57:43,277] 48 root - INFO - Started Regular Expression mapping
[ 2026-05-26 16:57:43,277] 173 root - INFO - Data transformation complete
[ 2026-05-26 16:57:43,277] 48 root - INFO - Started Regular Expression mapping
[ 2026-05-26 16:57:43,277] 173 root - INFO - Data transformation complete
[ 2026-05-26 16:57:43,277] 48 root - INFO - Started Regular Expression mapping
[ 2026-05-26 16:57:43,277] 173 root - INFO - Data transformation complete
[ 2026-05-26 16:57:43,277] 48 root - INFO - Started Regular Expression mapping
[ 2026-05-26 16:57:43,277] 173 root - INFO - Data transformation complete
[ 2026-05-26 16:57:43,277] 48 root - INFO - Started Regular Expression mapping
[ 2026-05-26 16:57:43,277] 173 root - INFO - Data transformation complete
[ 2026-05-26 16:57:43,277] 48 root - INFO - Started Regular Expression mapping
[ 2026-05-26 16:57:43,277] 24 root - INFO - Match heuristic business names to paybill payments
[ 2026-05-26 16:57:43,277] 173 root - INFO - Data transformation complete
[ 2026-05-26 16:57:43,277] 48 root - INFO - Started Regular Expression mapping
[ 2026-05-26 16:57:43,277] 173 root - INFO - Data transformation complete
[ 2026-05-26 16:57:43,277] 48 root - INFO - Started Regular Expression mapping
[ 2026-05-26 16:57:43,277] 173 root - INFO - Data transformation complete
[ 2026-05-26 16:57:43,277] 48 root - INFO - Started Regular Expression mapping
[ 2026-05-26 16:57:43,277] 173 root - INFO - Data transformation complete
[ 2026-05-26 16:57:43,277] 48 root - INFO - Started Regular Expression mapping
[ 2026-05-26 16:57:43,277] 173 root - INFO - Data transformation complete
[ 2026-05-26 16:57:43,277] 48 root - INFO - Started Regular Expression mapping
[ 2026-05-26 16:57:43,277] 173 root - INFO - Data transformation complete
[ 2026-05-26 16:57:43,277] 48 root - INFO - Started Regular Expression mapping
[ 2026-05-26 16:57:43,277] 173 root - INFO - Data transformation complete
[ 2026-05-26 16:57:43,277] 48 root - INFO - Started Regular Expression mapping
[ 2026-05-26 16:57:43,277] 173 root - INFO - Data transformation complete
[ 2026-05-26 16:57:43,277] 48 root - INFO - Started Regular Expression mapping
[ 2026-05-26 16:57:43,277] 173 root - INFO - Data transformation complete
[ 2026-05-26 16:57:43,277] 48 root - INFO - Started Regular Expression mapping
[ 2026-05-26 16:57:43,289] 24 root - INFO - Match heuristic business names to paybill payments
[ 2026-05-26 16:57:43,289] 173 root - INFO - Data transformation complete
[ 2026-05-26 16:57:43,289] 48 root - INFO - Started Regular Expression mapping
[ 2026-05-26 16:57:43,289] 173 root - INFO - Data transformation complete
[ 2026-05-26 16:57:43,289] 48 root - INFO - Started Regular Expression mapping
[ 2026-05-26 16:57:43,289] 173 root - INFO - Data transformation complete
[ 2026-05-26 16:57:43,289] 48 root - INFO - Started Regular Expression mapping
[ 2026-05-26 16:57:43,289] 173 root - INFO - Data transformation complete
[ 2026-05-26 16:57:43,289] 48 root - INFO - Started Regular Expression mapping
[ 2026-05-26 16:57:43,289] 173 root - INFO - Data transformation complete
[ 2026-05-26 16:57:43,289] 48 root - INFO - Started Regular Expression mapping
[ 2026-05-26 16:57:43,289] 173 root - INFO - Data transformation complete
[ 2026-05-26 16:57:43,289] 48 root - INFO - Started Regular Expression mapping
[ 2026-05-26 16:57:43,289] 173 root - INFO - Data transformation complete
[ 2026-05-26 16:57:43,289] 48 root - INFO - Started Regular Expression mapping
[ 2026-05-26 16:57:43,289] 173 root - INFO - Data transformation complete
[ 2026-05-26 16:57:43,289] 48 root - INFO - Started Regular Expression mapping
[ 2026-05-26 16:57:43,289] 173 root - INFO - Data transformation complete
[ 2026-05-26 16:57:43,289] 48 root - INFO - Started Regular Expression mapping
[ 2026-05-26 16:57:43,289] 24 root - INFO - Match heuristic business names to paybill payments
[ 2026-05-26 16:57:43,293] 173 root - INFO - Data transformation complete
[ 2026-05-26 16:57:43,293] 48 root - INFO - Started Regular Expression mapping
[ 2026-05-26 16:57:43,293] 173 root - INFO - Data transformation complete
[ 2026-05-26 16:57:43,293] 48 root - INFO - Started Regular Expression mapping
[ 2026-05-26 16:57:43,293] 173 root - INFO - Data transformation complete
[ 2026-05-26 16:57:43,293] 48 root - INFO - Started Regular Expression mapping
[ 2026-05-26 16:57:43,293] 173 root - INFO - Data transformation complete
[ 2026-05-26 16:57:43,293] 48 root - INFO - Started Regular Expression mapping
[ 2026-05-26 16:57:43,293] 173 root - INFO - Data transformation complete
[ 2026-05-26 16:57:43,293] 48 root - INFO - Started Regular Expression mapping
[ 2026-05-26 16:57:43,293] 173 root - INFO - Data transformation complete
[ 2026-05-26 16:57:43,293] 48 root - INFO - Started Regular Expression mapping
[ 2026-05-26 16:57:43,293] 173 root - INFO - Data transformation complete
[ 2026-05-26 16:57:43,293] 48 root - INFO - Started Regular Expression mapping
[ 2026-05-26 16:57:43,293] 173 root - INFO - Data transformation complete
[ 2026-05-26 16:57:43,293] 48 root - INFO - Started Regular Expression mapping
[ 2026-05-26 16:57:43,293] 173 root - INFO - Data transformation complete
[ 2026-05-26 16:57:43,293] 48 root - INFO - Started Regular Expression mapping
[ 2026-05-26 16:57:43,293] 173 root - INFO - Data transformation complete
[ 2026-05-26 16:57:43,293] 48 root - INFO - Started Regular Expression mapping
[ 2026-05-26 16:57:43,293] 173 root - INFO - Data transformation complete
[ 2026-05-26 16:57:43,293] 48 root - INFO - Started Regular Expression mapping
[ 2026-05-26 16:57:43,293] 173 root - INFO - Data transformation complete
[ 2026-05-26 16:57:43,293] 48 root - INFO - Started Regular Expression mapping
[ 2026-05-26 16:57:43,293] 173 root - INFO - Data transformation complete
[ 2026-05-26 16:57:43,293] 48 root - INFO - Started Regular Expression mapping
[ 2026-05-26 16:57:43,293] 173 root - INFO - Data transformation complete
[ 2026-05-26 16:57:43,293] 48 root - INFO - Started Regular Expression mapping
[ 2026-05-26 16:57:43,293] 173 root - INFO - Data transformation complete
[ 2026-05-26 16:57:43,293] 48 root - INFO - Started Regular Expression mapping
[ 2026-05-26 16:57:43,293] 173 root - INFO - Data transformation complete
[ 2026-05-26 16:57:43,293] 48 root - INFO - Started Regular Expression mapping
[ 2026-05-26 16:57:43,293] 173 root - INFO - Data transformation complete
[ 2026-05-26 16:57:43,293] 48 root - INFO - Started Regular Expression mapping
[ 2026-05-26 16:57:43,293] 173 root - INFO - Data transformation complete
[ 2026-05-26 16:57:43,293] 48 root - INFO - Started Regular Expression mapping
[ 2026-05-26 16:57:43,293] 173 root - INFO - Data transformation complete
[ 2026-05-26 16:57:43,293] 48 root - INFO - Started Regular Expression mapping
[ 2026-05-26 16:57:43,293] 173 root - INFO - Data transformation complete
[ 2026-05-26 16:57:43,293] 48 root - INFO - Started Regular Expression mapping
[ 2026-05-26 16:57:43,293] 173 root - INFO - Data transformation complete
[ 2026-05-26 16:57:43,293] 48 root - INFO - Started Regular Expression mapping
[ 2026-05-26 16:57:43,293] 24 root - INFO - Match heuristic business names to paybill payments
[ 2026-05-26 16:57:43,293] 173 root - INFO - Data transformation complete
[ 2026-05-26 16:57:43,293] 48 root - INFO - Started Regular Expression mapping
[ 2026-05-26 16:57:43,293] 173 root - INFO - Data transformation complete
[ 2026-05-26 16:57:43,293] 48 root - INFO - Started Regular Expression mapping
[ 2026-05-26 16:57:43,293] 173 root - INFO - Data transformation complete
[ 2026-05-26 16:57:43,293] 48 root - INFO - Started Regular Expression mapping
[ 2026-05-26 16:57:43,293] 173 root - INFO - Data transformation complete
[ 2026-05-26 16:57:43,293] 48 root - INFO - Started Regular Expression mapping
[ 2026-05-26 16:57:43,293] 173 root - INFO - Data transformation complete
[ 2026-05-26 16:57:43,293] 48 root - INFO - Started Regular Expression mapping
[ 2026-05-26 16:57:43,293] 173 root - INFO - Data transformation complete
[ 2026-05-26 16:57:43,293] 48 root - INFO - Started Regular Expression mapping
[ 2026-05-26 16:57:43,293] 173 root - INFO - Data transformation complete
[ 2026-05-26 16:57:43,293] 48 root - INFO - Started Regular Expression mapping
[ 2026-05-26 16:57:43,293] 173 root - INFO - Data transformation complete
[ 2026-05-26 16:57:43,293] 48 root - INFO - Started Regular Expression mapping
[ 2026-05-26 16:57:43,293] 173 root - INFO - Data transformation complete
[ 2026-05-26 16:57:43,293] 48 root - INFO - Started Regular Expression mapping
[ 2026-05-26 16:57:43,293] 24 root - INFO - Match heuristic business names to paybill payments
[ 2026-05-26 16:57:43,293] 173 root - INFO - Data transformation complete
[ 2026-05-26 16:57:43,293] 48 root - INFO - Started Regular Expression mapping
[ 2026-05-26 16:57:43,293] 173 root - INFO - Data transformation complete
[ 2026-05-26 16:57:43,293] 48 root - INFO - Started Regular Expression mapping
[ 2026-05-26 16:57:43,293] 173 root - INFO - Data transformation complete
[ 2026-05-26 16:57:43,293] 48 root - INFO - Started Regular Expression mapping
[ 2026-05-26 16:57:43,293] 173 root - INFO - Data transformation complete
[ 2026-05-26 16:57:43,293] 48 root - INFO - Started Regular Expression mapping
[ 2026-05-26 16:57:43,293] 173 root - INFO - Data transformation complete
[ 2026-05-26 16:57:43,293] 48 root - INFO - Started Regular Expression mapping
[ 2026-05-26 16:57:43,293] 173 root - INFO - Data transformation complete
[ 2026-05-26 16:57:43,293] 48 root - INFO - Started Regular Expression mapping
[ 2026-05-26 16:57:43,309] 173 root - INFO - Data transformation complete
[ 2026-05-26 16:57:43,309] 48 root - INFO - Started Regular Expression mapping
[ 2026-05-26 16:57:43,309] 173 root - INFO - Data transformation complete
[ 2026-05-26 16:57:43,309] 48 root - INFO - Started Regular Expression mapping
[ 2026-05-26 16:57:43,309] 173 root - INFO - Data transformation complete
[ 2026-05-26 16:57:43,309] 48 root - INFO - Started Regular Expression mapping
[ 2026-05-26 16:57:43,309] 173 root - INFO - Data transformation complete
[ 2026-05-26 16:57:43,310] 48 root - INFO - Started Regular Expression mapping
[ 2026-05-26 16:57:43,310] 173 root - INFO - Data transformation complete
[ 2026-05-26 16:57:43,310] 48 root - INFO - Started Regular Expression mapping
[ 2026-05-26 16:57:43,310] 173 root - INFO - Data transformation complete
[ 2026-05-26 16:57:43,310] 48 root - INFO - Started Regular Expression mapping
[ 2026-05-26 16:57:43,310] 173 root - INFO - Data transformation complete
[ 2026-05-26 16:57:43,310] 48 root - INFO - Started Regular Expression mapping
[ 2026-05-26 16:57:43,310] 173 root - INFO - Data transformation complete
[ 2026-05-26 16:57:43,310] 48 root - INFO - Started Regular Expression mapping
[ 2026-05-26 16:57:43,310] 173 root - INFO - Data transformation complete
[ 2026-05-26 16:57:43,310] 48 root - INFO - Started Regular Expression mapping
[ 2026-05-26 16:57:43,310] 173 root - INFO - Data transformation complete
[ 2026-05-26 16:57:43,310] 48 root - INFO - Started Regular Expression mapping
[ 2026-05-26 16:57:43,310] 173 root - INFO - Data transformation complete
[ 2026-05-26 16:57:43,310] 48 root - INFO - Started Regular Expression mapping
[ 2026-05-26 16:57:43,310] 173 root - INFO - Data transformation complete
[ 2026-05-26 16:57:43,310] 48 root - INFO - Started Regular Expression mapping
[ 2026-05-26 16:57:43,310] 173 root - INFO - Data transformation complete
[ 2026-05-26 16:57:43,310] 48 root - INFO - Started Regular Expression mapping
[ 2026-05-26 16:57:43,310] 173 root - INFO - Data transformation complete
[ 2026-05-26 16:57:43,310] 48 root - INFO - Started Regular Expression mapping
[ 2026-05-26 16:57:43,310] 24 root - INFO - Match heuristic business names to paybill payments
[ 2026-05-26 16:57:43,310] 173 root - INFO - Data transformation complete
[ 2026-05-26 16:57:43,310] 48 root - INFO - Started Regular Expression mapping
[ 2026-05-26 16:57:43,310] 173 root - INFO - Data transformation complete
[ 2026-05-26 16:57:43,310] 48 root - INFO - Started Regular Expression mapping
[ 2026-05-26 16:57:43,310] 173 root - INFO - Data transformation complete
[ 2026-05-26 16:57:43,310] 48 root - INFO - Started Regular Expression mapping
[ 2026-05-26 16:57:43,310] 173 root - INFO - Data transformation complete
[ 2026-05-26 16:57:43,310] 48 root - INFO - Started Regular Expression mapping
[ 2026-05-26 16:57:43,310] 173 root - INFO - Data transformation complete
[ 2026-05-26 16:57:43,310] 48 root - INFO - Started Regular Expression mapping
[ 2026-05-26 16:57:43,310] 173 root - INFO - Data transformation complete
[ 2026-05-26 16:57:43,310] 48 root - INFO - Started Regular Expression mapping
[ 2026-05-26 16:57:43,310] 173 root - INFO - Data transformation complete
[ 2026-05-26 16:57:43,310] 48 root - INFO - Started Regular Expression mapping
[ 2026-05-26 16:57:43,310] 173 root - INFO - Data transformation complete
[ 2026-05-26 16:57:43,310] 48 root - INFO - Started Regular Expression mapping
[ 2026-05-26 16:57:43,310] 173 root - INFO - Data transformation complete
[ 2026-05-26 16:57:43,310] 48 root - INFO - Started Regular Expression mapping
[ 2026-05-26 16:57:43,310] 173 root - INFO - Data transformation complete
[ 2026-05-26 16:57:43,310] 48 root - INFO - Started Regular Expression mapping
[ 2026-05-26 16:57:43,310] 173 root - INFO - Data transformation complete
[ 2026-05-26 16:57:43,310] 48 root - INFO - Started Regular Expression mapping
[ 2026-05-26 16:57:43,310] 173 root - INFO - Data transformation complete
[ 2026-05-26 16:57:43,310] 48 root - INFO - Started Regular Expression mapping
[ 2026-05-26 16:57:43,310] 173 root - INFO - Data transformation complete
[ 2026-05-26 16:57:43,310] 48 root - INFO - Started Regular Expression mapping
[ 2026-05-26 16:57:43,310] 173 root - INFO - Data transformation complete
[ 2026-05-26 16:57:43,310] 48 root - INFO - Started Regular Expression mapping
[ 2026-05-26 16:57:43,310] 173 root - INFO - Data transformation complete
[ 2026-05-26 16:57:43,310] 48 root - INFO - Started Regular Expression mapping
[ 2026-05-26 16:57:43,310] 173 root - INFO - Data transformation complete
[ 2026-05-26 16:57:43,310] 48 root - INFO - Started Regular Expression mapping
[ 2026-05-26 16:57:43,310] 173 root - INFO - Data transformation complete
[ 2026-05-26 16:57:43,310] 48 root - INFO - Started Regular Expression mapping
[ 2026-05-26 16:57:43,310] 24 root - INFO - Match heuristic business names to paybill payments
[ 2026-05-26 16:57:43,310] 173 root - INFO - Data transformation complete
[ 2026-05-26 16:57:43,310] 48 root - INFO - Started Regular Expression mapping
[ 2026-05-26 16:57:43,310] 173 root - INFO - Data transformation complete
[ 2026-05-26 16:57:43,310] 48 root - INFO - Started Regular Expression mapping
[ 2026-05-26 16:57:43,310] 173 root - INFO - Data transformation complete
[ 2026-05-26 16:57:43,310] 48 root - INFO - Started Regular Expression mapping
[ 2026-05-26 16:57:43,310] 173 root - INFO - Data transformation complete
[ 2026-05-26 16:57:43,310] 48 root - INFO - Started Regular Expression mapping
[ 2026-05-26 16:57:43,310] 173 root - INFO - Data transformation complete
[ 2026-05-26 16:57:43,310] 48 root - INFO - Started Regular Expression mapping
[ 2026-05-26 16:57:43,310] 173 root - INFO - Data transformation complete
[ 2026-05-26 16:57:43,310] 48 root - INFO - Started Regular Expression mapping
[ 2026-05-26 16:57:43,324] 173 root - INFO - Data transformation complete
[ 2026-05-26 16:57:43,324] 48 root - INFO - Started Regular Expression mapping
[ 2026-05-26 16:57:43,324] 173 root - INFO - Data transformation complete
[ 2026-05-26 16:57:43,324] 48 root - INFO - Started Regular Expression mapping
[ 2026-05-26 16:57:43,324] 173 root - INFO - Data transformation complete
[ 2026-05-26 16:57:43,324] 48 root - INFO - Started Regular Expression mapping
[ 2026-05-26 16:57:43,324] 24 root - INFO - Match heuristic business names to paybill payments
[ 2026-05-26 16:57:43,324] 173 root - INFO - Data transformation complete
[ 2026-05-26 16:57:43,324] 48 root - INFO - Started Regular Expression mapping
[ 2026-05-26 16:57:43,324] 173 root - INFO - Data transformation complete
[ 2026-05-26 16:57:43,324] 48 root - INFO - Started Regular Expression mapping
[ 2026-05-26 16:57:43,324] 173 root - INFO - Data transformation complete
[ 2026-05-26 16:57:43,324] 48 root - INFO - Started Regular Expression mapping
[ 2026-05-26 16:57:43,324] 173 root - INFO - Data transformation complete
[ 2026-05-26 16:57:43,324] 48 root - INFO - Started Regular Expression mapping
[ 2026-05-26 16:57:43,324] 173 root - INFO - Data transformation complete
[ 2026-05-26 16:57:43,324] 48 root - INFO - Started Regular Expression mapping
[ 2026-05-26 16:57:43,324] 173 root - INFO - Data transformation complete
[ 2026-05-26 16:57:43,324] 48 root - INFO - Started Regular Expression mapping
[ 2026-05-26 16:57:43,324] 173 root - INFO - Data transformation complete
[ 2026-05-26 16:57:43,324] 48 root - INFO - Started Regular Expression mapping
[ 2026-05-26 16:57:43,324] 173 root - INFO - Data transformation complete
[ 2026-05-26 16:57:43,324] 48 root - INFO - Started Regular Expression mapping
[ 2026-05-26 16:57:43,324] 173 root - INFO - Data transformation complete
[ 2026-05-26 16:57:43,324] 48 root - INFO - Started Regular Expression mapping
[ 2026-05-26 16:57:43,324] 173 root - INFO - Data transformation complete
[ 2026-05-26 16:57:43,324] 48 root - INFO - Started Regular Expression mapping
[ 2026-05-26 16:57:43,324] 173 root - INFO - Data transformation complete
[ 2026-05-26 16:57:43,324] 48 root - INFO - Started Regular Expression mapping
[ 2026-05-26 16:57:43,324] 173 root - INFO - Data transformation complete
[ 2026-05-26 16:57:43,324] 48 root - INFO - Started Regular Expression mapping
[ 2026-05-26 16:57:43,324] 173 root - INFO - Data transformation complete
[ 2026-05-26 16:57:43,324] 48 root - INFO - Started Regular Expression mapping
[ 2026-05-26 16:57:43,324] 173 root - INFO - Data transformation complete
[ 2026-05-26 16:57:43,324] 48 root - INFO - Started Regular Expression mapping
[ 2026-05-26 16:57:43,324] 173 root - INFO - Data transformation complete
[ 2026-05-26 16:57:43,324] 48 root - INFO - Started Regular Expression mapping
[ 2026-05-26 16:57:43,324] 173 root - INFO - Data transformation complete
[ 2026-05-26 16:57:43,324] 48 root - INFO - Started Regular Expression mapping
[ 2026-05-26 16:57:43,324] 173 root - INFO - Data transformation complete
[ 2026-05-26 16:57:43,324] 48 root - INFO - Started Regular Expression mapping
[ 2026-05-26 16:57:43,324] 173 root - INFO - Data transformation complete
[ 2026-05-26 16:57:43,324] 48 root - INFO - Started Regular Expression mapping
[ 2026-05-26 16:57:43,324] 173 root - INFO - Data transformation complete
[ 2026-05-26 16:57:43,324] 48 root - INFO - Started Regular Expression mapping
[ 2026-05-26 16:57:43,324] 173 root - INFO - Data transformation complete
[ 2026-05-26 16:57:43,324] 48 root - INFO - Started Regular Expression mapping
[ 2026-05-26 16:57:43,324] 173 root - INFO - Data transformation complete
[ 2026-05-26 16:57:43,324] 48 root - INFO - Started Regular Expression mapping
[ 2026-05-26 16:57:43,324] 24 root - INFO - Match heuristic business names to paybill payments
[ 2026-05-26 16:57:43,324] 173 root - INFO - Data transformation complete
[ 2026-05-26 16:57:43,324] 48 root - INFO - Started Regular Expression mapping
[ 2026-05-26 16:57:43,324] 173 root - INFO - Data transformation complete
[ 2026-05-26 16:57:43,324] 48 root - INFO - Started Regular Expression mapping
[ 2026-05-26 16:57:43,324] 173 root - INFO - Data transformation complete
[ 2026-05-26 16:57:43,324] 48 root - INFO - Started Regular Expression mapping
[ 2026-05-26 16:57:43,324] 173 root - INFO - Data transformation complete
[ 2026-05-26 16:57:43,324] 48 root - INFO - Started Regular Expression mapping
[ 2026-05-26 16:57:43,324] 173 root - INFO - Data transformation complete
[ 2026-05-26 16:57:43,324] 48 root - INFO - Started Regular Expression mapping
[ 2026-05-26 16:57:43,324] 173 root - INFO - Data transformation complete
[ 2026-05-26 16:57:43,324] 48 root - INFO - Started Regular Expression mapping
[ 2026-05-26 16:57:43,324] 173 root - INFO - Data transformation complete
[ 2026-05-26 16:57:43,324] 48 root - INFO - Started Regular Expression mapping
[ 2026-05-26 16:57:43,324] 173 root - INFO - Data transformation complete
[ 2026-05-26 16:57:43,324] 48 root - INFO - Started Regular Expression mapping
[ 2026-05-26 16:57:43,324] 173 root - INFO - Data transformation complete
[ 2026-05-26 16:57:43,324] 48 root - INFO - Started Regular Expression mapping
[ 2026-05-26 16:57:43,324] 173 root - INFO - Data transformation complete
[ 2026-05-26 16:57:43,324] 48 root - INFO - Started Regular Expression mapping
[ 2026-05-26 16:57:43,324] 173 root - INFO - Data transformation complete
[ 2026-05-26 16:57:43,324] 48 root - INFO - Started Regular Expression mapping
[ 2026-05-26 16:57:43,324] 173 root - INFO - Data transformation complete
[ 2026-05-26 16:57:43,324] 48 root - INFO - Started Regular Expression mapping
[ 2026-05-26 16:57:43,324] 173 root - INFO - Data transformation complete
[ 2026-05-26 16:57:43,324] 48 root - INFO - Started Regular Expression mapping
[ 2026-05-26 16:57:43,324] 173 root - INFO - Data transformation complete
[ 2026-05-26 16:57:43,340] 48 root - INFO - Started Regular Expression mapping
[ 2026-05-26 16:57:43,340] 173 root - INFO - Data transformation complete
[ 2026-05-26 16:57:43,340] 48 root - INFO - Started Regular Expression mapping
[ 2026-05-26 16:57:43,340] 173 root - INFO - Data transformation complete
[ 2026-05-26 16:57:43,340] 48 root - INFO - Started Regular Expression mapping
[ 2026-05-26 16:57:43,340] 173 root - INFO - Data transformation complete
[ 2026-05-26 16:57:43,340] 48 root - INFO - Started Regular Expression mapping
[ 2026-05-26 16:57:43,340] 173 root - INFO - Data transformation complete
[ 2026-05-26 16:57:43,340] 48 root - INFO - Started Regular Expression mapping
[ 2026-05-26 16:57:43,340] 24 root - INFO - Match heuristic business names to paybill payments
[ 2026-05-26 16:57:43,340] 173 root - INFO - Data transformation complete
[ 2026-05-26 16:57:43,340] 48 root - INFO - Started Regular Expression mapping
[ 2026-05-26 16:57:43,340] 173 root - INFO - Data transformation complete
[ 2026-05-26 16:57:43,340] 48 root - INFO - Started Regular Expression mapping
[ 2026-05-26 16:57:43,340] 173 root - INFO - Data transformation complete
[ 2026-05-26 16:57:43,340] 48 root - INFO - Started Regular Expression mapping
[ 2026-05-26 16:57:43,340] 24 root - INFO - Match heuristic business names to paybill payments
[ 2026-05-26 16:57:43,340] 173 root - INFO - Data transformation complete
[ 2026-05-26 16:57:43,340] 48 root - INFO - Started Regular Expression mapping
[ 2026-05-26 16:57:43,340] 173 root - INFO - Data transformation complete
[ 2026-05-26 16:57:43,340] 48 root - INFO - Started Regular Expression mapping
[ 2026-05-26 16:57:43,340] 173 root - INFO - Data transformation complete
[ 2026-05-26 16:57:43,340] 48 root - INFO - Started Regular Expression mapping
[ 2026-05-26 16:57:43,340] 173 root - INFO - Data transformation complete
[ 2026-05-26 16:57:43,340] 48 root - INFO - Started Regular Expression mapping
[ 2026-05-26 16:57:43,340] 173 root - INFO - Data transformation complete
[ 2026-05-26 16:57:43,340] 48 root - INFO - Started Regular Expression mapping
[ 2026-05-26 16:57:43,340] 173 root - INFO - Data transformation complete
[ 2026-05-26 16:57:43,340] 48 root - INFO - Started Regular Expression mapping
[ 2026-05-26 16:57:43,340] 173 root - INFO - Data transformation complete
[ 2026-05-26 16:57:43,340] 48 root - INFO - Started Regular Expression mapping
[ 2026-05-26 16:57:43,340] 173 root - INFO - Data transformation complete
[ 2026-05-26 16:57:43,340] 48 root - INFO - Started Regular Expression mapping
[ 2026-05-26 16:57:43,340] 173 root - INFO - Data transformation complete
[ 2026-05-26 16:57:43,340] 48 root - INFO - Started Regular Expression mapping
[ 2026-05-26 16:57:43,340] 173 root - INFO - Data transformation complete
[ 2026-05-26 16:57:43,340] 48 root - INFO - Started Regular Expression mapping
[ 2026-05-26 16:57:43,340] 173 root - INFO - Data transformation complete
[ 2026-05-26 16:57:43,340] 48 root - INFO - Started Regular Expression mapping
[ 2026-05-26 16:57:43,340] 173 root - INFO - Data transformation complete
[ 2026-05-26 16:57:43,340] 48 root - INFO - Started Regular Expression mapping
[ 2026-05-26 16:57:43,340] 173 root - INFO - Data transformation complete
[ 2026-05-26 16:57:43,340] 48 root - INFO - Started Regular Expression mapping
[ 2026-05-26 16:57:43,340] 173 root - INFO - Data transformation complete
[ 2026-05-26 16:57:43,340] 48 root - INFO - Started Regular Expression mapping
[ 2026-05-26 16:57:43,340] 173 root - INFO - Data transformation complete
[ 2026-05-26 16:57:43,340] 48 root - INFO - Started Regular Expression mapping
[ 2026-05-26 16:57:43,340] 173 root - INFO - Data transformation complete
[ 2026-05-26 16:57:43,340] 48 root - INFO - Started Regular Expression mapping
[ 2026-05-26 16:57:43,340] 173 root - INFO - Data transformation complete
[ 2026-05-26 16:57:43,340] 48 root - INFO - Started Regular Expression mapping
[ 2026-05-26 16:57:43,340] 173 root - INFO - Data transformation complete
[ 2026-05-26 16:57:43,340] 48 root - INFO - Started Regular Expression mapping
[ 2026-05-26 16:57:43,340] 173 root - INFO - Data transformation complete
[ 2026-05-26 16:57:43,340] 48 root - INFO - Started Regular Expression mapping
[ 2026-05-26 16:57:43,340] 173 root - INFO - Data transformation complete
[ 2026-05-26 16:57:43,340] 48 root - INFO - Started Regular Expression mapping
[ 2026-05-26 16:57:43,340] 173 root - INFO - Data transformation complete
[ 2026-05-26 16:57:43,340] 48 root - INFO - Started Regular Expression mapping
[ 2026-05-26 16:57:43,340] 173 root - INFO - Data transformation complete
[ 2026-05-26 16:57:43,340] 48 root - INFO - Started Regular Expression mapping
[ 2026-05-26 16:57:43,340] 173 root - INFO - Data transformation complete
[ 2026-05-26 16:57:43,340] 48 root - INFO - Started Regular Expression mapping
[ 2026-05-26 16:57:43,340] 173 root - INFO - Data transformation complete
[ 2026-05-26 16:57:43,340] 48 root - INFO - Started Regular Expression mapping
[ 2026-05-26 16:57:43,340] 173 root - INFO - Data transformation complete
[ 2026-05-26 16:57:43,340] 48 root - INFO - Started Regular Expression mapping
[ 2026-05-26 16:57:43,340] 173 root - INFO - Data transformation complete
[ 2026-05-26 16:57:43,340] 48 root - INFO - Started Regular Expression mapping
[ 2026-05-26 16:57:43,340] 173 root - INFO - Data transformation complete
[ 2026-05-26 16:57:43,340] 48 root - INFO - Started Regular Expression mapping
[ 2026-05-26 16:57:43,340] 173 root - INFO - Data transformation complete
[ 2026-05-26 16:57:43,340] 48 root - INFO - Started Regular Expression mapping
[ 2026-05-26 16:57:43,340] 173 root - INFO - Data transformation complete
[ 2026-05-26 16:57:43,340] 48 root - INFO - Started Regular Expression mapping
[ 2026-05-26 16:57:43,340] 24 root - INFO - Match heuristic business names to paybill payments
[ 2026-05-26 16:57:43,340] 173 root - INFO - Data transformation complete
[ 2026-05-26 16:57:43,340] 48 root - INFO - Started Regular Expression mapping
[ 2026-05-26 16:57:43,340] 173 root - INFO - Data transformation complete
[ 2026-05-26 16:57:43,340] 48 root - INFO - Started Regular Expression mapping
[ 2026-05-26 16:57:43,340] 173 root - INFO - Data transformation complete
[ 2026-05-26 16:57:43,340] 48 root - INFO - Started Regular Expression mapping
[ 2026-05-26 16:57:43,356] 173 root - INFO - Data transformation complete
[ 2026-05-26 16:57:43,356] 48 root - INFO - Started Regular Expression mapping
[ 2026-05-26 16:57:43,356] 173 root - INFO - Data transformation complete
[ 2026-05-26 16:57:43,356] 48 root - INFO - Started Regular Expression mapping
[ 2026-05-26 16:57:43,356] 173 root - INFO - Data transformation complete
[ 2026-05-26 16:57:43,356] 48 root - INFO - Started Regular Expression mapping
[ 2026-05-26 16:57:43,356] 173 root - INFO - Data transformation complete
[ 2026-05-26 16:57:43,356] 48 root - INFO - Started Regular Expression mapping
[ 2026-05-26 16:57:43,356] 173 root - INFO - Data transformation complete
[ 2026-05-26 16:57:43,356] 48 root - INFO - Started Regular Expression mapping
[ 2026-05-26 16:57:43,356] 173 root - INFO - Data transformation complete
[ 2026-05-26 16:57:43,356] 48 root - INFO - Started Regular Expression mapping
[ 2026-05-26 16:57:43,356] 173 root - INFO - Data transformation complete
[ 2026-05-26 16:57:43,356] 48 root - INFO - Started Regular Expression mapping
[ 2026-05-26 16:57:43,356] 173 root - INFO - Data transformation complete
[ 2026-05-26 16:57:43,356] 48 root - INFO - Started Regular Expression mapping
[ 2026-05-26 16:57:43,356] 173 root - INFO - Data transformation complete
[ 2026-05-26 16:57:43,356] 48 root - INFO - Started Regular Expression mapping
[ 2026-05-26 16:57:43,356] 173 root - INFO - Data transformation complete
[ 2026-05-26 16:57:43,356] 48 root - INFO - Started Regular Expression mapping
[ 2026-05-26 16:57:43,356] 173 root - INFO - Data transformation complete
[ 2026-05-26 16:57:43,356] 48 root - INFO - Started Regular Expression mapping
[ 2026-05-26 16:57:43,356] 173 root - INFO - Data transformation complete
[ 2026-05-26 16:57:43,356] 48 root - INFO - Started Regular Expression mapping
[ 2026-05-26 16:57:43,356] 173 root - INFO - Data transformation complete
[ 2026-05-26 16:57:43,356] 48 root - INFO - Started Regular Expression mapping
[ 2026-05-26 16:57:43,356] 173 root - INFO - Data transformation complete
[ 2026-05-26 16:57:43,356] 48 root - INFO - Started Regular Expression mapping
[ 2026-05-26 16:57:43,356] 173 root - INFO - Data transformation complete
[ 2026-05-26 16:57:43,356] 48 root - INFO - Started Regular Expression mapping
[ 2026-05-26 16:57:43,356] 173 root - INFO - Data transformation complete
[ 2026-05-26 16:57:43,356] 48 root - INFO - Started Regular Expression mapping
[ 2026-05-26 16:57:43,356] 173 root - INFO - Data transformation complete
[ 2026-05-26 16:57:43,356] 48 root - INFO - Started Regular Expression mapping
[ 2026-05-26 16:57:43,356] 173 root - INFO - Data transformation complete
[ 2026-05-26 16:57:43,356] 48 root - INFO - Started Regular Expression mapping
[ 2026-05-26 16:57:43,356] 173 root - INFO - Data transformation complete
[ 2026-05-26 16:57:43,356] 48 root - INFO - Started Regular Expression mapping
[ 2026-05-26 16:57:43,356] 173 root - INFO - Data transformation complete
[ 2026-05-26 16:57:43,356] 48 root - INFO - Started Regular Expression mapping
[ 2026-05-26 16:57:43,356] 173 root - INFO - Data transformation complete
[ 2026-05-26 16:57:43,356] 48 root - INFO - Started Regular Expression mapping
[ 2026-05-26 16:57:43,356] 173 root - INFO - Data transformation complete
[ 2026-05-26 16:57:43,356] 48 root - INFO - Started Regular Expression mapping
[ 2026-05-26 16:57:43,356] 173 root - INFO - Data transformation complete
[ 2026-05-26 16:57:43,356] 48 root - INFO - Started Regular Expression mapping
[ 2026-05-26 16:57:43,356] 173 root - INFO - Data transformation complete
[ 2026-05-26 16:57:43,356] 48 root - INFO - Started Regular Expression mapping
[ 2026-05-26 16:57:43,356] 173 root - INFO - Data transformation complete
[ 2026-05-26 16:57:43,356] 48 root - INFO - Started Regular Expression mapping
[ 2026-05-26 16:57:43,356] 173 root - INFO - Data transformation complete
[ 2026-05-26 16:57:43,356] 48 root - INFO - Started Regular Expression mapping
[ 2026-05-26 16:57:43,356] 173 root - INFO - Data transformation complete
[ 2026-05-26 16:57:43,356] 48 root - INFO - Started Regular Expression mapping
[ 2026-05-26 16:57:43,356] 173 root - INFO - Data transformation complete
[ 2026-05-26 16:57:43,356] 48 root - INFO - Started Regular Expression mapping
[ 2026-05-26 16:57:43,356] 173 root - INFO - Data transformation complete
[ 2026-05-26 16:57:43,356] 48 root - INFO - Started Regular Expression mapping
[ 2026-05-26 16:57:43,356] 173 root - INFO - Data transformation complete
[ 2026-05-26 16:57:43,356] 48 root - INFO - Started Regular Expression mapping
[ 2026-05-26 16:57:43,356] 173 root - INFO - Data transformation complete
[ 2026-05-26 16:57:43,356] 48 root - INFO - Started Regular Expression mapping
[ 2026-05-26 16:57:43,356] 173 root - INFO - Data transformation complete
[ 2026-05-26 16:57:43,356] 48 root - INFO - Started Regular Expression mapping
[ 2026-05-26 16:57:43,356] 173 root - INFO - Data transformation complete
[ 2026-05-26 16:57:43,356] 48 root - INFO - Started Regular Expression mapping
[ 2026-05-26 16:57:43,356] 173 root - INFO - Data transformation complete
[ 2026-05-26 16:57:43,356] 48 root - INFO - Started Regular Expression mapping
[ 2026-05-26 16:57:43,356] 173 root - INFO - Data transformation complete
[ 2026-05-26 16:57:43,356] 48 root - INFO - Started Regular Expression mapping
[ 2026-05-26 16:57:43,356] 173 root - INFO - Data transformation complete
[ 2026-05-26 16:57:43,356] 48 root - INFO - Started Regular Expression mapping
[ 2026-05-26 16:57:43,356] 173 root - INFO - Data transformation complete
[ 2026-05-26 16:57:43,356] 48 root - INFO - Started Regular Expression mapping
[ 2026-05-26 16:57:43,356] 173 root - INFO - Data transformation complete
[ 2026-05-26 16:57:43,356] 48 root - INFO - Started Regular Expression mapping
[ 2026-05-26 16:57:43,371] 173 root - INFO - Data transformation complete
[ 2026-05-26 16:57:43,371] 48 root - INFO - Started Regular Expression mapping
[ 2026-05-26 16:57:43,371] 173 root - INFO - Data transformation complete
[ 2026-05-26 16:57:43,373] 48 root - INFO - Started Regular Expression mapping
[ 2026-05-26 16:57:43,373] 173 root - INFO - Data transformation complete
[ 2026-05-26 16:57:43,373] 48 root - INFO - Started Regular Expression mapping
[ 2026-05-26 16:57:43,374] 173 root - INFO - Data transformation complete
[ 2026-05-26 16:57:43,374] 48 root - INFO - Started Regular Expression mapping
[ 2026-05-26 16:57:43,374] 173 root - INFO - Data transformation complete
[ 2026-05-26 16:57:43,374] 48 root - INFO - Started Regular Expression mapping
[ 2026-05-26 16:57:43,374] 173 root - INFO - Data transformation complete
[ 2026-05-26 16:57:43,374] 48 root - INFO - Started Regular Expression mapping
[ 2026-05-26 16:57:43,374] 173 root - INFO - Data transformation complete
[ 2026-05-26 16:57:43,374] 48 root - INFO - Started Regular Expression mapping
[ 2026-05-26 16:57:43,374] 173 root - INFO - Data transformation complete
[ 2026-05-26 16:57:43,374] 48 root - INFO - Started Regular Expression mapping
[ 2026-05-26 16:57:43,374] 173 root - INFO - Data transformation complete
[ 2026-05-26 16:57:43,374] 48 root - INFO - Started Regular Expression mapping
[ 2026-05-26 16:57:43,374] 173 root - INFO - Data transformation complete
[ 2026-05-26 16:57:43,374] 48 root - INFO - Started Regular Expression mapping
[ 2026-05-26 16:57:43,374] 173 root - INFO - Data transformation complete
[ 2026-05-26 16:57:43,374] 48 root - INFO - Started Regular Expression mapping
[ 2026-05-26 16:57:43,374] 173 root - INFO - Data transformation complete
[ 2026-05-26 16:57:43,374] 48 root - INFO - Started Regular Expression mapping
[ 2026-05-26 16:57:43,374] 173 root - INFO - Data transformation complete
[ 2026-05-26 16:57:43,374] 48 root - INFO - Started Regular Expression mapping
[ 2026-05-26 16:57:43,374] 173 root - INFO - Data transformation complete
[ 2026-05-26 16:57:43,374] 48 root - INFO - Started Regular Expression mapping
[ 2026-05-26 16:57:43,374] 173 root - INFO - Data transformation complete
[ 2026-05-26 16:57:43,374] 48 root - INFO - Started Regular Expression mapping
[ 2026-05-26 16:57:43,374] 173 root - INFO - Data transformation complete
[ 2026-05-26 16:57:43,374] 48 root - INFO - Started Regular Expression mapping
[ 2026-05-26 16:57:43,374] 173 root - INFO - Data transformation complete
[ 2026-05-26 16:57:43,374] 48 root - INFO - Started Regular Expression mapping
[ 2026-05-26 16:57:43,374] 173 root - INFO - Data transformation complete
[ 2026-05-26 16:57:43,374] 48 root - INFO - Started Regular Expression mapping
[ 2026-05-26 16:57:43,374] 173 root - INFO - Data transformation complete
[ 2026-05-26 16:57:43,374] 48 root - INFO - Started Regular Expression mapping
[ 2026-05-26 16:57:43,374] 173 root - INFO - Data transformation complete
[ 2026-05-26 16:57:43,374] 48 root - INFO - Started Regular Expression mapping
[ 2026-05-26 16:57:43,374] 173 root - INFO - Data transformation complete
[ 2026-05-26 16:57:43,374] 48 root - INFO - Started Regular Expression mapping
[ 2026-05-26 16:57:43,380] 173 root - INFO - Data transformation complete
[ 2026-05-26 16:57:43,380] 48 root - INFO - Started Regular Expression mapping
[ 2026-05-26 16:57:43,380] 173 root - INFO - Data transformation complete
[ 2026-05-26 16:57:43,380] 48 root - INFO - Started Regular Expression mapping
[ 2026-05-26 16:57:43,380] 173 root - INFO - Data transformation complete
[ 2026-05-26 16:57:43,380] 48 root - INFO - Started Regular Expression mapping
[ 2026-05-26 16:57:43,380] 173 root - INFO - Data transformation complete
[ 2026-05-26 16:57:43,380] 48 root - INFO - Started Regular Expression mapping
[ 2026-05-26 16:57:43,380] 173 root - INFO - Data transformation complete
[ 2026-05-26 16:57:43,380] 48 root - INFO - Started Regular Expression mapping
[ 2026-05-26 16:57:43,380] 173 root - INFO - Data transformation complete
[ 2026-05-26 16:57:43,380] 48 root - INFO - Started Regular Expression mapping
[ 2026-05-26 16:57:43,380] 173 root - INFO - Data transformation complete
[ 2026-05-26 16:57:43,380] 48 root - INFO - Started Regular Expression mapping
[ 2026-05-26 16:57:43,380] 173 root - INFO - Data transformation complete
[ 2026-05-26 16:57:43,380] 48 root - INFO - Started Regular Expression mapping
[ 2026-05-26 16:57:43,380] 173 root - INFO - Data transformation complete
[ 2026-05-26 16:57:43,380] 48 root - INFO - Started Regular Expression mapping
[ 2026-05-26 16:57:43,380] 173 root - INFO - Data transformation complete
[ 2026-05-26 16:57:43,380] 48 root - INFO - Started Regular Expression mapping
[ 2026-05-26 16:57:43,380] 173 root - INFO - Data transformation complete
[ 2026-05-26 16:57:43,380] 48 root - INFO - Started Regular Expression mapping
[ 2026-05-26 16:57:43,380] 173 root - INFO - Data transformation complete
[ 2026-05-26 16:57:43,380] 48 root - INFO - Started Regular Expression mapping
[ 2026-05-26 16:57:43,380] 173 root - INFO - Data transformation complete
[ 2026-05-26 16:57:43,380] 48 root - INFO - Started Regular Expression mapping
[ 2026-05-26 16:57:43,380] 24 root - INFO - Match heuristic business names to paybill payments
[ 2026-05-26 16:57:43,380] 173 root - INFO - Data transformation complete
[ 2026-05-26 16:57:43,380] 48 root - INFO - Started Regular Expression mapping
[ 2026-05-26 16:57:43,380] 173 root - INFO - Data transformation complete
[ 2026-05-26 16:57:43,380] 48 root - INFO - Started Regular Expression mapping
[ 2026-05-26 16:57:43,380] 173 root - INFO - Data transformation complete
[ 2026-05-26 16:57:43,380] 48 root - INFO - Started Regular Expression mapping
[ 2026-05-26 16:57:43,380] 173 root - INFO - Data transformation complete
[ 2026-05-26 16:57:43,380] 48 root - INFO - Started Regular Expression mapping
[ 2026-05-26 16:57:43,380] 173 root - INFO - Data transformation complete
[ 2026-05-26 16:57:43,380] 48 root - INFO - Started Regular Expression mapping
[ 2026-05-26 16:57:43,380] 173 root - INFO - Data transformation complete
[ 2026-05-26 16:57:43,380] 48 root - INFO - Started Regular Expression mapping
[ 2026-05-26 16:57:43,380] 173 root - INFO - Data transformation complete
[ 2026-05-26 16:57:43,380] 48 root - INFO - Started Regular Expression mapping
[ 2026-05-26 16:57:43,380] 173 root - INFO - Data transformation complete
[ 2026-05-26 16:57:43,380] 48 root - INFO - Started Regular Expression mapping
[ 2026-05-26 16:57:43,387] 173 root - INFO - Data transformation complete
[ 2026-05-26 16:57:43,387] 48 root - INFO - Started Regular Expression mapping
[ 2026-05-26 16:57:43,388] 173 root - INFO - Data transformation complete
[ 2026-05-26 16:57:43,388] 48 root - INFO - Started Regular Expression mapping
[ 2026-05-26 16:57:43,388] 173 root - INFO - Data transformation complete
[ 2026-05-26 16:57:43,388] 48 root - INFO - Started Regular Expression mapping
[ 2026-05-26 16:57:43,388] 173 root - INFO - Data transformation complete
[ 2026-05-26 16:57:43,388] 48 root - INFO - Started Regular Expression mapping
[ 2026-05-26 16:57:43,388] 173 root - INFO - Data transformation complete
[ 2026-05-26 16:57:43,388] 48 root - INFO - Started Regular Expression mapping
[ 2026-05-26 16:57:43,388] 173 root - INFO - Data transformation complete
[ 2026-05-26 16:57:43,388] 48 root - INFO - Started Regular Expression mapping
[ 2026-05-26 16:57:43,388] 173 root - INFO - Data transformation complete
[ 2026-05-26 16:57:43,388] 48 root - INFO - Started Regular Expression mapping
[ 2026-05-26 16:57:43,388] 173 root - INFO - Data transformation complete
[ 2026-05-26 16:57:43,388] 48 root - INFO - Started Regular Expression mapping
[ 2026-05-26 16:57:43,388] 173 root - INFO - Data transformation complete
[ 2026-05-26 16:57:43,388] 48 root - INFO - Started Regular Expression mapping
[ 2026-05-26 16:57:43,388] 24 root - INFO - Match heuristic business names to paybill payments
[ 2026-05-26 16:57:43,388] 173 root - INFO - Data transformation complete
[ 2026-05-26 16:57:43,388] 48 root - INFO - Started Regular Expression mapping
[ 2026-05-26 16:57:43,388] 24 root - INFO - Match heuristic business names to paybill payments
[ 2026-05-26 16:57:43,388] 173 root - INFO - Data transformation complete
[ 2026-05-26 16:57:43,388] 48 root - INFO - Started Regular Expression mapping
[ 2026-05-26 16:57:43,388] 173 root - INFO - Data transformation complete
[ 2026-05-26 16:57:43,388] 48 root - INFO - Started Regular Expression mapping
[ 2026-05-26 16:57:43,388] 173 root - INFO - Data transformation complete
[ 2026-05-26 16:57:43,388] 48 root - INFO - Started Regular Expression mapping
[ 2026-05-26 16:57:43,388] 173 root - INFO - Data transformation complete
[ 2026-05-26 16:57:43,388] 48 root - INFO - Started Regular Expression mapping
[ 2026-05-26 16:57:43,388] 173 root - INFO - Data transformation complete
[ 2026-05-26 16:57:43,388] 48 root - INFO - Started Regular Expression mapping
[ 2026-05-26 16:57:43,388] 173 root - INFO - Data transformation complete
[ 2026-05-26 16:57:43,388] 48 root - INFO - Started Regular Expression mapping
[ 2026-05-26 16:57:43,388] 173 root - INFO - Data transformation complete
[ 2026-05-26 16:57:43,388] 48 root - INFO - Started Regular Expression mapping
[ 2026-05-26 16:57:43,388] 24 root - INFO - Match heuristic business names to paybill payments
[ 2026-05-26 16:57:43,388] 173 root - INFO - Data transformation complete
[ 2026-05-26 16:57:43,388] 48 root - INFO - Started Regular Expression mapping
[ 2026-05-26 16:57:43,388] 173 root - INFO - Data transformation complete
[ 2026-05-26 16:57:43,388] 48 root - INFO - Started Regular Expression mapping
[ 2026-05-26 16:57:43,388] 173 root - INFO - Data transformation complete
[ 2026-05-26 16:57:43,388] 48 root - INFO - Started Regular Expression mapping
[ 2026-05-26 16:57:43,388] 173 root - INFO - Data transformation complete
[ 2026-05-26 16:57:43,388] 48 root - INFO - Started Regular Expression mapping
[ 2026-05-26 16:57:43,388] 173 root - INFO - Data transformation complete
[ 2026-05-26 16:57:43,388] 48 root - INFO - Started Regular Expression mapping
[ 2026-05-26 16:57:43,388] 173 root - INFO - Data transformation complete
[ 2026-05-26 16:57:43,388] 48 root - INFO - Started Regular Expression mapping
[ 2026-05-26 16:57:43,388] 173 root - INFO - Data transformation complete
[ 2026-05-26 16:57:43,388] 48 root - INFO - Started Regular Expression mapping
[ 2026-05-26 16:57:43,388] 173 root - INFO - Data transformation complete
[ 2026-05-26 16:57:43,388] 48 root - INFO - Started Regular Expression mapping
[ 2026-05-26 16:57:43,397] 173 root - INFO - Data transformation complete
[ 2026-05-26 16:57:43,397] 48 root - INFO - Started Regular Expression mapping
[ 2026-05-26 16:57:43,397] 173 root - INFO - Data transformation complete
[ 2026-05-26 16:57:43,397] 48 root - INFO - Started Regular Expression mapping
[ 2026-05-26 16:57:43,397] 173 root - INFO - Data transformation complete
[ 2026-05-26 16:57:43,397] 48 root - INFO - Started Regular Expression mapping
[ 2026-05-26 16:57:43,397] 173 root - INFO - Data transformation complete
[ 2026-05-26 16:57:43,397] 48 root - INFO - Started Regular Expression mapping
[ 2026-05-26 16:57:43,397] 173 root - INFO - Data transformation complete
[ 2026-05-26 16:57:43,397] 48 root - INFO - Started Regular Expression mapping
[ 2026-05-26 16:57:43,397] 173 root - INFO - Data transformation complete
[ 2026-05-26 16:57:43,397] 48 root - INFO - Started Regular Expression mapping
[ 2026-05-26 16:57:43,397] 173 root - INFO - Data transformation complete
[ 2026-05-26 16:57:43,397] 48 root - INFO - Started Regular Expression mapping
[ 2026-05-26 16:57:43,397] 173 root - INFO - Data transformation complete
[ 2026-05-26 16:57:43,397] 48 root - INFO - Started Regular Expression mapping
[ 2026-05-26 16:57:43,397] 173 root - INFO - Data transformation complete
[ 2026-05-26 16:57:43,397] 48 root - INFO - Started Regular Expression mapping
[ 2026-05-26 16:57:43,397] 173 root - INFO - Data transformation complete
[ 2026-05-26 16:57:43,397] 48 root - INFO - Started Regular Expression mapping
[ 2026-05-26 16:57:43,397] 173 root - INFO - Data transformation complete
[ 2026-05-26 16:57:43,397] 48 root - INFO - Started Regular Expression mapping
[ 2026-05-26 16:57:43,397] 173 root - INFO - Data transformation complete
[ 2026-05-26 16:57:43,397] 48 root - INFO - Started Regular Expression mapping
[ 2026-05-26 16:57:43,397] 173 root - INFO - Data transformation complete
[ 2026-05-26 16:57:43,397] 48 root - INFO - Started Regular Expression mapping
[ 2026-05-26 16:57:43,397] 173 root - INFO - Data transformation complete
[ 2026-05-26 16:57:43,397] 48 root - INFO - Started Regular Expression mapping
[ 2026-05-26 16:57:43,397] 173 root - INFO - Data transformation complete
[ 2026-05-26 16:57:43,397] 48 root - INFO - Started Regular Expression mapping
[ 2026-05-26 16:57:43,397] 173 root - INFO - Data transformation complete
[ 2026-05-26 16:57:43,397] 48 root - INFO - Started Regular Expression mapping
[ 2026-05-26 16:57:43,397] 173 root - INFO - Data transformation complete
[ 2026-05-26 16:57:43,397] 48 root - INFO - Started Regular Expression mapping
[ 2026-05-26 16:57:43,397] 173 root - INFO - Data transformation complete
[ 2026-05-26 16:57:43,397] 48 root - INFO - Started Regular Expression mapping
[ 2026-05-26 16:57:43,397] 173 root - INFO - Data transformation complete
[ 2026-05-26 16:57:43,397] 48 root - INFO - Started Regular Expression mapping
[ 2026-05-26 16:57:43,397] 173 root - INFO - Data transformation complete
[ 2026-05-26 16:57:43,397] 48 root - INFO - Started Regular Expression mapping
[ 2026-05-26 16:57:43,397] 173 root - INFO - Data transformation complete
[ 2026-05-26 16:57:43,397] 48 root - INFO - Started Regular Expression mapping
[ 2026-05-26 16:57:43,397] 173 root - INFO - Data transformation complete
[ 2026-05-26 16:57:43,397] 48 root - INFO - Started Regular Expression mapping
[ 2026-05-26 16:57:43,397] 173 root - INFO - Data transformation complete
[ 2026-05-26 16:57:43,397] 48 root - INFO - Started Regular Expression mapping
[ 2026-05-26 16:57:43,397] 173 root - INFO - Data transformation complete
[ 2026-05-26 16:57:43,397] 48 root - INFO - Started Regular Expression mapping
[ 2026-05-26 16:57:43,404] 173 root - INFO - Data transformation complete
[ 2026-05-26 16:57:43,405] 48 root - INFO - Started Regular Expression mapping
[ 2026-05-26 16:57:43,405] 173 root - INFO - Data transformation complete
[ 2026-05-26 16:57:43,406] 48 root - INFO - Started Regular Expression mapping
[ 2026-05-26 16:57:43,406] 24 root - INFO - Match heuristic business names to paybill payments
[ 2026-05-26 16:57:43,406] 173 root - INFO - Data transformation complete
[ 2026-05-26 16:57:43,406] 48 root - INFO - Started Regular Expression mapping
[ 2026-05-26 16:57:43,406] 173 root - INFO - Data transformation complete
[ 2026-05-26 16:57:43,406] 48 root - INFO - Started Regular Expression mapping
[ 2026-05-26 16:57:43,407] 173 root - INFO - Data transformation complete
[ 2026-05-26 16:57:43,407] 48 root - INFO - Started Regular Expression mapping
[ 2026-05-26 16:57:43,407] 173 root - INFO - Data transformation complete
[ 2026-05-26 16:57:43,407] 48 root - INFO - Started Regular Expression mapping
[ 2026-05-26 16:57:43,407] 173 root - INFO - Data transformation complete
[ 2026-05-26 16:57:43,407] 48 root - INFO - Started Regular Expression mapping
[ 2026-05-26 16:57:43,408] 173 root - INFO - Data transformation complete
[ 2026-05-26 16:57:43,408] 48 root - INFO - Started Regular Expression mapping
[ 2026-05-26 16:57:43,408] 173 root - INFO - Data transformation complete
[ 2026-05-26 16:57:43,408] 48 root - INFO - Started Regular Expression mapping
[ 2026-05-26 16:57:43,408] 173 root - INFO - Data transformation complete
[ 2026-05-26 16:57:43,408] 48 root - INFO - Started Regular Expression mapping
[ 2026-05-26 16:57:43,409] 173 root - INFO - Data transformation complete
[ 2026-05-26 16:57:43,409] 48 root - INFO - Started Regular Expression mapping
[ 2026-05-26 16:57:43,409] 173 root - INFO - Data transformation complete
[ 2026-05-26 16:57:43,409] 48 root - INFO - Started Regular Expression mapping
[ 2026-05-26 16:57:43,409] 173 root - INFO - Data transformation complete
[ 2026-05-26 16:57:43,409] 48 root - INFO - Started Regular Expression mapping
[ 2026-05-26 16:57:43,409] 24 root - INFO - Match heuristic business names to paybill payments
[ 2026-05-26 16:57:43,410] 173 root - INFO - Data transformation complete
[ 2026-05-26 16:57:43,410] 48 root - INFO - Started Regular Expression mapping
[ 2026-05-26 16:57:43,410] 173 root - INFO - Data transformation complete
[ 2026-05-26 16:57:43,410] 48 root - INFO - Started Regular Expression mapping
[ 2026-05-26 16:57:43,410] 173 root - INFO - Data transformation complete
[ 2026-05-26 16:57:43,410] 48 root - INFO - Started Regular Expression mapping
[ 2026-05-26 16:57:43,410] 173 root - INFO - Data transformation complete
[ 2026-05-26 16:57:43,411] 48 root - INFO - Started Regular Expression mapping
[ 2026-05-26 16:57:43,411] 173 root - INFO - Data transformation complete
[ 2026-05-26 16:57:43,411] 48 root - INFO - Started Regular Expression mapping
[ 2026-05-26 16:57:43,411] 173 root - INFO - Data transformation complete
[ 2026-05-26 16:57:43,411] 48 root - INFO - Started Regular Expression mapping
[ 2026-05-26 16:57:43,411] 173 root - INFO - Data transformation complete
[ 2026-05-26 16:57:43,411] 48 root - INFO - Started Regular Expression mapping
[ 2026-05-26 16:57:43,411] 173 root - INFO - Data transformation complete
[ 2026-05-26 16:57:43,411] 48 root - INFO - Started Regular Expression mapping
[ 2026-05-26 16:57:43,412] 173 root - INFO - Data transformation complete
[ 2026-05-26 16:57:43,412] 48 root - INFO - Started Regular Expression mapping
[ 2026-05-26 16:57:43,412] 173 root - INFO - Data transformation complete
[ 2026-05-26 16:57:43,412] 48 root - INFO - Started Regular Expression mapping
[ 2026-05-26 16:57:43,412] 173 root - INFO - Data transformation complete
[ 2026-05-26 16:57:43,412] 48 root - INFO - Started Regular Expression mapping
[ 2026-05-26 16:57:43,413] 173 root - INFO - Data transformation complete
[ 2026-05-26 16:57:43,413] 48 root - INFO - Started Regular Expression mapping
[ 2026-05-26 16:57:43,413] 173 root - INFO - Data transformation complete
[ 2026-05-26 16:57:43,413] 48 root - INFO - Started Regular Expression mapping
[ 2026-05-26 16:57:43,413] 173 root - INFO - Data transformation complete
[ 2026-05-26 16:57:43,413] 48 root - INFO - Started Regular Expression mapping
[ 2026-05-26 16:57:43,413] 173 root - INFO - Data transformation complete
[ 2026-05-26 16:57:43,414] 48 root - INFO - Started Regular Expression mapping
[ 2026-05-26 16:57:43,414] 173 root - INFO - Data transformation complete
[ 2026-05-26 16:57:43,414] 48 root - INFO - Started Regular Expression mapping
[ 2026-05-26 16:57:43,414] 173 root - INFO - Data transformation complete
[ 2026-05-26 16:57:43,414] 48 root - INFO - Started Regular Expression mapping
[ 2026-05-26 16:57:43,414] 173 root - INFO - Data transformation complete
[ 2026-05-26 16:57:43,414] 48 root - INFO - Started Regular Expression mapping
[ 2026-05-26 16:57:43,415] 24 root - INFO - Match heuristic business names to paybill payments
[ 2026-05-26 16:57:43,415] 173 root - INFO - Data transformation complete
[ 2026-05-26 16:57:43,415] 48 root - INFO - Started Regular Expression mapping
[ 2026-05-26 16:57:43,415] 173 root - INFO - Data transformation complete
[ 2026-05-26 16:57:43,415] 48 root - INFO - Started Regular Expression mapping
[ 2026-05-26 16:57:43,415] 173 root - INFO - Data transformation complete
[ 2026-05-26 16:57:43,415] 48 root - INFO - Started Regular Expression mapping
[ 2026-05-26 16:57:43,416] 173 root - INFO - Data transformation complete
[ 2026-05-26 16:57:43,416] 48 root - INFO - Started Regular Expression mapping
[ 2026-05-26 16:57:43,416] 173 root - INFO - Data transformation complete
[ 2026-05-26 16:57:43,416] 48 root - INFO - Started Regular Expression mapping
[ 2026-05-26 16:57:43,416] 173 root - INFO - Data transformation complete
[ 2026-05-26 16:57:43,416] 48 root - INFO - Started Regular Expression mapping
[ 2026-05-26 16:57:43,416] 173 root - INFO - Data transformation complete
[ 2026-05-26 16:57:43,417] 48 root - INFO - Started Regular Expression mapping
[ 2026-05-26 16:57:43,417] 173 root - INFO - Data transformation complete
[ 2026-05-26 16:57:43,417] 48 root - INFO - Started Regular Expression mapping
[ 2026-05-26 16:57:43,417] 173 root - INFO - Data transformation complete
[ 2026-05-26 16:57:43,417] 48 root - INFO - Started Regular Expression mapping
[ 2026-05-26 16:57:43,418] 173 root - INFO - Data transformation complete
[ 2026-05-26 16:57:43,418] 48 root - INFO - Started Regular Expression mapping
[ 2026-05-26 16:57:43,418] 173 root - INFO - Data transformation complete
[ 2026-05-26 16:57:43,418] 48 root - INFO - Started Regular Expression mapping
[ 2026-05-26 16:57:43,418] 173 root - INFO - Data transformation complete
[ 2026-05-26 16:57:43,418] 48 root - INFO - Started Regular Expression mapping
[ 2026-05-26 16:57:43,418] 24 root - INFO - Match heuristic business names to paybill payments
[ 2026-05-26 16:57:43,419] 173 root - INFO - Data transformation complete
[ 2026-05-26 16:57:43,419] 48 root - INFO - Started Regular Expression mapping
[ 2026-05-26 16:57:43,419] 24 root - INFO - Match heuristic business names to paybill payments
[ 2026-05-26 16:57:43,419] 173 root - INFO - Data transformation complete
[ 2026-05-26 16:57:43,419] 48 root - INFO - Started Regular Expression mapping
[ 2026-05-26 16:57:43,419] 173 root - INFO - Data transformation complete
[ 2026-05-26 16:57:43,419] 48 root - INFO - Started Regular Expression mapping
[ 2026-05-26 16:57:43,420] 173 root - INFO - Data transformation complete
[ 2026-05-26 16:57:43,420] 48 root - INFO - Started Regular Expression mapping
[ 2026-05-26 16:57:43,420] 173 root - INFO - Data transformation complete
[ 2026-05-26 16:57:43,421] 48 root - INFO - Started Regular Expression mapping
[ 2026-05-26 16:57:43,421] 173 root - INFO - Data transformation complete
[ 2026-05-26 16:57:43,421] 48 root - INFO - Started Regular Expression mapping
[ 2026-05-26 16:57:43,422] 173 root - INFO - Data transformation complete
[ 2026-05-26 16:57:43,422] 48 root - INFO - Started Regular Expression mapping
[ 2026-05-26 16:57:43,422] 173 root - INFO - Data transformation complete
[ 2026-05-26 16:57:43,422] 48 root - INFO - Started Regular Expression mapping
[ 2026-05-26 16:57:43,422] 173 root - INFO - Data transformation complete
[ 2026-05-26 16:57:43,422] 48 root - INFO - Started Regular Expression mapping
[ 2026-05-26 16:57:43,422] 24 root - INFO - Match heuristic business names to paybill payments
[ 2026-05-26 16:57:43,423] 173 root - INFO - Data transformation complete
[ 2026-05-26 16:57:43,423] 48 root - INFO - Started Regular Expression mapping
[ 2026-05-26 16:57:43,423] 173 root - INFO - Data transformation complete
[ 2026-05-26 16:57:43,423] 48 root - INFO - Started Regular Expression mapping
[ 2026-05-26 16:57:43,423] 173 root - INFO - Data transformation complete
[ 2026-05-26 16:57:43,423] 48 root - INFO - Started Regular Expression mapping
[ 2026-05-26 16:57:43,424] 173 root - INFO - Data transformation complete
[ 2026-05-26 16:57:43,424] 48 root - INFO - Started Regular Expression mapping
[ 2026-05-26 16:57:43,424] 173 root - INFO - Data transformation complete
[ 2026-05-26 16:57:43,424] 48 root - INFO - Started Regular Expression mapping
[ 2026-05-26 16:57:43,424] 173 root - INFO - Data transformation complete
[ 2026-05-26 16:57:43,424] 48 root - INFO - Started Regular Expression mapping
[ 2026-05-26 16:57:43,425] 173 root - INFO - Data transformation complete
[ 2026-05-26 16:57:43,425] 48 root - INFO - Started Regular Expression mapping
[ 2026-05-26 16:57:43,425] 173 root - INFO - Data transformation complete
[ 2026-05-26 16:57:43,425] 48 root - INFO - Started Regular Expression mapping
[ 2026-05-26 16:57:43,425] 173 root - INFO - Data transformation complete
[ 2026-05-26 16:57:43,425] 48 root - INFO - Started Regular Expression mapping
[ 2026-05-26 16:57:43,425] 173 root - INFO - Data transformation complete
[ 2026-05-26 16:57:43,426] 48 root - INFO - Started Regular Expression mapping
[ 2026-05-26 16:57:43,426] 173 root - INFO - Data transformation complete
[ 2026-05-26 16:57:43,426] 48 root - INFO - Started Regular Expression mapping
[ 2026-05-26 16:57:43,426] 173 root - INFO - Data transformation complete
[ 2026-05-26 16:57:43,426] 48 root - INFO - Started Regular Expression mapping
[ 2026-05-26 16:57:43,426] 173 root - INFO - Data transformation complete
[ 2026-05-26 16:57:43,426] 48 root - INFO - Started Regular Expression mapping
[ 2026-05-26 16:57:43,427] 173 root - INFO - Data transformation complete
[ 2026-05-26 16:57:43,427] 48 root - INFO - Started Regular Expression mapping
[ 2026-05-26 16:57:43,427] 173 root - INFO - Data transformation complete
[ 2026-05-26 16:57:43,427] 48 root - INFO - Started Regular Expression mapping
[ 2026-05-26 16:57:43,427] 173 root - INFO - Data transformation complete
[ 2026-05-26 16:57:43,427] 48 root - INFO - Started Regular Expression mapping
[ 2026-05-26 16:57:43,428] 173 root - INFO - Data transformation complete
[ 2026-05-26 16:57:43,428] 48 root - INFO - Started Regular Expression mapping
[ 2026-05-26 16:57:43,428] 173 root - INFO - Data transformation complete
[ 2026-05-26 16:57:43,428] 48 root - INFO - Started Regular Expression mapping
[ 2026-05-26 16:57:43,428] 173 root - INFO - Data transformation complete
[ 2026-05-26 16:57:43,428] 48 root - INFO - Started Regular Expression mapping
[ 2026-05-26 16:57:43,428] 173 root - INFO - Data transformation complete
[ 2026-05-26 16:57:43,429] 48 root - INFO - Started Regular Expression mapping
[ 2026-05-26 16:57:43,429] 24 root - INFO - Match heuristic business names to paybill payments
[ 2026-05-26 16:57:43,429] 173 root - INFO - Data transformation complete
[ 2026-05-26 16:57:43,429] 48 root - INFO - Started Regular Expression mapping
[ 2026-05-26 16:57:43,429] 173 root - INFO - Data transformation complete
[ 2026-05-26 16:57:43,429] 48 root - INFO - Started Regular Expression mapping
[ 2026-05-26 16:57:43,429] 173 root - INFO - Data transformation complete
[ 2026-05-26 16:57:43,429] 48 root - INFO - Started Regular Expression mapping
[ 2026-05-26 16:57:43,430] 173 root - INFO - Data transformation complete
[ 2026-05-26 16:57:43,430] 48 root - INFO - Started Regular Expression mapping
[ 2026-05-26 16:57:43,430] 173 root - INFO - Data transformation complete
[ 2026-05-26 16:57:43,430] 48 root - INFO - Started Regular Expression mapping
[ 2026-05-26 16:57:43,431] 173 root - INFO - Data transformation complete
[ 2026-05-26 16:57:43,431] 48 root - INFO - Started Regular Expression mapping
[ 2026-05-26 16:57:43,431] 173 root - INFO - Data transformation complete
[ 2026-05-26 16:57:43,431] 48 root - INFO - Started Regular Expression mapping
[ 2026-05-26 16:57:43,431] 173 root - INFO - Data transformation complete
[ 2026-05-26 16:57:43,431] 48 root - INFO - Started Regular Expression mapping
[ 2026-05-26 16:57:43,431] 173 root - INFO - Data transformation complete
[ 2026-05-26 16:57:43,432] 48 root - INFO - Started Regular Expression mapping
[ 2026-05-26 16:57:43,432] 173 root - INFO - Data transformation complete
[ 2026-05-26 16:57:43,432] 48 root - INFO - Started Regular Expression mapping
[ 2026-05-26 16:57:43,432] 24 root - INFO - Match heuristic business names to paybill payments
[ 2026-05-26 16:57:43,432] 173 root - INFO - Data transformation complete
[ 2026-05-26 16:57:43,432] 48 root - INFO - Started Regular Expression mapping
[ 2026-05-26 16:57:43,432] 173 root - INFO - Data transformation complete
[ 2026-05-26 16:57:43,433] 48 root - INFO - Started Regular Expression mapping
[ 2026-05-26 16:57:43,433] 173 root - INFO - Data transformation complete
[ 2026-05-26 16:57:43,433] 48 root - INFO - Started Regular Expression mapping
[ 2026-05-26 16:57:43,433] 173 root - INFO - Data transformation complete
[ 2026-05-26 16:57:43,433] 48 root - INFO - Started Regular Expression mapping
[ 2026-05-26 16:57:43,433] 173 root - INFO - Data transformation complete
[ 2026-05-26 16:57:43,434] 48 root - INFO - Started Regular Expression mapping
[ 2026-05-26 16:57:43,434] 173 root - INFO - Data transformation complete
[ 2026-05-26 16:57:43,434] 48 root - INFO - Started Regular Expression mapping
[ 2026-05-26 16:57:43,434] 173 root - INFO - Data transformation complete
[ 2026-05-26 16:57:43,434] 48 root - INFO - Started Regular Expression mapping
[ 2026-05-26 16:57:43,434] 173 root - INFO - Data transformation complete
[ 2026-05-26 16:57:43,434] 48 root - INFO - Started Regular Expression mapping
[ 2026-05-26 16:57:43,435] 173 root - INFO - Data transformation complete
[ 2026-05-26 16:57:43,435] 48 root - INFO - Started Regular Expression mapping
[ 2026-05-26 16:57:43,435] 24 root - INFO - Match heuristic business names to paybill payments
[ 2026-05-26 16:57:43,435] 173 root - INFO - Data transformation complete
[ 2026-05-26 16:57:43,435] 48 root - INFO - Started Regular Expression mapping
[ 2026-05-26 16:57:43,435] 24 root - INFO - Match heuristic business names to paybill payments
[ 2026-05-26 16:57:43,436] 173 root - INFO - Data transformation complete
[ 2026-05-26 16:57:43,436] 48 root - INFO - Started Regular Expression mapping
[ 2026-05-26 16:57:43,437] 173 root - INFO - Data transformation complete
[ 2026-05-26 16:57:43,437] 48 root - INFO - Started Regular Expression mapping
[ 2026-05-26 16:57:43,437] 24 root - INFO - Match heuristic business names to paybill payments
[ 2026-05-26 16:57:43,437] 173 root - INFO - Data transformation complete
[ 2026-05-26 16:57:43,437] 48 root - INFO - Started Regular Expression mapping
[ 2026-05-26 16:57:43,437] 173 root - INFO - Data transformation complete
[ 2026-05-26 16:57:43,437] 48 root - INFO - Started Regular Expression mapping
[ 2026-05-26 16:57:43,437] 173 root - INFO - Data transformation complete
[ 2026-05-26 16:57:43,437] 48 root - INFO - Started Regular Expression mapping
[ 2026-05-26 16:57:43,438] 173 root - INFO - Data transformation complete
[ 2026-05-26 16:57:43,438] 48 root - INFO - Started Regular Expression mapping
[ 2026-05-26 16:57:43,438] 173 root - INFO - Data transformation complete
[ 2026-05-26 16:57:43,438] 48 root - INFO - Started Regular Expression mapping
[ 2026-05-26 16:57:43,438] 173 root - INFO - Data transformation complete
[ 2026-05-26 16:57:43,439] 48 root - INFO - Started Regular Expression mapping
[ 2026-05-26 16:57:43,439] 173 root - INFO - Data transformation complete
[ 2026-05-26 16:57:43,439] 48 root - INFO - Started Regular Expression mapping
[ 2026-05-26 16:57:43,439] 173 root - INFO - Data transformation complete
[ 2026-05-26 16:57:43,439] 48 root - INFO - Started Regular Expression mapping
[ 2026-05-26 16:57:43,439] 173 root - INFO - Data transformation complete
[ 2026-05-26 16:57:43,439] 48 root - INFO - Started Regular Expression mapping
[ 2026-05-26 16:57:43,440] 173 root - INFO - Data transformation complete
[ 2026-05-26 16:57:43,440] 48 root - INFO - Started Regular Expression mapping
[ 2026-05-26 16:57:43,440] 173 root - INFO - Data transformation complete
[ 2026-05-26 16:57:43,440] 48 root - INFO - Started Regular Expression mapping
[ 2026-05-26 16:57:43,441] 173 root - INFO - Data transformation complete
[ 2026-05-26 16:57:43,441] 48 root - INFO - Started Regular Expression mapping
[ 2026-05-26 16:57:43,441] 173 root - INFO - Data transformation complete
[ 2026-05-26 16:57:43,441] 48 root - INFO - Started Regular Expression mapping
[ 2026-05-26 16:57:43,441] 24 root - INFO - Match heuristic business names to paybill payments
[ 2026-05-26 16:57:43,441] 173 root - INFO - Data transformation complete
[ 2026-05-26 16:57:43,441] 48 root - INFO - Started Regular Expression mapping
[ 2026-05-26 16:57:43,442] 173 root - INFO - Data transformation complete
[ 2026-05-26 16:57:43,442] 48 root - INFO - Started Regular Expression mapping
[ 2026-05-26 16:57:43,442] 173 root - INFO - Data transformation complete
[ 2026-05-26 16:57:43,442] 48 root - INFO - Started Regular Expression mapping
[ 2026-05-26 16:57:43,442] 173 root - INFO - Data transformation complete
[ 2026-05-26 16:57:43,442] 48 root - INFO - Started Regular Expression mapping
[ 2026-05-26 16:57:43,443] 173 root - INFO - Data transformation complete
[ 2026-05-26 16:57:43,443] 48 root - INFO - Started Regular Expression mapping
[ 2026-05-26 16:57:43,443] 173 root - INFO - Data transformation complete
[ 2026-05-26 16:57:43,443] 48 root - INFO - Started Regular Expression mapping
[ 2026-05-26 16:57:43,443] 173 root - INFO - Data transformation complete
[ 2026-05-26 16:57:43,443] 48 root - INFO - Started Regular Expression mapping
[ 2026-05-26 16:57:43,443] 173 root - INFO - Data transformation complete
[ 2026-05-26 16:57:43,444] 48 root - INFO - Started Regular Expression mapping
[ 2026-05-26 16:57:43,444] 173 root - INFO - Data transformation complete
[ 2026-05-26 16:57:43,444] 48 root - INFO - Started Regular Expression mapping
[ 2026-05-26 16:57:43,444] 173 root - INFO - Data transformation complete
[ 2026-05-26 16:57:43,444] 48 root - INFO - Started Regular Expression mapping
[ 2026-05-26 16:57:43,444] 173 root - INFO - Data transformation complete
[ 2026-05-26 16:57:43,444] 48 root - INFO - Started Regular Expression mapping
[ 2026-05-26 16:57:43,445] 173 root - INFO - Data transformation complete
[ 2026-05-26 16:57:43,445] 48 root - INFO - Started Regular Expression mapping
[ 2026-05-26 16:57:43,445] 173 root - INFO - Data transformation complete
[ 2026-05-26 16:57:43,445] 48 root - INFO - Started Regular Expression mapping
[ 2026-05-26 16:57:43,445] 173 root - INFO - Data transformation complete
[ 2026-05-26 16:57:43,445] 48 root - INFO - Started Regular Expression mapping
[ 2026-05-26 16:57:43,446] 173 root - INFO - Data transformation complete
[ 2026-05-26 16:57:43,446] 48 root - INFO - Started Regular Expression mapping
[ 2026-05-26 16:57:43,446] 173 root - INFO - Data transformation complete
[ 2026-05-26 16:57:43,446] 48 root - INFO - Started Regular Expression mapping
[ 2026-05-26 16:57:43,446] 24 root - INFO - Match heuristic business names to paybill payments
[ 2026-05-26 16:57:43,446] 173 root - INFO - Data transformation complete
[ 2026-05-26 16:57:43,446] 48 root - INFO - Started Regular Expression mapping
[ 2026-05-26 16:57:43,447] 173 root - INFO - Data transformation complete
[ 2026-05-26 16:57:43,447] 48 root - INFO - Started Regular Expression mapping
[ 2026-05-26 16:57:43,447] 24 root - INFO - Match heuristic business names to paybill payments
[ 2026-05-26 16:57:43,447] 173 root - INFO - Data transformation complete
[ 2026-05-26 16:57:43,447] 48 root - INFO - Started Regular Expression mapping
[ 2026-05-26 16:57:43,447] 173 root - INFO - Data transformation complete
[ 2026-05-26 16:57:43,447] 48 root - INFO - Started Regular Expression mapping
[ 2026-05-26 16:57:43,448] 173 root - INFO - Data transformation complete
[ 2026-05-26 16:57:43,448] 48 root - INFO - Started Regular Expression mapping
[ 2026-05-26 16:57:43,448] 173 root - INFO - Data transformation complete
[ 2026-05-26 16:57:43,448] 48 root - INFO - Started Regular Expression mapping
[ 2026-05-26 16:57:43,448] 173 root - INFO - Data transformation complete
[ 2026-05-26 16:57:43,448] 48 root - INFO - Started Regular Expression mapping
[ 2026-05-26 16:57:43,449] 173 root - INFO - Data transformation complete
[ 2026-05-26 16:57:43,449] 48 root - INFO - Started Regular Expression mapping
[ 2026-05-26 16:57:43,449] 173 root - INFO - Data transformation complete
[ 2026-05-26 16:57:43,449] 48 root - INFO - Started Regular Expression mapping
[ 2026-05-26 16:57:43,449] 173 root - INFO - Data transformation complete
[ 2026-05-26 16:57:43,449] 48 root - INFO - Started Regular Expression mapping
[ 2026-05-26 16:57:43,450] 173 root - INFO - Data transformation complete
[ 2026-05-26 16:57:43,450] 48 root - INFO - Started Regular Expression mapping
[ 2026-05-26 16:57:43,450] 173 root - INFO - Data transformation complete
[ 2026-05-26 16:57:43,450] 48 root - INFO - Started Regular Expression mapping
[ 2026-05-26 16:57:43,450] 173 root - INFO - Data transformation complete
[ 2026-05-26 16:57:43,450] 48 root - INFO - Started Regular Expression mapping
[ 2026-05-26 16:57:43,450] 24 root - INFO - Match heuristic business names to paybill payments
[ 2026-05-26 16:57:43,451] 173 root - INFO - Data transformation complete
[ 2026-05-26 16:57:43,451] 48 root - INFO - Started Regular Expression mapping
[ 2026-05-26 16:57:43,451] 173 root - INFO - Data transformation complete
[ 2026-05-26 16:57:43,451] 48 root - INFO - Started Regular Expression mapping
[ 2026-05-26 16:57:43,451] 173 root - INFO - Data transformation complete
[ 2026-05-26 16:57:43,451] 48 root - INFO - Started Regular Expression mapping
[ 2026-05-26 16:57:43,451] 173 root - INFO - Data transformation complete
[ 2026-05-26 16:57:43,452] 48 root - INFO - Started Regular Expression mapping
[ 2026-05-26 16:57:43,452] 173 root - INFO - Data transformation complete
[ 2026-05-26 16:57:43,452] 48 root - INFO - Started Regular Expression mapping
[ 2026-05-26 16:57:43,452] 173 root - INFO - Data transformation complete
[ 2026-05-26 16:57:43,452] 48 root - INFO - Started Regular Expression mapping
[ 2026-05-26 16:57:43,453] 173 root - INFO - Data transformation complete
[ 2026-05-26 16:57:43,453] 48 root - INFO - Started Regular Expression mapping
[ 2026-05-26 16:57:43,453] 173 root - INFO - Data transformation complete
[ 2026-05-26 16:57:43,453] 48 root - INFO - Started Regular Expression mapping
[ 2026-05-26 16:57:43,453] 173 root - INFO - Data transformation complete
[ 2026-05-26 16:57:43,453] 48 root - INFO - Started Regular Expression mapping
[ 2026-05-26 16:57:43,454] 173 root - INFO - Data transformation complete
[ 2026-05-26 16:57:43,454] 48 root - INFO - Started Regular Expression mapping
[ 2026-05-26 16:57:43,455] 173 root - INFO - Data transformation complete
[ 2026-05-26 16:57:43,455] 48 root - INFO - Started Regular Expression mapping
[ 2026-05-26 16:57:43,455] 173 root - INFO - Data transformation complete
[ 2026-05-26 16:57:43,455] 48 root - INFO - Started Regular Expression mapping
[ 2026-05-26 16:57:43,455] 173 root - INFO - Data transformation complete
[ 2026-05-26 16:57:43,456] 48 root - INFO - Started Regular Expression mapping
[ 2026-05-26 16:57:43,456] 173 root - INFO - Data transformation complete
[ 2026-05-26 16:57:43,456] 48 root - INFO - Started Regular Expression mapping
[ 2026-05-26 16:57:43,456] 173 root - INFO - Data transformation complete
[ 2026-05-26 16:57:43,456] 48 root - INFO - Started Regular Expression mapping
[ 2026-05-26 16:57:43,456] 173 root - INFO - Data transformation complete
[ 2026-05-26 16:57:43,457] 48 root - INFO - Started Regular Expression mapping
[ 2026-05-26 16:57:43,457] 24 root - INFO - Match heuristic business names to paybill payments
[ 2026-05-26 16:57:43,457] 173 root - INFO - Data transformation complete
[ 2026-05-26 16:57:43,457] 48 root - INFO - Started Regular Expression mapping
[ 2026-05-26 16:57:43,457] 173 root - INFO - Data transformation complete
[ 2026-05-26 16:57:43,457] 48 root - INFO - Started Regular Expression mapping
[ 2026-05-26 16:57:43,457] 173 root - INFO - Data transformation complete
[ 2026-05-26 16:57:43,458] 48 root - INFO - Started Regular Expression mapping
[ 2026-05-26 16:57:43,458] 173 root - INFO - Data transformation complete
[ 2026-05-26 16:57:43,458] 48 root - INFO - Started Regular Expression mapping
[ 2026-05-26 16:57:43,458] 173 root - INFO - Data transformation complete
[ 2026-05-26 16:57:43,458] 48 root - INFO - Started Regular Expression mapping
[ 2026-05-26 16:57:43,458] 173 root - INFO - Data transformation complete
[ 2026-05-26 16:57:43,459] 48 root - INFO - Started Regular Expression mapping
[ 2026-05-26 16:57:43,459] 173 root - INFO - Data transformation complete
[ 2026-05-26 16:57:43,459] 48 root - INFO - Started Regular Expression mapping
[ 2026-05-26 16:57:43,459] 173 root - INFO - Data transformation complete
[ 2026-05-26 16:57:43,459] 48 root - INFO - Started Regular Expression mapping
[ 2026-05-26 16:57:43,459] 173 root - INFO - Data transformation complete
[ 2026-05-26 16:57:43,459] 48 root - INFO - Started Regular Expression mapping
[ 2026-05-26 16:57:43,460] 173 root - INFO - Data transformation complete
[ 2026-05-26 16:57:43,460] 48 root - INFO - Started Regular Expression mapping
[ 2026-05-26 16:57:43,460] 173 root - INFO - Data transformation complete
[ 2026-05-26 16:57:43,460] 48 root - INFO - Started Regular Expression mapping
[ 2026-05-26 16:57:43,460] 173 root - INFO - Data transformation complete
[ 2026-05-26 16:57:43,460] 48 root - INFO - Started Regular Expression mapping
[ 2026-05-26 16:57:43,461] 173 root - INFO - Data transformation complete
[ 2026-05-26 16:57:43,461] 48 root - INFO - Started Regular Expression mapping
[ 2026-05-26 16:57:43,461] 173 root - INFO - Data transformation complete
[ 2026-05-26 16:57:43,461] 48 root - INFO - Started Regular Expression mapping
[ 2026-05-26 16:57:43,461] 173 root - INFO - Data transformation complete
[ 2026-05-26 16:57:43,462] 48 root - INFO - Started Regular Expression mapping
[ 2026-05-26 16:57:43,462] 173 root - INFO - Data transformation complete
[ 2026-05-26 16:57:43,462] 48 root - INFO - Started Regular Expression mapping
[ 2026-05-26 16:57:43,462] 173 root - INFO - Data transformation complete
[ 2026-05-26 16:57:43,462] 48 root - INFO - Started Regular Expression mapping
[ 2026-05-26 16:57:43,462] 173 root - INFO - Data transformation complete
[ 2026-05-26 16:57:43,463] 48 root - INFO - Started Regular Expression mapping
[ 2026-05-26 16:57:43,463] 173 root - INFO - Data transformation complete
[ 2026-05-26 16:57:43,463] 48 root - INFO - Started Regular Expression mapping
[ 2026-05-26 16:57:43,463] 173 root - INFO - Data transformation complete
[ 2026-05-26 16:57:43,463] 48 root - INFO - Started Regular Expression mapping
[ 2026-05-26 16:57:43,463] 173 root - INFO - Data transformation complete
[ 2026-05-26 16:57:43,463] 48 root - INFO - Started Regular Expression mapping
[ 2026-05-26 16:57:43,464] 173 root - INFO - Data transformation complete
[ 2026-05-26 16:57:43,464] 48 root - INFO - Started Regular Expression mapping
[ 2026-05-26 16:57:43,464] 173 root - INFO - Data transformation complete
[ 2026-05-26 16:57:43,464] 48 root - INFO - Started Regular Expression mapping
[ 2026-05-26 16:57:43,464] 173 root - INFO - Data transformation complete
[ 2026-05-26 16:57:43,464] 48 root - INFO - Started Regular Expression mapping
[ 2026-05-26 16:57:43,465] 173 root - INFO - Data transformation complete
[ 2026-05-26 16:57:43,465] 48 root - INFO - Started Regular Expression mapping
[ 2026-05-26 16:57:43,465] 24 root - INFO - Match heuristic business names to paybill payments
[ 2026-05-26 16:57:43,465] 173 root - INFO - Data transformation complete
[ 2026-05-26 16:57:43,465] 48 root - INFO - Started Regular Expression mapping
[ 2026-05-26 16:57:43,465] 173 root - INFO - Data transformation complete
[ 2026-05-26 16:57:43,465] 48 root - INFO - Started Regular Expression mapping
[ 2026-05-26 16:57:43,466] 173 root - INFO - Data transformation complete
[ 2026-05-26 16:57:43,466] 48 root - INFO - Started Regular Expression mapping
[ 2026-05-26 16:57:43,466] 173 root - INFO - Data transformation complete
[ 2026-05-26 16:57:43,466] 48 root - INFO - Started Regular Expression mapping
[ 2026-05-26 16:57:43,466] 173 root - INFO - Data transformation complete
[ 2026-05-26 16:57:43,466] 48 root - INFO - Started Regular Expression mapping
[ 2026-05-26 16:57:43,467] 173 root - INFO - Data transformation complete
[ 2026-05-26 16:57:43,467] 48 root - INFO - Started Regular Expression mapping
[ 2026-05-26 16:57:43,467] 173 root - INFO - Data transformation complete
[ 2026-05-26 16:57:43,467] 48 root - INFO - Started Regular Expression mapping
[ 2026-05-26 16:57:43,468] 173 root - INFO - Data transformation complete
[ 2026-05-26 16:57:43,468] 48 root - INFO - Started Regular Expression mapping
[ 2026-05-26 16:57:43,468] 173 root - INFO - Data transformation complete
[ 2026-05-26 16:57:43,468] 48 root - INFO - Started Regular Expression mapping
[ 2026-05-26 16:57:43,468] 173 root - INFO - Data transformation complete
[ 2026-05-26 16:57:43,469] 48 root - INFO - Started Regular Expression mapping
[ 2026-05-26 16:57:43,469] 24 root - INFO - Match heuristic business names to paybill payments
[ 2026-05-26 16:57:43,469] 173 root - INFO - Data transformation complete
[ 2026-05-26 16:57:43,469] 48 root - INFO - Started Regular Expression mapping
[ 2026-05-26 16:57:43,469] 173 root - INFO - Data transformation complete
[ 2026-05-26 16:57:43,470] 48 root - INFO - Started Regular Expression mapping
[ 2026-05-26 16:57:43,470] 173 root - INFO - Data transformation complete
[ 2026-05-26 16:57:43,470] 48 root - INFO - Started Regular Expression mapping
[ 2026-05-26 16:57:43,470] 173 root - INFO - Data transformation complete
[ 2026-05-26 16:57:43,471] 48 root - INFO - Started Regular Expression mapping
[ 2026-05-26 16:57:43,471] 173 root - INFO - Data transformation complete
[ 2026-05-26 16:57:43,471] 48 root - INFO - Started Regular Expression mapping
[ 2026-05-26 16:57:43,471] 173 root - INFO - Data transformation complete
[ 2026-05-26 16:57:43,472] 48 root - INFO - Started Regular Expression mapping
[ 2026-05-26 16:57:43,472] 173 root - INFO - Data transformation complete
[ 2026-05-26 16:57:43,472] 48 root - INFO - Started Regular Expression mapping
[ 2026-05-26 16:57:43,472] 173 root - INFO - Data transformation complete
[ 2026-05-26 16:57:43,472] 48 root - INFO - Started Regular Expression mapping
[ 2026-05-26 16:57:43,473] 173 root - INFO - Data transformation complete
[ 2026-05-26 16:57:43,473] 48 root - INFO - Started Regular Expression mapping
[ 2026-05-26 16:57:43,473] 173 root - INFO - Data transformation complete
[ 2026-05-26 16:57:43,473] 48 root - INFO - Started Regular Expression mapping
[ 2026-05-26 16:57:43,473] 173 root - INFO - Data transformation complete
[ 2026-05-26 16:57:43,473] 48 root - INFO - Started Regular Expression mapping
[ 2026-05-26 16:57:43,474] 173 root - INFO - Data transformation complete
[ 2026-05-26 16:57:43,474] 48 root - INFO - Started Regular Expression mapping
[ 2026-05-26 16:57:43,474] 173 root - INFO - Data transformation complete
[ 2026-05-26 16:57:43,474] 48 root - INFO - Started Regular Expression mapping
[ 2026-05-26 16:57:43,474] 173 root - INFO - Data transformation complete
[ 2026-05-26 16:57:43,474] 48 root - INFO - Started Regular Expression mapping
[ 2026-05-26 16:57:43,475] 173 root - INFO - Data transformation complete
[ 2026-05-26 16:57:43,475] 48 root - INFO - Started Regular Expression mapping
[ 2026-05-26 16:57:43,475] 173 root - INFO - Data transformation complete
[ 2026-05-26 16:57:43,475] 48 root - INFO - Started Regular Expression mapping
[ 2026-05-26 16:57:43,475] 173 root - INFO - Data transformation complete
[ 2026-05-26 16:57:43,475] 48 root - INFO - Started Regular Expression mapping
[ 2026-05-26 16:57:43,476] 173 root - INFO - Data transformation complete
[ 2026-05-26 16:57:43,476] 48 root - INFO - Started Regular Expression mapping
[ 2026-05-26 16:57:43,476] 173 root - INFO - Data transformation complete
[ 2026-05-26 16:57:43,476] 48 root - INFO - Started Regular Expression mapping
[ 2026-05-26 16:57:43,476] 24 root - INFO - Match heuristic business names to paybill payments
[ 2026-05-26 16:57:43,476] 173 root - INFO - Data transformation complete
[ 2026-05-26 16:57:43,476] 48 root - INFO - Started Regular Expression mapping
[ 2026-05-26 16:57:43,477] 173 root - INFO - Data transformation complete
[ 2026-05-26 16:57:43,477] 48 root - INFO - Started Regular Expression mapping
[ 2026-05-26 16:57:43,477] 173 root - INFO - Data transformation complete
[ 2026-05-26 16:57:43,477] 48 root - INFO - Started Regular Expression mapping
[ 2026-05-26 16:57:43,477] 173 root - INFO - Data transformation complete
[ 2026-05-26 16:57:43,477] 48 root - INFO - Started Regular Expression mapping
[ 2026-05-26 16:57:43,478] 24 root - INFO - Match heuristic business names to paybill payments
[ 2026-05-26 16:57:43,478] 173 root - INFO - Data transformation complete
[ 2026-05-26 16:57:43,478] 48 root - INFO - Started Regular Expression mapping
[ 2026-05-26 16:57:43,478] 173 root - INFO - Data transformation complete
[ 2026-05-26 16:57:43,478] 48 root - INFO - Started Regular Expression mapping
[ 2026-05-26 16:57:43,478] 173 root - INFO - Data transformation complete
[ 2026-05-26 16:57:43,478] 48 root - INFO - Started Regular Expression mapping
[ 2026-05-26 16:57:43,479] 173 root - INFO - Data transformation complete
[ 2026-05-26 16:57:43,479] 48 root - INFO - Started Regular Expression mapping
[ 2026-05-26 16:57:43,479] 173 root - INFO - Data transformation complete
[ 2026-05-26 16:57:43,479] 48 root - INFO - Started Regular Expression mapping
[ 2026-05-26 16:57:43,479] 173 root - INFO - Data transformation complete
[ 2026-05-26 16:57:43,480] 48 root - INFO - Started Regular Expression mapping
[ 2026-05-26 16:57:43,480] 173 root - INFO - Data transformation complete
[ 2026-05-26 16:57:43,480] 48 root - INFO - Started Regular Expression mapping
[ 2026-05-26 16:57:43,480] 173 root - INFO - Data transformation complete
[ 2026-05-26 16:57:43,480] 48 root - INFO - Started Regular Expression mapping
[ 2026-05-26 16:57:43,480] 173 root - INFO - Data transformation complete
[ 2026-05-26 16:57:43,481] 48 root - INFO - Started Regular Expression mapping
[ 2026-05-26 16:57:43,481] 173 root - INFO - Data transformation complete
[ 2026-05-26 16:57:43,481] 48 root - INFO - Started Regular Expression mapping
[ 2026-05-26 16:57:43,481] 173 root - INFO - Data transformation complete
[ 2026-05-26 16:57:43,481] 48 root - INFO - Started Regular Expression mapping
[ 2026-05-26 16:57:43,482] 173 root - INFO - Data transformation complete
[ 2026-05-26 16:57:43,482] 48 root - INFO - Started Regular Expression mapping
[ 2026-05-26 16:57:43,482] 173 root - INFO - Data transformation complete
[ 2026-05-26 16:57:43,482] 48 root - INFO - Started Regular Expression mapping
[ 2026-05-26 16:57:43,482] 173 root - INFO - Data transformation complete
[ 2026-05-26 16:57:43,482] 48 root - INFO - Started Regular Expression mapping
[ 2026-05-26 16:57:43,483] 173 root - INFO - Data transformation complete
[ 2026-05-26 16:57:43,483] 48 root - INFO - Started Regular Expression mapping
[ 2026-05-26 16:57:43,483] 173 root - INFO - Data transformation complete
[ 2026-05-26 16:57:43,483] 48 root - INFO - Started Regular Expression mapping
[ 2026-05-26 16:57:43,484] 173 root - INFO - Data transformation complete
[ 2026-05-26 16:57:43,484] 48 root - INFO - Started Regular Expression mapping
[ 2026-05-26 16:57:43,484] 173 root - INFO - Data transformation complete
[ 2026-05-26 16:57:43,484] 48 root - INFO - Started Regular Expression mapping
[ 2026-05-26 16:57:43,484] 173 root - INFO - Data transformation complete
[ 2026-05-26 16:57:43,485] 48 root - INFO - Started Regular Expression mapping
[ 2026-05-26 16:57:43,485] 173 root - INFO - Data transformation complete
[ 2026-05-26 16:57:43,485] 48 root - INFO - Started Regular Expression mapping
[ 2026-05-26 16:57:43,485] 173 root - INFO - Data transformation complete
[ 2026-05-26 16:57:43,485] 48 root - INFO - Started Regular Expression mapping
[ 2026-05-26 16:57:43,486] 173 root - INFO - Data transformation complete
[ 2026-05-26 16:57:43,486] 48 root - INFO - Started Regular Expression mapping
[ 2026-05-26 16:57:43,486] 173 root - INFO - Data transformation complete
[ 2026-05-26 16:57:43,486] 48 root - INFO - Started Regular Expression mapping
[ 2026-05-26 16:57:43,486] 173 root - INFO - Data transformation complete
[ 2026-05-26 16:57:43,486] 48 root - INFO - Started Regular Expression mapping
[ 2026-05-26 16:57:43,487] 173 root - INFO - Data transformation complete
[ 2026-05-26 16:57:43,487] 48 root - INFO - Started Regular Expression mapping
[ 2026-05-26 16:57:43,487] 173 root - INFO - Data transformation complete
[ 2026-05-26 16:57:43,487] 48 root - INFO - Started Regular Expression mapping
[ 2026-05-26 16:57:43,488] 173 root - INFO - Data transformation complete
[ 2026-05-26 16:57:43,488] 48 root - INFO - Started Regular Expression mapping
[ 2026-05-26 16:57:43,488] 173 root - INFO - Data transformation complete
[ 2026-05-26 16:57:43,488] 48 root - INFO - Started Regular Expression mapping
[ 2026-05-26 16:57:43,488] 173 root - INFO - Data transformation complete
[ 2026-05-26 16:57:43,488] 48 root - INFO - Started Regular Expression mapping
[ 2026-05-26 16:57:43,489] 173 root - INFO - Data transformation complete
[ 2026-05-26 16:57:43,489] 48 root - INFO - Started Regular Expression mapping
[ 2026-05-26 16:57:43,489] 173 root - INFO - Data transformation complete
[ 2026-05-26 16:57:43,489] 48 root - INFO - Started Regular Expression mapping
[ 2026-05-26 16:57:43,489] 173 root - INFO - Data transformation complete
[ 2026-05-26 16:57:43,489] 48 root - INFO - Started Regular Expression mapping
[ 2026-05-26 16:57:43,490] 173 root - INFO - Data transformation complete
[ 2026-05-26 16:57:43,490] 48 root - INFO - Started Regular Expression mapping
[ 2026-05-26 16:57:43,490] 173 root - INFO - Data transformation complete
[ 2026-05-26 16:57:43,490] 48 root - INFO - Started Regular Expression mapping
[ 2026-05-26 16:57:43,490] 173 root - INFO - Data transformation complete
[ 2026-05-26 16:57:43,490] 48 root - INFO - Started Regular Expression mapping
[ 2026-05-26 16:57:43,491] 24 root - INFO - Match heuristic business names to paybill payments
[ 2026-05-26 16:57:43,491] 173 root - INFO - Data transformation complete
[ 2026-05-26 16:57:43,491] 48 root - INFO - Started Regular Expression mapping
[ 2026-05-26 16:57:43,491] 173 root - INFO - Data transformation complete
[ 2026-05-26 16:57:43,491] 48 root - INFO - Started Regular Expression mapping
[ 2026-05-26 16:57:43,491] 173 root - INFO - Data transformation complete
[ 2026-05-26 16:57:43,492] 48 root - INFO - Started Regular Expression mapping
[ 2026-05-26 16:57:43,492] 24 root - INFO - Match heuristic business names to paybill payments
[ 2026-05-26 16:57:43,492] 173 root - INFO - Data transformation complete
[ 2026-05-26 16:57:43,492] 48 root - INFO - Started Regular Expression mapping
[ 2026-05-26 16:57:43,492] 173 root - INFO - Data transformation complete
[ 2026-05-26 16:57:43,492] 48 root - INFO - Started Regular Expression mapping
[ 2026-05-26 16:57:43,492] 24 root - INFO - Match heuristic business names to paybill payments
[ 2026-05-26 16:57:43,493] 173 root - INFO - Data transformation complete
[ 2026-05-26 16:57:43,493] 48 root - INFO - Started Regular Expression mapping
[ 2026-05-26 16:57:43,493] 173 root - INFO - Data transformation complete
[ 2026-05-26 16:57:43,493] 48 root - INFO - Started Regular Expression mapping
[ 2026-05-26 16:57:43,493] 173 root - INFO - Data transformation complete
[ 2026-05-26 16:57:43,493] 48 root - INFO - Started Regular Expression mapping
[ 2026-05-26 16:57:43,494] 173 root - INFO - Data transformation complete
[ 2026-05-26 16:57:43,494] 48 root - INFO - Started Regular Expression mapping
[ 2026-05-26 16:57:43,494] 173 root - INFO - Data transformation complete
[ 2026-05-26 16:57:43,494] 48 root - INFO - Started Regular Expression mapping
[ 2026-05-26 16:57:43,494] 173 root - INFO - Data transformation complete
[ 2026-05-26 16:57:43,494] 48 root - INFO - Started Regular Expression mapping
[ 2026-05-26 16:57:43,494] 24 root - INFO - Match heuristic business names to paybill payments
[ 2026-05-26 16:57:43,495] 173 root - INFO - Data transformation complete
[ 2026-05-26 16:57:43,495] 48 root - INFO - Started Regular Expression mapping
[ 2026-05-26 16:57:43,495] 173 root - INFO - Data transformation complete
[ 2026-05-26 16:57:43,495] 48 root - INFO - Started Regular Expression mapping
[ 2026-05-26 16:57:43,495] 173 root - INFO - Data transformation complete
[ 2026-05-26 16:57:43,495] 48 root - INFO - Started Regular Expression mapping
[ 2026-05-26 16:57:43,496] 173 root - INFO - Data transformation complete
[ 2026-05-26 16:57:43,496] 48 root - INFO - Started Regular Expression mapping
[ 2026-05-26 16:57:43,496] 173 root - INFO - Data transformation complete
[ 2026-05-26 16:57:43,496] 48 root - INFO - Started Regular Expression mapping
[ 2026-05-26 16:57:43,496] 173 root - INFO - Data transformation complete
[ 2026-05-26 16:57:43,496] 48 root - INFO - Started Regular Expression mapping
[ 2026-05-26 16:57:43,496] 173 root - INFO - Data transformation complete
[ 2026-05-26 16:57:43,497] 48 root - INFO - Started Regular Expression mapping
[ 2026-05-26 16:57:43,497] 173 root - INFO - Data transformation complete
[ 2026-05-26 16:57:43,497] 48 root - INFO - Started Regular Expression mapping
[ 2026-05-26 16:57:43,497] 173 root - INFO - Data transformation complete
[ 2026-05-26 16:57:43,497] 48 root - INFO - Started Regular Expression mapping
[ 2026-05-26 16:57:43,497] 173 root - INFO - Data transformation complete
[ 2026-05-26 16:57:43,497] 48 root - INFO - Started Regular Expression mapping
[ 2026-05-26 16:57:43,498] 173 root - INFO - Data transformation complete
[ 2026-05-26 16:57:43,498] 48 root - INFO - Started Regular Expression mapping
[ 2026-05-26 16:57:43,498] 173 root - INFO - Data transformation complete
[ 2026-05-26 16:57:43,498] 48 root - INFO - Started Regular Expression mapping
[ 2026-05-26 16:57:43,498] 173 root - INFO - Data transformation complete
[ 2026-05-26 16:57:43,498] 48 root - INFO - Started Regular Expression mapping
[ 2026-05-26 16:57:43,499] 173 root - INFO - Data transformation complete
[ 2026-05-26 16:57:43,499] 48 root - INFO - Started Regular Expression mapping
[ 2026-05-26 16:57:43,499] 173 root - INFO - Data transformation complete
[ 2026-05-26 16:57:43,499] 48 root - INFO - Started Regular Expression mapping
[ 2026-05-26 16:57:43,499] 173 root - INFO - Data transformation complete
[ 2026-05-26 16:57:43,499] 48 root - INFO - Started Regular Expression mapping
[ 2026-05-26 16:57:43,500] 173 root - INFO - Data transformation complete
[ 2026-05-26 16:57:43,500] 48 root - INFO - Started Regular Expression mapping
[ 2026-05-26 16:57:43,500] 173 root - INFO - Data transformation complete
[ 2026-05-26 16:57:43,500] 48 root - INFO - Started Regular Expression mapping
[ 2026-05-26 16:57:43,500] 173 root - INFO - Data transformation complete
[ 2026-05-26 16:57:43,500] 48 root - INFO - Started Regular Expression mapping
[ 2026-05-26 16:57:43,500] 173 root - INFO - Data transformation complete
[ 2026-05-26 16:57:43,501] 48 root - INFO - Started Regular Expression mapping
[ 2026-05-26 16:57:43,501] 173 root - INFO - Data transformation complete
[ 2026-05-26 16:57:43,501] 48 root - INFO - Started Regular Expression mapping
[ 2026-05-26 16:57:43,501] 173 root - INFO - Data transformation complete
[ 2026-05-26 16:57:43,501] 48 root - INFO - Started Regular Expression mapping
[ 2026-05-26 16:57:43,501] 173 root - INFO - Data transformation complete
[ 2026-05-26 16:57:43,501] 48 root - INFO - Started Regular Expression mapping
[ 2026-05-26 16:57:43,502] 173 root - INFO - Data transformation complete
[ 2026-05-26 16:57:43,502] 48 root - INFO - Started Regular Expression mapping
[ 2026-05-26 16:57:43,502] 173 root - INFO - Data transformation complete
[ 2026-05-26 16:57:43,502] 48 root - INFO - Started Regular Expression mapping
[ 2026-05-26 16:57:43,502] 173 root - INFO - Data transformation complete
[ 2026-05-26 16:57:43,502] 48 root - INFO - Started Regular Expression mapping
[ 2026-05-26 16:57:43,503] 173 root - INFO - Data transformation complete
[ 2026-05-26 16:57:43,503] 48 root - INFO - Started Regular Expression mapping
[ 2026-05-26 16:57:43,503] 173 root - INFO - Data transformation complete
[ 2026-05-26 16:57:43,503] 48 root - INFO - Started Regular Expression mapping
[ 2026-05-26 16:57:43,504] 173 root - INFO - Data transformation complete
[ 2026-05-26 16:57:43,504] 48 root - INFO - Started Regular Expression mapping
[ 2026-05-26 16:57:43,504] 173 root - INFO - Data transformation complete
[ 2026-05-26 16:57:43,504] 48 root - INFO - Started Regular Expression mapping
[ 2026-05-26 16:57:43,504] 173 root - INFO - Data transformation complete
[ 2026-05-26 16:57:43,504] 48 root - INFO - Started Regular Expression mapping
[ 2026-05-26 16:57:43,505] 173 root - INFO - Data transformation complete
[ 2026-05-26 16:57:43,505] 48 root - INFO - Started Regular Expression mapping
[ 2026-05-26 16:57:43,505] 173 root - INFO - Data transformation complete
[ 2026-05-26 16:57:43,505] 48 root - INFO - Started Regular Expression mapping
[ 2026-05-26 16:57:43,505] 173 root - INFO - Data transformation complete
[ 2026-05-26 16:57:43,505] 48 root - INFO - Started Regular Expression mapping
[ 2026-05-26 16:57:43,506] 173 root - INFO - Data transformation complete
[ 2026-05-26 16:57:43,506] 48 root - INFO - Started Regular Expression mapping
[ 2026-05-26 16:57:43,506] 173 root - INFO - Data transformation complete
[ 2026-05-26 16:57:43,506] 48 root - INFO - Started Regular Expression mapping
[ 2026-05-26 16:57:43,506] 173 root - INFO - Data transformation complete
[ 2026-05-26 16:57:43,506] 48 root - INFO - Started Regular Expression mapping
[ 2026-05-26 16:57:43,507] 173 root - INFO - Data transformation complete
[ 2026-05-26 16:57:43,507] 48 root - INFO - Started Regular Expression mapping
[ 2026-05-26 16:57:43,507] 173 root - INFO - Data transformation complete
[ 2026-05-26 16:57:43,507] 48 root - INFO - Started Regular Expression mapping
[ 2026-05-26 16:57:43,507] 173 root - INFO - Data transformation complete
[ 2026-05-26 16:57:43,507] 48 root - INFO - Started Regular Expression mapping
[ 2026-05-26 16:57:43,508] 173 root - INFO - Data transformation complete
[ 2026-05-26 16:57:43,508] 48 root - INFO - Started Regular Expression mapping
[ 2026-05-26 16:57:43,508] 173 root - INFO - Data transformation complete
[ 2026-05-26 16:57:43,508] 48 root - INFO - Started Regular Expression mapping
[ 2026-05-26 16:57:43,508] 173 root - INFO - Data transformation complete
[ 2026-05-26 16:57:43,508] 48 root - INFO - Started Regular Expression mapping
[ 2026-05-26 16:57:43,508] 173 root - INFO - Data transformation complete
[ 2026-05-26 16:57:43,509] 48 root - INFO - Started Regular Expression mapping
[ 2026-05-26 16:57:43,509] 173 root - INFO - Data transformation complete
[ 2026-05-26 16:57:43,509] 48 root - INFO - Started Regular Expression mapping
[ 2026-05-26 16:57:43,509] 173 root - INFO - Data transformation complete
[ 2026-05-26 16:57:43,509] 48 root - INFO - Started Regular Expression mapping
[ 2026-05-26 16:57:43,509] 173 root - INFO - Data transformation complete
[ 2026-05-26 16:57:43,509] 48 root - INFO - Started Regular Expression mapping
[ 2026-05-26 16:57:43,510] 173 root - INFO - Data transformation complete
[ 2026-05-26 16:57:43,510] 48 root - INFO - Started Regular Expression mapping
[ 2026-05-26 16:57:43,510] 173 root - INFO - Data transformation complete
[ 2026-05-26 16:57:43,510] 48 root - INFO - Started Regular Expression mapping
[ 2026-05-26 16:57:43,510] 173 root - INFO - Data transformation complete
[ 2026-05-26 16:57:43,510] 48 root - INFO - Started Regular Expression mapping
[ 2026-05-26 16:57:43,511] 173 root - INFO - Data transformation complete
[ 2026-05-26 16:57:43,511] 48 root - INFO - Started Regular Expression mapping
[ 2026-05-26 16:57:43,511] 173 root - INFO - Data transformation complete
[ 2026-05-26 16:57:43,511] 48 root - INFO - Started Regular Expression mapping
[ 2026-05-26 16:57:43,511] 173 root - INFO - Data transformation complete
[ 2026-05-26 16:57:43,511] 48 root - INFO - Started Regular Expression mapping
[ 2026-05-26 16:57:43,511] 173 root - INFO - Data transformation complete
[ 2026-05-26 16:57:43,512] 48 root - INFO - Started Regular Expression mapping
[ 2026-05-26 16:57:43,512] 173 root - INFO - Data transformation complete
[ 2026-05-26 16:57:43,512] 48 root - INFO - Started Regular Expression mapping
[ 2026-05-26 16:57:43,512] 173 root - INFO - Data transformation complete
[ 2026-05-26 16:57:43,512] 48 root - INFO - Started Regular Expression mapping
[ 2026-05-26 16:57:43,512] 173 root - INFO - Data transformation complete
[ 2026-05-26 16:57:43,512] 48 root - INFO - Started Regular Expression mapping
[ 2026-05-26 16:57:43,513] 173 root - INFO - Data transformation complete
[ 2026-05-26 16:57:43,513] 48 root - INFO - Started Regular Expression mapping
[ 2026-05-26 16:57:43,513] 173 root - INFO - Data transformation complete
[ 2026-05-26 16:57:43,513] 48 root - INFO - Started Regular Expression mapping
[ 2026-05-26 16:57:43,513] 173 root - INFO - Data transformation complete
[ 2026-05-26 16:57:43,513] 48 root - INFO - Started Regular Expression mapping
[ 2026-05-26 16:57:43,514] 173 root - INFO - Data transformation complete
[ 2026-05-26 16:57:43,514] 48 root - INFO - Started Regular Expression mapping
[ 2026-05-26 16:57:43,514] 173 root - INFO - Data transformation complete
[ 2026-05-26 16:57:43,514] 48 root - INFO - Started Regular Expression mapping
[ 2026-05-26 16:57:43,514] 173 root - INFO - Data transformation complete
[ 2026-05-26 16:57:43,514] 48 root - INFO - Started Regular Expression mapping
[ 2026-05-26 16:57:43,515] 173 root - INFO - Data transformation complete
[ 2026-05-26 16:57:43,515] 48 root - INFO - Started Regular Expression mapping
[ 2026-05-26 16:57:43,515] 173 root - INFO - Data transformation complete
[ 2026-05-26 16:57:43,515] 48 root - INFO - Started Regular Expression mapping
[ 2026-05-26 16:57:43,515] 173 root - INFO - Data transformation complete
[ 2026-05-26 16:57:43,515] 48 root - INFO - Started Regular Expression mapping
[ 2026-05-26 16:57:43,516] 173 root - INFO - Data transformation complete
[ 2026-05-26 16:57:43,516] 48 root - INFO - Started Regular Expression mapping
[ 2026-05-26 16:57:43,516] 173 root - INFO - Data transformation complete
[ 2026-05-26 16:57:43,516] 48 root - INFO - Started Regular Expression mapping
[ 2026-05-26 16:57:43,516] 173 root - INFO - Data transformation complete
[ 2026-05-26 16:57:43,516] 48 root - INFO - Started Regular Expression mapping
[ 2026-05-26 16:57:43,517] 173 root - INFO - Data transformation complete
[ 2026-05-26 16:57:43,517] 48 root - INFO - Started Regular Expression mapping
[ 2026-05-26 16:57:43,517] 173 root - INFO - Data transformation complete
[ 2026-05-26 16:57:43,517] 48 root - INFO - Started Regular Expression mapping
[ 2026-05-26 16:57:43,517] 173 root - INFO - Data transformation complete
[ 2026-05-26 16:57:43,517] 48 root - INFO - Started Regular Expression mapping
[ 2026-05-26 16:57:43,517] 173 root - INFO - Data transformation complete
[ 2026-05-26 16:57:43,518] 48 root - INFO - Started Regular Expression mapping
[ 2026-05-26 16:57:43,518] 173 root - INFO - Data transformation complete
[ 2026-05-26 16:57:43,518] 48 root - INFO - Started Regular Expression mapping
[ 2026-05-26 16:57:43,518] 173 root - INFO - Data transformation complete
[ 2026-05-26 16:57:43,518] 48 root - INFO - Started Regular Expression mapping
[ 2026-05-26 16:57:43,518] 173 root - INFO - Data transformation complete
[ 2026-05-26 16:57:43,518] 48 root - INFO - Started Regular Expression mapping
[ 2026-05-26 16:57:43,519] 173 root - INFO - Data transformation complete
[ 2026-05-26 16:57:43,519] 48 root - INFO - Started Regular Expression mapping
[ 2026-05-26 16:57:43,519] 173 root - INFO - Data transformation complete
[ 2026-05-26 16:57:43,519] 48 root - INFO - Started Regular Expression mapping
[ 2026-05-26 16:57:43,519] 173 root - INFO - Data transformation complete
[ 2026-05-26 16:57:43,520] 48 root - INFO - Started Regular Expression mapping
[ 2026-05-26 16:57:43,520] 24 root - INFO - Match heuristic business names to paybill payments
[ 2026-05-26 16:57:43,520] 173 root - INFO - Data transformation complete
[ 2026-05-26 16:57:43,520] 48 root - INFO - Started Regular Expression mapping
[ 2026-05-26 16:57:43,520] 173 root - INFO - Data transformation complete
[ 2026-05-26 16:57:43,521] 48 root - INFO - Started Regular Expression mapping
[ 2026-05-26 16:57:43,521] 173 root - INFO - Data transformation complete
[ 2026-05-26 16:57:43,521] 48 root - INFO - Started Regular Expression mapping
[ 2026-05-26 16:57:43,521] 173 root - INFO - Data transformation complete
[ 2026-05-26 16:57:43,522] 48 root - INFO - Started Regular Expression mapping
[ 2026-05-26 16:57:43,522] 173 root - INFO - Data transformation complete
[ 2026-05-26 16:57:43,522] 48 root - INFO - Started Regular Expression mapping
[ 2026-05-26 16:57:43,523] 173 root - INFO - Data transformation complete
[ 2026-05-26 16:57:43,523] 48 root - INFO - Started Regular Expression mapping
[ 2026-05-26 16:57:43,523] 173 root - INFO - Data transformation complete
[ 2026-05-26 16:57:43,523] 48 root - INFO - Started Regular Expression mapping
[ 2026-05-26 16:57:43,523] 173 root - INFO - Data transformation complete
[ 2026-05-26 16:57:43,523] 48 root - INFO - Started Regular Expression mapping
[ 2026-05-26 16:57:43,524] 173 root - INFO - Data transformation complete
[ 2026-05-26 16:57:43,524] 48 root - INFO - Started Regular Expression mapping
[ 2026-05-26 16:57:43,524] 173 root - INFO - Data transformation complete
[ 2026-05-26 16:57:43,524] 48 root - INFO - Started Regular Expression mapping
[ 2026-05-26 16:57:43,524] 173 root - INFO - Data transformation complete
[ 2026-05-26 16:57:43,525] 48 root - INFO - Started Regular Expression mapping
[ 2026-05-26 16:57:43,525] 173 root - INFO - Data transformation complete
[ 2026-05-26 16:57:43,525] 48 root - INFO - Started Regular Expression mapping
[ 2026-05-26 16:57:43,525] 173 root - INFO - Data transformation complete
[ 2026-05-26 16:57:43,525] 48 root - INFO - Started Regular Expression mapping
[ 2026-05-26 16:57:43,526] 173 root - INFO - Data transformation complete
[ 2026-05-26 16:57:43,526] 48 root - INFO - Started Regular Expression mapping
[ 2026-05-26 16:57:43,526] 173 root - INFO - Data transformation complete
[ 2026-05-26 16:57:43,526] 48 root - INFO - Started Regular Expression mapping
[ 2026-05-26 16:57:43,526] 173 root - INFO - Data transformation complete
[ 2026-05-26 16:57:43,526] 48 root - INFO - Started Regular Expression mapping
[ 2026-05-26 16:57:43,527] 173 root - INFO - Data transformation complete
[ 2026-05-26 16:57:43,527] 48 root - INFO - Started Regular Expression mapping
[ 2026-05-26 16:57:43,527] 173 root - INFO - Data transformation complete
[ 2026-05-26 16:57:43,527] 48 root - INFO - Started Regular Expression mapping
[ 2026-05-26 16:57:43,527] 173 root - INFO - Data transformation complete
[ 2026-05-26 16:57:43,528] 48 root - INFO - Started Regular Expression mapping
[ 2026-05-26 16:57:43,528] 173 root - INFO - Data transformation complete
[ 2026-05-26 16:57:43,528] 48 root - INFO - Started Regular Expression mapping
[ 2026-05-26 16:57:43,528] 173 root - INFO - Data transformation complete
[ 2026-05-26 16:57:43,528] 48 root - INFO - Started Regular Expression mapping
[ 2026-05-26 16:57:43,528] 173 root - INFO - Data transformation complete
[ 2026-05-26 16:57:43,529] 48 root - INFO - Started Regular Expression mapping
[ 2026-05-26 16:57:43,529] 173 root - INFO - Data transformation complete
[ 2026-05-26 16:57:43,529] 48 root - INFO - Started Regular Expression mapping
[ 2026-05-26 16:57:43,529] 173 root - INFO - Data transformation complete
[ 2026-05-26 16:57:43,529] 48 root - INFO - Started Regular Expression mapping
[ 2026-05-26 16:57:43,530] 173 root - INFO - Data transformation complete
[ 2026-05-26 16:57:43,530] 48 root - INFO - Started Regular Expression mapping
[ 2026-05-26 16:57:43,530] 173 root - INFO - Data transformation complete
[ 2026-05-26 16:57:43,530] 48 root - INFO - Started Regular Expression mapping
[ 2026-05-26 16:57:43,530] 173 root - INFO - Data transformation complete
[ 2026-05-26 16:57:43,531] 48 root - INFO - Started Regular Expression mapping
[ 2026-05-26 16:57:43,531] 173 root - INFO - Data transformation complete
[ 2026-05-26 16:57:43,532] 48 root - INFO - Started Regular Expression mapping
[ 2026-05-26 16:57:43,532] 24 root - INFO - Match heuristic business names to paybill payments
[ 2026-05-26 16:57:43,532] 173 root - INFO - Data transformation complete
[ 2026-05-26 16:57:43,532] 48 root - INFO - Started Regular Expression mapping
[ 2026-05-26 16:57:43,532] 173 root - INFO - Data transformation complete
[ 2026-05-26 16:57:43,532] 48 root - INFO - Started Regular Expression mapping
[ 2026-05-26 16:57:43,533] 173 root - INFO - Data transformation complete
[ 2026-05-26 16:57:43,533] 48 root - INFO - Started Regular Expression mapping
[ 2026-05-26 16:57:43,533] 173 root - INFO - Data transformation complete
[ 2026-05-26 16:57:43,533] 48 root - INFO - Started Regular Expression mapping
[ 2026-05-26 16:57:43,533] 173 root - INFO - Data transformation complete
[ 2026-05-26 16:57:43,534] 48 root - INFO - Started Regular Expression mapping
[ 2026-05-26 16:57:43,534] 173 root - INFO - Data transformation complete
[ 2026-05-26 16:57:43,534] 48 root - INFO - Started Regular Expression mapping
[ 2026-05-26 16:57:43,534] 173 root - INFO - Data transformation complete
[ 2026-05-26 16:57:43,534] 48 root - INFO - Started Regular Expression mapping
[ 2026-05-26 16:57:43,535] 173 root - INFO - Data transformation complete
[ 2026-05-26 16:57:43,535] 48 root - INFO - Started Regular Expression mapping
[ 2026-05-26 16:57:43,535] 173 root - INFO - Data transformation complete
[ 2026-05-26 16:57:43,535] 48 root - INFO - Started Regular Expression mapping
[ 2026-05-26 16:57:43,535] 173 root - INFO - Data transformation complete
[ 2026-05-26 16:57:43,535] 48 root - INFO - Started Regular Expression mapping
[ 2026-05-26 16:57:43,536] 173 root - INFO - Data transformation complete
[ 2026-05-26 16:57:43,536] 48 root - INFO - Started Regular Expression mapping
[ 2026-05-26 16:57:43,536] 173 root - INFO - Data transformation complete
[ 2026-05-26 16:57:43,536] 48 root - INFO - Started Regular Expression mapping
[ 2026-05-26 16:57:43,537] 173 root - INFO - Data transformation complete
[ 2026-05-26 16:57:43,537] 48 root - INFO - Started Regular Expression mapping
[ 2026-05-26 16:57:43,537] 173 root - INFO - Data transformation complete
[ 2026-05-26 16:57:43,537] 48 root - INFO - Started Regular Expression mapping
[ 2026-05-26 16:57:43,538] 173 root - INFO - Data transformation complete
[ 2026-05-26 16:57:43,538] 48 root - INFO - Started Regular Expression mapping
[ 2026-05-26 16:57:43,538] 173 root - INFO - Data transformation complete
[ 2026-05-26 16:57:43,538] 48 root - INFO - Started Regular Expression mapping
[ 2026-05-26 16:57:43,539] 173 root - INFO - Data transformation complete
[ 2026-05-26 16:57:43,539] 48 root - INFO - Started Regular Expression mapping
[ 2026-05-26 16:57:43,539] 173 root - INFO - Data transformation complete
[ 2026-05-26 16:57:43,539] 48 root - INFO - Started Regular Expression mapping
[ 2026-05-26 16:57:43,539] 173 root - INFO - Data transformation complete
[ 2026-05-26 16:57:43,539] 48 root - INFO - Started Regular Expression mapping
[ 2026-05-26 16:57:43,540] 173 root - INFO - Data transformation complete
[ 2026-05-26 16:57:43,540] 48 root - INFO - Started Regular Expression mapping
[ 2026-05-26 16:57:43,540] 173 root - INFO - Data transformation complete
[ 2026-05-26 16:57:43,540] 48 root - INFO - Started Regular Expression mapping
[ 2026-05-26 16:57:43,540] 173 root - INFO - Data transformation complete
[ 2026-05-26 16:57:43,541] 48 root - INFO - Started Regular Expression mapping
[ 2026-05-26 16:57:43,541] 173 root - INFO - Data transformation complete
[ 2026-05-26 16:57:43,541] 48 root - INFO - Started Regular Expression mapping
[ 2026-05-26 16:57:43,541] 173 root - INFO - Data transformation complete
[ 2026-05-26 16:57:43,541] 48 root - INFO - Started Regular Expression mapping
[ 2026-05-26 16:57:43,542] 173 root - INFO - Data transformation complete
[ 2026-05-26 16:57:43,542] 48 root - INFO - Started Regular Expression mapping
[ 2026-05-26 16:57:43,542] 173 root - INFO - Data transformation complete
[ 2026-05-26 16:57:43,542] 48 root - INFO - Started Regular Expression mapping
[ 2026-05-26 16:57:43,542] 173 root - INFO - Data transformation complete
[ 2026-05-26 16:57:43,543] 48 root - INFO - Started Regular Expression mapping
[ 2026-05-26 16:57:43,543] 173 root - INFO - Data transformation complete
[ 2026-05-26 16:57:43,543] 48 root - INFO - Started Regular Expression mapping
[ 2026-05-26 16:57:43,543] 173 root - INFO - Data transformation complete
[ 2026-05-26 16:57:43,544] 48 root - INFO - Started Regular Expression mapping
[ 2026-05-26 16:57:43,544] 173 root - INFO - Data transformation complete
[ 2026-05-26 16:57:43,544] 48 root - INFO - Started Regular Expression mapping
[ 2026-05-26 16:57:43,544] 173 root - INFO - Data transformation complete
[ 2026-05-26 16:57:43,544] 48 root - INFO - Started Regular Expression mapping
[ 2026-05-26 16:57:43,545] 173 root - INFO - Data transformation complete
[ 2026-05-26 16:57:43,545] 48 root - INFO - Started Regular Expression mapping
[ 2026-05-26 16:57:43,545] 173 root - INFO - Data transformation complete
[ 2026-05-26 16:57:43,545] 48 root - INFO - Started Regular Expression mapping
[ 2026-05-26 16:57:43,545] 173 root - INFO - Data transformation complete
[ 2026-05-26 16:57:43,546] 48 root - INFO - Started Regular Expression mapping
[ 2026-05-26 16:57:43,546] 173 root - INFO - Data transformation complete
[ 2026-05-26 16:57:43,546] 48 root - INFO - Started Regular Expression mapping
[ 2026-05-26 16:57:43,546] 173 root - INFO - Data transformation complete
[ 2026-05-26 16:57:43,546] 48 root - INFO - Started Regular Expression mapping
[ 2026-05-26 16:57:43,547] 173 root - INFO - Data transformation complete
[ 2026-05-26 16:57:43,547] 48 root - INFO - Started Regular Expression mapping
[ 2026-05-26 16:57:43,547] 173 root - INFO - Data transformation complete
[ 2026-05-26 16:57:43,547] 48 root - INFO - Started Regular Expression mapping
[ 2026-05-26 16:57:43,547] 173 root - INFO - Data transformation complete
[ 2026-05-26 16:57:43,548] 48 root - INFO - Started Regular Expression mapping
[ 2026-05-26 16:57:43,548] 173 root - INFO - Data transformation complete
[ 2026-05-26 16:57:43,548] 48 root - INFO - Started Regular Expression mapping
[ 2026-05-26 16:57:43,548] 173 root - INFO - Data transformation complete
[ 2026-05-26 16:57:43,548] 48 root - INFO - Started Regular Expression mapping
[ 2026-05-26 16:57:43,549] 24 root - INFO - Match heuristic business names to paybill payments
[ 2026-05-26 16:57:43,549] 173 root - INFO - Data transformation complete
[ 2026-05-26 16:57:43,549] 48 root - INFO - Started Regular Expression mapping
[ 2026-05-26 16:57:43,549] 173 root - INFO - Data transformation complete
[ 2026-05-26 16:57:43,549] 48 root - INFO - Started Regular Expression mapping
[ 2026-05-26 16:57:43,549] 173 root - INFO - Data transformation complete
[ 2026-05-26 16:57:43,550] 48 root - INFO - Started Regular Expression mapping
[ 2026-05-26 16:57:43,550] 173 root - INFO - Data transformation complete
[ 2026-05-26 16:57:43,550] 48 root - INFO - Started Regular Expression mapping
[ 2026-05-26 16:57:43,550] 173 root - INFO - Data transformation complete
[ 2026-05-26 16:57:43,551] 48 root - INFO - Started Regular Expression mapping
[ 2026-05-26 16:57:43,551] 173 root - INFO - Data transformation complete
[ 2026-05-26 16:57:43,551] 48 root - INFO - Started Regular Expression mapping
[ 2026-05-26 16:57:43,551] 173 root - INFO - Data transformation complete
[ 2026-05-26 16:57:43,551] 48 root - INFO - Started Regular Expression mapping
[ 2026-05-26 16:57:43,552] 173 root - INFO - Data transformation complete
[ 2026-05-26 16:57:43,552] 48 root - INFO - Started Regular Expression mapping
[ 2026-05-26 16:57:43,552] 173 root - INFO - Data transformation complete
[ 2026-05-26 16:57:43,552] 48 root - INFO - Started Regular Expression mapping
[ 2026-05-26 16:57:43,552] 173 root - INFO - Data transformation complete
[ 2026-05-26 16:57:43,553] 48 root - INFO - Started Regular Expression mapping
[ 2026-05-26 16:57:43,553] 173 root - INFO - Data transformation complete
[ 2026-05-26 16:57:43,553] 48 root - INFO - Started Regular Expression mapping
[ 2026-05-26 16:57:43,554] 173 root - INFO - Data transformation complete
[ 2026-05-26 16:57:43,554] 48 root - INFO - Started Regular Expression mapping
[ 2026-05-26 16:57:43,554] 173 root - INFO - Data transformation complete
[ 2026-05-26 16:57:43,554] 48 root - INFO - Started Regular Expression mapping
[ 2026-05-26 16:57:43,554] 173 root - INFO - Data transformation complete
[ 2026-05-26 16:57:43,555] 48 root - INFO - Started Regular Expression mapping
[ 2026-05-26 16:57:43,555] 173 root - INFO - Data transformation complete
[ 2026-05-26 16:57:43,555] 48 root - INFO - Started Regular Expression mapping
[ 2026-05-26 16:57:43,555] 173 root - INFO - Data transformation complete
[ 2026-05-26 16:57:43,555] 48 root - INFO - Started Regular Expression mapping
[ 2026-05-26 16:57:43,556] 173 root - INFO - Data transformation complete
[ 2026-05-26 16:57:43,556] 48 root - INFO - Started Regular Expression mapping
[ 2026-05-26 16:57:43,556] 173 root - INFO - Data transformation complete
[ 2026-05-26 16:57:43,556] 48 root - INFO - Started Regular Expression mapping
[ 2026-05-26 16:57:43,556] 173 root - INFO - Data transformation complete
[ 2026-05-26 16:57:43,556] 48 root - INFO - Started Regular Expression mapping
[ 2026-05-26 16:57:43,557] 173 root - INFO - Data transformation complete
[ 2026-05-26 16:57:43,557] 48 root - INFO - Started Regular Expression mapping
[ 2026-05-26 16:57:43,557] 173 root - INFO - Data transformation complete
[ 2026-05-26 16:57:43,557] 48 root - INFO - Started Regular Expression mapping
[ 2026-05-26 16:57:43,558] 173 root - INFO - Data transformation complete
[ 2026-05-26 16:57:43,558] 48 root - INFO - Started Regular Expression mapping
[ 2026-05-26 16:57:43,558] 173 root - INFO - Data transformation complete
[ 2026-05-26 16:57:43,558] 48 root - INFO - Started Regular Expression mapping
[ 2026-05-26 16:57:43,559] 24 root - INFO - Match heuristic business names to paybill payments
[ 2026-05-26 16:57:43,559] 173 root - INFO - Data transformation complete
[ 2026-05-26 16:57:43,559] 48 root - INFO - Started Regular Expression mapping
[ 2026-05-26 16:57:43,559] 173 root - INFO - Data transformation complete
[ 2026-05-26 16:57:43,559] 48 root - INFO - Started Regular Expression mapping
[ 2026-05-26 16:57:43,559] 173 root - INFO - Data transformation complete
[ 2026-05-26 16:57:43,560] 48 root - INFO - Started Regular Expression mapping
[ 2026-05-26 16:57:43,560] 173 root - INFO - Data transformation complete
[ 2026-05-26 16:57:43,560] 48 root - INFO - Started Regular Expression mapping
[ 2026-05-26 16:57:43,560] 173 root - INFO - Data transformation complete
[ 2026-05-26 16:57:43,560] 48 root - INFO - Started Regular Expression mapping
[ 2026-05-26 16:57:43,561] 173 root - INFO - Data transformation complete
[ 2026-05-26 16:57:43,561] 48 root - INFO - Started Regular Expression mapping
[ 2026-05-26 16:57:43,561] 173 root - INFO - Data transformation complete
[ 2026-05-26 16:57:43,561] 48 root - INFO - Started Regular Expression mapping
[ 2026-05-26 16:57:43,561] 173 root - INFO - Data transformation complete
[ 2026-05-26 16:57:43,561] 48 root - INFO - Started Regular Expression mapping
[ 2026-05-26 16:57:43,562] 173 root - INFO - Data transformation complete
[ 2026-05-26 16:57:43,562] 48 root - INFO - Started Regular Expression mapping
[ 2026-05-26 16:57:43,562] 173 root - INFO - Data transformation complete
[ 2026-05-26 16:57:43,562] 48 root - INFO - Started Regular Expression mapping
[ 2026-05-26 16:57:43,562] 173 root - INFO - Data transformation complete
[ 2026-05-26 16:57:43,563] 48 root - INFO - Started Regular Expression mapping
[ 2026-05-26 16:57:43,564] 173 root - INFO - Data transformation complete
[ 2026-05-26 16:57:43,564] 48 root - INFO - Started Regular Expression mapping
[ 2026-05-26 16:57:43,564] 173 root - INFO - Data transformation complete
[ 2026-05-26 16:57:43,564] 48 root - INFO - Started Regular Expression mapping
[ 2026-05-26 16:57:43,564] 173 root - INFO - Data transformation complete
[ 2026-05-26 16:57:43,565] 48 root - INFO - Started Regular Expression mapping
[ 2026-05-26 16:57:43,565] 173 root - INFO - Data transformation complete
[ 2026-05-26 16:57:43,565] 48 root - INFO - Started Regular Expression mapping
[ 2026-05-26 16:57:43,565] 173 root - INFO - Data transformation complete
[ 2026-05-26 16:57:43,565] 48 root - INFO - Started Regular Expression mapping
[ 2026-05-26 16:57:43,566] 173 root - INFO - Data transformation complete
[ 2026-05-26 16:57:43,566] 48 root - INFO - Started Regular Expression mapping
[ 2026-05-26 16:57:43,566] 173 root - INFO - Data transformation complete
[ 2026-05-26 16:57:43,566] 48 root - INFO - Started Regular Expression mapping
[ 2026-05-26 16:57:43,566] 173 root - INFO - Data transformation complete
[ 2026-05-26 16:57:43,567] 48 root - INFO - Started Regular Expression mapping
[ 2026-05-26 16:57:43,567] 173 root - INFO - Data transformation complete
[ 2026-05-26 16:57:43,567] 48 root - INFO - Started Regular Expression mapping
[ 2026-05-26 16:57:43,567] 173 root - INFO - Data transformation complete
[ 2026-05-26 16:57:43,567] 48 root - INFO - Started Regular Expression mapping
[ 2026-05-26 16:57:43,568] 24 root - INFO - Match heuristic business names to paybill payments
[ 2026-05-26 16:57:43,568] 173 root - INFO - Data transformation complete
[ 2026-05-26 16:57:43,568] 48 root - INFO - Started Regular Expression mapping
[ 2026-05-26 16:57:43,568] 173 root - INFO - Data transformation complete
[ 2026-05-26 16:57:43,568] 48 root - INFO - Started Regular Expression mapping
[ 2026-05-26 16:57:43,568] 24 root - INFO - Match heuristic business names to paybill payments
[ 2026-05-26 16:57:43,569] 173 root - INFO - Data transformation complete
[ 2026-05-26 16:57:43,569] 48 root - INFO - Started Regular Expression mapping
[ 2026-05-26 16:57:43,569] 173 root - INFO - Data transformation complete
[ 2026-05-26 16:57:43,569] 48 root - INFO - Started Regular Expression mapping
[ 2026-05-26 16:57:43,569] 173 root - INFO - Data transformation complete
[ 2026-05-26 16:57:43,570] 48 root - INFO - Started Regular Expression mapping
[ 2026-05-26 16:57:43,570] 173 root - INFO - Data transformation complete
[ 2026-05-26 16:57:43,570] 48 root - INFO - Started Regular Expression mapping
[ 2026-05-26 16:57:43,571] 173 root - INFO - Data transformation complete
[ 2026-05-26 16:57:43,571] 48 root - INFO - Started Regular Expression mapping
[ 2026-05-26 16:57:43,571] 173 root - INFO - Data transformation complete
[ 2026-05-26 16:57:43,571] 48 root - INFO - Started Regular Expression mapping
[ 2026-05-26 16:57:43,571] 173 root - INFO - Data transformation complete
[ 2026-05-26 16:57:43,572] 48 root - INFO - Started Regular Expression mapping
[ 2026-05-26 16:57:43,572] 173 root - INFO - Data transformation complete
[ 2026-05-26 16:57:43,572] 48 root - INFO - Started Regular Expression mapping
[ 2026-05-26 16:57:43,572] 173 root - INFO - Data transformation complete
[ 2026-05-26 16:57:43,572] 48 root - INFO - Started Regular Expression mapping
[ 2026-05-26 16:57:43,573] 173 root - INFO - Data transformation complete
[ 2026-05-26 16:57:43,573] 48 root - INFO - Started Regular Expression mapping
[ 2026-05-26 16:57:43,573] 173 root - INFO - Data transformation complete
[ 2026-05-26 16:57:43,573] 48 root - INFO - Started Regular Expression mapping
[ 2026-05-26 16:57:43,573] 173 root - INFO - Data transformation complete
[ 2026-05-26 16:57:43,573] 48 root - INFO - Started Regular Expression mapping
[ 2026-05-26 16:57:43,574] 173 root - INFO - Data transformation complete
[ 2026-05-26 16:57:43,574] 48 root - INFO - Started Regular Expression mapping
[ 2026-05-26 16:57:43,574] 173 root - INFO - Data transformation complete
[ 2026-05-26 16:57:43,574] 48 root - INFO - Started Regular Expression mapping
[ 2026-05-26 16:57:43,574] 173 root - INFO - Data transformation complete
[ 2026-05-26 16:57:43,575] 48 root - INFO - Started Regular Expression mapping
[ 2026-05-26 16:57:43,575] 173 root - INFO - Data transformation complete
[ 2026-05-26 16:57:43,575] 48 root - INFO - Started Regular Expression mapping
[ 2026-05-26 16:57:43,575] 173 root - INFO - Data transformation complete
[ 2026-05-26 16:57:43,575] 48 root - INFO - Started Regular Expression mapping
[ 2026-05-26 16:57:43,575] 173 root - INFO - Data transformation complete
[ 2026-05-26 16:57:43,576] 48 root - INFO - Started Regular Expression mapping
[ 2026-05-26 16:57:43,576] 173 root - INFO - Data transformation complete
[ 2026-05-26 16:57:43,576] 48 root - INFO - Started Regular Expression mapping
[ 2026-05-26 16:57:43,576] 173 root - INFO - Data transformation complete
[ 2026-05-26 16:57:43,576] 48 root - INFO - Started Regular Expression mapping
[ 2026-05-26 16:57:43,577] 173 root - INFO - Data transformation complete
[ 2026-05-26 16:57:43,577] 48 root - INFO - Started Regular Expression mapping
[ 2026-05-26 16:57:43,577] 173 root - INFO - Data transformation complete
[ 2026-05-26 16:57:43,577] 48 root - INFO - Started Regular Expression mapping
[ 2026-05-26 16:57:43,577] 173 root - INFO - Data transformation complete
[ 2026-05-26 16:57:43,577] 48 root - INFO - Started Regular Expression mapping
[ 2026-05-26 16:57:43,578] 173 root - INFO - Data transformation complete
[ 2026-05-26 16:57:43,578] 48 root - INFO - Started Regular Expression mapping
[ 2026-05-26 16:57:43,578] 173 root - INFO - Data transformation complete
[ 2026-05-26 16:57:43,578] 48 root - INFO - Started Regular Expression mapping
[ 2026-05-26 16:57:43,578] 173 root - INFO - Data transformation complete
[ 2026-05-26 16:57:43,579] 48 root - INFO - Started Regular Expression mapping
[ 2026-05-26 16:57:43,579] 173 root - INFO - Data transformation complete
[ 2026-05-26 16:57:43,579] 48 root - INFO - Started Regular Expression mapping
[ 2026-05-26 16:57:43,579] 173 root - INFO - Data transformation complete
[ 2026-05-26 16:57:43,579] 48 root - INFO - Started Regular Expression mapping
[ 2026-05-26 16:57:43,580] 24 root - INFO - Match heuristic business names to paybill payments
[ 2026-05-26 16:57:43,580] 173 root - INFO - Data transformation complete
[ 2026-05-26 16:57:43,580] 48 root - INFO - Started Regular Expression mapping
[ 2026-05-26 16:57:43,580] 173 root - INFO - Data transformation complete
[ 2026-05-26 16:57:43,580] 48 root - INFO - Started Regular Expression mapping
[ 2026-05-26 16:57:43,580] 173 root - INFO - Data transformation complete
[ 2026-05-26 16:57:43,581] 48 root - INFO - Started Regular Expression mapping
[ 2026-05-26 16:57:43,581] 173 root - INFO - Data transformation complete
[ 2026-05-26 16:57:43,581] 48 root - INFO - Started Regular Expression mapping
[ 2026-05-26 16:57:43,581] 173 root - INFO - Data transformation complete
[ 2026-05-26 16:57:43,581] 48 root - INFO - Started Regular Expression mapping
[ 2026-05-26 16:57:43,582] 173 root - INFO - Data transformation complete
[ 2026-05-26 16:57:43,582] 48 root - INFO - Started Regular Expression mapping
[ 2026-05-26 16:57:43,582] 24 root - INFO - Match heuristic business names to paybill payments
[ 2026-05-26 16:57:43,582] 173 root - INFO - Data transformation complete
[ 2026-05-26 16:57:43,582] 48 root - INFO - Started Regular Expression mapping
[ 2026-05-26 16:57:43,582] 173 root - INFO - Data transformation complete
[ 2026-05-26 16:57:43,583] 48 root - INFO - Started Regular Expression mapping
[ 2026-05-26 16:57:43,583] 173 root - INFO - Data transformation complete
[ 2026-05-26 16:57:43,583] 48 root - INFO - Started Regular Expression mapping
[ 2026-05-26 16:57:43,583] 173 root - INFO - Data transformation complete
[ 2026-05-26 16:57:43,583] 48 root - INFO - Started Regular Expression mapping
[ 2026-05-26 16:57:43,584] 173 root - INFO - Data transformation complete
[ 2026-05-26 16:57:43,584] 48 root - INFO - Started Regular Expression mapping
[ 2026-05-26 16:57:43,584] 173 root - INFO - Data transformation complete
[ 2026-05-26 16:57:43,584] 48 root - INFO - Started Regular Expression mapping
[ 2026-05-26 16:57:43,584] 24 root - INFO - Match heuristic business names to paybill payments
[ 2026-05-26 16:57:43,585] 173 root - INFO - Data transformation complete
[ 2026-05-26 16:57:43,585] 48 root - INFO - Started Regular Expression mapping
[ 2026-05-26 16:57:43,585] 173 root - INFO - Data transformation complete
[ 2026-05-26 16:57:43,585] 48 root - INFO - Started Regular Expression mapping
[ 2026-05-26 16:57:43,585] 173 root - INFO - Data transformation complete
[ 2026-05-26 16:57:43,585] 48 root - INFO - Started Regular Expression mapping
[ 2026-05-26 16:57:43,586] 173 root - INFO - Data transformation complete
[ 2026-05-26 16:57:43,586] 48 root - INFO - Started Regular Expression mapping
[ 2026-05-26 16:57:43,586] 173 root - INFO - Data transformation complete
[ 2026-05-26 16:57:43,586] 48 root - INFO - Started Regular Expression mapping
[ 2026-05-26 16:57:43,586] 24 root - INFO - Match heuristic business names to paybill payments
[ 2026-05-26 16:57:43,586] 173 root - INFO - Data transformation complete
[ 2026-05-26 16:57:43,587] 48 root - INFO - Started Regular Expression mapping
[ 2026-05-26 16:57:43,588] 173 root - INFO - Data transformation complete
[ 2026-05-26 16:57:43,588] 48 root - INFO - Started Regular Expression mapping
[ 2026-05-26 16:57:43,588] 173 root - INFO - Data transformation complete
[ 2026-05-26 16:57:43,588] 48 root - INFO - Started Regular Expression mapping
[ 2026-05-26 16:57:43,588] 173 root - INFO - Data transformation complete
[ 2026-05-26 16:57:43,589] 48 root - INFO - Started Regular Expression mapping
[ 2026-05-26 16:57:43,589] 173 root - INFO - Data transformation complete
[ 2026-05-26 16:57:43,589] 48 root - INFO - Started Regular Expression mapping
[ 2026-05-26 16:57:43,589] 24 root - INFO - Match heuristic business names to paybill payments
[ 2026-05-26 16:57:43,589] 173 root - INFO - Data transformation complete
[ 2026-05-26 16:57:43,589] 48 root - INFO - Started Regular Expression mapping
[ 2026-05-26 16:57:43,590] 173 root - INFO - Data transformation complete
[ 2026-05-26 16:57:43,590] 48 root - INFO - Started Regular Expression mapping
[ 2026-05-26 16:57:43,590] 173 root - INFO - Data transformation complete
[ 2026-05-26 16:57:43,590] 48 root - INFO - Started Regular Expression mapping
[ 2026-05-26 16:57:43,590] 173 root - INFO - Data transformation complete
[ 2026-05-26 16:57:43,591] 48 root - INFO - Started Regular Expression mapping
[ 2026-05-26 16:57:43,591] 173 root - INFO - Data transformation complete
[ 2026-05-26 16:57:43,591] 48 root - INFO - Started Regular Expression mapping
[ 2026-05-26 16:57:43,591] 173 root - INFO - Data transformation complete
[ 2026-05-26 16:57:43,591] 48 root - INFO - Started Regular Expression mapping
[ 2026-05-26 16:57:43,592] 173 root - INFO - Data transformation complete
[ 2026-05-26 16:57:43,592] 48 root - INFO - Started Regular Expression mapping
[ 2026-05-26 16:57:43,592] 173 root - INFO - Data transformation complete
[ 2026-05-26 16:57:43,592] 48 root - INFO - Started Regular Expression mapping
[ 2026-05-26 16:57:43,592] 173 root - INFO - Data transformation complete
[ 2026-05-26 16:57:43,592] 48 root - INFO - Started Regular Expression mapping
[ 2026-05-26 16:57:43,593] 173 root - INFO - Data transformation complete
[ 2026-05-26 16:57:43,593] 48 root - INFO - Started Regular Expression mapping
[ 2026-05-26 16:57:43,593] 173 root - INFO - Data transformation complete
[ 2026-05-26 16:57:43,593] 48 root - INFO - Started Regular Expression mapping
[ 2026-05-26 16:57:43,593] 173 root - INFO - Data transformation complete
[ 2026-05-26 16:57:43,594] 48 root - INFO - Started Regular Expression mapping
[ 2026-05-26 16:57:43,594] 173 root - INFO - Data transformation complete
[ 2026-05-26 16:57:43,594] 48 root - INFO - Started Regular Expression mapping
[ 2026-05-26 16:57:43,594] 24 root - INFO - Match heuristic business names to paybill payments
[ 2026-05-26 16:57:43,594] 173 root - INFO - Data transformation complete
[ 2026-05-26 16:57:43,594] 48 root - INFO - Started Regular Expression mapping
[ 2026-05-26 16:57:43,595] 173 root - INFO - Data transformation complete
[ 2026-05-26 16:57:43,595] 48 root - INFO - Started Regular Expression mapping
[ 2026-05-26 16:57:43,595] 173 root - INFO - Data transformation complete
[ 2026-05-26 16:57:43,595] 48 root - INFO - Started Regular Expression mapping
[ 2026-05-26 16:57:43,595] 173 root - INFO - Data transformation complete
[ 2026-05-26 16:57:43,596] 48 root - INFO - Started Regular Expression mapping
[ 2026-05-26 16:57:43,596] 173 root - INFO - Data transformation complete
[ 2026-05-26 16:57:43,596] 48 root - INFO - Started Regular Expression mapping
[ 2026-05-26 16:57:43,596] 173 root - INFO - Data transformation complete
[ 2026-05-26 16:57:43,596] 48 root - INFO - Started Regular Expression mapping
[ 2026-05-26 16:57:43,597] 173 root - INFO - Data transformation complete
[ 2026-05-26 16:57:43,597] 48 root - INFO - Started Regular Expression mapping
[ 2026-05-26 16:57:43,597] 173 root - INFO - Data transformation complete
[ 2026-05-26 16:57:43,597] 48 root - INFO - Started Regular Expression mapping
[ 2026-05-26 16:57:43,597] 173 root - INFO - Data transformation complete
[ 2026-05-26 16:57:43,597] 48 root - INFO - Started Regular Expression mapping
[ 2026-05-26 16:57:43,598] 173 root - INFO - Data transformation complete
[ 2026-05-26 16:57:43,598] 48 root - INFO - Started Regular Expression mapping
[ 2026-05-26 16:57:43,598] 173 root - INFO - Data transformation complete
[ 2026-05-26 16:57:43,598] 48 root - INFO - Started Regular Expression mapping
[ 2026-05-26 16:57:43,598] 24 root - INFO - Match heuristic business names to paybill payments
[ 2026-05-26 16:57:43,599] 173 root - INFO - Data transformation complete
[ 2026-05-26 16:57:43,599] 48 root - INFO - Started Regular Expression mapping
[ 2026-05-26 16:57:43,599] 173 root - INFO - Data transformation complete
[ 2026-05-26 16:57:43,599] 48 root - INFO - Started Regular Expression mapping
[ 2026-05-26 16:57:43,599] 173 root - INFO - Data transformation complete
[ 2026-05-26 16:57:43,599] 48 root - INFO - Started Regular Expression mapping
[ 2026-05-26 16:57:43,600] 173 root - INFO - Data transformation complete
[ 2026-05-26 16:57:43,600] 48 root - INFO - Started Regular Expression mapping
[ 2026-05-26 16:57:43,600] 173 root - INFO - Data transformation complete
[ 2026-05-26 16:57:43,600] 48 root - INFO - Started Regular Expression mapping
[ 2026-05-26 16:57:43,600] 173 root - INFO - Data transformation complete
[ 2026-05-26 16:57:43,688] 193 root - INFO - Data Transformation complete
[ 2026-05-26 16:57:43,689] 59 root - INFO - Entered feature engineering object
[ 2026-05-26 16:57:43,689] 21 root - INFO - Data pivoting started
[ 2026-05-26 16:57:43,748] 11 root - INFO - Error capture successful!
[ 2026-05-26 16:57:43,748] 11 root - INFO - Error capture successful!
