[ 2026-05-27 15:12:09,487] 26 root - INFO - Entered data ingestion method
[ 2026-05-27 15:12:09,800] 48 root - INFO - Data parsing successful
[ 2026-05-27 15:12:09,888] 53 root - INFO - Data Ingestion complete!
[ 2026-05-27 15:12:09,894] 181 root - INFO - Entered data transformation object
[ 2026-05-27 15:12:09,995] 49 root - INFO - Started Regular Expression mapping
[ 2026-05-27 15:12:10,010] 25 root - INFO - Match heuristic business names to paybill payments
[ 2026-05-27 15:12:10,011] 174 root - INFO - Data transformation complete
[ 2026-05-27 15:12:10,011] 49 root - INFO - Started Regular Expression mapping
[ 2026-05-27 15:12:10,012] 174 root - INFO - Data transformation complete
[ 2026-05-27 15:12:10,012] 49 root - INFO - Started Regular Expression mapping
[ 2026-05-27 15:12:10,012] 174 root - INFO - Data transformation complete
[ 2026-05-27 15:12:10,012] 49 root - INFO - Started Regular Expression mapping
[ 2026-05-27 15:12:10,013] 174 root - INFO - Data transformation complete
[ 2026-05-27 15:12:10,013] 49 root - INFO - Started Regular Expression mapping
[ 2026-05-27 15:12:10,013] 25 root - INFO - Match heuristic business names to paybill payments
[ 2026-05-27 15:12:10,013] 174 root - INFO - Data transformation complete
[ 2026-05-27 15:12:10,013] 49 root - INFO - Started Regular Expression mapping
[ 2026-05-27 15:12:10,013] 174 root - INFO - Data transformation complete
[ 2026-05-27 15:12:10,014] 49 root - INFO - Started Regular Expression mapping
[ 2026-05-27 15:12:10,014] 174 root - INFO - Data transformation complete
[ 2026-05-27 15:12:10,014] 49 root - INFO - Started Regular Expression mapping
[ 2026-05-27 15:12:10,014] 174 root - INFO - Data transformation complete
[ 2026-05-27 15:12:10,014] 49 root - INFO - Started Regular Expression mapping
[ 2026-05-27 15:12:10,015] 174 root - INFO - Data transformation complete
[ 2026-05-27 15:12:10,015] 49 root - INFO - Started Regular Expression mapping
[ 2026-05-27 15:12:10,015] 174 root - INFO - Data transformation complete
[ 2026-05-27 15:12:10,015] 49 root - INFO - Started Regular Expression mapping
[ 2026-05-27 15:12:10,015] 174 root - INFO - Data transformation complete
[ 2026-05-27 15:12:10,015] 49 root - INFO - Started Regular Expression mapping
[ 2026-05-27 15:12:10,016] 174 root - INFO - Data transformation complete
[ 2026-05-27 15:12:10,016] 49 root - INFO - Started Regular Expression mapping
[ 2026-05-27 15:12:10,016] 25 root - INFO - Match heuristic business names to paybill payments
[ 2026-05-27 15:12:10,016] 174 root - INFO - Data transformation complete
[ 2026-05-27 15:12:10,016] 49 root - INFO - Started Regular Expression mapping
[ 2026-05-27 15:12:10,016] 174 root - INFO - Data transformation complete
[ 2026-05-27 15:12:10,016] 49 root - INFO - Started Regular Expression mapping
[ 2026-05-27 15:12:10,017] 174 root - INFO - Data transformation complete
[ 2026-05-27 15:12:10,017] 49 root - INFO - Started Regular Expression mapping
[ 2026-05-27 15:12:10,017] 174 root - INFO - Data transformation complete
[ 2026-05-27 15:12:10,017] 49 root - INFO - Started Regular Expression mapping
[ 2026-05-27 15:12:10,017] 174 root - INFO - Data transformation complete
[ 2026-05-27 15:12:10,017] 49 root - INFO - Started Regular Expression mapping
[ 2026-05-27 15:12:10,018] 174 root - INFO - Data transformation complete
[ 2026-05-27 15:12:10,018] 49 root - INFO - Started Regular Expression mapping
[ 2026-05-27 15:12:10,018] 174 root - INFO - Data transformation complete
[ 2026-05-27 15:12:10,018] 49 root - INFO - Started Regular Expression mapping
[ 2026-05-27 15:12:10,018] 174 root - INFO - Data transformation complete
[ 2026-05-27 15:12:10,018] 49 root - INFO - Started Regular Expression mapping
[ 2026-05-27 15:12:10,019] 174 root - INFO - Data transformation complete
[ 2026-05-27 15:12:10,019] 49 root - INFO - Started Regular Expression mapping
[ 2026-05-27 15:12:10,019] 174 root - INFO - Data transformation complete
[ 2026-05-27 15:12:10,019] 49 root - INFO - Started Regular Expression mapping
[ 2026-05-27 15:12:10,019] 25 root - INFO - Match heuristic business names to paybill payments
[ 2026-05-27 15:12:10,019] 174 root - INFO - Data transformation complete
[ 2026-05-27 15:12:10,020] 49 root - INFO - Started Regular Expression mapping
[ 2026-05-27 15:12:10,020] 174 root - INFO - Data transformation complete
[ 2026-05-27 15:12:10,020] 49 root - INFO - Started Regular Expression mapping
[ 2026-05-27 15:12:10,020] 174 root - INFO - Data transformation complete
[ 2026-05-27 15:12:10,020] 49 root - INFO - Started Regular Expression mapping
[ 2026-05-27 15:12:10,020] 174 root - INFO - Data transformation complete
[ 2026-05-27 15:12:10,021] 49 root - INFO - Started Regular Expression mapping
[ 2026-05-27 15:12:10,021] 25 root - INFO - Match heuristic business names to paybill payments
[ 2026-05-27 15:12:10,021] 174 root - INFO - Data transformation complete
[ 2026-05-27 15:12:10,021] 49 root - INFO - Started Regular Expression mapping
[ 2026-05-27 15:12:10,021] 174 root - INFO - Data transformation complete
[ 2026-05-27 15:12:10,021] 49 root - INFO - Started Regular Expression mapping
[ 2026-05-27 15:12:10,022] 174 root - INFO - Data transformation complete
[ 2026-05-27 15:12:10,022] 49 root - INFO - Started Regular Expression mapping
[ 2026-05-27 15:12:10,022] 174 root - INFO - Data transformation complete
[ 2026-05-27 15:12:10,022] 49 root - INFO - Started Regular Expression mapping
[ 2026-05-27 15:12:10,022] 174 root - INFO - Data transformation complete
[ 2026-05-27 15:12:10,022] 49 root - INFO - Started Regular Expression mapping
[ 2026-05-27 15:12:10,023] 174 root - INFO - Data transformation complete
[ 2026-05-27 15:12:10,023] 49 root - INFO - Started Regular Expression mapping
[ 2026-05-27 15:12:10,023] 174 root - INFO - Data transformation complete
[ 2026-05-27 15:12:10,023] 49 root - INFO - Started Regular Expression mapping
[ 2026-05-27 15:12:10,023] 174 root - INFO - Data transformation complete
[ 2026-05-27 15:12:10,024] 49 root - INFO - Started Regular Expression mapping
[ 2026-05-27 15:12:10,024] 174 root - INFO - Data transformation complete
[ 2026-05-27 15:12:10,024] 49 root - INFO - Started Regular Expression mapping
[ 2026-05-27 15:12:10,025] 174 root - INFO - Data transformation complete
[ 2026-05-27 15:12:10,025] 49 root - INFO - Started Regular Expression mapping
[ 2026-05-27 15:12:10,025] 25 root - INFO - Match heuristic business names to paybill payments
[ 2026-05-27 15:12:10,025] 174 root - INFO - Data transformation complete
[ 2026-05-27 15:12:10,025] 49 root - INFO - Started Regular Expression mapping
[ 2026-05-27 15:12:10,025] 174 root - INFO - Data transformation complete
[ 2026-05-27 15:12:10,025] 49 root - INFO - Started Regular Expression mapping
[ 2026-05-27 15:12:10,026] 174 root - INFO - Data transformation complete
[ 2026-05-27 15:12:10,026] 49 root - INFO - Started Regular Expression mapping
[ 2026-05-27 15:12:10,026] 174 root - INFO - Data transformation complete
[ 2026-05-27 15:12:10,026] 49 root - INFO - Started Regular Expression mapping
[ 2026-05-27 15:12:10,026] 174 root - INFO - Data transformation complete
[ 2026-05-27 15:12:10,026] 49 root - INFO - Started Regular Expression mapping
[ 2026-05-27 15:12:10,027] 25 root - INFO - Match heuristic business names to paybill payments
[ 2026-05-27 15:12:10,027] 174 root - INFO - Data transformation complete
[ 2026-05-27 15:12:10,027] 49 root - INFO - Started Regular Expression mapping
[ 2026-05-27 15:12:10,027] 174 root - INFO - Data transformation complete
[ 2026-05-27 15:12:10,027] 49 root - INFO - Started Regular Expression mapping
[ 2026-05-27 15:12:10,027] 174 root - INFO - Data transformation complete
[ 2026-05-27 15:12:10,027] 49 root - INFO - Started Regular Expression mapping
[ 2026-05-27 15:12:10,028] 25 root - INFO - Match heuristic business names to paybill payments
[ 2026-05-27 15:12:10,028] 174 root - INFO - Data transformation complete
[ 2026-05-27 15:12:10,028] 49 root - INFO - Started Regular Expression mapping
[ 2026-05-27 15:12:10,028] 25 root - INFO - Match heuristic business names to paybill payments
[ 2026-05-27 15:12:10,028] 174 root - INFO - Data transformation complete
[ 2026-05-27 15:12:10,028] 49 root - INFO - Started Regular Expression mapping
[ 2026-05-27 15:12:10,029] 174 root - INFO - Data transformation complete
[ 2026-05-27 15:12:10,029] 49 root - INFO - Started Regular Expression mapping
[ 2026-05-27 15:12:10,029] 25 root - INFO - Match heuristic business names to paybill payments
[ 2026-05-27 15:12:10,029] 174 root - INFO - Data transformation complete
[ 2026-05-27 15:12:10,029] 49 root - INFO - Started Regular Expression mapping
[ 2026-05-27 15:12:10,029] 174 root - INFO - Data transformation complete
[ 2026-05-27 15:12:10,030] 49 root - INFO - Started Regular Expression mapping
[ 2026-05-27 15:12:10,031] 174 root - INFO - Data transformation complete
[ 2026-05-27 15:12:10,031] 49 root - INFO - Started Regular Expression mapping
[ 2026-05-27 15:12:10,031] 174 root - INFO - Data transformation complete
[ 2026-05-27 15:12:10,032] 49 root - INFO - Started Regular Expression mapping
[ 2026-05-27 15:12:10,032] 174 root - INFO - Data transformation complete
[ 2026-05-27 15:12:10,032] 49 root - INFO - Started Regular Expression mapping
[ 2026-05-27 15:12:10,032] 25 root - INFO - Match heuristic business names to paybill payments
[ 2026-05-27 15:12:10,033] 174 root - INFO - Data transformation complete
[ 2026-05-27 15:12:10,033] 49 root - INFO - Started Regular Expression mapping
[ 2026-05-27 15:12:10,033] 25 root - INFO - Match heuristic business names to paybill payments
[ 2026-05-27 15:12:10,033] 174 root - INFO - Data transformation complete
[ 2026-05-27 15:12:10,033] 49 root - INFO - Started Regular Expression mapping
[ 2026-05-27 15:12:10,034] 25 root - INFO - Match heuristic business names to paybill payments
[ 2026-05-27 15:12:10,034] 174 root - INFO - Data transformation complete
[ 2026-05-27 15:12:10,034] 49 root - INFO - Started Regular Expression mapping
[ 2026-05-27 15:12:10,034] 174 root - INFO - Data transformation complete
[ 2026-05-27 15:12:10,034] 49 root - INFO - Started Regular Expression mapping
[ 2026-05-27 15:12:10,035] 174 root - INFO - Data transformation complete
[ 2026-05-27 15:12:10,035] 49 root - INFO - Started Regular Expression mapping
[ 2026-05-27 15:12:10,035] 174 root - INFO - Data transformation complete
[ 2026-05-27 15:12:10,035] 49 root - INFO - Started Regular Expression mapping
[ 2026-05-27 15:12:10,035] 25 root - INFO - Match heuristic business names to paybill payments
[ 2026-05-27 15:12:10,035] 174 root - INFO - Data transformation complete
[ 2026-05-27 15:12:10,035] 49 root - INFO - Started Regular Expression mapping
[ 2026-05-27 15:12:10,036] 174 root - INFO - Data transformation complete
[ 2026-05-27 15:12:10,036] 49 root - INFO - Started Regular Expression mapping
[ 2026-05-27 15:12:10,036] 25 root - INFO - Match heuristic business names to paybill payments
[ 2026-05-27 15:12:10,036] 174 root - INFO - Data transformation complete
[ 2026-05-27 15:12:10,036] 49 root - INFO - Started Regular Expression mapping
[ 2026-05-27 15:12:10,036] 25 root - INFO - Match heuristic business names to paybill payments
[ 2026-05-27 15:12:10,037] 174 root - INFO - Data transformation complete
[ 2026-05-27 15:12:10,037] 49 root - INFO - Started Regular Expression mapping
[ 2026-05-27 15:12:10,037] 174 root - INFO - Data transformation complete
[ 2026-05-27 15:12:10,037] 49 root - INFO - Started Regular Expression mapping
[ 2026-05-27 15:12:10,037] 174 root - INFO - Data transformation complete
[ 2026-05-27 15:12:10,037] 49 root - INFO - Started Regular Expression mapping
[ 2026-05-27 15:12:10,038] 174 root - INFO - Data transformation complete
[ 2026-05-27 15:12:10,038] 49 root - INFO - Started Regular Expression mapping
[ 2026-05-27 15:12:10,038] 25 root - INFO - Match heuristic business names to paybill payments
[ 2026-05-27 15:12:10,038] 174 root - INFO - Data transformation complete
[ 2026-05-27 15:12:10,038] 49 root - INFO - Started Regular Expression mapping
[ 2026-05-27 15:12:10,038] 174 root - INFO - Data transformation complete
[ 2026-05-27 15:12:10,038] 49 root - INFO - Started Regular Expression mapping
[ 2026-05-27 15:12:10,039] 174 root - INFO - Data transformation complete
[ 2026-05-27 15:12:10,039] 49 root - INFO - Started Regular Expression mapping
[ 2026-05-27 15:12:10,039] 25 root - INFO - Match heuristic business names to paybill payments
[ 2026-05-27 15:12:10,039] 174 root - INFO - Data transformation complete
[ 2026-05-27 15:12:10,040] 49 root - INFO - Started Regular Expression mapping
[ 2026-05-27 15:12:10,040] 25 root - INFO - Match heuristic business names to paybill payments
[ 2026-05-27 15:12:10,040] 174 root - INFO - Data transformation complete
[ 2026-05-27 15:12:10,040] 49 root - INFO - Started Regular Expression mapping
[ 2026-05-27 15:12:10,040] 174 root - INFO - Data transformation complete
[ 2026-05-27 15:12:10,040] 49 root - INFO - Started Regular Expression mapping
[ 2026-05-27 15:12:10,041] 174 root - INFO - Data transformation complete
[ 2026-05-27 15:12:10,041] 49 root - INFO - Started Regular Expression mapping
[ 2026-05-27 15:12:10,041] 25 root - INFO - Match heuristic business names to paybill payments
[ 2026-05-27 15:12:10,041] 174 root - INFO - Data transformation complete
[ 2026-05-27 15:12:10,041] 49 root - INFO - Started Regular Expression mapping
[ 2026-05-27 15:12:10,041] 174 root - INFO - Data transformation complete
[ 2026-05-27 15:12:10,042] 49 root - INFO - Started Regular Expression mapping
[ 2026-05-27 15:12:10,042] 174 root - INFO - Data transformation complete
[ 2026-05-27 15:12:10,042] 49 root - INFO - Started Regular Expression mapping
[ 2026-05-27 15:12:10,042] 174 root - INFO - Data transformation complete
[ 2026-05-27 15:12:10,042] 49 root - INFO - Started Regular Expression mapping
[ 2026-05-27 15:12:10,042] 25 root - INFO - Match heuristic business names to paybill payments
[ 2026-05-27 15:12:10,043] 174 root - INFO - Data transformation complete
[ 2026-05-27 15:12:10,043] 49 root - INFO - Started Regular Expression mapping
[ 2026-05-27 15:12:10,043] 174 root - INFO - Data transformation complete
[ 2026-05-27 15:12:10,043] 49 root - INFO - Started Regular Expression mapping
[ 2026-05-27 15:12:10,043] 25 root - INFO - Match heuristic business names to paybill payments
[ 2026-05-27 15:12:10,043] 174 root - INFO - Data transformation complete
[ 2026-05-27 15:12:10,043] 49 root - INFO - Started Regular Expression mapping
[ 2026-05-27 15:12:10,044] 25 root - INFO - Match heuristic business names to paybill payments
[ 2026-05-27 15:12:10,044] 174 root - INFO - Data transformation complete
[ 2026-05-27 15:12:10,044] 49 root - INFO - Started Regular Expression mapping
[ 2026-05-27 15:12:10,044] 174 root - INFO - Data transformation complete
[ 2026-05-27 15:12:10,044] 49 root - INFO - Started Regular Expression mapping
[ 2026-05-27 15:12:10,044] 174 root - INFO - Data transformation complete
[ 2026-05-27 15:12:10,045] 49 root - INFO - Started Regular Expression mapping
[ 2026-05-27 15:12:10,045] 25 root - INFO - Match heuristic business names to paybill payments
[ 2026-05-27 15:12:10,045] 174 root - INFO - Data transformation complete
[ 2026-05-27 15:12:10,045] 49 root - INFO - Started Regular Expression mapping
[ 2026-05-27 15:12:10,045] 25 root - INFO - Match heuristic business names to paybill payments
[ 2026-05-27 15:12:10,045] 174 root - INFO - Data transformation complete
[ 2026-05-27 15:12:10,045] 49 root - INFO - Started Regular Expression mapping
[ 2026-05-27 15:12:10,046] 174 root - INFO - Data transformation complete
[ 2026-05-27 15:12:10,046] 49 root - INFO - Started Regular Expression mapping
[ 2026-05-27 15:12:10,046] 174 root - INFO - Data transformation complete
[ 2026-05-27 15:12:10,046] 49 root - INFO - Started Regular Expression mapping
[ 2026-05-27 15:12:10,046] 25 root - INFO - Match heuristic business names to paybill payments
[ 2026-05-27 15:12:10,046] 174 root - INFO - Data transformation complete
[ 2026-05-27 15:12:10,047] 49 root - INFO - Started Regular Expression mapping
[ 2026-05-27 15:12:10,047] 174 root - INFO - Data transformation complete
[ 2026-05-27 15:12:10,047] 49 root - INFO - Started Regular Expression mapping
[ 2026-05-27 15:12:10,047] 174 root - INFO - Data transformation complete
[ 2026-05-27 15:12:10,047] 49 root - INFO - Started Regular Expression mapping
[ 2026-05-27 15:12:10,047] 25 root - INFO - Match heuristic business names to paybill payments
[ 2026-05-27 15:12:10,048] 174 root - INFO - Data transformation complete
[ 2026-05-27 15:12:10,048] 49 root - INFO - Started Regular Expression mapping
[ 2026-05-27 15:12:10,048] 25 root - INFO - Match heuristic business names to paybill payments
[ 2026-05-27 15:12:10,048] 174 root - INFO - Data transformation complete
[ 2026-05-27 15:12:10,048] 49 root - INFO - Started Regular Expression mapping
[ 2026-05-27 15:12:10,048] 25 root - INFO - Match heuristic business names to paybill payments
[ 2026-05-27 15:12:10,049] 174 root - INFO - Data transformation complete
[ 2026-05-27 15:12:10,049] 49 root - INFO - Started Regular Expression mapping
[ 2026-05-27 15:12:10,049] 25 root - INFO - Match heuristic business names to paybill payments
[ 2026-05-27 15:12:10,049] 174 root - INFO - Data transformation complete
[ 2026-05-27 15:12:10,049] 49 root - INFO - Started Regular Expression mapping
[ 2026-05-27 15:12:10,049] 174 root - INFO - Data transformation complete
[ 2026-05-27 15:12:10,049] 49 root - INFO - Started Regular Expression mapping
[ 2026-05-27 15:12:10,050] 174 root - INFO - Data transformation complete
[ 2026-05-27 15:12:10,050] 49 root - INFO - Started Regular Expression mapping
[ 2026-05-27 15:12:10,050] 25 root - INFO - Match heuristic business names to paybill payments
[ 2026-05-27 15:12:10,050] 174 root - INFO - Data transformation complete
[ 2026-05-27 15:12:10,050] 49 root - INFO - Started Regular Expression mapping
[ 2026-05-27 15:12:10,050] 25 root - INFO - Match heuristic business names to paybill payments
[ 2026-05-27 15:12:10,050] 174 root - INFO - Data transformation complete
[ 2026-05-27 15:12:10,051] 49 root - INFO - Started Regular Expression mapping
[ 2026-05-27 15:12:10,051] 25 root - INFO - Match heuristic business names to paybill payments
[ 2026-05-27 15:12:10,051] 174 root - INFO - Data transformation complete
[ 2026-05-27 15:12:10,051] 49 root - INFO - Started Regular Expression mapping
[ 2026-05-27 15:12:10,051] 25 root - INFO - Match heuristic business names to paybill payments
[ 2026-05-27 15:12:10,051] 174 root - INFO - Data transformation complete
[ 2026-05-27 15:12:10,051] 49 root - INFO - Started Regular Expression mapping
[ 2026-05-27 15:12:10,052] 174 root - INFO - Data transformation complete
[ 2026-05-27 15:12:10,052] 49 root - INFO - Started Regular Expression mapping
[ 2026-05-27 15:12:10,052] 174 root - INFO - Data transformation complete
[ 2026-05-27 15:12:10,052] 49 root - INFO - Started Regular Expression mapping
[ 2026-05-27 15:12:10,052] 25 root - INFO - Match heuristic business names to paybill payments
[ 2026-05-27 15:12:10,052] 174 root - INFO - Data transformation complete
[ 2026-05-27 15:12:10,053] 49 root - INFO - Started Regular Expression mapping
[ 2026-05-27 15:12:10,053] 174 root - INFO - Data transformation complete
[ 2026-05-27 15:12:10,053] 49 root - INFO - Started Regular Expression mapping
[ 2026-05-27 15:12:10,053] 25 root - INFO - Match heuristic business names to paybill payments
[ 2026-05-27 15:12:10,053] 174 root - INFO - Data transformation complete
[ 2026-05-27 15:12:10,053] 49 root - INFO - Started Regular Expression mapping
[ 2026-05-27 15:12:10,054] 25 root - INFO - Match heuristic business names to paybill payments
[ 2026-05-27 15:12:10,054] 174 root - INFO - Data transformation complete
[ 2026-05-27 15:12:10,054] 49 root - INFO - Started Regular Expression mapping
[ 2026-05-27 15:12:10,054] 174 root - INFO - Data transformation complete
[ 2026-05-27 15:12:10,054] 49 root - INFO - Started Regular Expression mapping
[ 2026-05-27 15:12:10,054] 174 root - INFO - Data transformation complete
[ 2026-05-27 15:12:10,054] 49 root - INFO - Started Regular Expression mapping
[ 2026-05-27 15:12:10,055] 25 root - INFO - Match heuristic business names to paybill payments
[ 2026-05-27 15:12:10,055] 174 root - INFO - Data transformation complete
[ 2026-05-27 15:12:10,055] 49 root - INFO - Started Regular Expression mapping
[ 2026-05-27 15:12:10,055] 174 root - INFO - Data transformation complete
[ 2026-05-27 15:12:10,055] 49 root - INFO - Started Regular Expression mapping
[ 2026-05-27 15:12:10,055] 174 root - INFO - Data transformation complete
[ 2026-05-27 15:12:10,056] 49 root - INFO - Started Regular Expression mapping
[ 2026-05-27 15:12:10,056] 174 root - INFO - Data transformation complete
[ 2026-05-27 15:12:10,056] 49 root - INFO - Started Regular Expression mapping
[ 2026-05-27 15:12:10,056] 174 root - INFO - Data transformation complete
[ 2026-05-27 15:12:10,056] 49 root - INFO - Started Regular Expression mapping
[ 2026-05-27 15:12:10,056] 25 root - INFO - Match heuristic business names to paybill payments
[ 2026-05-27 15:12:10,057] 174 root - INFO - Data transformation complete
[ 2026-05-27 15:12:10,057] 49 root - INFO - Started Regular Expression mapping
[ 2026-05-27 15:12:10,057] 25 root - INFO - Match heuristic business names to paybill payments
[ 2026-05-27 15:12:10,057] 174 root - INFO - Data transformation complete
[ 2026-05-27 15:12:10,057] 49 root - INFO - Started Regular Expression mapping
[ 2026-05-27 15:12:10,057] 25 root - INFO - Match heuristic business names to paybill payments
[ 2026-05-27 15:12:10,057] 174 root - INFO - Data transformation complete
[ 2026-05-27 15:12:10,058] 49 root - INFO - Started Regular Expression mapping
[ 2026-05-27 15:12:10,058] 174 root - INFO - Data transformation complete
[ 2026-05-27 15:12:10,058] 49 root - INFO - Started Regular Expression mapping
[ 2026-05-27 15:12:10,058] 25 root - INFO - Match heuristic business names to paybill payments
[ 2026-05-27 15:12:10,058] 174 root - INFO - Data transformation complete
[ 2026-05-27 15:12:10,058] 49 root - INFO - Started Regular Expression mapping
[ 2026-05-27 15:12:10,058] 174 root - INFO - Data transformation complete
[ 2026-05-27 15:12:10,059] 49 root - INFO - Started Regular Expression mapping
[ 2026-05-27 15:12:10,059] 174 root - INFO - Data transformation complete
[ 2026-05-27 15:12:10,059] 49 root - INFO - Started Regular Expression mapping
[ 2026-05-27 15:12:10,059] 174 root - INFO - Data transformation complete
[ 2026-05-27 15:12:10,059] 49 root - INFO - Started Regular Expression mapping
[ 2026-05-27 15:12:10,059] 174 root - INFO - Data transformation complete
[ 2026-05-27 15:12:10,060] 49 root - INFO - Started Regular Expression mapping
[ 2026-05-27 15:12:10,060] 174 root - INFO - Data transformation complete
[ 2026-05-27 15:12:10,060] 49 root - INFO - Started Regular Expression mapping
[ 2026-05-27 15:12:10,060] 174 root - INFO - Data transformation complete
[ 2026-05-27 15:12:10,060] 49 root - INFO - Started Regular Expression mapping
[ 2026-05-27 15:12:10,060] 174 root - INFO - Data transformation complete
[ 2026-05-27 15:12:10,061] 49 root - INFO - Started Regular Expression mapping
[ 2026-05-27 15:12:10,061] 174 root - INFO - Data transformation complete
[ 2026-05-27 15:12:10,061] 49 root - INFO - Started Regular Expression mapping
[ 2026-05-27 15:12:10,061] 25 root - INFO - Match heuristic business names to paybill payments
[ 2026-05-27 15:12:10,061] 174 root - INFO - Data transformation complete
[ 2026-05-27 15:12:10,061] 49 root - INFO - Started Regular Expression mapping
[ 2026-05-27 15:12:10,061] 25 root - INFO - Match heuristic business names to paybill payments
[ 2026-05-27 15:12:10,062] 174 root - INFO - Data transformation complete
[ 2026-05-27 15:12:10,062] 49 root - INFO - Started Regular Expression mapping
[ 2026-05-27 15:12:10,062] 25 root - INFO - Match heuristic business names to paybill payments
[ 2026-05-27 15:12:10,062] 174 root - INFO - Data transformation complete
[ 2026-05-27 15:12:10,062] 49 root - INFO - Started Regular Expression mapping
[ 2026-05-27 15:12:10,062] 25 root - INFO - Match heuristic business names to paybill payments
[ 2026-05-27 15:12:10,063] 174 root - INFO - Data transformation complete
[ 2026-05-27 15:12:10,063] 49 root - INFO - Started Regular Expression mapping
[ 2026-05-27 15:12:10,063] 174 root - INFO - Data transformation complete
[ 2026-05-27 15:12:10,063] 49 root - INFO - Started Regular Expression mapping
[ 2026-05-27 15:12:10,063] 174 root - INFO - Data transformation complete
[ 2026-05-27 15:12:10,063] 49 root - INFO - Started Regular Expression mapping
[ 2026-05-27 15:12:10,064] 25 root - INFO - Match heuristic business names to paybill payments
[ 2026-05-27 15:12:10,064] 174 root - INFO - Data transformation complete
[ 2026-05-27 15:12:10,064] 49 root - INFO - Started Regular Expression mapping
[ 2026-05-27 15:12:10,064] 174 root - INFO - Data transformation complete
[ 2026-05-27 15:12:10,064] 49 root - INFO - Started Regular Expression mapping
[ 2026-05-27 15:12:10,064] 174 root - INFO - Data transformation complete
[ 2026-05-27 15:12:10,064] 49 root - INFO - Started Regular Expression mapping
[ 2026-05-27 15:12:10,065] 174 root - INFO - Data transformation complete
[ 2026-05-27 15:12:10,065] 49 root - INFO - Started Regular Expression mapping
[ 2026-05-27 15:12:10,065] 25 root - INFO - Match heuristic business names to paybill payments
[ 2026-05-27 15:12:10,065] 174 root - INFO - Data transformation complete
[ 2026-05-27 15:12:10,065] 49 root - INFO - Started Regular Expression mapping
[ 2026-05-27 15:12:10,065] 174 root - INFO - Data transformation complete
[ 2026-05-27 15:12:10,066] 49 root - INFO - Started Regular Expression mapping
[ 2026-05-27 15:12:10,066] 174 root - INFO - Data transformation complete
[ 2026-05-27 15:12:10,066] 49 root - INFO - Started Regular Expression mapping
[ 2026-05-27 15:12:10,066] 174 root - INFO - Data transformation complete
[ 2026-05-27 15:12:10,066] 49 root - INFO - Started Regular Expression mapping
[ 2026-05-27 15:12:10,066] 174 root - INFO - Data transformation complete
[ 2026-05-27 15:12:10,067] 49 root - INFO - Started Regular Expression mapping
[ 2026-05-27 15:12:10,067] 174 root - INFO - Data transformation complete
[ 2026-05-27 15:12:10,067] 49 root - INFO - Started Regular Expression mapping
[ 2026-05-27 15:12:10,067] 174 root - INFO - Data transformation complete
[ 2026-05-27 15:12:10,067] 49 root - INFO - Started Regular Expression mapping
[ 2026-05-27 15:12:10,067] 174 root - INFO - Data transformation complete
[ 2026-05-27 15:12:10,067] 49 root - INFO - Started Regular Expression mapping
[ 2026-05-27 15:12:10,068] 25 root - INFO - Match heuristic business names to paybill payments
[ 2026-05-27 15:12:10,068] 174 root - INFO - Data transformation complete
[ 2026-05-27 15:12:10,068] 49 root - INFO - Started Regular Expression mapping
[ 2026-05-27 15:12:10,068] 174 root - INFO - Data transformation complete
[ 2026-05-27 15:12:10,068] 49 root - INFO - Started Regular Expression mapping
[ 2026-05-27 15:12:10,068] 174 root - INFO - Data transformation complete
[ 2026-05-27 15:12:10,069] 49 root - INFO - Started Regular Expression mapping
[ 2026-05-27 15:12:10,069] 25 root - INFO - Match heuristic business names to paybill payments
[ 2026-05-27 15:12:10,069] 174 root - INFO - Data transformation complete
[ 2026-05-27 15:12:10,069] 49 root - INFO - Started Regular Expression mapping
[ 2026-05-27 15:12:10,069] 174 root - INFO - Data transformation complete
[ 2026-05-27 15:12:10,069] 49 root - INFO - Started Regular Expression mapping
[ 2026-05-27 15:12:10,070] 174 root - INFO - Data transformation complete
[ 2026-05-27 15:12:10,070] 49 root - INFO - Started Regular Expression mapping
[ 2026-05-27 15:12:10,070] 174 root - INFO - Data transformation complete
[ 2026-05-27 15:12:10,070] 49 root - INFO - Started Regular Expression mapping
[ 2026-05-27 15:12:10,070] 174 root - INFO - Data transformation complete
[ 2026-05-27 15:12:10,070] 49 root - INFO - Started Regular Expression mapping
[ 2026-05-27 15:12:10,070] 25 root - INFO - Match heuristic business names to paybill payments
[ 2026-05-27 15:12:10,071] 174 root - INFO - Data transformation complete
[ 2026-05-27 15:12:10,071] 49 root - INFO - Started Regular Expression mapping
[ 2026-05-27 15:12:10,071] 25 root - INFO - Match heuristic business names to paybill payments
[ 2026-05-27 15:12:10,071] 174 root - INFO - Data transformation complete
[ 2026-05-27 15:12:10,071] 49 root - INFO - Started Regular Expression mapping
[ 2026-05-27 15:12:10,071] 174 root - INFO - Data transformation complete
[ 2026-05-27 15:12:10,072] 49 root - INFO - Started Regular Expression mapping
[ 2026-05-27 15:12:10,072] 25 root - INFO - Match heuristic business names to paybill payments
[ 2026-05-27 15:12:10,072] 174 root - INFO - Data transformation complete
[ 2026-05-27 15:12:10,072] 49 root - INFO - Started Regular Expression mapping
[ 2026-05-27 15:12:10,072] 174 root - INFO - Data transformation complete
[ 2026-05-27 15:12:10,072] 49 root - INFO - Started Regular Expression mapping
[ 2026-05-27 15:12:10,072] 174 root - INFO - Data transformation complete
[ 2026-05-27 15:12:10,073] 49 root - INFO - Started Regular Expression mapping
[ 2026-05-27 15:12:10,073] 174 root - INFO - Data transformation complete
[ 2026-05-27 15:12:10,073] 49 root - INFO - Started Regular Expression mapping
[ 2026-05-27 15:12:10,074] 25 root - INFO - Match heuristic business names to paybill payments
[ 2026-05-27 15:12:10,074] 174 root - INFO - Data transformation complete
[ 2026-05-27 15:12:10,074] 49 root - INFO - Started Regular Expression mapping
[ 2026-05-27 15:12:10,074] 25 root - INFO - Match heuristic business names to paybill payments
[ 2026-05-27 15:12:10,074] 174 root - INFO - Data transformation complete
[ 2026-05-27 15:12:10,074] 49 root - INFO - Started Regular Expression mapping
[ 2026-05-27 15:12:10,074] 25 root - INFO - Match heuristic business names to paybill payments
[ 2026-05-27 15:12:10,075] 174 root - INFO - Data transformation complete
[ 2026-05-27 15:12:10,075] 49 root - INFO - Started Regular Expression mapping
[ 2026-05-27 15:12:10,075] 174 root - INFO - Data transformation complete
[ 2026-05-27 15:12:10,075] 49 root - INFO - Started Regular Expression mapping
[ 2026-05-27 15:12:10,075] 174 root - INFO - Data transformation complete
[ 2026-05-27 15:12:10,075] 49 root - INFO - Started Regular Expression mapping
[ 2026-05-27 15:12:10,076] 174 root - INFO - Data transformation complete
[ 2026-05-27 15:12:10,076] 49 root - INFO - Started Regular Expression mapping
[ 2026-05-27 15:12:10,076] 174 root - INFO - Data transformation complete
[ 2026-05-27 15:12:10,076] 49 root - INFO - Started Regular Expression mapping
[ 2026-05-27 15:12:10,076] 25 root - INFO - Match heuristic business names to paybill payments
[ 2026-05-27 15:12:10,076] 174 root - INFO - Data transformation complete
[ 2026-05-27 15:12:10,076] 49 root - INFO - Started Regular Expression mapping
[ 2026-05-27 15:12:10,077] 174 root - INFO - Data transformation complete
[ 2026-05-27 15:12:10,077] 49 root - INFO - Started Regular Expression mapping
[ 2026-05-27 15:12:10,077] 174 root - INFO - Data transformation complete
[ 2026-05-27 15:12:10,077] 49 root - INFO - Started Regular Expression mapping
[ 2026-05-27 15:12:10,077] 174 root - INFO - Data transformation complete
[ 2026-05-27 15:12:10,077] 49 root - INFO - Started Regular Expression mapping
[ 2026-05-27 15:12:10,078] 174 root - INFO - Data transformation complete
[ 2026-05-27 15:12:10,078] 49 root - INFO - Started Regular Expression mapping
[ 2026-05-27 15:12:10,078] 25 root - INFO - Match heuristic business names to paybill payments
[ 2026-05-27 15:12:10,078] 174 root - INFO - Data transformation complete
[ 2026-05-27 15:12:10,078] 49 root - INFO - Started Regular Expression mapping
[ 2026-05-27 15:12:10,079] 174 root - INFO - Data transformation complete
[ 2026-05-27 15:12:10,079] 49 root - INFO - Started Regular Expression mapping
[ 2026-05-27 15:12:10,079] 174 root - INFO - Data transformation complete
[ 2026-05-27 15:12:10,079] 49 root - INFO - Started Regular Expression mapping
[ 2026-05-27 15:12:10,079] 174 root - INFO - Data transformation complete
[ 2026-05-27 15:12:10,079] 49 root - INFO - Started Regular Expression mapping
[ 2026-05-27 15:12:10,080] 174 root - INFO - Data transformation complete
[ 2026-05-27 15:12:10,080] 49 root - INFO - Started Regular Expression mapping
[ 2026-05-27 15:12:10,080] 25 root - INFO - Match heuristic business names to paybill payments
[ 2026-05-27 15:12:10,080] 174 root - INFO - Data transformation complete
[ 2026-05-27 15:12:10,080] 49 root - INFO - Started Regular Expression mapping
[ 2026-05-27 15:12:10,080] 174 root - INFO - Data transformation complete
[ 2026-05-27 15:12:10,080] 49 root - INFO - Started Regular Expression mapping
[ 2026-05-27 15:12:10,081] 174 root - INFO - Data transformation complete
[ 2026-05-27 15:12:10,081] 49 root - INFO - Started Regular Expression mapping
[ 2026-05-27 15:12:10,081] 174 root - INFO - Data transformation complete
[ 2026-05-27 15:12:10,081] 49 root - INFO - Started Regular Expression mapping
[ 2026-05-27 15:12:10,081] 174 root - INFO - Data transformation complete
[ 2026-05-27 15:12:10,081] 49 root - INFO - Started Regular Expression mapping
[ 2026-05-27 15:12:10,082] 25 root - INFO - Match heuristic business names to paybill payments
[ 2026-05-27 15:12:10,082] 174 root - INFO - Data transformation complete
[ 2026-05-27 15:12:10,082] 49 root - INFO - Started Regular Expression mapping
[ 2026-05-27 15:12:10,082] 174 root - INFO - Data transformation complete
[ 2026-05-27 15:12:10,082] 49 root - INFO - Started Regular Expression mapping
[ 2026-05-27 15:12:10,082] 25 root - INFO - Match heuristic business names to paybill payments
[ 2026-05-27 15:12:10,083] 174 root - INFO - Data transformation complete
[ 2026-05-27 15:12:10,083] 49 root - INFO - Started Regular Expression mapping
[ 2026-05-27 15:12:10,083] 25 root - INFO - Match heuristic business names to paybill payments
[ 2026-05-27 15:12:10,083] 174 root - INFO - Data transformation complete
[ 2026-05-27 15:12:10,083] 49 root - INFO - Started Regular Expression mapping
[ 2026-05-27 15:12:10,083] 174 root - INFO - Data transformation complete
[ 2026-05-27 15:12:10,083] 49 root - INFO - Started Regular Expression mapping
[ 2026-05-27 15:12:10,084] 25 root - INFO - Match heuristic business names to paybill payments
[ 2026-05-27 15:12:10,084] 174 root - INFO - Data transformation complete
[ 2026-05-27 15:12:10,084] 49 root - INFO - Started Regular Expression mapping
[ 2026-05-27 15:12:10,084] 174 root - INFO - Data transformation complete
[ 2026-05-27 15:12:10,084] 49 root - INFO - Started Regular Expression mapping
[ 2026-05-27 15:12:10,084] 174 root - INFO - Data transformation complete
[ 2026-05-27 15:12:10,085] 49 root - INFO - Started Regular Expression mapping
[ 2026-05-27 15:12:10,085] 174 root - INFO - Data transformation complete
[ 2026-05-27 15:12:10,085] 49 root - INFO - Started Regular Expression mapping
[ 2026-05-27 15:12:10,085] 174 root - INFO - Data transformation complete
[ 2026-05-27 15:12:10,085] 49 root - INFO - Started Regular Expression mapping
[ 2026-05-27 15:12:10,085] 174 root - INFO - Data transformation complete
[ 2026-05-27 15:12:10,086] 49 root - INFO - Started Regular Expression mapping
[ 2026-05-27 15:12:10,086] 174 root - INFO - Data transformation complete
[ 2026-05-27 15:12:10,086] 49 root - INFO - Started Regular Expression mapping
[ 2026-05-27 15:12:10,086] 25 root - INFO - Match heuristic business names to paybill payments
[ 2026-05-27 15:12:10,086] 174 root - INFO - Data transformation complete
[ 2026-05-27 15:12:10,086] 49 root - INFO - Started Regular Expression mapping
[ 2026-05-27 15:12:10,086] 25 root - INFO - Match heuristic business names to paybill payments
[ 2026-05-27 15:12:10,087] 174 root - INFO - Data transformation complete
[ 2026-05-27 15:12:10,087] 49 root - INFO - Started Regular Expression mapping
[ 2026-05-27 15:12:10,087] 25 root - INFO - Match heuristic business names to paybill payments
[ 2026-05-27 15:12:10,087] 174 root - INFO - Data transformation complete
[ 2026-05-27 15:12:10,087] 49 root - INFO - Started Regular Expression mapping
[ 2026-05-27 15:12:10,087] 174 root - INFO - Data transformation complete
[ 2026-05-27 15:12:10,088] 49 root - INFO - Started Regular Expression mapping
[ 2026-05-27 15:12:10,088] 174 root - INFO - Data transformation complete
[ 2026-05-27 15:12:10,088] 49 root - INFO - Started Regular Expression mapping
[ 2026-05-27 15:12:10,088] 174 root - INFO - Data transformation complete
[ 2026-05-27 15:12:10,088] 49 root - INFO - Started Regular Expression mapping
[ 2026-05-27 15:12:10,088] 174 root - INFO - Data transformation complete
[ 2026-05-27 15:12:10,088] 49 root - INFO - Started Regular Expression mapping
[ 2026-05-27 15:12:10,089] 25 root - INFO - Match heuristic business names to paybill payments
[ 2026-05-27 15:12:10,089] 174 root - INFO - Data transformation complete
[ 2026-05-27 15:12:10,089] 49 root - INFO - Started Regular Expression mapping
[ 2026-05-27 15:12:10,089] 174 root - INFO - Data transformation complete
[ 2026-05-27 15:12:10,089] 49 root - INFO - Started Regular Expression mapping
[ 2026-05-27 15:12:10,089] 174 root - INFO - Data transformation complete
[ 2026-05-27 15:12:10,090] 49 root - INFO - Started Regular Expression mapping
[ 2026-05-27 15:12:10,090] 25 root - INFO - Match heuristic business names to paybill payments
[ 2026-05-27 15:12:10,090] 174 root - INFO - Data transformation complete
[ 2026-05-27 15:12:10,090] 49 root - INFO - Started Regular Expression mapping
[ 2026-05-27 15:12:10,090] 25 root - INFO - Match heuristic business names to paybill payments
[ 2026-05-27 15:12:10,090] 174 root - INFO - Data transformation complete
[ 2026-05-27 15:12:10,090] 49 root - INFO - Started Regular Expression mapping
[ 2026-05-27 15:12:10,091] 174 root - INFO - Data transformation complete
[ 2026-05-27 15:12:10,091] 49 root - INFO - Started Regular Expression mapping
[ 2026-05-27 15:12:10,091] 174 root - INFO - Data transformation complete
[ 2026-05-27 15:12:10,091] 49 root - INFO - Started Regular Expression mapping
[ 2026-05-27 15:12:10,091] 174 root - INFO - Data transformation complete
[ 2026-05-27 15:12:10,091] 49 root - INFO - Started Regular Expression mapping
[ 2026-05-27 15:12:10,092] 174 root - INFO - Data transformation complete
[ 2026-05-27 15:12:10,092] 49 root - INFO - Started Regular Expression mapping
[ 2026-05-27 15:12:10,092] 174 root - INFO - Data transformation complete
[ 2026-05-27 15:12:10,092] 49 root - INFO - Started Regular Expression mapping
[ 2026-05-27 15:12:10,092] 174 root - INFO - Data transformation complete
[ 2026-05-27 15:12:10,092] 49 root - INFO - Started Regular Expression mapping
[ 2026-05-27 15:12:10,093] 174 root - INFO - Data transformation complete
[ 2026-05-27 15:12:10,093] 49 root - INFO - Started Regular Expression mapping
[ 2026-05-27 15:12:10,093] 174 root - INFO - Data transformation complete
[ 2026-05-27 15:12:10,093] 49 root - INFO - Started Regular Expression mapping
[ 2026-05-27 15:12:10,094] 174 root - INFO - Data transformation complete
[ 2026-05-27 15:12:10,094] 49 root - INFO - Started Regular Expression mapping
[ 2026-05-27 15:12:10,094] 174 root - INFO - Data transformation complete
[ 2026-05-27 15:12:10,094] 49 root - INFO - Started Regular Expression mapping
[ 2026-05-27 15:12:10,094] 174 root - INFO - Data transformation complete
[ 2026-05-27 15:12:10,094] 49 root - INFO - Started Regular Expression mapping
[ 2026-05-27 15:12:10,095] 174 root - INFO - Data transformation complete
[ 2026-05-27 15:12:10,095] 49 root - INFO - Started Regular Expression mapping
[ 2026-05-27 15:12:10,095] 174 root - INFO - Data transformation complete
[ 2026-05-27 15:12:10,095] 49 root - INFO - Started Regular Expression mapping
[ 2026-05-27 15:12:10,095] 25 root - INFO - Match heuristic business names to paybill payments
[ 2026-05-27 15:12:10,095] 174 root - INFO - Data transformation complete
[ 2026-05-27 15:12:10,096] 49 root - INFO - Started Regular Expression mapping
[ 2026-05-27 15:12:10,096] 174 root - INFO - Data transformation complete
[ 2026-05-27 15:12:10,096] 49 root - INFO - Started Regular Expression mapping
[ 2026-05-27 15:12:10,096] 174 root - INFO - Data transformation complete
[ 2026-05-27 15:12:10,096] 49 root - INFO - Started Regular Expression mapping
[ 2026-05-27 15:12:10,096] 25 root - INFO - Match heuristic business names to paybill payments
[ 2026-05-27 15:12:10,097] 174 root - INFO - Data transformation complete
[ 2026-05-27 15:12:10,097] 49 root - INFO - Started Regular Expression mapping
[ 2026-05-27 15:12:10,097] 174 root - INFO - Data transformation complete
[ 2026-05-27 15:12:10,097] 49 root - INFO - Started Regular Expression mapping
[ 2026-05-27 15:12:10,097] 174 root - INFO - Data transformation complete
[ 2026-05-27 15:12:10,097] 49 root - INFO - Started Regular Expression mapping
[ 2026-05-27 15:12:10,098] 174 root - INFO - Data transformation complete
[ 2026-05-27 15:12:10,098] 49 root - INFO - Started Regular Expression mapping
[ 2026-05-27 15:12:10,098] 174 root - INFO - Data transformation complete
[ 2026-05-27 15:12:10,098] 49 root - INFO - Started Regular Expression mapping
[ 2026-05-27 15:12:10,098] 174 root - INFO - Data transformation complete
[ 2026-05-27 15:12:10,098] 49 root - INFO - Started Regular Expression mapping
[ 2026-05-27 15:12:10,098] 25 root - INFO - Match heuristic business names to paybill payments
[ 2026-05-27 15:12:10,099] 174 root - INFO - Data transformation complete
[ 2026-05-27 15:12:10,099] 49 root - INFO - Started Regular Expression mapping
[ 2026-05-27 15:12:10,099] 174 root - INFO - Data transformation complete
[ 2026-05-27 15:12:10,099] 49 root - INFO - Started Regular Expression mapping
[ 2026-05-27 15:12:10,099] 25 root - INFO - Match heuristic business names to paybill payments
[ 2026-05-27 15:12:10,099] 174 root - INFO - Data transformation complete
[ 2026-05-27 15:12:10,099] 49 root - INFO - Started Regular Expression mapping
[ 2026-05-27 15:12:10,100] 174 root - INFO - Data transformation complete
[ 2026-05-27 15:12:10,100] 49 root - INFO - Started Regular Expression mapping
[ 2026-05-27 15:12:10,100] 174 root - INFO - Data transformation complete
[ 2026-05-27 15:12:10,100] 49 root - INFO - Started Regular Expression mapping
[ 2026-05-27 15:12:10,100] 174 root - INFO - Data transformation complete
[ 2026-05-27 15:12:10,100] 49 root - INFO - Started Regular Expression mapping
[ 2026-05-27 15:12:10,101] 174 root - INFO - Data transformation complete
[ 2026-05-27 15:12:10,101] 49 root - INFO - Started Regular Expression mapping
[ 2026-05-27 15:12:10,101] 174 root - INFO - Data transformation complete
[ 2026-05-27 15:12:10,101] 49 root - INFO - Started Regular Expression mapping
[ 2026-05-27 15:12:10,101] 174 root - INFO - Data transformation complete
[ 2026-05-27 15:12:10,101] 49 root - INFO - Started Regular Expression mapping
[ 2026-05-27 15:12:10,102] 174 root - INFO - Data transformation complete
[ 2026-05-27 15:12:10,102] 49 root - INFO - Started Regular Expression mapping
[ 2026-05-27 15:12:10,102] 174 root - INFO - Data transformation complete
[ 2026-05-27 15:12:10,102] 49 root - INFO - Started Regular Expression mapping
[ 2026-05-27 15:12:10,102] 174 root - INFO - Data transformation complete
[ 2026-05-27 15:12:10,102] 49 root - INFO - Started Regular Expression mapping
[ 2026-05-27 15:12:10,103] 174 root - INFO - Data transformation complete
[ 2026-05-27 15:12:10,103] 49 root - INFO - Started Regular Expression mapping
[ 2026-05-27 15:12:10,103] 174 root - INFO - Data transformation complete
[ 2026-05-27 15:12:10,103] 49 root - INFO - Started Regular Expression mapping
[ 2026-05-27 15:12:10,103] 25 root - INFO - Match heuristic business names to paybill payments
[ 2026-05-27 15:12:10,103] 174 root - INFO - Data transformation complete
[ 2026-05-27 15:12:10,103] 49 root - INFO - Started Regular Expression mapping
[ 2026-05-27 15:12:10,104] 174 root - INFO - Data transformation complete
[ 2026-05-27 15:12:10,104] 49 root - INFO - Started Regular Expression mapping
[ 2026-05-27 15:12:10,104] 174 root - INFO - Data transformation complete
[ 2026-05-27 15:12:10,104] 49 root - INFO - Started Regular Expression mapping
[ 2026-05-27 15:12:10,104] 174 root - INFO - Data transformation complete
[ 2026-05-27 15:12:10,104] 49 root - INFO - Started Regular Expression mapping
[ 2026-05-27 15:12:10,105] 174 root - INFO - Data transformation complete
[ 2026-05-27 15:12:10,105] 49 root - INFO - Started Regular Expression mapping
[ 2026-05-27 15:12:10,105] 174 root - INFO - Data transformation complete
[ 2026-05-27 15:12:10,105] 49 root - INFO - Started Regular Expression mapping
[ 2026-05-27 15:12:10,105] 174 root - INFO - Data transformation complete
[ 2026-05-27 15:12:10,105] 49 root - INFO - Started Regular Expression mapping
[ 2026-05-27 15:12:10,106] 174 root - INFO - Data transformation complete
[ 2026-05-27 15:12:10,106] 49 root - INFO - Started Regular Expression mapping
[ 2026-05-27 15:12:10,106] 25 root - INFO - Match heuristic business names to paybill payments
[ 2026-05-27 15:12:10,106] 174 root - INFO - Data transformation complete
[ 2026-05-27 15:12:10,107] 49 root - INFO - Started Regular Expression mapping
[ 2026-05-27 15:12:10,107] 174 root - INFO - Data transformation complete
[ 2026-05-27 15:12:10,107] 49 root - INFO - Started Regular Expression mapping
[ 2026-05-27 15:12:10,107] 174 root - INFO - Data transformation complete
[ 2026-05-27 15:12:10,107] 49 root - INFO - Started Regular Expression mapping
[ 2026-05-27 15:12:10,108] 174 root - INFO - Data transformation complete
[ 2026-05-27 15:12:10,108] 49 root - INFO - Started Regular Expression mapping
[ 2026-05-27 15:12:10,108] 25 root - INFO - Match heuristic business names to paybill payments
[ 2026-05-27 15:12:10,108] 174 root - INFO - Data transformation complete
[ 2026-05-27 15:12:10,108] 49 root - INFO - Started Regular Expression mapping
[ 2026-05-27 15:12:10,108] 174 root - INFO - Data transformation complete
[ 2026-05-27 15:12:10,109] 49 root - INFO - Started Regular Expression mapping
[ 2026-05-27 15:12:10,109] 174 root - INFO - Data transformation complete
[ 2026-05-27 15:12:10,109] 49 root - INFO - Started Regular Expression mapping
[ 2026-05-27 15:12:10,109] 25 root - INFO - Match heuristic business names to paybill payments
[ 2026-05-27 15:12:10,109] 174 root - INFO - Data transformation complete
[ 2026-05-27 15:12:10,110] 49 root - INFO - Started Regular Expression mapping
[ 2026-05-27 15:12:10,110] 174 root - INFO - Data transformation complete
[ 2026-05-27 15:12:10,110] 49 root - INFO - Started Regular Expression mapping
[ 2026-05-27 15:12:10,110] 174 root - INFO - Data transformation complete
[ 2026-05-27 15:12:10,110] 49 root - INFO - Started Regular Expression mapping
[ 2026-05-27 15:12:10,110] 174 root - INFO - Data transformation complete
[ 2026-05-27 15:12:10,111] 49 root - INFO - Started Regular Expression mapping
[ 2026-05-27 15:12:10,111] 174 root - INFO - Data transformation complete
[ 2026-05-27 15:12:10,111] 49 root - INFO - Started Regular Expression mapping
[ 2026-05-27 15:12:10,111] 174 root - INFO - Data transformation complete
[ 2026-05-27 15:12:10,111] 49 root - INFO - Started Regular Expression mapping
[ 2026-05-27 15:12:10,111] 25 root - INFO - Match heuristic business names to paybill payments
[ 2026-05-27 15:12:10,112] 174 root - INFO - Data transformation complete
[ 2026-05-27 15:12:10,112] 49 root - INFO - Started Regular Expression mapping
[ 2026-05-27 15:12:10,112] 25 root - INFO - Match heuristic business names to paybill payments
[ 2026-05-27 15:12:10,112] 174 root - INFO - Data transformation complete
[ 2026-05-27 15:12:10,112] 49 root - INFO - Started Regular Expression mapping
[ 2026-05-27 15:12:10,112] 174 root - INFO - Data transformation complete
[ 2026-05-27 15:12:10,112] 49 root - INFO - Started Regular Expression mapping
[ 2026-05-27 15:12:10,113] 174 root - INFO - Data transformation complete
[ 2026-05-27 15:12:10,113] 49 root - INFO - Started Regular Expression mapping
[ 2026-05-27 15:12:10,113] 25 root - INFO - Match heuristic business names to paybill payments
[ 2026-05-27 15:12:10,113] 174 root - INFO - Data transformation complete
[ 2026-05-27 15:12:10,113] 49 root - INFO - Started Regular Expression mapping
[ 2026-05-27 15:12:10,113] 174 root - INFO - Data transformation complete
[ 2026-05-27 15:12:10,114] 49 root - INFO - Started Regular Expression mapping
[ 2026-05-27 15:12:10,114] 174 root - INFO - Data transformation complete
[ 2026-05-27 15:12:10,114] 49 root - INFO - Started Regular Expression mapping
[ 2026-05-27 15:12:10,114] 174 root - INFO - Data transformation complete
[ 2026-05-27 15:12:10,114] 49 root - INFO - Started Regular Expression mapping
[ 2026-05-27 15:12:10,114] 174 root - INFO - Data transformation complete
[ 2026-05-27 15:12:10,115] 49 root - INFO - Started Regular Expression mapping
[ 2026-05-27 15:12:10,115] 25 root - INFO - Match heuristic business names to paybill payments
[ 2026-05-27 15:12:10,115] 174 root - INFO - Data transformation complete
[ 2026-05-27 15:12:10,115] 49 root - INFO - Started Regular Expression mapping
[ 2026-05-27 15:12:10,115] 174 root - INFO - Data transformation complete
[ 2026-05-27 15:12:10,115] 49 root - INFO - Started Regular Expression mapping
[ 2026-05-27 15:12:10,115] 174 root - INFO - Data transformation complete
[ 2026-05-27 15:12:10,116] 49 root - INFO - Started Regular Expression mapping
[ 2026-05-27 15:12:10,116] 25 root - INFO - Match heuristic business names to paybill payments
[ 2026-05-27 15:12:10,116] 174 root - INFO - Data transformation complete
[ 2026-05-27 15:12:10,116] 49 root - INFO - Started Regular Expression mapping
[ 2026-05-27 15:12:10,116] 174 root - INFO - Data transformation complete
[ 2026-05-27 15:12:10,116] 49 root - INFO - Started Regular Expression mapping
[ 2026-05-27 15:12:10,117] 174 root - INFO - Data transformation complete
[ 2026-05-27 15:12:10,117] 49 root - INFO - Started Regular Expression mapping
[ 2026-05-27 15:12:10,117] 25 root - INFO - Match heuristic business names to paybill payments
[ 2026-05-27 15:12:10,117] 174 root - INFO - Data transformation complete
[ 2026-05-27 15:12:10,117] 49 root - INFO - Started Regular Expression mapping
[ 2026-05-27 15:12:10,117] 25 root - INFO - Match heuristic business names to paybill payments
[ 2026-05-27 15:12:10,117] 174 root - INFO - Data transformation complete
[ 2026-05-27 15:12:10,118] 49 root - INFO - Started Regular Expression mapping
[ 2026-05-27 15:12:10,118] 174 root - INFO - Data transformation complete
[ 2026-05-27 15:12:10,118] 49 root - INFO - Started Regular Expression mapping
[ 2026-05-27 15:12:10,118] 174 root - INFO - Data transformation complete
[ 2026-05-27 15:12:10,118] 49 root - INFO - Started Regular Expression mapping
[ 2026-05-27 15:12:10,118] 25 root - INFO - Match heuristic business names to paybill payments
[ 2026-05-27 15:12:10,119] 174 root - INFO - Data transformation complete
[ 2026-05-27 15:12:10,119] 49 root - INFO - Started Regular Expression mapping
[ 2026-05-27 15:12:10,119] 174 root - INFO - Data transformation complete
[ 2026-05-27 15:12:10,119] 49 root - INFO - Started Regular Expression mapping
[ 2026-05-27 15:12:10,119] 174 root - INFO - Data transformation complete
[ 2026-05-27 15:12:10,119] 49 root - INFO - Started Regular Expression mapping
[ 2026-05-27 15:12:10,120] 174 root - INFO - Data transformation complete
[ 2026-05-27 15:12:10,120] 49 root - INFO - Started Regular Expression mapping
[ 2026-05-27 15:12:10,120] 174 root - INFO - Data transformation complete
[ 2026-05-27 15:12:10,120] 49 root - INFO - Started Regular Expression mapping
[ 2026-05-27 15:12:10,120] 25 root - INFO - Match heuristic business names to paybill payments
[ 2026-05-27 15:12:10,120] 174 root - INFO - Data transformation complete
[ 2026-05-27 15:12:10,120] 49 root - INFO - Started Regular Expression mapping
[ 2026-05-27 15:12:10,121] 25 root - INFO - Match heuristic business names to paybill payments
[ 2026-05-27 15:12:10,121] 174 root - INFO - Data transformation complete
[ 2026-05-27 15:12:10,121] 49 root - INFO - Started Regular Expression mapping
[ 2026-05-27 15:12:10,121] 174 root - INFO - Data transformation complete
[ 2026-05-27 15:12:10,121] 49 root - INFO - Started Regular Expression mapping
[ 2026-05-27 15:12:10,121] 174 root - INFO - Data transformation complete
[ 2026-05-27 15:12:10,122] 49 root - INFO - Started Regular Expression mapping
[ 2026-05-27 15:12:10,122] 174 root - INFO - Data transformation complete
[ 2026-05-27 15:12:10,122] 49 root - INFO - Started Regular Expression mapping
[ 2026-05-27 15:12:10,122] 25 root - INFO - Match heuristic business names to paybill payments
[ 2026-05-27 15:12:10,122] 174 root - INFO - Data transformation complete
[ 2026-05-27 15:12:10,122] 49 root - INFO - Started Regular Expression mapping
[ 2026-05-27 15:12:10,122] 25 root - INFO - Match heuristic business names to paybill payments
[ 2026-05-27 15:12:10,123] 174 root - INFO - Data transformation complete
[ 2026-05-27 15:12:10,123] 49 root - INFO - Started Regular Expression mapping
[ 2026-05-27 15:12:10,123] 174 root - INFO - Data transformation complete
[ 2026-05-27 15:12:10,123] 49 root - INFO - Started Regular Expression mapping
[ 2026-05-27 15:12:10,124] 25 root - INFO - Match heuristic business names to paybill payments
[ 2026-05-27 15:12:10,124] 174 root - INFO - Data transformation complete
[ 2026-05-27 15:12:10,124] 49 root - INFO - Started Regular Expression mapping
[ 2026-05-27 15:12:10,124] 174 root - INFO - Data transformation complete
[ 2026-05-27 15:12:10,125] 49 root - INFO - Started Regular Expression mapping
[ 2026-05-27 15:12:10,125] 174 root - INFO - Data transformation complete
[ 2026-05-27 15:12:10,125] 49 root - INFO - Started Regular Expression mapping
[ 2026-05-27 15:12:10,125] 174 root - INFO - Data transformation complete
[ 2026-05-27 15:12:10,125] 49 root - INFO - Started Regular Expression mapping
[ 2026-05-27 15:12:10,126] 174 root - INFO - Data transformation complete
[ 2026-05-27 15:12:10,126] 49 root - INFO - Started Regular Expression mapping
[ 2026-05-27 15:12:10,126] 174 root - INFO - Data transformation complete
[ 2026-05-27 15:12:10,126] 49 root - INFO - Started Regular Expression mapping
[ 2026-05-27 15:12:10,126] 25 root - INFO - Match heuristic business names to paybill payments
[ 2026-05-27 15:12:10,127] 174 root - INFO - Data transformation complete
[ 2026-05-27 15:12:10,127] 49 root - INFO - Started Regular Expression mapping
[ 2026-05-27 15:12:10,127] 174 root - INFO - Data transformation complete
[ 2026-05-27 15:12:10,127] 49 root - INFO - Started Regular Expression mapping
[ 2026-05-27 15:12:10,127] 174 root - INFO - Data transformation complete
[ 2026-05-27 15:12:10,127] 49 root - INFO - Started Regular Expression mapping
[ 2026-05-27 15:12:10,127] 25 root - INFO - Match heuristic business names to paybill payments
[ 2026-05-27 15:12:10,128] 174 root - INFO - Data transformation complete
[ 2026-05-27 15:12:10,128] 49 root - INFO - Started Regular Expression mapping
[ 2026-05-27 15:12:10,128] 25 root - INFO - Match heuristic business names to paybill payments
[ 2026-05-27 15:12:10,128] 174 root - INFO - Data transformation complete
[ 2026-05-27 15:12:10,128] 49 root - INFO - Started Regular Expression mapping
[ 2026-05-27 15:12:10,128] 174 root - INFO - Data transformation complete
[ 2026-05-27 15:12:10,128] 49 root - INFO - Started Regular Expression mapping
[ 2026-05-27 15:12:10,129] 25 root - INFO - Match heuristic business names to paybill payments
[ 2026-05-27 15:12:10,129] 174 root - INFO - Data transformation complete
[ 2026-05-27 15:12:10,129] 49 root - INFO - Started Regular Expression mapping
[ 2026-05-27 15:12:10,129] 174 root - INFO - Data transformation complete
[ 2026-05-27 15:12:10,129] 49 root - INFO - Started Regular Expression mapping
[ 2026-05-27 15:12:10,129] 174 root - INFO - Data transformation complete
[ 2026-05-27 15:12:10,130] 49 root - INFO - Started Regular Expression mapping
[ 2026-05-27 15:12:10,130] 25 root - INFO - Match heuristic business names to paybill payments
[ 2026-05-27 15:12:10,130] 174 root - INFO - Data transformation complete
[ 2026-05-27 15:12:10,130] 49 root - INFO - Started Regular Expression mapping
[ 2026-05-27 15:12:10,130] 174 root - INFO - Data transformation complete
[ 2026-05-27 15:12:10,130] 49 root - INFO - Started Regular Expression mapping
[ 2026-05-27 15:12:10,131] 174 root - INFO - Data transformation complete
[ 2026-05-27 15:12:10,131] 49 root - INFO - Started Regular Expression mapping
[ 2026-05-27 15:12:10,131] 174 root - INFO - Data transformation complete
[ 2026-05-27 15:12:10,131] 49 root - INFO - Started Regular Expression mapping
[ 2026-05-27 15:12:10,131] 25 root - INFO - Match heuristic business names to paybill payments
[ 2026-05-27 15:12:10,131] 174 root - INFO - Data transformation complete
[ 2026-05-27 15:12:10,131] 49 root - INFO - Started Regular Expression mapping
[ 2026-05-27 15:12:10,132] 174 root - INFO - Data transformation complete
[ 2026-05-27 15:12:10,132] 49 root - INFO - Started Regular Expression mapping
[ 2026-05-27 15:12:10,132] 174 root - INFO - Data transformation complete
[ 2026-05-27 15:12:10,132] 49 root - INFO - Started Regular Expression mapping
[ 2026-05-27 15:12:10,132] 174 root - INFO - Data transformation complete
[ 2026-05-27 15:12:10,132] 49 root - INFO - Started Regular Expression mapping
[ 2026-05-27 15:12:10,133] 25 root - INFO - Match heuristic business names to paybill payments
[ 2026-05-27 15:12:10,133] 174 root - INFO - Data transformation complete
[ 2026-05-27 15:12:10,133] 49 root - INFO - Started Regular Expression mapping
[ 2026-05-27 15:12:10,133] 25 root - INFO - Match heuristic business names to paybill payments
[ 2026-05-27 15:12:10,133] 174 root - INFO - Data transformation complete
[ 2026-05-27 15:12:10,133] 49 root - INFO - Started Regular Expression mapping
[ 2026-05-27 15:12:10,133] 174 root - INFO - Data transformation complete
[ 2026-05-27 15:12:10,134] 49 root - INFO - Started Regular Expression mapping
[ 2026-05-27 15:12:10,134] 174 root - INFO - Data transformation complete
[ 2026-05-27 15:12:10,134] 49 root - INFO - Started Regular Expression mapping
[ 2026-05-27 15:12:10,134] 25 root - INFO - Match heuristic business names to paybill payments
[ 2026-05-27 15:12:10,134] 174 root - INFO - Data transformation complete
[ 2026-05-27 15:12:10,134] 49 root - INFO - Started Regular Expression mapping
[ 2026-05-27 15:12:10,135] 174 root - INFO - Data transformation complete
[ 2026-05-27 15:12:10,135] 49 root - INFO - Started Regular Expression mapping
[ 2026-05-27 15:12:10,135] 25 root - INFO - Match heuristic business names to paybill payments
[ 2026-05-27 15:12:10,135] 174 root - INFO - Data transformation complete
[ 2026-05-27 15:12:10,135] 49 root - INFO - Started Regular Expression mapping
[ 2026-05-27 15:12:10,135] 174 root - INFO - Data transformation complete
[ 2026-05-27 15:12:10,135] 49 root - INFO - Started Regular Expression mapping
[ 2026-05-27 15:12:10,136] 25 root - INFO - Match heuristic business names to paybill payments
[ 2026-05-27 15:12:10,136] 174 root - INFO - Data transformation complete
[ 2026-05-27 15:12:10,136] 49 root - INFO - Started Regular Expression mapping
[ 2026-05-27 15:12:10,136] 174 root - INFO - Data transformation complete
[ 2026-05-27 15:12:10,136] 49 root - INFO - Started Regular Expression mapping
[ 2026-05-27 15:12:10,136] 25 root - INFO - Match heuristic business names to paybill payments
[ 2026-05-27 15:12:10,137] 174 root - INFO - Data transformation complete
[ 2026-05-27 15:12:10,137] 49 root - INFO - Started Regular Expression mapping
[ 2026-05-27 15:12:10,137] 25 root - INFO - Match heuristic business names to paybill payments
[ 2026-05-27 15:12:10,137] 174 root - INFO - Data transformation complete
[ 2026-05-27 15:12:10,137] 49 root - INFO - Started Regular Expression mapping
[ 2026-05-27 15:12:10,137] 25 root - INFO - Match heuristic business names to paybill payments
[ 2026-05-27 15:12:10,137] 174 root - INFO - Data transformation complete
[ 2026-05-27 15:12:10,138] 49 root - INFO - Started Regular Expression mapping
[ 2026-05-27 15:12:10,138] 174 root - INFO - Data transformation complete
[ 2026-05-27 15:12:10,138] 49 root - INFO - Started Regular Expression mapping
[ 2026-05-27 15:12:10,138] 25 root - INFO - Match heuristic business names to paybill payments
[ 2026-05-27 15:12:10,138] 174 root - INFO - Data transformation complete
[ 2026-05-27 15:12:10,138] 49 root - INFO - Started Regular Expression mapping
[ 2026-05-27 15:12:10,138] 25 root - INFO - Match heuristic business names to paybill payments
[ 2026-05-27 15:12:10,139] 174 root - INFO - Data transformation complete
[ 2026-05-27 15:12:10,139] 49 root - INFO - Started Regular Expression mapping
[ 2026-05-27 15:12:10,139] 174 root - INFO - Data transformation complete
[ 2026-05-27 15:12:10,139] 49 root - INFO - Started Regular Expression mapping
[ 2026-05-27 15:12:10,139] 25 root - INFO - Match heuristic business names to paybill payments
[ 2026-05-27 15:12:10,140] 174 root - INFO - Data transformation complete
[ 2026-05-27 15:12:10,140] 49 root - INFO - Started Regular Expression mapping
[ 2026-05-27 15:12:10,140] 174 root - INFO - Data transformation complete
[ 2026-05-27 15:12:10,140] 49 root - INFO - Started Regular Expression mapping
[ 2026-05-27 15:12:10,140] 25 root - INFO - Match heuristic business names to paybill payments
[ 2026-05-27 15:12:10,140] 174 root - INFO - Data transformation complete
[ 2026-05-27 15:12:10,140] 49 root - INFO - Started Regular Expression mapping
[ 2026-05-27 15:12:10,141] 174 root - INFO - Data transformation complete
[ 2026-05-27 15:12:10,141] 49 root - INFO - Started Regular Expression mapping
[ 2026-05-27 15:12:10,141] 174 root - INFO - Data transformation complete
[ 2026-05-27 15:12:10,141] 49 root - INFO - Started Regular Expression mapping
[ 2026-05-27 15:12:10,142] 25 root - INFO - Match heuristic business names to paybill payments
[ 2026-05-27 15:12:10,142] 174 root - INFO - Data transformation complete
[ 2026-05-27 15:12:10,142] 49 root - INFO - Started Regular Expression mapping
[ 2026-05-27 15:12:10,142] 25 root - INFO - Match heuristic business names to paybill payments
[ 2026-05-27 15:12:10,142] 174 root - INFO - Data transformation complete
[ 2026-05-27 15:12:10,142] 49 root - INFO - Started Regular Expression mapping
[ 2026-05-27 15:12:10,143] 174 root - INFO - Data transformation complete
[ 2026-05-27 15:12:10,143] 49 root - INFO - Started Regular Expression mapping
[ 2026-05-27 15:12:10,143] 25 root - INFO - Match heuristic business names to paybill payments
[ 2026-05-27 15:12:10,143] 174 root - INFO - Data transformation complete
[ 2026-05-27 15:12:10,143] 49 root - INFO - Started Regular Expression mapping
[ 2026-05-27 15:12:10,143] 174 root - INFO - Data transformation complete
[ 2026-05-27 15:12:10,143] 49 root - INFO - Started Regular Expression mapping
[ 2026-05-27 15:12:10,144] 25 root - INFO - Match heuristic business names to paybill payments
[ 2026-05-27 15:12:10,144] 174 root - INFO - Data transformation complete
[ 2026-05-27 15:12:10,144] 49 root - INFO - Started Regular Expression mapping
[ 2026-05-27 15:12:10,144] 174 root - INFO - Data transformation complete
[ 2026-05-27 15:12:10,144] 49 root - INFO - Started Regular Expression mapping
[ 2026-05-27 15:12:10,144] 174 root - INFO - Data transformation complete
[ 2026-05-27 15:12:10,144] 49 root - INFO - Started Regular Expression mapping
[ 2026-05-27 15:12:10,145] 25 root - INFO - Match heuristic business names to paybill payments
[ 2026-05-27 15:12:10,145] 174 root - INFO - Data transformation complete
[ 2026-05-27 15:12:10,145] 49 root - INFO - Started Regular Expression mapping
[ 2026-05-27 15:12:10,145] 174 root - INFO - Data transformation complete
[ 2026-05-27 15:12:10,145] 49 root - INFO - Started Regular Expression mapping
[ 2026-05-27 15:12:10,145] 25 root - INFO - Match heuristic business names to paybill payments
[ 2026-05-27 15:12:10,146] 174 root - INFO - Data transformation complete
[ 2026-05-27 15:12:10,146] 49 root - INFO - Started Regular Expression mapping
[ 2026-05-27 15:12:10,146] 25 root - INFO - Match heuristic business names to paybill payments
[ 2026-05-27 15:12:10,146] 174 root - INFO - Data transformation complete
[ 2026-05-27 15:12:10,146] 49 root - INFO - Started Regular Expression mapping
[ 2026-05-27 15:12:10,147] 25 root - INFO - Match heuristic business names to paybill payments
[ 2026-05-27 15:12:10,147] 174 root - INFO - Data transformation complete
[ 2026-05-27 15:12:10,147] 49 root - INFO - Started Regular Expression mapping
[ 2026-05-27 15:12:10,147] 174 root - INFO - Data transformation complete
[ 2026-05-27 15:12:10,147] 49 root - INFO - Started Regular Expression mapping
[ 2026-05-27 15:12:10,147] 174 root - INFO - Data transformation complete
[ 2026-05-27 15:12:10,147] 49 root - INFO - Started Regular Expression mapping
[ 2026-05-27 15:12:10,148] 25 root - INFO - Match heuristic business names to paybill payments
[ 2026-05-27 15:12:10,148] 174 root - INFO - Data transformation complete
[ 2026-05-27 15:12:10,148] 49 root - INFO - Started Regular Expression mapping
[ 2026-05-27 15:12:10,148] 174 root - INFO - Data transformation complete
[ 2026-05-27 15:12:10,148] 49 root - INFO - Started Regular Expression mapping
[ 2026-05-27 15:12:10,148] 174 root - INFO - Data transformation complete
[ 2026-05-27 15:12:10,148] 49 root - INFO - Started Regular Expression mapping
[ 2026-05-27 15:12:10,149] 174 root - INFO - Data transformation complete
[ 2026-05-27 15:12:10,149] 49 root - INFO - Started Regular Expression mapping
[ 2026-05-27 15:12:10,149] 25 root - INFO - Match heuristic business names to paybill payments
[ 2026-05-27 15:12:10,149] 174 root - INFO - Data transformation complete
[ 2026-05-27 15:12:10,149] 49 root - INFO - Started Regular Expression mapping
[ 2026-05-27 15:12:10,149] 25 root - INFO - Match heuristic business names to paybill payments
[ 2026-05-27 15:12:10,150] 174 root - INFO - Data transformation complete
[ 2026-05-27 15:12:10,150] 49 root - INFO - Started Regular Expression mapping
[ 2026-05-27 15:12:10,150] 174 root - INFO - Data transformation complete
[ 2026-05-27 15:12:10,150] 49 root - INFO - Started Regular Expression mapping
[ 2026-05-27 15:12:10,150] 174 root - INFO - Data transformation complete
[ 2026-05-27 15:12:10,150] 49 root - INFO - Started Regular Expression mapping
[ 2026-05-27 15:12:10,151] 174 root - INFO - Data transformation complete
[ 2026-05-27 15:12:10,151] 49 root - INFO - Started Regular Expression mapping
[ 2026-05-27 15:12:10,151] 174 root - INFO - Data transformation complete
[ 2026-05-27 15:12:10,151] 49 root - INFO - Started Regular Expression mapping
[ 2026-05-27 15:12:10,151] 174 root - INFO - Data transformation complete
[ 2026-05-27 15:12:10,151] 49 root - INFO - Started Regular Expression mapping
[ 2026-05-27 15:12:10,151] 174 root - INFO - Data transformation complete
[ 2026-05-27 15:12:10,152] 49 root - INFO - Started Regular Expression mapping
[ 2026-05-27 15:12:10,152] 25 root - INFO - Match heuristic business names to paybill payments
[ 2026-05-27 15:12:10,152] 174 root - INFO - Data transformation complete
[ 2026-05-27 15:12:10,152] 49 root - INFO - Started Regular Expression mapping
[ 2026-05-27 15:12:10,152] 174 root - INFO - Data transformation complete
[ 2026-05-27 15:12:10,152] 49 root - INFO - Started Regular Expression mapping
[ 2026-05-27 15:12:10,153] 174 root - INFO - Data transformation complete
[ 2026-05-27 15:12:10,153] 49 root - INFO - Started Regular Expression mapping
[ 2026-05-27 15:12:10,153] 174 root - INFO - Data transformation complete
[ 2026-05-27 15:12:10,153] 49 root - INFO - Started Regular Expression mapping
[ 2026-05-27 15:12:10,153] 25 root - INFO - Match heuristic business names to paybill payments
[ 2026-05-27 15:12:10,153] 174 root - INFO - Data transformation complete
[ 2026-05-27 15:12:10,153] 49 root - INFO - Started Regular Expression mapping
[ 2026-05-27 15:12:10,154] 174 root - INFO - Data transformation complete
[ 2026-05-27 15:12:10,154] 49 root - INFO - Started Regular Expression mapping
[ 2026-05-27 15:12:10,154] 174 root - INFO - Data transformation complete
[ 2026-05-27 15:12:10,154] 49 root - INFO - Started Regular Expression mapping
[ 2026-05-27 15:12:10,154] 174 root - INFO - Data transformation complete
[ 2026-05-27 15:12:10,154] 49 root - INFO - Started Regular Expression mapping
[ 2026-05-27 15:12:10,155] 174 root - INFO - Data transformation complete
[ 2026-05-27 15:12:10,155] 49 root - INFO - Started Regular Expression mapping
[ 2026-05-27 15:12:10,155] 25 root - INFO - Match heuristic business names to paybill payments
[ 2026-05-27 15:12:10,155] 174 root - INFO - Data transformation complete
[ 2026-05-27 15:12:10,155] 49 root - INFO - Started Regular Expression mapping
[ 2026-05-27 15:12:10,155] 174 root - INFO - Data transformation complete
[ 2026-05-27 15:12:10,156] 49 root - INFO - Started Regular Expression mapping
[ 2026-05-27 15:12:10,156] 174 root - INFO - Data transformation complete
[ 2026-05-27 15:12:10,156] 49 root - INFO - Started Regular Expression mapping
[ 2026-05-27 15:12:10,157] 25 root - INFO - Match heuristic business names to paybill payments
[ 2026-05-27 15:12:10,157] 174 root - INFO - Data transformation complete
[ 2026-05-27 15:12:10,157] 49 root - INFO - Started Regular Expression mapping
[ 2026-05-27 15:12:10,157] 174 root - INFO - Data transformation complete
[ 2026-05-27 15:12:10,158] 49 root - INFO - Started Regular Expression mapping
[ 2026-05-27 15:12:10,158] 25 root - INFO - Match heuristic business names to paybill payments
[ 2026-05-27 15:12:10,158] 174 root - INFO - Data transformation complete
[ 2026-05-27 15:12:10,158] 49 root - INFO - Started Regular Expression mapping
[ 2026-05-27 15:12:10,158] 25 root - INFO - Match heuristic business names to paybill payments
[ 2026-05-27 15:12:10,159] 174 root - INFO - Data transformation complete
[ 2026-05-27 15:12:10,159] 49 root - INFO - Started Regular Expression mapping
[ 2026-05-27 15:12:10,159] 174 root - INFO - Data transformation complete
[ 2026-05-27 15:12:10,159] 49 root - INFO - Started Regular Expression mapping
[ 2026-05-27 15:12:10,159] 174 root - INFO - Data transformation complete
[ 2026-05-27 15:12:10,159] 49 root - INFO - Started Regular Expression mapping
[ 2026-05-27 15:12:10,160] 174 root - INFO - Data transformation complete
[ 2026-05-27 15:12:10,160] 49 root - INFO - Started Regular Expression mapping
[ 2026-05-27 15:12:10,160] 174 root - INFO - Data transformation complete
[ 2026-05-27 15:12:10,160] 49 root - INFO - Started Regular Expression mapping
[ 2026-05-27 15:12:10,160] 174 root - INFO - Data transformation complete
[ 2026-05-27 15:12:10,160] 49 root - INFO - Started Regular Expression mapping
[ 2026-05-27 15:12:10,161] 25 root - INFO - Match heuristic business names to paybill payments
[ 2026-05-27 15:12:10,161] 174 root - INFO - Data transformation complete
[ 2026-05-27 15:12:10,161] 49 root - INFO - Started Regular Expression mapping
[ 2026-05-27 15:12:10,161] 25 root - INFO - Match heuristic business names to paybill payments
[ 2026-05-27 15:12:10,161] 174 root - INFO - Data transformation complete
[ 2026-05-27 15:12:10,161] 49 root - INFO - Started Regular Expression mapping
[ 2026-05-27 15:12:10,161] 25 root - INFO - Match heuristic business names to paybill payments
[ 2026-05-27 15:12:10,162] 174 root - INFO - Data transformation complete
[ 2026-05-27 15:12:10,162] 49 root - INFO - Started Regular Expression mapping
[ 2026-05-27 15:12:10,162] 174 root - INFO - Data transformation complete
[ 2026-05-27 15:12:10,162] 49 root - INFO - Started Regular Expression mapping
[ 2026-05-27 15:12:10,162] 174 root - INFO - Data transformation complete
[ 2026-05-27 15:12:10,162] 49 root - INFO - Started Regular Expression mapping
[ 2026-05-27 15:12:10,163] 174 root - INFO - Data transformation complete
[ 2026-05-27 15:12:10,163] 49 root - INFO - Started Regular Expression mapping
[ 2026-05-27 15:12:10,163] 174 root - INFO - Data transformation complete
[ 2026-05-27 15:12:10,163] 49 root - INFO - Started Regular Expression mapping
[ 2026-05-27 15:12:10,163] 174 root - INFO - Data transformation complete
[ 2026-05-27 15:12:10,163] 49 root - INFO - Started Regular Expression mapping
[ 2026-05-27 15:12:10,164] 174 root - INFO - Data transformation complete
[ 2026-05-27 15:12:10,164] 49 root - INFO - Started Regular Expression mapping
[ 2026-05-27 15:12:10,164] 25 root - INFO - Match heuristic business names to paybill payments
[ 2026-05-27 15:12:10,164] 174 root - INFO - Data transformation complete
[ 2026-05-27 15:12:10,164] 49 root - INFO - Started Regular Expression mapping
[ 2026-05-27 15:12:10,164] 174 root - INFO - Data transformation complete
[ 2026-05-27 15:12:10,164] 49 root - INFO - Started Regular Expression mapping
[ 2026-05-27 15:12:10,165] 25 root - INFO - Match heuristic business names to paybill payments
[ 2026-05-27 15:12:10,165] 174 root - INFO - Data transformation complete
[ 2026-05-27 15:12:10,165] 49 root - INFO - Started Regular Expression mapping
[ 2026-05-27 15:12:10,165] 25 root - INFO - Match heuristic business names to paybill payments
[ 2026-05-27 15:12:10,165] 174 root - INFO - Data transformation complete
[ 2026-05-27 15:12:10,165] 49 root - INFO - Started Regular Expression mapping
[ 2026-05-27 15:12:10,165] 25 root - INFO - Match heuristic business names to paybill payments
[ 2026-05-27 15:12:10,166] 174 root - INFO - Data transformation complete
[ 2026-05-27 15:12:10,166] 49 root - INFO - Started Regular Expression mapping
[ 2026-05-27 15:12:10,166] 174 root - INFO - Data transformation complete
[ 2026-05-27 15:12:10,166] 49 root - INFO - Started Regular Expression mapping
[ 2026-05-27 15:12:10,166] 174 root - INFO - Data transformation complete
[ 2026-05-27 15:12:10,166] 49 root - INFO - Started Regular Expression mapping
[ 2026-05-27 15:12:10,167] 174 root - INFO - Data transformation complete
[ 2026-05-27 15:12:10,167] 49 root - INFO - Started Regular Expression mapping
[ 2026-05-27 15:12:10,167] 25 root - INFO - Match heuristic business names to paybill payments
[ 2026-05-27 15:12:10,167] 174 root - INFO - Data transformation complete
[ 2026-05-27 15:12:10,167] 49 root - INFO - Started Regular Expression mapping
[ 2026-05-27 15:12:10,167] 174 root - INFO - Data transformation complete
[ 2026-05-27 15:12:10,167] 49 root - INFO - Started Regular Expression mapping
[ 2026-05-27 15:12:10,168] 174 root - INFO - Data transformation complete
[ 2026-05-27 15:12:10,168] 49 root - INFO - Started Regular Expression mapping
[ 2026-05-27 15:12:10,168] 25 root - INFO - Match heuristic business names to paybill payments
[ 2026-05-27 15:12:10,168] 174 root - INFO - Data transformation complete
[ 2026-05-27 15:12:10,168] 49 root - INFO - Started Regular Expression mapping
[ 2026-05-27 15:12:10,168] 174 root - INFO - Data transformation complete
[ 2026-05-27 15:12:10,169] 49 root - INFO - Started Regular Expression mapping
[ 2026-05-27 15:12:10,169] 25 root - INFO - Match heuristic business names to paybill payments
[ 2026-05-27 15:12:10,169] 174 root - INFO - Data transformation complete
[ 2026-05-27 15:12:10,169] 49 root - INFO - Started Regular Expression mapping
[ 2026-05-27 15:12:10,169] 174 root - INFO - Data transformation complete
[ 2026-05-27 15:12:10,169] 49 root - INFO - Started Regular Expression mapping
[ 2026-05-27 15:12:10,170] 174 root - INFO - Data transformation complete
[ 2026-05-27 15:12:10,170] 49 root - INFO - Started Regular Expression mapping
[ 2026-05-27 15:12:10,170] 174 root - INFO - Data transformation complete
[ 2026-05-27 15:12:10,170] 49 root - INFO - Started Regular Expression mapping
[ 2026-05-27 15:12:10,170] 174 root - INFO - Data transformation complete
[ 2026-05-27 15:12:10,170] 49 root - INFO - Started Regular Expression mapping
[ 2026-05-27 15:12:10,170] 25 root - INFO - Match heuristic business names to paybill payments
[ 2026-05-27 15:12:10,171] 174 root - INFO - Data transformation complete
[ 2026-05-27 15:12:10,171] 49 root - INFO - Started Regular Expression mapping
[ 2026-05-27 15:12:10,171] 174 root - INFO - Data transformation complete
[ 2026-05-27 15:12:10,171] 49 root - INFO - Started Regular Expression mapping
[ 2026-05-27 15:12:10,171] 174 root - INFO - Data transformation complete
[ 2026-05-27 15:12:10,171] 49 root - INFO - Started Regular Expression mapping
[ 2026-05-27 15:12:10,172] 25 root - INFO - Match heuristic business names to paybill payments
[ 2026-05-27 15:12:10,172] 174 root - INFO - Data transformation complete
[ 2026-05-27 15:12:10,172] 49 root - INFO - Started Regular Expression mapping
[ 2026-05-27 15:12:10,173] 25 root - INFO - Match heuristic business names to paybill payments
[ 2026-05-27 15:12:10,173] 174 root - INFO - Data transformation complete
[ 2026-05-27 15:12:10,173] 49 root - INFO - Started Regular Expression mapping
[ 2026-05-27 15:12:10,173] 25 root - INFO - Match heuristic business names to paybill payments
[ 2026-05-27 15:12:10,173] 174 root - INFO - Data transformation complete
[ 2026-05-27 15:12:10,173] 49 root - INFO - Started Regular Expression mapping
[ 2026-05-27 15:12:10,173] 25 root - INFO - Match heuristic business names to paybill payments
[ 2026-05-27 15:12:10,173] 174 root - INFO - Data transformation complete
[ 2026-05-27 15:12:10,173] 49 root - INFO - Started Regular Expression mapping
[ 2026-05-27 15:12:10,174] 25 root - INFO - Match heuristic business names to paybill payments
[ 2026-05-27 15:12:10,174] 174 root - INFO - Data transformation complete
[ 2026-05-27 15:12:10,174] 49 root - INFO - Started Regular Expression mapping
[ 2026-05-27 15:12:10,174] 174 root - INFO - Data transformation complete
[ 2026-05-27 15:12:10,174] 49 root - INFO - Started Regular Expression mapping
[ 2026-05-27 15:12:10,174] 174 root - INFO - Data transformation complete
[ 2026-05-27 15:12:10,174] 49 root - INFO - Started Regular Expression mapping
[ 2026-05-27 15:12:10,175] 174 root - INFO - Data transformation complete
[ 2026-05-27 15:12:10,175] 49 root - INFO - Started Regular Expression mapping
[ 2026-05-27 15:12:10,175] 25 root - INFO - Match heuristic business names to paybill payments
[ 2026-05-27 15:12:10,175] 174 root - INFO - Data transformation complete
[ 2026-05-27 15:12:10,175] 49 root - INFO - Started Regular Expression mapping
[ 2026-05-27 15:12:10,175] 174 root - INFO - Data transformation complete
[ 2026-05-27 15:12:10,176] 49 root - INFO - Started Regular Expression mapping
[ 2026-05-27 15:12:10,176] 174 root - INFO - Data transformation complete
[ 2026-05-27 15:12:10,176] 49 root - INFO - Started Regular Expression mapping
[ 2026-05-27 15:12:10,176] 25 root - INFO - Match heuristic business names to paybill payments
[ 2026-05-27 15:12:10,176] 174 root - INFO - Data transformation complete
[ 2026-05-27 15:12:10,176] 49 root - INFO - Started Regular Expression mapping
[ 2026-05-27 15:12:10,176] 25 root - INFO - Match heuristic business names to paybill payments
[ 2026-05-27 15:12:10,177] 174 root - INFO - Data transformation complete
[ 2026-05-27 15:12:10,177] 49 root - INFO - Started Regular Expression mapping
[ 2026-05-27 15:12:10,177] 174 root - INFO - Data transformation complete
[ 2026-05-27 15:12:10,177] 49 root - INFO - Started Regular Expression mapping
[ 2026-05-27 15:12:10,177] 25 root - INFO - Match heuristic business names to paybill payments
[ 2026-05-27 15:12:10,177] 174 root - INFO - Data transformation complete
[ 2026-05-27 15:12:10,177] 49 root - INFO - Started Regular Expression mapping
[ 2026-05-27 15:12:10,178] 174 root - INFO - Data transformation complete
[ 2026-05-27 15:12:10,178] 49 root - INFO - Started Regular Expression mapping
[ 2026-05-27 15:12:10,178] 25 root - INFO - Match heuristic business names to paybill payments
[ 2026-05-27 15:12:10,178] 174 root - INFO - Data transformation complete
[ 2026-05-27 15:12:10,178] 49 root - INFO - Started Regular Expression mapping
[ 2026-05-27 15:12:10,178] 174 root - INFO - Data transformation complete
[ 2026-05-27 15:12:10,179] 49 root - INFO - Started Regular Expression mapping
[ 2026-05-27 15:12:10,179] 174 root - INFO - Data transformation complete
[ 2026-05-27 15:12:10,179] 49 root - INFO - Started Regular Expression mapping
[ 2026-05-27 15:12:10,179] 174 root - INFO - Data transformation complete
[ 2026-05-27 15:12:10,179] 49 root - INFO - Started Regular Expression mapping
[ 2026-05-27 15:12:10,179] 174 root - INFO - Data transformation complete
[ 2026-05-27 15:12:10,180] 49 root - INFO - Started Regular Expression mapping
[ 2026-05-27 15:12:10,180] 174 root - INFO - Data transformation complete
[ 2026-05-27 15:12:10,180] 49 root - INFO - Started Regular Expression mapping
[ 2026-05-27 15:12:10,180] 174 root - INFO - Data transformation complete
[ 2026-05-27 15:12:10,180] 49 root - INFO - Started Regular Expression mapping
[ 2026-05-27 15:12:10,180] 174 root - INFO - Data transformation complete
[ 2026-05-27 15:12:10,180] 49 root - INFO - Started Regular Expression mapping
[ 2026-05-27 15:12:10,181] 174 root - INFO - Data transformation complete
[ 2026-05-27 15:12:10,181] 49 root - INFO - Started Regular Expression mapping
[ 2026-05-27 15:12:10,181] 174 root - INFO - Data transformation complete
[ 2026-05-27 15:12:10,181] 49 root - INFO - Started Regular Expression mapping
[ 2026-05-27 15:12:10,181] 174 root - INFO - Data transformation complete
[ 2026-05-27 15:12:10,181] 49 root - INFO - Started Regular Expression mapping
[ 2026-05-27 15:12:10,182] 174 root - INFO - Data transformation complete
[ 2026-05-27 15:12:10,182] 49 root - INFO - Started Regular Expression mapping
[ 2026-05-27 15:12:10,182] 25 root - INFO - Match heuristic business names to paybill payments
[ 2026-05-27 15:12:10,182] 174 root - INFO - Data transformation complete
[ 2026-05-27 15:12:10,182] 49 root - INFO - Started Regular Expression mapping
[ 2026-05-27 15:12:10,182] 174 root - INFO - Data transformation complete
[ 2026-05-27 15:12:10,182] 49 root - INFO - Started Regular Expression mapping
[ 2026-05-27 15:12:10,183] 25 root - INFO - Match heuristic business names to paybill payments
[ 2026-05-27 15:12:10,183] 174 root - INFO - Data transformation complete
[ 2026-05-27 15:12:10,183] 49 root - INFO - Started Regular Expression mapping
[ 2026-05-27 15:12:10,183] 174 root - INFO - Data transformation complete
[ 2026-05-27 15:12:10,183] 49 root - INFO - Started Regular Expression mapping
[ 2026-05-27 15:12:10,183] 174 root - INFO - Data transformation complete
[ 2026-05-27 15:12:10,183] 49 root - INFO - Started Regular Expression mapping
[ 2026-05-27 15:12:10,184] 25 root - INFO - Match heuristic business names to paybill payments
[ 2026-05-27 15:12:10,184] 174 root - INFO - Data transformation complete
[ 2026-05-27 15:12:10,184] 49 root - INFO - Started Regular Expression mapping
[ 2026-05-27 15:12:10,184] 174 root - INFO - Data transformation complete
[ 2026-05-27 15:12:10,184] 49 root - INFO - Started Regular Expression mapping
[ 2026-05-27 15:12:10,184] 174 root - INFO - Data transformation complete
[ 2026-05-27 15:12:10,185] 49 root - INFO - Started Regular Expression mapping
[ 2026-05-27 15:12:10,185] 174 root - INFO - Data transformation complete
[ 2026-05-27 15:12:10,185] 49 root - INFO - Started Regular Expression mapping
[ 2026-05-27 15:12:10,185] 25 root - INFO - Match heuristic business names to paybill payments
[ 2026-05-27 15:12:10,185] 174 root - INFO - Data transformation complete
[ 2026-05-27 15:12:10,185] 49 root - INFO - Started Regular Expression mapping
[ 2026-05-27 15:12:10,186] 174 root - INFO - Data transformation complete
[ 2026-05-27 15:12:10,186] 49 root - INFO - Started Regular Expression mapping
[ 2026-05-27 15:12:10,186] 174 root - INFO - Data transformation complete
[ 2026-05-27 15:12:10,186] 49 root - INFO - Started Regular Expression mapping
[ 2026-05-27 15:12:10,186] 25 root - INFO - Match heuristic business names to paybill payments
[ 2026-05-27 15:12:10,186] 174 root - INFO - Data transformation complete
[ 2026-05-27 15:12:10,186] 49 root - INFO - Started Regular Expression mapping
[ 2026-05-27 15:12:10,187] 174 root - INFO - Data transformation complete
[ 2026-05-27 15:12:10,187] 49 root - INFO - Started Regular Expression mapping
[ 2026-05-27 15:12:10,187] 174 root - INFO - Data transformation complete
[ 2026-05-27 15:12:10,187] 49 root - INFO - Started Regular Expression mapping
[ 2026-05-27 15:12:10,187] 25 root - INFO - Match heuristic business names to paybill payments
[ 2026-05-27 15:12:10,188] 174 root - INFO - Data transformation complete
[ 2026-05-27 15:12:10,188] 49 root - INFO - Started Regular Expression mapping
[ 2026-05-27 15:12:10,188] 174 root - INFO - Data transformation complete
[ 2026-05-27 15:12:10,188] 49 root - INFO - Started Regular Expression mapping
[ 2026-05-27 15:12:10,188] 174 root - INFO - Data transformation complete
[ 2026-05-27 15:12:10,188] 49 root - INFO - Started Regular Expression mapping
[ 2026-05-27 15:12:10,189] 174 root - INFO - Data transformation complete
[ 2026-05-27 15:12:10,189] 49 root - INFO - Started Regular Expression mapping
[ 2026-05-27 15:12:10,189] 174 root - INFO - Data transformation complete
[ 2026-05-27 15:12:10,189] 49 root - INFO - Started Regular Expression mapping
[ 2026-05-27 15:12:10,189] 174 root - INFO - Data transformation complete
[ 2026-05-27 15:12:10,189] 49 root - INFO - Started Regular Expression mapping
[ 2026-05-27 15:12:10,190] 174 root - INFO - Data transformation complete
[ 2026-05-27 15:12:10,190] 49 root - INFO - Started Regular Expression mapping
[ 2026-05-27 15:12:10,190] 174 root - INFO - Data transformation complete
[ 2026-05-27 15:12:10,190] 49 root - INFO - Started Regular Expression mapping
[ 2026-05-27 15:12:10,190] 174 root - INFO - Data transformation complete
[ 2026-05-27 15:12:10,191] 49 root - INFO - Started Regular Expression mapping
[ 2026-05-27 15:12:10,191] 174 root - INFO - Data transformation complete
[ 2026-05-27 15:12:10,191] 49 root - INFO - Started Regular Expression mapping
[ 2026-05-27 15:12:10,191] 25 root - INFO - Match heuristic business names to paybill payments
[ 2026-05-27 15:12:10,191] 174 root - INFO - Data transformation complete
[ 2026-05-27 15:12:10,191] 49 root - INFO - Started Regular Expression mapping
[ 2026-05-27 15:12:10,192] 174 root - INFO - Data transformation complete
[ 2026-05-27 15:12:10,192] 49 root - INFO - Started Regular Expression mapping
[ 2026-05-27 15:12:10,192] 174 root - INFO - Data transformation complete
[ 2026-05-27 15:12:10,192] 49 root - INFO - Started Regular Expression mapping
[ 2026-05-27 15:12:10,192] 25 root - INFO - Match heuristic business names to paybill payments
[ 2026-05-27 15:12:10,192] 174 root - INFO - Data transformation complete
[ 2026-05-27 15:12:10,192] 49 root - INFO - Started Regular Expression mapping
[ 2026-05-27 15:12:10,193] 174 root - INFO - Data transformation complete
[ 2026-05-27 15:12:10,193] 49 root - INFO - Started Regular Expression mapping
[ 2026-05-27 15:12:10,193] 25 root - INFO - Match heuristic business names to paybill payments
[ 2026-05-27 15:12:10,193] 174 root - INFO - Data transformation complete
[ 2026-05-27 15:12:10,193] 49 root - INFO - Started Regular Expression mapping
[ 2026-05-27 15:12:10,193] 174 root - INFO - Data transformation complete
[ 2026-05-27 15:12:10,193] 49 root - INFO - Started Regular Expression mapping
[ 2026-05-27 15:12:10,194] 25 root - INFO - Match heuristic business names to paybill payments
[ 2026-05-27 15:12:10,194] 174 root - INFO - Data transformation complete
[ 2026-05-27 15:12:10,194] 49 root - INFO - Started Regular Expression mapping
[ 2026-05-27 15:12:10,194] 25 root - INFO - Match heuristic business names to paybill payments
[ 2026-05-27 15:12:10,194] 174 root - INFO - Data transformation complete
[ 2026-05-27 15:12:10,194] 49 root - INFO - Started Regular Expression mapping
[ 2026-05-27 15:12:10,194] 174 root - INFO - Data transformation complete
[ 2026-05-27 15:12:10,195] 49 root - INFO - Started Regular Expression mapping
[ 2026-05-27 15:12:10,195] 174 root - INFO - Data transformation complete
[ 2026-05-27 15:12:10,195] 49 root - INFO - Started Regular Expression mapping
[ 2026-05-27 15:12:10,195] 174 root - INFO - Data transformation complete
[ 2026-05-27 15:12:10,195] 49 root - INFO - Started Regular Expression mapping
[ 2026-05-27 15:12:10,195] 174 root - INFO - Data transformation complete
[ 2026-05-27 15:12:10,196] 49 root - INFO - Started Regular Expression mapping
[ 2026-05-27 15:12:10,196] 174 root - INFO - Data transformation complete
[ 2026-05-27 15:12:10,196] 49 root - INFO - Started Regular Expression mapping
[ 2026-05-27 15:12:10,196] 174 root - INFO - Data transformation complete
[ 2026-05-27 15:12:10,196] 49 root - INFO - Started Regular Expression mapping
[ 2026-05-27 15:12:10,196] 174 root - INFO - Data transformation complete
[ 2026-05-27 15:12:10,196] 49 root - INFO - Started Regular Expression mapping
[ 2026-05-27 15:12:10,197] 25 root - INFO - Match heuristic business names to paybill payments
[ 2026-05-27 15:12:10,197] 174 root - INFO - Data transformation complete
[ 2026-05-27 15:12:10,197] 49 root - INFO - Started Regular Expression mapping
[ 2026-05-27 15:12:10,197] 25 root - INFO - Match heuristic business names to paybill payments
[ 2026-05-27 15:12:10,197] 174 root - INFO - Data transformation complete
[ 2026-05-27 15:12:10,197] 49 root - INFO - Started Regular Expression mapping
[ 2026-05-27 15:12:10,198] 174 root - INFO - Data transformation complete
[ 2026-05-27 15:12:10,198] 49 root - INFO - Started Regular Expression mapping
[ 2026-05-27 15:12:10,198] 174 root - INFO - Data transformation complete
[ 2026-05-27 15:12:10,198] 49 root - INFO - Started Regular Expression mapping
[ 2026-05-27 15:12:10,198] 174 root - INFO - Data transformation complete
[ 2026-05-27 15:12:10,198] 49 root - INFO - Started Regular Expression mapping
[ 2026-05-27 15:12:10,199] 174 root - INFO - Data transformation complete
[ 2026-05-27 15:12:10,199] 49 root - INFO - Started Regular Expression mapping
[ 2026-05-27 15:12:10,199] 174 root - INFO - Data transformation complete
[ 2026-05-27 15:12:10,199] 49 root - INFO - Started Regular Expression mapping
[ 2026-05-27 15:12:10,199] 25 root - INFO - Match heuristic business names to paybill payments
[ 2026-05-27 15:12:10,199] 174 root - INFO - Data transformation complete
[ 2026-05-27 15:12:10,199] 49 root - INFO - Started Regular Expression mapping
[ 2026-05-27 15:12:10,200] 25 root - INFO - Match heuristic business names to paybill payments
[ 2026-05-27 15:12:10,200] 174 root - INFO - Data transformation complete
[ 2026-05-27 15:12:10,200] 49 root - INFO - Started Regular Expression mapping
[ 2026-05-27 15:12:10,200] 25 root - INFO - Match heuristic business names to paybill payments
[ 2026-05-27 15:12:10,200] 174 root - INFO - Data transformation complete
[ 2026-05-27 15:12:10,200] 49 root - INFO - Started Regular Expression mapping
[ 2026-05-27 15:12:10,200] 174 root - INFO - Data transformation complete
[ 2026-05-27 15:12:10,201] 49 root - INFO - Started Regular Expression mapping
[ 2026-05-27 15:12:10,201] 174 root - INFO - Data transformation complete
[ 2026-05-27 15:12:10,201] 49 root - INFO - Started Regular Expression mapping
[ 2026-05-27 15:12:10,201] 25 root - INFO - Match heuristic business names to paybill payments
[ 2026-05-27 15:12:10,201] 174 root - INFO - Data transformation complete
[ 2026-05-27 15:12:10,201] 49 root - INFO - Started Regular Expression mapping
[ 2026-05-27 15:12:10,202] 25 root - INFO - Match heuristic business names to paybill payments
[ 2026-05-27 15:12:10,202] 174 root - INFO - Data transformation complete
[ 2026-05-27 15:12:10,202] 49 root - INFO - Started Regular Expression mapping
[ 2026-05-27 15:12:10,202] 174 root - INFO - Data transformation complete
[ 2026-05-27 15:12:10,202] 49 root - INFO - Started Regular Expression mapping
[ 2026-05-27 15:12:10,202] 174 root - INFO - Data transformation complete
[ 2026-05-27 15:12:10,202] 49 root - INFO - Started Regular Expression mapping
[ 2026-05-27 15:12:10,203] 174 root - INFO - Data transformation complete
[ 2026-05-27 15:12:10,203] 49 root - INFO - Started Regular Expression mapping
[ 2026-05-27 15:12:10,203] 174 root - INFO - Data transformation complete
[ 2026-05-27 15:12:10,203] 49 root - INFO - Started Regular Expression mapping
[ 2026-05-27 15:12:10,203] 174 root - INFO - Data transformation complete
[ 2026-05-27 15:12:10,203] 49 root - INFO - Started Regular Expression mapping
[ 2026-05-27 15:12:10,204] 25 root - INFO - Match heuristic business names to paybill payments
[ 2026-05-27 15:12:10,204] 174 root - INFO - Data transformation complete
[ 2026-05-27 15:12:10,204] 49 root - INFO - Started Regular Expression mapping
[ 2026-05-27 15:12:10,204] 174 root - INFO - Data transformation complete
[ 2026-05-27 15:12:10,204] 49 root - INFO - Started Regular Expression mapping
[ 2026-05-27 15:12:10,204] 174 root - INFO - Data transformation complete
[ 2026-05-27 15:12:10,204] 49 root - INFO - Started Regular Expression mapping
[ 2026-05-27 15:12:10,205] 174 root - INFO - Data transformation complete
[ 2026-05-27 15:12:10,205] 49 root - INFO - Started Regular Expression mapping
[ 2026-05-27 15:12:10,205] 174 root - INFO - Data transformation complete
[ 2026-05-27 15:12:10,205] 49 root - INFO - Started Regular Expression mapping
[ 2026-05-27 15:12:10,205] 174 root - INFO - Data transformation complete
[ 2026-05-27 15:12:10,205] 49 root - INFO - Started Regular Expression mapping
[ 2026-05-27 15:12:10,206] 174 root - INFO - Data transformation complete
[ 2026-05-27 15:12:10,206] 49 root - INFO - Started Regular Expression mapping
[ 2026-05-27 15:12:10,206] 174 root - INFO - Data transformation complete
[ 2026-05-27 15:12:10,206] 49 root - INFO - Started Regular Expression mapping
[ 2026-05-27 15:12:10,206] 174 root - INFO - Data transformation complete
[ 2026-05-27 15:12:10,206] 49 root - INFO - Started Regular Expression mapping
[ 2026-05-27 15:12:10,207] 25 root - INFO - Match heuristic business names to paybill payments
[ 2026-05-27 15:12:10,207] 174 root - INFO - Data transformation complete
[ 2026-05-27 15:12:10,207] 49 root - INFO - Started Regular Expression mapping
[ 2026-05-27 15:12:10,207] 25 root - INFO - Match heuristic business names to paybill payments
[ 2026-05-27 15:12:10,207] 174 root - INFO - Data transformation complete
[ 2026-05-27 15:12:10,207] 49 root - INFO - Started Regular Expression mapping
[ 2026-05-27 15:12:10,207] 174 root - INFO - Data transformation complete
[ 2026-05-27 15:12:10,208] 49 root - INFO - Started Regular Expression mapping
[ 2026-05-27 15:12:10,208] 174 root - INFO - Data transformation complete
[ 2026-05-27 15:12:10,208] 49 root - INFO - Started Regular Expression mapping
[ 2026-05-27 15:12:10,208] 174 root - INFO - Data transformation complete
[ 2026-05-27 15:12:10,208] 49 root - INFO - Started Regular Expression mapping
[ 2026-05-27 15:12:10,208] 174 root - INFO - Data transformation complete
[ 2026-05-27 15:12:10,208] 49 root - INFO - Started Regular Expression mapping
[ 2026-05-27 15:12:10,209] 174 root - INFO - Data transformation complete
[ 2026-05-27 15:12:10,209] 49 root - INFO - Started Regular Expression mapping
[ 2026-05-27 15:12:10,209] 174 root - INFO - Data transformation complete
[ 2026-05-27 15:12:10,209] 49 root - INFO - Started Regular Expression mapping
[ 2026-05-27 15:12:10,209] 174 root - INFO - Data transformation complete
[ 2026-05-27 15:12:10,209] 49 root - INFO - Started Regular Expression mapping
[ 2026-05-27 15:12:10,210] 174 root - INFO - Data transformation complete
[ 2026-05-27 15:12:10,210] 49 root - INFO - Started Regular Expression mapping
[ 2026-05-27 15:12:10,210] 25 root - INFO - Match heuristic business names to paybill payments
[ 2026-05-27 15:12:10,210] 174 root - INFO - Data transformation complete
[ 2026-05-27 15:12:10,210] 49 root - INFO - Started Regular Expression mapping
[ 2026-05-27 15:12:10,210] 174 root - INFO - Data transformation complete
[ 2026-05-27 15:12:10,210] 49 root - INFO - Started Regular Expression mapping
[ 2026-05-27 15:12:10,211] 25 root - INFO - Match heuristic business names to paybill payments
[ 2026-05-27 15:12:10,211] 174 root - INFO - Data transformation complete
[ 2026-05-27 15:12:10,211] 49 root - INFO - Started Regular Expression mapping
[ 2026-05-27 15:12:10,211] 174 root - INFO - Data transformation complete
[ 2026-05-27 15:12:10,211] 49 root - INFO - Started Regular Expression mapping
[ 2026-05-27 15:12:10,211] 25 root - INFO - Match heuristic business names to paybill payments
[ 2026-05-27 15:12:10,212] 174 root - INFO - Data transformation complete
[ 2026-05-27 15:12:10,212] 49 root - INFO - Started Regular Expression mapping
[ 2026-05-27 15:12:10,212] 25 root - INFO - Match heuristic business names to paybill payments
[ 2026-05-27 15:12:10,212] 174 root - INFO - Data transformation complete
[ 2026-05-27 15:12:10,212] 49 root - INFO - Started Regular Expression mapping
[ 2026-05-27 15:12:10,212] 25 root - INFO - Match heuristic business names to paybill payments
[ 2026-05-27 15:12:10,212] 174 root - INFO - Data transformation complete
[ 2026-05-27 15:12:10,212] 49 root - INFO - Started Regular Expression mapping
[ 2026-05-27 15:12:10,213] 174 root - INFO - Data transformation complete
[ 2026-05-27 15:12:10,213] 49 root - INFO - Started Regular Expression mapping
[ 2026-05-27 15:12:10,213] 174 root - INFO - Data transformation complete
[ 2026-05-27 15:12:10,213] 49 root - INFO - Started Regular Expression mapping
[ 2026-05-27 15:12:10,213] 174 root - INFO - Data transformation complete
[ 2026-05-27 15:12:10,213] 49 root - INFO - Started Regular Expression mapping
[ 2026-05-27 15:12:10,214] 174 root - INFO - Data transformation complete
[ 2026-05-27 15:12:10,214] 49 root - INFO - Started Regular Expression mapping
[ 2026-05-27 15:12:10,214] 174 root - INFO - Data transformation complete
[ 2026-05-27 15:12:10,214] 49 root - INFO - Started Regular Expression mapping
[ 2026-05-27 15:12:10,214] 174 root - INFO - Data transformation complete
[ 2026-05-27 15:12:10,214] 49 root - INFO - Started Regular Expression mapping
[ 2026-05-27 15:12:10,215] 25 root - INFO - Match heuristic business names to paybill payments
[ 2026-05-27 15:12:10,215] 174 root - INFO - Data transformation complete
[ 2026-05-27 15:12:10,215] 49 root - INFO - Started Regular Expression mapping
[ 2026-05-27 15:12:10,215] 174 root - INFO - Data transformation complete
[ 2026-05-27 15:12:10,215] 49 root - INFO - Started Regular Expression mapping
[ 2026-05-27 15:12:10,215] 174 root - INFO - Data transformation complete
[ 2026-05-27 15:12:10,216] 49 root - INFO - Started Regular Expression mapping
[ 2026-05-27 15:12:10,216] 25 root - INFO - Match heuristic business names to paybill payments
[ 2026-05-27 15:12:10,216] 174 root - INFO - Data transformation complete
[ 2026-05-27 15:12:10,216] 49 root - INFO - Started Regular Expression mapping
[ 2026-05-27 15:12:10,216] 174 root - INFO - Data transformation complete
[ 2026-05-27 15:12:10,216] 49 root - INFO - Started Regular Expression mapping
[ 2026-05-27 15:12:10,216] 174 root - INFO - Data transformation complete
[ 2026-05-27 15:12:10,217] 49 root - INFO - Started Regular Expression mapping
[ 2026-05-27 15:12:10,217] 174 root - INFO - Data transformation complete
[ 2026-05-27 15:12:10,217] 49 root - INFO - Started Regular Expression mapping
[ 2026-05-27 15:12:10,217] 174 root - INFO - Data transformation complete
[ 2026-05-27 15:12:10,217] 49 root - INFO - Started Regular Expression mapping
[ 2026-05-27 15:12:10,217] 25 root - INFO - Match heuristic business names to paybill payments
[ 2026-05-27 15:12:10,218] 174 root - INFO - Data transformation complete
[ 2026-05-27 15:12:10,218] 49 root - INFO - Started Regular Expression mapping
[ 2026-05-27 15:12:10,218] 25 root - INFO - Match heuristic business names to paybill payments
[ 2026-05-27 15:12:10,218] 174 root - INFO - Data transformation complete
[ 2026-05-27 15:12:10,218] 49 root - INFO - Started Regular Expression mapping
[ 2026-05-27 15:12:10,218] 25 root - INFO - Match heuristic business names to paybill payments
[ 2026-05-27 15:12:10,218] 174 root - INFO - Data transformation complete
[ 2026-05-27 15:12:10,218] 49 root - INFO - Started Regular Expression mapping
[ 2026-05-27 15:12:10,219] 174 root - INFO - Data transformation complete
[ 2026-05-27 15:12:10,219] 49 root - INFO - Started Regular Expression mapping
[ 2026-05-27 15:12:10,219] 174 root - INFO - Data transformation complete
[ 2026-05-27 15:12:10,219] 49 root - INFO - Started Regular Expression mapping
[ 2026-05-27 15:12:10,219] 25 root - INFO - Match heuristic business names to paybill payments
[ 2026-05-27 15:12:10,219] 174 root - INFO - Data transformation complete
[ 2026-05-27 15:12:10,220] 49 root - INFO - Started Regular Expression mapping
[ 2026-05-27 15:12:10,220] 174 root - INFO - Data transformation complete
[ 2026-05-27 15:12:10,220] 49 root - INFO - Started Regular Expression mapping
[ 2026-05-27 15:12:10,220] 25 root - INFO - Match heuristic business names to paybill payments
[ 2026-05-27 15:12:10,220] 174 root - INFO - Data transformation complete
[ 2026-05-27 15:12:10,220] 49 root - INFO - Started Regular Expression mapping
[ 2026-05-27 15:12:10,220] 174 root - INFO - Data transformation complete
[ 2026-05-27 15:12:10,221] 49 root - INFO - Started Regular Expression mapping
[ 2026-05-27 15:12:10,221] 25 root - INFO - Match heuristic business names to paybill payments
[ 2026-05-27 15:12:10,221] 174 root - INFO - Data transformation complete
[ 2026-05-27 15:12:10,221] 49 root - INFO - Started Regular Expression mapping
[ 2026-05-27 15:12:10,221] 174 root - INFO - Data transformation complete
[ 2026-05-27 15:12:10,221] 49 root - INFO - Started Regular Expression mapping
[ 2026-05-27 15:12:10,222] 174 root - INFO - Data transformation complete
[ 2026-05-27 15:12:10,222] 49 root - INFO - Started Regular Expression mapping
[ 2026-05-27 15:12:10,222] 174 root - INFO - Data transformation complete
[ 2026-05-27 15:12:10,222] 49 root - INFO - Started Regular Expression mapping
[ 2026-05-27 15:12:10,222] 174 root - INFO - Data transformation complete
[ 2026-05-27 15:12:10,222] 49 root - INFO - Started Regular Expression mapping
[ 2026-05-27 15:12:10,222] 25 root - INFO - Match heuristic business names to paybill payments
[ 2026-05-27 15:12:10,222] 174 root - INFO - Data transformation complete
[ 2026-05-27 15:12:10,223] 49 root - INFO - Started Regular Expression mapping
[ 2026-05-27 15:12:10,223] 25 root - INFO - Match heuristic business names to paybill payments
[ 2026-05-27 15:12:10,223] 174 root - INFO - Data transformation complete
[ 2026-05-27 15:12:10,223] 49 root - INFO - Started Regular Expression mapping
[ 2026-05-27 15:12:10,223] 174 root - INFO - Data transformation complete
[ 2026-05-27 15:12:10,223] 49 root - INFO - Started Regular Expression mapping
[ 2026-05-27 15:12:10,224] 174 root - INFO - Data transformation complete
[ 2026-05-27 15:12:10,224] 49 root - INFO - Started Regular Expression mapping
[ 2026-05-27 15:12:10,224] 25 root - INFO - Match heuristic business names to paybill payments
[ 2026-05-27 15:12:10,224] 174 root - INFO - Data transformation complete
[ 2026-05-27 15:12:10,224] 49 root - INFO - Started Regular Expression mapping
[ 2026-05-27 15:12:10,224] 174 root - INFO - Data transformation complete
[ 2026-05-27 15:12:10,225] 49 root - INFO - Started Regular Expression mapping
[ 2026-05-27 15:12:10,225] 174 root - INFO - Data transformation complete
[ 2026-05-27 15:12:10,225] 49 root - INFO - Started Regular Expression mapping
[ 2026-05-27 15:12:10,225] 174 root - INFO - Data transformation complete
[ 2026-05-27 15:12:10,225] 49 root - INFO - Started Regular Expression mapping
[ 2026-05-27 15:12:10,225] 25 root - INFO - Match heuristic business names to paybill payments
[ 2026-05-27 15:12:10,225] 174 root - INFO - Data transformation complete
[ 2026-05-27 15:12:10,226] 49 root - INFO - Started Regular Expression mapping
[ 2026-05-27 15:12:10,226] 25 root - INFO - Match heuristic business names to paybill payments
[ 2026-05-27 15:12:10,226] 174 root - INFO - Data transformation complete
[ 2026-05-27 15:12:10,226] 49 root - INFO - Started Regular Expression mapping
[ 2026-05-27 15:12:10,226] 174 root - INFO - Data transformation complete
[ 2026-05-27 15:12:10,226] 49 root - INFO - Started Regular Expression mapping
[ 2026-05-27 15:12:10,226] 25 root - INFO - Match heuristic business names to paybill payments
[ 2026-05-27 15:12:10,227] 174 root - INFO - Data transformation complete
[ 2026-05-27 15:12:10,227] 49 root - INFO - Started Regular Expression mapping
[ 2026-05-27 15:12:10,227] 25 root - INFO - Match heuristic business names to paybill payments
[ 2026-05-27 15:12:10,227] 174 root - INFO - Data transformation complete
[ 2026-05-27 15:12:10,227] 49 root - INFO - Started Regular Expression mapping
[ 2026-05-27 15:12:10,227] 174 root - INFO - Data transformation complete
[ 2026-05-27 15:12:10,228] 49 root - INFO - Started Regular Expression mapping
[ 2026-05-27 15:12:10,228] 25 root - INFO - Match heuristic business names to paybill payments
[ 2026-05-27 15:12:10,228] 174 root - INFO - Data transformation complete
[ 2026-05-27 15:12:10,228] 49 root - INFO - Started Regular Expression mapping
[ 2026-05-27 15:12:10,228] 174 root - INFO - Data transformation complete
[ 2026-05-27 15:12:10,228] 49 root - INFO - Started Regular Expression mapping
[ 2026-05-27 15:12:10,228] 25 root - INFO - Match heuristic business names to paybill payments
[ 2026-05-27 15:12:10,229] 174 root - INFO - Data transformation complete
[ 2026-05-27 15:12:10,229] 49 root - INFO - Started Regular Expression mapping
[ 2026-05-27 15:12:10,229] 174 root - INFO - Data transformation complete
[ 2026-05-27 15:12:10,229] 49 root - INFO - Started Regular Expression mapping
[ 2026-05-27 15:12:10,229] 174 root - INFO - Data transformation complete
[ 2026-05-27 15:12:10,229] 49 root - INFO - Started Regular Expression mapping
[ 2026-05-27 15:12:10,230] 174 root - INFO - Data transformation complete
[ 2026-05-27 15:12:10,230] 49 root - INFO - Started Regular Expression mapping
[ 2026-05-27 15:12:10,230] 174 root - INFO - Data transformation complete
[ 2026-05-27 15:12:10,230] 49 root - INFO - Started Regular Expression mapping
[ 2026-05-27 15:12:10,230] 25 root - INFO - Match heuristic business names to paybill payments
[ 2026-05-27 15:12:10,230] 174 root - INFO - Data transformation complete
[ 2026-05-27 15:12:10,230] 49 root - INFO - Started Regular Expression mapping
[ 2026-05-27 15:12:10,231] 174 root - INFO - Data transformation complete
[ 2026-05-27 15:12:10,231] 49 root - INFO - Started Regular Expression mapping
[ 2026-05-27 15:12:10,231] 25 root - INFO - Match heuristic business names to paybill payments
[ 2026-05-27 15:12:10,231] 174 root - INFO - Data transformation complete
[ 2026-05-27 15:12:10,231] 49 root - INFO - Started Regular Expression mapping
[ 2026-05-27 15:12:10,231] 25 root - INFO - Match heuristic business names to paybill payments
[ 2026-05-27 15:12:10,231] 174 root - INFO - Data transformation complete
[ 2026-05-27 15:12:10,232] 49 root - INFO - Started Regular Expression mapping
[ 2026-05-27 15:12:10,232] 25 root - INFO - Match heuristic business names to paybill payments
[ 2026-05-27 15:12:10,232] 174 root - INFO - Data transformation complete
[ 2026-05-27 15:12:10,232] 49 root - INFO - Started Regular Expression mapping
[ 2026-05-27 15:12:10,232] 25 root - INFO - Match heuristic business names to paybill payments
[ 2026-05-27 15:12:10,232] 174 root - INFO - Data transformation complete
[ 2026-05-27 15:12:10,232] 49 root - INFO - Started Regular Expression mapping
[ 2026-05-27 15:12:10,233] 174 root - INFO - Data transformation complete
[ 2026-05-27 15:12:10,233] 49 root - INFO - Started Regular Expression mapping
[ 2026-05-27 15:12:10,233] 174 root - INFO - Data transformation complete
[ 2026-05-27 15:12:10,233] 49 root - INFO - Started Regular Expression mapping
[ 2026-05-27 15:12:10,233] 25 root - INFO - Match heuristic business names to paybill payments
[ 2026-05-27 15:12:10,233] 174 root - INFO - Data transformation complete
[ 2026-05-27 15:12:10,233] 49 root - INFO - Started Regular Expression mapping
[ 2026-05-27 15:12:10,234] 174 root - INFO - Data transformation complete
[ 2026-05-27 15:12:10,234] 49 root - INFO - Started Regular Expression mapping
[ 2026-05-27 15:12:10,235] 174 root - INFO - Data transformation complete
[ 2026-05-27 15:12:10,236] 49 root - INFO - Started Regular Expression mapping
[ 2026-05-27 15:12:10,236] 25 root - INFO - Match heuristic business names to paybill payments
[ 2026-05-27 15:12:10,236] 174 root - INFO - Data transformation complete
[ 2026-05-27 15:12:10,237] 49 root - INFO - Started Regular Expression mapping
[ 2026-05-27 15:12:10,237] 174 root - INFO - Data transformation complete
[ 2026-05-27 15:12:10,237] 49 root - INFO - Started Regular Expression mapping
[ 2026-05-27 15:12:10,237] 174 root - INFO - Data transformation complete
[ 2026-05-27 15:12:10,237] 49 root - INFO - Started Regular Expression mapping
[ 2026-05-27 15:12:10,238] 25 root - INFO - Match heuristic business names to paybill payments
[ 2026-05-27 15:12:10,238] 174 root - INFO - Data transformation complete
[ 2026-05-27 15:12:10,238] 49 root - INFO - Started Regular Expression mapping
[ 2026-05-27 15:12:10,238] 174 root - INFO - Data transformation complete
[ 2026-05-27 15:12:10,238] 49 root - INFO - Started Regular Expression mapping
[ 2026-05-27 15:12:10,238] 25 root - INFO - Match heuristic business names to paybill payments
[ 2026-05-27 15:12:10,238] 174 root - INFO - Data transformation complete
[ 2026-05-27 15:12:10,239] 49 root - INFO - Started Regular Expression mapping
[ 2026-05-27 15:12:10,239] 174 root - INFO - Data transformation complete
[ 2026-05-27 15:12:10,239] 49 root - INFO - Started Regular Expression mapping
[ 2026-05-27 15:12:10,239] 174 root - INFO - Data transformation complete
[ 2026-05-27 15:12:10,239] 49 root - INFO - Started Regular Expression mapping
[ 2026-05-27 15:12:10,239] 174 root - INFO - Data transformation complete
[ 2026-05-27 15:12:10,239] 49 root - INFO - Started Regular Expression mapping
[ 2026-05-27 15:12:10,240] 174 root - INFO - Data transformation complete
[ 2026-05-27 15:12:10,240] 49 root - INFO - Started Regular Expression mapping
[ 2026-05-27 15:12:10,240] 174 root - INFO - Data transformation complete
[ 2026-05-27 15:12:10,240] 49 root - INFO - Started Regular Expression mapping
[ 2026-05-27 15:12:10,240] 174 root - INFO - Data transformation complete
[ 2026-05-27 15:12:10,240] 49 root - INFO - Started Regular Expression mapping
[ 2026-05-27 15:12:10,241] 174 root - INFO - Data transformation complete
[ 2026-05-27 15:12:10,241] 49 root - INFO - Started Regular Expression mapping
[ 2026-05-27 15:12:10,241] 174 root - INFO - Data transformation complete
[ 2026-05-27 15:12:10,241] 49 root - INFO - Started Regular Expression mapping
[ 2026-05-27 15:12:10,241] 25 root - INFO - Match heuristic business names to paybill payments
[ 2026-05-27 15:12:10,241] 174 root - INFO - Data transformation complete
[ 2026-05-27 15:12:10,241] 49 root - INFO - Started Regular Expression mapping
[ 2026-05-27 15:12:10,242] 174 root - INFO - Data transformation complete
[ 2026-05-27 15:12:10,242] 49 root - INFO - Started Regular Expression mapping
[ 2026-05-27 15:12:10,242] 174 root - INFO - Data transformation complete
[ 2026-05-27 15:12:10,242] 49 root - INFO - Started Regular Expression mapping
[ 2026-05-27 15:12:10,242] 174 root - INFO - Data transformation complete
[ 2026-05-27 15:12:10,242] 49 root - INFO - Started Regular Expression mapping
[ 2026-05-27 15:12:10,243] 174 root - INFO - Data transformation complete
[ 2026-05-27 15:12:10,243] 49 root - INFO - Started Regular Expression mapping
[ 2026-05-27 15:12:10,243] 174 root - INFO - Data transformation complete
[ 2026-05-27 15:12:10,243] 49 root - INFO - Started Regular Expression mapping
[ 2026-05-27 15:12:10,243] 174 root - INFO - Data transformation complete
[ 2026-05-27 15:12:10,243] 49 root - INFO - Started Regular Expression mapping
[ 2026-05-27 15:12:10,243] 174 root - INFO - Data transformation complete
[ 2026-05-27 15:12:10,244] 49 root - INFO - Started Regular Expression mapping
[ 2026-05-27 15:12:10,244] 174 root - INFO - Data transformation complete
[ 2026-05-27 15:12:10,244] 49 root - INFO - Started Regular Expression mapping
[ 2026-05-27 15:12:10,244] 25 root - INFO - Match heuristic business names to paybill payments
[ 2026-05-27 15:12:10,244] 174 root - INFO - Data transformation complete
[ 2026-05-27 15:12:10,245] 49 root - INFO - Started Regular Expression mapping
[ 2026-05-27 15:12:10,245] 174 root - INFO - Data transformation complete
[ 2026-05-27 15:12:10,245] 49 root - INFO - Started Regular Expression mapping
[ 2026-05-27 15:12:10,245] 174 root - INFO - Data transformation complete
[ 2026-05-27 15:12:10,245] 49 root - INFO - Started Regular Expression mapping
[ 2026-05-27 15:12:10,246] 174 root - INFO - Data transformation complete
[ 2026-05-27 15:12:10,246] 49 root - INFO - Started Regular Expression mapping
[ 2026-05-27 15:12:10,246] 174 root - INFO - Data transformation complete
[ 2026-05-27 15:12:10,246] 49 root - INFO - Started Regular Expression mapping
[ 2026-05-27 15:12:10,246] 174 root - INFO - Data transformation complete
[ 2026-05-27 15:12:10,246] 49 root - INFO - Started Regular Expression mapping
[ 2026-05-27 15:12:10,247] 25 root - INFO - Match heuristic business names to paybill payments
[ 2026-05-27 15:12:10,247] 174 root - INFO - Data transformation complete
[ 2026-05-27 15:12:10,247] 49 root - INFO - Started Regular Expression mapping
[ 2026-05-27 15:12:10,247] 25 root - INFO - Match heuristic business names to paybill payments
[ 2026-05-27 15:12:10,247] 174 root - INFO - Data transformation complete
[ 2026-05-27 15:12:10,247] 49 root - INFO - Started Regular Expression mapping
[ 2026-05-27 15:12:10,248] 25 root - INFO - Match heuristic business names to paybill payments
[ 2026-05-27 15:12:10,248] 174 root - INFO - Data transformation complete
[ 2026-05-27 15:12:10,248] 49 root - INFO - Started Regular Expression mapping
[ 2026-05-27 15:12:10,248] 174 root - INFO - Data transformation complete
[ 2026-05-27 15:12:10,248] 49 root - INFO - Started Regular Expression mapping
[ 2026-05-27 15:12:10,249] 25 root - INFO - Match heuristic business names to paybill payments
[ 2026-05-27 15:12:10,249] 174 root - INFO - Data transformation complete
[ 2026-05-27 15:12:10,249] 49 root - INFO - Started Regular Expression mapping
[ 2026-05-27 15:12:10,249] 174 root - INFO - Data transformation complete
[ 2026-05-27 15:12:10,249] 49 root - INFO - Started Regular Expression mapping
[ 2026-05-27 15:12:10,250] 174 root - INFO - Data transformation complete
[ 2026-05-27 15:12:10,250] 49 root - INFO - Started Regular Expression mapping
[ 2026-05-27 15:12:10,250] 174 root - INFO - Data transformation complete
[ 2026-05-27 15:12:10,250] 49 root - INFO - Started Regular Expression mapping
[ 2026-05-27 15:12:10,250] 174 root - INFO - Data transformation complete
[ 2026-05-27 15:12:10,250] 49 root - INFO - Started Regular Expression mapping
[ 2026-05-27 15:12:10,251] 174 root - INFO - Data transformation complete
[ 2026-05-27 15:12:10,251] 49 root - INFO - Started Regular Expression mapping
[ 2026-05-27 15:12:10,251] 25 root - INFO - Match heuristic business names to paybill payments
[ 2026-05-27 15:12:10,251] 174 root - INFO - Data transformation complete
[ 2026-05-27 15:12:10,251] 49 root - INFO - Started Regular Expression mapping
[ 2026-05-27 15:12:10,252] 174 root - INFO - Data transformation complete
[ 2026-05-27 15:12:10,252] 49 root - INFO - Started Regular Expression mapping
[ 2026-05-27 15:12:10,252] 25 root - INFO - Match heuristic business names to paybill payments
[ 2026-05-27 15:12:10,252] 174 root - INFO - Data transformation complete
[ 2026-05-27 15:12:10,252] 49 root - INFO - Started Regular Expression mapping
[ 2026-05-27 15:12:10,253] 25 root - INFO - Match heuristic business names to paybill payments
[ 2026-05-27 15:12:10,253] 174 root - INFO - Data transformation complete
[ 2026-05-27 15:12:10,253] 49 root - INFO - Started Regular Expression mapping
[ 2026-05-27 15:12:10,253] 174 root - INFO - Data transformation complete
[ 2026-05-27 15:12:10,253] 49 root - INFO - Started Regular Expression mapping
[ 2026-05-27 15:12:10,253] 174 root - INFO - Data transformation complete
[ 2026-05-27 15:12:10,254] 49 root - INFO - Started Regular Expression mapping
[ 2026-05-27 15:12:10,254] 25 root - INFO - Match heuristic business names to paybill payments
[ 2026-05-27 15:12:10,254] 174 root - INFO - Data transformation complete
[ 2026-05-27 15:12:10,254] 49 root - INFO - Started Regular Expression mapping
[ 2026-05-27 15:12:10,254] 25 root - INFO - Match heuristic business names to paybill payments
[ 2026-05-27 15:12:10,254] 174 root - INFO - Data transformation complete
[ 2026-05-27 15:12:10,255] 49 root - INFO - Started Regular Expression mapping
[ 2026-05-27 15:12:10,255] 25 root - INFO - Match heuristic business names to paybill payments
[ 2026-05-27 15:12:10,255] 174 root - INFO - Data transformation complete
[ 2026-05-27 15:12:10,255] 49 root - INFO - Started Regular Expression mapping
[ 2026-05-27 15:12:10,255] 25 root - INFO - Match heuristic business names to paybill payments
[ 2026-05-27 15:12:10,256] 174 root - INFO - Data transformation complete
[ 2026-05-27 15:12:10,256] 49 root - INFO - Started Regular Expression mapping
[ 2026-05-27 15:12:10,256] 174 root - INFO - Data transformation complete
[ 2026-05-27 15:12:10,256] 49 root - INFO - Started Regular Expression mapping
[ 2026-05-27 15:12:10,256] 174 root - INFO - Data transformation complete
[ 2026-05-27 15:12:10,256] 49 root - INFO - Started Regular Expression mapping
[ 2026-05-27 15:12:10,257] 25 root - INFO - Match heuristic business names to paybill payments
[ 2026-05-27 15:12:10,257] 174 root - INFO - Data transformation complete
[ 2026-05-27 15:12:10,257] 49 root - INFO - Started Regular Expression mapping
[ 2026-05-27 15:12:10,257] 25 root - INFO - Match heuristic business names to paybill payments
[ 2026-05-27 15:12:10,257] 174 root - INFO - Data transformation complete
[ 2026-05-27 15:12:10,257] 49 root - INFO - Started Regular Expression mapping
[ 2026-05-27 15:12:10,258] 25 root - INFO - Match heuristic business names to paybill payments
[ 2026-05-27 15:12:10,258] 174 root - INFO - Data transformation complete
[ 2026-05-27 15:12:10,258] 49 root - INFO - Started Regular Expression mapping
[ 2026-05-27 15:12:10,258] 174 root - INFO - Data transformation complete
[ 2026-05-27 15:12:10,258] 49 root - INFO - Started Regular Expression mapping
[ 2026-05-27 15:12:10,259] 174 root - INFO - Data transformation complete
[ 2026-05-27 15:12:10,259] 49 root - INFO - Started Regular Expression mapping
[ 2026-05-27 15:12:10,259] 174 root - INFO - Data transformation complete
[ 2026-05-27 15:12:10,259] 49 root - INFO - Started Regular Expression mapping
[ 2026-05-27 15:12:10,259] 174 root - INFO - Data transformation complete
[ 2026-05-27 15:12:10,260] 49 root - INFO - Started Regular Expression mapping
[ 2026-05-27 15:12:10,260] 25 root - INFO - Match heuristic business names to paybill payments
[ 2026-05-27 15:12:10,260] 174 root - INFO - Data transformation complete
[ 2026-05-27 15:12:10,260] 49 root - INFO - Started Regular Expression mapping
[ 2026-05-27 15:12:10,260] 174 root - INFO - Data transformation complete
[ 2026-05-27 15:12:10,260] 49 root - INFO - Started Regular Expression mapping
[ 2026-05-27 15:12:10,261] 25 root - INFO - Match heuristic business names to paybill payments
[ 2026-05-27 15:12:10,261] 174 root - INFO - Data transformation complete
[ 2026-05-27 15:12:10,261] 49 root - INFO - Started Regular Expression mapping
[ 2026-05-27 15:12:10,261] 174 root - INFO - Data transformation complete
[ 2026-05-27 15:12:10,261] 49 root - INFO - Started Regular Expression mapping
[ 2026-05-27 15:12:10,262] 174 root - INFO - Data transformation complete
[ 2026-05-27 15:12:10,262] 49 root - INFO - Started Regular Expression mapping
[ 2026-05-27 15:12:10,262] 174 root - INFO - Data transformation complete
[ 2026-05-27 15:12:10,262] 49 root - INFO - Started Regular Expression mapping
[ 2026-05-27 15:12:10,262] 25 root - INFO - Match heuristic business names to paybill payments
[ 2026-05-27 15:12:10,262] 174 root - INFO - Data transformation complete
[ 2026-05-27 15:12:10,263] 49 root - INFO - Started Regular Expression mapping
[ 2026-05-27 15:12:10,263] 174 root - INFO - Data transformation complete
[ 2026-05-27 15:12:10,263] 49 root - INFO - Started Regular Expression mapping
[ 2026-05-27 15:12:10,263] 174 root - INFO - Data transformation complete
[ 2026-05-27 15:12:10,263] 49 root - INFO - Started Regular Expression mapping
[ 2026-05-27 15:12:10,264] 174 root - INFO - Data transformation complete
[ 2026-05-27 15:12:10,264] 49 root - INFO - Started Regular Expression mapping
[ 2026-05-27 15:12:10,264] 174 root - INFO - Data transformation complete
[ 2026-05-27 15:12:10,264] 49 root - INFO - Started Regular Expression mapping
[ 2026-05-27 15:12:10,264] 174 root - INFO - Data transformation complete
[ 2026-05-27 15:12:10,265] 49 root - INFO - Started Regular Expression mapping
[ 2026-05-27 15:12:10,265] 25 root - INFO - Match heuristic business names to paybill payments
[ 2026-05-27 15:12:10,265] 174 root - INFO - Data transformation complete
[ 2026-05-27 15:12:10,265] 49 root - INFO - Started Regular Expression mapping
[ 2026-05-27 15:12:10,265] 174 root - INFO - Data transformation complete
[ 2026-05-27 15:12:10,265] 49 root - INFO - Started Regular Expression mapping
[ 2026-05-27 15:12:10,266] 174 root - INFO - Data transformation complete
[ 2026-05-27 15:12:10,266] 49 root - INFO - Started Regular Expression mapping
[ 2026-05-27 15:12:10,266] 174 root - INFO - Data transformation complete
[ 2026-05-27 15:12:10,266] 49 root - INFO - Started Regular Expression mapping
[ 2026-05-27 15:12:10,266] 174 root - INFO - Data transformation complete
[ 2026-05-27 15:12:10,267] 49 root - INFO - Started Regular Expression mapping
[ 2026-05-27 15:12:10,267] 174 root - INFO - Data transformation complete
[ 2026-05-27 15:12:10,267] 49 root - INFO - Started Regular Expression mapping
[ 2026-05-27 15:12:10,267] 25 root - INFO - Match heuristic business names to paybill payments
[ 2026-05-27 15:12:10,267] 174 root - INFO - Data transformation complete
[ 2026-05-27 15:12:10,267] 49 root - INFO - Started Regular Expression mapping
[ 2026-05-27 15:12:10,268] 174 root - INFO - Data transformation complete
[ 2026-05-27 15:12:10,268] 49 root - INFO - Started Regular Expression mapping
[ 2026-05-27 15:12:10,268] 25 root - INFO - Match heuristic business names to paybill payments
[ 2026-05-27 15:12:10,268] 174 root - INFO - Data transformation complete
[ 2026-05-27 15:12:10,268] 49 root - INFO - Started Regular Expression mapping
[ 2026-05-27 15:12:10,269] 174 root - INFO - Data transformation complete
[ 2026-05-27 15:12:10,269] 49 root - INFO - Started Regular Expression mapping
[ 2026-05-27 15:12:10,269] 174 root - INFO - Data transformation complete
[ 2026-05-27 15:12:10,269] 49 root - INFO - Started Regular Expression mapping
[ 2026-05-27 15:12:10,269] 174 root - INFO - Data transformation complete
[ 2026-05-27 15:12:10,269] 49 root - INFO - Started Regular Expression mapping
[ 2026-05-27 15:12:10,270] 174 root - INFO - Data transformation complete
[ 2026-05-27 15:12:10,270] 49 root - INFO - Started Regular Expression mapping
[ 2026-05-27 15:12:10,270] 25 root - INFO - Match heuristic business names to paybill payments
[ 2026-05-27 15:12:10,270] 174 root - INFO - Data transformation complete
[ 2026-05-27 15:12:10,270] 49 root - INFO - Started Regular Expression mapping
[ 2026-05-27 15:12:10,271] 174 root - INFO - Data transformation complete
[ 2026-05-27 15:12:10,271] 49 root - INFO - Started Regular Expression mapping
[ 2026-05-27 15:12:10,271] 174 root - INFO - Data transformation complete
[ 2026-05-27 15:12:10,271] 49 root - INFO - Started Regular Expression mapping
[ 2026-05-27 15:12:10,271] 174 root - INFO - Data transformation complete
[ 2026-05-27 15:12:10,271] 49 root - INFO - Started Regular Expression mapping
[ 2026-05-27 15:12:10,272] 174 root - INFO - Data transformation complete
[ 2026-05-27 15:12:10,272] 49 root - INFO - Started Regular Expression mapping
[ 2026-05-27 15:12:10,272] 174 root - INFO - Data transformation complete
[ 2026-05-27 15:12:10,272] 49 root - INFO - Started Regular Expression mapping
[ 2026-05-27 15:12:10,272] 25 root - INFO - Match heuristic business names to paybill payments
[ 2026-05-27 15:12:10,272] 174 root - INFO - Data transformation complete
[ 2026-05-27 15:12:10,273] 49 root - INFO - Started Regular Expression mapping
[ 2026-05-27 15:12:10,273] 25 root - INFO - Match heuristic business names to paybill payments
[ 2026-05-27 15:12:10,273] 174 root - INFO - Data transformation complete
[ 2026-05-27 15:12:10,273] 49 root - INFO - Started Regular Expression mapping
[ 2026-05-27 15:12:10,274] 25 root - INFO - Match heuristic business names to paybill payments
[ 2026-05-27 15:12:10,274] 174 root - INFO - Data transformation complete
[ 2026-05-27 15:12:10,274] 49 root - INFO - Started Regular Expression mapping
[ 2026-05-27 15:12:10,274] 174 root - INFO - Data transformation complete
[ 2026-05-27 15:12:10,274] 49 root - INFO - Started Regular Expression mapping
[ 2026-05-27 15:12:10,274] 174 root - INFO - Data transformation complete
[ 2026-05-27 15:12:10,275] 49 root - INFO - Started Regular Expression mapping
[ 2026-05-27 15:12:10,275] 174 root - INFO - Data transformation complete
[ 2026-05-27 15:12:10,275] 49 root - INFO - Started Regular Expression mapping
[ 2026-05-27 15:12:10,275] 174 root - INFO - Data transformation complete
[ 2026-05-27 15:12:10,275] 49 root - INFO - Started Regular Expression mapping
[ 2026-05-27 15:12:10,275] 174 root - INFO - Data transformation complete
[ 2026-05-27 15:12:10,275] 49 root - INFO - Started Regular Expression mapping
[ 2026-05-27 15:12:10,276] 174 root - INFO - Data transformation complete
[ 2026-05-27 15:12:10,276] 49 root - INFO - Started Regular Expression mapping
[ 2026-05-27 15:12:10,276] 25 root - INFO - Match heuristic business names to paybill payments
[ 2026-05-27 15:12:10,276] 174 root - INFO - Data transformation complete
[ 2026-05-27 15:12:10,276] 49 root - INFO - Started Regular Expression mapping
[ 2026-05-27 15:12:10,276] 174 root - INFO - Data transformation complete
[ 2026-05-27 15:12:10,276] 49 root - INFO - Started Regular Expression mapping
[ 2026-05-27 15:12:10,277] 174 root - INFO - Data transformation complete
[ 2026-05-27 15:12:10,277] 49 root - INFO - Started Regular Expression mapping
[ 2026-05-27 15:12:10,277] 174 root - INFO - Data transformation complete
[ 2026-05-27 15:12:10,277] 49 root - INFO - Started Regular Expression mapping
[ 2026-05-27 15:12:10,277] 174 root - INFO - Data transformation complete
[ 2026-05-27 15:12:10,277] 49 root - INFO - Started Regular Expression mapping
[ 2026-05-27 15:12:10,278] 174 root - INFO - Data transformation complete
[ 2026-05-27 15:12:10,278] 49 root - INFO - Started Regular Expression mapping
[ 2026-05-27 15:12:10,278] 174 root - INFO - Data transformation complete
[ 2026-05-27 15:12:10,278] 49 root - INFO - Started Regular Expression mapping
[ 2026-05-27 15:12:10,278] 174 root - INFO - Data transformation complete
[ 2026-05-27 15:12:10,278] 49 root - INFO - Started Regular Expression mapping
[ 2026-05-27 15:12:10,278] 25 root - INFO - Match heuristic business names to paybill payments
[ 2026-05-27 15:12:10,278] 174 root - INFO - Data transformation complete
[ 2026-05-27 15:12:10,279] 49 root - INFO - Started Regular Expression mapping
[ 2026-05-27 15:12:10,279] 174 root - INFO - Data transformation complete
[ 2026-05-27 15:12:10,279] 49 root - INFO - Started Regular Expression mapping
[ 2026-05-27 15:12:10,279] 174 root - INFO - Data transformation complete
[ 2026-05-27 15:12:10,279] 49 root - INFO - Started Regular Expression mapping
[ 2026-05-27 15:12:10,280] 174 root - INFO - Data transformation complete
[ 2026-05-27 15:12:10,280] 49 root - INFO - Started Regular Expression mapping
[ 2026-05-27 15:12:10,280] 174 root - INFO - Data transformation complete
[ 2026-05-27 15:12:10,280] 49 root - INFO - Started Regular Expression mapping
[ 2026-05-27 15:12:10,280] 174 root - INFO - Data transformation complete
[ 2026-05-27 15:12:10,280] 49 root - INFO - Started Regular Expression mapping
[ 2026-05-27 15:12:10,280] 174 root - INFO - Data transformation complete
[ 2026-05-27 15:12:10,281] 49 root - INFO - Started Regular Expression mapping
[ 2026-05-27 15:12:10,281] 25 root - INFO - Match heuristic business names to paybill payments
[ 2026-05-27 15:12:10,281] 174 root - INFO - Data transformation complete
[ 2026-05-27 15:12:10,281] 49 root - INFO - Started Regular Expression mapping
[ 2026-05-27 15:12:10,281] 25 root - INFO - Match heuristic business names to paybill payments
[ 2026-05-27 15:12:10,282] 174 root - INFO - Data transformation complete
[ 2026-05-27 15:12:10,282] 49 root - INFO - Started Regular Expression mapping
[ 2026-05-27 15:12:10,282] 174 root - INFO - Data transformation complete
[ 2026-05-27 15:12:10,282] 49 root - INFO - Started Regular Expression mapping
[ 2026-05-27 15:12:10,282] 25 root - INFO - Match heuristic business names to paybill payments
[ 2026-05-27 15:12:10,282] 174 root - INFO - Data transformation complete
[ 2026-05-27 15:12:10,282] 49 root - INFO - Started Regular Expression mapping
[ 2026-05-27 15:12:10,283] 174 root - INFO - Data transformation complete
[ 2026-05-27 15:12:10,283] 49 root - INFO - Started Regular Expression mapping
[ 2026-05-27 15:12:10,283] 174 root - INFO - Data transformation complete
[ 2026-05-27 15:12:10,283] 49 root - INFO - Started Regular Expression mapping
[ 2026-05-27 15:12:10,283] 174 root - INFO - Data transformation complete
[ 2026-05-27 15:12:10,283] 49 root - INFO - Started Regular Expression mapping
[ 2026-05-27 15:12:10,284] 25 root - INFO - Match heuristic business names to paybill payments
[ 2026-05-27 15:12:10,284] 174 root - INFO - Data transformation complete
[ 2026-05-27 15:12:10,284] 49 root - INFO - Started Regular Expression mapping
[ 2026-05-27 15:12:10,284] 174 root - INFO - Data transformation complete
[ 2026-05-27 15:12:10,284] 49 root - INFO - Started Regular Expression mapping
[ 2026-05-27 15:12:10,284] 174 root - INFO - Data transformation complete
[ 2026-05-27 15:12:10,284] 49 root - INFO - Started Regular Expression mapping
[ 2026-05-27 15:12:10,285] 174 root - INFO - Data transformation complete
[ 2026-05-27 15:12:10,285] 49 root - INFO - Started Regular Expression mapping
[ 2026-05-27 15:12:10,285] 174 root - INFO - Data transformation complete
[ 2026-05-27 15:12:10,285] 49 root - INFO - Started Regular Expression mapping
[ 2026-05-27 15:12:10,285] 25 root - INFO - Match heuristic business names to paybill payments
[ 2026-05-27 15:12:10,285] 174 root - INFO - Data transformation complete
[ 2026-05-27 15:12:10,285] 49 root - INFO - Started Regular Expression mapping
[ 2026-05-27 15:12:10,286] 174 root - INFO - Data transformation complete
[ 2026-05-27 15:12:10,286] 49 root - INFO - Started Regular Expression mapping
[ 2026-05-27 15:12:10,286] 174 root - INFO - Data transformation complete
[ 2026-05-27 15:12:10,286] 49 root - INFO - Started Regular Expression mapping
[ 2026-05-27 15:12:10,286] 25 root - INFO - Match heuristic business names to paybill payments
[ 2026-05-27 15:12:10,286] 174 root - INFO - Data transformation complete
[ 2026-05-27 15:12:10,286] 49 root - INFO - Started Regular Expression mapping
[ 2026-05-27 15:12:10,287] 25 root - INFO - Match heuristic business names to paybill payments
[ 2026-05-27 15:12:10,287] 174 root - INFO - Data transformation complete
[ 2026-05-27 15:12:10,287] 49 root - INFO - Started Regular Expression mapping
[ 2026-05-27 15:12:10,287] 174 root - INFO - Data transformation complete
[ 2026-05-27 15:12:10,287] 49 root - INFO - Started Regular Expression mapping
[ 2026-05-27 15:12:10,287] 174 root - INFO - Data transformation complete
[ 2026-05-27 15:12:10,288] 49 root - INFO - Started Regular Expression mapping
[ 2026-05-27 15:12:10,288] 174 root - INFO - Data transformation complete
[ 2026-05-27 15:12:10,288] 49 root - INFO - Started Regular Expression mapping
[ 2026-05-27 15:12:10,288] 25 root - INFO - Match heuristic business names to paybill payments
[ 2026-05-27 15:12:10,288] 174 root - INFO - Data transformation complete
[ 2026-05-27 15:12:10,288] 49 root - INFO - Started Regular Expression mapping
[ 2026-05-27 15:12:10,288] 174 root - INFO - Data transformation complete
[ 2026-05-27 15:12:10,289] 49 root - INFO - Started Regular Expression mapping
[ 2026-05-27 15:12:10,289] 25 root - INFO - Match heuristic business names to paybill payments
[ 2026-05-27 15:12:10,289] 174 root - INFO - Data transformation complete
[ 2026-05-27 15:12:10,289] 49 root - INFO - Started Regular Expression mapping
[ 2026-05-27 15:12:10,289] 174 root - INFO - Data transformation complete
[ 2026-05-27 15:12:10,290] 49 root - INFO - Started Regular Expression mapping
[ 2026-05-27 15:12:10,290] 174 root - INFO - Data transformation complete
[ 2026-05-27 15:12:10,290] 49 root - INFO - Started Regular Expression mapping
[ 2026-05-27 15:12:10,291] 25 root - INFO - Match heuristic business names to paybill payments
[ 2026-05-27 15:12:10,291] 174 root - INFO - Data transformation complete
[ 2026-05-27 15:12:10,291] 49 root - INFO - Started Regular Expression mapping
[ 2026-05-27 15:12:10,291] 25 root - INFO - Match heuristic business names to paybill payments
[ 2026-05-27 15:12:10,291] 174 root - INFO - Data transformation complete
[ 2026-05-27 15:12:10,292] 49 root - INFO - Started Regular Expression mapping
[ 2026-05-27 15:12:10,292] 174 root - INFO - Data transformation complete
[ 2026-05-27 15:12:10,292] 49 root - INFO - Started Regular Expression mapping
[ 2026-05-27 15:12:10,292] 25 root - INFO - Match heuristic business names to paybill payments
[ 2026-05-27 15:12:10,292] 174 root - INFO - Data transformation complete
[ 2026-05-27 15:12:10,292] 49 root - INFO - Started Regular Expression mapping
[ 2026-05-27 15:12:10,293] 174 root - INFO - Data transformation complete
[ 2026-05-27 15:12:10,293] 49 root - INFO - Started Regular Expression mapping
[ 2026-05-27 15:12:10,293] 174 root - INFO - Data transformation complete
[ 2026-05-27 15:12:10,293] 49 root - INFO - Started Regular Expression mapping
[ 2026-05-27 15:12:10,293] 174 root - INFO - Data transformation complete
[ 2026-05-27 15:12:10,293] 49 root - INFO - Started Regular Expression mapping
[ 2026-05-27 15:12:10,294] 25 root - INFO - Match heuristic business names to paybill payments
[ 2026-05-27 15:12:10,294] 174 root - INFO - Data transformation complete
[ 2026-05-27 15:12:10,294] 49 root - INFO - Started Regular Expression mapping
[ 2026-05-27 15:12:10,294] 25 root - INFO - Match heuristic business names to paybill payments
[ 2026-05-27 15:12:10,294] 174 root - INFO - Data transformation complete
[ 2026-05-27 15:12:10,294] 49 root - INFO - Started Regular Expression mapping
[ 2026-05-27 15:12:10,294] 25 root - INFO - Match heuristic business names to paybill payments
[ 2026-05-27 15:12:10,295] 174 root - INFO - Data transformation complete
[ 2026-05-27 15:12:10,295] 49 root - INFO - Started Regular Expression mapping
[ 2026-05-27 15:12:10,295] 174 root - INFO - Data transformation complete
[ 2026-05-27 15:12:10,295] 49 root - INFO - Started Regular Expression mapping
[ 2026-05-27 15:12:10,295] 25 root - INFO - Match heuristic business names to paybill payments
[ 2026-05-27 15:12:10,295] 174 root - INFO - Data transformation complete
[ 2026-05-27 15:12:10,295] 49 root - INFO - Started Regular Expression mapping
[ 2026-05-27 15:12:10,296] 174 root - INFO - Data transformation complete
[ 2026-05-27 15:12:10,296] 49 root - INFO - Started Regular Expression mapping
[ 2026-05-27 15:12:10,296] 174 root - INFO - Data transformation complete
[ 2026-05-27 15:12:10,296] 49 root - INFO - Started Regular Expression mapping
[ 2026-05-27 15:12:10,296] 25 root - INFO - Match heuristic business names to paybill payments
[ 2026-05-27 15:12:10,296] 174 root - INFO - Data transformation complete
[ 2026-05-27 15:12:10,296] 49 root - INFO - Started Regular Expression mapping
[ 2026-05-27 15:12:10,297] 25 root - INFO - Match heuristic business names to paybill payments
[ 2026-05-27 15:12:10,297] 174 root - INFO - Data transformation complete
[ 2026-05-27 15:12:10,297] 49 root - INFO - Started Regular Expression mapping
[ 2026-05-27 15:12:10,297] 174 root - INFO - Data transformation complete
[ 2026-05-27 15:12:10,298] 49 root - INFO - Started Regular Expression mapping
[ 2026-05-27 15:12:10,298] 25 root - INFO - Match heuristic business names to paybill payments
[ 2026-05-27 15:12:10,298] 174 root - INFO - Data transformation complete
[ 2026-05-27 15:12:10,298] 49 root - INFO - Started Regular Expression mapping
[ 2026-05-27 15:12:10,298] 25 root - INFO - Match heuristic business names to paybill payments
[ 2026-05-27 15:12:10,298] 174 root - INFO - Data transformation complete
[ 2026-05-27 15:12:10,299] 49 root - INFO - Started Regular Expression mapping
[ 2026-05-27 15:12:10,299] 174 root - INFO - Data transformation complete
[ 2026-05-27 15:12:10,299] 49 root - INFO - Started Regular Expression mapping
[ 2026-05-27 15:12:10,299] 25 root - INFO - Match heuristic business names to paybill payments
[ 2026-05-27 15:12:10,299] 174 root - INFO - Data transformation complete
[ 2026-05-27 15:12:10,299] 49 root - INFO - Started Regular Expression mapping
[ 2026-05-27 15:12:10,300] 174 root - INFO - Data transformation complete
[ 2026-05-27 15:12:10,300] 49 root - INFO - Started Regular Expression mapping
[ 2026-05-27 15:12:10,300] 174 root - INFO - Data transformation complete
[ 2026-05-27 15:12:10,300] 49 root - INFO - Started Regular Expression mapping
[ 2026-05-27 15:12:10,300] 174 root - INFO - Data transformation complete
[ 2026-05-27 15:12:10,300] 49 root - INFO - Started Regular Expression mapping
[ 2026-05-27 15:12:10,300] 174 root - INFO - Data transformation complete
[ 2026-05-27 15:12:10,301] 49 root - INFO - Started Regular Expression mapping
[ 2026-05-27 15:12:10,301] 25 root - INFO - Match heuristic business names to paybill payments
[ 2026-05-27 15:12:10,301] 174 root - INFO - Data transformation complete
[ 2026-05-27 15:12:10,301] 49 root - INFO - Started Regular Expression mapping
[ 2026-05-27 15:12:10,301] 174 root - INFO - Data transformation complete
[ 2026-05-27 15:12:10,301] 49 root - INFO - Started Regular Expression mapping
[ 2026-05-27 15:12:10,302] 174 root - INFO - Data transformation complete
[ 2026-05-27 15:12:10,302] 49 root - INFO - Started Regular Expression mapping
[ 2026-05-27 15:12:10,302] 174 root - INFO - Data transformation complete
[ 2026-05-27 15:12:10,302] 49 root - INFO - Started Regular Expression mapping
[ 2026-05-27 15:12:10,302] 25 root - INFO - Match heuristic business names to paybill payments
[ 2026-05-27 15:12:10,302] 174 root - INFO - Data transformation complete
[ 2026-05-27 15:12:10,302] 49 root - INFO - Started Regular Expression mapping
[ 2026-05-27 15:12:10,303] 174 root - INFO - Data transformation complete
[ 2026-05-27 15:12:10,303] 49 root - INFO - Started Regular Expression mapping
[ 2026-05-27 15:12:10,303] 25 root - INFO - Match heuristic business names to paybill payments
[ 2026-05-27 15:12:10,303] 174 root - INFO - Data transformation complete
[ 2026-05-27 15:12:10,303] 49 root - INFO - Started Regular Expression mapping
[ 2026-05-27 15:12:10,303] 174 root - INFO - Data transformation complete
[ 2026-05-27 15:12:10,303] 49 root - INFO - Started Regular Expression mapping
[ 2026-05-27 15:12:10,304] 25 root - INFO - Match heuristic business names to paybill payments
[ 2026-05-27 15:12:10,304] 174 root - INFO - Data transformation complete
[ 2026-05-27 15:12:10,304] 49 root - INFO - Started Regular Expression mapping
[ 2026-05-27 15:12:10,304] 25 root - INFO - Match heuristic business names to paybill payments
[ 2026-05-27 15:12:10,304] 174 root - INFO - Data transformation complete
[ 2026-05-27 15:12:10,304] 49 root - INFO - Started Regular Expression mapping
[ 2026-05-27 15:12:10,305] 174 root - INFO - Data transformation complete
[ 2026-05-27 15:12:10,305] 49 root - INFO - Started Regular Expression mapping
[ 2026-05-27 15:12:10,305] 25 root - INFO - Match heuristic business names to paybill payments
[ 2026-05-27 15:12:10,305] 174 root - INFO - Data transformation complete
[ 2026-05-27 15:12:10,305] 49 root - INFO - Started Regular Expression mapping
[ 2026-05-27 15:12:10,305] 174 root - INFO - Data transformation complete
[ 2026-05-27 15:12:10,305] 49 root - INFO - Started Regular Expression mapping
[ 2026-05-27 15:12:10,306] 25 root - INFO - Match heuristic business names to paybill payments
[ 2026-05-27 15:12:10,306] 174 root - INFO - Data transformation complete
[ 2026-05-27 15:12:10,306] 49 root - INFO - Started Regular Expression mapping
[ 2026-05-27 15:12:10,307] 25 root - INFO - Match heuristic business names to paybill payments
[ 2026-05-27 15:12:10,307] 174 root - INFO - Data transformation complete
[ 2026-05-27 15:12:10,307] 49 root - INFO - Started Regular Expression mapping
[ 2026-05-27 15:12:10,307] 174 root - INFO - Data transformation complete
[ 2026-05-27 15:12:10,307] 49 root - INFO - Started Regular Expression mapping
[ 2026-05-27 15:12:10,308] 174 root - INFO - Data transformation complete
[ 2026-05-27 15:12:10,308] 49 root - INFO - Started Regular Expression mapping
[ 2026-05-27 15:12:10,308] 174 root - INFO - Data transformation complete
[ 2026-05-27 15:12:10,308] 49 root - INFO - Started Regular Expression mapping
[ 2026-05-27 15:12:10,308] 25 root - INFO - Match heuristic business names to paybill payments
[ 2026-05-27 15:12:10,309] 174 root - INFO - Data transformation complete
[ 2026-05-27 15:12:10,309] 49 root - INFO - Started Regular Expression mapping
[ 2026-05-27 15:12:10,309] 174 root - INFO - Data transformation complete
[ 2026-05-27 15:12:10,309] 49 root - INFO - Started Regular Expression mapping
[ 2026-05-27 15:12:10,309] 174 root - INFO - Data transformation complete
[ 2026-05-27 15:12:10,309] 49 root - INFO - Started Regular Expression mapping
[ 2026-05-27 15:12:10,309] 174 root - INFO - Data transformation complete
[ 2026-05-27 15:12:10,310] 49 root - INFO - Started Regular Expression mapping
[ 2026-05-27 15:12:10,310] 174 root - INFO - Data transformation complete
[ 2026-05-27 15:12:10,310] 49 root - INFO - Started Regular Expression mapping
[ 2026-05-27 15:12:10,310] 174 root - INFO - Data transformation complete
[ 2026-05-27 15:12:10,310] 49 root - INFO - Started Regular Expression mapping
[ 2026-05-27 15:12:10,310] 174 root - INFO - Data transformation complete
[ 2026-05-27 15:12:10,311] 49 root - INFO - Started Regular Expression mapping
[ 2026-05-27 15:12:10,311] 174 root - INFO - Data transformation complete
[ 2026-05-27 15:12:10,311] 49 root - INFO - Started Regular Expression mapping
[ 2026-05-27 15:12:10,311] 174 root - INFO - Data transformation complete
[ 2026-05-27 15:12:10,311] 49 root - INFO - Started Regular Expression mapping
[ 2026-05-27 15:12:10,311] 174 root - INFO - Data transformation complete
[ 2026-05-27 15:12:10,311] 49 root - INFO - Started Regular Expression mapping
[ 2026-05-27 15:12:10,312] 174 root - INFO - Data transformation complete
[ 2026-05-27 15:12:10,312] 49 root - INFO - Started Regular Expression mapping
[ 2026-05-27 15:12:10,312] 174 root - INFO - Data transformation complete
[ 2026-05-27 15:12:10,312] 49 root - INFO - Started Regular Expression mapping
[ 2026-05-27 15:12:10,312] 174 root - INFO - Data transformation complete
[ 2026-05-27 15:12:10,312] 49 root - INFO - Started Regular Expression mapping
[ 2026-05-27 15:12:10,313] 174 root - INFO - Data transformation complete
[ 2026-05-27 15:12:10,313] 49 root - INFO - Started Regular Expression mapping
[ 2026-05-27 15:12:10,313] 174 root - INFO - Data transformation complete
[ 2026-05-27 15:12:10,313] 49 root - INFO - Started Regular Expression mapping
[ 2026-05-27 15:12:10,314] 174 root - INFO - Data transformation complete
[ 2026-05-27 15:12:10,314] 49 root - INFO - Started Regular Expression mapping
[ 2026-05-27 15:12:10,315] 25 root - INFO - Match heuristic business names to paybill payments
[ 2026-05-27 15:12:10,315] 174 root - INFO - Data transformation complete
[ 2026-05-27 15:12:10,315] 49 root - INFO - Started Regular Expression mapping
[ 2026-05-27 15:12:10,315] 174 root - INFO - Data transformation complete
[ 2026-05-27 15:12:10,315] 49 root - INFO - Started Regular Expression mapping
[ 2026-05-27 15:12:10,315] 174 root - INFO - Data transformation complete
[ 2026-05-27 15:12:10,316] 49 root - INFO - Started Regular Expression mapping
[ 2026-05-27 15:12:10,316] 25 root - INFO - Match heuristic business names to paybill payments
[ 2026-05-27 15:12:10,316] 174 root - INFO - Data transformation complete
[ 2026-05-27 15:12:10,316] 49 root - INFO - Started Regular Expression mapping
[ 2026-05-27 15:12:10,316] 174 root - INFO - Data transformation complete
[ 2026-05-27 15:12:10,316] 49 root - INFO - Started Regular Expression mapping
[ 2026-05-27 15:12:10,317] 25 root - INFO - Match heuristic business names to paybill payments
[ 2026-05-27 15:12:10,317] 174 root - INFO - Data transformation complete
[ 2026-05-27 15:12:10,317] 49 root - INFO - Started Regular Expression mapping
[ 2026-05-27 15:12:10,317] 25 root - INFO - Match heuristic business names to paybill payments
[ 2026-05-27 15:12:10,317] 174 root - INFO - Data transformation complete
[ 2026-05-27 15:12:10,317] 49 root - INFO - Started Regular Expression mapping
[ 2026-05-27 15:12:10,317] 174 root - INFO - Data transformation complete
[ 2026-05-27 15:12:10,317] 49 root - INFO - Started Regular Expression mapping
[ 2026-05-27 15:12:10,318] 174 root - INFO - Data transformation complete
[ 2026-05-27 15:12:10,318] 49 root - INFO - Started Regular Expression mapping
[ 2026-05-27 15:12:10,318] 174 root - INFO - Data transformation complete
[ 2026-05-27 15:12:10,318] 49 root - INFO - Started Regular Expression mapping
[ 2026-05-27 15:12:10,318] 174 root - INFO - Data transformation complete
[ 2026-05-27 15:12:10,318] 49 root - INFO - Started Regular Expression mapping
[ 2026-05-27 15:12:10,319] 174 root - INFO - Data transformation complete
[ 2026-05-27 15:12:10,319] 49 root - INFO - Started Regular Expression mapping
[ 2026-05-27 15:12:10,319] 174 root - INFO - Data transformation complete
[ 2026-05-27 15:12:10,319] 49 root - INFO - Started Regular Expression mapping
[ 2026-05-27 15:12:10,319] 174 root - INFO - Data transformation complete
[ 2026-05-27 15:12:10,319] 49 root - INFO - Started Regular Expression mapping
[ 2026-05-27 15:12:10,319] 25 root - INFO - Match heuristic business names to paybill payments
[ 2026-05-27 15:12:10,320] 174 root - INFO - Data transformation complete
[ 2026-05-27 15:12:10,320] 49 root - INFO - Started Regular Expression mapping
[ 2026-05-27 15:12:10,320] 174 root - INFO - Data transformation complete
[ 2026-05-27 15:12:10,320] 49 root - INFO - Started Regular Expression mapping
[ 2026-05-27 15:12:10,320] 25 root - INFO - Match heuristic business names to paybill payments
[ 2026-05-27 15:12:10,320] 174 root - INFO - Data transformation complete
[ 2026-05-27 15:12:10,320] 49 root - INFO - Started Regular Expression mapping
[ 2026-05-27 15:12:10,321] 174 root - INFO - Data transformation complete
[ 2026-05-27 15:12:10,321] 49 root - INFO - Started Regular Expression mapping
[ 2026-05-27 15:12:10,321] 174 root - INFO - Data transformation complete
[ 2026-05-27 15:12:10,321] 49 root - INFO - Started Regular Expression mapping
[ 2026-05-27 15:12:10,321] 25 root - INFO - Match heuristic business names to paybill payments
[ 2026-05-27 15:12:10,321] 174 root - INFO - Data transformation complete
[ 2026-05-27 15:12:10,322] 49 root - INFO - Started Regular Expression mapping
[ 2026-05-27 15:12:10,322] 174 root - INFO - Data transformation complete
[ 2026-05-27 15:12:10,322] 49 root - INFO - Started Regular Expression mapping
[ 2026-05-27 15:12:10,322] 174 root - INFO - Data transformation complete
[ 2026-05-27 15:12:10,322] 49 root - INFO - Started Regular Expression mapping
[ 2026-05-27 15:12:10,322] 174 root - INFO - Data transformation complete
[ 2026-05-27 15:12:10,322] 49 root - INFO - Started Regular Expression mapping
[ 2026-05-27 15:12:10,323] 174 root - INFO - Data transformation complete
[ 2026-05-27 15:12:10,323] 49 root - INFO - Started Regular Expression mapping
[ 2026-05-27 15:12:10,323] 174 root - INFO - Data transformation complete
[ 2026-05-27 15:12:10,323] 49 root - INFO - Started Regular Expression mapping
[ 2026-05-27 15:12:10,323] 174 root - INFO - Data transformation complete
[ 2026-05-27 15:12:10,324] 49 root - INFO - Started Regular Expression mapping
[ 2026-05-27 15:12:10,324] 174 root - INFO - Data transformation complete
[ 2026-05-27 15:12:10,324] 49 root - INFO - Started Regular Expression mapping
[ 2026-05-27 15:12:10,324] 25 root - INFO - Match heuristic business names to paybill payments
[ 2026-05-27 15:12:10,324] 174 root - INFO - Data transformation complete
[ 2026-05-27 15:12:10,325] 49 root - INFO - Started Regular Expression mapping
[ 2026-05-27 15:12:10,325] 25 root - INFO - Match heuristic business names to paybill payments
[ 2026-05-27 15:12:10,325] 174 root - INFO - Data transformation complete
[ 2026-05-27 15:12:10,325] 49 root - INFO - Started Regular Expression mapping
[ 2026-05-27 15:12:10,325] 25 root - INFO - Match heuristic business names to paybill payments
[ 2026-05-27 15:12:10,326] 174 root - INFO - Data transformation complete
[ 2026-05-27 15:12:10,326] 49 root - INFO - Started Regular Expression mapping
[ 2026-05-27 15:12:10,326] 174 root - INFO - Data transformation complete
[ 2026-05-27 15:12:10,326] 49 root - INFO - Started Regular Expression mapping
[ 2026-05-27 15:12:10,326] 174 root - INFO - Data transformation complete
[ 2026-05-27 15:12:10,326] 49 root - INFO - Started Regular Expression mapping
[ 2026-05-27 15:12:10,327] 25 root - INFO - Match heuristic business names to paybill payments
[ 2026-05-27 15:12:10,327] 174 root - INFO - Data transformation complete
[ 2026-05-27 15:12:10,327] 49 root - INFO - Started Regular Expression mapping
[ 2026-05-27 15:12:10,327] 25 root - INFO - Match heuristic business names to paybill payments
[ 2026-05-27 15:12:10,327] 174 root - INFO - Data transformation complete
[ 2026-05-27 15:12:10,327] 49 root - INFO - Started Regular Expression mapping
[ 2026-05-27 15:12:10,327] 25 root - INFO - Match heuristic business names to paybill payments
[ 2026-05-27 15:12:10,328] 174 root - INFO - Data transformation complete
[ 2026-05-27 15:12:10,328] 49 root - INFO - Started Regular Expression mapping
[ 2026-05-27 15:12:10,328] 174 root - INFO - Data transformation complete
[ 2026-05-27 15:12:10,328] 49 root - INFO - Started Regular Expression mapping
[ 2026-05-27 15:12:10,328] 174 root - INFO - Data transformation complete
[ 2026-05-27 15:12:10,328] 49 root - INFO - Started Regular Expression mapping
[ 2026-05-27 15:12:10,328] 174 root - INFO - Data transformation complete
[ 2026-05-27 15:12:10,329] 49 root - INFO - Started Regular Expression mapping
[ 2026-05-27 15:12:10,329] 174 root - INFO - Data transformation complete
[ 2026-05-27 15:12:10,329] 49 root - INFO - Started Regular Expression mapping
[ 2026-05-27 15:12:10,329] 174 root - INFO - Data transformation complete
[ 2026-05-27 15:12:10,329] 49 root - INFO - Started Regular Expression mapping
[ 2026-05-27 15:12:10,330] 25 root - INFO - Match heuristic business names to paybill payments
[ 2026-05-27 15:12:10,330] 174 root - INFO - Data transformation complete
[ 2026-05-27 15:12:10,330] 49 root - INFO - Started Regular Expression mapping
[ 2026-05-27 15:12:10,330] 25 root - INFO - Match heuristic business names to paybill payments
[ 2026-05-27 15:12:10,330] 174 root - INFO - Data transformation complete
[ 2026-05-27 15:12:10,330] 49 root - INFO - Started Regular Expression mapping
[ 2026-05-27 15:12:10,330] 174 root - INFO - Data transformation complete
[ 2026-05-27 15:12:10,331] 49 root - INFO - Started Regular Expression mapping
[ 2026-05-27 15:12:10,331] 174 root - INFO - Data transformation complete
[ 2026-05-27 15:12:10,331] 49 root - INFO - Started Regular Expression mapping
[ 2026-05-27 15:12:10,331] 174 root - INFO - Data transformation complete
[ 2026-05-27 15:12:10,331] 49 root - INFO - Started Regular Expression mapping
[ 2026-05-27 15:12:10,331] 174 root - INFO - Data transformation complete
[ 2026-05-27 15:12:10,331] 49 root - INFO - Started Regular Expression mapping
[ 2026-05-27 15:12:10,332] 25 root - INFO - Match heuristic business names to paybill payments
[ 2026-05-27 15:12:10,332] 174 root - INFO - Data transformation complete
[ 2026-05-27 15:12:10,332] 49 root - INFO - Started Regular Expression mapping
[ 2026-05-27 15:12:10,332] 174 root - INFO - Data transformation complete
[ 2026-05-27 15:12:10,332] 49 root - INFO - Started Regular Expression mapping
[ 2026-05-27 15:12:10,332] 174 root - INFO - Data transformation complete
[ 2026-05-27 15:12:10,333] 49 root - INFO - Started Regular Expression mapping
[ 2026-05-27 15:12:10,333] 174 root - INFO - Data transformation complete
[ 2026-05-27 15:12:10,333] 49 root - INFO - Started Regular Expression mapping
[ 2026-05-27 15:12:10,333] 174 root - INFO - Data transformation complete
[ 2026-05-27 15:12:10,333] 49 root - INFO - Started Regular Expression mapping
[ 2026-05-27 15:12:10,333] 174 root - INFO - Data transformation complete
[ 2026-05-27 15:12:10,333] 49 root - INFO - Started Regular Expression mapping
[ 2026-05-27 15:12:10,334] 25 root - INFO - Match heuristic business names to paybill payments
[ 2026-05-27 15:12:10,334] 174 root - INFO - Data transformation complete
[ 2026-05-27 15:12:10,334] 49 root - INFO - Started Regular Expression mapping
[ 2026-05-27 15:12:10,334] 174 root - INFO - Data transformation complete
[ 2026-05-27 15:12:10,334] 49 root - INFO - Started Regular Expression mapping
[ 2026-05-27 15:12:10,334] 174 root - INFO - Data transformation complete
[ 2026-05-27 15:12:10,335] 49 root - INFO - Started Regular Expression mapping
[ 2026-05-27 15:12:10,335] 174 root - INFO - Data transformation complete
[ 2026-05-27 15:12:10,335] 49 root - INFO - Started Regular Expression mapping
[ 2026-05-27 15:12:10,335] 25 root - INFO - Match heuristic business names to paybill payments
[ 2026-05-27 15:12:10,335] 174 root - INFO - Data transformation complete
[ 2026-05-27 15:12:10,336] 49 root - INFO - Started Regular Expression mapping
[ 2026-05-27 15:12:10,336] 174 root - INFO - Data transformation complete
[ 2026-05-27 15:12:10,336] 49 root - INFO - Started Regular Expression mapping
[ 2026-05-27 15:12:10,336] 174 root - INFO - Data transformation complete
[ 2026-05-27 15:12:10,336] 49 root - INFO - Started Regular Expression mapping
[ 2026-05-27 15:12:10,337] 174 root - INFO - Data transformation complete
[ 2026-05-27 15:12:10,337] 49 root - INFO - Started Regular Expression mapping
[ 2026-05-27 15:12:10,337] 174 root - INFO - Data transformation complete
[ 2026-05-27 15:12:10,337] 49 root - INFO - Started Regular Expression mapping
[ 2026-05-27 15:12:10,337] 174 root - INFO - Data transformation complete
[ 2026-05-27 15:12:10,337] 49 root - INFO - Started Regular Expression mapping
[ 2026-05-27 15:12:10,338] 25 root - INFO - Match heuristic business names to paybill payments
[ 2026-05-27 15:12:10,338] 174 root - INFO - Data transformation complete
[ 2026-05-27 15:12:10,338] 49 root - INFO - Started Regular Expression mapping
[ 2026-05-27 15:12:10,338] 174 root - INFO - Data transformation complete
[ 2026-05-27 15:12:10,338] 49 root - INFO - Started Regular Expression mapping
[ 2026-05-27 15:12:10,339] 25 root - INFO - Match heuristic business names to paybill payments
[ 2026-05-27 15:12:10,339] 174 root - INFO - Data transformation complete
[ 2026-05-27 15:12:10,339] 49 root - INFO - Started Regular Expression mapping
[ 2026-05-27 15:12:10,339] 25 root - INFO - Match heuristic business names to paybill payments
[ 2026-05-27 15:12:10,339] 174 root - INFO - Data transformation complete
[ 2026-05-27 15:12:10,339] 49 root - INFO - Started Regular Expression mapping
[ 2026-05-27 15:12:10,339] 174 root - INFO - Data transformation complete
[ 2026-05-27 15:12:10,340] 49 root - INFO - Started Regular Expression mapping
[ 2026-05-27 15:12:10,340] 174 root - INFO - Data transformation complete
[ 2026-05-27 15:12:10,340] 49 root - INFO - Started Regular Expression mapping
[ 2026-05-27 15:12:10,340] 174 root - INFO - Data transformation complete
[ 2026-05-27 15:12:10,340] 49 root - INFO - Started Regular Expression mapping
[ 2026-05-27 15:12:10,341] 25 root - INFO - Match heuristic business names to paybill payments
[ 2026-05-27 15:12:10,341] 174 root - INFO - Data transformation complete
[ 2026-05-27 15:12:10,341] 49 root - INFO - Started Regular Expression mapping
[ 2026-05-27 15:12:10,341] 25 root - INFO - Match heuristic business names to paybill payments
[ 2026-05-27 15:12:10,341] 174 root - INFO - Data transformation complete
[ 2026-05-27 15:12:10,342] 49 root - INFO - Started Regular Expression mapping
[ 2026-05-27 15:12:10,342] 25 root - INFO - Match heuristic business names to paybill payments
[ 2026-05-27 15:12:10,342] 174 root - INFO - Data transformation complete
[ 2026-05-27 15:12:10,342] 49 root - INFO - Started Regular Expression mapping
[ 2026-05-27 15:12:10,342] 174 root - INFO - Data transformation complete
[ 2026-05-27 15:12:10,342] 49 root - INFO - Started Regular Expression mapping
[ 2026-05-27 15:12:10,343] 25 root - INFO - Match heuristic business names to paybill payments
[ 2026-05-27 15:12:10,343] 174 root - INFO - Data transformation complete
[ 2026-05-27 15:12:10,343] 49 root - INFO - Started Regular Expression mapping
[ 2026-05-27 15:12:10,343] 174 root - INFO - Data transformation complete
[ 2026-05-27 15:12:10,343] 49 root - INFO - Started Regular Expression mapping
[ 2026-05-27 15:12:10,344] 174 root - INFO - Data transformation complete
[ 2026-05-27 15:12:10,344] 49 root - INFO - Started Regular Expression mapping
[ 2026-05-27 15:12:10,344] 174 root - INFO - Data transformation complete
[ 2026-05-27 15:12:10,344] 49 root - INFO - Started Regular Expression mapping
[ 2026-05-27 15:12:10,344] 25 root - INFO - Match heuristic business names to paybill payments
[ 2026-05-27 15:12:10,345] 174 root - INFO - Data transformation complete
[ 2026-05-27 15:12:10,345] 49 root - INFO - Started Regular Expression mapping
[ 2026-05-27 15:12:10,345] 174 root - INFO - Data transformation complete
[ 2026-05-27 15:12:10,345] 49 root - INFO - Started Regular Expression mapping
[ 2026-05-27 15:12:10,345] 174 root - INFO - Data transformation complete
[ 2026-05-27 15:12:10,346] 49 root - INFO - Started Regular Expression mapping
[ 2026-05-27 15:12:10,346] 25 root - INFO - Match heuristic business names to paybill payments
[ 2026-05-27 15:12:10,346] 174 root - INFO - Data transformation complete
[ 2026-05-27 15:12:10,346] 49 root - INFO - Started Regular Expression mapping
[ 2026-05-27 15:12:10,346] 174 root - INFO - Data transformation complete
[ 2026-05-27 15:12:10,346] 49 root - INFO - Started Regular Expression mapping
[ 2026-05-27 15:12:10,347] 174 root - INFO - Data transformation complete
[ 2026-05-27 15:12:10,347] 49 root - INFO - Started Regular Expression mapping
[ 2026-05-27 15:12:10,347] 174 root - INFO - Data transformation complete
[ 2026-05-27 15:12:10,347] 49 root - INFO - Started Regular Expression mapping
[ 2026-05-27 15:12:10,347] 174 root - INFO - Data transformation complete
[ 2026-05-27 15:12:10,348] 49 root - INFO - Started Regular Expression mapping
[ 2026-05-27 15:12:10,348] 174 root - INFO - Data transformation complete
[ 2026-05-27 15:12:10,348] 49 root - INFO - Started Regular Expression mapping
[ 2026-05-27 15:12:10,348] 174 root - INFO - Data transformation complete
[ 2026-05-27 15:12:10,348] 49 root - INFO - Started Regular Expression mapping
[ 2026-05-27 15:12:10,348] 25 root - INFO - Match heuristic business names to paybill payments
[ 2026-05-27 15:12:10,349] 174 root - INFO - Data transformation complete
[ 2026-05-27 15:12:10,349] 49 root - INFO - Started Regular Expression mapping
[ 2026-05-27 15:12:10,349] 174 root - INFO - Data transformation complete
[ 2026-05-27 15:12:10,349] 49 root - INFO - Started Regular Expression mapping
[ 2026-05-27 15:12:10,349] 25 root - INFO - Match heuristic business names to paybill payments
[ 2026-05-27 15:12:10,350] 174 root - INFO - Data transformation complete
[ 2026-05-27 15:12:10,350] 49 root - INFO - Started Regular Expression mapping
[ 2026-05-27 15:12:10,350] 174 root - INFO - Data transformation complete
[ 2026-05-27 15:12:10,350] 49 root - INFO - Started Regular Expression mapping
[ 2026-05-27 15:12:10,350] 174 root - INFO - Data transformation complete
[ 2026-05-27 15:12:10,350] 49 root - INFO - Started Regular Expression mapping
[ 2026-05-27 15:12:10,351] 174 root - INFO - Data transformation complete
[ 2026-05-27 15:12:10,351] 49 root - INFO - Started Regular Expression mapping
[ 2026-05-27 15:12:10,351] 25 root - INFO - Match heuristic business names to paybill payments
[ 2026-05-27 15:12:10,351] 174 root - INFO - Data transformation complete
[ 2026-05-27 15:12:10,351] 49 root - INFO - Started Regular Expression mapping
[ 2026-05-27 15:12:10,352] 174 root - INFO - Data transformation complete
[ 2026-05-27 15:12:10,352] 49 root - INFO - Started Regular Expression mapping
[ 2026-05-27 15:12:10,352] 174 root - INFO - Data transformation complete
[ 2026-05-27 15:12:10,352] 49 root - INFO - Started Regular Expression mapping
[ 2026-05-27 15:12:10,352] 174 root - INFO - Data transformation complete
[ 2026-05-27 15:12:10,353] 49 root - INFO - Started Regular Expression mapping
[ 2026-05-27 15:12:10,353] 25 root - INFO - Match heuristic business names to paybill payments
[ 2026-05-27 15:12:10,353] 174 root - INFO - Data transformation complete
[ 2026-05-27 15:12:10,353] 49 root - INFO - Started Regular Expression mapping
[ 2026-05-27 15:12:10,353] 174 root - INFO - Data transformation complete
[ 2026-05-27 15:12:10,353] 49 root - INFO - Started Regular Expression mapping
[ 2026-05-27 15:12:10,354] 174 root - INFO - Data transformation complete
[ 2026-05-27 15:12:10,354] 49 root - INFO - Started Regular Expression mapping
[ 2026-05-27 15:12:10,354] 25 root - INFO - Match heuristic business names to paybill payments
[ 2026-05-27 15:12:10,354] 174 root - INFO - Data transformation complete
[ 2026-05-27 15:12:10,354] 49 root - INFO - Started Regular Expression mapping
[ 2026-05-27 15:12:10,355] 174 root - INFO - Data transformation complete
[ 2026-05-27 15:12:10,355] 49 root - INFO - Started Regular Expression mapping
[ 2026-05-27 15:12:10,355] 174 root - INFO - Data transformation complete
[ 2026-05-27 15:12:10,355] 49 root - INFO - Started Regular Expression mapping
[ 2026-05-27 15:12:10,355] 174 root - INFO - Data transformation complete
[ 2026-05-27 15:12:10,355] 49 root - INFO - Started Regular Expression mapping
[ 2026-05-27 15:12:10,356] 174 root - INFO - Data transformation complete
[ 2026-05-27 15:12:10,356] 49 root - INFO - Started Regular Expression mapping
[ 2026-05-27 15:12:10,356] 25 root - INFO - Match heuristic business names to paybill payments
[ 2026-05-27 15:12:10,356] 174 root - INFO - Data transformation complete
[ 2026-05-27 15:12:10,356] 49 root - INFO - Started Regular Expression mapping
[ 2026-05-27 15:12:10,357] 25 root - INFO - Match heuristic business names to paybill payments
[ 2026-05-27 15:12:10,357] 174 root - INFO - Data transformation complete
[ 2026-05-27 15:12:10,357] 49 root - INFO - Started Regular Expression mapping
[ 2026-05-27 15:12:10,358] 174 root - INFO - Data transformation complete
[ 2026-05-27 15:12:10,358] 49 root - INFO - Started Regular Expression mapping
[ 2026-05-27 15:12:10,358] 174 root - INFO - Data transformation complete
[ 2026-05-27 15:12:10,358] 49 root - INFO - Started Regular Expression mapping
[ 2026-05-27 15:12:10,358] 25 root - INFO - Match heuristic business names to paybill payments
[ 2026-05-27 15:12:10,358] 174 root - INFO - Data transformation complete
[ 2026-05-27 15:12:10,359] 49 root - INFO - Started Regular Expression mapping
[ 2026-05-27 15:12:10,359] 25 root - INFO - Match heuristic business names to paybill payments
[ 2026-05-27 15:12:10,359] 174 root - INFO - Data transformation complete
[ 2026-05-27 15:12:10,359] 49 root - INFO - Started Regular Expression mapping
[ 2026-05-27 15:12:10,359] 174 root - INFO - Data transformation complete
[ 2026-05-27 15:12:10,359] 49 root - INFO - Started Regular Expression mapping
[ 2026-05-27 15:12:10,360] 25 root - INFO - Match heuristic business names to paybill payments
[ 2026-05-27 15:12:10,360] 174 root - INFO - Data transformation complete
[ 2026-05-27 15:12:10,360] 49 root - INFO - Started Regular Expression mapping
[ 2026-05-27 15:12:10,360] 174 root - INFO - Data transformation complete
[ 2026-05-27 15:12:10,360] 49 root - INFO - Started Regular Expression mapping
[ 2026-05-27 15:12:10,361] 174 root - INFO - Data transformation complete
[ 2026-05-27 15:12:10,361] 49 root - INFO - Started Regular Expression mapping
[ 2026-05-27 15:12:10,361] 174 root - INFO - Data transformation complete
[ 2026-05-27 15:12:10,361] 49 root - INFO - Started Regular Expression mapping
[ 2026-05-27 15:12:10,361] 174 root - INFO - Data transformation complete
[ 2026-05-27 15:12:10,362] 49 root - INFO - Started Regular Expression mapping
[ 2026-05-27 15:12:10,362] 174 root - INFO - Data transformation complete
[ 2026-05-27 15:12:10,362] 49 root - INFO - Started Regular Expression mapping
[ 2026-05-27 15:12:10,362] 174 root - INFO - Data transformation complete
[ 2026-05-27 15:12:10,362] 49 root - INFO - Started Regular Expression mapping
[ 2026-05-27 15:12:10,363] 174 root - INFO - Data transformation complete
[ 2026-05-27 15:12:10,363] 49 root - INFO - Started Regular Expression mapping
[ 2026-05-27 15:12:10,363] 25 root - INFO - Match heuristic business names to paybill payments
[ 2026-05-27 15:12:10,363] 174 root - INFO - Data transformation complete
[ 2026-05-27 15:12:10,363] 49 root - INFO - Started Regular Expression mapping
[ 2026-05-27 15:12:10,363] 174 root - INFO - Data transformation complete
[ 2026-05-27 15:12:10,364] 49 root - INFO - Started Regular Expression mapping
[ 2026-05-27 15:12:10,364] 174 root - INFO - Data transformation complete
[ 2026-05-27 15:12:10,364] 49 root - INFO - Started Regular Expression mapping
[ 2026-05-27 15:12:10,364] 174 root - INFO - Data transformation complete
[ 2026-05-27 15:12:10,364] 49 root - INFO - Started Regular Expression mapping
[ 2026-05-27 15:12:10,365] 174 root - INFO - Data transformation complete
[ 2026-05-27 15:12:10,365] 49 root - INFO - Started Regular Expression mapping
[ 2026-05-27 15:12:10,365] 25 root - INFO - Match heuristic business names to paybill payments
[ 2026-05-27 15:12:10,365] 174 root - INFO - Data transformation complete
[ 2026-05-27 15:12:10,365] 49 root - INFO - Started Regular Expression mapping
[ 2026-05-27 15:12:10,366] 174 root - INFO - Data transformation complete
[ 2026-05-27 15:12:10,366] 49 root - INFO - Started Regular Expression mapping
[ 2026-05-27 15:12:10,366] 174 root - INFO - Data transformation complete
[ 2026-05-27 15:12:10,366] 49 root - INFO - Started Regular Expression mapping
[ 2026-05-27 15:12:10,366] 25 root - INFO - Match heuristic business names to paybill payments
[ 2026-05-27 15:12:10,367] 174 root - INFO - Data transformation complete
[ 2026-05-27 15:12:10,367] 49 root - INFO - Started Regular Expression mapping
[ 2026-05-27 15:12:10,367] 174 root - INFO - Data transformation complete
[ 2026-05-27 15:12:10,367] 49 root - INFO - Started Regular Expression mapping
[ 2026-05-27 15:12:10,367] 25 root - INFO - Match heuristic business names to paybill payments
[ 2026-05-27 15:12:10,367] 174 root - INFO - Data transformation complete
[ 2026-05-27 15:12:10,368] 49 root - INFO - Started Regular Expression mapping
[ 2026-05-27 15:12:10,368] 174 root - INFO - Data transformation complete
[ 2026-05-27 15:12:10,368] 49 root - INFO - Started Regular Expression mapping
[ 2026-05-27 15:12:10,368] 174 root - INFO - Data transformation complete
[ 2026-05-27 15:12:10,368] 49 root - INFO - Started Regular Expression mapping
[ 2026-05-27 15:12:10,369] 25 root - INFO - Match heuristic business names to paybill payments
[ 2026-05-27 15:12:10,369] 174 root - INFO - Data transformation complete
[ 2026-05-27 15:12:10,369] 49 root - INFO - Started Regular Expression mapping
[ 2026-05-27 15:12:10,369] 174 root - INFO - Data transformation complete
[ 2026-05-27 15:12:10,369] 49 root - INFO - Started Regular Expression mapping
[ 2026-05-27 15:12:10,369] 174 root - INFO - Data transformation complete
[ 2026-05-27 15:12:10,370] 49 root - INFO - Started Regular Expression mapping
[ 2026-05-27 15:12:10,370] 174 root - INFO - Data transformation complete
[ 2026-05-27 15:12:10,370] 49 root - INFO - Started Regular Expression mapping
[ 2026-05-27 15:12:10,370] 174 root - INFO - Data transformation complete
[ 2026-05-27 15:12:10,370] 49 root - INFO - Started Regular Expression mapping
[ 2026-05-27 15:12:10,371] 25 root - INFO - Match heuristic business names to paybill payments
[ 2026-05-27 15:12:10,371] 174 root - INFO - Data transformation complete
[ 2026-05-27 15:12:10,371] 49 root - INFO - Started Regular Expression mapping
[ 2026-05-27 15:12:10,371] 174 root - INFO - Data transformation complete
[ 2026-05-27 15:12:10,371] 49 root - INFO - Started Regular Expression mapping
[ 2026-05-27 15:12:10,372] 174 root - INFO - Data transformation complete
[ 2026-05-27 15:12:10,372] 49 root - INFO - Started Regular Expression mapping
[ 2026-05-27 15:12:10,372] 174 root - INFO - Data transformation complete
[ 2026-05-27 15:12:10,372] 49 root - INFO - Started Regular Expression mapping
[ 2026-05-27 15:12:10,372] 25 root - INFO - Match heuristic business names to paybill payments
[ 2026-05-27 15:12:10,372] 174 root - INFO - Data transformation complete
[ 2026-05-27 15:12:10,373] 49 root - INFO - Started Regular Expression mapping
[ 2026-05-27 15:12:10,373] 174 root - INFO - Data transformation complete
[ 2026-05-27 15:12:10,373] 49 root - INFO - Started Regular Expression mapping
[ 2026-05-27 15:12:10,374] 25 root - INFO - Match heuristic business names to paybill payments
[ 2026-05-27 15:12:10,374] 174 root - INFO - Data transformation complete
[ 2026-05-27 15:12:10,374] 49 root - INFO - Started Regular Expression mapping
[ 2026-05-27 15:12:10,374] 174 root - INFO - Data transformation complete
[ 2026-05-27 15:12:10,374] 49 root - INFO - Started Regular Expression mapping
[ 2026-05-27 15:12:10,375] 25 root - INFO - Match heuristic business names to paybill payments
[ 2026-05-27 15:12:10,375] 174 root - INFO - Data transformation complete
[ 2026-05-27 15:12:10,375] 49 root - INFO - Started Regular Expression mapping
[ 2026-05-27 15:12:10,375] 174 root - INFO - Data transformation complete
[ 2026-05-27 15:12:10,375] 49 root - INFO - Started Regular Expression mapping
[ 2026-05-27 15:12:10,375] 25 root - INFO - Match heuristic business names to paybill payments
[ 2026-05-27 15:12:10,376] 174 root - INFO - Data transformation complete
[ 2026-05-27 15:12:10,376] 49 root - INFO - Started Regular Expression mapping
[ 2026-05-27 15:12:10,376] 25 root - INFO - Match heuristic business names to paybill payments
[ 2026-05-27 15:12:10,376] 174 root - INFO - Data transformation complete
[ 2026-05-27 15:12:10,376] 49 root - INFO - Started Regular Expression mapping
[ 2026-05-27 15:12:10,377] 25 root - INFO - Match heuristic business names to paybill payments
[ 2026-05-27 15:12:10,377] 174 root - INFO - Data transformation complete
[ 2026-05-27 15:12:10,377] 49 root - INFO - Started Regular Expression mapping
[ 2026-05-27 15:12:10,377] 174 root - INFO - Data transformation complete
[ 2026-05-27 15:12:10,377] 49 root - INFO - Started Regular Expression mapping
[ 2026-05-27 15:12:10,377] 174 root - INFO - Data transformation complete
[ 2026-05-27 15:12:10,378] 49 root - INFO - Started Regular Expression mapping
[ 2026-05-27 15:12:10,378] 25 root - INFO - Match heuristic business names to paybill payments
[ 2026-05-27 15:12:10,378] 174 root - INFO - Data transformation complete
[ 2026-05-27 15:12:10,378] 49 root - INFO - Started Regular Expression mapping
[ 2026-05-27 15:12:10,378] 174 root - INFO - Data transformation complete
[ 2026-05-27 15:12:10,379] 49 root - INFO - Started Regular Expression mapping
[ 2026-05-27 15:12:10,379] 174 root - INFO - Data transformation complete
[ 2026-05-27 15:12:10,379] 49 root - INFO - Started Regular Expression mapping
[ 2026-05-27 15:12:10,379] 174 root - INFO - Data transformation complete
[ 2026-05-27 15:12:10,379] 49 root - INFO - Started Regular Expression mapping
[ 2026-05-27 15:12:10,380] 25 root - INFO - Match heuristic business names to paybill payments
[ 2026-05-27 15:12:10,380] 174 root - INFO - Data transformation complete
[ 2026-05-27 15:12:10,380] 49 root - INFO - Started Regular Expression mapping
[ 2026-05-27 15:12:10,380] 174 root - INFO - Data transformation complete
[ 2026-05-27 15:12:10,380] 49 root - INFO - Started Regular Expression mapping
[ 2026-05-27 15:12:10,381] 25 root - INFO - Match heuristic business names to paybill payments
[ 2026-05-27 15:12:10,381] 174 root - INFO - Data transformation complete
[ 2026-05-27 15:12:10,381] 49 root - INFO - Started Regular Expression mapping
[ 2026-05-27 15:12:10,381] 25 root - INFO - Match heuristic business names to paybill payments
[ 2026-05-27 15:12:10,381] 174 root - INFO - Data transformation complete
[ 2026-05-27 15:12:10,381] 49 root - INFO - Started Regular Expression mapping
[ 2026-05-27 15:12:10,382] 174 root - INFO - Data transformation complete
[ 2026-05-27 15:12:10,382] 49 root - INFO - Started Regular Expression mapping
[ 2026-05-27 15:12:10,382] 174 root - INFO - Data transformation complete
[ 2026-05-27 15:12:10,382] 49 root - INFO - Started Regular Expression mapping
[ 2026-05-27 15:12:10,383] 174 root - INFO - Data transformation complete
[ 2026-05-27 15:12:10,383] 49 root - INFO - Started Regular Expression mapping
[ 2026-05-27 15:12:10,383] 174 root - INFO - Data transformation complete
[ 2026-05-27 15:12:10,383] 49 root - INFO - Started Regular Expression mapping
[ 2026-05-27 15:12:10,384] 25 root - INFO - Match heuristic business names to paybill payments
[ 2026-05-27 15:12:10,384] 174 root - INFO - Data transformation complete
[ 2026-05-27 15:12:10,384] 49 root - INFO - Started Regular Expression mapping
[ 2026-05-27 15:12:10,384] 25 root - INFO - Match heuristic business names to paybill payments
[ 2026-05-27 15:12:10,385] 174 root - INFO - Data transformation complete
[ 2026-05-27 15:12:10,385] 49 root - INFO - Started Regular Expression mapping
[ 2026-05-27 15:12:10,385] 25 root - INFO - Match heuristic business names to paybill payments
[ 2026-05-27 15:12:10,385] 174 root - INFO - Data transformation complete
[ 2026-05-27 15:12:10,385] 49 root - INFO - Started Regular Expression mapping
[ 2026-05-27 15:12:10,385] 174 root - INFO - Data transformation complete
[ 2026-05-27 15:12:10,386] 49 root - INFO - Started Regular Expression mapping
[ 2026-05-27 15:12:10,386] 174 root - INFO - Data transformation complete
[ 2026-05-27 15:12:10,386] 49 root - INFO - Started Regular Expression mapping
[ 2026-05-27 15:12:10,386] 174 root - INFO - Data transformation complete
[ 2026-05-27 15:12:10,386] 49 root - INFO - Started Regular Expression mapping
[ 2026-05-27 15:12:10,387] 174 root - INFO - Data transformation complete
[ 2026-05-27 15:12:10,387] 49 root - INFO - Started Regular Expression mapping
[ 2026-05-27 15:12:10,387] 25 root - INFO - Match heuristic business names to paybill payments
[ 2026-05-27 15:12:10,387] 174 root - INFO - Data transformation complete
[ 2026-05-27 15:12:10,387] 49 root - INFO - Started Regular Expression mapping
[ 2026-05-27 15:12:10,388] 174 root - INFO - Data transformation complete
[ 2026-05-27 15:12:10,388] 49 root - INFO - Started Regular Expression mapping
[ 2026-05-27 15:12:10,388] 174 root - INFO - Data transformation complete
[ 2026-05-27 15:12:10,388] 49 root - INFO - Started Regular Expression mapping
[ 2026-05-27 15:12:10,388] 174 root - INFO - Data transformation complete
[ 2026-05-27 15:12:10,388] 49 root - INFO - Started Regular Expression mapping
[ 2026-05-27 15:12:10,389] 174 root - INFO - Data transformation complete
[ 2026-05-27 15:12:10,389] 49 root - INFO - Started Regular Expression mapping
[ 2026-05-27 15:12:10,389] 174 root - INFO - Data transformation complete
[ 2026-05-27 15:12:10,389] 49 root - INFO - Started Regular Expression mapping
[ 2026-05-27 15:12:10,389] 174 root - INFO - Data transformation complete
[ 2026-05-27 15:12:10,390] 49 root - INFO - Started Regular Expression mapping
[ 2026-05-27 15:12:10,390] 174 root - INFO - Data transformation complete
[ 2026-05-27 15:12:10,390] 49 root - INFO - Started Regular Expression mapping
[ 2026-05-27 15:12:10,390] 174 root - INFO - Data transformation complete
[ 2026-05-27 15:12:10,391] 49 root - INFO - Started Regular Expression mapping
[ 2026-05-27 15:12:10,391] 174 root - INFO - Data transformation complete
[ 2026-05-27 15:12:10,391] 49 root - INFO - Started Regular Expression mapping
[ 2026-05-27 15:12:10,391] 174 root - INFO - Data transformation complete
[ 2026-05-27 15:12:10,391] 49 root - INFO - Started Regular Expression mapping
[ 2026-05-27 15:12:10,392] 174 root - INFO - Data transformation complete
[ 2026-05-27 15:12:10,392] 49 root - INFO - Started Regular Expression mapping
[ 2026-05-27 15:12:10,392] 174 root - INFO - Data transformation complete
[ 2026-05-27 15:12:10,392] 49 root - INFO - Started Regular Expression mapping
[ 2026-05-27 15:12:10,392] 25 root - INFO - Match heuristic business names to paybill payments
[ 2026-05-27 15:12:10,392] 174 root - INFO - Data transformation complete
[ 2026-05-27 15:12:10,393] 49 root - INFO - Started Regular Expression mapping
[ 2026-05-27 15:12:10,393] 174 root - INFO - Data transformation complete
[ 2026-05-27 15:12:10,393] 49 root - INFO - Started Regular Expression mapping
[ 2026-05-27 15:12:10,394] 174 root - INFO - Data transformation complete
[ 2026-05-27 15:12:10,394] 49 root - INFO - Started Regular Expression mapping
[ 2026-05-27 15:12:10,394] 25 root - INFO - Match heuristic business names to paybill payments
[ 2026-05-27 15:12:10,394] 174 root - INFO - Data transformation complete
[ 2026-05-27 15:12:10,394] 49 root - INFO - Started Regular Expression mapping
[ 2026-05-27 15:12:10,395] 25 root - INFO - Match heuristic business names to paybill payments
[ 2026-05-27 15:12:10,395] 174 root - INFO - Data transformation complete
[ 2026-05-27 15:12:10,395] 49 root - INFO - Started Regular Expression mapping
[ 2026-05-27 15:12:10,395] 174 root - INFO - Data transformation complete
[ 2026-05-27 15:12:10,395] 49 root - INFO - Started Regular Expression mapping
[ 2026-05-27 15:12:10,395] 174 root - INFO - Data transformation complete
[ 2026-05-27 15:12:10,396] 49 root - INFO - Started Regular Expression mapping
[ 2026-05-27 15:12:10,396] 174 root - INFO - Data transformation complete
[ 2026-05-27 15:12:10,396] 49 root - INFO - Started Regular Expression mapping
[ 2026-05-27 15:12:10,396] 174 root - INFO - Data transformation complete
[ 2026-05-27 15:12:10,396] 49 root - INFO - Started Regular Expression mapping
[ 2026-05-27 15:12:10,397] 25 root - INFO - Match heuristic business names to paybill payments
[ 2026-05-27 15:12:10,397] 174 root - INFO - Data transformation complete
[ 2026-05-27 15:12:10,397] 49 root - INFO - Started Regular Expression mapping
[ 2026-05-27 15:12:10,397] 25 root - INFO - Match heuristic business names to paybill payments
[ 2026-05-27 15:12:10,397] 174 root - INFO - Data transformation complete
[ 2026-05-27 15:12:10,397] 49 root - INFO - Started Regular Expression mapping
[ 2026-05-27 15:12:10,398] 174 root - INFO - Data transformation complete
[ 2026-05-27 15:12:10,398] 49 root - INFO - Started Regular Expression mapping
[ 2026-05-27 15:12:10,398] 174 root - INFO - Data transformation complete
[ 2026-05-27 15:12:10,398] 49 root - INFO - Started Regular Expression mapping
[ 2026-05-27 15:12:10,398] 25 root - INFO - Match heuristic business names to paybill payments
[ 2026-05-27 15:12:10,399] 174 root - INFO - Data transformation complete
[ 2026-05-27 15:12:10,399] 49 root - INFO - Started Regular Expression mapping
[ 2026-05-27 15:12:10,399] 174 root - INFO - Data transformation complete
[ 2026-05-27 15:12:10,399] 49 root - INFO - Started Regular Expression mapping
[ 2026-05-27 15:12:10,399] 174 root - INFO - Data transformation complete
[ 2026-05-27 15:12:10,399] 49 root - INFO - Started Regular Expression mapping
[ 2026-05-27 15:12:10,400] 174 root - INFO - Data transformation complete
[ 2026-05-27 15:12:10,400] 49 root - INFO - Started Regular Expression mapping
[ 2026-05-27 15:12:10,400] 174 root - INFO - Data transformation complete
[ 2026-05-27 15:12:10,400] 49 root - INFO - Started Regular Expression mapping
[ 2026-05-27 15:12:10,400] 25 root - INFO - Match heuristic business names to paybill payments
[ 2026-05-27 15:12:10,401] 174 root - INFO - Data transformation complete
[ 2026-05-27 15:12:10,401] 49 root - INFO - Started Regular Expression mapping
[ 2026-05-27 15:12:10,401] 174 root - INFO - Data transformation complete
[ 2026-05-27 15:12:10,401] 49 root - INFO - Started Regular Expression mapping
[ 2026-05-27 15:12:10,401] 174 root - INFO - Data transformation complete
[ 2026-05-27 15:12:10,401] 49 root - INFO - Started Regular Expression mapping
[ 2026-05-27 15:12:10,402] 174 root - INFO - Data transformation complete
[ 2026-05-27 15:12:10,402] 49 root - INFO - Started Regular Expression mapping
[ 2026-05-27 15:12:10,402] 174 root - INFO - Data transformation complete
[ 2026-05-27 15:12:10,402] 49 root - INFO - Started Regular Expression mapping
[ 2026-05-27 15:12:10,402] 25 root - INFO - Match heuristic business names to paybill payments
[ 2026-05-27 15:12:10,403] 174 root - INFO - Data transformation complete
[ 2026-05-27 15:12:10,403] 49 root - INFO - Started Regular Expression mapping
[ 2026-05-27 15:12:10,403] 174 root - INFO - Data transformation complete
[ 2026-05-27 15:12:10,403] 49 root - INFO - Started Regular Expression mapping
[ 2026-05-27 15:12:10,403] 25 root - INFO - Match heuristic business names to paybill payments
[ 2026-05-27 15:12:10,404] 174 root - INFO - Data transformation complete
[ 2026-05-27 15:12:10,404] 49 root - INFO - Started Regular Expression mapping
[ 2026-05-27 15:12:10,404] 174 root - INFO - Data transformation complete
[ 2026-05-27 15:12:10,404] 49 root - INFO - Started Regular Expression mapping
[ 2026-05-27 15:12:10,404] 174 root - INFO - Data transformation complete
[ 2026-05-27 15:12:10,404] 49 root - INFO - Started Regular Expression mapping
[ 2026-05-27 15:12:10,405] 174 root - INFO - Data transformation complete
[ 2026-05-27 15:12:10,405] 49 root - INFO - Started Regular Expression mapping
[ 2026-05-27 15:12:10,405] 174 root - INFO - Data transformation complete
[ 2026-05-27 15:12:10,405] 49 root - INFO - Started Regular Expression mapping
[ 2026-05-27 15:12:10,405] 25 root - INFO - Match heuristic business names to paybill payments
[ 2026-05-27 15:12:10,406] 174 root - INFO - Data transformation complete
[ 2026-05-27 15:12:10,406] 49 root - INFO - Started Regular Expression mapping
[ 2026-05-27 15:12:10,406] 174 root - INFO - Data transformation complete
[ 2026-05-27 15:12:10,406] 49 root - INFO - Started Regular Expression mapping
[ 2026-05-27 15:12:10,406] 174 root - INFO - Data transformation complete
[ 2026-05-27 15:12:10,407] 49 root - INFO - Started Regular Expression mapping
[ 2026-05-27 15:12:10,407] 174 root - INFO - Data transformation complete
[ 2026-05-27 15:12:10,407] 49 root - INFO - Started Regular Expression mapping
[ 2026-05-27 15:12:10,407] 174 root - INFO - Data transformation complete
[ 2026-05-27 15:12:10,407] 49 root - INFO - Started Regular Expression mapping
[ 2026-05-27 15:12:10,408] 25 root - INFO - Match heuristic business names to paybill payments
[ 2026-05-27 15:12:10,408] 174 root - INFO - Data transformation complete
[ 2026-05-27 15:12:10,408] 49 root - INFO - Started Regular Expression mapping
[ 2026-05-27 15:12:10,408] 174 root - INFO - Data transformation complete
[ 2026-05-27 15:12:10,408] 49 root - INFO - Started Regular Expression mapping
[ 2026-05-27 15:12:10,409] 25 root - INFO - Match heuristic business names to paybill payments
[ 2026-05-27 15:12:10,409] 174 root - INFO - Data transformation complete
[ 2026-05-27 15:12:10,409] 49 root - INFO - Started Regular Expression mapping
[ 2026-05-27 15:12:10,410] 174 root - INFO - Data transformation complete
[ 2026-05-27 15:12:10,410] 49 root - INFO - Started Regular Expression mapping
[ 2026-05-27 15:12:10,410] 25 root - INFO - Match heuristic business names to paybill payments
[ 2026-05-27 15:12:10,410] 174 root - INFO - Data transformation complete
[ 2026-05-27 15:12:10,410] 49 root - INFO - Started Regular Expression mapping
[ 2026-05-27 15:12:10,411] 174 root - INFO - Data transformation complete
[ 2026-05-27 15:12:10,411] 49 root - INFO - Started Regular Expression mapping
[ 2026-05-27 15:12:10,411] 174 root - INFO - Data transformation complete
[ 2026-05-27 15:12:10,411] 49 root - INFO - Started Regular Expression mapping
[ 2026-05-27 15:12:10,411] 25 root - INFO - Match heuristic business names to paybill payments
[ 2026-05-27 15:12:10,411] 174 root - INFO - Data transformation complete
[ 2026-05-27 15:12:10,412] 49 root - INFO - Started Regular Expression mapping
[ 2026-05-27 15:12:10,412] 25 root - INFO - Match heuristic business names to paybill payments
[ 2026-05-27 15:12:10,412] 174 root - INFO - Data transformation complete
[ 2026-05-27 15:12:10,412] 49 root - INFO - Started Regular Expression mapping
[ 2026-05-27 15:12:10,412] 174 root - INFO - Data transformation complete
[ 2026-05-27 15:12:10,413] 49 root - INFO - Started Regular Expression mapping
[ 2026-05-27 15:12:10,413] 174 root - INFO - Data transformation complete
[ 2026-05-27 15:12:10,413] 49 root - INFO - Started Regular Expression mapping
[ 2026-05-27 15:12:10,413] 174 root - INFO - Data transformation complete
[ 2026-05-27 15:12:10,413] 49 root - INFO - Started Regular Expression mapping
[ 2026-05-27 15:12:10,414] 174 root - INFO - Data transformation complete
[ 2026-05-27 15:12:10,414] 49 root - INFO - Started Regular Expression mapping
[ 2026-05-27 15:12:10,414] 174 root - INFO - Data transformation complete
[ 2026-05-27 15:12:10,414] 49 root - INFO - Started Regular Expression mapping
[ 2026-05-27 15:12:10,414] 174 root - INFO - Data transformation complete
[ 2026-05-27 15:12:10,414] 49 root - INFO - Started Regular Expression mapping
[ 2026-05-27 15:12:10,415] 174 root - INFO - Data transformation complete
[ 2026-05-27 15:12:10,415] 49 root - INFO - Started Regular Expression mapping
[ 2026-05-27 15:12:10,415] 174 root - INFO - Data transformation complete
[ 2026-05-27 15:12:10,415] 49 root - INFO - Started Regular Expression mapping
[ 2026-05-27 15:12:10,415] 25 root - INFO - Match heuristic business names to paybill payments
[ 2026-05-27 15:12:10,416] 174 root - INFO - Data transformation complete
[ 2026-05-27 15:12:10,416] 49 root - INFO - Started Regular Expression mapping
[ 2026-05-27 15:12:10,416] 174 root - INFO - Data transformation complete
[ 2026-05-27 15:12:10,416] 49 root - INFO - Started Regular Expression mapping
[ 2026-05-27 15:12:10,416] 174 root - INFO - Data transformation complete
[ 2026-05-27 15:12:10,416] 49 root - INFO - Started Regular Expression mapping
[ 2026-05-27 15:12:10,417] 25 root - INFO - Match heuristic business names to paybill payments
[ 2026-05-27 15:12:10,417] 174 root - INFO - Data transformation complete
[ 2026-05-27 15:12:10,417] 49 root - INFO - Started Regular Expression mapping
[ 2026-05-27 15:12:10,417] 174 root - INFO - Data transformation complete
[ 2026-05-27 15:12:10,417] 49 root - INFO - Started Regular Expression mapping
[ 2026-05-27 15:12:10,418] 174 root - INFO - Data transformation complete
[ 2026-05-27 15:12:10,418] 49 root - INFO - Started Regular Expression mapping
[ 2026-05-27 15:12:10,418] 25 root - INFO - Match heuristic business names to paybill payments
[ 2026-05-27 15:12:10,418] 174 root - INFO - Data transformation complete
[ 2026-05-27 15:12:10,418] 49 root - INFO - Started Regular Expression mapping
[ 2026-05-27 15:12:10,419] 25 root - INFO - Match heuristic business names to paybill payments
[ 2026-05-27 15:12:10,419] 174 root - INFO - Data transformation complete
[ 2026-05-27 15:12:10,419] 49 root - INFO - Started Regular Expression mapping
[ 2026-05-27 15:12:10,419] 174 root - INFO - Data transformation complete
[ 2026-05-27 15:12:10,419] 49 root - INFO - Started Regular Expression mapping
[ 2026-05-27 15:12:10,419] 25 root - INFO - Match heuristic business names to paybill payments
[ 2026-05-27 15:12:10,420] 174 root - INFO - Data transformation complete
[ 2026-05-27 15:12:10,420] 49 root - INFO - Started Regular Expression mapping
[ 2026-05-27 15:12:10,420] 174 root - INFO - Data transformation complete
[ 2026-05-27 15:12:10,420] 49 root - INFO - Started Regular Expression mapping
[ 2026-05-27 15:12:10,420] 174 root - INFO - Data transformation complete
[ 2026-05-27 15:12:10,420] 49 root - INFO - Started Regular Expression mapping
[ 2026-05-27 15:12:10,421] 174 root - INFO - Data transformation complete
[ 2026-05-27 15:12:10,421] 49 root - INFO - Started Regular Expression mapping
[ 2026-05-27 15:12:10,421] 174 root - INFO - Data transformation complete
[ 2026-05-27 15:12:10,421] 49 root - INFO - Started Regular Expression mapping
[ 2026-05-27 15:12:10,421] 174 root - INFO - Data transformation complete
[ 2026-05-27 15:12:10,422] 49 root - INFO - Started Regular Expression mapping
[ 2026-05-27 15:12:10,422] 174 root - INFO - Data transformation complete
[ 2026-05-27 15:12:10,422] 49 root - INFO - Started Regular Expression mapping
[ 2026-05-27 15:12:10,422] 174 root - INFO - Data transformation complete
[ 2026-05-27 15:12:10,422] 49 root - INFO - Started Regular Expression mapping
[ 2026-05-27 15:12:10,423] 174 root - INFO - Data transformation complete
[ 2026-05-27 15:12:10,423] 49 root - INFO - Started Regular Expression mapping
[ 2026-05-27 15:12:10,423] 25 root - INFO - Match heuristic business names to paybill payments
[ 2026-05-27 15:12:10,424] 174 root - INFO - Data transformation complete
[ 2026-05-27 15:12:10,424] 49 root - INFO - Started Regular Expression mapping
[ 2026-05-27 15:12:10,424] 174 root - INFO - Data transformation complete
[ 2026-05-27 15:12:10,424] 49 root - INFO - Started Regular Expression mapping
[ 2026-05-27 15:12:10,424] 174 root - INFO - Data transformation complete
[ 2026-05-27 15:12:10,425] 49 root - INFO - Started Regular Expression mapping
[ 2026-05-27 15:12:10,425] 174 root - INFO - Data transformation complete
[ 2026-05-27 15:12:10,425] 49 root - INFO - Started Regular Expression mapping
[ 2026-05-27 15:12:10,425] 174 root - INFO - Data transformation complete
[ 2026-05-27 15:12:10,425] 49 root - INFO - Started Regular Expression mapping
[ 2026-05-27 15:12:10,425] 25 root - INFO - Match heuristic business names to paybill payments
[ 2026-05-27 15:12:10,425] 174 root - INFO - Data transformation complete
[ 2026-05-27 15:12:10,426] 49 root - INFO - Started Regular Expression mapping
[ 2026-05-27 15:12:10,426] 25 root - INFO - Match heuristic business names to paybill payments
[ 2026-05-27 15:12:10,426] 174 root - INFO - Data transformation complete
[ 2026-05-27 15:12:10,426] 49 root - INFO - Started Regular Expression mapping
[ 2026-05-27 15:12:10,426] 174 root - INFO - Data transformation complete
[ 2026-05-27 15:12:10,426] 49 root - INFO - Started Regular Expression mapping
[ 2026-05-27 15:12:10,427] 174 root - INFO - Data transformation complete
[ 2026-05-27 15:12:10,427] 49 root - INFO - Started Regular Expression mapping
[ 2026-05-27 15:12:10,427] 174 root - INFO - Data transformation complete
[ 2026-05-27 15:12:10,427] 49 root - INFO - Started Regular Expression mapping
[ 2026-05-27 15:12:10,427] 174 root - INFO - Data transformation complete
[ 2026-05-27 15:12:10,427] 49 root - INFO - Started Regular Expression mapping
[ 2026-05-27 15:12:10,427] 174 root - INFO - Data transformation complete
[ 2026-05-27 15:12:10,428] 49 root - INFO - Started Regular Expression mapping
[ 2026-05-27 15:12:10,428] 174 root - INFO - Data transformation complete
[ 2026-05-27 15:12:10,428] 49 root - INFO - Started Regular Expression mapping
[ 2026-05-27 15:12:10,428] 25 root - INFO - Match heuristic business names to paybill payments
[ 2026-05-27 15:12:10,428] 174 root - INFO - Data transformation complete
[ 2026-05-27 15:12:10,428] 49 root - INFO - Started Regular Expression mapping
[ 2026-05-27 15:12:10,429] 174 root - INFO - Data transformation complete
[ 2026-05-27 15:12:10,429] 49 root - INFO - Started Regular Expression mapping
[ 2026-05-27 15:12:10,429] 174 root - INFO - Data transformation complete
[ 2026-05-27 15:12:10,429] 49 root - INFO - Started Regular Expression mapping
[ 2026-05-27 15:12:10,429] 174 root - INFO - Data transformation complete
[ 2026-05-27 15:12:10,429] 49 root - INFO - Started Regular Expression mapping
[ 2026-05-27 15:12:10,429] 25 root - INFO - Match heuristic business names to paybill payments
[ 2026-05-27 15:12:10,430] 174 root - INFO - Data transformation complete
[ 2026-05-27 15:12:10,430] 49 root - INFO - Started Regular Expression mapping
[ 2026-05-27 15:12:10,430] 25 root - INFO - Match heuristic business names to paybill payments
[ 2026-05-27 15:12:10,430] 174 root - INFO - Data transformation complete
[ 2026-05-27 15:12:10,430] 49 root - INFO - Started Regular Expression mapping
[ 2026-05-27 15:12:10,430] 174 root - INFO - Data transformation complete
[ 2026-05-27 15:12:10,430] 49 root - INFO - Started Regular Expression mapping
[ 2026-05-27 15:12:10,431] 174 root - INFO - Data transformation complete
[ 2026-05-27 15:12:10,431] 49 root - INFO - Started Regular Expression mapping
[ 2026-05-27 15:12:10,431] 25 root - INFO - Match heuristic business names to paybill payments
[ 2026-05-27 15:12:10,431] 174 root - INFO - Data transformation complete
[ 2026-05-27 15:12:10,431] 49 root - INFO - Started Regular Expression mapping
[ 2026-05-27 15:12:10,431] 174 root - INFO - Data transformation complete
[ 2026-05-27 15:12:10,432] 49 root - INFO - Started Regular Expression mapping
[ 2026-05-27 15:12:10,432] 174 root - INFO - Data transformation complete
[ 2026-05-27 15:12:10,432] 49 root - INFO - Started Regular Expression mapping
[ 2026-05-27 15:12:10,432] 174 root - INFO - Data transformation complete
[ 2026-05-27 15:12:10,432] 49 root - INFO - Started Regular Expression mapping
[ 2026-05-27 15:12:10,432] 174 root - INFO - Data transformation complete
[ 2026-05-27 15:12:10,432] 49 root - INFO - Started Regular Expression mapping
[ 2026-05-27 15:12:10,433] 25 root - INFO - Match heuristic business names to paybill payments
[ 2026-05-27 15:12:10,433] 174 root - INFO - Data transformation complete
[ 2026-05-27 15:12:10,433] 49 root - INFO - Started Regular Expression mapping
[ 2026-05-27 15:12:10,433] 25 root - INFO - Match heuristic business names to paybill payments
[ 2026-05-27 15:12:10,433] 174 root - INFO - Data transformation complete
[ 2026-05-27 15:12:10,433] 49 root - INFO - Started Regular Expression mapping
[ 2026-05-27 15:12:10,434] 25 root - INFO - Match heuristic business names to paybill payments
[ 2026-05-27 15:12:10,434] 174 root - INFO - Data transformation complete
[ 2026-05-27 15:12:10,434] 49 root - INFO - Started Regular Expression mapping
[ 2026-05-27 15:12:10,434] 174 root - INFO - Data transformation complete
[ 2026-05-27 15:12:10,434] 49 root - INFO - Started Regular Expression mapping
[ 2026-05-27 15:12:10,434] 25 root - INFO - Match heuristic business names to paybill payments
[ 2026-05-27 15:12:10,434] 174 root - INFO - Data transformation complete
[ 2026-05-27 15:12:10,434] 49 root - INFO - Started Regular Expression mapping
[ 2026-05-27 15:12:10,435] 174 root - INFO - Data transformation complete
[ 2026-05-27 15:12:10,435] 49 root - INFO - Started Regular Expression mapping
[ 2026-05-27 15:12:10,435] 174 root - INFO - Data transformation complete
[ 2026-05-27 15:12:10,435] 49 root - INFO - Started Regular Expression mapping
[ 2026-05-27 15:12:10,435] 25 root - INFO - Match heuristic business names to paybill payments
[ 2026-05-27 15:12:10,435] 174 root - INFO - Data transformation complete
[ 2026-05-27 15:12:10,436] 49 root - INFO - Started Regular Expression mapping
[ 2026-05-27 15:12:10,436] 174 root - INFO - Data transformation complete
[ 2026-05-27 15:12:10,436] 49 root - INFO - Started Regular Expression mapping
[ 2026-05-27 15:12:10,436] 25 root - INFO - Match heuristic business names to paybill payments
[ 2026-05-27 15:12:10,436] 174 root - INFO - Data transformation complete
[ 2026-05-27 15:12:10,436] 49 root - INFO - Started Regular Expression mapping
[ 2026-05-27 15:12:10,437] 174 root - INFO - Data transformation complete
[ 2026-05-27 15:12:10,437] 49 root - INFO - Started Regular Expression mapping
[ 2026-05-27 15:12:10,437] 25 root - INFO - Match heuristic business names to paybill payments
[ 2026-05-27 15:12:10,437] 174 root - INFO - Data transformation complete
[ 2026-05-27 15:12:10,437] 49 root - INFO - Started Regular Expression mapping
[ 2026-05-27 15:12:10,437] 174 root - INFO - Data transformation complete
[ 2026-05-27 15:12:10,437] 49 root - INFO - Started Regular Expression mapping
[ 2026-05-27 15:12:10,438] 174 root - INFO - Data transformation complete
[ 2026-05-27 15:12:10,438] 49 root - INFO - Started Regular Expression mapping
[ 2026-05-27 15:12:10,438] 174 root - INFO - Data transformation complete
[ 2026-05-27 15:12:10,438] 49 root - INFO - Started Regular Expression mapping
[ 2026-05-27 15:12:10,438] 174 root - INFO - Data transformation complete
[ 2026-05-27 15:12:10,438] 49 root - INFO - Started Regular Expression mapping
[ 2026-05-27 15:12:10,439] 174 root - INFO - Data transformation complete
[ 2026-05-27 15:12:10,439] 49 root - INFO - Started Regular Expression mapping
[ 2026-05-27 15:12:10,439] 174 root - INFO - Data transformation complete
[ 2026-05-27 15:12:10,439] 49 root - INFO - Started Regular Expression mapping
[ 2026-05-27 15:12:10,439] 174 root - INFO - Data transformation complete
[ 2026-05-27 15:12:10,439] 49 root - INFO - Started Regular Expression mapping
[ 2026-05-27 15:12:10,439] 174 root - INFO - Data transformation complete
[ 2026-05-27 15:12:10,440] 49 root - INFO - Started Regular Expression mapping
[ 2026-05-27 15:12:10,440] 174 root - INFO - Data transformation complete
[ 2026-05-27 15:12:10,440] 49 root - INFO - Started Regular Expression mapping
[ 2026-05-27 15:12:10,440] 174 root - INFO - Data transformation complete
[ 2026-05-27 15:12:10,440] 49 root - INFO - Started Regular Expression mapping
[ 2026-05-27 15:12:10,440] 174 root - INFO - Data transformation complete
[ 2026-05-27 15:12:10,440] 49 root - INFO - Started Regular Expression mapping
[ 2026-05-27 15:12:10,441] 174 root - INFO - Data transformation complete
[ 2026-05-27 15:12:10,441] 49 root - INFO - Started Regular Expression mapping
[ 2026-05-27 15:12:10,441] 174 root - INFO - Data transformation complete
[ 2026-05-27 15:12:10,441] 49 root - INFO - Started Regular Expression mapping
[ 2026-05-27 15:12:10,441] 174 root - INFO - Data transformation complete
[ 2026-05-27 15:12:10,441] 49 root - INFO - Started Regular Expression mapping
[ 2026-05-27 15:12:10,442] 174 root - INFO - Data transformation complete
[ 2026-05-27 15:12:10,442] 49 root - INFO - Started Regular Expression mapping
[ 2026-05-27 15:12:10,442] 174 root - INFO - Data transformation complete
[ 2026-05-27 15:12:10,442] 49 root - INFO - Started Regular Expression mapping
[ 2026-05-27 15:12:10,442] 174 root - INFO - Data transformation complete
[ 2026-05-27 15:12:10,442] 49 root - INFO - Started Regular Expression mapping
[ 2026-05-27 15:12:10,443] 25 root - INFO - Match heuristic business names to paybill payments
[ 2026-05-27 15:12:10,443] 174 root - INFO - Data transformation complete
[ 2026-05-27 15:12:10,443] 49 root - INFO - Started Regular Expression mapping
[ 2026-05-27 15:12:10,443] 25 root - INFO - Match heuristic business names to paybill payments
[ 2026-05-27 15:12:10,443] 174 root - INFO - Data transformation complete
[ 2026-05-27 15:12:10,443] 49 root - INFO - Started Regular Expression mapping
[ 2026-05-27 15:12:10,443] 174 root - INFO - Data transformation complete
[ 2026-05-27 15:12:10,444] 49 root - INFO - Started Regular Expression mapping
[ 2026-05-27 15:12:10,444] 25 root - INFO - Match heuristic business names to paybill payments
[ 2026-05-27 15:12:10,444] 174 root - INFO - Data transformation complete
[ 2026-05-27 15:12:10,444] 49 root - INFO - Started Regular Expression mapping
[ 2026-05-27 15:12:10,444] 174 root - INFO - Data transformation complete
[ 2026-05-27 15:12:10,444] 49 root - INFO - Started Regular Expression mapping
[ 2026-05-27 15:12:10,444] 174 root - INFO - Data transformation complete
[ 2026-05-27 15:12:10,445] 49 root - INFO - Started Regular Expression mapping
[ 2026-05-27 15:12:10,445] 174 root - INFO - Data transformation complete
[ 2026-05-27 15:12:10,445] 49 root - INFO - Started Regular Expression mapping
[ 2026-05-27 15:12:10,445] 174 root - INFO - Data transformation complete
[ 2026-05-27 15:12:10,445] 49 root - INFO - Started Regular Expression mapping
[ 2026-05-27 15:12:10,445] 25 root - INFO - Match heuristic business names to paybill payments
[ 2026-05-27 15:12:10,446] 174 root - INFO - Data transformation complete
[ 2026-05-27 15:12:10,446] 49 root - INFO - Started Regular Expression mapping
[ 2026-05-27 15:12:10,446] 174 root - INFO - Data transformation complete
[ 2026-05-27 15:12:10,446] 49 root - INFO - Started Regular Expression mapping
[ 2026-05-27 15:12:10,446] 174 root - INFO - Data transformation complete
[ 2026-05-27 15:12:10,446] 49 root - INFO - Started Regular Expression mapping
[ 2026-05-27 15:12:10,447] 174 root - INFO - Data transformation complete
[ 2026-05-27 15:12:10,447] 49 root - INFO - Started Regular Expression mapping
[ 2026-05-27 15:12:10,447] 174 root - INFO - Data transformation complete
[ 2026-05-27 15:12:10,447] 49 root - INFO - Started Regular Expression mapping
[ 2026-05-27 15:12:10,447] 25 root - INFO - Match heuristic business names to paybill payments
[ 2026-05-27 15:12:10,447] 174 root - INFO - Data transformation complete
[ 2026-05-27 15:12:10,447] 49 root - INFO - Started Regular Expression mapping
[ 2026-05-27 15:12:10,448] 174 root - INFO - Data transformation complete
[ 2026-05-27 15:12:10,448] 49 root - INFO - Started Regular Expression mapping
[ 2026-05-27 15:12:10,448] 25 root - INFO - Match heuristic business names to paybill payments
[ 2026-05-27 15:12:10,448] 174 root - INFO - Data transformation complete
[ 2026-05-27 15:12:10,448] 49 root - INFO - Started Regular Expression mapping
[ 2026-05-27 15:12:10,448] 174 root - INFO - Data transformation complete
[ 2026-05-27 15:12:10,448] 49 root - INFO - Started Regular Expression mapping
[ 2026-05-27 15:12:10,449] 25 root - INFO - Match heuristic business names to paybill payments
[ 2026-05-27 15:12:10,449] 174 root - INFO - Data transformation complete
[ 2026-05-27 15:12:10,449] 49 root - INFO - Started Regular Expression mapping
[ 2026-05-27 15:12:10,449] 25 root - INFO - Match heuristic business names to paybill payments
[ 2026-05-27 15:12:10,449] 174 root - INFO - Data transformation complete
[ 2026-05-27 15:12:10,449] 49 root - INFO - Started Regular Expression mapping
[ 2026-05-27 15:12:10,449] 174 root - INFO - Data transformation complete
[ 2026-05-27 15:12:10,450] 49 root - INFO - Started Regular Expression mapping
[ 2026-05-27 15:12:10,450] 25 root - INFO - Match heuristic business names to paybill payments
[ 2026-05-27 15:12:10,450] 174 root - INFO - Data transformation complete
[ 2026-05-27 15:12:10,450] 49 root - INFO - Started Regular Expression mapping
[ 2026-05-27 15:12:10,450] 174 root - INFO - Data transformation complete
[ 2026-05-27 15:12:10,450] 49 root - INFO - Started Regular Expression mapping
[ 2026-05-27 15:12:10,451] 174 root - INFO - Data transformation complete
[ 2026-05-27 15:12:10,451] 49 root - INFO - Started Regular Expression mapping
[ 2026-05-27 15:12:10,451] 174 root - INFO - Data transformation complete
[ 2026-05-27 15:12:10,451] 49 root - INFO - Started Regular Expression mapping
[ 2026-05-27 15:12:10,451] 25 root - INFO - Match heuristic business names to paybill payments
[ 2026-05-27 15:12:10,451] 174 root - INFO - Data transformation complete
[ 2026-05-27 15:12:10,451] 49 root - INFO - Started Regular Expression mapping
[ 2026-05-27 15:12:10,452] 174 root - INFO - Data transformation complete
[ 2026-05-27 15:12:10,452] 49 root - INFO - Started Regular Expression mapping
[ 2026-05-27 15:12:10,452] 174 root - INFO - Data transformation complete
[ 2026-05-27 15:12:10,452] 49 root - INFO - Started Regular Expression mapping
[ 2026-05-27 15:12:10,452] 25 root - INFO - Match heuristic business names to paybill payments
[ 2026-05-27 15:12:10,452] 174 root - INFO - Data transformation complete
[ 2026-05-27 15:12:10,452] 49 root - INFO - Started Regular Expression mapping
[ 2026-05-27 15:12:10,453] 25 root - INFO - Match heuristic business names to paybill payments
[ 2026-05-27 15:12:10,453] 174 root - INFO - Data transformation complete
[ 2026-05-27 15:12:10,453] 49 root - INFO - Started Regular Expression mapping
[ 2026-05-27 15:12:10,453] 25 root - INFO - Match heuristic business names to paybill payments
[ 2026-05-27 15:12:10,453] 174 root - INFO - Data transformation complete
[ 2026-05-27 15:12:10,453] 49 root - INFO - Started Regular Expression mapping
[ 2026-05-27 15:12:10,454] 25 root - INFO - Match heuristic business names to paybill payments
[ 2026-05-27 15:12:10,454] 174 root - INFO - Data transformation complete
[ 2026-05-27 15:12:10,454] 49 root - INFO - Started Regular Expression mapping
[ 2026-05-27 15:12:10,454] 174 root - INFO - Data transformation complete
[ 2026-05-27 15:12:10,454] 49 root - INFO - Started Regular Expression mapping
[ 2026-05-27 15:12:10,454] 174 root - INFO - Data transformation complete
[ 2026-05-27 15:12:10,454] 49 root - INFO - Started Regular Expression mapping
[ 2026-05-27 15:12:10,455] 174 root - INFO - Data transformation complete
[ 2026-05-27 15:12:10,455] 49 root - INFO - Started Regular Expression mapping
[ 2026-05-27 15:12:10,455] 25 root - INFO - Match heuristic business names to paybill payments
[ 2026-05-27 15:12:10,455] 174 root - INFO - Data transformation complete
[ 2026-05-27 15:12:10,455] 49 root - INFO - Started Regular Expression mapping
[ 2026-05-27 15:12:10,455] 174 root - INFO - Data transformation complete
[ 2026-05-27 15:12:10,456] 49 root - INFO - Started Regular Expression mapping
[ 2026-05-27 15:12:10,456] 174 root - INFO - Data transformation complete
[ 2026-05-27 15:12:10,456] 49 root - INFO - Started Regular Expression mapping
[ 2026-05-27 15:12:10,456] 174 root - INFO - Data transformation complete
[ 2026-05-27 15:12:10,456] 49 root - INFO - Started Regular Expression mapping
[ 2026-05-27 15:12:10,456] 174 root - INFO - Data transformation complete
[ 2026-05-27 15:12:10,457] 49 root - INFO - Started Regular Expression mapping
[ 2026-05-27 15:12:10,457] 174 root - INFO - Data transformation complete
[ 2026-05-27 15:12:10,457] 49 root - INFO - Started Regular Expression mapping
[ 2026-05-27 15:12:10,457] 174 root - INFO - Data transformation complete
[ 2026-05-27 15:12:10,458] 49 root - INFO - Started Regular Expression mapping
[ 2026-05-27 15:12:10,458] 174 root - INFO - Data transformation complete
[ 2026-05-27 15:12:10,458] 49 root - INFO - Started Regular Expression mapping
[ 2026-05-27 15:12:10,458] 174 root - INFO - Data transformation complete
[ 2026-05-27 15:12:10,458] 49 root - INFO - Started Regular Expression mapping
[ 2026-05-27 15:12:10,459] 174 root - INFO - Data transformation complete
[ 2026-05-27 15:12:10,459] 49 root - INFO - Started Regular Expression mapping
[ 2026-05-27 15:12:10,459] 174 root - INFO - Data transformation complete
[ 2026-05-27 15:12:10,459] 49 root - INFO - Started Regular Expression mapping
[ 2026-05-27 15:12:10,459] 174 root - INFO - Data transformation complete
[ 2026-05-27 15:12:10,459] 49 root - INFO - Started Regular Expression mapping
[ 2026-05-27 15:12:10,459] 174 root - INFO - Data transformation complete
[ 2026-05-27 15:12:10,460] 49 root - INFO - Started Regular Expression mapping
[ 2026-05-27 15:12:10,460] 25 root - INFO - Match heuristic business names to paybill payments
[ 2026-05-27 15:12:10,460] 174 root - INFO - Data transformation complete
[ 2026-05-27 15:12:10,460] 49 root - INFO - Started Regular Expression mapping
[ 2026-05-27 15:12:10,460] 25 root - INFO - Match heuristic business names to paybill payments
[ 2026-05-27 15:12:10,460] 174 root - INFO - Data transformation complete
[ 2026-05-27 15:12:10,460] 49 root - INFO - Started Regular Expression mapping
[ 2026-05-27 15:12:10,461] 25 root - INFO - Match heuristic business names to paybill payments
[ 2026-05-27 15:12:10,461] 174 root - INFO - Data transformation complete
[ 2026-05-27 15:12:10,461] 49 root - INFO - Started Regular Expression mapping
[ 2026-05-27 15:12:10,461] 25 root - INFO - Match heuristic business names to paybill payments
[ 2026-05-27 15:12:10,461] 174 root - INFO - Data transformation complete
[ 2026-05-27 15:12:10,461] 49 root - INFO - Started Regular Expression mapping
[ 2026-05-27 15:12:10,462] 25 root - INFO - Match heuristic business names to paybill payments
[ 2026-05-27 15:12:10,462] 174 root - INFO - Data transformation complete
[ 2026-05-27 15:12:10,462] 49 root - INFO - Started Regular Expression mapping
[ 2026-05-27 15:12:10,462] 25 root - INFO - Match heuristic business names to paybill payments
[ 2026-05-27 15:12:10,462] 174 root - INFO - Data transformation complete
[ 2026-05-27 15:12:10,462] 49 root - INFO - Started Regular Expression mapping
[ 2026-05-27 15:12:10,462] 174 root - INFO - Data transformation complete
[ 2026-05-27 15:12:10,463] 49 root - INFO - Started Regular Expression mapping
[ 2026-05-27 15:12:10,463] 174 root - INFO - Data transformation complete
[ 2026-05-27 15:12:10,463] 49 root - INFO - Started Regular Expression mapping
[ 2026-05-27 15:12:10,463] 25 root - INFO - Match heuristic business names to paybill payments
[ 2026-05-27 15:12:10,463] 174 root - INFO - Data transformation complete
[ 2026-05-27 15:12:10,463] 49 root - INFO - Started Regular Expression mapping
[ 2026-05-27 15:12:10,463] 174 root - INFO - Data transformation complete
[ 2026-05-27 15:12:10,464] 49 root - INFO - Started Regular Expression mapping
[ 2026-05-27 15:12:10,464] 25 root - INFO - Match heuristic business names to paybill payments
[ 2026-05-27 15:12:10,464] 174 root - INFO - Data transformation complete
[ 2026-05-27 15:12:10,464] 49 root - INFO - Started Regular Expression mapping
[ 2026-05-27 15:12:10,464] 174 root - INFO - Data transformation complete
[ 2026-05-27 15:12:10,464] 49 root - INFO - Started Regular Expression mapping
[ 2026-05-27 15:12:10,465] 25 root - INFO - Match heuristic business names to paybill payments
[ 2026-05-27 15:12:10,465] 174 root - INFO - Data transformation complete
[ 2026-05-27 15:12:10,465] 49 root - INFO - Started Regular Expression mapping
[ 2026-05-27 15:12:10,465] 174 root - INFO - Data transformation complete
[ 2026-05-27 15:12:10,465] 49 root - INFO - Started Regular Expression mapping
[ 2026-05-27 15:12:10,465] 174 root - INFO - Data transformation complete
[ 2026-05-27 15:12:10,465] 49 root - INFO - Started Regular Expression mapping
[ 2026-05-27 15:12:10,466] 174 root - INFO - Data transformation complete
[ 2026-05-27 15:12:10,466] 49 root - INFO - Started Regular Expression mapping
[ 2026-05-27 15:12:10,466] 174 root - INFO - Data transformation complete
[ 2026-05-27 15:12:10,466] 49 root - INFO - Started Regular Expression mapping
[ 2026-05-27 15:12:10,466] 25 root - INFO - Match heuristic business names to paybill payments
[ 2026-05-27 15:12:10,466] 174 root - INFO - Data transformation complete
[ 2026-05-27 15:12:10,466] 49 root - INFO - Started Regular Expression mapping
[ 2026-05-27 15:12:10,467] 25 root - INFO - Match heuristic business names to paybill payments
[ 2026-05-27 15:12:10,467] 174 root - INFO - Data transformation complete
[ 2026-05-27 15:12:10,467] 49 root - INFO - Started Regular Expression mapping
[ 2026-05-27 15:12:10,467] 174 root - INFO - Data transformation complete
[ 2026-05-27 15:12:10,467] 49 root - INFO - Started Regular Expression mapping
[ 2026-05-27 15:12:10,467] 25 root - INFO - Match heuristic business names to paybill payments
[ 2026-05-27 15:12:10,468] 174 root - INFO - Data transformation complete
[ 2026-05-27 15:12:10,468] 49 root - INFO - Started Regular Expression mapping
[ 2026-05-27 15:12:10,468] 174 root - INFO - Data transformation complete
[ 2026-05-27 15:12:10,468] 49 root - INFO - Started Regular Expression mapping
[ 2026-05-27 15:12:10,468] 174 root - INFO - Data transformation complete
[ 2026-05-27 15:12:10,468] 49 root - INFO - Started Regular Expression mapping
[ 2026-05-27 15:12:10,468] 174 root - INFO - Data transformation complete
[ 2026-05-27 15:12:10,469] 49 root - INFO - Started Regular Expression mapping
[ 2026-05-27 15:12:10,469] 174 root - INFO - Data transformation complete
[ 2026-05-27 15:12:10,469] 49 root - INFO - Started Regular Expression mapping
[ 2026-05-27 15:12:10,469] 174 root - INFO - Data transformation complete
[ 2026-05-27 15:12:10,469] 49 root - INFO - Started Regular Expression mapping
[ 2026-05-27 15:12:10,469] 174 root - INFO - Data transformation complete
[ 2026-05-27 15:12:10,470] 49 root - INFO - Started Regular Expression mapping
[ 2026-05-27 15:12:10,470] 174 root - INFO - Data transformation complete
[ 2026-05-27 15:12:10,470] 49 root - INFO - Started Regular Expression mapping
[ 2026-05-27 15:12:10,470] 25 root - INFO - Match heuristic business names to paybill payments
[ 2026-05-27 15:12:10,470] 174 root - INFO - Data transformation complete
[ 2026-05-27 15:12:10,470] 49 root - INFO - Started Regular Expression mapping
[ 2026-05-27 15:12:10,470] 25 root - INFO - Match heuristic business names to paybill payments
[ 2026-05-27 15:12:10,471] 174 root - INFO - Data transformation complete
[ 2026-05-27 15:12:10,471] 49 root - INFO - Started Regular Expression mapping
[ 2026-05-27 15:12:10,471] 174 root - INFO - Data transformation complete
[ 2026-05-27 15:12:10,471] 49 root - INFO - Started Regular Expression mapping
[ 2026-05-27 15:12:10,471] 174 root - INFO - Data transformation complete
[ 2026-05-27 15:12:10,471] 49 root - INFO - Started Regular Expression mapping
[ 2026-05-27 15:12:10,472] 25 root - INFO - Match heuristic business names to paybill payments
[ 2026-05-27 15:12:10,472] 174 root - INFO - Data transformation complete
[ 2026-05-27 15:12:10,472] 49 root - INFO - Started Regular Expression mapping
[ 2026-05-27 15:12:10,472] 174 root - INFO - Data transformation complete
[ 2026-05-27 15:12:10,472] 49 root - INFO - Started Regular Expression mapping
[ 2026-05-27 15:12:10,472] 174 root - INFO - Data transformation complete
[ 2026-05-27 15:12:10,472] 49 root - INFO - Started Regular Expression mapping
[ 2026-05-27 15:12:10,473] 174 root - INFO - Data transformation complete
[ 2026-05-27 15:12:10,473] 49 root - INFO - Started Regular Expression mapping
[ 2026-05-27 15:12:10,473] 174 root - INFO - Data transformation complete
[ 2026-05-27 15:12:10,474] 49 root - INFO - Started Regular Expression mapping
[ 2026-05-27 15:12:10,474] 25 root - INFO - Match heuristic business names to paybill payments
[ 2026-05-27 15:12:10,474] 174 root - INFO - Data transformation complete
[ 2026-05-27 15:12:10,474] 49 root - INFO - Started Regular Expression mapping
[ 2026-05-27 15:12:10,474] 25 root - INFO - Match heuristic business names to paybill payments
[ 2026-05-27 15:12:10,475] 174 root - INFO - Data transformation complete
[ 2026-05-27 15:12:10,475] 49 root - INFO - Started Regular Expression mapping
[ 2026-05-27 15:12:10,475] 174 root - INFO - Data transformation complete
[ 2026-05-27 15:12:10,475] 49 root - INFO - Started Regular Expression mapping
[ 2026-05-27 15:12:10,475] 174 root - INFO - Data transformation complete
[ 2026-05-27 15:12:10,475] 49 root - INFO - Started Regular Expression mapping
[ 2026-05-27 15:12:10,475] 25 root - INFO - Match heuristic business names to paybill payments
[ 2026-05-27 15:12:10,476] 174 root - INFO - Data transformation complete
[ 2026-05-27 15:12:10,476] 49 root - INFO - Started Regular Expression mapping
[ 2026-05-27 15:12:10,476] 25 root - INFO - Match heuristic business names to paybill payments
[ 2026-05-27 15:12:10,476] 174 root - INFO - Data transformation complete
[ 2026-05-27 15:12:10,476] 49 root - INFO - Started Regular Expression mapping
[ 2026-05-27 15:12:10,476] 174 root - INFO - Data transformation complete
[ 2026-05-27 15:12:10,476] 49 root - INFO - Started Regular Expression mapping
[ 2026-05-27 15:12:10,477] 174 root - INFO - Data transformation complete
[ 2026-05-27 15:12:10,477] 49 root - INFO - Started Regular Expression mapping
[ 2026-05-27 15:12:10,477] 174 root - INFO - Data transformation complete
[ 2026-05-27 15:12:10,477] 49 root - INFO - Started Regular Expression mapping
[ 2026-05-27 15:12:10,477] 174 root - INFO - Data transformation complete
[ 2026-05-27 15:12:10,477] 49 root - INFO - Started Regular Expression mapping
[ 2026-05-27 15:12:10,478] 174 root - INFO - Data transformation complete
[ 2026-05-27 15:12:10,478] 49 root - INFO - Started Regular Expression mapping
[ 2026-05-27 15:12:10,478] 174 root - INFO - Data transformation complete
[ 2026-05-27 15:12:10,478] 49 root - INFO - Started Regular Expression mapping
[ 2026-05-27 15:12:10,478] 174 root - INFO - Data transformation complete
[ 2026-05-27 15:12:10,478] 49 root - INFO - Started Regular Expression mapping
[ 2026-05-27 15:12:10,479] 25 root - INFO - Match heuristic business names to paybill payments
[ 2026-05-27 15:12:10,479] 174 root - INFO - Data transformation complete
[ 2026-05-27 15:12:10,479] 49 root - INFO - Started Regular Expression mapping
[ 2026-05-27 15:12:10,479] 174 root - INFO - Data transformation complete
[ 2026-05-27 15:12:10,479] 49 root - INFO - Started Regular Expression mapping
[ 2026-05-27 15:12:10,479] 174 root - INFO - Data transformation complete
[ 2026-05-27 15:12:10,479] 49 root - INFO - Started Regular Expression mapping
[ 2026-05-27 15:12:10,480] 25 root - INFO - Match heuristic business names to paybill payments
[ 2026-05-27 15:12:10,480] 174 root - INFO - Data transformation complete
[ 2026-05-27 15:12:10,480] 49 root - INFO - Started Regular Expression mapping
[ 2026-05-27 15:12:10,480] 174 root - INFO - Data transformation complete
[ 2026-05-27 15:12:10,480] 49 root - INFO - Started Regular Expression mapping
[ 2026-05-27 15:12:10,480] 25 root - INFO - Match heuristic business names to paybill payments
[ 2026-05-27 15:12:10,480] 174 root - INFO - Data transformation complete
[ 2026-05-27 15:12:10,481] 49 root - INFO - Started Regular Expression mapping
[ 2026-05-27 15:12:10,481] 25 root - INFO - Match heuristic business names to paybill payments
[ 2026-05-27 15:12:10,481] 174 root - INFO - Data transformation complete
[ 2026-05-27 15:12:10,481] 49 root - INFO - Started Regular Expression mapping
[ 2026-05-27 15:12:10,481] 174 root - INFO - Data transformation complete
[ 2026-05-27 15:12:10,481] 49 root - INFO - Started Regular Expression mapping
[ 2026-05-27 15:12:10,482] 174 root - INFO - Data transformation complete
[ 2026-05-27 15:12:10,482] 49 root - INFO - Started Regular Expression mapping
[ 2026-05-27 15:12:10,482] 174 root - INFO - Data transformation complete
[ 2026-05-27 15:12:10,482] 49 root - INFO - Started Regular Expression mapping
[ 2026-05-27 15:12:10,482] 25 root - INFO - Match heuristic business names to paybill payments
[ 2026-05-27 15:12:10,482] 174 root - INFO - Data transformation complete
[ 2026-05-27 15:12:10,482] 49 root - INFO - Started Regular Expression mapping
[ 2026-05-27 15:12:10,483] 174 root - INFO - Data transformation complete
[ 2026-05-27 15:12:10,483] 49 root - INFO - Started Regular Expression mapping
[ 2026-05-27 15:12:10,483] 174 root - INFO - Data transformation complete
[ 2026-05-27 15:12:10,483] 49 root - INFO - Started Regular Expression mapping
[ 2026-05-27 15:12:10,483] 174 root - INFO - Data transformation complete
[ 2026-05-27 15:12:10,483] 49 root - INFO - Started Regular Expression mapping
[ 2026-05-27 15:12:10,484] 174 root - INFO - Data transformation complete
[ 2026-05-27 15:12:10,484] 49 root - INFO - Started Regular Expression mapping
[ 2026-05-27 15:12:10,484] 174 root - INFO - Data transformation complete
[ 2026-05-27 15:12:10,484] 49 root - INFO - Started Regular Expression mapping
[ 2026-05-27 15:12:10,484] 174 root - INFO - Data transformation complete
[ 2026-05-27 15:12:10,484] 49 root - INFO - Started Regular Expression mapping
[ 2026-05-27 15:12:10,485] 174 root - INFO - Data transformation complete
[ 2026-05-27 15:12:10,485] 49 root - INFO - Started Regular Expression mapping
[ 2026-05-27 15:12:10,485] 174 root - INFO - Data transformation complete
[ 2026-05-27 15:12:10,485] 49 root - INFO - Started Regular Expression mapping
[ 2026-05-27 15:12:10,485] 174 root - INFO - Data transformation complete
[ 2026-05-27 15:12:10,485] 49 root - INFO - Started Regular Expression mapping
[ 2026-05-27 15:12:10,485] 174 root - INFO - Data transformation complete
[ 2026-05-27 15:12:10,486] 49 root - INFO - Started Regular Expression mapping
[ 2026-05-27 15:12:10,486] 174 root - INFO - Data transformation complete
[ 2026-05-27 15:12:10,486] 49 root - INFO - Started Regular Expression mapping
[ 2026-05-27 15:12:10,486] 25 root - INFO - Match heuristic business names to paybill payments
[ 2026-05-27 15:12:10,486] 174 root - INFO - Data transformation complete
[ 2026-05-27 15:12:10,486] 49 root - INFO - Started Regular Expression mapping
[ 2026-05-27 15:12:10,487] 25 root - INFO - Match heuristic business names to paybill payments
[ 2026-05-27 15:12:10,487] 174 root - INFO - Data transformation complete
[ 2026-05-27 15:12:10,487] 49 root - INFO - Started Regular Expression mapping
[ 2026-05-27 15:12:10,487] 174 root - INFO - Data transformation complete
[ 2026-05-27 15:12:10,487] 49 root - INFO - Started Regular Expression mapping
[ 2026-05-27 15:12:10,487] 174 root - INFO - Data transformation complete
[ 2026-05-27 15:12:10,487] 49 root - INFO - Started Regular Expression mapping
[ 2026-05-27 15:12:10,488] 25 root - INFO - Match heuristic business names to paybill payments
[ 2026-05-27 15:12:10,488] 174 root - INFO - Data transformation complete
[ 2026-05-27 15:12:10,488] 49 root - INFO - Started Regular Expression mapping
[ 2026-05-27 15:12:10,488] 25 root - INFO - Match heuristic business names to paybill payments
[ 2026-05-27 15:12:10,488] 174 root - INFO - Data transformation complete
[ 2026-05-27 15:12:10,488] 49 root - INFO - Started Regular Expression mapping
[ 2026-05-27 15:12:10,488] 174 root - INFO - Data transformation complete
[ 2026-05-27 15:12:10,489] 49 root - INFO - Started Regular Expression mapping
[ 2026-05-27 15:12:10,489] 174 root - INFO - Data transformation complete
[ 2026-05-27 15:12:10,489] 49 root - INFO - Started Regular Expression mapping
[ 2026-05-27 15:12:10,489] 174 root - INFO - Data transformation complete
[ 2026-05-27 15:12:10,490] 49 root - INFO - Started Regular Expression mapping
[ 2026-05-27 15:12:10,490] 25 root - INFO - Match heuristic business names to paybill payments
[ 2026-05-27 15:12:10,490] 174 root - INFO - Data transformation complete
[ 2026-05-27 15:12:10,490] 49 root - INFO - Started Regular Expression mapping
[ 2026-05-27 15:12:10,491] 174 root - INFO - Data transformation complete
[ 2026-05-27 15:12:10,491] 49 root - INFO - Started Regular Expression mapping
[ 2026-05-27 15:12:10,491] 174 root - INFO - Data transformation complete
[ 2026-05-27 15:12:10,491] 49 root - INFO - Started Regular Expression mapping
[ 2026-05-27 15:12:10,491] 174 root - INFO - Data transformation complete
[ 2026-05-27 15:12:10,491] 49 root - INFO - Started Regular Expression mapping
[ 2026-05-27 15:12:10,492] 25 root - INFO - Match heuristic business names to paybill payments
[ 2026-05-27 15:12:10,492] 174 root - INFO - Data transformation complete
[ 2026-05-27 15:12:10,492] 49 root - INFO - Started Regular Expression mapping
[ 2026-05-27 15:12:10,492] 174 root - INFO - Data transformation complete
[ 2026-05-27 15:12:10,492] 49 root - INFO - Started Regular Expression mapping
[ 2026-05-27 15:12:10,492] 174 root - INFO - Data transformation complete
[ 2026-05-27 15:12:10,493] 49 root - INFO - Started Regular Expression mapping
[ 2026-05-27 15:12:10,493] 174 root - INFO - Data transformation complete
[ 2026-05-27 15:12:10,493] 49 root - INFO - Started Regular Expression mapping
[ 2026-05-27 15:12:10,493] 174 root - INFO - Data transformation complete
[ 2026-05-27 15:12:10,493] 49 root - INFO - Started Regular Expression mapping
[ 2026-05-27 15:12:10,493] 174 root - INFO - Data transformation complete
[ 2026-05-27 15:12:10,493] 49 root - INFO - Started Regular Expression mapping
[ 2026-05-27 15:12:10,494] 174 root - INFO - Data transformation complete
[ 2026-05-27 15:12:10,494] 49 root - INFO - Started Regular Expression mapping
[ 2026-05-27 15:12:10,494] 174 root - INFO - Data transformation complete
[ 2026-05-27 15:12:10,494] 49 root - INFO - Started Regular Expression mapping
[ 2026-05-27 15:12:10,494] 25 root - INFO - Match heuristic business names to paybill payments
[ 2026-05-27 15:12:10,494] 174 root - INFO - Data transformation complete
[ 2026-05-27 15:12:10,495] 49 root - INFO - Started Regular Expression mapping
[ 2026-05-27 15:12:10,495] 174 root - INFO - Data transformation complete
[ 2026-05-27 15:12:10,495] 49 root - INFO - Started Regular Expression mapping
[ 2026-05-27 15:12:10,495] 174 root - INFO - Data transformation complete
[ 2026-05-27 15:12:10,495] 49 root - INFO - Started Regular Expression mapping
[ 2026-05-27 15:12:10,495] 174 root - INFO - Data transformation complete
[ 2026-05-27 15:12:10,495] 49 root - INFO - Started Regular Expression mapping
[ 2026-05-27 15:12:10,496] 174 root - INFO - Data transformation complete
[ 2026-05-27 15:12:10,496] 49 root - INFO - Started Regular Expression mapping
[ 2026-05-27 15:12:10,496] 25 root - INFO - Match heuristic business names to paybill payments
[ 2026-05-27 15:12:10,496] 174 root - INFO - Data transformation complete
[ 2026-05-27 15:12:10,496] 49 root - INFO - Started Regular Expression mapping
[ 2026-05-27 15:12:10,496] 174 root - INFO - Data transformation complete
[ 2026-05-27 15:12:10,497] 49 root - INFO - Started Regular Expression mapping
[ 2026-05-27 15:12:10,497] 174 root - INFO - Data transformation complete
[ 2026-05-27 15:12:10,497] 49 root - INFO - Started Regular Expression mapping
[ 2026-05-27 15:12:10,497] 174 root - INFO - Data transformation complete
[ 2026-05-27 15:12:10,497] 49 root - INFO - Started Regular Expression mapping
[ 2026-05-27 15:12:10,497] 174 root - INFO - Data transformation complete
[ 2026-05-27 15:12:10,497] 49 root - INFO - Started Regular Expression mapping
[ 2026-05-27 15:12:10,498] 174 root - INFO - Data transformation complete
[ 2026-05-27 15:12:10,498] 49 root - INFO - Started Regular Expression mapping
[ 2026-05-27 15:12:10,498] 25 root - INFO - Match heuristic business names to paybill payments
[ 2026-05-27 15:12:10,498] 174 root - INFO - Data transformation complete
[ 2026-05-27 15:12:10,498] 49 root - INFO - Started Regular Expression mapping
[ 2026-05-27 15:12:10,498] 174 root - INFO - Data transformation complete
[ 2026-05-27 15:12:10,499] 49 root - INFO - Started Regular Expression mapping
[ 2026-05-27 15:12:10,499] 174 root - INFO - Data transformation complete
[ 2026-05-27 15:12:10,499] 49 root - INFO - Started Regular Expression mapping
[ 2026-05-27 15:12:10,499] 25 root - INFO - Match heuristic business names to paybill payments
[ 2026-05-27 15:12:10,499] 174 root - INFO - Data transformation complete
[ 2026-05-27 15:12:10,499] 49 root - INFO - Started Regular Expression mapping
[ 2026-05-27 15:12:10,500] 174 root - INFO - Data transformation complete
[ 2026-05-27 15:12:10,500] 49 root - INFO - Started Regular Expression mapping
[ 2026-05-27 15:12:10,500] 174 root - INFO - Data transformation complete
[ 2026-05-27 15:12:10,500] 49 root - INFO - Started Regular Expression mapping
[ 2026-05-27 15:12:10,500] 174 root - INFO - Data transformation complete
[ 2026-05-27 15:12:10,500] 49 root - INFO - Started Regular Expression mapping
[ 2026-05-27 15:12:10,500] 174 root - INFO - Data transformation complete
[ 2026-05-27 15:12:10,501] 49 root - INFO - Started Regular Expression mapping
[ 2026-05-27 15:12:10,501] 174 root - INFO - Data transformation complete
[ 2026-05-27 15:12:10,501] 49 root - INFO - Started Regular Expression mapping
[ 2026-05-27 15:12:10,501] 25 root - INFO - Match heuristic business names to paybill payments
[ 2026-05-27 15:12:10,501] 174 root - INFO - Data transformation complete
[ 2026-05-27 15:12:10,501] 49 root - INFO - Started Regular Expression mapping
[ 2026-05-27 15:12:10,502] 174 root - INFO - Data transformation complete
[ 2026-05-27 15:12:10,502] 49 root - INFO - Started Regular Expression mapping
[ 2026-05-27 15:12:10,502] 25 root - INFO - Match heuristic business names to paybill payments
[ 2026-05-27 15:12:10,502] 174 root - INFO - Data transformation complete
[ 2026-05-27 15:12:10,502] 49 root - INFO - Started Regular Expression mapping
[ 2026-05-27 15:12:10,502] 174 root - INFO - Data transformation complete
[ 2026-05-27 15:12:10,502] 49 root - INFO - Started Regular Expression mapping
[ 2026-05-27 15:12:10,503] 174 root - INFO - Data transformation complete
[ 2026-05-27 15:12:10,503] 49 root - INFO - Started Regular Expression mapping
[ 2026-05-27 15:12:10,503] 174 root - INFO - Data transformation complete
[ 2026-05-27 15:12:10,503] 49 root - INFO - Started Regular Expression mapping
[ 2026-05-27 15:12:10,503] 25 root - INFO - Match heuristic business names to paybill payments
[ 2026-05-27 15:12:10,503] 174 root - INFO - Data transformation complete
[ 2026-05-27 15:12:10,503] 49 root - INFO - Started Regular Expression mapping
[ 2026-05-27 15:12:10,504] 174 root - INFO - Data transformation complete
[ 2026-05-27 15:12:10,504] 49 root - INFO - Started Regular Expression mapping
[ 2026-05-27 15:12:10,504] 174 root - INFO - Data transformation complete
[ 2026-05-27 15:12:10,504] 49 root - INFO - Started Regular Expression mapping
[ 2026-05-27 15:12:10,504] 174 root - INFO - Data transformation complete
[ 2026-05-27 15:12:10,504] 49 root - INFO - Started Regular Expression mapping
[ 2026-05-27 15:12:10,505] 174 root - INFO - Data transformation complete
[ 2026-05-27 15:12:10,505] 49 root - INFO - Started Regular Expression mapping
[ 2026-05-27 15:12:10,505] 25 root - INFO - Match heuristic business names to paybill payments
[ 2026-05-27 15:12:10,505] 174 root - INFO - Data transformation complete
[ 2026-05-27 15:12:10,505] 49 root - INFO - Started Regular Expression mapping
[ 2026-05-27 15:12:10,505] 174 root - INFO - Data transformation complete
[ 2026-05-27 15:12:10,505] 49 root - INFO - Started Regular Expression mapping
[ 2026-05-27 15:12:10,506] 174 root - INFO - Data transformation complete
[ 2026-05-27 15:12:10,506] 49 root - INFO - Started Regular Expression mapping
[ 2026-05-27 15:12:10,506] 174 root - INFO - Data transformation complete
[ 2026-05-27 15:12:10,506] 49 root - INFO - Started Regular Expression mapping
[ 2026-05-27 15:12:10,506] 25 root - INFO - Match heuristic business names to paybill payments
[ 2026-05-27 15:12:10,507] 174 root - INFO - Data transformation complete
[ 2026-05-27 15:12:10,507] 49 root - INFO - Started Regular Expression mapping
[ 2026-05-27 15:12:10,507] 25 root - INFO - Match heuristic business names to paybill payments
[ 2026-05-27 15:12:10,507] 174 root - INFO - Data transformation complete
[ 2026-05-27 15:12:10,507] 49 root - INFO - Started Regular Expression mapping
[ 2026-05-27 15:12:10,507] 174 root - INFO - Data transformation complete
[ 2026-05-27 15:12:10,508] 49 root - INFO - Started Regular Expression mapping
[ 2026-05-27 15:12:10,508] 174 root - INFO - Data transformation complete
[ 2026-05-27 15:12:10,508] 49 root - INFO - Started Regular Expression mapping
[ 2026-05-27 15:12:10,508] 174 root - INFO - Data transformation complete
[ 2026-05-27 15:12:10,508] 49 root - INFO - Started Regular Expression mapping
[ 2026-05-27 15:12:10,508] 174 root - INFO - Data transformation complete
[ 2026-05-27 15:12:10,509] 49 root - INFO - Started Regular Expression mapping
[ 2026-05-27 15:12:10,509] 174 root - INFO - Data transformation complete
[ 2026-05-27 15:12:10,509] 49 root - INFO - Started Regular Expression mapping
[ 2026-05-27 15:12:10,509] 174 root - INFO - Data transformation complete
[ 2026-05-27 15:12:10,509] 49 root - INFO - Started Regular Expression mapping
[ 2026-05-27 15:12:10,509] 174 root - INFO - Data transformation complete
[ 2026-05-27 15:12:10,509] 49 root - INFO - Started Regular Expression mapping
[ 2026-05-27 15:12:10,510] 25 root - INFO - Match heuristic business names to paybill payments
[ 2026-05-27 15:12:10,510] 174 root - INFO - Data transformation complete
[ 2026-05-27 15:12:10,510] 49 root - INFO - Started Regular Expression mapping
[ 2026-05-27 15:12:10,510] 25 root - INFO - Match heuristic business names to paybill payments
[ 2026-05-27 15:12:10,510] 174 root - INFO - Data transformation complete
[ 2026-05-27 15:12:10,510] 49 root - INFO - Started Regular Expression mapping
[ 2026-05-27 15:12:10,511] 174 root - INFO - Data transformation complete
[ 2026-05-27 15:12:10,511] 49 root - INFO - Started Regular Expression mapping
[ 2026-05-27 15:12:10,511] 174 root - INFO - Data transformation complete
[ 2026-05-27 15:12:10,511] 49 root - INFO - Started Regular Expression mapping
[ 2026-05-27 15:12:10,511] 25 root - INFO - Match heuristic business names to paybill payments
[ 2026-05-27 15:12:10,511] 174 root - INFO - Data transformation complete
[ 2026-05-27 15:12:10,511] 49 root - INFO - Started Regular Expression mapping
[ 2026-05-27 15:12:10,512] 174 root - INFO - Data transformation complete
[ 2026-05-27 15:12:10,512] 49 root - INFO - Started Regular Expression mapping
[ 2026-05-27 15:12:10,512] 25 root - INFO - Match heuristic business names to paybill payments
[ 2026-05-27 15:12:10,512] 174 root - INFO - Data transformation complete
[ 2026-05-27 15:12:10,512] 49 root - INFO - Started Regular Expression mapping
[ 2026-05-27 15:12:10,512] 25 root - INFO - Match heuristic business names to paybill payments
[ 2026-05-27 15:12:10,512] 174 root - INFO - Data transformation complete
[ 2026-05-27 15:12:10,513] 49 root - INFO - Started Regular Expression mapping
[ 2026-05-27 15:12:10,513] 174 root - INFO - Data transformation complete
[ 2026-05-27 15:12:10,513] 49 root - INFO - Started Regular Expression mapping
[ 2026-05-27 15:12:10,513] 174 root - INFO - Data transformation complete
[ 2026-05-27 15:12:10,513] 49 root - INFO - Started Regular Expression mapping
[ 2026-05-27 15:12:10,513] 25 root - INFO - Match heuristic business names to paybill payments
[ 2026-05-27 15:12:10,514] 174 root - INFO - Data transformation complete
[ 2026-05-27 15:12:10,514] 49 root - INFO - Started Regular Expression mapping
[ 2026-05-27 15:12:10,514] 174 root - INFO - Data transformation complete
[ 2026-05-27 15:12:10,514] 49 root - INFO - Started Regular Expression mapping
[ 2026-05-27 15:12:10,514] 174 root - INFO - Data transformation complete
[ 2026-05-27 15:12:10,514] 49 root - INFO - Started Regular Expression mapping
[ 2026-05-27 15:12:10,515] 25 root - INFO - Match heuristic business names to paybill payments
[ 2026-05-27 15:12:10,515] 174 root - INFO - Data transformation complete
[ 2026-05-27 15:12:10,515] 49 root - INFO - Started Regular Expression mapping
[ 2026-05-27 15:12:10,515] 174 root - INFO - Data transformation complete
[ 2026-05-27 15:12:10,515] 49 root - INFO - Started Regular Expression mapping
[ 2026-05-27 15:12:10,515] 174 root - INFO - Data transformation complete
[ 2026-05-27 15:12:10,515] 49 root - INFO - Started Regular Expression mapping
[ 2026-05-27 15:12:10,516] 174 root - INFO - Data transformation complete
[ 2026-05-27 15:12:10,516] 49 root - INFO - Started Regular Expression mapping
[ 2026-05-27 15:12:10,516] 174 root - INFO - Data transformation complete
[ 2026-05-27 15:12:10,516] 49 root - INFO - Started Regular Expression mapping
[ 2026-05-27 15:12:10,516] 174 root - INFO - Data transformation complete
[ 2026-05-27 15:12:10,516] 49 root - INFO - Started Regular Expression mapping
[ 2026-05-27 15:12:10,517] 174 root - INFO - Data transformation complete
[ 2026-05-27 15:12:10,517] 49 root - INFO - Started Regular Expression mapping
[ 2026-05-27 15:12:10,517] 174 root - INFO - Data transformation complete
[ 2026-05-27 15:12:10,517] 49 root - INFO - Started Regular Expression mapping
[ 2026-05-27 15:12:10,517] 174 root - INFO - Data transformation complete
[ 2026-05-27 15:12:10,517] 49 root - INFO - Started Regular Expression mapping
[ 2026-05-27 15:12:10,518] 25 root - INFO - Match heuristic business names to paybill payments
[ 2026-05-27 15:12:10,518] 174 root - INFO - Data transformation complete
[ 2026-05-27 15:12:10,518] 49 root - INFO - Started Regular Expression mapping
[ 2026-05-27 15:12:10,518] 174 root - INFO - Data transformation complete
[ 2026-05-27 15:12:10,518] 49 root - INFO - Started Regular Expression mapping
[ 2026-05-27 15:12:10,518] 174 root - INFO - Data transformation complete
[ 2026-05-27 15:12:10,518] 49 root - INFO - Started Regular Expression mapping
[ 2026-05-27 15:12:10,519] 174 root - INFO - Data transformation complete
[ 2026-05-27 15:12:10,519] 49 root - INFO - Started Regular Expression mapping
[ 2026-05-27 15:12:10,519] 174 root - INFO - Data transformation complete
[ 2026-05-27 15:12:10,519] 49 root - INFO - Started Regular Expression mapping
[ 2026-05-27 15:12:10,519] 174 root - INFO - Data transformation complete
[ 2026-05-27 15:12:10,519] 49 root - INFO - Started Regular Expression mapping
[ 2026-05-27 15:12:10,520] 174 root - INFO - Data transformation complete
[ 2026-05-27 15:12:10,520] 49 root - INFO - Started Regular Expression mapping
[ 2026-05-27 15:12:10,520] 174 root - INFO - Data transformation complete
[ 2026-05-27 15:12:10,520] 49 root - INFO - Started Regular Expression mapping
[ 2026-05-27 15:12:10,520] 174 root - INFO - Data transformation complete
[ 2026-05-27 15:12:10,520] 49 root - INFO - Started Regular Expression mapping
[ 2026-05-27 15:12:10,520] 174 root - INFO - Data transformation complete
[ 2026-05-27 15:12:10,521] 49 root - INFO - Started Regular Expression mapping
[ 2026-05-27 15:12:10,521] 174 root - INFO - Data transformation complete
[ 2026-05-27 15:12:10,521] 49 root - INFO - Started Regular Expression mapping
[ 2026-05-27 15:12:10,521] 174 root - INFO - Data transformation complete
[ 2026-05-27 15:12:10,521] 49 root - INFO - Started Regular Expression mapping
[ 2026-05-27 15:12:10,522] 174 root - INFO - Data transformation complete
[ 2026-05-27 15:12:10,522] 49 root - INFO - Started Regular Expression mapping
[ 2026-05-27 15:12:10,522] 174 root - INFO - Data transformation complete
[ 2026-05-27 15:12:10,522] 49 root - INFO - Started Regular Expression mapping
[ 2026-05-27 15:12:10,522] 174 root - INFO - Data transformation complete
[ 2026-05-27 15:12:10,522] 49 root - INFO - Started Regular Expression mapping
[ 2026-05-27 15:12:10,523] 25 root - INFO - Match heuristic business names to paybill payments
[ 2026-05-27 15:12:10,523] 174 root - INFO - Data transformation complete
[ 2026-05-27 15:12:10,523] 49 root - INFO - Started Regular Expression mapping
[ 2026-05-27 15:12:10,523] 174 root - INFO - Data transformation complete
[ 2026-05-27 15:12:10,523] 49 root - INFO - Started Regular Expression mapping
[ 2026-05-27 15:12:10,524] 174 root - INFO - Data transformation complete
[ 2026-05-27 15:12:10,524] 49 root - INFO - Started Regular Expression mapping
[ 2026-05-27 15:12:10,524] 174 root - INFO - Data transformation complete
[ 2026-05-27 15:12:10,524] 49 root - INFO - Started Regular Expression mapping
[ 2026-05-27 15:12:10,524] 174 root - INFO - Data transformation complete
[ 2026-05-27 15:12:10,525] 49 root - INFO - Started Regular Expression mapping
[ 2026-05-27 15:12:10,525] 174 root - INFO - Data transformation complete
[ 2026-05-27 15:12:10,525] 49 root - INFO - Started Regular Expression mapping
[ 2026-05-27 15:12:10,525] 25 root - INFO - Match heuristic business names to paybill payments
[ 2026-05-27 15:12:10,525] 174 root - INFO - Data transformation complete
[ 2026-05-27 15:12:10,525] 49 root - INFO - Started Regular Expression mapping
[ 2026-05-27 15:12:10,526] 25 root - INFO - Match heuristic business names to paybill payments
[ 2026-05-27 15:12:10,526] 174 root - INFO - Data transformation complete
[ 2026-05-27 15:12:10,526] 49 root - INFO - Started Regular Expression mapping
[ 2026-05-27 15:12:10,526] 174 root - INFO - Data transformation complete
[ 2026-05-27 15:12:10,526] 49 root - INFO - Started Regular Expression mapping
[ 2026-05-27 15:12:10,526] 174 root - INFO - Data transformation complete
[ 2026-05-27 15:12:10,527] 49 root - INFO - Started Regular Expression mapping
[ 2026-05-27 15:12:10,527] 174 root - INFO - Data transformation complete
[ 2026-05-27 15:12:10,527] 49 root - INFO - Started Regular Expression mapping
[ 2026-05-27 15:12:10,527] 174 root - INFO - Data transformation complete
[ 2026-05-27 15:12:10,527] 49 root - INFO - Started Regular Expression mapping
[ 2026-05-27 15:12:10,528] 174 root - INFO - Data transformation complete
[ 2026-05-27 15:12:10,528] 49 root - INFO - Started Regular Expression mapping
[ 2026-05-27 15:12:10,528] 25 root - INFO - Match heuristic business names to paybill payments
[ 2026-05-27 15:12:10,528] 174 root - INFO - Data transformation complete
[ 2026-05-27 15:12:10,528] 49 root - INFO - Started Regular Expression mapping
[ 2026-05-27 15:12:10,528] 174 root - INFO - Data transformation complete
[ 2026-05-27 15:12:10,528] 49 root - INFO - Started Regular Expression mapping
[ 2026-05-27 15:12:10,529] 174 root - INFO - Data transformation complete
[ 2026-05-27 15:12:10,529] 49 root - INFO - Started Regular Expression mapping
[ 2026-05-27 15:12:10,529] 174 root - INFO - Data transformation complete
[ 2026-05-27 15:12:10,529] 49 root - INFO - Started Regular Expression mapping
[ 2026-05-27 15:12:10,529] 174 root - INFO - Data transformation complete
[ 2026-05-27 15:12:10,529] 49 root - INFO - Started Regular Expression mapping
[ 2026-05-27 15:12:10,529] 174 root - INFO - Data transformation complete
[ 2026-05-27 15:12:10,530] 49 root - INFO - Started Regular Expression mapping
[ 2026-05-27 15:12:10,530] 174 root - INFO - Data transformation complete
[ 2026-05-27 15:12:10,530] 49 root - INFO - Started Regular Expression mapping
[ 2026-05-27 15:12:10,530] 174 root - INFO - Data transformation complete
[ 2026-05-27 15:12:10,530] 49 root - INFO - Started Regular Expression mapping
[ 2026-05-27 15:12:10,530] 174 root - INFO - Data transformation complete
[ 2026-05-27 15:12:10,530] 49 root - INFO - Started Regular Expression mapping
[ 2026-05-27 15:12:10,531] 25 root - INFO - Match heuristic business names to paybill payments
[ 2026-05-27 15:12:10,531] 174 root - INFO - Data transformation complete
[ 2026-05-27 15:12:10,531] 49 root - INFO - Started Regular Expression mapping
[ 2026-05-27 15:12:10,531] 25 root - INFO - Match heuristic business names to paybill payments
[ 2026-05-27 15:12:10,531] 174 root - INFO - Data transformation complete
[ 2026-05-27 15:12:10,531] 49 root - INFO - Started Regular Expression mapping
[ 2026-05-27 15:12:10,532] 174 root - INFO - Data transformation complete
[ 2026-05-27 15:12:10,532] 49 root - INFO - Started Regular Expression mapping
[ 2026-05-27 15:12:10,532] 174 root - INFO - Data transformation complete
[ 2026-05-27 15:12:10,532] 49 root - INFO - Started Regular Expression mapping
[ 2026-05-27 15:12:10,532] 174 root - INFO - Data transformation complete
[ 2026-05-27 15:12:10,532] 49 root - INFO - Started Regular Expression mapping
[ 2026-05-27 15:12:10,532] 174 root - INFO - Data transformation complete
[ 2026-05-27 15:12:10,533] 49 root - INFO - Started Regular Expression mapping
[ 2026-05-27 15:12:10,533] 174 root - INFO - Data transformation complete
[ 2026-05-27 15:12:10,533] 49 root - INFO - Started Regular Expression mapping
[ 2026-05-27 15:12:10,533] 174 root - INFO - Data transformation complete
[ 2026-05-27 15:12:10,533] 49 root - INFO - Started Regular Expression mapping
[ 2026-05-27 15:12:10,533] 174 root - INFO - Data transformation complete
[ 2026-05-27 15:12:10,534] 49 root - INFO - Started Regular Expression mapping
[ 2026-05-27 15:12:10,534] 174 root - INFO - Data transformation complete
[ 2026-05-27 15:12:10,534] 49 root - INFO - Started Regular Expression mapping
[ 2026-05-27 15:12:10,534] 25 root - INFO - Match heuristic business names to paybill payments
[ 2026-05-27 15:12:10,534] 174 root - INFO - Data transformation complete
[ 2026-05-27 15:12:10,534] 49 root - INFO - Started Regular Expression mapping
[ 2026-05-27 15:12:10,534] 174 root - INFO - Data transformation complete
[ 2026-05-27 15:12:10,535] 49 root - INFO - Started Regular Expression mapping
[ 2026-05-27 15:12:10,535] 174 root - INFO - Data transformation complete
[ 2026-05-27 15:12:10,535] 49 root - INFO - Started Regular Expression mapping
[ 2026-05-27 15:12:10,535] 25 root - INFO - Match heuristic business names to paybill payments
[ 2026-05-27 15:12:10,535] 174 root - INFO - Data transformation complete
[ 2026-05-27 15:12:10,535] 49 root - INFO - Started Regular Expression mapping
[ 2026-05-27 15:12:10,536] 25 root - INFO - Match heuristic business names to paybill payments
[ 2026-05-27 15:12:10,536] 174 root - INFO - Data transformation complete
[ 2026-05-27 15:12:10,536] 49 root - INFO - Started Regular Expression mapping
[ 2026-05-27 15:12:10,536] 25 root - INFO - Match heuristic business names to paybill payments
[ 2026-05-27 15:12:10,536] 174 root - INFO - Data transformation complete
[ 2026-05-27 15:12:10,536] 49 root - INFO - Started Regular Expression mapping
[ 2026-05-27 15:12:10,536] 174 root - INFO - Data transformation complete
[ 2026-05-27 15:12:10,537] 49 root - INFO - Started Regular Expression mapping
[ 2026-05-27 15:12:10,537] 174 root - INFO - Data transformation complete
[ 2026-05-27 15:12:10,537] 49 root - INFO - Started Regular Expression mapping
[ 2026-05-27 15:12:10,537] 174 root - INFO - Data transformation complete
[ 2026-05-27 15:12:10,538] 49 root - INFO - Started Regular Expression mapping
[ 2026-05-27 15:12:10,538] 174 root - INFO - Data transformation complete
[ 2026-05-27 15:12:10,538] 49 root - INFO - Started Regular Expression mapping
[ 2026-05-27 15:12:10,538] 174 root - INFO - Data transformation complete
[ 2026-05-27 15:12:10,538] 49 root - INFO - Started Regular Expression mapping
[ 2026-05-27 15:12:10,539] 174 root - INFO - Data transformation complete
[ 2026-05-27 15:12:10,539] 49 root - INFO - Started Regular Expression mapping
[ 2026-05-27 15:12:10,539] 174 root - INFO - Data transformation complete
[ 2026-05-27 15:12:10,539] 49 root - INFO - Started Regular Expression mapping
[ 2026-05-27 15:12:10,539] 25 root - INFO - Match heuristic business names to paybill payments
[ 2026-05-27 15:12:10,539] 174 root - INFO - Data transformation complete
[ 2026-05-27 15:12:10,540] 49 root - INFO - Started Regular Expression mapping
[ 2026-05-27 15:12:10,540] 174 root - INFO - Data transformation complete
[ 2026-05-27 15:12:10,540] 49 root - INFO - Started Regular Expression mapping
[ 2026-05-27 15:12:10,540] 174 root - INFO - Data transformation complete
[ 2026-05-27 15:12:10,540] 49 root - INFO - Started Regular Expression mapping
[ 2026-05-27 15:12:10,541] 174 root - INFO - Data transformation complete
[ 2026-05-27 15:12:10,541] 49 root - INFO - Started Regular Expression mapping
[ 2026-05-27 15:12:10,541] 174 root - INFO - Data transformation complete
[ 2026-05-27 15:12:10,541] 49 root - INFO - Started Regular Expression mapping
[ 2026-05-27 15:12:10,541] 174 root - INFO - Data transformation complete
[ 2026-05-27 15:12:10,542] 49 root - INFO - Started Regular Expression mapping
[ 2026-05-27 15:12:10,542] 174 root - INFO - Data transformation complete
[ 2026-05-27 15:12:10,542] 49 root - INFO - Started Regular Expression mapping
[ 2026-05-27 15:12:10,542] 25 root - INFO - Match heuristic business names to paybill payments
[ 2026-05-27 15:12:10,542] 174 root - INFO - Data transformation complete
[ 2026-05-27 15:12:10,542] 49 root - INFO - Started Regular Expression mapping
[ 2026-05-27 15:12:10,542] 174 root - INFO - Data transformation complete
[ 2026-05-27 15:12:10,543] 49 root - INFO - Started Regular Expression mapping
[ 2026-05-27 15:12:10,543] 174 root - INFO - Data transformation complete
[ 2026-05-27 15:12:10,543] 49 root - INFO - Started Regular Expression mapping
[ 2026-05-27 15:12:10,543] 25 root - INFO - Match heuristic business names to paybill payments
[ 2026-05-27 15:12:10,543] 174 root - INFO - Data transformation complete
[ 2026-05-27 15:12:10,543] 49 root - INFO - Started Regular Expression mapping
[ 2026-05-27 15:12:10,544] 174 root - INFO - Data transformation complete
[ 2026-05-27 15:12:10,544] 49 root - INFO - Started Regular Expression mapping
[ 2026-05-27 15:12:10,544] 174 root - INFO - Data transformation complete
[ 2026-05-27 15:12:10,544] 49 root - INFO - Started Regular Expression mapping
[ 2026-05-27 15:12:10,544] 174 root - INFO - Data transformation complete
[ 2026-05-27 15:12:10,544] 49 root - INFO - Started Regular Expression mapping
[ 2026-05-27 15:12:10,545] 174 root - INFO - Data transformation complete
[ 2026-05-27 15:12:10,545] 49 root - INFO - Started Regular Expression mapping
[ 2026-05-27 15:12:10,545] 25 root - INFO - Match heuristic business names to paybill payments
[ 2026-05-27 15:12:10,545] 174 root - INFO - Data transformation complete
[ 2026-05-27 15:12:10,545] 49 root - INFO - Started Regular Expression mapping
[ 2026-05-27 15:12:10,545] 174 root - INFO - Data transformation complete
[ 2026-05-27 15:12:10,545] 49 root - INFO - Started Regular Expression mapping
[ 2026-05-27 15:12:10,546] 174 root - INFO - Data transformation complete
[ 2026-05-27 15:12:10,546] 49 root - INFO - Started Regular Expression mapping
[ 2026-05-27 15:12:10,546] 174 root - INFO - Data transformation complete
[ 2026-05-27 15:12:10,546] 49 root - INFO - Started Regular Expression mapping
[ 2026-05-27 15:12:10,546] 174 root - INFO - Data transformation complete
[ 2026-05-27 15:12:10,546] 49 root - INFO - Started Regular Expression mapping
[ 2026-05-27 15:12:10,547] 174 root - INFO - Data transformation complete
[ 2026-05-27 15:12:10,547] 49 root - INFO - Started Regular Expression mapping
[ 2026-05-27 15:12:10,547] 174 root - INFO - Data transformation complete
[ 2026-05-27 15:12:10,547] 49 root - INFO - Started Regular Expression mapping
[ 2026-05-27 15:12:10,547] 174 root - INFO - Data transformation complete
[ 2026-05-27 15:12:10,547] 49 root - INFO - Started Regular Expression mapping
[ 2026-05-27 15:12:10,547] 174 root - INFO - Data transformation complete
[ 2026-05-27 15:12:10,548] 49 root - INFO - Started Regular Expression mapping
[ 2026-05-27 15:12:10,548] 174 root - INFO - Data transformation complete
[ 2026-05-27 15:12:10,548] 49 root - INFO - Started Regular Expression mapping
[ 2026-05-27 15:12:10,548] 174 root - INFO - Data transformation complete
[ 2026-05-27 15:12:10,548] 49 root - INFO - Started Regular Expression mapping
[ 2026-05-27 15:12:10,548] 25 root - INFO - Match heuristic business names to paybill payments
[ 2026-05-27 15:12:10,549] 174 root - INFO - Data transformation complete
[ 2026-05-27 15:12:10,549] 49 root - INFO - Started Regular Expression mapping
[ 2026-05-27 15:12:10,549] 25 root - INFO - Match heuristic business names to paybill payments
[ 2026-05-27 15:12:10,549] 174 root - INFO - Data transformation complete
[ 2026-05-27 15:12:10,549] 49 root - INFO - Started Regular Expression mapping
[ 2026-05-27 15:12:10,549] 174 root - INFO - Data transformation complete
[ 2026-05-27 15:12:10,549] 49 root - INFO - Started Regular Expression mapping
[ 2026-05-27 15:12:10,550] 174 root - INFO - Data transformation complete
[ 2026-05-27 15:12:10,550] 49 root - INFO - Started Regular Expression mapping
[ 2026-05-27 15:12:10,550] 174 root - INFO - Data transformation complete
[ 2026-05-27 15:12:10,550] 49 root - INFO - Started Regular Expression mapping
[ 2026-05-27 15:12:10,550] 174 root - INFO - Data transformation complete
[ 2026-05-27 15:12:10,550] 49 root - INFO - Started Regular Expression mapping
[ 2026-05-27 15:12:10,551] 174 root - INFO - Data transformation complete
[ 2026-05-27 15:12:10,551] 49 root - INFO - Started Regular Expression mapping
[ 2026-05-27 15:12:10,551] 174 root - INFO - Data transformation complete
[ 2026-05-27 15:12:10,551] 49 root - INFO - Started Regular Expression mapping
[ 2026-05-27 15:12:10,551] 174 root - INFO - Data transformation complete
[ 2026-05-27 15:12:10,551] 49 root - INFO - Started Regular Expression mapping
[ 2026-05-27 15:12:10,551] 174 root - INFO - Data transformation complete
[ 2026-05-27 15:12:10,552] 49 root - INFO - Started Regular Expression mapping
[ 2026-05-27 15:12:10,552] 174 root - INFO - Data transformation complete
[ 2026-05-27 15:12:10,552] 49 root - INFO - Started Regular Expression mapping
[ 2026-05-27 15:12:10,552] 174 root - INFO - Data transformation complete
[ 2026-05-27 15:12:10,552] 49 root - INFO - Started Regular Expression mapping
[ 2026-05-27 15:12:10,552] 174 root - INFO - Data transformation complete
[ 2026-05-27 15:12:10,552] 49 root - INFO - Started Regular Expression mapping
[ 2026-05-27 15:12:10,553] 174 root - INFO - Data transformation complete
[ 2026-05-27 15:12:10,553] 49 root - INFO - Started Regular Expression mapping
[ 2026-05-27 15:12:10,553] 174 root - INFO - Data transformation complete
[ 2026-05-27 15:12:10,553] 49 root - INFO - Started Regular Expression mapping
[ 2026-05-27 15:12:10,553] 174 root - INFO - Data transformation complete
[ 2026-05-27 15:12:10,553] 49 root - INFO - Started Regular Expression mapping
[ 2026-05-27 15:12:10,554] 174 root - INFO - Data transformation complete
[ 2026-05-27 15:12:10,554] 49 root - INFO - Started Regular Expression mapping
[ 2026-05-27 15:12:10,554] 174 root - INFO - Data transformation complete
[ 2026-05-27 15:12:10,554] 49 root - INFO - Started Regular Expression mapping
[ 2026-05-27 15:12:10,554] 25 root - INFO - Match heuristic business names to paybill payments
[ 2026-05-27 15:12:10,554] 174 root - INFO - Data transformation complete
[ 2026-05-27 15:12:10,555] 49 root - INFO - Started Regular Expression mapping
[ 2026-05-27 15:12:10,555] 25 root - INFO - Match heuristic business names to paybill payments
[ 2026-05-27 15:12:10,555] 174 root - INFO - Data transformation complete
[ 2026-05-27 15:12:10,555] 49 root - INFO - Started Regular Expression mapping
[ 2026-05-27 15:12:10,555] 174 root - INFO - Data transformation complete
[ 2026-05-27 15:12:10,555] 49 root - INFO - Started Regular Expression mapping
[ 2026-05-27 15:12:10,555] 25 root - INFO - Match heuristic business names to paybill payments
[ 2026-05-27 15:12:10,556] 174 root - INFO - Data transformation complete
[ 2026-05-27 15:12:10,556] 49 root - INFO - Started Regular Expression mapping
[ 2026-05-27 15:12:10,556] 25 root - INFO - Match heuristic business names to paybill payments
[ 2026-05-27 15:12:10,556] 174 root - INFO - Data transformation complete
[ 2026-05-27 15:12:10,556] 49 root - INFO - Started Regular Expression mapping
[ 2026-05-27 15:12:10,556] 25 root - INFO - Match heuristic business names to paybill payments
[ 2026-05-27 15:12:10,556] 174 root - INFO - Data transformation complete
[ 2026-05-27 15:12:10,557] 49 root - INFO - Started Regular Expression mapping
[ 2026-05-27 15:12:10,557] 174 root - INFO - Data transformation complete
[ 2026-05-27 15:12:10,557] 49 root - INFO - Started Regular Expression mapping
[ 2026-05-27 15:12:10,557] 174 root - INFO - Data transformation complete
[ 2026-05-27 15:12:10,557] 49 root - INFO - Started Regular Expression mapping
[ 2026-05-27 15:12:10,557] 174 root - INFO - Data transformation complete
[ 2026-05-27 15:12:10,558] 49 root - INFO - Started Regular Expression mapping
[ 2026-05-27 15:12:10,558] 174 root - INFO - Data transformation complete
[ 2026-05-27 15:12:10,558] 49 root - INFO - Started Regular Expression mapping
[ 2026-05-27 15:12:10,558] 25 root - INFO - Match heuristic business names to paybill payments
[ 2026-05-27 15:12:10,558] 174 root - INFO - Data transformation complete
[ 2026-05-27 15:12:10,558] 49 root - INFO - Started Regular Expression mapping
[ 2026-05-27 15:12:10,558] 174 root - INFO - Data transformation complete
[ 2026-05-27 15:12:10,559] 49 root - INFO - Started Regular Expression mapping
[ 2026-05-27 15:12:10,559] 174 root - INFO - Data transformation complete
[ 2026-05-27 15:12:10,559] 49 root - INFO - Started Regular Expression mapping
[ 2026-05-27 15:12:10,559] 25 root - INFO - Match heuristic business names to paybill payments
[ 2026-05-27 15:12:10,559] 174 root - INFO - Data transformation complete
[ 2026-05-27 15:12:10,559] 49 root - INFO - Started Regular Expression mapping
[ 2026-05-27 15:12:10,560] 174 root - INFO - Data transformation complete
[ 2026-05-27 15:12:10,560] 49 root - INFO - Started Regular Expression mapping
[ 2026-05-27 15:12:10,560] 25 root - INFO - Match heuristic business names to paybill payments
[ 2026-05-27 15:12:10,560] 174 root - INFO - Data transformation complete
[ 2026-05-27 15:12:10,560] 49 root - INFO - Started Regular Expression mapping
[ 2026-05-27 15:12:10,560] 174 root - INFO - Data transformation complete
[ 2026-05-27 15:12:10,561] 49 root - INFO - Started Regular Expression mapping
[ 2026-05-27 15:12:10,561] 174 root - INFO - Data transformation complete
[ 2026-05-27 15:12:10,561] 49 root - INFO - Started Regular Expression mapping
[ 2026-05-27 15:12:10,561] 174 root - INFO - Data transformation complete
[ 2026-05-27 15:12:10,561] 49 root - INFO - Started Regular Expression mapping
[ 2026-05-27 15:12:10,561] 174 root - INFO - Data transformation complete
[ 2026-05-27 15:12:10,562] 49 root - INFO - Started Regular Expression mapping
[ 2026-05-27 15:12:10,562] 174 root - INFO - Data transformation complete
[ 2026-05-27 15:12:10,562] 49 root - INFO - Started Regular Expression mapping
[ 2026-05-27 15:12:10,562] 174 root - INFO - Data transformation complete
[ 2026-05-27 15:12:10,562] 49 root - INFO - Started Regular Expression mapping
[ 2026-05-27 15:12:10,562] 25 root - INFO - Match heuristic business names to paybill payments
[ 2026-05-27 15:12:10,562] 174 root - INFO - Data transformation complete
[ 2026-05-27 15:12:10,563] 49 root - INFO - Started Regular Expression mapping
[ 2026-05-27 15:12:10,563] 174 root - INFO - Data transformation complete
[ 2026-05-27 15:12:10,563] 49 root - INFO - Started Regular Expression mapping
[ 2026-05-27 15:12:10,563] 174 root - INFO - Data transformation complete
[ 2026-05-27 15:12:10,563] 49 root - INFO - Started Regular Expression mapping
[ 2026-05-27 15:12:10,563] 174 root - INFO - Data transformation complete
[ 2026-05-27 15:12:10,564] 49 root - INFO - Started Regular Expression mapping
[ 2026-05-27 15:12:10,564] 174 root - INFO - Data transformation complete
[ 2026-05-27 15:12:10,564] 49 root - INFO - Started Regular Expression mapping
[ 2026-05-27 15:12:10,564] 174 root - INFO - Data transformation complete
[ 2026-05-27 15:12:10,564] 49 root - INFO - Started Regular Expression mapping
[ 2026-05-27 15:12:10,564] 174 root - INFO - Data transformation complete
[ 2026-05-27 15:12:10,564] 49 root - INFO - Started Regular Expression mapping
[ 2026-05-27 15:12:10,565] 25 root - INFO - Match heuristic business names to paybill payments
[ 2026-05-27 15:12:10,565] 174 root - INFO - Data transformation complete
[ 2026-05-27 15:12:10,565] 49 root - INFO - Started Regular Expression mapping
[ 2026-05-27 15:12:10,565] 25 root - INFO - Match heuristic business names to paybill payments
[ 2026-05-27 15:12:10,565] 174 root - INFO - Data transformation complete
[ 2026-05-27 15:12:10,565] 49 root - INFO - Started Regular Expression mapping
[ 2026-05-27 15:12:10,566] 174 root - INFO - Data transformation complete
[ 2026-05-27 15:12:10,566] 49 root - INFO - Started Regular Expression mapping
[ 2026-05-27 15:12:10,566] 174 root - INFO - Data transformation complete
[ 2026-05-27 15:12:10,566] 49 root - INFO - Started Regular Expression mapping
[ 2026-05-27 15:12:10,566] 25 root - INFO - Match heuristic business names to paybill payments
[ 2026-05-27 15:12:10,566] 174 root - INFO - Data transformation complete
[ 2026-05-27 15:12:10,566] 49 root - INFO - Started Regular Expression mapping
[ 2026-05-27 15:12:10,567] 174 root - INFO - Data transformation complete
[ 2026-05-27 15:12:10,567] 49 root - INFO - Started Regular Expression mapping
[ 2026-05-27 15:12:10,567] 174 root - INFO - Data transformation complete
[ 2026-05-27 15:12:10,567] 49 root - INFO - Started Regular Expression mapping
[ 2026-05-27 15:12:10,567] 25 root - INFO - Match heuristic business names to paybill payments
[ 2026-05-27 15:12:10,567] 174 root - INFO - Data transformation complete
[ 2026-05-27 15:12:10,567] 49 root - INFO - Started Regular Expression mapping
[ 2026-05-27 15:12:10,568] 25 root - INFO - Match heuristic business names to paybill payments
[ 2026-05-27 15:12:10,568] 174 root - INFO - Data transformation complete
[ 2026-05-27 15:12:10,568] 49 root - INFO - Started Regular Expression mapping
[ 2026-05-27 15:12:10,568] 174 root - INFO - Data transformation complete
[ 2026-05-27 15:12:10,568] 49 root - INFO - Started Regular Expression mapping
[ 2026-05-27 15:12:10,568] 174 root - INFO - Data transformation complete
[ 2026-05-27 15:12:10,568] 49 root - INFO - Started Regular Expression mapping
[ 2026-05-27 15:12:10,569] 174 root - INFO - Data transformation complete
[ 2026-05-27 15:12:10,569] 49 root - INFO - Started Regular Expression mapping
[ 2026-05-27 15:12:10,569] 174 root - INFO - Data transformation complete
[ 2026-05-27 15:12:10,569] 49 root - INFO - Started Regular Expression mapping
[ 2026-05-27 15:12:10,569] 174 root - INFO - Data transformation complete
[ 2026-05-27 15:12:10,569] 49 root - INFO - Started Regular Expression mapping
[ 2026-05-27 15:12:10,570] 174 root - INFO - Data transformation complete
[ 2026-05-27 15:12:10,570] 49 root - INFO - Started Regular Expression mapping
[ 2026-05-27 15:12:10,570] 174 root - INFO - Data transformation complete
[ 2026-05-27 15:12:10,570] 49 root - INFO - Started Regular Expression mapping
[ 2026-05-27 15:12:10,570] 174 root - INFO - Data transformation complete
[ 2026-05-27 15:12:10,570] 49 root - INFO - Started Regular Expression mapping
[ 2026-05-27 15:12:10,571] 174 root - INFO - Data transformation complete
[ 2026-05-27 15:12:10,571] 49 root - INFO - Started Regular Expression mapping
[ 2026-05-27 15:12:10,571] 174 root - INFO - Data transformation complete
[ 2026-05-27 15:12:10,571] 49 root - INFO - Started Regular Expression mapping
[ 2026-05-27 15:12:10,571] 25 root - INFO - Match heuristic business names to paybill payments
[ 2026-05-27 15:12:10,571] 174 root - INFO - Data transformation complete
[ 2026-05-27 15:12:10,571] 49 root - INFO - Started Regular Expression mapping
[ 2026-05-27 15:12:10,572] 25 root - INFO - Match heuristic business names to paybill payments
[ 2026-05-27 15:12:10,572] 174 root - INFO - Data transformation complete
[ 2026-05-27 15:12:10,572] 49 root - INFO - Started Regular Expression mapping
[ 2026-05-27 15:12:10,572] 174 root - INFO - Data transformation complete
[ 2026-05-27 15:12:10,572] 49 root - INFO - Started Regular Expression mapping
[ 2026-05-27 15:12:10,572] 174 root - INFO - Data transformation complete
[ 2026-05-27 15:12:10,572] 49 root - INFO - Started Regular Expression mapping
[ 2026-05-27 15:12:10,573] 174 root - INFO - Data transformation complete
[ 2026-05-27 15:12:10,573] 49 root - INFO - Started Regular Expression mapping
[ 2026-05-27 15:12:10,573] 174 root - INFO - Data transformation complete
[ 2026-05-27 15:12:10,573] 49 root - INFO - Started Regular Expression mapping
[ 2026-05-27 15:12:10,573] 174 root - INFO - Data transformation complete
[ 2026-05-27 15:12:10,573] 49 root - INFO - Started Regular Expression mapping
[ 2026-05-27 15:12:10,574] 174 root - INFO - Data transformation complete
[ 2026-05-27 15:12:10,574] 49 root - INFO - Started Regular Expression mapping
[ 2026-05-27 15:12:10,574] 174 root - INFO - Data transformation complete
[ 2026-05-27 15:12:10,574] 49 root - INFO - Started Regular Expression mapping
[ 2026-05-27 15:12:10,574] 174 root - INFO - Data transformation complete
[ 2026-05-27 15:12:10,574] 49 root - INFO - Started Regular Expression mapping
[ 2026-05-27 15:12:10,575] 25 root - INFO - Match heuristic business names to paybill payments
[ 2026-05-27 15:12:10,575] 174 root - INFO - Data transformation complete
[ 2026-05-27 15:12:10,575] 49 root - INFO - Started Regular Expression mapping
[ 2026-05-27 15:12:10,575] 25 root - INFO - Match heuristic business names to paybill payments
[ 2026-05-27 15:12:10,575] 174 root - INFO - Data transformation complete
[ 2026-05-27 15:12:10,575] 49 root - INFO - Started Regular Expression mapping
[ 2026-05-27 15:12:10,575] 174 root - INFO - Data transformation complete
[ 2026-05-27 15:12:10,576] 49 root - INFO - Started Regular Expression mapping
[ 2026-05-27 15:12:10,576] 174 root - INFO - Data transformation complete
[ 2026-05-27 15:12:10,576] 49 root - INFO - Started Regular Expression mapping
[ 2026-05-27 15:12:10,576] 174 root - INFO - Data transformation complete
[ 2026-05-27 15:12:10,576] 49 root - INFO - Started Regular Expression mapping
[ 2026-05-27 15:12:10,576] 174 root - INFO - Data transformation complete
[ 2026-05-27 15:12:10,577] 49 root - INFO - Started Regular Expression mapping
[ 2026-05-27 15:12:10,577] 174 root - INFO - Data transformation complete
[ 2026-05-27 15:12:10,577] 49 root - INFO - Started Regular Expression mapping
[ 2026-05-27 15:12:10,577] 25 root - INFO - Match heuristic business names to paybill payments
[ 2026-05-27 15:12:10,577] 174 root - INFO - Data transformation complete
[ 2026-05-27 15:12:10,577] 49 root - INFO - Started Regular Expression mapping
[ 2026-05-27 15:12:10,577] 174 root - INFO - Data transformation complete
[ 2026-05-27 15:12:10,578] 49 root - INFO - Started Regular Expression mapping
[ 2026-05-27 15:12:10,578] 174 root - INFO - Data transformation complete
[ 2026-05-27 15:12:10,578] 49 root - INFO - Started Regular Expression mapping
[ 2026-05-27 15:12:10,578] 25 root - INFO - Match heuristic business names to paybill payments
[ 2026-05-27 15:12:10,578] 174 root - INFO - Data transformation complete
[ 2026-05-27 15:12:10,578] 49 root - INFO - Started Regular Expression mapping
[ 2026-05-27 15:12:10,579] 25 root - INFO - Match heuristic business names to paybill payments
[ 2026-05-27 15:12:10,579] 174 root - INFO - Data transformation complete
[ 2026-05-27 15:12:10,579] 49 root - INFO - Started Regular Expression mapping
[ 2026-05-27 15:12:10,579] 174 root - INFO - Data transformation complete
[ 2026-05-27 15:12:10,579] 49 root - INFO - Started Regular Expression mapping
[ 2026-05-27 15:12:10,579] 25 root - INFO - Match heuristic business names to paybill payments
[ 2026-05-27 15:12:10,579] 174 root - INFO - Data transformation complete
[ 2026-05-27 15:12:10,579] 49 root - INFO - Started Regular Expression mapping
[ 2026-05-27 15:12:10,580] 25 root - INFO - Match heuristic business names to paybill payments
[ 2026-05-27 15:12:10,580] 174 root - INFO - Data transformation complete
[ 2026-05-27 15:12:10,580] 49 root - INFO - Started Regular Expression mapping
[ 2026-05-27 15:12:10,580] 174 root - INFO - Data transformation complete
[ 2026-05-27 15:12:10,580] 49 root - INFO - Started Regular Expression mapping
[ 2026-05-27 15:12:10,580] 174 root - INFO - Data transformation complete
[ 2026-05-27 15:12:10,581] 49 root - INFO - Started Regular Expression mapping
[ 2026-05-27 15:12:10,581] 174 root - INFO - Data transformation complete
[ 2026-05-27 15:12:10,581] 49 root - INFO - Started Regular Expression mapping
[ 2026-05-27 15:12:10,581] 174 root - INFO - Data transformation complete
[ 2026-05-27 15:12:10,581] 49 root - INFO - Started Regular Expression mapping
[ 2026-05-27 15:12:10,581] 25 root - INFO - Match heuristic business names to paybill payments
[ 2026-05-27 15:12:10,581] 174 root - INFO - Data transformation complete
[ 2026-05-27 15:12:10,582] 49 root - INFO - Started Regular Expression mapping
[ 2026-05-27 15:12:10,582] 174 root - INFO - Data transformation complete
[ 2026-05-27 15:12:10,582] 49 root - INFO - Started Regular Expression mapping
[ 2026-05-27 15:12:10,582] 174 root - INFO - Data transformation complete
[ 2026-05-27 15:12:10,582] 49 root - INFO - Started Regular Expression mapping
[ 2026-05-27 15:12:10,582] 25 root - INFO - Match heuristic business names to paybill payments
[ 2026-05-27 15:12:10,583] 174 root - INFO - Data transformation complete
[ 2026-05-27 15:12:10,583] 49 root - INFO - Started Regular Expression mapping
[ 2026-05-27 15:12:10,583] 174 root - INFO - Data transformation complete
[ 2026-05-27 15:12:10,583] 49 root - INFO - Started Regular Expression mapping
[ 2026-05-27 15:12:10,583] 25 root - INFO - Match heuristic business names to paybill payments
[ 2026-05-27 15:12:10,583] 174 root - INFO - Data transformation complete
[ 2026-05-27 15:12:10,583] 49 root - INFO - Started Regular Expression mapping
[ 2026-05-27 15:12:10,584] 25 root - INFO - Match heuristic business names to paybill payments
[ 2026-05-27 15:12:10,584] 174 root - INFO - Data transformation complete
[ 2026-05-27 15:12:10,584] 49 root - INFO - Started Regular Expression mapping
[ 2026-05-27 15:12:10,584] 174 root - INFO - Data transformation complete
[ 2026-05-27 15:12:10,584] 49 root - INFO - Started Regular Expression mapping
[ 2026-05-27 15:12:10,584] 174 root - INFO - Data transformation complete
[ 2026-05-27 15:12:10,584] 49 root - INFO - Started Regular Expression mapping
[ 2026-05-27 15:12:10,585] 25 root - INFO - Match heuristic business names to paybill payments
[ 2026-05-27 15:12:10,585] 174 root - INFO - Data transformation complete
[ 2026-05-27 15:12:10,585] 49 root - INFO - Started Regular Expression mapping
[ 2026-05-27 15:12:10,585] 25 root - INFO - Match heuristic business names to paybill payments
[ 2026-05-27 15:12:10,585] 174 root - INFO - Data transformation complete
[ 2026-05-27 15:12:10,586] 49 root - INFO - Started Regular Expression mapping
[ 2026-05-27 15:12:10,586] 174 root - INFO - Data transformation complete
[ 2026-05-27 15:12:10,586] 49 root - INFO - Started Regular Expression mapping
[ 2026-05-27 15:12:10,586] 174 root - INFO - Data transformation complete
[ 2026-05-27 15:12:10,587] 49 root - INFO - Started Regular Expression mapping
[ 2026-05-27 15:12:10,587] 174 root - INFO - Data transformation complete
[ 2026-05-27 15:12:10,587] 49 root - INFO - Started Regular Expression mapping
[ 2026-05-27 15:12:10,587] 174 root - INFO - Data transformation complete
[ 2026-05-27 15:12:10,588] 49 root - INFO - Started Regular Expression mapping
[ 2026-05-27 15:12:10,588] 174 root - INFO - Data transformation complete
[ 2026-05-27 15:12:10,588] 49 root - INFO - Started Regular Expression mapping
[ 2026-05-27 15:12:10,588] 174 root - INFO - Data transformation complete
[ 2026-05-27 15:12:10,588] 49 root - INFO - Started Regular Expression mapping
[ 2026-05-27 15:12:10,588] 174 root - INFO - Data transformation complete
[ 2026-05-27 15:12:10,589] 49 root - INFO - Started Regular Expression mapping
[ 2026-05-27 15:12:10,589] 174 root - INFO - Data transformation complete
[ 2026-05-27 15:12:10,589] 49 root - INFO - Started Regular Expression mapping
[ 2026-05-27 15:12:10,589] 174 root - INFO - Data transformation complete
[ 2026-05-27 15:12:10,589] 49 root - INFO - Started Regular Expression mapping
[ 2026-05-27 15:12:10,590] 174 root - INFO - Data transformation complete
[ 2026-05-27 15:12:10,590] 49 root - INFO - Started Regular Expression mapping
[ 2026-05-27 15:12:10,590] 174 root - INFO - Data transformation complete
[ 2026-05-27 15:12:10,590] 49 root - INFO - Started Regular Expression mapping
[ 2026-05-27 15:12:10,590] 174 root - INFO - Data transformation complete
[ 2026-05-27 15:12:10,590] 49 root - INFO - Started Regular Expression mapping
[ 2026-05-27 15:12:10,591] 174 root - INFO - Data transformation complete
[ 2026-05-27 15:12:10,591] 49 root - INFO - Started Regular Expression mapping
[ 2026-05-27 15:12:10,591] 174 root - INFO - Data transformation complete
[ 2026-05-27 15:12:10,591] 49 root - INFO - Started Regular Expression mapping
[ 2026-05-27 15:12:10,591] 174 root - INFO - Data transformation complete
[ 2026-05-27 15:12:10,591] 49 root - INFO - Started Regular Expression mapping
[ 2026-05-27 15:12:10,591] 174 root - INFO - Data transformation complete
[ 2026-05-27 15:12:10,592] 49 root - INFO - Started Regular Expression mapping
[ 2026-05-27 15:12:10,592] 174 root - INFO - Data transformation complete
[ 2026-05-27 15:12:10,592] 49 root - INFO - Started Regular Expression mapping
[ 2026-05-27 15:12:10,592] 174 root - INFO - Data transformation complete
[ 2026-05-27 15:12:10,592] 49 root - INFO - Started Regular Expression mapping
[ 2026-05-27 15:12:10,592] 174 root - INFO - Data transformation complete
[ 2026-05-27 15:12:10,593] 49 root - INFO - Started Regular Expression mapping
[ 2026-05-27 15:12:10,593] 25 root - INFO - Match heuristic business names to paybill payments
[ 2026-05-27 15:12:10,593] 174 root - INFO - Data transformation complete
[ 2026-05-27 15:12:10,593] 49 root - INFO - Started Regular Expression mapping
[ 2026-05-27 15:12:10,593] 25 root - INFO - Match heuristic business names to paybill payments
[ 2026-05-27 15:12:10,593] 174 root - INFO - Data transformation complete
[ 2026-05-27 15:12:10,593] 49 root - INFO - Started Regular Expression mapping
[ 2026-05-27 15:12:10,594] 174 root - INFO - Data transformation complete
[ 2026-05-27 15:12:10,594] 49 root - INFO - Started Regular Expression mapping
[ 2026-05-27 15:12:10,594] 25 root - INFO - Match heuristic business names to paybill payments
[ 2026-05-27 15:12:10,594] 174 root - INFO - Data transformation complete
[ 2026-05-27 15:12:10,594] 49 root - INFO - Started Regular Expression mapping
[ 2026-05-27 15:12:10,594] 174 root - INFO - Data transformation complete
[ 2026-05-27 15:12:10,594] 49 root - INFO - Started Regular Expression mapping
[ 2026-05-27 15:12:10,595] 174 root - INFO - Data transformation complete
[ 2026-05-27 15:12:10,595] 49 root - INFO - Started Regular Expression mapping
[ 2026-05-27 15:12:10,595] 174 root - INFO - Data transformation complete
[ 2026-05-27 15:12:10,595] 49 root - INFO - Started Regular Expression mapping
[ 2026-05-27 15:12:10,595] 174 root - INFO - Data transformation complete
[ 2026-05-27 15:12:10,595] 49 root - INFO - Started Regular Expression mapping
[ 2026-05-27 15:12:10,596] 174 root - INFO - Data transformation complete
[ 2026-05-27 15:12:10,596] 49 root - INFO - Started Regular Expression mapping
[ 2026-05-27 15:12:10,596] 174 root - INFO - Data transformation complete
[ 2026-05-27 15:12:10,596] 49 root - INFO - Started Regular Expression mapping
[ 2026-05-27 15:12:10,596] 25 root - INFO - Match heuristic business names to paybill payments
[ 2026-05-27 15:12:10,596] 174 root - INFO - Data transformation complete
[ 2026-05-27 15:12:10,596] 49 root - INFO - Started Regular Expression mapping
[ 2026-05-27 15:12:10,597] 25 root - INFO - Match heuristic business names to paybill payments
[ 2026-05-27 15:12:10,597] 174 root - INFO - Data transformation complete
[ 2026-05-27 15:12:10,597] 49 root - INFO - Started Regular Expression mapping
[ 2026-05-27 15:12:10,597] 25 root - INFO - Match heuristic business names to paybill payments
[ 2026-05-27 15:12:10,597] 174 root - INFO - Data transformation complete
[ 2026-05-27 15:12:10,597] 49 root - INFO - Started Regular Expression mapping
[ 2026-05-27 15:12:10,597] 25 root - INFO - Match heuristic business names to paybill payments
[ 2026-05-27 15:12:10,598] 174 root - INFO - Data transformation complete
[ 2026-05-27 15:12:10,598] 49 root - INFO - Started Regular Expression mapping
[ 2026-05-27 15:12:10,598] 174 root - INFO - Data transformation complete
[ 2026-05-27 15:12:10,598] 49 root - INFO - Started Regular Expression mapping
[ 2026-05-27 15:12:10,598] 174 root - INFO - Data transformation complete
[ 2026-05-27 15:12:10,598] 49 root - INFO - Started Regular Expression mapping
[ 2026-05-27 15:12:10,599] 174 root - INFO - Data transformation complete
[ 2026-05-27 15:12:10,599] 49 root - INFO - Started Regular Expression mapping
[ 2026-05-27 15:12:10,599] 174 root - INFO - Data transformation complete
[ 2026-05-27 15:12:10,599] 49 root - INFO - Started Regular Expression mapping
[ 2026-05-27 15:12:10,599] 25 root - INFO - Match heuristic business names to paybill payments
[ 2026-05-27 15:12:10,599] 174 root - INFO - Data transformation complete
[ 2026-05-27 15:12:10,599] 49 root - INFO - Started Regular Expression mapping
[ 2026-05-27 15:12:10,600] 25 root - INFO - Match heuristic business names to paybill payments
[ 2026-05-27 15:12:10,600] 174 root - INFO - Data transformation complete
[ 2026-05-27 15:12:10,600] 49 root - INFO - Started Regular Expression mapping
[ 2026-05-27 15:12:10,600] 174 root - INFO - Data transformation complete
[ 2026-05-27 15:12:10,600] 49 root - INFO - Started Regular Expression mapping
[ 2026-05-27 15:12:10,600] 174 root - INFO - Data transformation complete
[ 2026-05-27 15:12:10,600] 49 root - INFO - Started Regular Expression mapping
[ 2026-05-27 15:12:10,601] 174 root - INFO - Data transformation complete
[ 2026-05-27 15:12:10,601] 49 root - INFO - Started Regular Expression mapping
[ 2026-05-27 15:12:10,601] 174 root - INFO - Data transformation complete
[ 2026-05-27 15:12:10,601] 49 root - INFO - Started Regular Expression mapping
[ 2026-05-27 15:12:10,602] 174 root - INFO - Data transformation complete
[ 2026-05-27 15:12:10,602] 49 root - INFO - Started Regular Expression mapping
[ 2026-05-27 15:12:10,602] 25 root - INFO - Match heuristic business names to paybill payments
[ 2026-05-27 15:12:10,602] 174 root - INFO - Data transformation complete
[ 2026-05-27 15:12:10,602] 49 root - INFO - Started Regular Expression mapping
[ 2026-05-27 15:12:10,603] 25 root - INFO - Match heuristic business names to paybill payments
[ 2026-05-27 15:12:10,603] 174 root - INFO - Data transformation complete
[ 2026-05-27 15:12:10,603] 49 root - INFO - Started Regular Expression mapping
[ 2026-05-27 15:12:10,603] 25 root - INFO - Match heuristic business names to paybill payments
[ 2026-05-27 15:12:10,603] 174 root - INFO - Data transformation complete
[ 2026-05-27 15:12:10,604] 49 root - INFO - Started Regular Expression mapping
[ 2026-05-27 15:12:10,604] 174 root - INFO - Data transformation complete
[ 2026-05-27 15:12:10,604] 49 root - INFO - Started Regular Expression mapping
[ 2026-05-27 15:12:10,604] 174 root - INFO - Data transformation complete
[ 2026-05-27 15:12:10,604] 49 root - INFO - Started Regular Expression mapping
[ 2026-05-27 15:12:10,604] 25 root - INFO - Match heuristic business names to paybill payments
[ 2026-05-27 15:12:10,605] 174 root - INFO - Data transformation complete
[ 2026-05-27 15:12:10,605] 49 root - INFO - Started Regular Expression mapping
[ 2026-05-27 15:12:10,605] 174 root - INFO - Data transformation complete
[ 2026-05-27 15:12:10,605] 49 root - INFO - Started Regular Expression mapping
[ 2026-05-27 15:12:10,605] 174 root - INFO - Data transformation complete
[ 2026-05-27 15:12:10,605] 49 root - INFO - Started Regular Expression mapping
[ 2026-05-27 15:12:10,605] 174 root - INFO - Data transformation complete
[ 2026-05-27 15:12:10,606] 49 root - INFO - Started Regular Expression mapping
[ 2026-05-27 15:12:10,606] 174 root - INFO - Data transformation complete
[ 2026-05-27 15:12:10,606] 49 root - INFO - Started Regular Expression mapping
[ 2026-05-27 15:12:10,606] 174 root - INFO - Data transformation complete
[ 2026-05-27 15:12:10,606] 49 root - INFO - Started Regular Expression mapping
[ 2026-05-27 15:12:10,606] 174 root - INFO - Data transformation complete
[ 2026-05-27 15:12:10,607] 49 root - INFO - Started Regular Expression mapping
[ 2026-05-27 15:12:10,607] 174 root - INFO - Data transformation complete
[ 2026-05-27 15:12:10,607] 49 root - INFO - Started Regular Expression mapping
[ 2026-05-27 15:12:10,607] 25 root - INFO - Match heuristic business names to paybill payments
[ 2026-05-27 15:12:10,607] 174 root - INFO - Data transformation complete
[ 2026-05-27 15:12:10,607] 49 root - INFO - Started Regular Expression mapping
[ 2026-05-27 15:12:10,608] 174 root - INFO - Data transformation complete
[ 2026-05-27 15:12:10,608] 49 root - INFO - Started Regular Expression mapping
[ 2026-05-27 15:12:10,608] 174 root - INFO - Data transformation complete
[ 2026-05-27 15:12:10,608] 49 root - INFO - Started Regular Expression mapping
[ 2026-05-27 15:12:10,608] 25 root - INFO - Match heuristic business names to paybill payments
[ 2026-05-27 15:12:10,608] 174 root - INFO - Data transformation complete
[ 2026-05-27 15:12:10,608] 49 root - INFO - Started Regular Expression mapping
[ 2026-05-27 15:12:10,609] 174 root - INFO - Data transformation complete
[ 2026-05-27 15:12:10,609] 49 root - INFO - Started Regular Expression mapping
[ 2026-05-27 15:12:10,609] 174 root - INFO - Data transformation complete
[ 2026-05-27 15:12:10,609] 49 root - INFO - Started Regular Expression mapping
[ 2026-05-27 15:12:10,609] 25 root - INFO - Match heuristic business names to paybill payments
[ 2026-05-27 15:12:10,609] 174 root - INFO - Data transformation complete
[ 2026-05-27 15:12:10,609] 49 root - INFO - Started Regular Expression mapping
[ 2026-05-27 15:12:10,610] 174 root - INFO - Data transformation complete
[ 2026-05-27 15:12:10,610] 49 root - INFO - Started Regular Expression mapping
[ 2026-05-27 15:12:10,610] 25 root - INFO - Match heuristic business names to paybill payments
[ 2026-05-27 15:12:10,610] 174 root - INFO - Data transformation complete
[ 2026-05-27 15:12:10,610] 49 root - INFO - Started Regular Expression mapping
[ 2026-05-27 15:12:10,610] 174 root - INFO - Data transformation complete
[ 2026-05-27 15:12:10,611] 49 root - INFO - Started Regular Expression mapping
[ 2026-05-27 15:12:10,611] 174 root - INFO - Data transformation complete
[ 2026-05-27 15:12:10,611] 49 root - INFO - Started Regular Expression mapping
[ 2026-05-27 15:12:10,611] 174 root - INFO - Data transformation complete
[ 2026-05-27 15:12:10,611] 49 root - INFO - Started Regular Expression mapping
[ 2026-05-27 15:12:10,611] 174 root - INFO - Data transformation complete
[ 2026-05-27 15:12:10,611] 49 root - INFO - Started Regular Expression mapping
[ 2026-05-27 15:12:10,612] 25 root - INFO - Match heuristic business names to paybill payments
[ 2026-05-27 15:12:10,612] 174 root - INFO - Data transformation complete
[ 2026-05-27 15:12:10,612] 49 root - INFO - Started Regular Expression mapping
[ 2026-05-27 15:12:10,612] 25 root - INFO - Match heuristic business names to paybill payments
[ 2026-05-27 15:12:10,612] 174 root - INFO - Data transformation complete
[ 2026-05-27 15:12:10,612] 49 root - INFO - Started Regular Expression mapping
[ 2026-05-27 15:12:10,613] 25 root - INFO - Match heuristic business names to paybill payments
[ 2026-05-27 15:12:10,613] 174 root - INFO - Data transformation complete
[ 2026-05-27 15:12:10,613] 49 root - INFO - Started Regular Expression mapping
[ 2026-05-27 15:12:10,613] 174 root - INFO - Data transformation complete
[ 2026-05-27 15:12:10,613] 49 root - INFO - Started Regular Expression mapping
[ 2026-05-27 15:12:10,613] 174 root - INFO - Data transformation complete
[ 2026-05-27 15:12:10,613] 49 root - INFO - Started Regular Expression mapping
[ 2026-05-27 15:12:10,614] 174 root - INFO - Data transformation complete
[ 2026-05-27 15:12:10,614] 49 root - INFO - Started Regular Expression mapping
[ 2026-05-27 15:12:10,614] 25 root - INFO - Match heuristic business names to paybill payments
[ 2026-05-27 15:12:10,614] 174 root - INFO - Data transformation complete
[ 2026-05-27 15:12:10,614] 49 root - INFO - Started Regular Expression mapping
[ 2026-05-27 15:12:10,614] 25 root - INFO - Match heuristic business names to paybill payments
[ 2026-05-27 15:12:10,614] 174 root - INFO - Data transformation complete
[ 2026-05-27 15:12:10,615] 49 root - INFO - Started Regular Expression mapping
[ 2026-05-27 15:12:10,615] 174 root - INFO - Data transformation complete
[ 2026-05-27 15:12:10,615] 49 root - INFO - Started Regular Expression mapping
[ 2026-05-27 15:12:10,615] 174 root - INFO - Data transformation complete
[ 2026-05-27 15:12:10,615] 49 root - INFO - Started Regular Expression mapping
[ 2026-05-27 15:12:10,615] 174 root - INFO - Data transformation complete
[ 2026-05-27 15:12:10,615] 49 root - INFO - Started Regular Expression mapping
[ 2026-05-27 15:12:10,616] 174 root - INFO - Data transformation complete
[ 2026-05-27 15:12:10,616] 49 root - INFO - Started Regular Expression mapping
[ 2026-05-27 15:12:10,616] 174 root - INFO - Data transformation complete
[ 2026-05-27 15:12:10,616] 49 root - INFO - Started Regular Expression mapping
[ 2026-05-27 15:12:10,616] 25 root - INFO - Match heuristic business names to paybill payments
[ 2026-05-27 15:12:10,616] 174 root - INFO - Data transformation complete
[ 2026-05-27 15:12:10,617] 49 root - INFO - Started Regular Expression mapping
[ 2026-05-27 15:12:10,617] 25 root - INFO - Match heuristic business names to paybill payments
[ 2026-05-27 15:12:10,617] 174 root - INFO - Data transformation complete
[ 2026-05-27 15:12:10,617] 49 root - INFO - Started Regular Expression mapping
[ 2026-05-27 15:12:10,618] 174 root - INFO - Data transformation complete
[ 2026-05-27 15:12:10,618] 49 root - INFO - Started Regular Expression mapping
[ 2026-05-27 15:12:10,618] 174 root - INFO - Data transformation complete
[ 2026-05-27 15:12:10,618] 49 root - INFO - Started Regular Expression mapping
[ 2026-05-27 15:12:10,618] 25 root - INFO - Match heuristic business names to paybill payments
[ 2026-05-27 15:12:10,619] 174 root - INFO - Data transformation complete
[ 2026-05-27 15:12:10,619] 49 root - INFO - Started Regular Expression mapping
[ 2026-05-27 15:12:10,619] 174 root - INFO - Data transformation complete
[ 2026-05-27 15:12:10,619] 49 root - INFO - Started Regular Expression mapping
[ 2026-05-27 15:12:10,619] 174 root - INFO - Data transformation complete
[ 2026-05-27 15:12:10,619] 49 root - INFO - Started Regular Expression mapping
[ 2026-05-27 15:12:10,620] 174 root - INFO - Data transformation complete
[ 2026-05-27 15:12:10,620] 49 root - INFO - Started Regular Expression mapping
[ 2026-05-27 15:12:10,620] 174 root - INFO - Data transformation complete
[ 2026-05-27 15:12:10,620] 49 root - INFO - Started Regular Expression mapping
[ 2026-05-27 15:12:10,620] 174 root - INFO - Data transformation complete
[ 2026-05-27 15:12:10,620] 49 root - INFO - Started Regular Expression mapping
[ 2026-05-27 15:12:10,621] 25 root - INFO - Match heuristic business names to paybill payments
[ 2026-05-27 15:12:10,621] 174 root - INFO - Data transformation complete
[ 2026-05-27 15:12:10,621] 49 root - INFO - Started Regular Expression mapping
[ 2026-05-27 15:12:10,621] 174 root - INFO - Data transformation complete
[ 2026-05-27 15:12:10,621] 49 root - INFO - Started Regular Expression mapping
[ 2026-05-27 15:12:10,621] 25 root - INFO - Match heuristic business names to paybill payments
[ 2026-05-27 15:12:10,621] 174 root - INFO - Data transformation complete
[ 2026-05-27 15:12:10,622] 49 root - INFO - Started Regular Expression mapping
[ 2026-05-27 15:12:10,622] 174 root - INFO - Data transformation complete
[ 2026-05-27 15:12:10,622] 49 root - INFO - Started Regular Expression mapping
[ 2026-05-27 15:12:10,622] 174 root - INFO - Data transformation complete
[ 2026-05-27 15:12:10,622] 49 root - INFO - Started Regular Expression mapping
[ 2026-05-27 15:12:10,622] 174 root - INFO - Data transformation complete
[ 2026-05-27 15:12:10,622] 49 root - INFO - Started Regular Expression mapping
[ 2026-05-27 15:12:10,623] 25 root - INFO - Match heuristic business names to paybill payments
[ 2026-05-27 15:12:10,623] 174 root - INFO - Data transformation complete
[ 2026-05-27 15:12:10,623] 49 root - INFO - Started Regular Expression mapping
[ 2026-05-27 15:12:10,623] 174 root - INFO - Data transformation complete
[ 2026-05-27 15:12:10,624] 49 root - INFO - Started Regular Expression mapping
[ 2026-05-27 15:12:10,624] 25 root - INFO - Match heuristic business names to paybill payments
[ 2026-05-27 15:12:10,624] 174 root - INFO - Data transformation complete
[ 2026-05-27 15:12:10,624] 49 root - INFO - Started Regular Expression mapping
[ 2026-05-27 15:12:10,624] 174 root - INFO - Data transformation complete
[ 2026-05-27 15:12:10,625] 49 root - INFO - Started Regular Expression mapping
[ 2026-05-27 15:12:10,625] 174 root - INFO - Data transformation complete
[ 2026-05-27 15:12:10,625] 49 root - INFO - Started Regular Expression mapping
[ 2026-05-27 15:12:10,625] 174 root - INFO - Data transformation complete
[ 2026-05-27 15:12:10,625] 49 root - INFO - Started Regular Expression mapping
[ 2026-05-27 15:12:10,625] 174 root - INFO - Data transformation complete
[ 2026-05-27 15:12:10,626] 49 root - INFO - Started Regular Expression mapping
[ 2026-05-27 15:12:10,626] 25 root - INFO - Match heuristic business names to paybill payments
[ 2026-05-27 15:12:10,626] 174 root - INFO - Data transformation complete
[ 2026-05-27 15:12:10,626] 49 root - INFO - Started Regular Expression mapping
[ 2026-05-27 15:12:10,626] 174 root - INFO - Data transformation complete
[ 2026-05-27 15:12:10,626] 49 root - INFO - Started Regular Expression mapping
[ 2026-05-27 15:12:10,626] 25 root - INFO - Match heuristic business names to paybill payments
[ 2026-05-27 15:12:10,627] 174 root - INFO - Data transformation complete
[ 2026-05-27 15:12:10,627] 49 root - INFO - Started Regular Expression mapping
[ 2026-05-27 15:12:10,627] 174 root - INFO - Data transformation complete
[ 2026-05-27 15:12:10,627] 49 root - INFO - Started Regular Expression mapping
[ 2026-05-27 15:12:10,627] 174 root - INFO - Data transformation complete
[ 2026-05-27 15:12:10,627] 49 root - INFO - Started Regular Expression mapping
[ 2026-05-27 15:12:10,628] 25 root - INFO - Match heuristic business names to paybill payments
[ 2026-05-27 15:12:10,628] 174 root - INFO - Data transformation complete
[ 2026-05-27 15:12:10,628] 49 root - INFO - Started Regular Expression mapping
[ 2026-05-27 15:12:10,628] 25 root - INFO - Match heuristic business names to paybill payments
[ 2026-05-27 15:12:10,628] 174 root - INFO - Data transformation complete
[ 2026-05-27 15:12:10,628] 49 root - INFO - Started Regular Expression mapping
[ 2026-05-27 15:12:10,628] 25 root - INFO - Match heuristic business names to paybill payments
[ 2026-05-27 15:12:10,629] 174 root - INFO - Data transformation complete
[ 2026-05-27 15:12:10,629] 49 root - INFO - Started Regular Expression mapping
[ 2026-05-27 15:12:10,629] 174 root - INFO - Data transformation complete
[ 2026-05-27 15:12:10,629] 49 root - INFO - Started Regular Expression mapping
[ 2026-05-27 15:12:10,629] 174 root - INFO - Data transformation complete
[ 2026-05-27 15:12:10,629] 49 root - INFO - Started Regular Expression mapping
[ 2026-05-27 15:12:10,629] 25 root - INFO - Match heuristic business names to paybill payments
[ 2026-05-27 15:12:10,630] 174 root - INFO - Data transformation complete
[ 2026-05-27 15:12:10,630] 49 root - INFO - Started Regular Expression mapping
[ 2026-05-27 15:12:10,630] 174 root - INFO - Data transformation complete
[ 2026-05-27 15:12:10,630] 49 root - INFO - Started Regular Expression mapping
[ 2026-05-27 15:12:10,630] 174 root - INFO - Data transformation complete
[ 2026-05-27 15:12:10,630] 49 root - INFO - Started Regular Expression mapping
[ 2026-05-27 15:12:10,631] 174 root - INFO - Data transformation complete
[ 2026-05-27 15:12:10,631] 49 root - INFO - Started Regular Expression mapping
[ 2026-05-27 15:12:10,631] 174 root - INFO - Data transformation complete
[ 2026-05-27 15:12:10,631] 49 root - INFO - Started Regular Expression mapping
[ 2026-05-27 15:12:10,631] 25 root - INFO - Match heuristic business names to paybill payments
[ 2026-05-27 15:12:10,631] 174 root - INFO - Data transformation complete
[ 2026-05-27 15:12:10,631] 49 root - INFO - Started Regular Expression mapping
[ 2026-05-27 15:12:10,632] 174 root - INFO - Data transformation complete
[ 2026-05-27 15:12:10,632] 49 root - INFO - Started Regular Expression mapping
[ 2026-05-27 15:12:10,632] 174 root - INFO - Data transformation complete
[ 2026-05-27 15:12:10,632] 49 root - INFO - Started Regular Expression mapping
[ 2026-05-27 15:12:10,632] 174 root - INFO - Data transformation complete
[ 2026-05-27 15:12:10,632] 49 root - INFO - Started Regular Expression mapping
[ 2026-05-27 15:12:10,633] 25 root - INFO - Match heuristic business names to paybill payments
[ 2026-05-27 15:12:10,633] 174 root - INFO - Data transformation complete
[ 2026-05-27 15:12:10,633] 49 root - INFO - Started Regular Expression mapping
[ 2026-05-27 15:12:10,633] 174 root - INFO - Data transformation complete
[ 2026-05-27 15:12:10,633] 49 root - INFO - Started Regular Expression mapping
[ 2026-05-27 15:12:10,633] 174 root - INFO - Data transformation complete
[ 2026-05-27 15:12:10,633] 49 root - INFO - Started Regular Expression mapping
[ 2026-05-27 15:12:10,634] 25 root - INFO - Match heuristic business names to paybill payments
[ 2026-05-27 15:12:10,634] 174 root - INFO - Data transformation complete
[ 2026-05-27 15:12:10,634] 49 root - INFO - Started Regular Expression mapping
[ 2026-05-27 15:12:10,634] 25 root - INFO - Match heuristic business names to paybill payments
[ 2026-05-27 15:12:10,634] 174 root - INFO - Data transformation complete
[ 2026-05-27 15:12:10,634] 49 root - INFO - Started Regular Expression mapping
[ 2026-05-27 15:12:10,635] 174 root - INFO - Data transformation complete
[ 2026-05-27 15:12:10,635] 49 root - INFO - Started Regular Expression mapping
[ 2026-05-27 15:12:10,635] 174 root - INFO - Data transformation complete
[ 2026-05-27 15:12:10,635] 49 root - INFO - Started Regular Expression mapping
[ 2026-05-27 15:12:10,635] 174 root - INFO - Data transformation complete
[ 2026-05-27 15:12:10,635] 49 root - INFO - Started Regular Expression mapping
[ 2026-05-27 15:12:10,636] 174 root - INFO - Data transformation complete
[ 2026-05-27 15:12:10,636] 49 root - INFO - Started Regular Expression mapping
[ 2026-05-27 15:12:10,636] 25 root - INFO - Match heuristic business names to paybill payments
[ 2026-05-27 15:12:10,636] 174 root - INFO - Data transformation complete
[ 2026-05-27 15:12:10,636] 49 root - INFO - Started Regular Expression mapping
[ 2026-05-27 15:12:10,636] 174 root - INFO - Data transformation complete
[ 2026-05-27 15:12:10,636] 49 root - INFO - Started Regular Expression mapping
[ 2026-05-27 15:12:10,637] 174 root - INFO - Data transformation complete
[ 2026-05-27 15:12:10,637] 49 root - INFO - Started Regular Expression mapping
[ 2026-05-27 15:12:10,637] 25 root - INFO - Match heuristic business names to paybill payments
[ 2026-05-27 15:12:10,637] 174 root - INFO - Data transformation complete
[ 2026-05-27 15:12:10,637] 49 root - INFO - Started Regular Expression mapping
[ 2026-05-27 15:12:10,637] 25 root - INFO - Match heuristic business names to paybill payments
[ 2026-05-27 15:12:10,637] 174 root - INFO - Data transformation complete
[ 2026-05-27 15:12:10,638] 49 root - INFO - Started Regular Expression mapping
[ 2026-05-27 15:12:10,638] 174 root - INFO - Data transformation complete
[ 2026-05-27 15:12:10,638] 49 root - INFO - Started Regular Expression mapping
[ 2026-05-27 15:12:10,638] 174 root - INFO - Data transformation complete
[ 2026-05-27 15:12:10,638] 49 root - INFO - Started Regular Expression mapping
[ 2026-05-27 15:12:10,638] 174 root - INFO - Data transformation complete
[ 2026-05-27 15:12:10,639] 49 root - INFO - Started Regular Expression mapping
[ 2026-05-27 15:12:10,639] 25 root - INFO - Match heuristic business names to paybill payments
[ 2026-05-27 15:12:10,639] 174 root - INFO - Data transformation complete
[ 2026-05-27 15:12:10,639] 49 root - INFO - Started Regular Expression mapping
[ 2026-05-27 15:12:10,639] 25 root - INFO - Match heuristic business names to paybill payments
[ 2026-05-27 15:12:10,639] 174 root - INFO - Data transformation complete
[ 2026-05-27 15:12:10,639] 49 root - INFO - Started Regular Expression mapping
[ 2026-05-27 15:12:10,640] 174 root - INFO - Data transformation complete
[ 2026-05-27 15:12:10,640] 49 root - INFO - Started Regular Expression mapping
[ 2026-05-27 15:12:10,640] 25 root - INFO - Match heuristic business names to paybill payments
[ 2026-05-27 15:12:10,640] 174 root - INFO - Data transformation complete
[ 2026-05-27 15:12:10,640] 49 root - INFO - Started Regular Expression mapping
[ 2026-05-27 15:12:10,641] 174 root - INFO - Data transformation complete
[ 2026-05-27 15:12:10,641] 49 root - INFO - Started Regular Expression mapping
[ 2026-05-27 15:12:10,641] 174 root - INFO - Data transformation complete
[ 2026-05-27 15:12:10,641] 49 root - INFO - Started Regular Expression mapping
[ 2026-05-27 15:12:10,641] 174 root - INFO - Data transformation complete
[ 2026-05-27 15:12:10,642] 49 root - INFO - Started Regular Expression mapping
[ 2026-05-27 15:12:10,642] 25 root - INFO - Match heuristic business names to paybill payments
[ 2026-05-27 15:12:10,642] 174 root - INFO - Data transformation complete
[ 2026-05-27 15:12:10,642] 49 root - INFO - Started Regular Expression mapping
[ 2026-05-27 15:12:10,642] 25 root - INFO - Match heuristic business names to paybill payments
[ 2026-05-27 15:12:10,642] 174 root - INFO - Data transformation complete
[ 2026-05-27 15:12:10,642] 49 root - INFO - Started Regular Expression mapping
[ 2026-05-27 15:12:10,643] 174 root - INFO - Data transformation complete
[ 2026-05-27 15:12:10,643] 49 root - INFO - Started Regular Expression mapping
[ 2026-05-27 15:12:10,643] 174 root - INFO - Data transformation complete
[ 2026-05-27 15:12:10,643] 49 root - INFO - Started Regular Expression mapping
[ 2026-05-27 15:12:10,643] 174 root - INFO - Data transformation complete
[ 2026-05-27 15:12:10,643] 49 root - INFO - Started Regular Expression mapping
[ 2026-05-27 15:12:10,644] 174 root - INFO - Data transformation complete
[ 2026-05-27 15:12:10,644] 49 root - INFO - Started Regular Expression mapping
[ 2026-05-27 15:12:10,644] 174 root - INFO - Data transformation complete
[ 2026-05-27 15:12:10,644] 49 root - INFO - Started Regular Expression mapping
[ 2026-05-27 15:12:10,644] 174 root - INFO - Data transformation complete
[ 2026-05-27 15:12:10,644] 49 root - INFO - Started Regular Expression mapping
[ 2026-05-27 15:12:10,645] 25 root - INFO - Match heuristic business names to paybill payments
[ 2026-05-27 15:12:10,645] 174 root - INFO - Data transformation complete
[ 2026-05-27 15:12:10,645] 49 root - INFO - Started Regular Expression mapping
[ 2026-05-27 15:12:10,645] 174 root - INFO - Data transformation complete
[ 2026-05-27 15:12:10,645] 49 root - INFO - Started Regular Expression mapping
[ 2026-05-27 15:12:10,645] 174 root - INFO - Data transformation complete
[ 2026-05-27 15:12:10,645] 49 root - INFO - Started Regular Expression mapping
[ 2026-05-27 15:12:10,646] 174 root - INFO - Data transformation complete
[ 2026-05-27 15:12:10,646] 49 root - INFO - Started Regular Expression mapping
[ 2026-05-27 15:12:10,646] 174 root - INFO - Data transformation complete
[ 2026-05-27 15:12:10,646] 49 root - INFO - Started Regular Expression mapping
[ 2026-05-27 15:12:10,646] 25 root - INFO - Match heuristic business names to paybill payments
[ 2026-05-27 15:12:10,646] 174 root - INFO - Data transformation complete
[ 2026-05-27 15:12:10,646] 49 root - INFO - Started Regular Expression mapping
[ 2026-05-27 15:12:10,647] 174 root - INFO - Data transformation complete
[ 2026-05-27 15:12:10,647] 49 root - INFO - Started Regular Expression mapping
[ 2026-05-27 15:12:10,647] 174 root - INFO - Data transformation complete
[ 2026-05-27 15:12:10,647] 49 root - INFO - Started Regular Expression mapping
[ 2026-05-27 15:12:10,647] 174 root - INFO - Data transformation complete
[ 2026-05-27 15:12:10,647] 49 root - INFO - Started Regular Expression mapping
[ 2026-05-27 15:12:10,648] 174 root - INFO - Data transformation complete
[ 2026-05-27 15:12:10,648] 49 root - INFO - Started Regular Expression mapping
[ 2026-05-27 15:12:10,648] 174 root - INFO - Data transformation complete
[ 2026-05-27 15:12:10,648] 49 root - INFO - Started Regular Expression mapping
[ 2026-05-27 15:12:10,648] 174 root - INFO - Data transformation complete
[ 2026-05-27 15:12:10,648] 49 root - INFO - Started Regular Expression mapping
[ 2026-05-27 15:12:10,648] 174 root - INFO - Data transformation complete
[ 2026-05-27 15:12:10,649] 49 root - INFO - Started Regular Expression mapping
[ 2026-05-27 15:12:10,649] 25 root - INFO - Match heuristic business names to paybill payments
[ 2026-05-27 15:12:10,649] 174 root - INFO - Data transformation complete
[ 2026-05-27 15:12:10,650] 49 root - INFO - Started Regular Expression mapping
[ 2026-05-27 15:12:10,650] 174 root - INFO - Data transformation complete
[ 2026-05-27 15:12:10,650] 49 root - INFO - Started Regular Expression mapping
[ 2026-05-27 15:12:10,650] 174 root - INFO - Data transformation complete
[ 2026-05-27 15:12:10,650] 49 root - INFO - Started Regular Expression mapping
[ 2026-05-27 15:12:10,651] 174 root - INFO - Data transformation complete
[ 2026-05-27 15:12:10,651] 49 root - INFO - Started Regular Expression mapping
[ 2026-05-27 15:12:10,651] 174 root - INFO - Data transformation complete
[ 2026-05-27 15:12:10,651] 49 root - INFO - Started Regular Expression mapping
[ 2026-05-27 15:12:10,651] 25 root - INFO - Match heuristic business names to paybill payments
[ 2026-05-27 15:12:10,651] 174 root - INFO - Data transformation complete
[ 2026-05-27 15:12:10,651] 49 root - INFO - Started Regular Expression mapping
[ 2026-05-27 15:12:10,652] 174 root - INFO - Data transformation complete
[ 2026-05-27 15:12:10,652] 49 root - INFO - Started Regular Expression mapping
[ 2026-05-27 15:12:10,652] 174 root - INFO - Data transformation complete
[ 2026-05-27 15:12:10,652] 49 root - INFO - Started Regular Expression mapping
[ 2026-05-27 15:12:10,652] 174 root - INFO - Data transformation complete
[ 2026-05-27 15:12:10,652] 49 root - INFO - Started Regular Expression mapping
[ 2026-05-27 15:12:10,653] 25 root - INFO - Match heuristic business names to paybill payments
[ 2026-05-27 15:12:10,653] 174 root - INFO - Data transformation complete
[ 2026-05-27 15:12:10,653] 49 root - INFO - Started Regular Expression mapping
[ 2026-05-27 15:12:10,653] 25 root - INFO - Match heuristic business names to paybill payments
[ 2026-05-27 15:12:10,653] 174 root - INFO - Data transformation complete
[ 2026-05-27 15:12:10,653] 49 root - INFO - Started Regular Expression mapping
[ 2026-05-27 15:12:10,653] 174 root - INFO - Data transformation complete
[ 2026-05-27 15:12:10,654] 49 root - INFO - Started Regular Expression mapping
[ 2026-05-27 15:12:10,654] 25 root - INFO - Match heuristic business names to paybill payments
[ 2026-05-27 15:12:10,654] 174 root - INFO - Data transformation complete
[ 2026-05-27 15:12:10,654] 49 root - INFO - Started Regular Expression mapping
[ 2026-05-27 15:12:10,654] 174 root - INFO - Data transformation complete
[ 2026-05-27 15:12:10,654] 49 root - INFO - Started Regular Expression mapping
[ 2026-05-27 15:12:10,655] 174 root - INFO - Data transformation complete
[ 2026-05-27 15:12:10,655] 49 root - INFO - Started Regular Expression mapping
[ 2026-05-27 15:12:10,655] 174 root - INFO - Data transformation complete
[ 2026-05-27 15:12:10,655] 49 root - INFO - Started Regular Expression mapping
[ 2026-05-27 15:12:10,655] 174 root - INFO - Data transformation complete
[ 2026-05-27 15:12:10,655] 49 root - INFO - Started Regular Expression mapping
[ 2026-05-27 15:12:10,655] 174 root - INFO - Data transformation complete
[ 2026-05-27 15:12:10,656] 49 root - INFO - Started Regular Expression mapping
[ 2026-05-27 15:12:10,656] 174 root - INFO - Data transformation complete
[ 2026-05-27 15:12:10,656] 49 root - INFO - Started Regular Expression mapping
[ 2026-05-27 15:12:10,656] 174 root - INFO - Data transformation complete
[ 2026-05-27 15:12:10,656] 49 root - INFO - Started Regular Expression mapping
[ 2026-05-27 15:12:10,656] 174 root - INFO - Data transformation complete
[ 2026-05-27 15:12:10,657] 49 root - INFO - Started Regular Expression mapping
[ 2026-05-27 15:12:10,657] 174 root - INFO - Data transformation complete
[ 2026-05-27 15:12:10,657] 49 root - INFO - Started Regular Expression mapping
[ 2026-05-27 15:12:10,657] 174 root - INFO - Data transformation complete
[ 2026-05-27 15:12:10,657] 49 root - INFO - Started Regular Expression mapping
[ 2026-05-27 15:12:10,657] 174 root - INFO - Data transformation complete
[ 2026-05-27 15:12:10,657] 49 root - INFO - Started Regular Expression mapping
[ 2026-05-27 15:12:10,658] 25 root - INFO - Match heuristic business names to paybill payments
[ 2026-05-27 15:12:10,658] 174 root - INFO - Data transformation complete
[ 2026-05-27 15:12:10,658] 49 root - INFO - Started Regular Expression mapping
[ 2026-05-27 15:12:10,658] 174 root - INFO - Data transformation complete
[ 2026-05-27 15:12:10,658] 49 root - INFO - Started Regular Expression mapping
[ 2026-05-27 15:12:10,658] 174 root - INFO - Data transformation complete
[ 2026-05-27 15:12:10,659] 49 root - INFO - Started Regular Expression mapping
[ 2026-05-27 15:12:10,659] 174 root - INFO - Data transformation complete
[ 2026-05-27 15:12:10,659] 49 root - INFO - Started Regular Expression mapping
[ 2026-05-27 15:12:10,659] 174 root - INFO - Data transformation complete
[ 2026-05-27 15:12:10,659] 49 root - INFO - Started Regular Expression mapping
[ 2026-05-27 15:12:10,659] 174 root - INFO - Data transformation complete
[ 2026-05-27 15:12:10,659] 49 root - INFO - Started Regular Expression mapping
[ 2026-05-27 15:12:10,660] 174 root - INFO - Data transformation complete
[ 2026-05-27 15:12:10,660] 49 root - INFO - Started Regular Expression mapping
[ 2026-05-27 15:12:10,660] 174 root - INFO - Data transformation complete
[ 2026-05-27 15:12:10,660] 49 root - INFO - Started Regular Expression mapping
[ 2026-05-27 15:12:10,660] 25 root - INFO - Match heuristic business names to paybill payments
[ 2026-05-27 15:12:10,660] 174 root - INFO - Data transformation complete
[ 2026-05-27 15:12:10,661] 49 root - INFO - Started Regular Expression mapping
[ 2026-05-27 15:12:10,661] 174 root - INFO - Data transformation complete
[ 2026-05-27 15:12:10,661] 49 root - INFO - Started Regular Expression mapping
[ 2026-05-27 15:12:10,661] 174 root - INFO - Data transformation complete
[ 2026-05-27 15:12:10,661] 49 root - INFO - Started Regular Expression mapping
[ 2026-05-27 15:12:10,661] 174 root - INFO - Data transformation complete
[ 2026-05-27 15:12:10,661] 49 root - INFO - Started Regular Expression mapping
[ 2026-05-27 15:12:10,662] 174 root - INFO - Data transformation complete
[ 2026-05-27 15:12:10,662] 49 root - INFO - Started Regular Expression mapping
[ 2026-05-27 15:12:10,662] 174 root - INFO - Data transformation complete
[ 2026-05-27 15:12:10,662] 49 root - INFO - Started Regular Expression mapping
[ 2026-05-27 15:12:10,662] 25 root - INFO - Match heuristic business names to paybill payments
[ 2026-05-27 15:12:10,662] 174 root - INFO - Data transformation complete
[ 2026-05-27 15:12:10,663] 49 root - INFO - Started Regular Expression mapping
[ 2026-05-27 15:12:10,663] 174 root - INFO - Data transformation complete
[ 2026-05-27 15:12:10,663] 49 root - INFO - Started Regular Expression mapping
[ 2026-05-27 15:12:10,663] 25 root - INFO - Match heuristic business names to paybill payments
[ 2026-05-27 15:12:10,663] 174 root - INFO - Data transformation complete
[ 2026-05-27 15:12:10,663] 49 root - INFO - Started Regular Expression mapping
[ 2026-05-27 15:12:10,663] 25 root - INFO - Match heuristic business names to paybill payments
[ 2026-05-27 15:12:10,664] 174 root - INFO - Data transformation complete
[ 2026-05-27 15:12:10,664] 49 root - INFO - Started Regular Expression mapping
[ 2026-05-27 15:12:10,664] 174 root - INFO - Data transformation complete
[ 2026-05-27 15:12:10,664] 49 root - INFO - Started Regular Expression mapping
[ 2026-05-27 15:12:10,664] 174 root - INFO - Data transformation complete
[ 2026-05-27 15:12:10,664] 49 root - INFO - Started Regular Expression mapping
[ 2026-05-27 15:12:10,665] 174 root - INFO - Data transformation complete
[ 2026-05-27 15:12:10,665] 49 root - INFO - Started Regular Expression mapping
[ 2026-05-27 15:12:10,666] 174 root - INFO - Data transformation complete
[ 2026-05-27 15:12:10,666] 49 root - INFO - Started Regular Expression mapping
[ 2026-05-27 15:12:10,666] 174 root - INFO - Data transformation complete
[ 2026-05-27 15:12:10,666] 49 root - INFO - Started Regular Expression mapping
[ 2026-05-27 15:12:10,666] 174 root - INFO - Data transformation complete
[ 2026-05-27 15:12:10,666] 49 root - INFO - Started Regular Expression mapping
[ 2026-05-27 15:12:10,667] 174 root - INFO - Data transformation complete
[ 2026-05-27 15:12:10,667] 49 root - INFO - Started Regular Expression mapping
[ 2026-05-27 15:12:10,667] 174 root - INFO - Data transformation complete
[ 2026-05-27 15:12:10,667] 49 root - INFO - Started Regular Expression mapping
[ 2026-05-27 15:12:10,667] 174 root - INFO - Data transformation complete
[ 2026-05-27 15:12:10,668] 49 root - INFO - Started Regular Expression mapping
[ 2026-05-27 15:12:10,668] 174 root - INFO - Data transformation complete
[ 2026-05-27 15:12:10,668] 49 root - INFO - Started Regular Expression mapping
[ 2026-05-27 15:12:10,668] 25 root - INFO - Match heuristic business names to paybill payments
[ 2026-05-27 15:12:10,668] 174 root - INFO - Data transformation complete
[ 2026-05-27 15:12:10,669] 49 root - INFO - Started Regular Expression mapping
[ 2026-05-27 15:12:10,669] 174 root - INFO - Data transformation complete
[ 2026-05-27 15:12:10,669] 49 root - INFO - Started Regular Expression mapping
[ 2026-05-27 15:12:10,669] 174 root - INFO - Data transformation complete
[ 2026-05-27 15:12:10,669] 49 root - INFO - Started Regular Expression mapping
[ 2026-05-27 15:12:10,670] 174 root - INFO - Data transformation complete
[ 2026-05-27 15:12:10,670] 49 root - INFO - Started Regular Expression mapping
[ 2026-05-27 15:12:10,670] 25 root - INFO - Match heuristic business names to paybill payments
[ 2026-05-27 15:12:10,670] 174 root - INFO - Data transformation complete
[ 2026-05-27 15:12:10,670] 49 root - INFO - Started Regular Expression mapping
[ 2026-05-27 15:12:10,670] 174 root - INFO - Data transformation complete
[ 2026-05-27 15:12:10,671] 49 root - INFO - Started Regular Expression mapping
[ 2026-05-27 15:12:10,671] 174 root - INFO - Data transformation complete
[ 2026-05-27 15:12:10,671] 49 root - INFO - Started Regular Expression mapping
[ 2026-05-27 15:12:10,671] 174 root - INFO - Data transformation complete
[ 2026-05-27 15:12:10,671] 49 root - INFO - Started Regular Expression mapping
[ 2026-05-27 15:12:10,672] 174 root - INFO - Data transformation complete
[ 2026-05-27 15:12:10,672] 49 root - INFO - Started Regular Expression mapping
[ 2026-05-27 15:12:10,672] 174 root - INFO - Data transformation complete
[ 2026-05-27 15:12:10,672] 49 root - INFO - Started Regular Expression mapping
[ 2026-05-27 15:12:10,672] 174 root - INFO - Data transformation complete
[ 2026-05-27 15:12:10,673] 49 root - INFO - Started Regular Expression mapping
[ 2026-05-27 15:12:10,673] 174 root - INFO - Data transformation complete
[ 2026-05-27 15:12:10,673] 49 root - INFO - Started Regular Expression mapping
[ 2026-05-27 15:12:10,673] 25 root - INFO - Match heuristic business names to paybill payments
[ 2026-05-27 15:12:10,673] 174 root - INFO - Data transformation complete
[ 2026-05-27 15:12:10,673] 49 root - INFO - Started Regular Expression mapping
[ 2026-05-27 15:12:10,674] 174 root - INFO - Data transformation complete
[ 2026-05-27 15:12:10,674] 49 root - INFO - Started Regular Expression mapping
[ 2026-05-27 15:12:10,674] 174 root - INFO - Data transformation complete
[ 2026-05-27 15:12:10,674] 49 root - INFO - Started Regular Expression mapping
[ 2026-05-27 15:12:10,674] 174 root - INFO - Data transformation complete
[ 2026-05-27 15:12:10,675] 49 root - INFO - Started Regular Expression mapping
[ 2026-05-27 15:12:10,675] 174 root - INFO - Data transformation complete
[ 2026-05-27 15:12:10,675] 49 root - INFO - Started Regular Expression mapping
[ 2026-05-27 15:12:10,675] 174 root - INFO - Data transformation complete
[ 2026-05-27 15:12:10,675] 49 root - INFO - Started Regular Expression mapping
[ 2026-05-27 15:12:10,676] 174 root - INFO - Data transformation complete
[ 2026-05-27 15:12:10,676] 49 root - INFO - Started Regular Expression mapping
[ 2026-05-27 15:12:10,676] 174 root - INFO - Data transformation complete
[ 2026-05-27 15:12:10,676] 49 root - INFO - Started Regular Expression mapping
[ 2026-05-27 15:12:10,676] 174 root - INFO - Data transformation complete
[ 2026-05-27 15:12:10,676] 49 root - INFO - Started Regular Expression mapping
[ 2026-05-27 15:12:10,677] 174 root - INFO - Data transformation complete
[ 2026-05-27 15:12:10,677] 49 root - INFO - Started Regular Expression mapping
[ 2026-05-27 15:12:10,677] 174 root - INFO - Data transformation complete
[ 2026-05-27 15:12:10,677] 49 root - INFO - Started Regular Expression mapping
[ 2026-05-27 15:12:10,677] 174 root - INFO - Data transformation complete
[ 2026-05-27 15:12:10,678] 49 root - INFO - Started Regular Expression mapping
[ 2026-05-27 15:12:10,678] 174 root - INFO - Data transformation complete
[ 2026-05-27 15:12:10,678] 49 root - INFO - Started Regular Expression mapping
[ 2026-05-27 15:12:10,678] 174 root - INFO - Data transformation complete
[ 2026-05-27 15:12:10,678] 49 root - INFO - Started Regular Expression mapping
[ 2026-05-27 15:12:10,679] 174 root - INFO - Data transformation complete
[ 2026-05-27 15:12:10,679] 49 root - INFO - Started Regular Expression mapping
[ 2026-05-27 15:12:10,679] 174 root - INFO - Data transformation complete
[ 2026-05-27 15:12:10,679] 49 root - INFO - Started Regular Expression mapping
[ 2026-05-27 15:12:10,679] 174 root - INFO - Data transformation complete
[ 2026-05-27 15:12:10,680] 49 root - INFO - Started Regular Expression mapping
[ 2026-05-27 15:12:10,680] 174 root - INFO - Data transformation complete
[ 2026-05-27 15:12:10,680] 49 root - INFO - Started Regular Expression mapping
[ 2026-05-27 15:12:10,680] 174 root - INFO - Data transformation complete
[ 2026-05-27 15:12:10,680] 49 root - INFO - Started Regular Expression mapping
[ 2026-05-27 15:12:10,681] 174 root - INFO - Data transformation complete
[ 2026-05-27 15:12:10,681] 49 root - INFO - Started Regular Expression mapping
[ 2026-05-27 15:12:10,681] 174 root - INFO - Data transformation complete
[ 2026-05-27 15:12:10,681] 49 root - INFO - Started Regular Expression mapping
[ 2026-05-27 15:12:10,681] 174 root - INFO - Data transformation complete
[ 2026-05-27 15:12:10,682] 49 root - INFO - Started Regular Expression mapping
[ 2026-05-27 15:12:10,682] 25 root - INFO - Match heuristic business names to paybill payments
[ 2026-05-27 15:12:10,682] 174 root - INFO - Data transformation complete
[ 2026-05-27 15:12:10,682] 49 root - INFO - Started Regular Expression mapping
[ 2026-05-27 15:12:10,682] 25 root - INFO - Match heuristic business names to paybill payments
[ 2026-05-27 15:12:10,682] 174 root - INFO - Data transformation complete
[ 2026-05-27 15:12:10,683] 49 root - INFO - Started Regular Expression mapping
[ 2026-05-27 15:12:10,683] 25 root - INFO - Match heuristic business names to paybill payments
[ 2026-05-27 15:12:10,683] 174 root - INFO - Data transformation complete
[ 2026-05-27 15:12:10,683] 49 root - INFO - Started Regular Expression mapping
[ 2026-05-27 15:12:10,683] 174 root - INFO - Data transformation complete
[ 2026-05-27 15:12:10,684] 49 root - INFO - Started Regular Expression mapping
[ 2026-05-27 15:12:10,684] 174 root - INFO - Data transformation complete
[ 2026-05-27 15:12:10,684] 49 root - INFO - Started Regular Expression mapping
[ 2026-05-27 15:12:10,684] 174 root - INFO - Data transformation complete
[ 2026-05-27 15:12:10,684] 49 root - INFO - Started Regular Expression mapping
[ 2026-05-27 15:12:10,685] 174 root - INFO - Data transformation complete
[ 2026-05-27 15:12:10,685] 49 root - INFO - Started Regular Expression mapping
[ 2026-05-27 15:12:10,685] 25 root - INFO - Match heuristic business names to paybill payments
[ 2026-05-27 15:12:10,685] 174 root - INFO - Data transformation complete
[ 2026-05-27 15:12:10,685] 49 root - INFO - Started Regular Expression mapping
[ 2026-05-27 15:12:10,685] 174 root - INFO - Data transformation complete
[ 2026-05-27 15:12:10,686] 49 root - INFO - Started Regular Expression mapping
[ 2026-05-27 15:12:10,686] 174 root - INFO - Data transformation complete
[ 2026-05-27 15:12:10,686] 49 root - INFO - Started Regular Expression mapping
[ 2026-05-27 15:12:10,686] 174 root - INFO - Data transformation complete
[ 2026-05-27 15:12:10,686] 49 root - INFO - Started Regular Expression mapping
[ 2026-05-27 15:12:10,687] 174 root - INFO - Data transformation complete
[ 2026-05-27 15:12:10,687] 49 root - INFO - Started Regular Expression mapping
[ 2026-05-27 15:12:10,687] 174 root - INFO - Data transformation complete
[ 2026-05-27 15:12:10,687] 49 root - INFO - Started Regular Expression mapping
[ 2026-05-27 15:12:10,687] 174 root - INFO - Data transformation complete
[ 2026-05-27 15:12:10,687] 49 root - INFO - Started Regular Expression mapping
[ 2026-05-27 15:12:10,688] 174 root - INFO - Data transformation complete
[ 2026-05-27 15:12:10,688] 49 root - INFO - Started Regular Expression mapping
[ 2026-05-27 15:12:10,688] 174 root - INFO - Data transformation complete
[ 2026-05-27 15:12:10,688] 49 root - INFO - Started Regular Expression mapping
[ 2026-05-27 15:12:10,688] 174 root - INFO - Data transformation complete
[ 2026-05-27 15:12:10,689] 49 root - INFO - Started Regular Expression mapping
[ 2026-05-27 15:12:10,689] 25 root - INFO - Match heuristic business names to paybill payments
[ 2026-05-27 15:12:10,689] 174 root - INFO - Data transformation complete
[ 2026-05-27 15:12:10,689] 49 root - INFO - Started Regular Expression mapping
[ 2026-05-27 15:12:10,689] 174 root - INFO - Data transformation complete
[ 2026-05-27 15:12:10,690] 49 root - INFO - Started Regular Expression mapping
[ 2026-05-27 15:12:10,690] 174 root - INFO - Data transformation complete
[ 2026-05-27 15:12:10,690] 49 root - INFO - Started Regular Expression mapping
[ 2026-05-27 15:12:10,690] 174 root - INFO - Data transformation complete
[ 2026-05-27 15:12:10,690] 49 root - INFO - Started Regular Expression mapping
[ 2026-05-27 15:12:10,691] 174 root - INFO - Data transformation complete
[ 2026-05-27 15:12:10,691] 49 root - INFO - Started Regular Expression mapping
[ 2026-05-27 15:12:10,691] 174 root - INFO - Data transformation complete
[ 2026-05-27 15:12:10,691] 49 root - INFO - Started Regular Expression mapping
[ 2026-05-27 15:12:10,691] 174 root - INFO - Data transformation complete
[ 2026-05-27 15:12:10,691] 49 root - INFO - Started Regular Expression mapping
[ 2026-05-27 15:12:10,692] 174 root - INFO - Data transformation complete
[ 2026-05-27 15:12:10,692] 49 root - INFO - Started Regular Expression mapping
[ 2026-05-27 15:12:10,692] 174 root - INFO - Data transformation complete
[ 2026-05-27 15:12:10,692] 49 root - INFO - Started Regular Expression mapping
[ 2026-05-27 15:12:10,692] 25 root - INFO - Match heuristic business names to paybill payments
[ 2026-05-27 15:12:10,693] 174 root - INFO - Data transformation complete
[ 2026-05-27 15:12:10,693] 49 root - INFO - Started Regular Expression mapping
[ 2026-05-27 15:12:10,693] 174 root - INFO - Data transformation complete
[ 2026-05-27 15:12:10,693] 49 root - INFO - Started Regular Expression mapping
[ 2026-05-27 15:12:10,693] 25 root - INFO - Match heuristic business names to paybill payments
[ 2026-05-27 15:12:10,694] 174 root - INFO - Data transformation complete
[ 2026-05-27 15:12:10,694] 49 root - INFO - Started Regular Expression mapping
[ 2026-05-27 15:12:10,694] 25 root - INFO - Match heuristic business names to paybill payments
[ 2026-05-27 15:12:10,694] 174 root - INFO - Data transformation complete
[ 2026-05-27 15:12:10,694] 49 root - INFO - Started Regular Expression mapping
[ 2026-05-27 15:12:10,695] 174 root - INFO - Data transformation complete
[ 2026-05-27 15:12:10,695] 49 root - INFO - Started Regular Expression mapping
[ 2026-05-27 15:12:10,695] 174 root - INFO - Data transformation complete
[ 2026-05-27 15:12:10,695] 49 root - INFO - Started Regular Expression mapping
[ 2026-05-27 15:12:10,695] 25 root - INFO - Match heuristic business names to paybill payments
[ 2026-05-27 15:12:10,695] 174 root - INFO - Data transformation complete
[ 2026-05-27 15:12:10,695] 49 root - INFO - Started Regular Expression mapping
[ 2026-05-27 15:12:10,696] 174 root - INFO - Data transformation complete
[ 2026-05-27 15:12:10,696] 49 root - INFO - Started Regular Expression mapping
[ 2026-05-27 15:12:10,696] 25 root - INFO - Match heuristic business names to paybill payments
[ 2026-05-27 15:12:10,696] 174 root - INFO - Data transformation complete
[ 2026-05-27 15:12:10,696] 49 root - INFO - Started Regular Expression mapping
[ 2026-05-27 15:12:10,696] 174 root - INFO - Data transformation complete
[ 2026-05-27 15:12:10,697] 49 root - INFO - Started Regular Expression mapping
[ 2026-05-27 15:12:10,697] 25 root - INFO - Match heuristic business names to paybill payments
[ 2026-05-27 15:12:10,697] 174 root - INFO - Data transformation complete
[ 2026-05-27 15:12:10,698] 49 root - INFO - Started Regular Expression mapping
[ 2026-05-27 15:12:10,698] 174 root - INFO - Data transformation complete
[ 2026-05-27 15:12:10,698] 49 root - INFO - Started Regular Expression mapping
[ 2026-05-27 15:12:10,698] 25 root - INFO - Match heuristic business names to paybill payments
[ 2026-05-27 15:12:10,698] 174 root - INFO - Data transformation complete
[ 2026-05-27 15:12:10,698] 49 root - INFO - Started Regular Expression mapping
[ 2026-05-27 15:12:10,699] 174 root - INFO - Data transformation complete
[ 2026-05-27 15:12:10,699] 49 root - INFO - Started Regular Expression mapping
[ 2026-05-27 15:12:10,699] 174 root - INFO - Data transformation complete
[ 2026-05-27 15:12:10,699] 49 root - INFO - Started Regular Expression mapping
[ 2026-05-27 15:12:10,699] 25 root - INFO - Match heuristic business names to paybill payments
[ 2026-05-27 15:12:10,699] 174 root - INFO - Data transformation complete
[ 2026-05-27 15:12:10,699] 49 root - INFO - Started Regular Expression mapping
[ 2026-05-27 15:12:10,700] 174 root - INFO - Data transformation complete
[ 2026-05-27 15:12:10,700] 49 root - INFO - Started Regular Expression mapping
[ 2026-05-27 15:12:10,700] 174 root - INFO - Data transformation complete
[ 2026-05-27 15:12:10,700] 49 root - INFO - Started Regular Expression mapping
[ 2026-05-27 15:12:10,700] 174 root - INFO - Data transformation complete
[ 2026-05-27 15:12:10,700] 49 root - INFO - Started Regular Expression mapping
[ 2026-05-27 15:12:10,701] 174 root - INFO - Data transformation complete
[ 2026-05-27 15:12:10,701] 49 root - INFO - Started Regular Expression mapping
[ 2026-05-27 15:12:10,701] 174 root - INFO - Data transformation complete
[ 2026-05-27 15:12:10,701] 49 root - INFO - Started Regular Expression mapping
[ 2026-05-27 15:12:10,701] 174 root - INFO - Data transformation complete
[ 2026-05-27 15:12:10,701] 49 root - INFO - Started Regular Expression mapping
[ 2026-05-27 15:12:10,702] 174 root - INFO - Data transformation complete
[ 2026-05-27 15:12:10,702] 49 root - INFO - Started Regular Expression mapping
[ 2026-05-27 15:12:10,702] 174 root - INFO - Data transformation complete
[ 2026-05-27 15:12:10,702] 49 root - INFO - Started Regular Expression mapping
[ 2026-05-27 15:12:10,702] 174 root - INFO - Data transformation complete
[ 2026-05-27 15:12:10,702] 49 root - INFO - Started Regular Expression mapping
[ 2026-05-27 15:12:10,702] 174 root - INFO - Data transformation complete
[ 2026-05-27 15:12:10,703] 49 root - INFO - Started Regular Expression mapping
[ 2026-05-27 15:12:10,703] 174 root - INFO - Data transformation complete
[ 2026-05-27 15:12:10,703] 49 root - INFO - Started Regular Expression mapping
[ 2026-05-27 15:12:10,703] 25 root - INFO - Match heuristic business names to paybill payments
[ 2026-05-27 15:12:10,703] 174 root - INFO - Data transformation complete
[ 2026-05-27 15:12:10,703] 49 root - INFO - Started Regular Expression mapping
[ 2026-05-27 15:12:10,703] 25 root - INFO - Match heuristic business names to paybill payments
[ 2026-05-27 15:12:10,704] 174 root - INFO - Data transformation complete
[ 2026-05-27 15:12:10,704] 49 root - INFO - Started Regular Expression mapping
[ 2026-05-27 15:12:10,704] 25 root - INFO - Match heuristic business names to paybill payments
[ 2026-05-27 15:12:10,704] 174 root - INFO - Data transformation complete
[ 2026-05-27 15:12:10,704] 49 root - INFO - Started Regular Expression mapping
[ 2026-05-27 15:12:10,704] 174 root - INFO - Data transformation complete
[ 2026-05-27 15:12:10,704] 49 root - INFO - Started Regular Expression mapping
[ 2026-05-27 15:12:10,705] 174 root - INFO - Data transformation complete
[ 2026-05-27 15:12:10,705] 49 root - INFO - Started Regular Expression mapping
[ 2026-05-27 15:12:10,705] 25 root - INFO - Match heuristic business names to paybill payments
[ 2026-05-27 15:12:10,705] 174 root - INFO - Data transformation complete
[ 2026-05-27 15:12:10,705] 49 root - INFO - Started Regular Expression mapping
[ 2026-05-27 15:12:10,706] 25 root - INFO - Match heuristic business names to paybill payments
[ 2026-05-27 15:12:10,706] 174 root - INFO - Data transformation complete
[ 2026-05-27 15:12:10,706] 49 root - INFO - Started Regular Expression mapping
[ 2026-05-27 15:12:10,706] 25 root - INFO - Match heuristic business names to paybill payments
[ 2026-05-27 15:12:10,706] 174 root - INFO - Data transformation complete
[ 2026-05-27 15:12:10,706] 49 root - INFO - Started Regular Expression mapping
[ 2026-05-27 15:12:10,706] 174 root - INFO - Data transformation complete
[ 2026-05-27 15:12:10,706] 49 root - INFO - Started Regular Expression mapping
[ 2026-05-27 15:12:10,707] 174 root - INFO - Data transformation complete
[ 2026-05-27 15:12:10,707] 49 root - INFO - Started Regular Expression mapping
[ 2026-05-27 15:12:10,707] 174 root - INFO - Data transformation complete
[ 2026-05-27 15:12:10,707] 49 root - INFO - Started Regular Expression mapping
[ 2026-05-27 15:12:10,708] 174 root - INFO - Data transformation complete
[ 2026-05-27 15:12:10,708] 49 root - INFO - Started Regular Expression mapping
[ 2026-05-27 15:12:10,708] 174 root - INFO - Data transformation complete
[ 2026-05-27 15:12:10,708] 49 root - INFO - Started Regular Expression mapping
[ 2026-05-27 15:12:10,708] 174 root - INFO - Data transformation complete
[ 2026-05-27 15:12:10,709] 49 root - INFO - Started Regular Expression mapping
[ 2026-05-27 15:12:10,709] 174 root - INFO - Data transformation complete
[ 2026-05-27 15:12:10,709] 49 root - INFO - Started Regular Expression mapping
[ 2026-05-27 15:12:10,709] 174 root - INFO - Data transformation complete
[ 2026-05-27 15:12:10,709] 49 root - INFO - Started Regular Expression mapping
[ 2026-05-27 15:12:10,710] 174 root - INFO - Data transformation complete
[ 2026-05-27 15:12:10,710] 49 root - INFO - Started Regular Expression mapping
[ 2026-05-27 15:12:10,710] 174 root - INFO - Data transformation complete
[ 2026-05-27 15:12:10,710] 49 root - INFO - Started Regular Expression mapping
[ 2026-05-27 15:12:10,710] 174 root - INFO - Data transformation complete
[ 2026-05-27 15:12:10,710] 49 root - INFO - Started Regular Expression mapping
[ 2026-05-27 15:12:10,710] 174 root - INFO - Data transformation complete
[ 2026-05-27 15:12:10,711] 49 root - INFO - Started Regular Expression mapping
[ 2026-05-27 15:12:10,711] 174 root - INFO - Data transformation complete
[ 2026-05-27 15:12:10,711] 49 root - INFO - Started Regular Expression mapping
[ 2026-05-27 15:12:10,711] 174 root - INFO - Data transformation complete
[ 2026-05-27 15:12:10,711] 49 root - INFO - Started Regular Expression mapping
[ 2026-05-27 15:12:10,711] 174 root - INFO - Data transformation complete
[ 2026-05-27 15:12:10,711] 49 root - INFO - Started Regular Expression mapping
[ 2026-05-27 15:12:10,712] 174 root - INFO - Data transformation complete
[ 2026-05-27 15:12:10,712] 49 root - INFO - Started Regular Expression mapping
[ 2026-05-27 15:12:10,712] 174 root - INFO - Data transformation complete
[ 2026-05-27 15:12:10,712] 49 root - INFO - Started Regular Expression mapping
[ 2026-05-27 15:12:10,712] 174 root - INFO - Data transformation complete
[ 2026-05-27 15:12:10,712] 49 root - INFO - Started Regular Expression mapping
[ 2026-05-27 15:12:10,713] 174 root - INFO - Data transformation complete
[ 2026-05-27 15:12:10,713] 49 root - INFO - Started Regular Expression mapping
[ 2026-05-27 15:12:10,713] 25 root - INFO - Match heuristic business names to paybill payments
[ 2026-05-27 15:12:10,713] 174 root - INFO - Data transformation complete
[ 2026-05-27 15:12:10,713] 49 root - INFO - Started Regular Expression mapping
[ 2026-05-27 15:12:10,714] 25 root - INFO - Match heuristic business names to paybill payments
[ 2026-05-27 15:12:10,714] 174 root - INFO - Data transformation complete
[ 2026-05-27 15:12:10,714] 49 root - INFO - Started Regular Expression mapping
[ 2026-05-27 15:12:10,715] 174 root - INFO - Data transformation complete
[ 2026-05-27 15:12:10,715] 49 root - INFO - Started Regular Expression mapping
[ 2026-05-27 15:12:10,715] 174 root - INFO - Data transformation complete
[ 2026-05-27 15:12:10,715] 49 root - INFO - Started Regular Expression mapping
[ 2026-05-27 15:12:10,715] 174 root - INFO - Data transformation complete
[ 2026-05-27 15:12:10,715] 49 root - INFO - Started Regular Expression mapping
[ 2026-05-27 15:12:10,716] 174 root - INFO - Data transformation complete
[ 2026-05-27 15:12:10,716] 49 root - INFO - Started Regular Expression mapping
[ 2026-05-27 15:12:10,716] 174 root - INFO - Data transformation complete
[ 2026-05-27 15:12:10,716] 49 root - INFO - Started Regular Expression mapping
[ 2026-05-27 15:12:10,716] 174 root - INFO - Data transformation complete
[ 2026-05-27 15:12:10,716] 49 root - INFO - Started Regular Expression mapping
[ 2026-05-27 15:12:10,717] 174 root - INFO - Data transformation complete
[ 2026-05-27 15:12:10,717] 49 root - INFO - Started Regular Expression mapping
[ 2026-05-27 15:12:10,717] 174 root - INFO - Data transformation complete
[ 2026-05-27 15:12:10,717] 49 root - INFO - Started Regular Expression mapping
[ 2026-05-27 15:12:10,717] 174 root - INFO - Data transformation complete
[ 2026-05-27 15:12:10,717] 49 root - INFO - Started Regular Expression mapping
[ 2026-05-27 15:12:10,718] 174 root - INFO - Data transformation complete
[ 2026-05-27 15:12:10,718] 49 root - INFO - Started Regular Expression mapping
[ 2026-05-27 15:12:10,718] 25 root - INFO - Match heuristic business names to paybill payments
[ 2026-05-27 15:12:10,718] 174 root - INFO - Data transformation complete
[ 2026-05-27 15:12:10,718] 49 root - INFO - Started Regular Expression mapping
[ 2026-05-27 15:12:10,718] 25 root - INFO - Match heuristic business names to paybill payments
[ 2026-05-27 15:12:10,718] 174 root - INFO - Data transformation complete
[ 2026-05-27 15:12:10,719] 49 root - INFO - Started Regular Expression mapping
[ 2026-05-27 15:12:10,719] 25 root - INFO - Match heuristic business names to paybill payments
[ 2026-05-27 15:12:10,719] 174 root - INFO - Data transformation complete
[ 2026-05-27 15:12:10,719] 49 root - INFO - Started Regular Expression mapping
[ 2026-05-27 15:12:10,719] 25 root - INFO - Match heuristic business names to paybill payments
[ 2026-05-27 15:12:10,719] 174 root - INFO - Data transformation complete
[ 2026-05-27 15:12:10,719] 49 root - INFO - Started Regular Expression mapping
[ 2026-05-27 15:12:10,720] 25 root - INFO - Match heuristic business names to paybill payments
[ 2026-05-27 15:12:10,720] 174 root - INFO - Data transformation complete
[ 2026-05-27 15:12:10,720] 49 root - INFO - Started Regular Expression mapping
[ 2026-05-27 15:12:10,720] 174 root - INFO - Data transformation complete
[ 2026-05-27 15:12:10,720] 49 root - INFO - Started Regular Expression mapping
[ 2026-05-27 15:12:10,720] 174 root - INFO - Data transformation complete
[ 2026-05-27 15:12:10,721] 49 root - INFO - Started Regular Expression mapping
[ 2026-05-27 15:12:10,721] 174 root - INFO - Data transformation complete
[ 2026-05-27 15:12:10,721] 49 root - INFO - Started Regular Expression mapping
[ 2026-05-27 15:12:10,721] 174 root - INFO - Data transformation complete
[ 2026-05-27 15:12:10,721] 49 root - INFO - Started Regular Expression mapping
[ 2026-05-27 15:12:10,721] 174 root - INFO - Data transformation complete
[ 2026-05-27 15:12:10,721] 49 root - INFO - Started Regular Expression mapping
[ 2026-05-27 15:12:10,722] 174 root - INFO - Data transformation complete
[ 2026-05-27 15:12:10,722] 49 root - INFO - Started Regular Expression mapping
[ 2026-05-27 15:12:10,722] 174 root - INFO - Data transformation complete
[ 2026-05-27 15:12:10,722] 49 root - INFO - Started Regular Expression mapping
[ 2026-05-27 15:12:10,722] 174 root - INFO - Data transformation complete
[ 2026-05-27 15:12:10,723] 49 root - INFO - Started Regular Expression mapping
[ 2026-05-27 15:12:10,723] 174 root - INFO - Data transformation complete
[ 2026-05-27 15:12:10,723] 49 root - INFO - Started Regular Expression mapping
[ 2026-05-27 15:12:10,723] 174 root - INFO - Data transformation complete
[ 2026-05-27 15:12:10,723] 49 root - INFO - Started Regular Expression mapping
[ 2026-05-27 15:12:10,723] 25 root - INFO - Match heuristic business names to paybill payments
[ 2026-05-27 15:12:10,723] 174 root - INFO - Data transformation complete
[ 2026-05-27 15:12:10,724] 49 root - INFO - Started Regular Expression mapping
[ 2026-05-27 15:12:10,724] 174 root - INFO - Data transformation complete
[ 2026-05-27 15:12:10,724] 49 root - INFO - Started Regular Expression mapping
[ 2026-05-27 15:12:10,724] 174 root - INFO - Data transformation complete
[ 2026-05-27 15:12:10,724] 49 root - INFO - Started Regular Expression mapping
[ 2026-05-27 15:12:10,725] 25 root - INFO - Match heuristic business names to paybill payments
[ 2026-05-27 15:12:10,725] 174 root - INFO - Data transformation complete
[ 2026-05-27 15:12:10,725] 49 root - INFO - Started Regular Expression mapping
[ 2026-05-27 15:12:10,725] 174 root - INFO - Data transformation complete
[ 2026-05-27 15:12:10,725] 49 root - INFO - Started Regular Expression mapping
[ 2026-05-27 15:12:10,725] 25 root - INFO - Match heuristic business names to paybill payments
[ 2026-05-27 15:12:10,726] 174 root - INFO - Data transformation complete
[ 2026-05-27 15:12:10,726] 49 root - INFO - Started Regular Expression mapping
[ 2026-05-27 15:12:10,726] 174 root - INFO - Data transformation complete
[ 2026-05-27 15:12:10,726] 49 root - INFO - Started Regular Expression mapping
[ 2026-05-27 15:12:10,726] 25 root - INFO - Match heuristic business names to paybill payments
[ 2026-05-27 15:12:10,726] 174 root - INFO - Data transformation complete
[ 2026-05-27 15:12:10,727] 49 root - INFO - Started Regular Expression mapping
[ 2026-05-27 15:12:10,727] 25 root - INFO - Match heuristic business names to paybill payments
[ 2026-05-27 15:12:10,727] 174 root - INFO - Data transformation complete
[ 2026-05-27 15:12:10,727] 49 root - INFO - Started Regular Expression mapping
[ 2026-05-27 15:12:10,727] 174 root - INFO - Data transformation complete
[ 2026-05-27 15:12:10,728] 49 root - INFO - Started Regular Expression mapping
[ 2026-05-27 15:12:10,728] 25 root - INFO - Match heuristic business names to paybill payments
[ 2026-05-27 15:12:10,728] 174 root - INFO - Data transformation complete
[ 2026-05-27 15:12:10,728] 49 root - INFO - Started Regular Expression mapping
[ 2026-05-27 15:12:10,728] 174 root - INFO - Data transformation complete
[ 2026-05-27 15:12:10,728] 49 root - INFO - Started Regular Expression mapping
[ 2026-05-27 15:12:10,729] 25 root - INFO - Match heuristic business names to paybill payments
[ 2026-05-27 15:12:10,729] 174 root - INFO - Data transformation complete
[ 2026-05-27 15:12:10,729] 49 root - INFO - Started Regular Expression mapping
[ 2026-05-27 15:12:10,729] 174 root - INFO - Data transformation complete
[ 2026-05-27 15:12:10,729] 49 root - INFO - Started Regular Expression mapping
[ 2026-05-27 15:12:10,730] 25 root - INFO - Match heuristic business names to paybill payments
[ 2026-05-27 15:12:10,730] 174 root - INFO - Data transformation complete
[ 2026-05-27 15:12:10,730] 49 root - INFO - Started Regular Expression mapping
[ 2026-05-27 15:12:10,730] 25 root - INFO - Match heuristic business names to paybill payments
[ 2026-05-27 15:12:10,730] 174 root - INFO - Data transformation complete
[ 2026-05-27 15:12:10,730] 49 root - INFO - Started Regular Expression mapping
[ 2026-05-27 15:12:10,731] 25 root - INFO - Match heuristic business names to paybill payments
[ 2026-05-27 15:12:10,731] 174 root - INFO - Data transformation complete
[ 2026-05-27 15:12:10,731] 49 root - INFO - Started Regular Expression mapping
[ 2026-05-27 15:12:10,731] 174 root - INFO - Data transformation complete
[ 2026-05-27 15:12:10,731] 49 root - INFO - Started Regular Expression mapping
[ 2026-05-27 15:12:10,732] 174 root - INFO - Data transformation complete
[ 2026-05-27 15:12:10,732] 49 root - INFO - Started Regular Expression mapping
[ 2026-05-27 15:12:10,732] 25 root - INFO - Match heuristic business names to paybill payments
[ 2026-05-27 15:12:10,732] 174 root - INFO - Data transformation complete
[ 2026-05-27 15:12:10,732] 49 root - INFO - Started Regular Expression mapping
[ 2026-05-27 15:12:10,732] 25 root - INFO - Match heuristic business names to paybill payments
[ 2026-05-27 15:12:10,733] 174 root - INFO - Data transformation complete
[ 2026-05-27 15:12:10,733] 49 root - INFO - Started Regular Expression mapping
[ 2026-05-27 15:12:10,733] 25 root - INFO - Match heuristic business names to paybill payments
[ 2026-05-27 15:12:10,733] 174 root - INFO - Data transformation complete
[ 2026-05-27 15:12:10,733] 49 root - INFO - Started Regular Expression mapping
[ 2026-05-27 15:12:10,733] 174 root - INFO - Data transformation complete
[ 2026-05-27 15:12:10,734] 49 root - INFO - Started Regular Expression mapping
[ 2026-05-27 15:12:10,734] 174 root - INFO - Data transformation complete
[ 2026-05-27 15:12:10,734] 49 root - INFO - Started Regular Expression mapping
[ 2026-05-27 15:12:10,734] 25 root - INFO - Match heuristic business names to paybill payments
[ 2026-05-27 15:12:10,734] 174 root - INFO - Data transformation complete
[ 2026-05-27 15:12:10,735] 49 root - INFO - Started Regular Expression mapping
[ 2026-05-27 15:12:10,735] 25 root - INFO - Match heuristic business names to paybill payments
[ 2026-05-27 15:12:10,735] 174 root - INFO - Data transformation complete
[ 2026-05-27 15:12:10,735] 49 root - INFO - Started Regular Expression mapping
[ 2026-05-27 15:12:10,735] 25 root - INFO - Match heuristic business names to paybill payments
[ 2026-05-27 15:12:10,735] 174 root - INFO - Data transformation complete
[ 2026-05-27 15:12:10,736] 49 root - INFO - Started Regular Expression mapping
[ 2026-05-27 15:12:10,736] 174 root - INFO - Data transformation complete
[ 2026-05-27 15:12:10,736] 49 root - INFO - Started Regular Expression mapping
[ 2026-05-27 15:12:10,736] 25 root - INFO - Match heuristic business names to paybill payments
[ 2026-05-27 15:12:10,736] 174 root - INFO - Data transformation complete
[ 2026-05-27 15:12:10,736] 49 root - INFO - Started Regular Expression mapping
[ 2026-05-27 15:12:10,737] 174 root - INFO - Data transformation complete
[ 2026-05-27 15:12:10,737] 49 root - INFO - Started Regular Expression mapping
[ 2026-05-27 15:12:10,737] 174 root - INFO - Data transformation complete
[ 2026-05-27 15:12:10,737] 49 root - INFO - Started Regular Expression mapping
[ 2026-05-27 15:12:10,737] 174 root - INFO - Data transformation complete
[ 2026-05-27 15:12:10,738] 49 root - INFO - Started Regular Expression mapping
[ 2026-05-27 15:12:10,738] 174 root - INFO - Data transformation complete
[ 2026-05-27 15:12:10,738] 49 root - INFO - Started Regular Expression mapping
[ 2026-05-27 15:12:10,738] 174 root - INFO - Data transformation complete
[ 2026-05-27 15:12:10,738] 49 root - INFO - Started Regular Expression mapping
[ 2026-05-27 15:12:10,739] 174 root - INFO - Data transformation complete
[ 2026-05-27 15:12:10,739] 49 root - INFO - Started Regular Expression mapping
[ 2026-05-27 15:12:10,739] 174 root - INFO - Data transformation complete
[ 2026-05-27 15:12:10,739] 49 root - INFO - Started Regular Expression mapping
[ 2026-05-27 15:12:10,739] 174 root - INFO - Data transformation complete
[ 2026-05-27 15:12:10,740] 49 root - INFO - Started Regular Expression mapping
[ 2026-05-27 15:12:10,740] 174 root - INFO - Data transformation complete
[ 2026-05-27 15:12:10,740] 49 root - INFO - Started Regular Expression mapping
[ 2026-05-27 15:12:10,740] 174 root - INFO - Data transformation complete
[ 2026-05-27 15:12:10,740] 49 root - INFO - Started Regular Expression mapping
[ 2026-05-27 15:12:10,741] 174 root - INFO - Data transformation complete
[ 2026-05-27 15:12:10,741] 49 root - INFO - Started Regular Expression mapping
[ 2026-05-27 15:12:10,741] 174 root - INFO - Data transformation complete
[ 2026-05-27 15:12:10,741] 49 root - INFO - Started Regular Expression mapping
[ 2026-05-27 15:12:10,741] 174 root - INFO - Data transformation complete
[ 2026-05-27 15:12:10,742] 49 root - INFO - Started Regular Expression mapping
[ 2026-05-27 15:12:10,742] 174 root - INFO - Data transformation complete
[ 2026-05-27 15:12:10,742] 49 root - INFO - Started Regular Expression mapping
[ 2026-05-27 15:12:10,742] 174 root - INFO - Data transformation complete
[ 2026-05-27 15:12:10,742] 49 root - INFO - Started Regular Expression mapping
[ 2026-05-27 15:12:10,743] 174 root - INFO - Data transformation complete
[ 2026-05-27 15:12:10,743] 49 root - INFO - Started Regular Expression mapping
[ 2026-05-27 15:12:10,743] 174 root - INFO - Data transformation complete
[ 2026-05-27 15:12:10,743] 49 root - INFO - Started Regular Expression mapping
[ 2026-05-27 15:12:10,743] 174 root - INFO - Data transformation complete
[ 2026-05-27 15:12:10,743] 49 root - INFO - Started Regular Expression mapping
[ 2026-05-27 15:12:10,744] 174 root - INFO - Data transformation complete
[ 2026-05-27 15:12:10,744] 49 root - INFO - Started Regular Expression mapping
[ 2026-05-27 15:12:10,744] 174 root - INFO - Data transformation complete
[ 2026-05-27 15:12:10,744] 49 root - INFO - Started Regular Expression mapping
[ 2026-05-27 15:12:10,744] 25 root - INFO - Match heuristic business names to paybill payments
[ 2026-05-27 15:12:10,745] 174 root - INFO - Data transformation complete
[ 2026-05-27 15:12:10,745] 49 root - INFO - Started Regular Expression mapping
[ 2026-05-27 15:12:10,745] 174 root - INFO - Data transformation complete
[ 2026-05-27 15:12:10,745] 49 root - INFO - Started Regular Expression mapping
[ 2026-05-27 15:12:10,745] 174 root - INFO - Data transformation complete
[ 2026-05-27 15:12:10,746] 49 root - INFO - Started Regular Expression mapping
[ 2026-05-27 15:12:10,746] 174 root - INFO - Data transformation complete
[ 2026-05-27 15:12:10,746] 49 root - INFO - Started Regular Expression mapping
[ 2026-05-27 15:12:10,746] 174 root - INFO - Data transformation complete
[ 2026-05-27 15:12:10,746] 49 root - INFO - Started Regular Expression mapping
[ 2026-05-27 15:12:10,747] 174 root - INFO - Data transformation complete
[ 2026-05-27 15:12:10,747] 49 root - INFO - Started Regular Expression mapping
[ 2026-05-27 15:12:10,747] 174 root - INFO - Data transformation complete
[ 2026-05-27 15:12:10,747] 49 root - INFO - Started Regular Expression mapping
[ 2026-05-27 15:12:10,747] 174 root - INFO - Data transformation complete
[ 2026-05-27 15:12:10,747] 49 root - INFO - Started Regular Expression mapping
[ 2026-05-27 15:12:10,748] 25 root - INFO - Match heuristic business names to paybill payments
[ 2026-05-27 15:12:10,748] 174 root - INFO - Data transformation complete
[ 2026-05-27 15:12:10,748] 49 root - INFO - Started Regular Expression mapping
[ 2026-05-27 15:12:10,748] 25 root - INFO - Match heuristic business names to paybill payments
[ 2026-05-27 15:12:10,748] 174 root - INFO - Data transformation complete
[ 2026-05-27 15:12:10,748] 49 root - INFO - Started Regular Expression mapping
[ 2026-05-27 15:12:10,749] 25 root - INFO - Match heuristic business names to paybill payments
[ 2026-05-27 15:12:10,749] 174 root - INFO - Data transformation complete
[ 2026-05-27 15:12:10,749] 49 root - INFO - Started Regular Expression mapping
[ 2026-05-27 15:12:10,749] 174 root - INFO - Data transformation complete
[ 2026-05-27 15:12:10,749] 49 root - INFO - Started Regular Expression mapping
[ 2026-05-27 15:12:10,750] 174 root - INFO - Data transformation complete
[ 2026-05-27 15:12:10,750] 49 root - INFO - Started Regular Expression mapping
[ 2026-05-27 15:12:10,750] 174 root - INFO - Data transformation complete
[ 2026-05-27 15:12:10,750] 49 root - INFO - Started Regular Expression mapping
[ 2026-05-27 15:12:10,750] 174 root - INFO - Data transformation complete
[ 2026-05-27 15:12:10,751] 49 root - INFO - Started Regular Expression mapping
[ 2026-05-27 15:12:10,751] 174 root - INFO - Data transformation complete
[ 2026-05-27 15:12:10,751] 49 root - INFO - Started Regular Expression mapping
[ 2026-05-27 15:12:10,751] 174 root - INFO - Data transformation complete
[ 2026-05-27 15:12:10,751] 49 root - INFO - Started Regular Expression mapping
[ 2026-05-27 15:12:10,752] 174 root - INFO - Data transformation complete
[ 2026-05-27 15:12:10,752] 49 root - INFO - Started Regular Expression mapping
[ 2026-05-27 15:12:10,752] 25 root - INFO - Match heuristic business names to paybill payments
[ 2026-05-27 15:12:10,752] 174 root - INFO - Data transformation complete
[ 2026-05-27 15:12:10,752] 49 root - INFO - Started Regular Expression mapping
[ 2026-05-27 15:12:10,752] 174 root - INFO - Data transformation complete
[ 2026-05-27 15:12:10,753] 49 root - INFO - Started Regular Expression mapping
[ 2026-05-27 15:12:10,753] 174 root - INFO - Data transformation complete
[ 2026-05-27 15:12:10,753] 49 root - INFO - Started Regular Expression mapping
[ 2026-05-27 15:12:10,753] 25 root - INFO - Match heuristic business names to paybill payments
[ 2026-05-27 15:12:10,753] 174 root - INFO - Data transformation complete
[ 2026-05-27 15:12:10,754] 49 root - INFO - Started Regular Expression mapping
[ 2026-05-27 15:12:10,754] 174 root - INFO - Data transformation complete
[ 2026-05-27 15:12:10,754] 49 root - INFO - Started Regular Expression mapping
[ 2026-05-27 15:12:10,754] 174 root - INFO - Data transformation complete
[ 2026-05-27 15:12:10,754] 49 root - INFO - Started Regular Expression mapping
[ 2026-05-27 15:12:10,755] 174 root - INFO - Data transformation complete
[ 2026-05-27 15:12:10,755] 49 root - INFO - Started Regular Expression mapping
[ 2026-05-27 15:12:10,755] 25 root - INFO - Match heuristic business names to paybill payments
[ 2026-05-27 15:12:10,755] 174 root - INFO - Data transformation complete
[ 2026-05-27 15:12:10,755] 49 root - INFO - Started Regular Expression mapping
[ 2026-05-27 15:12:10,755] 174 root - INFO - Data transformation complete
[ 2026-05-27 15:12:10,756] 49 root - INFO - Started Regular Expression mapping
[ 2026-05-27 15:12:10,756] 174 root - INFO - Data transformation complete
[ 2026-05-27 15:12:10,756] 49 root - INFO - Started Regular Expression mapping
[ 2026-05-27 15:12:10,756] 25 root - INFO - Match heuristic business names to paybill payments
[ 2026-05-27 15:12:10,756] 174 root - INFO - Data transformation complete
[ 2026-05-27 15:12:10,756] 49 root - INFO - Started Regular Expression mapping
[ 2026-05-27 15:12:10,756] 174 root - INFO - Data transformation complete
[ 2026-05-27 15:12:10,757] 49 root - INFO - Started Regular Expression mapping
[ 2026-05-27 15:12:10,757] 174 root - INFO - Data transformation complete
[ 2026-05-27 15:12:10,757] 49 root - INFO - Started Regular Expression mapping
[ 2026-05-27 15:12:10,757] 174 root - INFO - Data transformation complete
[ 2026-05-27 15:12:10,757] 49 root - INFO - Started Regular Expression mapping
[ 2026-05-27 15:12:10,757] 25 root - INFO - Match heuristic business names to paybill payments
[ 2026-05-27 15:12:10,758] 174 root - INFO - Data transformation complete
[ 2026-05-27 15:12:10,758] 49 root - INFO - Started Regular Expression mapping
[ 2026-05-27 15:12:10,758] 174 root - INFO - Data transformation complete
[ 2026-05-27 15:12:10,758] 49 root - INFO - Started Regular Expression mapping
[ 2026-05-27 15:12:10,758] 25 root - INFO - Match heuristic business names to paybill payments
[ 2026-05-27 15:12:10,758] 174 root - INFO - Data transformation complete
[ 2026-05-27 15:12:10,758] 49 root - INFO - Started Regular Expression mapping
[ 2026-05-27 15:12:10,759] 174 root - INFO - Data transformation complete
[ 2026-05-27 15:12:10,759] 49 root - INFO - Started Regular Expression mapping
[ 2026-05-27 15:12:10,759] 25 root - INFO - Match heuristic business names to paybill payments
[ 2026-05-27 15:12:10,759] 174 root - INFO - Data transformation complete
[ 2026-05-27 15:12:10,759] 49 root - INFO - Started Regular Expression mapping
[ 2026-05-27 15:12:10,759] 174 root - INFO - Data transformation complete
[ 2026-05-27 15:12:10,759] 49 root - INFO - Started Regular Expression mapping
[ 2026-05-27 15:12:10,760] 174 root - INFO - Data transformation complete
[ 2026-05-27 15:12:10,760] 49 root - INFO - Started Regular Expression mapping
[ 2026-05-27 15:12:10,760] 174 root - INFO - Data transformation complete
[ 2026-05-27 15:12:10,760] 49 root - INFO - Started Regular Expression mapping
[ 2026-05-27 15:12:10,760] 174 root - INFO - Data transformation complete
[ 2026-05-27 15:12:10,760] 49 root - INFO - Started Regular Expression mapping
[ 2026-05-27 15:12:10,761] 174 root - INFO - Data transformation complete
[ 2026-05-27 15:12:10,761] 49 root - INFO - Started Regular Expression mapping
[ 2026-05-27 15:12:10,761] 174 root - INFO - Data transformation complete
[ 2026-05-27 15:12:10,761] 49 root - INFO - Started Regular Expression mapping
[ 2026-05-27 15:12:10,761] 174 root - INFO - Data transformation complete
[ 2026-05-27 15:12:10,761] 49 root - INFO - Started Regular Expression mapping
[ 2026-05-27 15:12:10,762] 25 root - INFO - Match heuristic business names to paybill payments
[ 2026-05-27 15:12:10,762] 174 root - INFO - Data transformation complete
[ 2026-05-27 15:12:10,762] 49 root - INFO - Started Regular Expression mapping
[ 2026-05-27 15:12:10,762] 25 root - INFO - Match heuristic business names to paybill payments
[ 2026-05-27 15:12:10,762] 174 root - INFO - Data transformation complete
[ 2026-05-27 15:12:10,762] 49 root - INFO - Started Regular Expression mapping
[ 2026-05-27 15:12:10,762] 174 root - INFO - Data transformation complete
[ 2026-05-27 15:12:10,763] 49 root - INFO - Started Regular Expression mapping
[ 2026-05-27 15:12:10,763] 174 root - INFO - Data transformation complete
[ 2026-05-27 15:12:10,763] 49 root - INFO - Started Regular Expression mapping
[ 2026-05-27 15:12:10,763] 174 root - INFO - Data transformation complete
[ 2026-05-27 15:12:10,763] 49 root - INFO - Started Regular Expression mapping
[ 2026-05-27 15:12:10,763] 174 root - INFO - Data transformation complete
[ 2026-05-27 15:12:10,764] 49 root - INFO - Started Regular Expression mapping
[ 2026-05-27 15:12:10,764] 174 root - INFO - Data transformation complete
[ 2026-05-27 15:12:10,764] 49 root - INFO - Started Regular Expression mapping
[ 2026-05-27 15:12:10,764] 25 root - INFO - Match heuristic business names to paybill payments
[ 2026-05-27 15:12:10,764] 174 root - INFO - Data transformation complete
[ 2026-05-27 15:12:10,764] 49 root - INFO - Started Regular Expression mapping
[ 2026-05-27 15:12:10,764] 25 root - INFO - Match heuristic business names to paybill payments
[ 2026-05-27 15:12:10,765] 174 root - INFO - Data transformation complete
[ 2026-05-27 15:12:10,765] 49 root - INFO - Started Regular Expression mapping
[ 2026-05-27 15:12:10,765] 174 root - INFO - Data transformation complete
[ 2026-05-27 15:12:10,765] 49 root - INFO - Started Regular Expression mapping
[ 2026-05-27 15:12:10,765] 174 root - INFO - Data transformation complete
[ 2026-05-27 15:12:10,765] 49 root - INFO - Started Regular Expression mapping
[ 2026-05-27 15:12:10,766] 174 root - INFO - Data transformation complete
[ 2026-05-27 15:12:10,766] 49 root - INFO - Started Regular Expression mapping
[ 2026-05-27 15:12:10,766] 174 root - INFO - Data transformation complete
[ 2026-05-27 15:12:10,766] 49 root - INFO - Started Regular Expression mapping
[ 2026-05-27 15:12:10,766] 174 root - INFO - Data transformation complete
[ 2026-05-27 15:12:10,766] 49 root - INFO - Started Regular Expression mapping
[ 2026-05-27 15:12:10,766] 25 root - INFO - Match heuristic business names to paybill payments
[ 2026-05-27 15:12:10,767] 174 root - INFO - Data transformation complete
[ 2026-05-27 15:12:10,767] 49 root - INFO - Started Regular Expression mapping
[ 2026-05-27 15:12:10,767] 25 root - INFO - Match heuristic business names to paybill payments
[ 2026-05-27 15:12:10,767] 174 root - INFO - Data transformation complete
[ 2026-05-27 15:12:10,767] 49 root - INFO - Started Regular Expression mapping
[ 2026-05-27 15:12:10,767] 174 root - INFO - Data transformation complete
[ 2026-05-27 15:12:10,767] 49 root - INFO - Started Regular Expression mapping
[ 2026-05-27 15:12:10,768] 174 root - INFO - Data transformation complete
[ 2026-05-27 15:12:10,768] 49 root - INFO - Started Regular Expression mapping
[ 2026-05-27 15:12:10,768] 174 root - INFO - Data transformation complete
[ 2026-05-27 15:12:10,768] 49 root - INFO - Started Regular Expression mapping
[ 2026-05-27 15:12:10,768] 25 root - INFO - Match heuristic business names to paybill payments
[ 2026-05-27 15:12:10,768] 174 root - INFO - Data transformation complete
[ 2026-05-27 15:12:10,769] 49 root - INFO - Started Regular Expression mapping
[ 2026-05-27 15:12:10,769] 174 root - INFO - Data transformation complete
[ 2026-05-27 15:12:10,769] 49 root - INFO - Started Regular Expression mapping
[ 2026-05-27 15:12:10,769] 174 root - INFO - Data transformation complete
[ 2026-05-27 15:12:10,769] 49 root - INFO - Started Regular Expression mapping
[ 2026-05-27 15:12:10,769] 174 root - INFO - Data transformation complete
[ 2026-05-27 15:12:10,769] 49 root - INFO - Started Regular Expression mapping
[ 2026-05-27 15:12:10,770] 174 root - INFO - Data transformation complete
[ 2026-05-27 15:12:10,770] 49 root - INFO - Started Regular Expression mapping
[ 2026-05-27 15:12:10,770] 174 root - INFO - Data transformation complete
[ 2026-05-27 15:12:10,770] 49 root - INFO - Started Regular Expression mapping
[ 2026-05-27 15:12:10,770] 174 root - INFO - Data transformation complete
[ 2026-05-27 15:12:10,770] 49 root - INFO - Started Regular Expression mapping
[ 2026-05-27 15:12:10,771] 25 root - INFO - Match heuristic business names to paybill payments
[ 2026-05-27 15:12:10,771] 174 root - INFO - Data transformation complete
[ 2026-05-27 15:12:10,771] 49 root - INFO - Started Regular Expression mapping
[ 2026-05-27 15:12:10,771] 25 root - INFO - Match heuristic business names to paybill payments
[ 2026-05-27 15:12:10,771] 174 root - INFO - Data transformation complete
[ 2026-05-27 15:12:10,771] 49 root - INFO - Started Regular Expression mapping
[ 2026-05-27 15:12:10,771] 174 root - INFO - Data transformation complete
[ 2026-05-27 15:12:10,772] 49 root - INFO - Started Regular Expression mapping
[ 2026-05-27 15:12:10,772] 174 root - INFO - Data transformation complete
[ 2026-05-27 15:12:10,772] 49 root - INFO - Started Regular Expression mapping
[ 2026-05-27 15:12:10,772] 174 root - INFO - Data transformation complete
[ 2026-05-27 15:12:10,772] 49 root - INFO - Started Regular Expression mapping
[ 2026-05-27 15:12:10,772] 25 root - INFO - Match heuristic business names to paybill payments
[ 2026-05-27 15:12:10,772] 174 root - INFO - Data transformation complete
[ 2026-05-27 15:12:10,773] 49 root - INFO - Started Regular Expression mapping
[ 2026-05-27 15:12:10,773] 25 root - INFO - Match heuristic business names to paybill payments
[ 2026-05-27 15:12:10,773] 174 root - INFO - Data transformation complete
[ 2026-05-27 15:12:10,773] 49 root - INFO - Started Regular Expression mapping
[ 2026-05-27 15:12:10,773] 25 root - INFO - Match heuristic business names to paybill payments
[ 2026-05-27 15:12:10,773] 174 root - INFO - Data transformation complete
[ 2026-05-27 15:12:10,773] 49 root - INFO - Started Regular Expression mapping
[ 2026-05-27 15:12:10,774] 25 root - INFO - Match heuristic business names to paybill payments
[ 2026-05-27 15:12:10,774] 174 root - INFO - Data transformation complete
[ 2026-05-27 15:12:10,774] 49 root - INFO - Started Regular Expression mapping
[ 2026-05-27 15:12:10,774] 174 root - INFO - Data transformation complete
[ 2026-05-27 15:12:10,774] 49 root - INFO - Started Regular Expression mapping
[ 2026-05-27 15:12:10,774] 174 root - INFO - Data transformation complete
[ 2026-05-27 15:12:10,775] 49 root - INFO - Started Regular Expression mapping
[ 2026-05-27 15:12:10,775] 174 root - INFO - Data transformation complete
[ 2026-05-27 15:12:10,775] 49 root - INFO - Started Regular Expression mapping
[ 2026-05-27 15:12:10,775] 25 root - INFO - Match heuristic business names to paybill payments
[ 2026-05-27 15:12:10,775] 174 root - INFO - Data transformation complete
[ 2026-05-27 15:12:10,775] 49 root - INFO - Started Regular Expression mapping
[ 2026-05-27 15:12:10,775] 25 root - INFO - Match heuristic business names to paybill payments
[ 2026-05-27 15:12:10,776] 174 root - INFO - Data transformation complete
[ 2026-05-27 15:12:10,776] 49 root - INFO - Started Regular Expression mapping
[ 2026-05-27 15:12:10,776] 174 root - INFO - Data transformation complete
[ 2026-05-27 15:12:10,776] 49 root - INFO - Started Regular Expression mapping
[ 2026-05-27 15:12:10,776] 174 root - INFO - Data transformation complete
[ 2026-05-27 15:12:10,776] 49 root - INFO - Started Regular Expression mapping
[ 2026-05-27 15:12:10,777] 174 root - INFO - Data transformation complete
[ 2026-05-27 15:12:10,777] 49 root - INFO - Started Regular Expression mapping
[ 2026-05-27 15:12:10,777] 174 root - INFO - Data transformation complete
[ 2026-05-27 15:12:10,777] 49 root - INFO - Started Regular Expression mapping
[ 2026-05-27 15:12:10,777] 174 root - INFO - Data transformation complete
[ 2026-05-27 15:12:10,777] 49 root - INFO - Started Regular Expression mapping
[ 2026-05-27 15:12:10,778] 174 root - INFO - Data transformation complete
[ 2026-05-27 15:12:10,778] 49 root - INFO - Started Regular Expression mapping
[ 2026-05-27 15:12:10,778] 174 root - INFO - Data transformation complete
[ 2026-05-27 15:12:10,778] 49 root - INFO - Started Regular Expression mapping
[ 2026-05-27 15:12:10,778] 174 root - INFO - Data transformation complete
[ 2026-05-27 15:12:10,778] 49 root - INFO - Started Regular Expression mapping
[ 2026-05-27 15:12:10,779] 174 root - INFO - Data transformation complete
[ 2026-05-27 15:12:10,779] 49 root - INFO - Started Regular Expression mapping
[ 2026-05-27 15:12:10,779] 25 root - INFO - Match heuristic business names to paybill payments
[ 2026-05-27 15:12:10,779] 174 root - INFO - Data transformation complete
[ 2026-05-27 15:12:10,779] 49 root - INFO - Started Regular Expression mapping
[ 2026-05-27 15:12:10,779] 174 root - INFO - Data transformation complete
[ 2026-05-27 15:12:10,779] 49 root - INFO - Started Regular Expression mapping
[ 2026-05-27 15:12:10,780] 25 root - INFO - Match heuristic business names to paybill payments
[ 2026-05-27 15:12:10,780] 174 root - INFO - Data transformation complete
[ 2026-05-27 15:12:10,780] 49 root - INFO - Started Regular Expression mapping
[ 2026-05-27 15:12:10,780] 25 root - INFO - Match heuristic business names to paybill payments
[ 2026-05-27 15:12:10,780] 174 root - INFO - Data transformation complete
[ 2026-05-27 15:12:10,780] 49 root - INFO - Started Regular Expression mapping
[ 2026-05-27 15:12:10,780] 174 root - INFO - Data transformation complete
[ 2026-05-27 15:12:10,781] 49 root - INFO - Started Regular Expression mapping
[ 2026-05-27 15:12:10,781] 174 root - INFO - Data transformation complete
[ 2026-05-27 15:12:10,781] 49 root - INFO - Started Regular Expression mapping
[ 2026-05-27 15:12:10,781] 25 root - INFO - Match heuristic business names to paybill payments
[ 2026-05-27 15:12:10,781] 174 root - INFO - Data transformation complete
[ 2026-05-27 15:12:10,781] 49 root - INFO - Started Regular Expression mapping
[ 2026-05-27 15:12:10,782] 174 root - INFO - Data transformation complete
[ 2026-05-27 15:12:10,782] 49 root - INFO - Started Regular Expression mapping
[ 2026-05-27 15:12:10,782] 174 root - INFO - Data transformation complete
[ 2026-05-27 15:12:10,782] 49 root - INFO - Started Regular Expression mapping
[ 2026-05-27 15:12:10,782] 174 root - INFO - Data transformation complete
[ 2026-05-27 15:12:10,782] 49 root - INFO - Started Regular Expression mapping
[ 2026-05-27 15:12:10,782] 174 root - INFO - Data transformation complete
[ 2026-05-27 15:12:10,783] 49 root - INFO - Started Regular Expression mapping
[ 2026-05-27 15:12:10,783] 174 root - INFO - Data transformation complete
[ 2026-05-27 15:12:10,783] 49 root - INFO - Started Regular Expression mapping
[ 2026-05-27 15:12:10,783] 174 root - INFO - Data transformation complete
[ 2026-05-27 15:12:10,783] 49 root - INFO - Started Regular Expression mapping
[ 2026-05-27 15:12:10,783] 174 root - INFO - Data transformation complete
[ 2026-05-27 15:12:10,784] 49 root - INFO - Started Regular Expression mapping
[ 2026-05-27 15:12:10,784] 174 root - INFO - Data transformation complete
[ 2026-05-27 15:12:10,784] 49 root - INFO - Started Regular Expression mapping
[ 2026-05-27 15:12:10,784] 174 root - INFO - Data transformation complete
[ 2026-05-27 15:12:10,784] 49 root - INFO - Started Regular Expression mapping
[ 2026-05-27 15:12:10,784] 174 root - INFO - Data transformation complete
[ 2026-05-27 15:12:10,785] 49 root - INFO - Started Regular Expression mapping
[ 2026-05-27 15:12:10,785] 174 root - INFO - Data transformation complete
[ 2026-05-27 15:12:10,785] 49 root - INFO - Started Regular Expression mapping
[ 2026-05-27 15:12:10,785] 25 root - INFO - Match heuristic business names to paybill payments
[ 2026-05-27 15:12:10,785] 174 root - INFO - Data transformation complete
[ 2026-05-27 15:12:10,785] 49 root - INFO - Started Regular Expression mapping
[ 2026-05-27 15:12:10,785] 174 root - INFO - Data transformation complete
[ 2026-05-27 15:12:10,786] 49 root - INFO - Started Regular Expression mapping
[ 2026-05-27 15:12:10,786] 174 root - INFO - Data transformation complete
[ 2026-05-27 15:12:10,786] 49 root - INFO - Started Regular Expression mapping
[ 2026-05-27 15:12:10,786] 174 root - INFO - Data transformation complete
[ 2026-05-27 15:12:10,786] 49 root - INFO - Started Regular Expression mapping
[ 2026-05-27 15:12:10,786] 174 root - INFO - Data transformation complete
[ 2026-05-27 15:12:10,787] 49 root - INFO - Started Regular Expression mapping
[ 2026-05-27 15:12:10,787] 174 root - INFO - Data transformation complete
[ 2026-05-27 15:12:10,787] 49 root - INFO - Started Regular Expression mapping
[ 2026-05-27 15:12:10,787] 174 root - INFO - Data transformation complete
[ 2026-05-27 15:12:10,787] 49 root - INFO - Started Regular Expression mapping
[ 2026-05-27 15:12:10,787] 174 root - INFO - Data transformation complete
[ 2026-05-27 15:12:10,788] 49 root - INFO - Started Regular Expression mapping
[ 2026-05-27 15:12:10,788] 174 root - INFO - Data transformation complete
[ 2026-05-27 15:12:10,788] 49 root - INFO - Started Regular Expression mapping
[ 2026-05-27 15:12:10,788] 25 root - INFO - Match heuristic business names to paybill payments
[ 2026-05-27 15:12:10,788] 174 root - INFO - Data transformation complete
[ 2026-05-27 15:12:10,788] 49 root - INFO - Started Regular Expression mapping
[ 2026-05-27 15:12:10,788] 174 root - INFO - Data transformation complete
[ 2026-05-27 15:12:10,789] 49 root - INFO - Started Regular Expression mapping
[ 2026-05-27 15:12:10,789] 174 root - INFO - Data transformation complete
[ 2026-05-27 15:12:10,789] 49 root - INFO - Started Regular Expression mapping
[ 2026-05-27 15:12:10,789] 25 root - INFO - Match heuristic business names to paybill payments
[ 2026-05-27 15:12:10,789] 174 root - INFO - Data transformation complete
[ 2026-05-27 15:12:10,789] 49 root - INFO - Started Regular Expression mapping
[ 2026-05-27 15:12:10,789] 174 root - INFO - Data transformation complete
[ 2026-05-27 15:12:10,790] 49 root - INFO - Started Regular Expression mapping
[ 2026-05-27 15:12:10,790] 174 root - INFO - Data transformation complete
[ 2026-05-27 15:12:10,790] 49 root - INFO - Started Regular Expression mapping
[ 2026-05-27 15:12:10,790] 25 root - INFO - Match heuristic business names to paybill payments
[ 2026-05-27 15:12:10,790] 174 root - INFO - Data transformation complete
[ 2026-05-27 15:12:10,790] 49 root - INFO - Started Regular Expression mapping
[ 2026-05-27 15:12:10,791] 174 root - INFO - Data transformation complete
[ 2026-05-27 15:12:10,791] 49 root - INFO - Started Regular Expression mapping
[ 2026-05-27 15:12:10,791] 174 root - INFO - Data transformation complete
[ 2026-05-27 15:12:10,791] 49 root - INFO - Started Regular Expression mapping
[ 2026-05-27 15:12:10,791] 174 root - INFO - Data transformation complete
[ 2026-05-27 15:12:10,791] 49 root - INFO - Started Regular Expression mapping
[ 2026-05-27 15:12:10,792] 174 root - INFO - Data transformation complete
[ 2026-05-27 15:12:10,792] 49 root - INFO - Started Regular Expression mapping
[ 2026-05-27 15:12:10,792] 174 root - INFO - Data transformation complete
[ 2026-05-27 15:12:10,792] 49 root - INFO - Started Regular Expression mapping
[ 2026-05-27 15:12:10,792] 25 root - INFO - Match heuristic business names to paybill payments
[ 2026-05-27 15:12:10,792] 174 root - INFO - Data transformation complete
[ 2026-05-27 15:12:10,792] 49 root - INFO - Started Regular Expression mapping
[ 2026-05-27 15:12:10,793] 174 root - INFO - Data transformation complete
[ 2026-05-27 15:12:10,793] 49 root - INFO - Started Regular Expression mapping
[ 2026-05-27 15:12:10,794] 174 root - INFO - Data transformation complete
[ 2026-05-27 15:12:10,794] 49 root - INFO - Started Regular Expression mapping
[ 2026-05-27 15:12:10,794] 25 root - INFO - Match heuristic business names to paybill payments
[ 2026-05-27 15:12:10,794] 174 root - INFO - Data transformation complete
[ 2026-05-27 15:12:10,794] 49 root - INFO - Started Regular Expression mapping
[ 2026-05-27 15:12:10,794] 174 root - INFO - Data transformation complete
[ 2026-05-27 15:12:10,794] 49 root - INFO - Started Regular Expression mapping
[ 2026-05-27 15:12:10,795] 25 root - INFO - Match heuristic business names to paybill payments
[ 2026-05-27 15:12:10,795] 174 root - INFO - Data transformation complete
[ 2026-05-27 15:12:10,795] 49 root - INFO - Started Regular Expression mapping
[ 2026-05-27 15:12:10,795] 174 root - INFO - Data transformation complete
[ 2026-05-27 15:12:10,795] 49 root - INFO - Started Regular Expression mapping
[ 2026-05-27 15:12:10,795] 174 root - INFO - Data transformation complete
[ 2026-05-27 15:12:10,796] 49 root - INFO - Started Regular Expression mapping
[ 2026-05-27 15:12:10,796] 25 root - INFO - Match heuristic business names to paybill payments
[ 2026-05-27 15:12:10,796] 174 root - INFO - Data transformation complete
[ 2026-05-27 15:12:10,796] 49 root - INFO - Started Regular Expression mapping
[ 2026-05-27 15:12:10,796] 174 root - INFO - Data transformation complete
[ 2026-05-27 15:12:10,796] 49 root - INFO - Started Regular Expression mapping
[ 2026-05-27 15:12:10,796] 174 root - INFO - Data transformation complete
[ 2026-05-27 15:12:10,797] 49 root - INFO - Started Regular Expression mapping
[ 2026-05-27 15:12:10,797] 174 root - INFO - Data transformation complete
[ 2026-05-27 15:12:10,797] 49 root - INFO - Started Regular Expression mapping
[ 2026-05-27 15:12:10,797] 174 root - INFO - Data transformation complete
[ 2026-05-27 15:12:10,797] 49 root - INFO - Started Regular Expression mapping
[ 2026-05-27 15:12:10,797] 174 root - INFO - Data transformation complete
[ 2026-05-27 15:12:10,798] 49 root - INFO - Started Regular Expression mapping
[ 2026-05-27 15:12:10,798] 25 root - INFO - Match heuristic business names to paybill payments
[ 2026-05-27 15:12:10,798] 174 root - INFO - Data transformation complete
[ 2026-05-27 15:12:10,798] 49 root - INFO - Started Regular Expression mapping
[ 2026-05-27 15:12:10,798] 174 root - INFO - Data transformation complete
[ 2026-05-27 15:12:10,798] 49 root - INFO - Started Regular Expression mapping
[ 2026-05-27 15:12:10,798] 174 root - INFO - Data transformation complete
[ 2026-05-27 15:12:10,799] 49 root - INFO - Started Regular Expression mapping
[ 2026-05-27 15:12:10,799] 174 root - INFO - Data transformation complete
[ 2026-05-27 15:12:10,799] 49 root - INFO - Started Regular Expression mapping
[ 2026-05-27 15:12:10,799] 174 root - INFO - Data transformation complete
[ 2026-05-27 15:12:10,799] 49 root - INFO - Started Regular Expression mapping
[ 2026-05-27 15:12:10,799] 174 root - INFO - Data transformation complete
[ 2026-05-27 15:12:10,800] 49 root - INFO - Started Regular Expression mapping
[ 2026-05-27 15:12:10,800] 174 root - INFO - Data transformation complete
[ 2026-05-27 15:12:10,800] 49 root - INFO - Started Regular Expression mapping
[ 2026-05-27 15:12:10,800] 174 root - INFO - Data transformation complete
[ 2026-05-27 15:12:10,800] 49 root - INFO - Started Regular Expression mapping
[ 2026-05-27 15:12:10,800] 25 root - INFO - Match heuristic business names to paybill payments
[ 2026-05-27 15:12:10,800] 174 root - INFO - Data transformation complete
[ 2026-05-27 15:12:10,801] 49 root - INFO - Started Regular Expression mapping
[ 2026-05-27 15:12:10,801] 174 root - INFO - Data transformation complete
[ 2026-05-27 15:12:10,801] 49 root - INFO - Started Regular Expression mapping
[ 2026-05-27 15:12:10,801] 174 root - INFO - Data transformation complete
[ 2026-05-27 15:12:10,801] 49 root - INFO - Started Regular Expression mapping
[ 2026-05-27 15:12:10,801] 174 root - INFO - Data transformation complete
[ 2026-05-27 15:12:10,802] 49 root - INFO - Started Regular Expression mapping
[ 2026-05-27 15:12:10,802] 174 root - INFO - Data transformation complete
[ 2026-05-27 15:12:10,802] 49 root - INFO - Started Regular Expression mapping
[ 2026-05-27 15:12:10,802] 174 root - INFO - Data transformation complete
[ 2026-05-27 15:12:10,802] 49 root - INFO - Started Regular Expression mapping
[ 2026-05-27 15:12:10,802] 174 root - INFO - Data transformation complete
[ 2026-05-27 15:12:10,802] 49 root - INFO - Started Regular Expression mapping
[ 2026-05-27 15:12:10,803] 174 root - INFO - Data transformation complete
[ 2026-05-27 15:12:10,803] 49 root - INFO - Started Regular Expression mapping
[ 2026-05-27 15:12:10,803] 25 root - INFO - Match heuristic business names to paybill payments
[ 2026-05-27 15:12:10,803] 174 root - INFO - Data transformation complete
[ 2026-05-27 15:12:10,803] 49 root - INFO - Started Regular Expression mapping
[ 2026-05-27 15:12:10,803] 25 root - INFO - Match heuristic business names to paybill payments
[ 2026-05-27 15:12:10,803] 174 root - INFO - Data transformation complete
[ 2026-05-27 15:12:10,804] 49 root - INFO - Started Regular Expression mapping
[ 2026-05-27 15:12:10,804] 174 root - INFO - Data transformation complete
[ 2026-05-27 15:12:10,804] 49 root - INFO - Started Regular Expression mapping
[ 2026-05-27 15:12:10,804] 174 root - INFO - Data transformation complete
[ 2026-05-27 15:12:10,804] 49 root - INFO - Started Regular Expression mapping
[ 2026-05-27 15:12:10,804] 25 root - INFO - Match heuristic business names to paybill payments
[ 2026-05-27 15:12:10,805] 174 root - INFO - Data transformation complete
[ 2026-05-27 15:12:10,805] 49 root - INFO - Started Regular Expression mapping
[ 2026-05-27 15:12:10,805] 174 root - INFO - Data transformation complete
[ 2026-05-27 15:12:10,805] 49 root - INFO - Started Regular Expression mapping
[ 2026-05-27 15:12:10,805] 174 root - INFO - Data transformation complete
[ 2026-05-27 15:12:10,805] 49 root - INFO - Started Regular Expression mapping
[ 2026-05-27 15:12:10,805] 25 root - INFO - Match heuristic business names to paybill payments
[ 2026-05-27 15:12:10,806] 174 root - INFO - Data transformation complete
[ 2026-05-27 15:12:10,806] 49 root - INFO - Started Regular Expression mapping
[ 2026-05-27 15:12:10,806] 25 root - INFO - Match heuristic business names to paybill payments
[ 2026-05-27 15:12:10,806] 174 root - INFO - Data transformation complete
[ 2026-05-27 15:12:10,806] 49 root - INFO - Started Regular Expression mapping
[ 2026-05-27 15:12:10,806] 25 root - INFO - Match heuristic business names to paybill payments
[ 2026-05-27 15:12:10,806] 174 root - INFO - Data transformation complete
[ 2026-05-27 15:12:10,807] 49 root - INFO - Started Regular Expression mapping
[ 2026-05-27 15:12:10,807] 174 root - INFO - Data transformation complete
[ 2026-05-27 15:12:10,807] 49 root - INFO - Started Regular Expression mapping
[ 2026-05-27 15:12:10,807] 174 root - INFO - Data transformation complete
[ 2026-05-27 15:12:10,807] 49 root - INFO - Started Regular Expression mapping
[ 2026-05-27 15:12:10,808] 174 root - INFO - Data transformation complete
[ 2026-05-27 15:12:10,808] 49 root - INFO - Started Regular Expression mapping
[ 2026-05-27 15:12:10,808] 174 root - INFO - Data transformation complete
[ 2026-05-27 15:12:10,808] 49 root - INFO - Started Regular Expression mapping
[ 2026-05-27 15:12:10,809] 25 root - INFO - Match heuristic business names to paybill payments
[ 2026-05-27 15:12:10,809] 174 root - INFO - Data transformation complete
[ 2026-05-27 15:12:10,809] 49 root - INFO - Started Regular Expression mapping
[ 2026-05-27 15:12:10,809] 174 root - INFO - Data transformation complete
[ 2026-05-27 15:12:10,809] 49 root - INFO - Started Regular Expression mapping
[ 2026-05-27 15:12:10,809] 174 root - INFO - Data transformation complete
[ 2026-05-27 15:12:10,810] 49 root - INFO - Started Regular Expression mapping
[ 2026-05-27 15:12:10,810] 174 root - INFO - Data transformation complete
[ 2026-05-27 15:12:10,810] 49 root - INFO - Started Regular Expression mapping
[ 2026-05-27 15:12:10,810] 174 root - INFO - Data transformation complete
[ 2026-05-27 15:12:10,810] 49 root - INFO - Started Regular Expression mapping
[ 2026-05-27 15:12:10,810] 25 root - INFO - Match heuristic business names to paybill payments
[ 2026-05-27 15:12:10,811] 174 root - INFO - Data transformation complete
[ 2026-05-27 15:12:10,811] 49 root - INFO - Started Regular Expression mapping
[ 2026-05-27 15:12:10,811] 174 root - INFO - Data transformation complete
[ 2026-05-27 15:12:10,811] 49 root - INFO - Started Regular Expression mapping
[ 2026-05-27 15:12:10,811] 25 root - INFO - Match heuristic business names to paybill payments
[ 2026-05-27 15:12:10,811] 174 root - INFO - Data transformation complete
[ 2026-05-27 15:12:10,811] 49 root - INFO - Started Regular Expression mapping
[ 2026-05-27 15:12:10,812] 174 root - INFO - Data transformation complete
[ 2026-05-27 15:12:10,812] 49 root - INFO - Started Regular Expression mapping
[ 2026-05-27 15:12:10,812] 174 root - INFO - Data transformation complete
[ 2026-05-27 15:12:10,812] 49 root - INFO - Started Regular Expression mapping
[ 2026-05-27 15:12:10,812] 174 root - INFO - Data transformation complete
[ 2026-05-27 15:12:10,812] 49 root - INFO - Started Regular Expression mapping
[ 2026-05-27 15:12:10,813] 174 root - INFO - Data transformation complete
[ 2026-05-27 15:12:10,813] 49 root - INFO - Started Regular Expression mapping
[ 2026-05-27 15:12:10,813] 174 root - INFO - Data transformation complete
[ 2026-05-27 15:12:10,813] 49 root - INFO - Started Regular Expression mapping
[ 2026-05-27 15:12:10,813] 25 root - INFO - Match heuristic business names to paybill payments
[ 2026-05-27 15:12:10,813] 174 root - INFO - Data transformation complete
[ 2026-05-27 15:12:10,813] 49 root - INFO - Started Regular Expression mapping
[ 2026-05-27 15:12:10,814] 174 root - INFO - Data transformation complete
[ 2026-05-27 15:12:10,814] 49 root - INFO - Started Regular Expression mapping
[ 2026-05-27 15:12:10,814] 174 root - INFO - Data transformation complete
[ 2026-05-27 15:12:10,814] 49 root - INFO - Started Regular Expression mapping
[ 2026-05-27 15:12:10,814] 174 root - INFO - Data transformation complete
[ 2026-05-27 15:12:10,814] 49 root - INFO - Started Regular Expression mapping
[ 2026-05-27 15:12:10,815] 25 root - INFO - Match heuristic business names to paybill payments
[ 2026-05-27 15:12:10,815] 174 root - INFO - Data transformation complete
[ 2026-05-27 15:12:10,815] 49 root - INFO - Started Regular Expression mapping
[ 2026-05-27 15:12:10,815] 174 root - INFO - Data transformation complete
[ 2026-05-27 15:12:10,815] 49 root - INFO - Started Regular Expression mapping
[ 2026-05-27 15:12:10,816] 174 root - INFO - Data transformation complete
[ 2026-05-27 15:12:10,816] 49 root - INFO - Started Regular Expression mapping
[ 2026-05-27 15:12:10,816] 174 root - INFO - Data transformation complete
[ 2026-05-27 15:12:10,816] 49 root - INFO - Started Regular Expression mapping
[ 2026-05-27 15:12:10,816] 174 root - INFO - Data transformation complete
[ 2026-05-27 15:12:10,816] 49 root - INFO - Started Regular Expression mapping
[ 2026-05-27 15:12:10,817] 174 root - INFO - Data transformation complete
[ 2026-05-27 15:12:10,817] 49 root - INFO - Started Regular Expression mapping
[ 2026-05-27 15:12:10,817] 174 root - INFO - Data transformation complete
[ 2026-05-27 15:12:10,817] 49 root - INFO - Started Regular Expression mapping
[ 2026-05-27 15:12:10,817] 174 root - INFO - Data transformation complete
[ 2026-05-27 15:12:10,818] 49 root - INFO - Started Regular Expression mapping
[ 2026-05-27 15:12:10,818] 25 root - INFO - Match heuristic business names to paybill payments
[ 2026-05-27 15:12:10,818] 174 root - INFO - Data transformation complete
[ 2026-05-27 15:12:10,818] 49 root - INFO - Started Regular Expression mapping
[ 2026-05-27 15:12:10,818] 174 root - INFO - Data transformation complete
[ 2026-05-27 15:12:10,818] 49 root - INFO - Started Regular Expression mapping
[ 2026-05-27 15:12:10,819] 174 root - INFO - Data transformation complete
[ 2026-05-27 15:12:10,819] 49 root - INFO - Started Regular Expression mapping
[ 2026-05-27 15:12:10,819] 174 root - INFO - Data transformation complete
[ 2026-05-27 15:12:10,819] 49 root - INFO - Started Regular Expression mapping
[ 2026-05-27 15:12:10,819] 174 root - INFO - Data transformation complete
[ 2026-05-27 15:12:10,820] 49 root - INFO - Started Regular Expression mapping
[ 2026-05-27 15:12:10,820] 174 root - INFO - Data transformation complete
[ 2026-05-27 15:12:10,820] 49 root - INFO - Started Regular Expression mapping
[ 2026-05-27 15:12:10,820] 174 root - INFO - Data transformation complete
[ 2026-05-27 15:12:10,820] 49 root - INFO - Started Regular Expression mapping
[ 2026-05-27 15:12:10,821] 25 root - INFO - Match heuristic business names to paybill payments
[ 2026-05-27 15:12:10,821] 174 root - INFO - Data transformation complete
[ 2026-05-27 15:12:10,821] 49 root - INFO - Started Regular Expression mapping
[ 2026-05-27 15:12:10,821] 25 root - INFO - Match heuristic business names to paybill payments
[ 2026-05-27 15:12:10,821] 174 root - INFO - Data transformation complete
[ 2026-05-27 15:12:10,821] 49 root - INFO - Started Regular Expression mapping
[ 2026-05-27 15:12:10,822] 174 root - INFO - Data transformation complete
[ 2026-05-27 15:12:10,822] 49 root - INFO - Started Regular Expression mapping
[ 2026-05-27 15:12:10,822] 174 root - INFO - Data transformation complete
[ 2026-05-27 15:12:10,822] 49 root - INFO - Started Regular Expression mapping
[ 2026-05-27 15:12:10,822] 174 root - INFO - Data transformation complete
[ 2026-05-27 15:12:10,823] 49 root - INFO - Started Regular Expression mapping
[ 2026-05-27 15:12:10,823] 174 root - INFO - Data transformation complete
[ 2026-05-27 15:12:10,823] 49 root - INFO - Started Regular Expression mapping
[ 2026-05-27 15:12:10,824] 174 root - INFO - Data transformation complete
[ 2026-05-27 15:12:10,824] 49 root - INFO - Started Regular Expression mapping
[ 2026-05-27 15:12:10,824] 25 root - INFO - Match heuristic business names to paybill payments
[ 2026-05-27 15:12:10,825] 174 root - INFO - Data transformation complete
[ 2026-05-27 15:12:10,825] 49 root - INFO - Started Regular Expression mapping
[ 2026-05-27 15:12:10,825] 174 root - INFO - Data transformation complete
[ 2026-05-27 15:12:10,825] 49 root - INFO - Started Regular Expression mapping
[ 2026-05-27 15:12:10,825] 174 root - INFO - Data transformation complete
[ 2026-05-27 15:12:10,825] 49 root - INFO - Started Regular Expression mapping
[ 2026-05-27 15:12:10,826] 174 root - INFO - Data transformation complete
[ 2026-05-27 15:12:10,826] 49 root - INFO - Started Regular Expression mapping
[ 2026-05-27 15:12:10,826] 25 root - INFO - Match heuristic business names to paybill payments
[ 2026-05-27 15:12:10,826] 174 root - INFO - Data transformation complete
[ 2026-05-27 15:12:10,826] 49 root - INFO - Started Regular Expression mapping
[ 2026-05-27 15:12:10,827] 174 root - INFO - Data transformation complete
[ 2026-05-27 15:12:10,827] 49 root - INFO - Started Regular Expression mapping
[ 2026-05-27 15:12:10,827] 174 root - INFO - Data transformation complete
[ 2026-05-27 15:12:10,827] 49 root - INFO - Started Regular Expression mapping
[ 2026-05-27 15:12:10,827] 174 root - INFO - Data transformation complete
[ 2026-05-27 15:12:10,828] 49 root - INFO - Started Regular Expression mapping
[ 2026-05-27 15:12:10,828] 174 root - INFO - Data transformation complete
[ 2026-05-27 15:12:10,828] 49 root - INFO - Started Regular Expression mapping
[ 2026-05-27 15:12:10,828] 174 root - INFO - Data transformation complete
[ 2026-05-27 15:12:10,828] 49 root - INFO - Started Regular Expression mapping
[ 2026-05-27 15:12:10,829] 174 root - INFO - Data transformation complete
[ 2026-05-27 15:12:10,829] 49 root - INFO - Started Regular Expression mapping
[ 2026-05-27 15:12:10,829] 174 root - INFO - Data transformation complete
[ 2026-05-27 15:12:10,829] 49 root - INFO - Started Regular Expression mapping
[ 2026-05-27 15:12:10,829] 174 root - INFO - Data transformation complete
[ 2026-05-27 15:12:10,829] 49 root - INFO - Started Regular Expression mapping
[ 2026-05-27 15:12:10,830] 174 root - INFO - Data transformation complete
[ 2026-05-27 15:12:10,830] 49 root - INFO - Started Regular Expression mapping
[ 2026-05-27 15:12:10,830] 174 root - INFO - Data transformation complete
[ 2026-05-27 15:12:10,830] 49 root - INFO - Started Regular Expression mapping
[ 2026-05-27 15:12:10,830] 174 root - INFO - Data transformation complete
[ 2026-05-27 15:12:10,831] 49 root - INFO - Started Regular Expression mapping
[ 2026-05-27 15:12:10,831] 174 root - INFO - Data transformation complete
[ 2026-05-27 15:12:10,831] 49 root - INFO - Started Regular Expression mapping
[ 2026-05-27 15:12:10,831] 174 root - INFO - Data transformation complete
[ 2026-05-27 15:12:10,831] 49 root - INFO - Started Regular Expression mapping
[ 2026-05-27 15:12:10,831] 174 root - INFO - Data transformation complete
[ 2026-05-27 15:12:10,832] 49 root - INFO - Started Regular Expression mapping
[ 2026-05-27 15:12:10,832] 174 root - INFO - Data transformation complete
[ 2026-05-27 15:12:10,832] 49 root - INFO - Started Regular Expression mapping
[ 2026-05-27 15:12:10,832] 174 root - INFO - Data transformation complete
[ 2026-05-27 15:12:10,832] 49 root - INFO - Started Regular Expression mapping
[ 2026-05-27 15:12:10,833] 174 root - INFO - Data transformation complete
[ 2026-05-27 15:12:10,833] 49 root - INFO - Started Regular Expression mapping
[ 2026-05-27 15:12:10,833] 174 root - INFO - Data transformation complete
[ 2026-05-27 15:12:10,833] 49 root - INFO - Started Regular Expression mapping
[ 2026-05-27 15:12:10,833] 174 root - INFO - Data transformation complete
[ 2026-05-27 15:12:10,833] 49 root - INFO - Started Regular Expression mapping
[ 2026-05-27 15:12:10,834] 174 root - INFO - Data transformation complete
[ 2026-05-27 15:12:10,834] 49 root - INFO - Started Regular Expression mapping
[ 2026-05-27 15:12:10,834] 174 root - INFO - Data transformation complete
[ 2026-05-27 15:12:10,834] 49 root - INFO - Started Regular Expression mapping
[ 2026-05-27 15:12:10,834] 25 root - INFO - Match heuristic business names to paybill payments
[ 2026-05-27 15:12:10,835] 174 root - INFO - Data transformation complete
[ 2026-05-27 15:12:10,835] 49 root - INFO - Started Regular Expression mapping
[ 2026-05-27 15:12:10,835] 174 root - INFO - Data transformation complete
[ 2026-05-27 15:12:10,835] 49 root - INFO - Started Regular Expression mapping
[ 2026-05-27 15:12:10,835] 25 root - INFO - Match heuristic business names to paybill payments
[ 2026-05-27 15:12:10,836] 174 root - INFO - Data transformation complete
[ 2026-05-27 15:12:10,836] 49 root - INFO - Started Regular Expression mapping
[ 2026-05-27 15:12:10,836] 174 root - INFO - Data transformation complete
[ 2026-05-27 15:12:10,836] 49 root - INFO - Started Regular Expression mapping
[ 2026-05-27 15:12:10,836] 174 root - INFO - Data transformation complete
[ 2026-05-27 15:12:10,836] 49 root - INFO - Started Regular Expression mapping
[ 2026-05-27 15:12:10,837] 174 root - INFO - Data transformation complete
[ 2026-05-27 15:12:10,837] 49 root - INFO - Started Regular Expression mapping
[ 2026-05-27 15:12:10,837] 174 root - INFO - Data transformation complete
[ 2026-05-27 15:12:10,837] 49 root - INFO - Started Regular Expression mapping
[ 2026-05-27 15:12:10,837] 174 root - INFO - Data transformation complete
[ 2026-05-27 15:12:10,838] 49 root - INFO - Started Regular Expression mapping
[ 2026-05-27 15:12:10,838] 174 root - INFO - Data transformation complete
[ 2026-05-27 15:12:10,838] 49 root - INFO - Started Regular Expression mapping
[ 2026-05-27 15:12:10,838] 25 root - INFO - Match heuristic business names to paybill payments
[ 2026-05-27 15:12:10,838] 174 root - INFO - Data transformation complete
[ 2026-05-27 15:12:10,838] 49 root - INFO - Started Regular Expression mapping
[ 2026-05-27 15:12:10,839] 174 root - INFO - Data transformation complete
[ 2026-05-27 15:12:10,839] 49 root - INFO - Started Regular Expression mapping
[ 2026-05-27 15:12:10,839] 174 root - INFO - Data transformation complete
[ 2026-05-27 15:12:10,839] 49 root - INFO - Started Regular Expression mapping
[ 2026-05-27 15:12:10,839] 174 root - INFO - Data transformation complete
[ 2026-05-27 15:12:10,840] 49 root - INFO - Started Regular Expression mapping
[ 2026-05-27 15:12:10,840] 174 root - INFO - Data transformation complete
[ 2026-05-27 15:12:10,841] 49 root - INFO - Started Regular Expression mapping
[ 2026-05-27 15:12:10,841] 25 root - INFO - Match heuristic business names to paybill payments
[ 2026-05-27 15:12:10,842] 174 root - INFO - Data transformation complete
[ 2026-05-27 15:12:10,842] 49 root - INFO - Started Regular Expression mapping
[ 2026-05-27 15:12:10,842] 174 root - INFO - Data transformation complete
[ 2026-05-27 15:12:10,842] 49 root - INFO - Started Regular Expression mapping
[ 2026-05-27 15:12:10,842] 25 root - INFO - Match heuristic business names to paybill payments
[ 2026-05-27 15:12:10,843] 174 root - INFO - Data transformation complete
[ 2026-05-27 15:12:10,843] 49 root - INFO - Started Regular Expression mapping
[ 2026-05-27 15:12:10,843] 174 root - INFO - Data transformation complete
[ 2026-05-27 15:12:10,843] 49 root - INFO - Started Regular Expression mapping
[ 2026-05-27 15:12:10,843] 174 root - INFO - Data transformation complete
[ 2026-05-27 15:12:10,843] 49 root - INFO - Started Regular Expression mapping
[ 2026-05-27 15:12:10,844] 174 root - INFO - Data transformation complete
[ 2026-05-27 15:12:10,844] 49 root - INFO - Started Regular Expression mapping
[ 2026-05-27 15:12:10,844] 174 root - INFO - Data transformation complete
[ 2026-05-27 15:12:10,844] 49 root - INFO - Started Regular Expression mapping
[ 2026-05-27 15:12:10,845] 174 root - INFO - Data transformation complete
[ 2026-05-27 15:12:10,845] 49 root - INFO - Started Regular Expression mapping
[ 2026-05-27 15:12:10,845] 174 root - INFO - Data transformation complete
[ 2026-05-27 15:12:10,845] 49 root - INFO - Started Regular Expression mapping
[ 2026-05-27 15:12:10,845] 25 root - INFO - Match heuristic business names to paybill payments
[ 2026-05-27 15:12:10,845] 174 root - INFO - Data transformation complete
[ 2026-05-27 15:12:10,846] 49 root - INFO - Started Regular Expression mapping
[ 2026-05-27 15:12:10,846] 174 root - INFO - Data transformation complete
[ 2026-05-27 15:12:10,846] 49 root - INFO - Started Regular Expression mapping
[ 2026-05-27 15:12:10,846] 174 root - INFO - Data transformation complete
[ 2026-05-27 15:12:10,846] 49 root - INFO - Started Regular Expression mapping
[ 2026-05-27 15:12:10,847] 174 root - INFO - Data transformation complete
[ 2026-05-27 15:12:10,847] 49 root - INFO - Started Regular Expression mapping
[ 2026-05-27 15:12:10,847] 174 root - INFO - Data transformation complete
[ 2026-05-27 15:12:10,847] 49 root - INFO - Started Regular Expression mapping
[ 2026-05-27 15:12:10,847] 174 root - INFO - Data transformation complete
[ 2026-05-27 15:12:10,848] 49 root - INFO - Started Regular Expression mapping
[ 2026-05-27 15:12:10,848] 174 root - INFO - Data transformation complete
[ 2026-05-27 15:12:10,848] 49 root - INFO - Started Regular Expression mapping
[ 2026-05-27 15:12:10,848] 174 root - INFO - Data transformation complete
[ 2026-05-27 15:12:10,848] 49 root - INFO - Started Regular Expression mapping
[ 2026-05-27 15:12:10,848] 25 root - INFO - Match heuristic business names to paybill payments
[ 2026-05-27 15:12:10,849] 174 root - INFO - Data transformation complete
[ 2026-05-27 15:12:10,849] 49 root - INFO - Started Regular Expression mapping
[ 2026-05-27 15:12:10,849] 174 root - INFO - Data transformation complete
[ 2026-05-27 15:12:10,849] 49 root - INFO - Started Regular Expression mapping
[ 2026-05-27 15:12:10,849] 174 root - INFO - Data transformation complete
[ 2026-05-27 15:12:10,850] 49 root - INFO - Started Regular Expression mapping
[ 2026-05-27 15:12:10,850] 25 root - INFO - Match heuristic business names to paybill payments
[ 2026-05-27 15:12:10,850] 174 root - INFO - Data transformation complete
[ 2026-05-27 15:12:10,850] 49 root - INFO - Started Regular Expression mapping
[ 2026-05-27 15:12:10,850] 25 root - INFO - Match heuristic business names to paybill payments
[ 2026-05-27 15:12:10,850] 174 root - INFO - Data transformation complete
[ 2026-05-27 15:12:10,851] 49 root - INFO - Started Regular Expression mapping
[ 2026-05-27 15:12:10,851] 174 root - INFO - Data transformation complete
[ 2026-05-27 15:12:10,851] 49 root - INFO - Started Regular Expression mapping
[ 2026-05-27 15:12:10,851] 174 root - INFO - Data transformation complete
[ 2026-05-27 15:12:10,851] 49 root - INFO - Started Regular Expression mapping
[ 2026-05-27 15:12:10,852] 174 root - INFO - Data transformation complete
[ 2026-05-27 15:12:10,852] 49 root - INFO - Started Regular Expression mapping
[ 2026-05-27 15:12:10,852] 174 root - INFO - Data transformation complete
[ 2026-05-27 15:12:10,852] 49 root - INFO - Started Regular Expression mapping
[ 2026-05-27 15:12:10,852] 174 root - INFO - Data transformation complete
[ 2026-05-27 15:12:10,852] 49 root - INFO - Started Regular Expression mapping
[ 2026-05-27 15:12:10,853] 174 root - INFO - Data transformation complete
[ 2026-05-27 15:12:10,853] 49 root - INFO - Started Regular Expression mapping
[ 2026-05-27 15:12:10,853] 174 root - INFO - Data transformation complete
[ 2026-05-27 15:12:10,853] 49 root - INFO - Started Regular Expression mapping
[ 2026-05-27 15:12:10,853] 25 root - INFO - Match heuristic business names to paybill payments
[ 2026-05-27 15:12:10,854] 174 root - INFO - Data transformation complete
[ 2026-05-27 15:12:10,854] 49 root - INFO - Started Regular Expression mapping
[ 2026-05-27 15:12:10,854] 25 root - INFO - Match heuristic business names to paybill payments
[ 2026-05-27 15:12:10,854] 174 root - INFO - Data transformation complete
[ 2026-05-27 15:12:10,854] 49 root - INFO - Started Regular Expression mapping
[ 2026-05-27 15:12:10,855] 174 root - INFO - Data transformation complete
[ 2026-05-27 15:12:10,855] 49 root - INFO - Started Regular Expression mapping
[ 2026-05-27 15:12:10,855] 174 root - INFO - Data transformation complete
[ 2026-05-27 15:12:10,855] 49 root - INFO - Started Regular Expression mapping
[ 2026-05-27 15:12:10,855] 174 root - INFO - Data transformation complete
[ 2026-05-27 15:12:10,855] 49 root - INFO - Started Regular Expression mapping
[ 2026-05-27 15:12:10,856] 25 root - INFO - Match heuristic business names to paybill payments
[ 2026-05-27 15:12:10,856] 174 root - INFO - Data transformation complete
[ 2026-05-27 15:12:10,856] 49 root - INFO - Started Regular Expression mapping
[ 2026-05-27 15:12:10,856] 174 root - INFO - Data transformation complete
[ 2026-05-27 15:12:10,856] 49 root - INFO - Started Regular Expression mapping
[ 2026-05-27 15:12:10,857] 174 root - INFO - Data transformation complete
[ 2026-05-27 15:12:10,857] 49 root - INFO - Started Regular Expression mapping
[ 2026-05-27 15:12:10,857] 174 root - INFO - Data transformation complete
[ 2026-05-27 15:12:10,857] 49 root - INFO - Started Regular Expression mapping
[ 2026-05-27 15:12:10,858] 174 root - INFO - Data transformation complete
[ 2026-05-27 15:12:10,858] 49 root - INFO - Started Regular Expression mapping
[ 2026-05-27 15:12:10,858] 25 root - INFO - Match heuristic business names to paybill payments
[ 2026-05-27 15:12:10,858] 174 root - INFO - Data transformation complete
[ 2026-05-27 15:12:10,858] 49 root - INFO - Started Regular Expression mapping
[ 2026-05-27 15:12:10,859] 174 root - INFO - Data transformation complete
[ 2026-05-27 15:12:10,859] 49 root - INFO - Started Regular Expression mapping
[ 2026-05-27 15:12:10,859] 174 root - INFO - Data transformation complete
[ 2026-05-27 15:12:10,859] 49 root - INFO - Started Regular Expression mapping
[ 2026-05-27 15:12:10,859] 174 root - INFO - Data transformation complete
[ 2026-05-27 15:12:10,860] 49 root - INFO - Started Regular Expression mapping
[ 2026-05-27 15:12:10,860] 174 root - INFO - Data transformation complete
[ 2026-05-27 15:12:10,860] 49 root - INFO - Started Regular Expression mapping
[ 2026-05-27 15:12:10,860] 174 root - INFO - Data transformation complete
[ 2026-05-27 15:12:10,860] 49 root - INFO - Started Regular Expression mapping
[ 2026-05-27 15:12:10,861] 174 root - INFO - Data transformation complete
[ 2026-05-27 15:12:10,861] 49 root - INFO - Started Regular Expression mapping
[ 2026-05-27 15:12:10,861] 174 root - INFO - Data transformation complete
[ 2026-05-27 15:12:10,861] 49 root - INFO - Started Regular Expression mapping
[ 2026-05-27 15:12:10,861] 174 root - INFO - Data transformation complete
[ 2026-05-27 15:12:10,861] 49 root - INFO - Started Regular Expression mapping
[ 2026-05-27 15:12:10,862] 174 root - INFO - Data transformation complete
[ 2026-05-27 15:12:10,862] 49 root - INFO - Started Regular Expression mapping
[ 2026-05-27 15:12:10,862] 25 root - INFO - Match heuristic business names to paybill payments
[ 2026-05-27 15:12:10,862] 174 root - INFO - Data transformation complete
[ 2026-05-27 15:12:10,862] 49 root - INFO - Started Regular Expression mapping
[ 2026-05-27 15:12:10,863] 174 root - INFO - Data transformation complete
[ 2026-05-27 15:12:10,863] 49 root - INFO - Started Regular Expression mapping
[ 2026-05-27 15:12:10,863] 174 root - INFO - Data transformation complete
[ 2026-05-27 15:12:10,863] 49 root - INFO - Started Regular Expression mapping
[ 2026-05-27 15:12:10,863] 174 root - INFO - Data transformation complete
[ 2026-05-27 15:12:10,863] 49 root - INFO - Started Regular Expression mapping
[ 2026-05-27 15:12:10,864] 25 root - INFO - Match heuristic business names to paybill payments
[ 2026-05-27 15:12:10,864] 174 root - INFO - Data transformation complete
[ 2026-05-27 15:12:10,864] 49 root - INFO - Started Regular Expression mapping
[ 2026-05-27 15:12:10,864] 174 root - INFO - Data transformation complete
[ 2026-05-27 15:12:10,864] 49 root - INFO - Started Regular Expression mapping
[ 2026-05-27 15:12:10,865] 174 root - INFO - Data transformation complete
[ 2026-05-27 15:12:10,865] 49 root - INFO - Started Regular Expression mapping
[ 2026-05-27 15:12:10,865] 174 root - INFO - Data transformation complete
[ 2026-05-27 15:12:10,865] 49 root - INFO - Started Regular Expression mapping
[ 2026-05-27 15:12:10,865] 174 root - INFO - Data transformation complete
[ 2026-05-27 15:12:10,865] 49 root - INFO - Started Regular Expression mapping
[ 2026-05-27 15:12:10,866] 174 root - INFO - Data transformation complete
[ 2026-05-27 15:12:10,866] 49 root - INFO - Started Regular Expression mapping
[ 2026-05-27 15:12:10,866] 174 root - INFO - Data transformation complete
[ 2026-05-27 15:12:10,866] 49 root - INFO - Started Regular Expression mapping
[ 2026-05-27 15:12:10,866] 174 root - INFO - Data transformation complete
[ 2026-05-27 15:12:10,867] 49 root - INFO - Started Regular Expression mapping
[ 2026-05-27 15:12:10,867] 174 root - INFO - Data transformation complete
[ 2026-05-27 15:12:10,867] 49 root - INFO - Started Regular Expression mapping
[ 2026-05-27 15:12:10,867] 174 root - INFO - Data transformation complete
[ 2026-05-27 15:12:10,867] 49 root - INFO - Started Regular Expression mapping
[ 2026-05-27 15:12:10,868] 174 root - INFO - Data transformation complete
[ 2026-05-27 15:12:10,868] 49 root - INFO - Started Regular Expression mapping
[ 2026-05-27 15:12:10,868] 174 root - INFO - Data transformation complete
[ 2026-05-27 15:12:10,868] 49 root - INFO - Started Regular Expression mapping
[ 2026-05-27 15:12:10,868] 174 root - INFO - Data transformation complete
[ 2026-05-27 15:12:10,869] 49 root - INFO - Started Regular Expression mapping
[ 2026-05-27 15:12:10,869] 174 root - INFO - Data transformation complete
[ 2026-05-27 15:12:10,869] 49 root - INFO - Started Regular Expression mapping
[ 2026-05-27 15:12:10,869] 174 root - INFO - Data transformation complete
[ 2026-05-27 15:12:10,869] 49 root - INFO - Started Regular Expression mapping
[ 2026-05-27 15:12:10,870] 174 root - INFO - Data transformation complete
[ 2026-05-27 15:12:10,870] 49 root - INFO - Started Regular Expression mapping
[ 2026-05-27 15:12:10,870] 174 root - INFO - Data transformation complete
[ 2026-05-27 15:12:10,870] 49 root - INFO - Started Regular Expression mapping
[ 2026-05-27 15:12:10,870] 25 root - INFO - Match heuristic business names to paybill payments
[ 2026-05-27 15:12:10,870] 174 root - INFO - Data transformation complete
[ 2026-05-27 15:12:10,871] 49 root - INFO - Started Regular Expression mapping
[ 2026-05-27 15:12:10,871] 174 root - INFO - Data transformation complete
[ 2026-05-27 15:12:10,871] 49 root - INFO - Started Regular Expression mapping
[ 2026-05-27 15:12:10,871] 174 root - INFO - Data transformation complete
[ 2026-05-27 15:12:10,871] 49 root - INFO - Started Regular Expression mapping
[ 2026-05-27 15:12:10,872] 174 root - INFO - Data transformation complete
[ 2026-05-27 15:12:10,872] 49 root - INFO - Started Regular Expression mapping
[ 2026-05-27 15:12:10,872] 25 root - INFO - Match heuristic business names to paybill payments
[ 2026-05-27 15:12:10,872] 174 root - INFO - Data transformation complete
[ 2026-05-27 15:12:10,872] 49 root - INFO - Started Regular Expression mapping
[ 2026-05-27 15:12:10,872] 174 root - INFO - Data transformation complete
[ 2026-05-27 15:12:10,873] 49 root - INFO - Started Regular Expression mapping
[ 2026-05-27 15:12:10,873] 174 root - INFO - Data transformation complete
[ 2026-05-27 15:12:10,873] 49 root - INFO - Started Regular Expression mapping
[ 2026-05-27 15:12:10,874] 174 root - INFO - Data transformation complete
[ 2026-05-27 15:12:10,874] 49 root - INFO - Started Regular Expression mapping
[ 2026-05-27 15:12:10,874] 174 root - INFO - Data transformation complete
[ 2026-05-27 15:12:10,874] 49 root - INFO - Started Regular Expression mapping
[ 2026-05-27 15:12:10,874] 25 root - INFO - Match heuristic business names to paybill payments
[ 2026-05-27 15:12:10,875] 174 root - INFO - Data transformation complete
[ 2026-05-27 15:12:10,875] 49 root - INFO - Started Regular Expression mapping
[ 2026-05-27 15:12:10,875] 174 root - INFO - Data transformation complete
[ 2026-05-27 15:12:10,875] 49 root - INFO - Started Regular Expression mapping
[ 2026-05-27 15:12:10,876] 174 root - INFO - Data transformation complete
[ 2026-05-27 15:12:10,876] 49 root - INFO - Started Regular Expression mapping
[ 2026-05-27 15:12:10,876] 174 root - INFO - Data transformation complete
[ 2026-05-27 15:12:10,876] 49 root - INFO - Started Regular Expression mapping
[ 2026-05-27 15:12:10,876] 174 root - INFO - Data transformation complete
[ 2026-05-27 15:12:10,876] 49 root - INFO - Started Regular Expression mapping
[ 2026-05-27 15:12:10,876] 174 root - INFO - Data transformation complete
[ 2026-05-27 15:12:10,877] 49 root - INFO - Started Regular Expression mapping
[ 2026-05-27 15:12:10,877] 25 root - INFO - Match heuristic business names to paybill payments
[ 2026-05-27 15:12:10,877] 174 root - INFO - Data transformation complete
[ 2026-05-27 15:12:10,877] 49 root - INFO - Started Regular Expression mapping
[ 2026-05-27 15:12:10,877] 174 root - INFO - Data transformation complete
[ 2026-05-27 15:12:10,877] 49 root - INFO - Started Regular Expression mapping
[ 2026-05-27 15:12:10,878] 174 root - INFO - Data transformation complete
[ 2026-05-27 15:12:10,878] 49 root - INFO - Started Regular Expression mapping
[ 2026-05-27 15:12:10,878] 174 root - INFO - Data transformation complete
[ 2026-05-27 15:12:10,878] 49 root - INFO - Started Regular Expression mapping
[ 2026-05-27 15:12:10,878] 174 root - INFO - Data transformation complete
[ 2026-05-27 15:12:10,878] 49 root - INFO - Started Regular Expression mapping
[ 2026-05-27 15:12:10,878] 174 root - INFO - Data transformation complete
[ 2026-05-27 15:12:10,879] 49 root - INFO - Started Regular Expression mapping
[ 2026-05-27 15:12:10,879] 174 root - INFO - Data transformation complete
[ 2026-05-27 15:12:10,879] 49 root - INFO - Started Regular Expression mapping
[ 2026-05-27 15:12:10,879] 174 root - INFO - Data transformation complete
[ 2026-05-27 15:12:10,879] 49 root - INFO - Started Regular Expression mapping
[ 2026-05-27 15:12:10,879] 174 root - INFO - Data transformation complete
[ 2026-05-27 15:12:10,880] 49 root - INFO - Started Regular Expression mapping
[ 2026-05-27 15:12:10,880] 174 root - INFO - Data transformation complete
[ 2026-05-27 15:12:10,880] 49 root - INFO - Started Regular Expression mapping
[ 2026-05-27 15:12:10,880] 174 root - INFO - Data transformation complete
[ 2026-05-27 15:12:10,880] 49 root - INFO - Started Regular Expression mapping
[ 2026-05-27 15:12:10,880] 174 root - INFO - Data transformation complete
[ 2026-05-27 15:12:10,880] 49 root - INFO - Started Regular Expression mapping
[ 2026-05-27 15:12:10,881] 174 root - INFO - Data transformation complete
[ 2026-05-27 15:12:10,881] 49 root - INFO - Started Regular Expression mapping
[ 2026-05-27 15:12:10,881] 25 root - INFO - Match heuristic business names to paybill payments
[ 2026-05-27 15:12:10,881] 174 root - INFO - Data transformation complete
[ 2026-05-27 15:12:10,881] 49 root - INFO - Started Regular Expression mapping
[ 2026-05-27 15:12:10,881] 174 root - INFO - Data transformation complete
[ 2026-05-27 15:12:10,882] 49 root - INFO - Started Regular Expression mapping
[ 2026-05-27 15:12:10,882] 174 root - INFO - Data transformation complete
[ 2026-05-27 15:12:10,882] 49 root - INFO - Started Regular Expression mapping
[ 2026-05-27 15:12:10,882] 174 root - INFO - Data transformation complete
[ 2026-05-27 15:12:10,882] 49 root - INFO - Started Regular Expression mapping
[ 2026-05-27 15:12:10,882] 174 root - INFO - Data transformation complete
[ 2026-05-27 15:12:10,882] 49 root - INFO - Started Regular Expression mapping
[ 2026-05-27 15:12:10,883] 174 root - INFO - Data transformation complete
[ 2026-05-27 15:12:10,883] 49 root - INFO - Started Regular Expression mapping
[ 2026-05-27 15:12:10,883] 174 root - INFO - Data transformation complete
[ 2026-05-27 15:12:10,883] 49 root - INFO - Started Regular Expression mapping
[ 2026-05-27 15:12:10,883] 174 root - INFO - Data transformation complete
[ 2026-05-27 15:12:10,883] 49 root - INFO - Started Regular Expression mapping
[ 2026-05-27 15:12:10,884] 174 root - INFO - Data transformation complete
[ 2026-05-27 15:12:10,884] 49 root - INFO - Started Regular Expression mapping
[ 2026-05-27 15:12:10,884] 174 root - INFO - Data transformation complete
[ 2026-05-27 15:12:10,884] 49 root - INFO - Started Regular Expression mapping
[ 2026-05-27 15:12:10,884] 25 root - INFO - Match heuristic business names to paybill payments
[ 2026-05-27 15:12:10,884] 174 root - INFO - Data transformation complete
[ 2026-05-27 15:12:10,884] 49 root - INFO - Started Regular Expression mapping
[ 2026-05-27 15:12:10,885] 174 root - INFO - Data transformation complete
[ 2026-05-27 15:12:10,885] 49 root - INFO - Started Regular Expression mapping
[ 2026-05-27 15:12:10,885] 174 root - INFO - Data transformation complete
[ 2026-05-27 15:12:10,885] 49 root - INFO - Started Regular Expression mapping
[ 2026-05-27 15:12:10,885] 174 root - INFO - Data transformation complete
[ 2026-05-27 15:12:10,885] 49 root - INFO - Started Regular Expression mapping
[ 2026-05-27 15:12:10,886] 174 root - INFO - Data transformation complete
[ 2026-05-27 15:12:10,886] 49 root - INFO - Started Regular Expression mapping
[ 2026-05-27 15:12:10,886] 174 root - INFO - Data transformation complete
[ 2026-05-27 15:12:10,886] 49 root - INFO - Started Regular Expression mapping
[ 2026-05-27 15:12:10,886] 174 root - INFO - Data transformation complete
[ 2026-05-27 15:12:10,886] 49 root - INFO - Started Regular Expression mapping
[ 2026-05-27 15:12:10,887] 174 root - INFO - Data transformation complete
[ 2026-05-27 15:12:10,887] 49 root - INFO - Started Regular Expression mapping
[ 2026-05-27 15:12:10,887] 174 root - INFO - Data transformation complete
[ 2026-05-27 15:12:10,887] 49 root - INFO - Started Regular Expression mapping
[ 2026-05-27 15:12:10,887] 174 root - INFO - Data transformation complete
[ 2026-05-27 15:12:10,887] 49 root - INFO - Started Regular Expression mapping
[ 2026-05-27 15:12:10,887] 174 root - INFO - Data transformation complete
[ 2026-05-27 15:12:10,888] 49 root - INFO - Started Regular Expression mapping
[ 2026-05-27 15:12:10,888] 174 root - INFO - Data transformation complete
[ 2026-05-27 15:12:10,888] 49 root - INFO - Started Regular Expression mapping
[ 2026-05-27 15:12:10,888] 174 root - INFO - Data transformation complete
[ 2026-05-27 15:12:10,888] 49 root - INFO - Started Regular Expression mapping
[ 2026-05-27 15:12:10,888] 25 root - INFO - Match heuristic business names to paybill payments
[ 2026-05-27 15:12:10,889] 174 root - INFO - Data transformation complete
[ 2026-05-27 15:12:10,889] 49 root - INFO - Started Regular Expression mapping
[ 2026-05-27 15:12:10,890] 174 root - INFO - Data transformation complete
[ 2026-05-27 15:12:10,890] 49 root - INFO - Started Regular Expression mapping
[ 2026-05-27 15:12:10,890] 174 root - INFO - Data transformation complete
[ 2026-05-27 15:12:10,890] 49 root - INFO - Started Regular Expression mapping
[ 2026-05-27 15:12:10,891] 174 root - INFO - Data transformation complete
[ 2026-05-27 15:12:10,891] 49 root - INFO - Started Regular Expression mapping
[ 2026-05-27 15:12:10,891] 25 root - INFO - Match heuristic business names to paybill payments
[ 2026-05-27 15:12:10,891] 174 root - INFO - Data transformation complete
[ 2026-05-27 15:12:10,891] 49 root - INFO - Started Regular Expression mapping
[ 2026-05-27 15:12:10,892] 25 root - INFO - Match heuristic business names to paybill payments
[ 2026-05-27 15:12:10,892] 174 root - INFO - Data transformation complete
[ 2026-05-27 15:12:10,892] 49 root - INFO - Started Regular Expression mapping
[ 2026-05-27 15:12:10,892] 25 root - INFO - Match heuristic business names to paybill payments
[ 2026-05-27 15:12:10,892] 174 root - INFO - Data transformation complete
[ 2026-05-27 15:12:10,892] 49 root - INFO - Started Regular Expression mapping
[ 2026-05-27 15:12:10,892] 25 root - INFO - Match heuristic business names to paybill payments
[ 2026-05-27 15:12:10,893] 174 root - INFO - Data transformation complete
[ 2026-05-27 15:12:10,893] 49 root - INFO - Started Regular Expression mapping
[ 2026-05-27 15:12:10,893] 174 root - INFO - Data transformation complete
[ 2026-05-27 15:12:10,893] 49 root - INFO - Started Regular Expression mapping
[ 2026-05-27 15:12:10,893] 174 root - INFO - Data transformation complete
[ 2026-05-27 15:12:10,893] 49 root - INFO - Started Regular Expression mapping
[ 2026-05-27 15:12:10,893] 174 root - INFO - Data transformation complete
[ 2026-05-27 15:12:10,894] 49 root - INFO - Started Regular Expression mapping
[ 2026-05-27 15:12:10,894] 174 root - INFO - Data transformation complete
[ 2026-05-27 15:12:10,894] 49 root - INFO - Started Regular Expression mapping
[ 2026-05-27 15:12:10,894] 174 root - INFO - Data transformation complete
[ 2026-05-27 15:12:10,894] 49 root - INFO - Started Regular Expression mapping
[ 2026-05-27 15:12:10,894] 25 root - INFO - Match heuristic business names to paybill payments
[ 2026-05-27 15:12:10,895] 174 root - INFO - Data transformation complete
[ 2026-05-27 15:12:10,895] 49 root - INFO - Started Regular Expression mapping
[ 2026-05-27 15:12:10,895] 174 root - INFO - Data transformation complete
[ 2026-05-27 15:12:10,895] 49 root - INFO - Started Regular Expression mapping
[ 2026-05-27 15:12:10,895] 174 root - INFO - Data transformation complete
[ 2026-05-27 15:12:10,895] 49 root - INFO - Started Regular Expression mapping
[ 2026-05-27 15:12:10,896] 174 root - INFO - Data transformation complete
[ 2026-05-27 15:12:10,896] 49 root - INFO - Started Regular Expression mapping
[ 2026-05-27 15:12:10,896] 25 root - INFO - Match heuristic business names to paybill payments
[ 2026-05-27 15:12:10,896] 174 root - INFO - Data transformation complete
[ 2026-05-27 15:12:10,896] 49 root - INFO - Started Regular Expression mapping
[ 2026-05-27 15:12:10,896] 174 root - INFO - Data transformation complete
[ 2026-05-27 15:12:10,896] 49 root - INFO - Started Regular Expression mapping
[ 2026-05-27 15:12:10,897] 174 root - INFO - Data transformation complete
[ 2026-05-27 15:12:10,897] 49 root - INFO - Started Regular Expression mapping
[ 2026-05-27 15:12:10,897] 174 root - INFO - Data transformation complete
[ 2026-05-27 15:12:10,897] 49 root - INFO - Started Regular Expression mapping
[ 2026-05-27 15:12:10,897] 174 root - INFO - Data transformation complete
[ 2026-05-27 15:12:10,897] 49 root - INFO - Started Regular Expression mapping
[ 2026-05-27 15:12:10,897] 174 root - INFO - Data transformation complete
[ 2026-05-27 15:12:10,898] 49 root - INFO - Started Regular Expression mapping
[ 2026-05-27 15:12:10,898] 174 root - INFO - Data transformation complete
[ 2026-05-27 15:12:10,898] 49 root - INFO - Started Regular Expression mapping
[ 2026-05-27 15:12:10,898] 25 root - INFO - Match heuristic business names to paybill payments
[ 2026-05-27 15:12:10,898] 174 root - INFO - Data transformation complete
[ 2026-05-27 15:12:10,898] 49 root - INFO - Started Regular Expression mapping
[ 2026-05-27 15:12:10,899] 25 root - INFO - Match heuristic business names to paybill payments
[ 2026-05-27 15:12:10,899] 174 root - INFO - Data transformation complete
[ 2026-05-27 15:12:10,899] 49 root - INFO - Started Regular Expression mapping
[ 2026-05-27 15:12:10,899] 174 root - INFO - Data transformation complete
[ 2026-05-27 15:12:10,899] 49 root - INFO - Started Regular Expression mapping
[ 2026-05-27 15:12:10,900] 174 root - INFO - Data transformation complete
[ 2026-05-27 15:12:10,900] 49 root - INFO - Started Regular Expression mapping
[ 2026-05-27 15:12:10,900] 174 root - INFO - Data transformation complete
[ 2026-05-27 15:12:10,900] 49 root - INFO - Started Regular Expression mapping
[ 2026-05-27 15:12:10,901] 174 root - INFO - Data transformation complete
[ 2026-05-27 15:12:10,901] 49 root - INFO - Started Regular Expression mapping
[ 2026-05-27 15:12:10,901] 174 root - INFO - Data transformation complete
[ 2026-05-27 15:12:10,901] 49 root - INFO - Started Regular Expression mapping
[ 2026-05-27 15:12:10,901] 174 root - INFO - Data transformation complete
[ 2026-05-27 15:12:10,901] 49 root - INFO - Started Regular Expression mapping
[ 2026-05-27 15:12:10,902] 25 root - INFO - Match heuristic business names to paybill payments
[ 2026-05-27 15:12:10,902] 174 root - INFO - Data transformation complete
[ 2026-05-27 15:12:10,902] 49 root - INFO - Started Regular Expression mapping
[ 2026-05-27 15:12:10,902] 174 root - INFO - Data transformation complete
[ 2026-05-27 15:12:10,902] 49 root - INFO - Started Regular Expression mapping
[ 2026-05-27 15:12:10,902] 174 root - INFO - Data transformation complete
[ 2026-05-27 15:12:10,902] 49 root - INFO - Started Regular Expression mapping
[ 2026-05-27 15:12:10,903] 174 root - INFO - Data transformation complete
[ 2026-05-27 15:12:10,903] 49 root - INFO - Started Regular Expression mapping
[ 2026-05-27 15:12:10,903] 174 root - INFO - Data transformation complete
[ 2026-05-27 15:12:10,903] 49 root - INFO - Started Regular Expression mapping
[ 2026-05-27 15:12:10,903] 174 root - INFO - Data transformation complete
[ 2026-05-27 15:12:10,903] 49 root - INFO - Started Regular Expression mapping
[ 2026-05-27 15:12:10,904] 174 root - INFO - Data transformation complete
[ 2026-05-27 15:12:10,904] 49 root - INFO - Started Regular Expression mapping
[ 2026-05-27 15:12:10,904] 25 root - INFO - Match heuristic business names to paybill payments
[ 2026-05-27 15:12:10,904] 174 root - INFO - Data transformation complete
[ 2026-05-27 15:12:10,904] 49 root - INFO - Started Regular Expression mapping
[ 2026-05-27 15:12:10,904] 174 root - INFO - Data transformation complete
[ 2026-05-27 15:12:10,904] 49 root - INFO - Started Regular Expression mapping
[ 2026-05-27 15:12:10,905] 174 root - INFO - Data transformation complete
[ 2026-05-27 15:12:10,905] 49 root - INFO - Started Regular Expression mapping
[ 2026-05-27 15:12:10,905] 174 root - INFO - Data transformation complete
[ 2026-05-27 15:12:10,905] 49 root - INFO - Started Regular Expression mapping
[ 2026-05-27 15:12:10,906] 25 root - INFO - Match heuristic business names to paybill payments
[ 2026-05-27 15:12:10,906] 174 root - INFO - Data transformation complete
[ 2026-05-27 15:12:10,906] 49 root - INFO - Started Regular Expression mapping
[ 2026-05-27 15:12:10,906] 174 root - INFO - Data transformation complete
[ 2026-05-27 15:12:10,907] 49 root - INFO - Started Regular Expression mapping
[ 2026-05-27 15:12:10,907] 174 root - INFO - Data transformation complete
[ 2026-05-27 15:12:10,907] 49 root - INFO - Started Regular Expression mapping
[ 2026-05-27 15:12:10,907] 174 root - INFO - Data transformation complete
[ 2026-05-27 15:12:10,908] 49 root - INFO - Started Regular Expression mapping
[ 2026-05-27 15:12:10,908] 174 root - INFO - Data transformation complete
[ 2026-05-27 15:12:10,908] 49 root - INFO - Started Regular Expression mapping
[ 2026-05-27 15:12:10,908] 25 root - INFO - Match heuristic business names to paybill payments
[ 2026-05-27 15:12:10,908] 174 root - INFO - Data transformation complete
[ 2026-05-27 15:12:10,908] 49 root - INFO - Started Regular Expression mapping
[ 2026-05-27 15:12:10,909] 174 root - INFO - Data transformation complete
[ 2026-05-27 15:12:10,909] 49 root - INFO - Started Regular Expression mapping
[ 2026-05-27 15:12:10,909] 174 root - INFO - Data transformation complete
[ 2026-05-27 15:12:10,909] 49 root - INFO - Started Regular Expression mapping
[ 2026-05-27 15:12:10,909] 174 root - INFO - Data transformation complete
[ 2026-05-27 15:12:10,909] 49 root - INFO - Started Regular Expression mapping
[ 2026-05-27 15:12:10,910] 25 root - INFO - Match heuristic business names to paybill payments
[ 2026-05-27 15:12:10,910] 174 root - INFO - Data transformation complete
[ 2026-05-27 15:12:10,910] 49 root - INFO - Started Regular Expression mapping
[ 2026-05-27 15:12:10,910] 25 root - INFO - Match heuristic business names to paybill payments
[ 2026-05-27 15:12:10,910] 174 root - INFO - Data transformation complete
[ 2026-05-27 15:12:10,910] 49 root - INFO - Started Regular Expression mapping
[ 2026-05-27 15:12:10,910] 174 root - INFO - Data transformation complete
[ 2026-05-27 15:12:10,911] 49 root - INFO - Started Regular Expression mapping
[ 2026-05-27 15:12:10,911] 174 root - INFO - Data transformation complete
[ 2026-05-27 15:12:10,911] 49 root - INFO - Started Regular Expression mapping
[ 2026-05-27 15:12:10,911] 174 root - INFO - Data transformation complete
[ 2026-05-27 15:12:10,911] 49 root - INFO - Started Regular Expression mapping
[ 2026-05-27 15:12:10,911] 174 root - INFO - Data transformation complete
[ 2026-05-27 15:12:10,911] 49 root - INFO - Started Regular Expression mapping
[ 2026-05-27 15:12:10,912] 174 root - INFO - Data transformation complete
[ 2026-05-27 15:12:10,912] 49 root - INFO - Started Regular Expression mapping
[ 2026-05-27 15:12:10,912] 174 root - INFO - Data transformation complete
[ 2026-05-27 15:12:10,912] 49 root - INFO - Started Regular Expression mapping
[ 2026-05-27 15:12:10,912] 174 root - INFO - Data transformation complete
[ 2026-05-27 15:12:10,912] 49 root - INFO - Started Regular Expression mapping
[ 2026-05-27 15:12:10,913] 174 root - INFO - Data transformation complete
[ 2026-05-27 15:12:10,913] 49 root - INFO - Started Regular Expression mapping
[ 2026-05-27 15:12:10,913] 174 root - INFO - Data transformation complete
[ 2026-05-27 15:12:10,913] 49 root - INFO - Started Regular Expression mapping
[ 2026-05-27 15:12:10,913] 174 root - INFO - Data transformation complete
[ 2026-05-27 15:12:10,913] 49 root - INFO - Started Regular Expression mapping
[ 2026-05-27 15:12:10,913] 174 root - INFO - Data transformation complete
[ 2026-05-27 15:12:10,914] 49 root - INFO - Started Regular Expression mapping
[ 2026-05-27 15:12:10,914] 25 root - INFO - Match heuristic business names to paybill payments
[ 2026-05-27 15:12:10,914] 174 root - INFO - Data transformation complete
[ 2026-05-27 15:12:10,914] 49 root - INFO - Started Regular Expression mapping
[ 2026-05-27 15:12:10,914] 25 root - INFO - Match heuristic business names to paybill payments
[ 2026-05-27 15:12:10,914] 174 root - INFO - Data transformation complete
[ 2026-05-27 15:12:10,914] 49 root - INFO - Started Regular Expression mapping
[ 2026-05-27 15:12:10,915] 174 root - INFO - Data transformation complete
[ 2026-05-27 15:12:10,915] 49 root - INFO - Started Regular Expression mapping
[ 2026-05-27 15:12:10,915] 174 root - INFO - Data transformation complete
[ 2026-05-27 15:12:10,915] 49 root - INFO - Started Regular Expression mapping
[ 2026-05-27 15:12:10,915] 174 root - INFO - Data transformation complete
[ 2026-05-27 15:12:10,915] 49 root - INFO - Started Regular Expression mapping
[ 2026-05-27 15:12:10,916] 174 root - INFO - Data transformation complete
[ 2026-05-27 15:12:10,916] 49 root - INFO - Started Regular Expression mapping
[ 2026-05-27 15:12:10,916] 174 root - INFO - Data transformation complete
[ 2026-05-27 15:12:10,916] 49 root - INFO - Started Regular Expression mapping
[ 2026-05-27 15:12:10,916] 25 root - INFO - Match heuristic business names to paybill payments
[ 2026-05-27 15:12:10,916] 174 root - INFO - Data transformation complete
[ 2026-05-27 15:12:10,916] 49 root - INFO - Started Regular Expression mapping
[ 2026-05-27 15:12:10,917] 25 root - INFO - Match heuristic business names to paybill payments
[ 2026-05-27 15:12:10,917] 174 root - INFO - Data transformation complete
[ 2026-05-27 15:12:10,917] 49 root - INFO - Started Regular Expression mapping
[ 2026-05-27 15:12:10,917] 174 root - INFO - Data transformation complete
[ 2026-05-27 15:12:10,917] 49 root - INFO - Started Regular Expression mapping
[ 2026-05-27 15:12:10,917] 174 root - INFO - Data transformation complete
[ 2026-05-27 15:12:10,918] 49 root - INFO - Started Regular Expression mapping
[ 2026-05-27 15:12:10,918] 174 root - INFO - Data transformation complete
[ 2026-05-27 15:12:10,918] 49 root - INFO - Started Regular Expression mapping
[ 2026-05-27 15:12:10,918] 174 root - INFO - Data transformation complete
[ 2026-05-27 15:12:10,918] 49 root - INFO - Started Regular Expression mapping
[ 2026-05-27 15:12:10,918] 174 root - INFO - Data transformation complete
[ 2026-05-27 15:12:10,918] 49 root - INFO - Started Regular Expression mapping
[ 2026-05-27 15:12:10,919] 174 root - INFO - Data transformation complete
[ 2026-05-27 15:12:10,919] 49 root - INFO - Started Regular Expression mapping
[ 2026-05-27 15:12:10,919] 174 root - INFO - Data transformation complete
[ 2026-05-27 15:12:10,919] 49 root - INFO - Started Regular Expression mapping
[ 2026-05-27 15:12:10,919] 174 root - INFO - Data transformation complete
[ 2026-05-27 15:12:10,919] 49 root - INFO - Started Regular Expression mapping
[ 2026-05-27 15:12:10,920] 174 root - INFO - Data transformation complete
[ 2026-05-27 15:12:10,920] 49 root - INFO - Started Regular Expression mapping
[ 2026-05-27 15:12:10,920] 25 root - INFO - Match heuristic business names to paybill payments
[ 2026-05-27 15:12:10,920] 174 root - INFO - Data transformation complete
[ 2026-05-27 15:12:10,920] 49 root - INFO - Started Regular Expression mapping
[ 2026-05-27 15:12:10,920] 25 root - INFO - Match heuristic business names to paybill payments
[ 2026-05-27 15:12:10,920] 174 root - INFO - Data transformation complete
[ 2026-05-27 15:12:10,921] 49 root - INFO - Started Regular Expression mapping
[ 2026-05-27 15:12:10,921] 174 root - INFO - Data transformation complete
[ 2026-05-27 15:12:10,921] 49 root - INFO - Started Regular Expression mapping
[ 2026-05-27 15:12:10,921] 174 root - INFO - Data transformation complete
[ 2026-05-27 15:12:10,922] 49 root - INFO - Started Regular Expression mapping
[ 2026-05-27 15:12:10,922] 174 root - INFO - Data transformation complete
[ 2026-05-27 15:12:10,922] 49 root - INFO - Started Regular Expression mapping
[ 2026-05-27 15:12:10,922] 174 root - INFO - Data transformation complete
[ 2026-05-27 15:12:10,922] 49 root - INFO - Started Regular Expression mapping
[ 2026-05-27 15:12:10,923] 174 root - INFO - Data transformation complete
[ 2026-05-27 15:12:10,923] 49 root - INFO - Started Regular Expression mapping
[ 2026-05-27 15:12:10,923] 25 root - INFO - Match heuristic business names to paybill payments
[ 2026-05-27 15:12:10,923] 174 root - INFO - Data transformation complete
[ 2026-05-27 15:12:10,923] 49 root - INFO - Started Regular Expression mapping
[ 2026-05-27 15:12:10,924] 25 root - INFO - Match heuristic business names to paybill payments
[ 2026-05-27 15:12:10,924] 174 root - INFO - Data transformation complete
[ 2026-05-27 15:12:10,924] 49 root - INFO - Started Regular Expression mapping
[ 2026-05-27 15:12:10,924] 174 root - INFO - Data transformation complete
[ 2026-05-27 15:12:10,924] 49 root - INFO - Started Regular Expression mapping
[ 2026-05-27 15:12:10,924] 174 root - INFO - Data transformation complete
[ 2026-05-27 15:12:10,925] 49 root - INFO - Started Regular Expression mapping
[ 2026-05-27 15:12:10,925] 25 root - INFO - Match heuristic business names to paybill payments
[ 2026-05-27 15:12:10,925] 174 root - INFO - Data transformation complete
[ 2026-05-27 15:12:10,925] 49 root - INFO - Started Regular Expression mapping
[ 2026-05-27 15:12:10,925] 25 root - INFO - Match heuristic business names to paybill payments
[ 2026-05-27 15:12:10,925] 174 root - INFO - Data transformation complete
[ 2026-05-27 15:12:10,925] 49 root - INFO - Started Regular Expression mapping
[ 2026-05-27 15:12:10,926] 174 root - INFO - Data transformation complete
[ 2026-05-27 15:12:10,926] 49 root - INFO - Started Regular Expression mapping
[ 2026-05-27 15:12:10,926] 174 root - INFO - Data transformation complete
[ 2026-05-27 15:12:10,926] 49 root - INFO - Started Regular Expression mapping
[ 2026-05-27 15:12:10,926] 25 root - INFO - Match heuristic business names to paybill payments
[ 2026-05-27 15:12:10,926] 174 root - INFO - Data transformation complete
[ 2026-05-27 15:12:10,927] 49 root - INFO - Started Regular Expression mapping
[ 2026-05-27 15:12:10,927] 25 root - INFO - Match heuristic business names to paybill payments
[ 2026-05-27 15:12:10,927] 174 root - INFO - Data transformation complete
[ 2026-05-27 15:12:10,927] 49 root - INFO - Started Regular Expression mapping
[ 2026-05-27 15:12:10,927] 174 root - INFO - Data transformation complete
[ 2026-05-27 15:12:10,927] 49 root - INFO - Started Regular Expression mapping
[ 2026-05-27 15:12:10,927] 174 root - INFO - Data transformation complete
[ 2026-05-27 15:12:10,928] 49 root - INFO - Started Regular Expression mapping
[ 2026-05-27 15:12:10,928] 25 root - INFO - Match heuristic business names to paybill payments
[ 2026-05-27 15:12:10,928] 174 root - INFO - Data transformation complete
[ 2026-05-27 15:12:10,928] 49 root - INFO - Started Regular Expression mapping
[ 2026-05-27 15:12:10,928] 174 root - INFO - Data transformation complete
[ 2026-05-27 15:12:10,928] 49 root - INFO - Started Regular Expression mapping
[ 2026-05-27 15:12:10,929] 174 root - INFO - Data transformation complete
[ 2026-05-27 15:12:10,929] 49 root - INFO - Started Regular Expression mapping
[ 2026-05-27 15:12:10,929] 174 root - INFO - Data transformation complete
[ 2026-05-27 15:12:10,929] 49 root - INFO - Started Regular Expression mapping
[ 2026-05-27 15:12:10,929] 174 root - INFO - Data transformation complete
[ 2026-05-27 15:12:10,929] 49 root - INFO - Started Regular Expression mapping
[ 2026-05-27 15:12:10,930] 174 root - INFO - Data transformation complete
[ 2026-05-27 15:12:10,930] 49 root - INFO - Started Regular Expression mapping
[ 2026-05-27 15:12:10,930] 174 root - INFO - Data transformation complete
[ 2026-05-27 15:12:10,930] 49 root - INFO - Started Regular Expression mapping
[ 2026-05-27 15:12:10,930] 174 root - INFO - Data transformation complete
[ 2026-05-27 15:12:10,930] 49 root - INFO - Started Regular Expression mapping
[ 2026-05-27 15:12:10,930] 174 root - INFO - Data transformation complete
[ 2026-05-27 15:12:10,931] 49 root - INFO - Started Regular Expression mapping
[ 2026-05-27 15:12:10,931] 25 root - INFO - Match heuristic business names to paybill payments
[ 2026-05-27 15:12:10,931] 174 root - INFO - Data transformation complete
[ 2026-05-27 15:12:10,931] 49 root - INFO - Started Regular Expression mapping
[ 2026-05-27 15:12:10,931] 174 root - INFO - Data transformation complete
[ 2026-05-27 15:12:10,931] 49 root - INFO - Started Regular Expression mapping
[ 2026-05-27 15:12:10,932] 174 root - INFO - Data transformation complete
[ 2026-05-27 15:12:10,932] 49 root - INFO - Started Regular Expression mapping
[ 2026-05-27 15:12:10,932] 174 root - INFO - Data transformation complete
[ 2026-05-27 15:12:10,932] 49 root - INFO - Started Regular Expression mapping
[ 2026-05-27 15:12:10,932] 25 root - INFO - Match heuristic business names to paybill payments
[ 2026-05-27 15:12:10,932] 174 root - INFO - Data transformation complete
[ 2026-05-27 15:12:10,932] 49 root - INFO - Started Regular Expression mapping
[ 2026-05-27 15:12:10,933] 174 root - INFO - Data transformation complete
[ 2026-05-27 15:12:10,933] 49 root - INFO - Started Regular Expression mapping
[ 2026-05-27 15:12:10,933] 174 root - INFO - Data transformation complete
[ 2026-05-27 15:12:10,933] 49 root - INFO - Started Regular Expression mapping
[ 2026-05-27 15:12:10,933] 174 root - INFO - Data transformation complete
[ 2026-05-27 15:12:10,933] 49 root - INFO - Started Regular Expression mapping
[ 2026-05-27 15:12:10,933] 174 root - INFO - Data transformation complete
[ 2026-05-27 15:12:10,934] 49 root - INFO - Started Regular Expression mapping
[ 2026-05-27 15:12:10,934] 25 root - INFO - Match heuristic business names to paybill payments
[ 2026-05-27 15:12:10,934] 174 root - INFO - Data transformation complete
[ 2026-05-27 15:12:10,934] 49 root - INFO - Started Regular Expression mapping
[ 2026-05-27 15:12:10,934] 25 root - INFO - Match heuristic business names to paybill payments
[ 2026-05-27 15:12:10,934] 174 root - INFO - Data transformation complete
[ 2026-05-27 15:12:10,935] 49 root - INFO - Started Regular Expression mapping
[ 2026-05-27 15:12:10,935] 174 root - INFO - Data transformation complete
[ 2026-05-27 15:12:10,935] 49 root - INFO - Started Regular Expression mapping
[ 2026-05-27 15:12:10,935] 174 root - INFO - Data transformation complete
[ 2026-05-27 15:12:10,935] 49 root - INFO - Started Regular Expression mapping
[ 2026-05-27 15:12:10,935] 174 root - INFO - Data transformation complete
[ 2026-05-27 15:12:10,935] 49 root - INFO - Started Regular Expression mapping
[ 2026-05-27 15:12:10,936] 174 root - INFO - Data transformation complete
[ 2026-05-27 15:12:10,936] 49 root - INFO - Started Regular Expression mapping
[ 2026-05-27 15:12:10,936] 25 root - INFO - Match heuristic business names to paybill payments
[ 2026-05-27 15:12:10,936] 174 root - INFO - Data transformation complete
[ 2026-05-27 15:12:10,936] 49 root - INFO - Started Regular Expression mapping
[ 2026-05-27 15:12:10,936] 174 root - INFO - Data transformation complete
[ 2026-05-27 15:12:10,937] 49 root - INFO - Started Regular Expression mapping
[ 2026-05-27 15:12:10,937] 174 root - INFO - Data transformation complete
[ 2026-05-27 15:12:10,937] 49 root - INFO - Started Regular Expression mapping
[ 2026-05-27 15:12:10,937] 174 root - INFO - Data transformation complete
[ 2026-05-27 15:12:10,937] 49 root - INFO - Started Regular Expression mapping
[ 2026-05-27 15:12:10,937] 174 root - INFO - Data transformation complete
[ 2026-05-27 15:12:10,938] 49 root - INFO - Started Regular Expression mapping
[ 2026-05-27 15:12:10,938] 174 root - INFO - Data transformation complete
[ 2026-05-27 15:12:10,938] 49 root - INFO - Started Regular Expression mapping
[ 2026-05-27 15:12:10,938] 174 root - INFO - Data transformation complete
[ 2026-05-27 15:12:10,938] 49 root - INFO - Started Regular Expression mapping
[ 2026-05-27 15:12:10,938] 174 root - INFO - Data transformation complete
[ 2026-05-27 15:12:10,938] 49 root - INFO - Started Regular Expression mapping
[ 2026-05-27 15:12:10,939] 174 root - INFO - Data transformation complete
[ 2026-05-27 15:12:10,939] 49 root - INFO - Started Regular Expression mapping
[ 2026-05-27 15:12:10,939] 25 root - INFO - Match heuristic business names to paybill payments
[ 2026-05-27 15:12:10,939] 174 root - INFO - Data transformation complete
[ 2026-05-27 15:12:10,939] 49 root - INFO - Started Regular Expression mapping
[ 2026-05-27 15:12:10,939] 174 root - INFO - Data transformation complete
[ 2026-05-27 15:12:10,940] 49 root - INFO - Started Regular Expression mapping
[ 2026-05-27 15:12:10,940] 25 root - INFO - Match heuristic business names to paybill payments
[ 2026-05-27 15:12:10,940] 174 root - INFO - Data transformation complete
[ 2026-05-27 15:12:10,940] 49 root - INFO - Started Regular Expression mapping
[ 2026-05-27 15:12:10,940] 174 root - INFO - Data transformation complete
[ 2026-05-27 15:12:10,941] 49 root - INFO - Started Regular Expression mapping
[ 2026-05-27 15:12:10,941] 174 root - INFO - Data transformation complete
[ 2026-05-27 15:12:10,941] 49 root - INFO - Started Regular Expression mapping
[ 2026-05-27 15:12:10,941] 174 root - INFO - Data transformation complete
[ 2026-05-27 15:12:10,941] 49 root - INFO - Started Regular Expression mapping
[ 2026-05-27 15:12:10,942] 174 root - INFO - Data transformation complete
[ 2026-05-27 15:12:10,942] 49 root - INFO - Started Regular Expression mapping
[ 2026-05-27 15:12:10,942] 25 root - INFO - Match heuristic business names to paybill payments
[ 2026-05-27 15:12:10,942] 174 root - INFO - Data transformation complete
[ 2026-05-27 15:12:10,942] 49 root - INFO - Started Regular Expression mapping
[ 2026-05-27 15:12:10,943] 174 root - INFO - Data transformation complete
[ 2026-05-27 15:12:10,943] 49 root - INFO - Started Regular Expression mapping
[ 2026-05-27 15:12:10,943] 174 root - INFO - Data transformation complete
[ 2026-05-27 15:12:10,943] 49 root - INFO - Started Regular Expression mapping
[ 2026-05-27 15:12:10,943] 174 root - INFO - Data transformation complete
[ 2026-05-27 15:12:10,943] 49 root - INFO - Started Regular Expression mapping
[ 2026-05-27 15:12:10,943] 174 root - INFO - Data transformation complete
[ 2026-05-27 15:12:10,944] 49 root - INFO - Started Regular Expression mapping
[ 2026-05-27 15:12:10,944] 174 root - INFO - Data transformation complete
[ 2026-05-27 15:12:10,944] 49 root - INFO - Started Regular Expression mapping
[ 2026-05-27 15:12:10,944] 25 root - INFO - Match heuristic business names to paybill payments
[ 2026-05-27 15:12:10,944] 174 root - INFO - Data transformation complete
[ 2026-05-27 15:12:10,944] 49 root - INFO - Started Regular Expression mapping
[ 2026-05-27 15:12:10,945] 174 root - INFO - Data transformation complete
[ 2026-05-27 15:12:10,945] 49 root - INFO - Started Regular Expression mapping
[ 2026-05-27 15:12:10,945] 174 root - INFO - Data transformation complete
[ 2026-05-27 15:12:10,945] 49 root - INFO - Started Regular Expression mapping
[ 2026-05-27 15:12:10,945] 174 root - INFO - Data transformation complete
[ 2026-05-27 15:12:10,945] 49 root - INFO - Started Regular Expression mapping
[ 2026-05-27 15:12:10,946] 174 root - INFO - Data transformation complete
[ 2026-05-27 15:12:10,946] 49 root - INFO - Started Regular Expression mapping
[ 2026-05-27 15:12:10,946] 174 root - INFO - Data transformation complete
[ 2026-05-27 15:12:10,946] 49 root - INFO - Started Regular Expression mapping
[ 2026-05-27 15:12:10,946] 174 root - INFO - Data transformation complete
[ 2026-05-27 15:12:10,946] 49 root - INFO - Started Regular Expression mapping
[ 2026-05-27 15:12:10,946] 174 root - INFO - Data transformation complete
[ 2026-05-27 15:12:10,947] 49 root - INFO - Started Regular Expression mapping
[ 2026-05-27 15:12:10,947] 174 root - INFO - Data transformation complete
[ 2026-05-27 15:12:10,947] 49 root - INFO - Started Regular Expression mapping
[ 2026-05-27 15:12:10,947] 174 root - INFO - Data transformation complete
[ 2026-05-27 15:12:10,947] 49 root - INFO - Started Regular Expression mapping
[ 2026-05-27 15:12:10,947] 174 root - INFO - Data transformation complete
[ 2026-05-27 15:12:10,947] 49 root - INFO - Started Regular Expression mapping
[ 2026-05-27 15:12:10,948] 174 root - INFO - Data transformation complete
[ 2026-05-27 15:12:10,948] 49 root - INFO - Started Regular Expression mapping
[ 2026-05-27 15:12:10,948] 174 root - INFO - Data transformation complete
[ 2026-05-27 15:12:10,948] 49 root - INFO - Started Regular Expression mapping
[ 2026-05-27 15:12:10,948] 174 root - INFO - Data transformation complete
[ 2026-05-27 15:12:10,948] 49 root - INFO - Started Regular Expression mapping
[ 2026-05-27 15:12:10,949] 174 root - INFO - Data transformation complete
[ 2026-05-27 15:12:10,949] 49 root - INFO - Started Regular Expression mapping
[ 2026-05-27 15:12:10,949] 174 root - INFO - Data transformation complete
[ 2026-05-27 15:12:10,949] 49 root - INFO - Started Regular Expression mapping
[ 2026-05-27 15:12:10,949] 25 root - INFO - Match heuristic business names to paybill payments
[ 2026-05-27 15:12:10,949] 174 root - INFO - Data transformation complete
[ 2026-05-27 15:12:10,949] 49 root - INFO - Started Regular Expression mapping
[ 2026-05-27 15:12:10,950] 25 root - INFO - Match heuristic business names to paybill payments
[ 2026-05-27 15:12:10,950] 174 root - INFO - Data transformation complete
[ 2026-05-27 15:12:10,950] 49 root - INFO - Started Regular Expression mapping
[ 2026-05-27 15:12:10,950] 25 root - INFO - Match heuristic business names to paybill payments
[ 2026-05-27 15:12:10,950] 174 root - INFO - Data transformation complete
[ 2026-05-27 15:12:10,950] 49 root - INFO - Started Regular Expression mapping
[ 2026-05-27 15:12:10,951] 174 root - INFO - Data transformation complete
[ 2026-05-27 15:12:10,951] 49 root - INFO - Started Regular Expression mapping
[ 2026-05-27 15:12:10,951] 25 root - INFO - Match heuristic business names to paybill payments
[ 2026-05-27 15:12:10,951] 174 root - INFO - Data transformation complete
[ 2026-05-27 15:12:10,951] 49 root - INFO - Started Regular Expression mapping
[ 2026-05-27 15:12:10,951] 25 root - INFO - Match heuristic business names to paybill payments
[ 2026-05-27 15:12:10,951] 174 root - INFO - Data transformation complete
[ 2026-05-27 15:12:10,952] 49 root - INFO - Started Regular Expression mapping
[ 2026-05-27 15:12:10,952] 174 root - INFO - Data transformation complete
[ 2026-05-27 15:12:10,952] 49 root - INFO - Started Regular Expression mapping
[ 2026-05-27 15:12:10,952] 174 root - INFO - Data transformation complete
[ 2026-05-27 15:12:10,953] 49 root - INFO - Started Regular Expression mapping
[ 2026-05-27 15:12:10,953] 25 root - INFO - Match heuristic business names to paybill payments
[ 2026-05-27 15:12:10,953] 174 root - INFO - Data transformation complete
[ 2026-05-27 15:12:10,953] 49 root - INFO - Started Regular Expression mapping
[ 2026-05-27 15:12:10,953] 25 root - INFO - Match heuristic business names to paybill payments
[ 2026-05-27 15:12:10,954] 174 root - INFO - Data transformation complete
[ 2026-05-27 15:12:10,954] 49 root - INFO - Started Regular Expression mapping
[ 2026-05-27 15:12:10,954] 174 root - INFO - Data transformation complete
[ 2026-05-27 15:12:10,954] 49 root - INFO - Started Regular Expression mapping
[ 2026-05-27 15:12:10,954] 174 root - INFO - Data transformation complete
[ 2026-05-27 15:12:10,954] 49 root - INFO - Started Regular Expression mapping
[ 2026-05-27 15:12:10,955] 174 root - INFO - Data transformation complete
[ 2026-05-27 15:12:10,955] 49 root - INFO - Started Regular Expression mapping
[ 2026-05-27 15:12:10,955] 25 root - INFO - Match heuristic business names to paybill payments
[ 2026-05-27 15:12:10,955] 174 root - INFO - Data transformation complete
[ 2026-05-27 15:12:10,955] 49 root - INFO - Started Regular Expression mapping
[ 2026-05-27 15:12:10,955] 174 root - INFO - Data transformation complete
[ 2026-05-27 15:12:10,955] 49 root - INFO - Started Regular Expression mapping
[ 2026-05-27 15:12:10,956] 174 root - INFO - Data transformation complete
[ 2026-05-27 15:12:10,956] 49 root - INFO - Started Regular Expression mapping
[ 2026-05-27 15:12:10,956] 174 root - INFO - Data transformation complete
[ 2026-05-27 15:12:10,956] 49 root - INFO - Started Regular Expression mapping
[ 2026-05-27 15:12:10,956] 174 root - INFO - Data transformation complete
[ 2026-05-27 15:12:10,956] 49 root - INFO - Started Regular Expression mapping
[ 2026-05-27 15:12:10,957] 174 root - INFO - Data transformation complete
[ 2026-05-27 15:12:10,957] 49 root - INFO - Started Regular Expression mapping
[ 2026-05-27 15:12:10,957] 174 root - INFO - Data transformation complete
[ 2026-05-27 15:12:10,957] 49 root - INFO - Started Regular Expression mapping
[ 2026-05-27 15:12:10,958] 174 root - INFO - Data transformation complete
[ 2026-05-27 15:12:10,958] 49 root - INFO - Started Regular Expression mapping
[ 2026-05-27 15:12:10,958] 174 root - INFO - Data transformation complete
[ 2026-05-27 15:12:10,958] 49 root - INFO - Started Regular Expression mapping
[ 2026-05-27 15:12:10,959] 174 root - INFO - Data transformation complete
[ 2026-05-27 15:12:10,959] 49 root - INFO - Started Regular Expression mapping
[ 2026-05-27 15:12:10,959] 174 root - INFO - Data transformation complete
[ 2026-05-27 15:12:10,959] 49 root - INFO - Started Regular Expression mapping
[ 2026-05-27 15:12:10,959] 174 root - INFO - Data transformation complete
[ 2026-05-27 15:12:10,959] 49 root - INFO - Started Regular Expression mapping
[ 2026-05-27 15:12:10,960] 174 root - INFO - Data transformation complete
[ 2026-05-27 15:12:10,960] 49 root - INFO - Started Regular Expression mapping
[ 2026-05-27 15:12:10,960] 174 root - INFO - Data transformation complete
[ 2026-05-27 15:12:10,960] 49 root - INFO - Started Regular Expression mapping
[ 2026-05-27 15:12:10,960] 25 root - INFO - Match heuristic business names to paybill payments
[ 2026-05-27 15:12:10,960] 174 root - INFO - Data transformation complete
[ 2026-05-27 15:12:10,960] 49 root - INFO - Started Regular Expression mapping
[ 2026-05-27 15:12:10,961] 174 root - INFO - Data transformation complete
[ 2026-05-27 15:12:10,961] 49 root - INFO - Started Regular Expression mapping
[ 2026-05-27 15:12:10,961] 174 root - INFO - Data transformation complete
[ 2026-05-27 15:12:10,961] 49 root - INFO - Started Regular Expression mapping
[ 2026-05-27 15:12:10,961] 174 root - INFO - Data transformation complete
[ 2026-05-27 15:12:10,961] 49 root - INFO - Started Regular Expression mapping
[ 2026-05-27 15:12:10,962] 174 root - INFO - Data transformation complete
[ 2026-05-27 15:12:10,962] 49 root - INFO - Started Regular Expression mapping
[ 2026-05-27 15:12:10,962] 174 root - INFO - Data transformation complete
[ 2026-05-27 15:12:10,962] 49 root - INFO - Started Regular Expression mapping
[ 2026-05-27 15:12:10,962] 25 root - INFO - Match heuristic business names to paybill payments
[ 2026-05-27 15:12:10,962] 174 root - INFO - Data transformation complete
[ 2026-05-27 15:12:10,962] 49 root - INFO - Started Regular Expression mapping
[ 2026-05-27 15:12:10,963] 25 root - INFO - Match heuristic business names to paybill payments
[ 2026-05-27 15:12:10,963] 174 root - INFO - Data transformation complete
[ 2026-05-27 15:12:10,963] 49 root - INFO - Started Regular Expression mapping
[ 2026-05-27 15:12:10,963] 174 root - INFO - Data transformation complete
[ 2026-05-27 15:12:10,963] 49 root - INFO - Started Regular Expression mapping
[ 2026-05-27 15:12:10,963] 174 root - INFO - Data transformation complete
[ 2026-05-27 15:12:10,963] 49 root - INFO - Started Regular Expression mapping
[ 2026-05-27 15:12:10,964] 174 root - INFO - Data transformation complete
[ 2026-05-27 15:12:10,964] 49 root - INFO - Started Regular Expression mapping
[ 2026-05-27 15:12:10,964] 174 root - INFO - Data transformation complete
[ 2026-05-27 15:12:10,964] 49 root - INFO - Started Regular Expression mapping
[ 2026-05-27 15:12:10,964] 174 root - INFO - Data transformation complete
[ 2026-05-27 15:12:10,964] 49 root - INFO - Started Regular Expression mapping
[ 2026-05-27 15:12:10,965] 174 root - INFO - Data transformation complete
[ 2026-05-27 15:12:10,965] 49 root - INFO - Started Regular Expression mapping
[ 2026-05-27 15:12:10,965] 174 root - INFO - Data transformation complete
[ 2026-05-27 15:12:10,965] 49 root - INFO - Started Regular Expression mapping
[ 2026-05-27 15:12:10,965] 174 root - INFO - Data transformation complete
[ 2026-05-27 15:12:10,965] 49 root - INFO - Started Regular Expression mapping
[ 2026-05-27 15:12:10,966] 174 root - INFO - Data transformation complete
[ 2026-05-27 15:12:10,966] 49 root - INFO - Started Regular Expression mapping
[ 2026-05-27 15:12:10,966] 174 root - INFO - Data transformation complete
[ 2026-05-27 15:12:10,966] 49 root - INFO - Started Regular Expression mapping
[ 2026-05-27 15:12:10,966] 174 root - INFO - Data transformation complete
[ 2026-05-27 15:12:10,966] 49 root - INFO - Started Regular Expression mapping
[ 2026-05-27 15:12:10,966] 174 root - INFO - Data transformation complete
[ 2026-05-27 15:12:10,967] 49 root - INFO - Started Regular Expression mapping
[ 2026-05-27 15:12:10,967] 174 root - INFO - Data transformation complete
[ 2026-05-27 15:12:10,967] 49 root - INFO - Started Regular Expression mapping
[ 2026-05-27 15:12:10,967] 174 root - INFO - Data transformation complete
[ 2026-05-27 15:12:10,967] 49 root - INFO - Started Regular Expression mapping
[ 2026-05-27 15:12:10,967] 174 root - INFO - Data transformation complete
[ 2026-05-27 15:12:10,967] 49 root - INFO - Started Regular Expression mapping
[ 2026-05-27 15:12:10,968] 174 root - INFO - Data transformation complete
[ 2026-05-27 15:12:10,968] 49 root - INFO - Started Regular Expression mapping
[ 2026-05-27 15:12:10,968] 174 root - INFO - Data transformation complete
[ 2026-05-27 15:12:10,968] 49 root - INFO - Started Regular Expression mapping
[ 2026-05-27 15:12:10,968] 174 root - INFO - Data transformation complete
[ 2026-05-27 15:12:10,969] 49 root - INFO - Started Regular Expression mapping
[ 2026-05-27 15:12:10,969] 174 root - INFO - Data transformation complete
[ 2026-05-27 15:12:10,969] 49 root - INFO - Started Regular Expression mapping
[ 2026-05-27 15:12:10,969] 174 root - INFO - Data transformation complete
[ 2026-05-27 15:12:10,969] 49 root - INFO - Started Regular Expression mapping
[ 2026-05-27 15:12:10,969] 174 root - INFO - Data transformation complete
[ 2026-05-27 15:12:10,970] 49 root - INFO - Started Regular Expression mapping
[ 2026-05-27 15:12:10,970] 174 root - INFO - Data transformation complete
[ 2026-05-27 15:12:10,970] 49 root - INFO - Started Regular Expression mapping
[ 2026-05-27 15:12:10,970] 174 root - INFO - Data transformation complete
[ 2026-05-27 15:12:10,970] 49 root - INFO - Started Regular Expression mapping
[ 2026-05-27 15:12:10,970] 174 root - INFO - Data transformation complete
[ 2026-05-27 15:12:10,970] 49 root - INFO - Started Regular Expression mapping
[ 2026-05-27 15:12:10,971] 174 root - INFO - Data transformation complete
[ 2026-05-27 15:12:10,971] 49 root - INFO - Started Regular Expression mapping
[ 2026-05-27 15:12:10,971] 174 root - INFO - Data transformation complete
[ 2026-05-27 15:12:10,971] 49 root - INFO - Started Regular Expression mapping
[ 2026-05-27 15:12:10,971] 174 root - INFO - Data transformation complete
[ 2026-05-27 15:12:10,971] 49 root - INFO - Started Regular Expression mapping
[ 2026-05-27 15:12:10,972] 174 root - INFO - Data transformation complete
[ 2026-05-27 15:12:10,972] 49 root - INFO - Started Regular Expression mapping
[ 2026-05-27 15:12:10,972] 174 root - INFO - Data transformation complete
[ 2026-05-27 15:12:10,972] 49 root - INFO - Started Regular Expression mapping
[ 2026-05-27 15:12:10,972] 174 root - INFO - Data transformation complete
[ 2026-05-27 15:12:10,972] 49 root - INFO - Started Regular Expression mapping
[ 2026-05-27 15:12:10,972] 174 root - INFO - Data transformation complete
[ 2026-05-27 15:12:10,973] 49 root - INFO - Started Regular Expression mapping
[ 2026-05-27 15:12:10,973] 174 root - INFO - Data transformation complete
[ 2026-05-27 15:12:10,973] 49 root - INFO - Started Regular Expression mapping
[ 2026-05-27 15:12:10,973] 174 root - INFO - Data transformation complete
[ 2026-05-27 15:12:10,974] 49 root - INFO - Started Regular Expression mapping
[ 2026-05-27 15:12:10,974] 25 root - INFO - Match heuristic business names to paybill payments
[ 2026-05-27 15:12:10,974] 174 root - INFO - Data transformation complete
[ 2026-05-27 15:12:10,974] 49 root - INFO - Started Regular Expression mapping
[ 2026-05-27 15:12:10,974] 174 root - INFO - Data transformation complete
[ 2026-05-27 15:12:10,975] 49 root - INFO - Started Regular Expression mapping
[ 2026-05-27 15:12:10,975] 174 root - INFO - Data transformation complete
[ 2026-05-27 15:12:10,975] 49 root - INFO - Started Regular Expression mapping
[ 2026-05-27 15:12:10,975] 174 root - INFO - Data transformation complete
[ 2026-05-27 15:12:10,975] 49 root - INFO - Started Regular Expression mapping
[ 2026-05-27 15:12:10,975] 174 root - INFO - Data transformation complete
[ 2026-05-27 15:12:10,976] 49 root - INFO - Started Regular Expression mapping
[ 2026-05-27 15:12:10,976] 174 root - INFO - Data transformation complete
[ 2026-05-27 15:12:10,976] 49 root - INFO - Started Regular Expression mapping
[ 2026-05-27 15:12:10,976] 174 root - INFO - Data transformation complete
[ 2026-05-27 15:12:10,976] 49 root - INFO - Started Regular Expression mapping
[ 2026-05-27 15:12:10,976] 174 root - INFO - Data transformation complete
[ 2026-05-27 15:12:10,976] 49 root - INFO - Started Regular Expression mapping
[ 2026-05-27 15:12:10,977] 174 root - INFO - Data transformation complete
[ 2026-05-27 15:12:10,977] 49 root - INFO - Started Regular Expression mapping
[ 2026-05-27 15:12:10,977] 174 root - INFO - Data transformation complete
[ 2026-05-27 15:12:10,977] 49 root - INFO - Started Regular Expression mapping
[ 2026-05-27 15:12:10,977] 25 root - INFO - Match heuristic business names to paybill payments
[ 2026-05-27 15:12:10,977] 174 root - INFO - Data transformation complete
[ 2026-05-27 15:12:10,978] 49 root - INFO - Started Regular Expression mapping
[ 2026-05-27 15:12:10,978] 174 root - INFO - Data transformation complete
[ 2026-05-27 15:12:10,978] 49 root - INFO - Started Regular Expression mapping
[ 2026-05-27 15:12:10,978] 174 root - INFO - Data transformation complete
[ 2026-05-27 15:12:10,978] 49 root - INFO - Started Regular Expression mapping
[ 2026-05-27 15:12:10,978] 174 root - INFO - Data transformation complete
[ 2026-05-27 15:12:10,978] 49 root - INFO - Started Regular Expression mapping
[ 2026-05-27 15:12:10,979] 174 root - INFO - Data transformation complete
[ 2026-05-27 15:12:10,979] 49 root - INFO - Started Regular Expression mapping
[ 2026-05-27 15:12:10,979] 174 root - INFO - Data transformation complete
[ 2026-05-27 15:12:10,979] 49 root - INFO - Started Regular Expression mapping
[ 2026-05-27 15:12:10,979] 25 root - INFO - Match heuristic business names to paybill payments
[ 2026-05-27 15:12:10,979] 174 root - INFO - Data transformation complete
[ 2026-05-27 15:12:10,980] 49 root - INFO - Started Regular Expression mapping
[ 2026-05-27 15:12:10,980] 25 root - INFO - Match heuristic business names to paybill payments
[ 2026-05-27 15:12:10,980] 174 root - INFO - Data transformation complete
[ 2026-05-27 15:12:10,980] 49 root - INFO - Started Regular Expression mapping
[ 2026-05-27 15:12:10,980] 174 root - INFO - Data transformation complete
[ 2026-05-27 15:12:10,980] 49 root - INFO - Started Regular Expression mapping
[ 2026-05-27 15:12:10,981] 174 root - INFO - Data transformation complete
[ 2026-05-27 15:12:10,981] 49 root - INFO - Started Regular Expression mapping
[ 2026-05-27 15:12:10,981] 174 root - INFO - Data transformation complete
[ 2026-05-27 15:12:10,981] 49 root - INFO - Started Regular Expression mapping
[ 2026-05-27 15:12:10,981] 174 root - INFO - Data transformation complete
[ 2026-05-27 15:12:10,981] 49 root - INFO - Started Regular Expression mapping
[ 2026-05-27 15:12:10,982] 174 root - INFO - Data transformation complete
[ 2026-05-27 15:12:10,982] 49 root - INFO - Started Regular Expression mapping
[ 2026-05-27 15:12:10,982] 25 root - INFO - Match heuristic business names to paybill payments
[ 2026-05-27 15:12:10,982] 174 root - INFO - Data transformation complete
[ 2026-05-27 15:12:10,982] 49 root - INFO - Started Regular Expression mapping
[ 2026-05-27 15:12:10,982] 174 root - INFO - Data transformation complete
[ 2026-05-27 15:12:10,982] 49 root - INFO - Started Regular Expression mapping
[ 2026-05-27 15:12:10,983] 174 root - INFO - Data transformation complete
[ 2026-05-27 15:12:10,983] 49 root - INFO - Started Regular Expression mapping
[ 2026-05-27 15:12:10,983] 174 root - INFO - Data transformation complete
[ 2026-05-27 15:12:10,983] 49 root - INFO - Started Regular Expression mapping
[ 2026-05-27 15:12:10,983] 174 root - INFO - Data transformation complete
[ 2026-05-27 15:12:10,983] 49 root - INFO - Started Regular Expression mapping
[ 2026-05-27 15:12:10,984] 174 root - INFO - Data transformation complete
[ 2026-05-27 15:12:10,984] 49 root - INFO - Started Regular Expression mapping
[ 2026-05-27 15:12:10,984] 25 root - INFO - Match heuristic business names to paybill payments
[ 2026-05-27 15:12:10,984] 174 root - INFO - Data transformation complete
[ 2026-05-27 15:12:10,985] 49 root - INFO - Started Regular Expression mapping
[ 2026-05-27 15:12:10,985] 174 root - INFO - Data transformation complete
[ 2026-05-27 15:12:10,985] 49 root - INFO - Started Regular Expression mapping
[ 2026-05-27 15:12:10,985] 174 root - INFO - Data transformation complete
[ 2026-05-27 15:12:10,985] 49 root - INFO - Started Regular Expression mapping
[ 2026-05-27 15:12:10,986] 25 root - INFO - Match heuristic business names to paybill payments
[ 2026-05-27 15:12:10,986] 174 root - INFO - Data transformation complete
[ 2026-05-27 15:12:10,986] 49 root - INFO - Started Regular Expression mapping
[ 2026-05-27 15:12:10,986] 25 root - INFO - Match heuristic business names to paybill payments
[ 2026-05-27 15:12:10,986] 174 root - INFO - Data transformation complete
[ 2026-05-27 15:12:10,986] 49 root - INFO - Started Regular Expression mapping
[ 2026-05-27 15:12:10,987] 174 root - INFO - Data transformation complete
[ 2026-05-27 15:12:10,987] 49 root - INFO - Started Regular Expression mapping
[ 2026-05-27 15:12:10,987] 174 root - INFO - Data transformation complete
[ 2026-05-27 15:12:10,987] 49 root - INFO - Started Regular Expression mapping
[ 2026-05-27 15:12:10,987] 174 root - INFO - Data transformation complete
[ 2026-05-27 15:12:10,987] 49 root - INFO - Started Regular Expression mapping
[ 2026-05-27 15:12:10,987] 174 root - INFO - Data transformation complete
[ 2026-05-27 15:12:10,988] 49 root - INFO - Started Regular Expression mapping
[ 2026-05-27 15:12:10,988] 174 root - INFO - Data transformation complete
[ 2026-05-27 15:12:10,988] 49 root - INFO - Started Regular Expression mapping
[ 2026-05-27 15:12:10,988] 174 root - INFO - Data transformation complete
[ 2026-05-27 15:12:10,988] 49 root - INFO - Started Regular Expression mapping
[ 2026-05-27 15:12:10,988] 174 root - INFO - Data transformation complete
[ 2026-05-27 15:12:10,989] 49 root - INFO - Started Regular Expression mapping
[ 2026-05-27 15:12:10,989] 174 root - INFO - Data transformation complete
[ 2026-05-27 15:12:10,989] 49 root - INFO - Started Regular Expression mapping
[ 2026-05-27 15:12:10,989] 25 root - INFO - Match heuristic business names to paybill payments
[ 2026-05-27 15:12:10,989] 174 root - INFO - Data transformation complete
[ 2026-05-27 15:12:10,989] 49 root - INFO - Started Regular Expression mapping
[ 2026-05-27 15:12:10,989] 174 root - INFO - Data transformation complete
[ 2026-05-27 15:12:10,990] 49 root - INFO - Started Regular Expression mapping
[ 2026-05-27 15:12:10,990] 174 root - INFO - Data transformation complete
[ 2026-05-27 15:12:10,990] 49 root - INFO - Started Regular Expression mapping
[ 2026-05-27 15:12:10,990] 174 root - INFO - Data transformation complete
[ 2026-05-27 15:12:10,990] 49 root - INFO - Started Regular Expression mapping
[ 2026-05-27 15:12:10,991] 174 root - INFO - Data transformation complete
[ 2026-05-27 15:12:10,991] 49 root - INFO - Started Regular Expression mapping
[ 2026-05-27 15:12:10,991] 174 root - INFO - Data transformation complete
[ 2026-05-27 15:12:10,991] 49 root - INFO - Started Regular Expression mapping
[ 2026-05-27 15:12:10,992] 174 root - INFO - Data transformation complete
[ 2026-05-27 15:12:10,992] 49 root - INFO - Started Regular Expression mapping
[ 2026-05-27 15:12:10,992] 174 root - INFO - Data transformation complete
[ 2026-05-27 15:12:10,992] 49 root - INFO - Started Regular Expression mapping
[ 2026-05-27 15:12:10,992] 174 root - INFO - Data transformation complete
[ 2026-05-27 15:12:10,993] 49 root - INFO - Started Regular Expression mapping
[ 2026-05-27 15:12:10,993] 174 root - INFO - Data transformation complete
[ 2026-05-27 15:12:10,993] 49 root - INFO - Started Regular Expression mapping
[ 2026-05-27 15:12:10,993] 174 root - INFO - Data transformation complete
[ 2026-05-27 15:12:10,993] 49 root - INFO - Started Regular Expression mapping
[ 2026-05-27 15:12:10,994] 174 root - INFO - Data transformation complete
[ 2026-05-27 15:12:10,994] 49 root - INFO - Started Regular Expression mapping
[ 2026-05-27 15:12:10,994] 174 root - INFO - Data transformation complete
[ 2026-05-27 15:12:10,994] 49 root - INFO - Started Regular Expression mapping
[ 2026-05-27 15:12:10,994] 174 root - INFO - Data transformation complete
[ 2026-05-27 15:12:10,994] 49 root - INFO - Started Regular Expression mapping
[ 2026-05-27 15:12:10,995] 25 root - INFO - Match heuristic business names to paybill payments
[ 2026-05-27 15:12:10,995] 174 root - INFO - Data transformation complete
[ 2026-05-27 15:12:10,995] 49 root - INFO - Started Regular Expression mapping
[ 2026-05-27 15:12:10,995] 25 root - INFO - Match heuristic business names to paybill payments
[ 2026-05-27 15:12:10,995] 174 root - INFO - Data transformation complete
[ 2026-05-27 15:12:10,995] 49 root - INFO - Started Regular Expression mapping
[ 2026-05-27 15:12:10,995] 174 root - INFO - Data transformation complete
[ 2026-05-27 15:12:10,996] 49 root - INFO - Started Regular Expression mapping
[ 2026-05-27 15:12:10,996] 174 root - INFO - Data transformation complete
[ 2026-05-27 15:12:10,996] 49 root - INFO - Started Regular Expression mapping
[ 2026-05-27 15:12:10,996] 174 root - INFO - Data transformation complete
[ 2026-05-27 15:12:10,996] 49 root - INFO - Started Regular Expression mapping
[ 2026-05-27 15:12:10,996] 174 root - INFO - Data transformation complete
[ 2026-05-27 15:12:10,996] 49 root - INFO - Started Regular Expression mapping
[ 2026-05-27 15:12:10,997] 174 root - INFO - Data transformation complete
[ 2026-05-27 15:12:10,997] 49 root - INFO - Started Regular Expression mapping
[ 2026-05-27 15:12:10,997] 25 root - INFO - Match heuristic business names to paybill payments
[ 2026-05-27 15:12:10,997] 174 root - INFO - Data transformation complete
[ 2026-05-27 15:12:10,997] 49 root - INFO - Started Regular Expression mapping
[ 2026-05-27 15:12:10,997] 174 root - INFO - Data transformation complete
[ 2026-05-27 15:12:10,998] 49 root - INFO - Started Regular Expression mapping
[ 2026-05-27 15:12:10,998] 174 root - INFO - Data transformation complete
[ 2026-05-27 15:12:10,998] 49 root - INFO - Started Regular Expression mapping
[ 2026-05-27 15:12:10,998] 174 root - INFO - Data transformation complete
[ 2026-05-27 15:12:10,998] 49 root - INFO - Started Regular Expression mapping
[ 2026-05-27 15:12:10,998] 174 root - INFO - Data transformation complete
[ 2026-05-27 15:12:10,999] 49 root - INFO - Started Regular Expression mapping
[ 2026-05-27 15:12:10,999] 174 root - INFO - Data transformation complete
[ 2026-05-27 15:12:10,999] 49 root - INFO - Started Regular Expression mapping
[ 2026-05-27 15:12:10,999] 174 root - INFO - Data transformation complete
[ 2026-05-27 15:12:10,999] 49 root - INFO - Started Regular Expression mapping
[ 2026-05-27 15:12:10,999] 174 root - INFO - Data transformation complete
[ 2026-05-27 15:12:10,999] 49 root - INFO - Started Regular Expression mapping
[ 2026-05-27 15:12:11,000] 174 root - INFO - Data transformation complete
[ 2026-05-27 15:12:11,000] 49 root - INFO - Started Regular Expression mapping
[ 2026-05-27 15:12:11,000] 174 root - INFO - Data transformation complete
[ 2026-05-27 15:12:11,001] 49 root - INFO - Started Regular Expression mapping
[ 2026-05-27 15:12:11,001] 174 root - INFO - Data transformation complete
[ 2026-05-27 15:12:11,001] 49 root - INFO - Started Regular Expression mapping
[ 2026-05-27 15:12:11,001] 174 root - INFO - Data transformation complete
[ 2026-05-27 15:12:11,001] 49 root - INFO - Started Regular Expression mapping
[ 2026-05-27 15:12:11,001] 174 root - INFO - Data transformation complete
[ 2026-05-27 15:12:11,002] 49 root - INFO - Started Regular Expression mapping
[ 2026-05-27 15:12:11,002] 174 root - INFO - Data transformation complete
[ 2026-05-27 15:12:11,002] 49 root - INFO - Started Regular Expression mapping
[ 2026-05-27 15:12:11,002] 174 root - INFO - Data transformation complete
[ 2026-05-27 15:12:11,002] 49 root - INFO - Started Regular Expression mapping
[ 2026-05-27 15:12:11,002] 174 root - INFO - Data transformation complete
[ 2026-05-27 15:12:11,003] 49 root - INFO - Started Regular Expression mapping
[ 2026-05-27 15:12:11,003] 174 root - INFO - Data transformation complete
[ 2026-05-27 15:12:11,003] 49 root - INFO - Started Regular Expression mapping
[ 2026-05-27 15:12:11,003] 174 root - INFO - Data transformation complete
[ 2026-05-27 15:12:11,003] 49 root - INFO - Started Regular Expression mapping
[ 2026-05-27 15:12:11,003] 174 root - INFO - Data transformation complete
[ 2026-05-27 15:12:11,003] 49 root - INFO - Started Regular Expression mapping
[ 2026-05-27 15:12:11,004] 174 root - INFO - Data transformation complete
[ 2026-05-27 15:12:11,004] 49 root - INFO - Started Regular Expression mapping
[ 2026-05-27 15:12:11,004] 25 root - INFO - Match heuristic business names to paybill payments
[ 2026-05-27 15:12:11,004] 174 root - INFO - Data transformation complete
[ 2026-05-27 15:12:11,004] 49 root - INFO - Started Regular Expression mapping
[ 2026-05-27 15:12:11,004] 174 root - INFO - Data transformation complete
[ 2026-05-27 15:12:11,005] 49 root - INFO - Started Regular Expression mapping
[ 2026-05-27 15:12:11,005] 174 root - INFO - Data transformation complete
[ 2026-05-27 15:12:11,005] 49 root - INFO - Started Regular Expression mapping
[ 2026-05-27 15:12:11,005] 174 root - INFO - Data transformation complete
[ 2026-05-27 15:12:11,005] 49 root - INFO - Started Regular Expression mapping
[ 2026-05-27 15:12:11,005] 174 root - INFO - Data transformation complete
[ 2026-05-27 15:12:11,005] 49 root - INFO - Started Regular Expression mapping
[ 2026-05-27 15:12:11,006] 174 root - INFO - Data transformation complete
[ 2026-05-27 15:12:11,006] 49 root - INFO - Started Regular Expression mapping
[ 2026-05-27 15:12:11,006] 174 root - INFO - Data transformation complete
[ 2026-05-27 15:12:11,006] 49 root - INFO - Started Regular Expression mapping
[ 2026-05-27 15:12:11,006] 25 root - INFO - Match heuristic business names to paybill payments
[ 2026-05-27 15:12:11,006] 174 root - INFO - Data transformation complete
[ 2026-05-27 15:12:11,007] 49 root - INFO - Started Regular Expression mapping
[ 2026-05-27 15:12:11,007] 25 root - INFO - Match heuristic business names to paybill payments
[ 2026-05-27 15:12:11,007] 174 root - INFO - Data transformation complete
[ 2026-05-27 15:12:11,007] 49 root - INFO - Started Regular Expression mapping
[ 2026-05-27 15:12:11,008] 174 root - INFO - Data transformation complete
[ 2026-05-27 15:12:11,008] 49 root - INFO - Started Regular Expression mapping
[ 2026-05-27 15:12:11,008] 174 root - INFO - Data transformation complete
[ 2026-05-27 15:12:11,008] 49 root - INFO - Started Regular Expression mapping
[ 2026-05-27 15:12:11,009] 174 root - INFO - Data transformation complete
[ 2026-05-27 15:12:11,009] 49 root - INFO - Started Regular Expression mapping
[ 2026-05-27 15:12:11,009] 174 root - INFO - Data transformation complete
[ 2026-05-27 15:12:11,009] 49 root - INFO - Started Regular Expression mapping
[ 2026-05-27 15:12:11,009] 25 root - INFO - Match heuristic business names to paybill payments
[ 2026-05-27 15:12:11,009] 174 root - INFO - Data transformation complete
[ 2026-05-27 15:12:11,010] 49 root - INFO - Started Regular Expression mapping
[ 2026-05-27 15:12:11,010] 174 root - INFO - Data transformation complete
[ 2026-05-27 15:12:11,010] 49 root - INFO - Started Regular Expression mapping
[ 2026-05-27 15:12:11,010] 25 root - INFO - Match heuristic business names to paybill payments
[ 2026-05-27 15:12:11,010] 174 root - INFO - Data transformation complete
[ 2026-05-27 15:12:11,010] 49 root - INFO - Started Regular Expression mapping
[ 2026-05-27 15:12:11,010] 25 root - INFO - Match heuristic business names to paybill payments
[ 2026-05-27 15:12:11,011] 174 root - INFO - Data transformation complete
[ 2026-05-27 15:12:11,011] 49 root - INFO - Started Regular Expression mapping
[ 2026-05-27 15:12:11,011] 174 root - INFO - Data transformation complete
[ 2026-05-27 15:12:11,011] 49 root - INFO - Started Regular Expression mapping
[ 2026-05-27 15:12:11,011] 174 root - INFO - Data transformation complete
[ 2026-05-27 15:12:11,011] 49 root - INFO - Started Regular Expression mapping
[ 2026-05-27 15:12:11,012] 174 root - INFO - Data transformation complete
[ 2026-05-27 15:12:11,012] 49 root - INFO - Started Regular Expression mapping
[ 2026-05-27 15:12:11,012] 174 root - INFO - Data transformation complete
[ 2026-05-27 15:12:11,012] 49 root - INFO - Started Regular Expression mapping
[ 2026-05-27 15:12:11,012] 174 root - INFO - Data transformation complete
[ 2026-05-27 15:12:11,012] 49 root - INFO - Started Regular Expression mapping
[ 2026-05-27 15:12:11,012] 25 root - INFO - Match heuristic business names to paybill payments
[ 2026-05-27 15:12:11,013] 174 root - INFO - Data transformation complete
[ 2026-05-27 15:12:11,013] 49 root - INFO - Started Regular Expression mapping
[ 2026-05-27 15:12:11,013] 174 root - INFO - Data transformation complete
[ 2026-05-27 15:12:11,013] 49 root - INFO - Started Regular Expression mapping
[ 2026-05-27 15:12:11,013] 174 root - INFO - Data transformation complete
[ 2026-05-27 15:12:11,013] 49 root - INFO - Started Regular Expression mapping
[ 2026-05-27 15:12:11,013] 25 root - INFO - Match heuristic business names to paybill payments
[ 2026-05-27 15:12:11,014] 174 root - INFO - Data transformation complete
[ 2026-05-27 15:12:11,014] 49 root - INFO - Started Regular Expression mapping
[ 2026-05-27 15:12:11,014] 25 root - INFO - Match heuristic business names to paybill payments
[ 2026-05-27 15:12:11,014] 174 root - INFO - Data transformation complete
[ 2026-05-27 15:12:11,014] 49 root - INFO - Started Regular Expression mapping
[ 2026-05-27 15:12:11,014] 174 root - INFO - Data transformation complete
[ 2026-05-27 15:12:11,014] 49 root - INFO - Started Regular Expression mapping
[ 2026-05-27 15:12:11,015] 174 root - INFO - Data transformation complete
[ 2026-05-27 15:12:11,015] 49 root - INFO - Started Regular Expression mapping
[ 2026-05-27 15:12:11,015] 174 root - INFO - Data transformation complete
[ 2026-05-27 15:12:11,015] 49 root - INFO - Started Regular Expression mapping
[ 2026-05-27 15:12:11,015] 174 root - INFO - Data transformation complete
[ 2026-05-27 15:12:11,015] 49 root - INFO - Started Regular Expression mapping
[ 2026-05-27 15:12:11,016] 174 root - INFO - Data transformation complete
[ 2026-05-27 15:12:11,016] 49 root - INFO - Started Regular Expression mapping
[ 2026-05-27 15:12:11,016] 25 root - INFO - Match heuristic business names to paybill payments
[ 2026-05-27 15:12:11,017] 174 root - INFO - Data transformation complete
[ 2026-05-27 15:12:11,017] 49 root - INFO - Started Regular Expression mapping
[ 2026-05-27 15:12:11,017] 174 root - INFO - Data transformation complete
[ 2026-05-27 15:12:11,017] 49 root - INFO - Started Regular Expression mapping
[ 2026-05-27 15:12:11,017] 174 root - INFO - Data transformation complete
[ 2026-05-27 15:12:11,017] 49 root - INFO - Started Regular Expression mapping
[ 2026-05-27 15:12:11,018] 174 root - INFO - Data transformation complete
[ 2026-05-27 15:12:11,018] 49 root - INFO - Started Regular Expression mapping
[ 2026-05-27 15:12:11,018] 174 root - INFO - Data transformation complete
[ 2026-05-27 15:12:11,018] 49 root - INFO - Started Regular Expression mapping
[ 2026-05-27 15:12:11,018] 25 root - INFO - Match heuristic business names to paybill payments
[ 2026-05-27 15:12:11,018] 174 root - INFO - Data transformation complete
[ 2026-05-27 15:12:11,019] 49 root - INFO - Started Regular Expression mapping
[ 2026-05-27 15:12:11,019] 174 root - INFO - Data transformation complete
[ 2026-05-27 15:12:11,019] 49 root - INFO - Started Regular Expression mapping
[ 2026-05-27 15:12:11,019] 174 root - INFO - Data transformation complete
[ 2026-05-27 15:12:11,019] 49 root - INFO - Started Regular Expression mapping
[ 2026-05-27 15:12:11,019] 174 root - INFO - Data transformation complete
[ 2026-05-27 15:12:11,019] 49 root - INFO - Started Regular Expression mapping
[ 2026-05-27 15:12:11,020] 174 root - INFO - Data transformation complete
[ 2026-05-27 15:12:11,020] 49 root - INFO - Started Regular Expression mapping
[ 2026-05-27 15:12:11,020] 174 root - INFO - Data transformation complete
[ 2026-05-27 15:12:11,020] 49 root - INFO - Started Regular Expression mapping
[ 2026-05-27 15:12:11,020] 25 root - INFO - Match heuristic business names to paybill payments
[ 2026-05-27 15:12:11,020] 174 root - INFO - Data transformation complete
[ 2026-05-27 15:12:11,020] 49 root - INFO - Started Regular Expression mapping
[ 2026-05-27 15:12:11,021] 25 root - INFO - Match heuristic business names to paybill payments
[ 2026-05-27 15:12:11,021] 174 root - INFO - Data transformation complete
[ 2026-05-27 15:12:11,021] 49 root - INFO - Started Regular Expression mapping
[ 2026-05-27 15:12:11,021] 174 root - INFO - Data transformation complete
[ 2026-05-27 15:12:11,021] 49 root - INFO - Started Regular Expression mapping
[ 2026-05-27 15:12:11,021] 174 root - INFO - Data transformation complete
[ 2026-05-27 15:12:11,022] 49 root - INFO - Started Regular Expression mapping
[ 2026-05-27 15:12:11,022] 174 root - INFO - Data transformation complete
[ 2026-05-27 15:12:11,022] 49 root - INFO - Started Regular Expression mapping
[ 2026-05-27 15:12:11,022] 25 root - INFO - Match heuristic business names to paybill payments
[ 2026-05-27 15:12:11,022] 174 root - INFO - Data transformation complete
[ 2026-05-27 15:12:11,022] 49 root - INFO - Started Regular Expression mapping
[ 2026-05-27 15:12:11,022] 25 root - INFO - Match heuristic business names to paybill payments
[ 2026-05-27 15:12:11,023] 174 root - INFO - Data transformation complete
[ 2026-05-27 15:12:11,023] 49 root - INFO - Started Regular Expression mapping
[ 2026-05-27 15:12:11,023] 174 root - INFO - Data transformation complete
[ 2026-05-27 15:12:11,023] 49 root - INFO - Started Regular Expression mapping
[ 2026-05-27 15:12:11,023] 174 root - INFO - Data transformation complete
[ 2026-05-27 15:12:11,024] 49 root - INFO - Started Regular Expression mapping
[ 2026-05-27 15:12:11,024] 174 root - INFO - Data transformation complete
[ 2026-05-27 15:12:11,024] 49 root - INFO - Started Regular Expression mapping
[ 2026-05-27 15:12:11,024] 174 root - INFO - Data transformation complete
[ 2026-05-27 15:12:11,025] 49 root - INFO - Started Regular Expression mapping
[ 2026-05-27 15:12:11,025] 174 root - INFO - Data transformation complete
[ 2026-05-27 15:12:11,025] 49 root - INFO - Started Regular Expression mapping
[ 2026-05-27 15:12:11,025] 174 root - INFO - Data transformation complete
[ 2026-05-27 15:12:11,025] 49 root - INFO - Started Regular Expression mapping
[ 2026-05-27 15:12:11,026] 174 root - INFO - Data transformation complete
[ 2026-05-27 15:12:11,026] 49 root - INFO - Started Regular Expression mapping
[ 2026-05-27 15:12:11,026] 174 root - INFO - Data transformation complete
[ 2026-05-27 15:12:11,026] 49 root - INFO - Started Regular Expression mapping
[ 2026-05-27 15:12:11,026] 25 root - INFO - Match heuristic business names to paybill payments
[ 2026-05-27 15:12:11,026] 174 root - INFO - Data transformation complete
[ 2026-05-27 15:12:11,027] 49 root - INFO - Started Regular Expression mapping
[ 2026-05-27 15:12:11,027] 25 root - INFO - Match heuristic business names to paybill payments
[ 2026-05-27 15:12:11,027] 174 root - INFO - Data transformation complete
[ 2026-05-27 15:12:11,027] 49 root - INFO - Started Regular Expression mapping
[ 2026-05-27 15:12:11,027] 174 root - INFO - Data transformation complete
[ 2026-05-27 15:12:11,027] 49 root - INFO - Started Regular Expression mapping
[ 2026-05-27 15:12:11,028] 174 root - INFO - Data transformation complete
[ 2026-05-27 15:12:11,028] 49 root - INFO - Started Regular Expression mapping
[ 2026-05-27 15:12:11,028] 174 root - INFO - Data transformation complete
[ 2026-05-27 15:12:11,028] 49 root - INFO - Started Regular Expression mapping
[ 2026-05-27 15:12:11,028] 174 root - INFO - Data transformation complete
[ 2026-05-27 15:12:11,028] 49 root - INFO - Started Regular Expression mapping
[ 2026-05-27 15:12:11,028] 174 root - INFO - Data transformation complete
[ 2026-05-27 15:12:11,029] 49 root - INFO - Started Regular Expression mapping
[ 2026-05-27 15:12:11,029] 174 root - INFO - Data transformation complete
[ 2026-05-27 15:12:11,029] 49 root - INFO - Started Regular Expression mapping
[ 2026-05-27 15:12:11,029] 174 root - INFO - Data transformation complete
[ 2026-05-27 15:12:11,029] 49 root - INFO - Started Regular Expression mapping
[ 2026-05-27 15:12:11,029] 174 root - INFO - Data transformation complete
[ 2026-05-27 15:12:11,030] 49 root - INFO - Started Regular Expression mapping
[ 2026-05-27 15:12:11,030] 174 root - INFO - Data transformation complete
[ 2026-05-27 15:12:11,030] 49 root - INFO - Started Regular Expression mapping
[ 2026-05-27 15:12:11,030] 174 root - INFO - Data transformation complete
[ 2026-05-27 15:12:11,030] 49 root - INFO - Started Regular Expression mapping
[ 2026-05-27 15:12:11,030] 174 root - INFO - Data transformation complete
[ 2026-05-27 15:12:11,030] 49 root - INFO - Started Regular Expression mapping
[ 2026-05-27 15:12:11,031] 174 root - INFO - Data transformation complete
[ 2026-05-27 15:12:11,031] 49 root - INFO - Started Regular Expression mapping
[ 2026-05-27 15:12:11,031] 174 root - INFO - Data transformation complete
[ 2026-05-27 15:12:11,031] 49 root - INFO - Started Regular Expression mapping
[ 2026-05-27 15:12:11,031] 174 root - INFO - Data transformation complete
[ 2026-05-27 15:12:11,031] 49 root - INFO - Started Regular Expression mapping
[ 2026-05-27 15:12:11,032] 25 root - INFO - Match heuristic business names to paybill payments
[ 2026-05-27 15:12:11,033] 174 root - INFO - Data transformation complete
[ 2026-05-27 15:12:11,033] 49 root - INFO - Started Regular Expression mapping
[ 2026-05-27 15:12:11,033] 25 root - INFO - Match heuristic business names to paybill payments
[ 2026-05-27 15:12:11,033] 174 root - INFO - Data transformation complete
[ 2026-05-27 15:12:11,034] 49 root - INFO - Started Regular Expression mapping
[ 2026-05-27 15:12:11,034] 174 root - INFO - Data transformation complete
[ 2026-05-27 15:12:11,034] 49 root - INFO - Started Regular Expression mapping
[ 2026-05-27 15:12:11,035] 174 root - INFO - Data transformation complete
[ 2026-05-27 15:12:11,035] 49 root - INFO - Started Regular Expression mapping
[ 2026-05-27 15:12:11,035] 174 root - INFO - Data transformation complete
[ 2026-05-27 15:12:11,035] 49 root - INFO - Started Regular Expression mapping
[ 2026-05-27 15:12:11,035] 25 root - INFO - Match heuristic business names to paybill payments
[ 2026-05-27 15:12:11,036] 174 root - INFO - Data transformation complete
[ 2026-05-27 15:12:11,036] 49 root - INFO - Started Regular Expression mapping
[ 2026-05-27 15:12:11,036] 174 root - INFO - Data transformation complete
[ 2026-05-27 15:12:11,036] 49 root - INFO - Started Regular Expression mapping
[ 2026-05-27 15:12:11,036] 174 root - INFO - Data transformation complete
[ 2026-05-27 15:12:11,036] 49 root - INFO - Started Regular Expression mapping
[ 2026-05-27 15:12:11,036] 174 root - INFO - Data transformation complete
[ 2026-05-27 15:12:11,037] 49 root - INFO - Started Regular Expression mapping
[ 2026-05-27 15:12:11,037] 174 root - INFO - Data transformation complete
[ 2026-05-27 15:12:11,037] 49 root - INFO - Started Regular Expression mapping
[ 2026-05-27 15:12:11,037] 174 root - INFO - Data transformation complete
[ 2026-05-27 15:12:11,037] 49 root - INFO - Started Regular Expression mapping
[ 2026-05-27 15:12:11,037] 174 root - INFO - Data transformation complete
[ 2026-05-27 15:12:11,038] 49 root - INFO - Started Regular Expression mapping
[ 2026-05-27 15:12:11,038] 174 root - INFO - Data transformation complete
[ 2026-05-27 15:12:11,038] 49 root - INFO - Started Regular Expression mapping
[ 2026-05-27 15:12:11,038] 174 root - INFO - Data transformation complete
[ 2026-05-27 15:12:11,038] 49 root - INFO - Started Regular Expression mapping
[ 2026-05-27 15:12:11,038] 174 root - INFO - Data transformation complete
[ 2026-05-27 15:12:11,038] 49 root - INFO - Started Regular Expression mapping
[ 2026-05-27 15:12:11,039] 174 root - INFO - Data transformation complete
[ 2026-05-27 15:12:11,039] 49 root - INFO - Started Regular Expression mapping
[ 2026-05-27 15:12:11,039] 174 root - INFO - Data transformation complete
[ 2026-05-27 15:12:11,039] 49 root - INFO - Started Regular Expression mapping
[ 2026-05-27 15:12:11,039] 25 root - INFO - Match heuristic business names to paybill payments
[ 2026-05-27 15:12:11,039] 174 root - INFO - Data transformation complete
[ 2026-05-27 15:12:11,039] 49 root - INFO - Started Regular Expression mapping
[ 2026-05-27 15:12:11,039] 25 root - INFO - Match heuristic business names to paybill payments
[ 2026-05-27 15:12:11,040] 174 root - INFO - Data transformation complete
[ 2026-05-27 15:12:11,040] 49 root - INFO - Started Regular Expression mapping
[ 2026-05-27 15:12:11,040] 174 root - INFO - Data transformation complete
[ 2026-05-27 15:12:11,040] 49 root - INFO - Started Regular Expression mapping
[ 2026-05-27 15:12:11,040] 174 root - INFO - Data transformation complete
[ 2026-05-27 15:12:11,041] 49 root - INFO - Started Regular Expression mapping
[ 2026-05-27 15:12:11,041] 174 root - INFO - Data transformation complete
[ 2026-05-27 15:12:11,041] 49 root - INFO - Started Regular Expression mapping
[ 2026-05-27 15:12:11,041] 174 root - INFO - Data transformation complete
[ 2026-05-27 15:12:11,041] 49 root - INFO - Started Regular Expression mapping
[ 2026-05-27 15:12:11,041] 25 root - INFO - Match heuristic business names to paybill payments
[ 2026-05-27 15:12:11,041] 174 root - INFO - Data transformation complete
[ 2026-05-27 15:12:11,042] 49 root - INFO - Started Regular Expression mapping
[ 2026-05-27 15:12:11,042] 25 root - INFO - Match heuristic business names to paybill payments
[ 2026-05-27 15:12:11,042] 174 root - INFO - Data transformation complete
[ 2026-05-27 15:12:11,042] 49 root - INFO - Started Regular Expression mapping
[ 2026-05-27 15:12:11,042] 174 root - INFO - Data transformation complete
[ 2026-05-27 15:12:11,042] 49 root - INFO - Started Regular Expression mapping
[ 2026-05-27 15:12:11,043] 174 root - INFO - Data transformation complete
[ 2026-05-27 15:12:11,043] 49 root - INFO - Started Regular Expression mapping
[ 2026-05-27 15:12:11,043] 174 root - INFO - Data transformation complete
[ 2026-05-27 15:12:11,043] 49 root - INFO - Started Regular Expression mapping
[ 2026-05-27 15:12:11,043] 174 root - INFO - Data transformation complete
[ 2026-05-27 15:12:11,043] 49 root - INFO - Started Regular Expression mapping
[ 2026-05-27 15:12:11,043] 25 root - INFO - Match heuristic business names to paybill payments
[ 2026-05-27 15:12:11,044] 174 root - INFO - Data transformation complete
[ 2026-05-27 15:12:11,044] 49 root - INFO - Started Regular Expression mapping
[ 2026-05-27 15:12:11,044] 25 root - INFO - Match heuristic business names to paybill payments
[ 2026-05-27 15:12:11,044] 174 root - INFO - Data transformation complete
[ 2026-05-27 15:12:11,044] 49 root - INFO - Started Regular Expression mapping
[ 2026-05-27 15:12:11,044] 174 root - INFO - Data transformation complete
[ 2026-05-27 15:12:11,044] 49 root - INFO - Started Regular Expression mapping
[ 2026-05-27 15:12:11,045] 174 root - INFO - Data transformation complete
[ 2026-05-27 15:12:11,045] 49 root - INFO - Started Regular Expression mapping
[ 2026-05-27 15:12:11,045] 174 root - INFO - Data transformation complete
[ 2026-05-27 15:12:11,045] 49 root - INFO - Started Regular Expression mapping
[ 2026-05-27 15:12:11,045] 174 root - INFO - Data transformation complete
[ 2026-05-27 15:12:11,045] 49 root - INFO - Started Regular Expression mapping
[ 2026-05-27 15:12:11,046] 174 root - INFO - Data transformation complete
[ 2026-05-27 15:12:11,046] 49 root - INFO - Started Regular Expression mapping
[ 2026-05-27 15:12:11,046] 174 root - INFO - Data transformation complete
[ 2026-05-27 15:12:11,046] 49 root - INFO - Started Regular Expression mapping
[ 2026-05-27 15:12:11,046] 174 root - INFO - Data transformation complete
[ 2026-05-27 15:12:11,046] 49 root - INFO - Started Regular Expression mapping
[ 2026-05-27 15:12:11,047] 25 root - INFO - Match heuristic business names to paybill payments
[ 2026-05-27 15:12:11,047] 174 root - INFO - Data transformation complete
[ 2026-05-27 15:12:11,047] 49 root - INFO - Started Regular Expression mapping
[ 2026-05-27 15:12:11,047] 174 root - INFO - Data transformation complete
[ 2026-05-27 15:12:11,047] 49 root - INFO - Started Regular Expression mapping
[ 2026-05-27 15:12:11,047] 25 root - INFO - Match heuristic business names to paybill payments
[ 2026-05-27 15:12:11,047] 174 root - INFO - Data transformation complete
[ 2026-05-27 15:12:11,048] 49 root - INFO - Started Regular Expression mapping
[ 2026-05-27 15:12:11,048] 174 root - INFO - Data transformation complete
[ 2026-05-27 15:12:11,048] 49 root - INFO - Started Regular Expression mapping
[ 2026-05-27 15:12:11,049] 174 root - INFO - Data transformation complete
[ 2026-05-27 15:12:11,049] 49 root - INFO - Started Regular Expression mapping
[ 2026-05-27 15:12:11,049] 174 root - INFO - Data transformation complete
[ 2026-05-27 15:12:11,049] 49 root - INFO - Started Regular Expression mapping
[ 2026-05-27 15:12:11,049] 174 root - INFO - Data transformation complete
[ 2026-05-27 15:12:11,049] 49 root - INFO - Started Regular Expression mapping
[ 2026-05-27 15:12:11,050] 174 root - INFO - Data transformation complete
[ 2026-05-27 15:12:11,050] 49 root - INFO - Started Regular Expression mapping
[ 2026-05-27 15:12:11,050] 174 root - INFO - Data transformation complete
[ 2026-05-27 15:12:11,050] 49 root - INFO - Started Regular Expression mapping
[ 2026-05-27 15:12:11,050] 174 root - INFO - Data transformation complete
[ 2026-05-27 15:12:11,050] 49 root - INFO - Started Regular Expression mapping
[ 2026-05-27 15:12:11,051] 25 root - INFO - Match heuristic business names to paybill payments
[ 2026-05-27 15:12:11,051] 174 root - INFO - Data transformation complete
[ 2026-05-27 15:12:11,051] 49 root - INFO - Started Regular Expression mapping
[ 2026-05-27 15:12:11,051] 174 root - INFO - Data transformation complete
[ 2026-05-27 15:12:11,051] 49 root - INFO - Started Regular Expression mapping
[ 2026-05-27 15:12:11,051] 25 root - INFO - Match heuristic business names to paybill payments
[ 2026-05-27 15:12:11,051] 174 root - INFO - Data transformation complete
[ 2026-05-27 15:12:11,052] 49 root - INFO - Started Regular Expression mapping
[ 2026-05-27 15:12:11,052] 174 root - INFO - Data transformation complete
[ 2026-05-27 15:12:11,052] 49 root - INFO - Started Regular Expression mapping
[ 2026-05-27 15:12:11,052] 25 root - INFO - Match heuristic business names to paybill payments
[ 2026-05-27 15:12:11,052] 174 root - INFO - Data transformation complete
[ 2026-05-27 15:12:11,052] 49 root - INFO - Started Regular Expression mapping
[ 2026-05-27 15:12:11,052] 174 root - INFO - Data transformation complete
[ 2026-05-27 15:12:11,053] 49 root - INFO - Started Regular Expression mapping
[ 2026-05-27 15:12:11,053] 174 root - INFO - Data transformation complete
[ 2026-05-27 15:12:11,053] 49 root - INFO - Started Regular Expression mapping
[ 2026-05-27 15:12:11,053] 174 root - INFO - Data transformation complete
[ 2026-05-27 15:12:11,053] 49 root - INFO - Started Regular Expression mapping
[ 2026-05-27 15:12:11,053] 174 root - INFO - Data transformation complete
[ 2026-05-27 15:12:11,054] 49 root - INFO - Started Regular Expression mapping
[ 2026-05-27 15:12:11,054] 174 root - INFO - Data transformation complete
[ 2026-05-27 15:12:11,054] 49 root - INFO - Started Regular Expression mapping
[ 2026-05-27 15:12:11,054] 174 root - INFO - Data transformation complete
[ 2026-05-27 15:12:11,054] 49 root - INFO - Started Regular Expression mapping
[ 2026-05-27 15:12:11,055] 174 root - INFO - Data transformation complete
[ 2026-05-27 15:12:11,055] 49 root - INFO - Started Regular Expression mapping
[ 2026-05-27 15:12:11,055] 25 root - INFO - Match heuristic business names to paybill payments
[ 2026-05-27 15:12:11,055] 174 root - INFO - Data transformation complete
[ 2026-05-27 15:12:11,055] 49 root - INFO - Started Regular Expression mapping
[ 2026-05-27 15:12:11,055] 174 root - INFO - Data transformation complete
[ 2026-05-27 15:12:11,056] 49 root - INFO - Started Regular Expression mapping
[ 2026-05-27 15:12:11,056] 174 root - INFO - Data transformation complete
[ 2026-05-27 15:12:11,056] 49 root - INFO - Started Regular Expression mapping
[ 2026-05-27 15:12:11,056] 174 root - INFO - Data transformation complete
[ 2026-05-27 15:12:11,056] 49 root - INFO - Started Regular Expression mapping
[ 2026-05-27 15:12:11,057] 25 root - INFO - Match heuristic business names to paybill payments
[ 2026-05-27 15:12:11,057] 174 root - INFO - Data transformation complete
[ 2026-05-27 15:12:11,057] 49 root - INFO - Started Regular Expression mapping
[ 2026-05-27 15:12:11,057] 25 root - INFO - Match heuristic business names to paybill payments
[ 2026-05-27 15:12:11,057] 174 root - INFO - Data transformation complete
[ 2026-05-27 15:12:11,057] 49 root - INFO - Started Regular Expression mapping
[ 2026-05-27 15:12:11,058] 174 root - INFO - Data transformation complete
[ 2026-05-27 15:12:11,058] 49 root - INFO - Started Regular Expression mapping
[ 2026-05-27 15:12:11,058] 174 root - INFO - Data transformation complete
[ 2026-05-27 15:12:11,058] 49 root - INFO - Started Regular Expression mapping
[ 2026-05-27 15:12:11,058] 174 root - INFO - Data transformation complete
[ 2026-05-27 15:12:11,059] 49 root - INFO - Started Regular Expression mapping
[ 2026-05-27 15:12:11,059] 25 root - INFO - Match heuristic business names to paybill payments
[ 2026-05-27 15:12:11,059] 174 root - INFO - Data transformation complete
[ 2026-05-27 15:12:11,059] 49 root - INFO - Started Regular Expression mapping
[ 2026-05-27 15:12:11,059] 174 root - INFO - Data transformation complete
[ 2026-05-27 15:12:11,059] 49 root - INFO - Started Regular Expression mapping
[ 2026-05-27 15:12:11,060] 174 root - INFO - Data transformation complete
[ 2026-05-27 15:12:11,060] 49 root - INFO - Started Regular Expression mapping
[ 2026-05-27 15:12:11,060] 174 root - INFO - Data transformation complete
[ 2026-05-27 15:12:11,060] 49 root - INFO - Started Regular Expression mapping
[ 2026-05-27 15:12:11,060] 25 root - INFO - Match heuristic business names to paybill payments
[ 2026-05-27 15:12:11,061] 174 root - INFO - Data transformation complete
[ 2026-05-27 15:12:11,061] 49 root - INFO - Started Regular Expression mapping
[ 2026-05-27 15:12:11,061] 25 root - INFO - Match heuristic business names to paybill payments
[ 2026-05-27 15:12:11,061] 174 root - INFO - Data transformation complete
[ 2026-05-27 15:12:11,061] 49 root - INFO - Started Regular Expression mapping
[ 2026-05-27 15:12:11,062] 174 root - INFO - Data transformation complete
[ 2026-05-27 15:12:11,062] 49 root - INFO - Started Regular Expression mapping
[ 2026-05-27 15:12:11,062] 25 root - INFO - Match heuristic business names to paybill payments
[ 2026-05-27 15:12:11,062] 174 root - INFO - Data transformation complete
[ 2026-05-27 15:12:11,062] 49 root - INFO - Started Regular Expression mapping
[ 2026-05-27 15:12:11,062] 25 root - INFO - Match heuristic business names to paybill payments
[ 2026-05-27 15:12:11,063] 174 root - INFO - Data transformation complete
[ 2026-05-27 15:12:11,063] 49 root - INFO - Started Regular Expression mapping
[ 2026-05-27 15:12:11,063] 174 root - INFO - Data transformation complete
[ 2026-05-27 15:12:11,063] 49 root - INFO - Started Regular Expression mapping
[ 2026-05-27 15:12:11,063] 174 root - INFO - Data transformation complete
[ 2026-05-27 15:12:11,063] 49 root - INFO - Started Regular Expression mapping
[ 2026-05-27 15:12:11,064] 174 root - INFO - Data transformation complete
[ 2026-05-27 15:12:11,064] 49 root - INFO - Started Regular Expression mapping
[ 2026-05-27 15:12:11,064] 174 root - INFO - Data transformation complete
[ 2026-05-27 15:12:11,064] 49 root - INFO - Started Regular Expression mapping
[ 2026-05-27 15:12:11,065] 174 root - INFO - Data transformation complete
[ 2026-05-27 15:12:11,065] 49 root - INFO - Started Regular Expression mapping
[ 2026-05-27 15:12:11,065] 174 root - INFO - Data transformation complete
[ 2026-05-27 15:12:11,065] 49 root - INFO - Started Regular Expression mapping
[ 2026-05-27 15:12:11,065] 174 root - INFO - Data transformation complete
[ 2026-05-27 15:12:11,066] 49 root - INFO - Started Regular Expression mapping
[ 2026-05-27 15:12:11,066] 174 root - INFO - Data transformation complete
[ 2026-05-27 15:12:11,066] 49 root - INFO - Started Regular Expression mapping
[ 2026-05-27 15:12:11,066] 174 root - INFO - Data transformation complete
[ 2026-05-27 15:12:11,066] 49 root - INFO - Started Regular Expression mapping
[ 2026-05-27 15:12:11,067] 174 root - INFO - Data transformation complete
[ 2026-05-27 15:12:11,067] 49 root - INFO - Started Regular Expression mapping
[ 2026-05-27 15:12:11,067] 174 root - INFO - Data transformation complete
[ 2026-05-27 15:12:11,067] 49 root - INFO - Started Regular Expression mapping
[ 2026-05-27 15:12:11,067] 174 root - INFO - Data transformation complete
[ 2026-05-27 15:12:11,068] 49 root - INFO - Started Regular Expression mapping
[ 2026-05-27 15:12:11,068] 174 root - INFO - Data transformation complete
[ 2026-05-27 15:12:11,068] 49 root - INFO - Started Regular Expression mapping
[ 2026-05-27 15:12:11,068] 174 root - INFO - Data transformation complete
[ 2026-05-27 15:12:11,068] 49 root - INFO - Started Regular Expression mapping
[ 2026-05-27 15:12:11,069] 174 root - INFO - Data transformation complete
[ 2026-05-27 15:12:11,069] 49 root - INFO - Started Regular Expression mapping
[ 2026-05-27 15:12:11,069] 174 root - INFO - Data transformation complete
[ 2026-05-27 15:12:11,069] 49 root - INFO - Started Regular Expression mapping
[ 2026-05-27 15:12:11,069] 25 root - INFO - Match heuristic business names to paybill payments
[ 2026-05-27 15:12:11,069] 174 root - INFO - Data transformation complete
[ 2026-05-27 15:12:11,070] 49 root - INFO - Started Regular Expression mapping
[ 2026-05-27 15:12:11,070] 25 root - INFO - Match heuristic business names to paybill payments
[ 2026-05-27 15:12:11,070] 174 root - INFO - Data transformation complete
[ 2026-05-27 15:12:11,070] 49 root - INFO - Started Regular Expression mapping
[ 2026-05-27 15:12:11,070] 174 root - INFO - Data transformation complete
[ 2026-05-27 15:12:11,071] 49 root - INFO - Started Regular Expression mapping
[ 2026-05-27 15:12:11,071] 174 root - INFO - Data transformation complete
[ 2026-05-27 15:12:11,071] 49 root - INFO - Started Regular Expression mapping
[ 2026-05-27 15:12:11,071] 174 root - INFO - Data transformation complete
[ 2026-05-27 15:12:11,071] 49 root - INFO - Started Regular Expression mapping
[ 2026-05-27 15:12:11,072] 174 root - INFO - Data transformation complete
[ 2026-05-27 15:12:11,072] 49 root - INFO - Started Regular Expression mapping
[ 2026-05-27 15:12:11,072] 174 root - INFO - Data transformation complete
[ 2026-05-27 15:12:11,072] 49 root - INFO - Started Regular Expression mapping
[ 2026-05-27 15:12:11,072] 174 root - INFO - Data transformation complete
[ 2026-05-27 15:12:11,072] 49 root - INFO - Started Regular Expression mapping
[ 2026-05-27 15:12:11,073] 174 root - INFO - Data transformation complete
[ 2026-05-27 15:12:11,073] 49 root - INFO - Started Regular Expression mapping
[ 2026-05-27 15:12:11,073] 174 root - INFO - Data transformation complete
[ 2026-05-27 15:12:11,073] 49 root - INFO - Started Regular Expression mapping
[ 2026-05-27 15:12:11,073] 174 root - INFO - Data transformation complete
[ 2026-05-27 15:12:11,074] 49 root - INFO - Started Regular Expression mapping
[ 2026-05-27 15:12:11,074] 174 root - INFO - Data transformation complete
[ 2026-05-27 15:12:11,074] 49 root - INFO - Started Regular Expression mapping
[ 2026-05-27 15:12:11,074] 174 root - INFO - Data transformation complete
[ 2026-05-27 15:12:11,074] 49 root - INFO - Started Regular Expression mapping
[ 2026-05-27 15:12:11,075] 174 root - INFO - Data transformation complete
[ 2026-05-27 15:12:11,075] 49 root - INFO - Started Regular Expression mapping
[ 2026-05-27 15:12:11,075] 174 root - INFO - Data transformation complete
[ 2026-05-27 15:12:11,075] 49 root - INFO - Started Regular Expression mapping
[ 2026-05-27 15:12:11,075] 174 root - INFO - Data transformation complete
[ 2026-05-27 15:12:11,075] 49 root - INFO - Started Regular Expression mapping
[ 2026-05-27 15:12:11,076] 25 root - INFO - Match heuristic business names to paybill payments
[ 2026-05-27 15:12:11,076] 174 root - INFO - Data transformation complete
[ 2026-05-27 15:12:11,076] 49 root - INFO - Started Regular Expression mapping
[ 2026-05-27 15:12:11,076] 174 root - INFO - Data transformation complete
[ 2026-05-27 15:12:11,076] 49 root - INFO - Started Regular Expression mapping
[ 2026-05-27 15:12:11,077] 174 root - INFO - Data transformation complete
[ 2026-05-27 15:12:11,077] 49 root - INFO - Started Regular Expression mapping
[ 2026-05-27 15:12:11,077] 174 root - INFO - Data transformation complete
[ 2026-05-27 15:12:11,077] 49 root - INFO - Started Regular Expression mapping
[ 2026-05-27 15:12:11,077] 174 root - INFO - Data transformation complete
[ 2026-05-27 15:12:11,078] 49 root - INFO - Started Regular Expression mapping
[ 2026-05-27 15:12:11,078] 174 root - INFO - Data transformation complete
[ 2026-05-27 15:12:11,078] 49 root - INFO - Started Regular Expression mapping
[ 2026-05-27 15:12:11,078] 174 root - INFO - Data transformation complete
[ 2026-05-27 15:12:11,078] 49 root - INFO - Started Regular Expression mapping
[ 2026-05-27 15:12:11,079] 174 root - INFO - Data transformation complete
[ 2026-05-27 15:12:11,079] 49 root - INFO - Started Regular Expression mapping
[ 2026-05-27 15:12:11,079] 174 root - INFO - Data transformation complete
[ 2026-05-27 15:12:11,079] 49 root - INFO - Started Regular Expression mapping
[ 2026-05-27 15:12:11,079] 25 root - INFO - Match heuristic business names to paybill payments
[ 2026-05-27 15:12:11,079] 174 root - INFO - Data transformation complete
[ 2026-05-27 15:12:11,080] 49 root - INFO - Started Regular Expression mapping
[ 2026-05-27 15:12:11,080] 174 root - INFO - Data transformation complete
[ 2026-05-27 15:12:11,080] 49 root - INFO - Started Regular Expression mapping
[ 2026-05-27 15:12:11,080] 174 root - INFO - Data transformation complete
[ 2026-05-27 15:12:11,080] 49 root - INFO - Started Regular Expression mapping
[ 2026-05-27 15:12:11,081] 25 root - INFO - Match heuristic business names to paybill payments
[ 2026-05-27 15:12:11,081] 174 root - INFO - Data transformation complete
[ 2026-05-27 15:12:11,081] 49 root - INFO - Started Regular Expression mapping
[ 2026-05-27 15:12:11,081] 174 root - INFO - Data transformation complete
[ 2026-05-27 15:12:11,081] 49 root - INFO - Started Regular Expression mapping
[ 2026-05-27 15:12:11,082] 174 root - INFO - Data transformation complete
[ 2026-05-27 15:12:11,082] 49 root - INFO - Started Regular Expression mapping
[ 2026-05-27 15:12:11,082] 174 root - INFO - Data transformation complete
[ 2026-05-27 15:12:11,082] 49 root - INFO - Started Regular Expression mapping
[ 2026-05-27 15:12:11,082] 174 root - INFO - Data transformation complete
[ 2026-05-27 15:12:11,082] 49 root - INFO - Started Regular Expression mapping
[ 2026-05-27 15:12:11,083] 174 root - INFO - Data transformation complete
[ 2026-05-27 15:12:11,083] 49 root - INFO - Started Regular Expression mapping
[ 2026-05-27 15:12:11,083] 174 root - INFO - Data transformation complete
[ 2026-05-27 15:12:11,083] 49 root - INFO - Started Regular Expression mapping
[ 2026-05-27 15:12:11,084] 174 root - INFO - Data transformation complete
[ 2026-05-27 15:12:11,084] 49 root - INFO - Started Regular Expression mapping
[ 2026-05-27 15:12:11,084] 174 root - INFO - Data transformation complete
[ 2026-05-27 15:12:11,084] 49 root - INFO - Started Regular Expression mapping
[ 2026-05-27 15:12:11,084] 25 root - INFO - Match heuristic business names to paybill payments
[ 2026-05-27 15:12:11,084] 174 root - INFO - Data transformation complete
[ 2026-05-27 15:12:11,085] 49 root - INFO - Started Regular Expression mapping
[ 2026-05-27 15:12:11,085] 174 root - INFO - Data transformation complete
[ 2026-05-27 15:12:11,085] 49 root - INFO - Started Regular Expression mapping
[ 2026-05-27 15:12:11,085] 174 root - INFO - Data transformation complete
[ 2026-05-27 15:12:11,085] 49 root - INFO - Started Regular Expression mapping
[ 2026-05-27 15:12:11,085] 25 root - INFO - Match heuristic business names to paybill payments
[ 2026-05-27 15:12:11,086] 174 root - INFO - Data transformation complete
[ 2026-05-27 15:12:11,086] 49 root - INFO - Started Regular Expression mapping
[ 2026-05-27 15:12:11,086] 174 root - INFO - Data transformation complete
[ 2026-05-27 15:12:11,086] 49 root - INFO - Started Regular Expression mapping
[ 2026-05-27 15:12:11,086] 25 root - INFO - Match heuristic business names to paybill payments
[ 2026-05-27 15:12:11,086] 174 root - INFO - Data transformation complete
[ 2026-05-27 15:12:11,086] 49 root - INFO - Started Regular Expression mapping
[ 2026-05-27 15:12:11,087] 25 root - INFO - Match heuristic business names to paybill payments
[ 2026-05-27 15:12:11,087] 174 root - INFO - Data transformation complete
[ 2026-05-27 15:12:11,087] 49 root - INFO - Started Regular Expression mapping
[ 2026-05-27 15:12:11,087] 25 root - INFO - Match heuristic business names to paybill payments
[ 2026-05-27 15:12:11,087] 174 root - INFO - Data transformation complete
[ 2026-05-27 15:12:11,087] 49 root - INFO - Started Regular Expression mapping
[ 2026-05-27 15:12:11,087] 174 root - INFO - Data transformation complete
[ 2026-05-27 15:12:11,088] 49 root - INFO - Started Regular Expression mapping
[ 2026-05-27 15:12:11,088] 174 root - INFO - Data transformation complete
[ 2026-05-27 15:12:11,088] 49 root - INFO - Started Regular Expression mapping
[ 2026-05-27 15:12:11,088] 174 root - INFO - Data transformation complete
[ 2026-05-27 15:12:11,088] 49 root - INFO - Started Regular Expression mapping
[ 2026-05-27 15:12:11,088] 174 root - INFO - Data transformation complete
[ 2026-05-27 15:12:11,089] 49 root - INFO - Started Regular Expression mapping
[ 2026-05-27 15:12:11,089] 25 root - INFO - Match heuristic business names to paybill payments
[ 2026-05-27 15:12:11,089] 174 root - INFO - Data transformation complete
[ 2026-05-27 15:12:11,089] 49 root - INFO - Started Regular Expression mapping
[ 2026-05-27 15:12:11,089] 174 root - INFO - Data transformation complete
[ 2026-05-27 15:12:11,089] 49 root - INFO - Started Regular Expression mapping
[ 2026-05-27 15:12:11,089] 174 root - INFO - Data transformation complete
[ 2026-05-27 15:12:11,090] 49 root - INFO - Started Regular Expression mapping
[ 2026-05-27 15:12:11,090] 174 root - INFO - Data transformation complete
[ 2026-05-27 15:12:11,090] 49 root - INFO - Started Regular Expression mapping
[ 2026-05-27 15:12:11,090] 174 root - INFO - Data transformation complete
[ 2026-05-27 15:12:11,090] 49 root - INFO - Started Regular Expression mapping
[ 2026-05-27 15:12:11,090] 174 root - INFO - Data transformation complete
[ 2026-05-27 15:12:11,091] 49 root - INFO - Started Regular Expression mapping
[ 2026-05-27 15:12:11,091] 25 root - INFO - Match heuristic business names to paybill payments
[ 2026-05-27 15:12:11,091] 174 root - INFO - Data transformation complete
[ 2026-05-27 15:12:11,091] 49 root - INFO - Started Regular Expression mapping
[ 2026-05-27 15:12:11,091] 25 root - INFO - Match heuristic business names to paybill payments
[ 2026-05-27 15:12:11,091] 174 root - INFO - Data transformation complete
[ 2026-05-27 15:12:11,091] 49 root - INFO - Started Regular Expression mapping
[ 2026-05-27 15:12:11,092] 174 root - INFO - Data transformation complete
[ 2026-05-27 15:12:11,092] 49 root - INFO - Started Regular Expression mapping
[ 2026-05-27 15:12:11,092] 174 root - INFO - Data transformation complete
[ 2026-05-27 15:12:11,092] 49 root - INFO - Started Regular Expression mapping
[ 2026-05-27 15:12:11,092] 174 root - INFO - Data transformation complete
[ 2026-05-27 15:12:11,092] 49 root - INFO - Started Regular Expression mapping
[ 2026-05-27 15:12:11,093] 174 root - INFO - Data transformation complete
[ 2026-05-27 15:12:11,093] 49 root - INFO - Started Regular Expression mapping
[ 2026-05-27 15:12:11,093] 174 root - INFO - Data transformation complete
[ 2026-05-27 15:12:11,093] 49 root - INFO - Started Regular Expression mapping
[ 2026-05-27 15:12:11,093] 25 root - INFO - Match heuristic business names to paybill payments
[ 2026-05-27 15:12:11,093] 174 root - INFO - Data transformation complete
[ 2026-05-27 15:12:11,093] 49 root - INFO - Started Regular Expression mapping
[ 2026-05-27 15:12:11,094] 174 root - INFO - Data transformation complete
[ 2026-05-27 15:12:11,094] 49 root - INFO - Started Regular Expression mapping
[ 2026-05-27 15:12:11,094] 174 root - INFO - Data transformation complete
[ 2026-05-27 15:12:11,094] 49 root - INFO - Started Regular Expression mapping
[ 2026-05-27 15:12:11,094] 25 root - INFO - Match heuristic business names to paybill payments
[ 2026-05-27 15:12:11,094] 174 root - INFO - Data transformation complete
[ 2026-05-27 15:12:11,094] 49 root - INFO - Started Regular Expression mapping
[ 2026-05-27 15:12:11,095] 174 root - INFO - Data transformation complete
[ 2026-05-27 15:12:11,095] 49 root - INFO - Started Regular Expression mapping
[ 2026-05-27 15:12:11,095] 25 root - INFO - Match heuristic business names to paybill payments
[ 2026-05-27 15:12:11,095] 174 root - INFO - Data transformation complete
[ 2026-05-27 15:12:11,095] 49 root - INFO - Started Regular Expression mapping
[ 2026-05-27 15:12:11,095] 174 root - INFO - Data transformation complete
[ 2026-05-27 15:12:11,095] 49 root - INFO - Started Regular Expression mapping
[ 2026-05-27 15:12:11,096] 174 root - INFO - Data transformation complete
[ 2026-05-27 15:12:11,096] 49 root - INFO - Started Regular Expression mapping
[ 2026-05-27 15:12:11,097] 174 root - INFO - Data transformation complete
[ 2026-05-27 15:12:11,097] 49 root - INFO - Started Regular Expression mapping
[ 2026-05-27 15:12:11,097] 174 root - INFO - Data transformation complete
[ 2026-05-27 15:12:11,097] 49 root - INFO - Started Regular Expression mapping
[ 2026-05-27 15:12:11,097] 174 root - INFO - Data transformation complete
[ 2026-05-27 15:12:11,097] 49 root - INFO - Started Regular Expression mapping
[ 2026-05-27 15:12:11,097] 174 root - INFO - Data transformation complete
[ 2026-05-27 15:12:11,098] 49 root - INFO - Started Regular Expression mapping
[ 2026-05-27 15:12:11,098] 25 root - INFO - Match heuristic business names to paybill payments
[ 2026-05-27 15:12:11,098] 174 root - INFO - Data transformation complete
[ 2026-05-27 15:12:11,098] 49 root - INFO - Started Regular Expression mapping
[ 2026-05-27 15:12:11,098] 25 root - INFO - Match heuristic business names to paybill payments
[ 2026-05-27 15:12:11,098] 174 root - INFO - Data transformation complete
[ 2026-05-27 15:12:11,098] 49 root - INFO - Started Regular Expression mapping
[ 2026-05-27 15:12:11,099] 25 root - INFO - Match heuristic business names to paybill payments
[ 2026-05-27 15:12:11,099] 174 root - INFO - Data transformation complete
[ 2026-05-27 15:12:11,099] 49 root - INFO - Started Regular Expression mapping
[ 2026-05-27 15:12:11,099] 174 root - INFO - Data transformation complete
[ 2026-05-27 15:12:11,099] 49 root - INFO - Started Regular Expression mapping
[ 2026-05-27 15:12:11,099] 174 root - INFO - Data transformation complete
[ 2026-05-27 15:12:11,099] 49 root - INFO - Started Regular Expression mapping
[ 2026-05-27 15:12:11,100] 174 root - INFO - Data transformation complete
[ 2026-05-27 15:12:11,100] 49 root - INFO - Started Regular Expression mapping
[ 2026-05-27 15:12:11,100] 174 root - INFO - Data transformation complete
[ 2026-05-27 15:12:11,100] 49 root - INFO - Started Regular Expression mapping
[ 2026-05-27 15:12:11,100] 174 root - INFO - Data transformation complete
[ 2026-05-27 15:12:11,100] 49 root - INFO - Started Regular Expression mapping
[ 2026-05-27 15:12:11,101] 174 root - INFO - Data transformation complete
[ 2026-05-27 15:12:11,101] 49 root - INFO - Started Regular Expression mapping
[ 2026-05-27 15:12:11,101] 174 root - INFO - Data transformation complete
[ 2026-05-27 15:12:11,101] 49 root - INFO - Started Regular Expression mapping
[ 2026-05-27 15:12:11,101] 174 root - INFO - Data transformation complete
[ 2026-05-27 15:12:11,101] 49 root - INFO - Started Regular Expression mapping
[ 2026-05-27 15:12:11,102] 25 root - INFO - Match heuristic business names to paybill payments
[ 2026-05-27 15:12:11,102] 174 root - INFO - Data transformation complete
[ 2026-05-27 15:12:11,102] 49 root - INFO - Started Regular Expression mapping
[ 2026-05-27 15:12:11,102] 25 root - INFO - Match heuristic business names to paybill payments
[ 2026-05-27 15:12:11,102] 174 root - INFO - Data transformation complete
[ 2026-05-27 15:12:11,102] 49 root - INFO - Started Regular Expression mapping
[ 2026-05-27 15:12:11,102] 174 root - INFO - Data transformation complete
[ 2026-05-27 15:12:11,103] 49 root - INFO - Started Regular Expression mapping
[ 2026-05-27 15:12:11,103] 174 root - INFO - Data transformation complete
[ 2026-05-27 15:12:11,103] 49 root - INFO - Started Regular Expression mapping
[ 2026-05-27 15:12:11,103] 174 root - INFO - Data transformation complete
[ 2026-05-27 15:12:11,103] 49 root - INFO - Started Regular Expression mapping
[ 2026-05-27 15:12:11,103] 174 root - INFO - Data transformation complete
[ 2026-05-27 15:12:11,103] 49 root - INFO - Started Regular Expression mapping
[ 2026-05-27 15:12:11,104] 174 root - INFO - Data transformation complete
[ 2026-05-27 15:12:11,104] 49 root - INFO - Started Regular Expression mapping
[ 2026-05-27 15:12:11,104] 25 root - INFO - Match heuristic business names to paybill payments
[ 2026-05-27 15:12:11,104] 174 root - INFO - Data transformation complete
[ 2026-05-27 15:12:11,104] 49 root - INFO - Started Regular Expression mapping
[ 2026-05-27 15:12:11,104] 174 root - INFO - Data transformation complete
[ 2026-05-27 15:12:11,105] 49 root - INFO - Started Regular Expression mapping
[ 2026-05-27 15:12:11,105] 174 root - INFO - Data transformation complete
[ 2026-05-27 15:12:11,105] 49 root - INFO - Started Regular Expression mapping
[ 2026-05-27 15:12:11,105] 174 root - INFO - Data transformation complete
[ 2026-05-27 15:12:11,105] 49 root - INFO - Started Regular Expression mapping
[ 2026-05-27 15:12:11,105] 174 root - INFO - Data transformation complete
[ 2026-05-27 15:12:11,106] 49 root - INFO - Started Regular Expression mapping
[ 2026-05-27 15:12:11,106] 174 root - INFO - Data transformation complete
[ 2026-05-27 15:12:11,106] 49 root - INFO - Started Regular Expression mapping
[ 2026-05-27 15:12:11,106] 25 root - INFO - Match heuristic business names to paybill payments
[ 2026-05-27 15:12:11,106] 174 root - INFO - Data transformation complete
[ 2026-05-27 15:12:11,106] 49 root - INFO - Started Regular Expression mapping
[ 2026-05-27 15:12:11,106] 25 root - INFO - Match heuristic business names to paybill payments
[ 2026-05-27 15:12:11,107] 174 root - INFO - Data transformation complete
[ 2026-05-27 15:12:11,107] 49 root - INFO - Started Regular Expression mapping
[ 2026-05-27 15:12:11,107] 174 root - INFO - Data transformation complete
[ 2026-05-27 15:12:11,107] 49 root - INFO - Started Regular Expression mapping
[ 2026-05-27 15:12:11,107] 174 root - INFO - Data transformation complete
[ 2026-05-27 15:12:11,107] 49 root - INFO - Started Regular Expression mapping
[ 2026-05-27 15:12:11,108] 174 root - INFO - Data transformation complete
[ 2026-05-27 15:12:11,108] 49 root - INFO - Started Regular Expression mapping
[ 2026-05-27 15:12:11,108] 174 root - INFO - Data transformation complete
[ 2026-05-27 15:12:11,108] 49 root - INFO - Started Regular Expression mapping
[ 2026-05-27 15:12:11,108] 174 root - INFO - Data transformation complete
[ 2026-05-27 15:12:11,108] 49 root - INFO - Started Regular Expression mapping
[ 2026-05-27 15:12:11,108] 25 root - INFO - Match heuristic business names to paybill payments
[ 2026-05-27 15:12:11,109] 174 root - INFO - Data transformation complete
[ 2026-05-27 15:12:11,109] 49 root - INFO - Started Regular Expression mapping
[ 2026-05-27 15:12:11,109] 25 root - INFO - Match heuristic business names to paybill payments
[ 2026-05-27 15:12:11,109] 174 root - INFO - Data transformation complete
[ 2026-05-27 15:12:11,109] 49 root - INFO - Started Regular Expression mapping
[ 2026-05-27 15:12:11,109] 174 root - INFO - Data transformation complete
[ 2026-05-27 15:12:11,109] 49 root - INFO - Started Regular Expression mapping
[ 2026-05-27 15:12:11,110] 174 root - INFO - Data transformation complete
[ 2026-05-27 15:12:11,110] 49 root - INFO - Started Regular Expression mapping
[ 2026-05-27 15:12:11,110] 174 root - INFO - Data transformation complete
[ 2026-05-27 15:12:11,110] 49 root - INFO - Started Regular Expression mapping
[ 2026-05-27 15:12:11,110] 174 root - INFO - Data transformation complete
[ 2026-05-27 15:12:11,110] 49 root - INFO - Started Regular Expression mapping
[ 2026-05-27 15:12:11,111] 174 root - INFO - Data transformation complete
[ 2026-05-27 15:12:11,111] 49 root - INFO - Started Regular Expression mapping
[ 2026-05-27 15:12:11,111] 174 root - INFO - Data transformation complete
[ 2026-05-27 15:12:11,111] 49 root - INFO - Started Regular Expression mapping
[ 2026-05-27 15:12:11,111] 174 root - INFO - Data transformation complete
[ 2026-05-27 15:12:11,111] 49 root - INFO - Started Regular Expression mapping
[ 2026-05-27 15:12:11,112] 174 root - INFO - Data transformation complete
[ 2026-05-27 15:12:11,112] 49 root - INFO - Started Regular Expression mapping
[ 2026-05-27 15:12:11,112] 174 root - INFO - Data transformation complete
[ 2026-05-27 15:12:11,112] 49 root - INFO - Started Regular Expression mapping
[ 2026-05-27 15:12:11,112] 174 root - INFO - Data transformation complete
[ 2026-05-27 15:12:11,112] 49 root - INFO - Started Regular Expression mapping
[ 2026-05-27 15:12:11,113] 174 root - INFO - Data transformation complete
[ 2026-05-27 15:12:11,113] 49 root - INFO - Started Regular Expression mapping
[ 2026-05-27 15:12:11,113] 25 root - INFO - Match heuristic business names to paybill payments
[ 2026-05-27 15:12:11,113] 174 root - INFO - Data transformation complete
[ 2026-05-27 15:12:11,113] 49 root - INFO - Started Regular Expression mapping
[ 2026-05-27 15:12:11,113] 174 root - INFO - Data transformation complete
[ 2026-05-27 15:12:11,113] 49 root - INFO - Started Regular Expression mapping
[ 2026-05-27 15:12:11,114] 174 root - INFO - Data transformation complete
[ 2026-05-27 15:12:11,114] 49 root - INFO - Started Regular Expression mapping
[ 2026-05-27 15:12:11,114] 174 root - INFO - Data transformation complete
[ 2026-05-27 15:12:11,114] 49 root - INFO - Started Regular Expression mapping
[ 2026-05-27 15:12:11,114] 25 root - INFO - Match heuristic business names to paybill payments
[ 2026-05-27 15:12:11,114] 174 root - INFO - Data transformation complete
[ 2026-05-27 15:12:11,115] 49 root - INFO - Started Regular Expression mapping
[ 2026-05-27 15:12:11,115] 174 root - INFO - Data transformation complete
[ 2026-05-27 15:12:11,115] 49 root - INFO - Started Regular Expression mapping
[ 2026-05-27 15:12:11,115] 174 root - INFO - Data transformation complete
[ 2026-05-27 15:12:11,115] 49 root - INFO - Started Regular Expression mapping
[ 2026-05-27 15:12:11,115] 174 root - INFO - Data transformation complete
[ 2026-05-27 15:12:11,116] 49 root - INFO - Started Regular Expression mapping
[ 2026-05-27 15:12:11,116] 174 root - INFO - Data transformation complete
[ 2026-05-27 15:12:11,116] 49 root - INFO - Started Regular Expression mapping
[ 2026-05-27 15:12:11,116] 174 root - INFO - Data transformation complete
[ 2026-05-27 15:12:11,116] 49 root - INFO - Started Regular Expression mapping
[ 2026-05-27 15:12:11,116] 174 root - INFO - Data transformation complete
[ 2026-05-27 15:12:11,116] 49 root - INFO - Started Regular Expression mapping
[ 2026-05-27 15:12:11,117] 25 root - INFO - Match heuristic business names to paybill payments
[ 2026-05-27 15:12:11,117] 174 root - INFO - Data transformation complete
[ 2026-05-27 15:12:11,117] 49 root - INFO - Started Regular Expression mapping
[ 2026-05-27 15:12:11,117] 25 root - INFO - Match heuristic business names to paybill payments
[ 2026-05-27 15:12:11,117] 174 root - INFO - Data transformation complete
[ 2026-05-27 15:12:11,117] 49 root - INFO - Started Regular Expression mapping
[ 2026-05-27 15:12:11,118] 174 root - INFO - Data transformation complete
[ 2026-05-27 15:12:11,118] 49 root - INFO - Started Regular Expression mapping
[ 2026-05-27 15:12:11,118] 174 root - INFO - Data transformation complete
[ 2026-05-27 15:12:11,118] 49 root - INFO - Started Regular Expression mapping
[ 2026-05-27 15:12:11,118] 174 root - INFO - Data transformation complete
[ 2026-05-27 15:12:11,118] 49 root - INFO - Started Regular Expression mapping
[ 2026-05-27 15:12:11,118] 174 root - INFO - Data transformation complete
[ 2026-05-27 15:12:11,119] 49 root - INFO - Started Regular Expression mapping
[ 2026-05-27 15:12:11,119] 25 root - INFO - Match heuristic business names to paybill payments
[ 2026-05-27 15:12:11,119] 174 root - INFO - Data transformation complete
[ 2026-05-27 15:12:11,119] 49 root - INFO - Started Regular Expression mapping
[ 2026-05-27 15:12:11,119] 174 root - INFO - Data transformation complete
[ 2026-05-27 15:12:11,119] 49 root - INFO - Started Regular Expression mapping
[ 2026-05-27 15:12:11,120] 25 root - INFO - Match heuristic business names to paybill payments
[ 2026-05-27 15:12:11,120] 174 root - INFO - Data transformation complete
[ 2026-05-27 15:12:11,120] 49 root - INFO - Started Regular Expression mapping
[ 2026-05-27 15:12:11,120] 174 root - INFO - Data transformation complete
[ 2026-05-27 15:12:11,120] 49 root - INFO - Started Regular Expression mapping
[ 2026-05-27 15:12:11,120] 25 root - INFO - Match heuristic business names to paybill payments
[ 2026-05-27 15:12:11,121] 174 root - INFO - Data transformation complete
[ 2026-05-27 15:12:11,121] 49 root - INFO - Started Regular Expression mapping
[ 2026-05-27 15:12:11,121] 174 root - INFO - Data transformation complete
[ 2026-05-27 15:12:11,121] 49 root - INFO - Started Regular Expression mapping
[ 2026-05-27 15:12:11,121] 174 root - INFO - Data transformation complete
[ 2026-05-27 15:12:11,121] 49 root - INFO - Started Regular Expression mapping
[ 2026-05-27 15:12:11,122] 174 root - INFO - Data transformation complete
[ 2026-05-27 15:12:11,122] 49 root - INFO - Started Regular Expression mapping
[ 2026-05-27 15:12:11,122] 174 root - INFO - Data transformation complete
[ 2026-05-27 15:12:11,122] 49 root - INFO - Started Regular Expression mapping
[ 2026-05-27 15:12:11,122] 174 root - INFO - Data transformation complete
[ 2026-05-27 15:12:11,122] 49 root - INFO - Started Regular Expression mapping
[ 2026-05-27 15:12:11,122] 174 root - INFO - Data transformation complete
[ 2026-05-27 15:12:11,123] 49 root - INFO - Started Regular Expression mapping
[ 2026-05-27 15:12:11,123] 25 root - INFO - Match heuristic business names to paybill payments
[ 2026-05-27 15:12:11,123] 174 root - INFO - Data transformation complete
[ 2026-05-27 15:12:11,123] 49 root - INFO - Started Regular Expression mapping
[ 2026-05-27 15:12:11,123] 25 root - INFO - Match heuristic business names to paybill payments
[ 2026-05-27 15:12:11,123] 174 root - INFO - Data transformation complete
[ 2026-05-27 15:12:11,124] 49 root - INFO - Started Regular Expression mapping
[ 2026-05-27 15:12:11,124] 174 root - INFO - Data transformation complete
[ 2026-05-27 15:12:11,124] 49 root - INFO - Started Regular Expression mapping
[ 2026-05-27 15:12:11,124] 174 root - INFO - Data transformation complete
[ 2026-05-27 15:12:11,124] 49 root - INFO - Started Regular Expression mapping
[ 2026-05-27 15:12:11,124] 174 root - INFO - Data transformation complete
[ 2026-05-27 15:12:11,125] 49 root - INFO - Started Regular Expression mapping
[ 2026-05-27 15:12:11,125] 174 root - INFO - Data transformation complete
[ 2026-05-27 15:12:11,125] 49 root - INFO - Started Regular Expression mapping
[ 2026-05-27 15:12:11,125] 174 root - INFO - Data transformation complete
[ 2026-05-27 15:12:11,125] 49 root - INFO - Started Regular Expression mapping
[ 2026-05-27 15:12:11,125] 174 root - INFO - Data transformation complete
[ 2026-05-27 15:12:11,125] 49 root - INFO - Started Regular Expression mapping
[ 2026-05-27 15:12:11,126] 174 root - INFO - Data transformation complete
[ 2026-05-27 15:12:11,126] 49 root - INFO - Started Regular Expression mapping
[ 2026-05-27 15:12:11,126] 174 root - INFO - Data transformation complete
[ 2026-05-27 15:12:11,126] 49 root - INFO - Started Regular Expression mapping
[ 2026-05-27 15:12:11,126] 174 root - INFO - Data transformation complete
[ 2026-05-27 15:12:11,126] 49 root - INFO - Started Regular Expression mapping
[ 2026-05-27 15:12:11,127] 174 root - INFO - Data transformation complete
[ 2026-05-27 15:12:11,127] 49 root - INFO - Started Regular Expression mapping
[ 2026-05-27 15:12:11,127] 25 root - INFO - Match heuristic business names to paybill payments
[ 2026-05-27 15:12:11,127] 174 root - INFO - Data transformation complete
[ 2026-05-27 15:12:11,127] 49 root - INFO - Started Regular Expression mapping
[ 2026-05-27 15:12:11,127] 174 root - INFO - Data transformation complete
[ 2026-05-27 15:12:11,127] 49 root - INFO - Started Regular Expression mapping
[ 2026-05-27 15:12:11,128] 174 root - INFO - Data transformation complete
[ 2026-05-27 15:12:11,128] 49 root - INFO - Started Regular Expression mapping
[ 2026-05-27 15:12:11,128] 25 root - INFO - Match heuristic business names to paybill payments
[ 2026-05-27 15:12:11,128] 174 root - INFO - Data transformation complete
[ 2026-05-27 15:12:11,128] 49 root - INFO - Started Regular Expression mapping
[ 2026-05-27 15:12:11,129] 174 root - INFO - Data transformation complete
[ 2026-05-27 15:12:11,129] 49 root - INFO - Started Regular Expression mapping
[ 2026-05-27 15:12:11,129] 174 root - INFO - Data transformation complete
[ 2026-05-27 15:12:11,129] 49 root - INFO - Started Regular Expression mapping
[ 2026-05-27 15:12:11,129] 174 root - INFO - Data transformation complete
[ 2026-05-27 15:12:11,129] 49 root - INFO - Started Regular Expression mapping
[ 2026-05-27 15:12:11,130] 174 root - INFO - Data transformation complete
[ 2026-05-27 15:12:11,130] 49 root - INFO - Started Regular Expression mapping
[ 2026-05-27 15:12:11,130] 174 root - INFO - Data transformation complete
[ 2026-05-27 15:12:11,130] 49 root - INFO - Started Regular Expression mapping
[ 2026-05-27 15:12:11,130] 174 root - INFO - Data transformation complete
[ 2026-05-27 15:12:11,130] 49 root - INFO - Started Regular Expression mapping
[ 2026-05-27 15:12:11,131] 174 root - INFO - Data transformation complete
[ 2026-05-27 15:12:11,131] 49 root - INFO - Started Regular Expression mapping
[ 2026-05-27 15:12:11,131] 174 root - INFO - Data transformation complete
[ 2026-05-27 15:12:11,131] 49 root - INFO - Started Regular Expression mapping
[ 2026-05-27 15:12:11,131] 174 root - INFO - Data transformation complete
[ 2026-05-27 15:12:11,131] 49 root - INFO - Started Regular Expression mapping
[ 2026-05-27 15:12:11,132] 25 root - INFO - Match heuristic business names to paybill payments
[ 2026-05-27 15:12:11,132] 174 root - INFO - Data transformation complete
[ 2026-05-27 15:12:11,132] 49 root - INFO - Started Regular Expression mapping
[ 2026-05-27 15:12:11,132] 174 root - INFO - Data transformation complete
[ 2026-05-27 15:12:11,132] 49 root - INFO - Started Regular Expression mapping
[ 2026-05-27 15:12:11,132] 174 root - INFO - Data transformation complete
[ 2026-05-27 15:12:11,132] 49 root - INFO - Started Regular Expression mapping
[ 2026-05-27 15:12:11,133] 25 root - INFO - Match heuristic business names to paybill payments
[ 2026-05-27 15:12:11,133] 174 root - INFO - Data transformation complete
[ 2026-05-27 15:12:11,133] 49 root - INFO - Started Regular Expression mapping
[ 2026-05-27 15:12:11,133] 25 root - INFO - Match heuristic business names to paybill payments
[ 2026-05-27 15:12:11,133] 174 root - INFO - Data transformation complete
[ 2026-05-27 15:12:11,133] 49 root - INFO - Started Regular Expression mapping
[ 2026-05-27 15:12:11,133] 174 root - INFO - Data transformation complete
[ 2026-05-27 15:12:11,134] 49 root - INFO - Started Regular Expression mapping
[ 2026-05-27 15:12:11,134] 174 root - INFO - Data transformation complete
[ 2026-05-27 15:12:11,134] 49 root - INFO - Started Regular Expression mapping
[ 2026-05-27 15:12:11,134] 174 root - INFO - Data transformation complete
[ 2026-05-27 15:12:11,134] 49 root - INFO - Started Regular Expression mapping
[ 2026-05-27 15:12:11,134] 174 root - INFO - Data transformation complete
[ 2026-05-27 15:12:11,135] 49 root - INFO - Started Regular Expression mapping
[ 2026-05-27 15:12:11,135] 174 root - INFO - Data transformation complete
[ 2026-05-27 15:12:11,135] 49 root - INFO - Started Regular Expression mapping
[ 2026-05-27 15:12:11,135] 174 root - INFO - Data transformation complete
[ 2026-05-27 15:12:11,135] 49 root - INFO - Started Regular Expression mapping
[ 2026-05-27 15:12:11,135] 174 root - INFO - Data transformation complete
[ 2026-05-27 15:12:11,135] 49 root - INFO - Started Regular Expression mapping
[ 2026-05-27 15:12:11,136] 25 root - INFO - Match heuristic business names to paybill payments
[ 2026-05-27 15:12:11,136] 174 root - INFO - Data transformation complete
[ 2026-05-27 15:12:11,136] 49 root - INFO - Started Regular Expression mapping
[ 2026-05-27 15:12:11,136] 174 root - INFO - Data transformation complete
[ 2026-05-27 15:12:11,136] 49 root - INFO - Started Regular Expression mapping
[ 2026-05-27 15:12:11,136] 174 root - INFO - Data transformation complete
[ 2026-05-27 15:12:11,137] 49 root - INFO - Started Regular Expression mapping
[ 2026-05-27 15:12:11,137] 174 root - INFO - Data transformation complete
[ 2026-05-27 15:12:11,137] 49 root - INFO - Started Regular Expression mapping
[ 2026-05-27 15:12:11,137] 174 root - INFO - Data transformation complete
[ 2026-05-27 15:12:11,137] 49 root - INFO - Started Regular Expression mapping
[ 2026-05-27 15:12:11,137] 174 root - INFO - Data transformation complete
[ 2026-05-27 15:12:11,138] 49 root - INFO - Started Regular Expression mapping
[ 2026-05-27 15:12:11,138] 174 root - INFO - Data transformation complete
[ 2026-05-27 15:12:11,138] 49 root - INFO - Started Regular Expression mapping
[ 2026-05-27 15:12:11,138] 174 root - INFO - Data transformation complete
[ 2026-05-27 15:12:11,138] 49 root - INFO - Started Regular Expression mapping
[ 2026-05-27 15:12:11,138] 174 root - INFO - Data transformation complete
[ 2026-05-27 15:12:11,138] 49 root - INFO - Started Regular Expression mapping
[ 2026-05-27 15:12:11,139] 174 root - INFO - Data transformation complete
[ 2026-05-27 15:12:11,139] 49 root - INFO - Started Regular Expression mapping
[ 2026-05-27 15:12:11,139] 174 root - INFO - Data transformation complete
[ 2026-05-27 15:12:11,139] 49 root - INFO - Started Regular Expression mapping
[ 2026-05-27 15:12:11,139] 25 root - INFO - Match heuristic business names to paybill payments
[ 2026-05-27 15:12:11,139] 174 root - INFO - Data transformation complete
[ 2026-05-27 15:12:11,140] 49 root - INFO - Started Regular Expression mapping
[ 2026-05-27 15:12:11,140] 174 root - INFO - Data transformation complete
[ 2026-05-27 15:12:11,140] 49 root - INFO - Started Regular Expression mapping
[ 2026-05-27 15:12:11,140] 174 root - INFO - Data transformation complete
[ 2026-05-27 15:12:11,140] 49 root - INFO - Started Regular Expression mapping
[ 2026-05-27 15:12:11,141] 174 root - INFO - Data transformation complete
[ 2026-05-27 15:12:11,141] 49 root - INFO - Started Regular Expression mapping
[ 2026-05-27 15:12:11,141] 174 root - INFO - Data transformation complete
[ 2026-05-27 15:12:11,141] 49 root - INFO - Started Regular Expression mapping
[ 2026-05-27 15:12:11,141] 174 root - INFO - Data transformation complete
[ 2026-05-27 15:12:11,141] 49 root - INFO - Started Regular Expression mapping
[ 2026-05-27 15:12:11,141] 174 root - INFO - Data transformation complete
[ 2026-05-27 15:12:11,142] 49 root - INFO - Started Regular Expression mapping
[ 2026-05-27 15:12:11,142] 174 root - INFO - Data transformation complete
[ 2026-05-27 15:12:11,142] 49 root - INFO - Started Regular Expression mapping
[ 2026-05-27 15:12:11,142] 174 root - INFO - Data transformation complete
[ 2026-05-27 15:12:11,142] 49 root - INFO - Started Regular Expression mapping
[ 2026-05-27 15:12:11,142] 174 root - INFO - Data transformation complete
[ 2026-05-27 15:12:11,143] 49 root - INFO - Started Regular Expression mapping
[ 2026-05-27 15:12:11,143] 174 root - INFO - Data transformation complete
[ 2026-05-27 15:12:11,143] 49 root - INFO - Started Regular Expression mapping
[ 2026-05-27 15:12:11,143] 25 root - INFO - Match heuristic business names to paybill payments
[ 2026-05-27 15:12:11,143] 174 root - INFO - Data transformation complete
[ 2026-05-27 15:12:11,143] 49 root - INFO - Started Regular Expression mapping
[ 2026-05-27 15:12:11,144] 174 root - INFO - Data transformation complete
[ 2026-05-27 15:12:11,144] 49 root - INFO - Started Regular Expression mapping
[ 2026-05-27 15:12:11,144] 174 root - INFO - Data transformation complete
[ 2026-05-27 15:12:11,144] 49 root - INFO - Started Regular Expression mapping
[ 2026-05-27 15:12:11,144] 174 root - INFO - Data transformation complete
[ 2026-05-27 15:12:11,144] 49 root - INFO - Started Regular Expression mapping
[ 2026-05-27 15:12:11,145] 174 root - INFO - Data transformation complete
[ 2026-05-27 15:12:11,145] 49 root - INFO - Started Regular Expression mapping
[ 2026-05-27 15:12:11,145] 174 root - INFO - Data transformation complete
[ 2026-05-27 15:12:11,145] 49 root - INFO - Started Regular Expression mapping
[ 2026-05-27 15:12:11,145] 174 root - INFO - Data transformation complete
[ 2026-05-27 15:12:11,145] 49 root - INFO - Started Regular Expression mapping
[ 2026-05-27 15:12:11,146] 25 root - INFO - Match heuristic business names to paybill payments
[ 2026-05-27 15:12:11,146] 174 root - INFO - Data transformation complete
[ 2026-05-27 15:12:11,146] 49 root - INFO - Started Regular Expression mapping
[ 2026-05-27 15:12:11,146] 174 root - INFO - Data transformation complete
[ 2026-05-27 15:12:11,146] 49 root - INFO - Started Regular Expression mapping
[ 2026-05-27 15:12:11,146] 25 root - INFO - Match heuristic business names to paybill payments
[ 2026-05-27 15:12:11,147] 174 root - INFO - Data transformation complete
[ 2026-05-27 15:12:11,147] 49 root - INFO - Started Regular Expression mapping
[ 2026-05-27 15:12:11,147] 174 root - INFO - Data transformation complete
[ 2026-05-27 15:12:11,147] 49 root - INFO - Started Regular Expression mapping
[ 2026-05-27 15:12:11,147] 25 root - INFO - Match heuristic business names to paybill payments
[ 2026-05-27 15:12:11,147] 174 root - INFO - Data transformation complete
[ 2026-05-27 15:12:11,147] 49 root - INFO - Started Regular Expression mapping
[ 2026-05-27 15:12:11,148] 174 root - INFO - Data transformation complete
[ 2026-05-27 15:12:11,148] 49 root - INFO - Started Regular Expression mapping
[ 2026-05-27 15:12:11,148] 174 root - INFO - Data transformation complete
[ 2026-05-27 15:12:11,148] 49 root - INFO - Started Regular Expression mapping
[ 2026-05-27 15:12:11,148] 174 root - INFO - Data transformation complete
[ 2026-05-27 15:12:11,148] 49 root - INFO - Started Regular Expression mapping
[ 2026-05-27 15:12:11,149] 174 root - INFO - Data transformation complete
[ 2026-05-27 15:12:11,149] 49 root - INFO - Started Regular Expression mapping
[ 2026-05-27 15:12:11,149] 174 root - INFO - Data transformation complete
[ 2026-05-27 15:12:11,149] 49 root - INFO - Started Regular Expression mapping
[ 2026-05-27 15:12:11,149] 174 root - INFO - Data transformation complete
[ 2026-05-27 15:12:11,149] 49 root - INFO - Started Regular Expression mapping
[ 2026-05-27 15:12:11,149] 174 root - INFO - Data transformation complete
[ 2026-05-27 15:12:11,150] 49 root - INFO - Started Regular Expression mapping
[ 2026-05-27 15:12:11,150] 174 root - INFO - Data transformation complete
[ 2026-05-27 15:12:11,150] 49 root - INFO - Started Regular Expression mapping
[ 2026-05-27 15:12:11,150] 174 root - INFO - Data transformation complete
[ 2026-05-27 15:12:11,150] 49 root - INFO - Started Regular Expression mapping
[ 2026-05-27 15:12:11,150] 174 root - INFO - Data transformation complete
[ 2026-05-27 15:12:11,151] 49 root - INFO - Started Regular Expression mapping
[ 2026-05-27 15:12:11,151] 174 root - INFO - Data transformation complete
[ 2026-05-27 15:12:11,151] 49 root - INFO - Started Regular Expression mapping
[ 2026-05-27 15:12:11,151] 25 root - INFO - Match heuristic business names to paybill payments
[ 2026-05-27 15:12:11,151] 174 root - INFO - Data transformation complete
[ 2026-05-27 15:12:11,151] 49 root - INFO - Started Regular Expression mapping
[ 2026-05-27 15:12:11,151] 174 root - INFO - Data transformation complete
[ 2026-05-27 15:12:11,152] 49 root - INFO - Started Regular Expression mapping
[ 2026-05-27 15:12:11,152] 174 root - INFO - Data transformation complete
[ 2026-05-27 15:12:11,152] 49 root - INFO - Started Regular Expression mapping
[ 2026-05-27 15:12:11,152] 25 root - INFO - Match heuristic business names to paybill payments
[ 2026-05-27 15:12:11,152] 174 root - INFO - Data transformation complete
[ 2026-05-27 15:12:11,152] 49 root - INFO - Started Regular Expression mapping
[ 2026-05-27 15:12:11,152] 174 root - INFO - Data transformation complete
[ 2026-05-27 15:12:11,153] 49 root - INFO - Started Regular Expression mapping
[ 2026-05-27 15:12:11,153] 174 root - INFO - Data transformation complete
[ 2026-05-27 15:12:11,153] 49 root - INFO - Started Regular Expression mapping
[ 2026-05-27 15:12:11,153] 174 root - INFO - Data transformation complete
[ 2026-05-27 15:12:11,153] 49 root - INFO - Started Regular Expression mapping
[ 2026-05-27 15:12:11,153] 174 root - INFO - Data transformation complete
[ 2026-05-27 15:12:11,154] 49 root - INFO - Started Regular Expression mapping
[ 2026-05-27 15:12:11,154] 174 root - INFO - Data transformation complete
[ 2026-05-27 15:12:11,154] 49 root - INFO - Started Regular Expression mapping
[ 2026-05-27 15:12:11,154] 25 root - INFO - Match heuristic business names to paybill payments
[ 2026-05-27 15:12:11,154] 174 root - INFO - Data transformation complete
[ 2026-05-27 15:12:11,154] 49 root - INFO - Started Regular Expression mapping
[ 2026-05-27 15:12:11,155] 174 root - INFO - Data transformation complete
[ 2026-05-27 15:12:11,155] 49 root - INFO - Started Regular Expression mapping
[ 2026-05-27 15:12:11,155] 174 root - INFO - Data transformation complete
[ 2026-05-27 15:12:11,155] 49 root - INFO - Started Regular Expression mapping
[ 2026-05-27 15:12:11,155] 174 root - INFO - Data transformation complete
[ 2026-05-27 15:12:11,155] 49 root - INFO - Started Regular Expression mapping
[ 2026-05-27 15:12:11,155] 174 root - INFO - Data transformation complete
[ 2026-05-27 15:12:11,156] 49 root - INFO - Started Regular Expression mapping
[ 2026-05-27 15:12:11,156] 174 root - INFO - Data transformation complete
[ 2026-05-27 15:12:11,156] 49 root - INFO - Started Regular Expression mapping
[ 2026-05-27 15:12:11,156] 174 root - INFO - Data transformation complete
[ 2026-05-27 15:12:11,156] 49 root - INFO - Started Regular Expression mapping
[ 2026-05-27 15:12:11,156] 25 root - INFO - Match heuristic business names to paybill payments
[ 2026-05-27 15:12:11,156] 174 root - INFO - Data transformation complete
[ 2026-05-27 15:12:11,157] 49 root - INFO - Started Regular Expression mapping
[ 2026-05-27 15:12:11,157] 174 root - INFO - Data transformation complete
[ 2026-05-27 15:12:11,157] 49 root - INFO - Started Regular Expression mapping
[ 2026-05-27 15:12:11,157] 174 root - INFO - Data transformation complete
[ 2026-05-27 15:12:11,157] 49 root - INFO - Started Regular Expression mapping
[ 2026-05-27 15:12:11,158] 174 root - INFO - Data transformation complete
[ 2026-05-27 15:12:11,158] 49 root - INFO - Started Regular Expression mapping
[ 2026-05-27 15:12:11,158] 174 root - INFO - Data transformation complete
[ 2026-05-27 15:12:11,158] 49 root - INFO - Started Regular Expression mapping
[ 2026-05-27 15:12:11,158] 174 root - INFO - Data transformation complete
[ 2026-05-27 15:12:11,158] 49 root - INFO - Started Regular Expression mapping
[ 2026-05-27 15:12:11,158] 25 root - INFO - Match heuristic business names to paybill payments
[ 2026-05-27 15:12:11,159] 174 root - INFO - Data transformation complete
[ 2026-05-27 15:12:11,159] 49 root - INFO - Started Regular Expression mapping
[ 2026-05-27 15:12:11,159] 174 root - INFO - Data transformation complete
[ 2026-05-27 15:12:11,159] 49 root - INFO - Started Regular Expression mapping
[ 2026-05-27 15:12:11,159] 174 root - INFO - Data transformation complete
[ 2026-05-27 15:12:11,159] 49 root - INFO - Started Regular Expression mapping
[ 2026-05-27 15:12:11,160] 174 root - INFO - Data transformation complete
[ 2026-05-27 15:12:11,160] 49 root - INFO - Started Regular Expression mapping
[ 2026-05-27 15:12:11,160] 174 root - INFO - Data transformation complete
[ 2026-05-27 15:12:11,160] 49 root - INFO - Started Regular Expression mapping
[ 2026-05-27 15:12:11,160] 174 root - INFO - Data transformation complete
[ 2026-05-27 15:12:11,160] 49 root - INFO - Started Regular Expression mapping
[ 2026-05-27 15:12:11,161] 174 root - INFO - Data transformation complete
[ 2026-05-27 15:12:11,161] 49 root - INFO - Started Regular Expression mapping
[ 2026-05-27 15:12:11,161] 174 root - INFO - Data transformation complete
[ 2026-05-27 15:12:11,161] 49 root - INFO - Started Regular Expression mapping
[ 2026-05-27 15:12:11,161] 174 root - INFO - Data transformation complete
[ 2026-05-27 15:12:11,161] 49 root - INFO - Started Regular Expression mapping
[ 2026-05-27 15:12:11,162] 174 root - INFO - Data transformation complete
[ 2026-05-27 15:12:11,162] 49 root - INFO - Started Regular Expression mapping
[ 2026-05-27 15:12:11,162] 174 root - INFO - Data transformation complete
[ 2026-05-27 15:12:11,162] 49 root - INFO - Started Regular Expression mapping
[ 2026-05-27 15:12:11,162] 174 root - INFO - Data transformation complete
[ 2026-05-27 15:12:11,162] 49 root - INFO - Started Regular Expression mapping
[ 2026-05-27 15:12:11,163] 174 root - INFO - Data transformation complete
[ 2026-05-27 15:12:11,163] 49 root - INFO - Started Regular Expression mapping
[ 2026-05-27 15:12:11,163] 174 root - INFO - Data transformation complete
[ 2026-05-27 15:12:11,163] 49 root - INFO - Started Regular Expression mapping
[ 2026-05-27 15:12:11,163] 174 root - INFO - Data transformation complete
[ 2026-05-27 15:12:11,163] 49 root - INFO - Started Regular Expression mapping
[ 2026-05-27 15:12:11,164] 174 root - INFO - Data transformation complete
[ 2026-05-27 15:12:11,164] 49 root - INFO - Started Regular Expression mapping
[ 2026-05-27 15:12:11,164] 174 root - INFO - Data transformation complete
[ 2026-05-27 15:12:11,164] 49 root - INFO - Started Regular Expression mapping
[ 2026-05-27 15:12:11,164] 174 root - INFO - Data transformation complete
[ 2026-05-27 15:12:11,164] 49 root - INFO - Started Regular Expression mapping
[ 2026-05-27 15:12:11,164] 25 root - INFO - Match heuristic business names to paybill payments
[ 2026-05-27 15:12:11,165] 174 root - INFO - Data transformation complete
[ 2026-05-27 15:12:11,165] 49 root - INFO - Started Regular Expression mapping
[ 2026-05-27 15:12:11,165] 174 root - INFO - Data transformation complete
[ 2026-05-27 15:12:11,165] 49 root - INFO - Started Regular Expression mapping
[ 2026-05-27 15:12:11,165] 174 root - INFO - Data transformation complete
[ 2026-05-27 15:12:11,165] 49 root - INFO - Started Regular Expression mapping
[ 2026-05-27 15:12:11,166] 174 root - INFO - Data transformation complete
[ 2026-05-27 15:12:11,166] 49 root - INFO - Started Regular Expression mapping
[ 2026-05-27 15:12:11,166] 174 root - INFO - Data transformation complete
[ 2026-05-27 15:12:11,166] 49 root - INFO - Started Regular Expression mapping
[ 2026-05-27 15:12:11,166] 174 root - INFO - Data transformation complete
[ 2026-05-27 15:12:11,166] 49 root - INFO - Started Regular Expression mapping
[ 2026-05-27 15:12:11,166] 174 root - INFO - Data transformation complete
[ 2026-05-27 15:12:11,167] 49 root - INFO - Started Regular Expression mapping
[ 2026-05-27 15:12:11,167] 174 root - INFO - Data transformation complete
[ 2026-05-27 15:12:11,167] 49 root - INFO - Started Regular Expression mapping
[ 2026-05-27 15:12:11,167] 174 root - INFO - Data transformation complete
[ 2026-05-27 15:12:11,167] 49 root - INFO - Started Regular Expression mapping
[ 2026-05-27 15:12:11,167] 25 root - INFO - Match heuristic business names to paybill payments
[ 2026-05-27 15:12:11,168] 174 root - INFO - Data transformation complete
[ 2026-05-27 15:12:11,168] 49 root - INFO - Started Regular Expression mapping
[ 2026-05-27 15:12:11,168] 174 root - INFO - Data transformation complete
[ 2026-05-27 15:12:11,168] 49 root - INFO - Started Regular Expression mapping
[ 2026-05-27 15:12:11,168] 25 root - INFO - Match heuristic business names to paybill payments
[ 2026-05-27 15:12:11,168] 174 root - INFO - Data transformation complete
[ 2026-05-27 15:12:11,168] 49 root - INFO - Started Regular Expression mapping
[ 2026-05-27 15:12:11,169] 174 root - INFO - Data transformation complete
[ 2026-05-27 15:12:11,169] 49 root - INFO - Started Regular Expression mapping
[ 2026-05-27 15:12:11,169] 25 root - INFO - Match heuristic business names to paybill payments
[ 2026-05-27 15:12:11,169] 174 root - INFO - Data transformation complete
[ 2026-05-27 15:12:11,169] 49 root - INFO - Started Regular Expression mapping
[ 2026-05-27 15:12:11,169] 174 root - INFO - Data transformation complete
[ 2026-05-27 15:12:11,169] 49 root - INFO - Started Regular Expression mapping
[ 2026-05-27 15:12:11,170] 25 root - INFO - Match heuristic business names to paybill payments
[ 2026-05-27 15:12:11,170] 174 root - INFO - Data transformation complete
[ 2026-05-27 15:12:11,170] 49 root - INFO - Started Regular Expression mapping
[ 2026-05-27 15:12:11,170] 174 root - INFO - Data transformation complete
[ 2026-05-27 15:12:11,170] 49 root - INFO - Started Regular Expression mapping
[ 2026-05-27 15:12:11,170] 174 root - INFO - Data transformation complete
[ 2026-05-27 15:12:11,171] 49 root - INFO - Started Regular Expression mapping
[ 2026-05-27 15:12:11,171] 174 root - INFO - Data transformation complete
[ 2026-05-27 15:12:11,171] 49 root - INFO - Started Regular Expression mapping
[ 2026-05-27 15:12:11,171] 174 root - INFO - Data transformation complete
[ 2026-05-27 15:12:11,171] 49 root - INFO - Started Regular Expression mapping
[ 2026-05-27 15:12:11,171] 174 root - INFO - Data transformation complete
[ 2026-05-27 15:12:11,172] 49 root - INFO - Started Regular Expression mapping
[ 2026-05-27 15:12:11,172] 174 root - INFO - Data transformation complete
[ 2026-05-27 15:12:11,172] 49 root - INFO - Started Regular Expression mapping
[ 2026-05-27 15:12:11,172] 174 root - INFO - Data transformation complete
[ 2026-05-27 15:12:11,172] 49 root - INFO - Started Regular Expression mapping
[ 2026-05-27 15:12:11,172] 174 root - INFO - Data transformation complete
[ 2026-05-27 15:12:11,172] 49 root - INFO - Started Regular Expression mapping
[ 2026-05-27 15:12:11,173] 174 root - INFO - Data transformation complete
[ 2026-05-27 15:12:11,173] 49 root - INFO - Started Regular Expression mapping
[ 2026-05-27 15:12:11,173] 174 root - INFO - Data transformation complete
[ 2026-05-27 15:12:11,173] 49 root - INFO - Started Regular Expression mapping
[ 2026-05-27 15:12:11,173] 25 root - INFO - Match heuristic business names to paybill payments
[ 2026-05-27 15:12:11,174] 174 root - INFO - Data transformation complete
[ 2026-05-27 15:12:11,174] 49 root - INFO - Started Regular Expression mapping
[ 2026-05-27 15:12:11,174] 174 root - INFO - Data transformation complete
[ 2026-05-27 15:12:11,174] 49 root - INFO - Started Regular Expression mapping
[ 2026-05-27 15:12:11,174] 25 root - INFO - Match heuristic business names to paybill payments
[ 2026-05-27 15:12:11,174] 174 root - INFO - Data transformation complete
[ 2026-05-27 15:12:11,175] 49 root - INFO - Started Regular Expression mapping
[ 2026-05-27 15:12:11,175] 174 root - INFO - Data transformation complete
[ 2026-05-27 15:12:11,175] 49 root - INFO - Started Regular Expression mapping
[ 2026-05-27 15:12:11,175] 174 root - INFO - Data transformation complete
[ 2026-05-27 15:12:11,175] 49 root - INFO - Started Regular Expression mapping
[ 2026-05-27 15:12:11,175] 174 root - INFO - Data transformation complete
[ 2026-05-27 15:12:11,176] 49 root - INFO - Started Regular Expression mapping
[ 2026-05-27 15:12:11,176] 174 root - INFO - Data transformation complete
[ 2026-05-27 15:12:11,176] 49 root - INFO - Started Regular Expression mapping
[ 2026-05-27 15:12:11,176] 174 root - INFO - Data transformation complete
[ 2026-05-27 15:12:11,176] 49 root - INFO - Started Regular Expression mapping
[ 2026-05-27 15:12:11,176] 174 root - INFO - Data transformation complete
[ 2026-05-27 15:12:11,177] 49 root - INFO - Started Regular Expression mapping
[ 2026-05-27 15:12:11,177] 25 root - INFO - Match heuristic business names to paybill payments
[ 2026-05-27 15:12:11,177] 174 root - INFO - Data transformation complete
[ 2026-05-27 15:12:11,177] 49 root - INFO - Started Regular Expression mapping
[ 2026-05-27 15:12:11,177] 174 root - INFO - Data transformation complete
[ 2026-05-27 15:12:11,177] 49 root - INFO - Started Regular Expression mapping
[ 2026-05-27 15:12:11,177] 174 root - INFO - Data transformation complete
[ 2026-05-27 15:12:11,178] 49 root - INFO - Started Regular Expression mapping
[ 2026-05-27 15:12:11,178] 174 root - INFO - Data transformation complete
[ 2026-05-27 15:12:11,178] 49 root - INFO - Started Regular Expression mapping
[ 2026-05-27 15:12:11,178] 174 root - INFO - Data transformation complete
[ 2026-05-27 15:12:11,178] 49 root - INFO - Started Regular Expression mapping
[ 2026-05-27 15:12:11,178] 174 root - INFO - Data transformation complete
[ 2026-05-27 15:12:11,179] 49 root - INFO - Started Regular Expression mapping
[ 2026-05-27 15:12:11,179] 174 root - INFO - Data transformation complete
[ 2026-05-27 15:12:11,179] 49 root - INFO - Started Regular Expression mapping
[ 2026-05-27 15:12:11,179] 174 root - INFO - Data transformation complete
[ 2026-05-27 15:12:11,179] 49 root - INFO - Started Regular Expression mapping
[ 2026-05-27 15:12:11,179] 174 root - INFO - Data transformation complete
[ 2026-05-27 15:12:11,180] 49 root - INFO - Started Regular Expression mapping
[ 2026-05-27 15:12:11,180] 174 root - INFO - Data transformation complete
[ 2026-05-27 15:12:11,180] 49 root - INFO - Started Regular Expression mapping
[ 2026-05-27 15:12:11,180] 174 root - INFO - Data transformation complete
[ 2026-05-27 15:12:11,180] 49 root - INFO - Started Regular Expression mapping
[ 2026-05-27 15:12:11,180] 174 root - INFO - Data transformation complete
[ 2026-05-27 15:12:11,180] 49 root - INFO - Started Regular Expression mapping
[ 2026-05-27 15:12:11,181] 174 root - INFO - Data transformation complete
[ 2026-05-27 15:12:11,181] 49 root - INFO - Started Regular Expression mapping
[ 2026-05-27 15:12:11,181] 25 root - INFO - Match heuristic business names to paybill payments
[ 2026-05-27 15:12:11,181] 174 root - INFO - Data transformation complete
[ 2026-05-27 15:12:11,181] 49 root - INFO - Started Regular Expression mapping
[ 2026-05-27 15:12:11,181] 174 root - INFO - Data transformation complete
[ 2026-05-27 15:12:11,181] 49 root - INFO - Started Regular Expression mapping
[ 2026-05-27 15:12:11,182] 174 root - INFO - Data transformation complete
[ 2026-05-27 15:12:11,182] 49 root - INFO - Started Regular Expression mapping
[ 2026-05-27 15:12:11,182] 174 root - INFO - Data transformation complete
[ 2026-05-27 15:12:11,182] 49 root - INFO - Started Regular Expression mapping
[ 2026-05-27 15:12:11,182] 174 root - INFO - Data transformation complete
[ 2026-05-27 15:12:11,182] 49 root - INFO - Started Regular Expression mapping
[ 2026-05-27 15:12:11,183] 174 root - INFO - Data transformation complete
[ 2026-05-27 15:12:11,183] 49 root - INFO - Started Regular Expression mapping
[ 2026-05-27 15:12:11,183] 174 root - INFO - Data transformation complete
[ 2026-05-27 15:12:11,183] 49 root - INFO - Started Regular Expression mapping
[ 2026-05-27 15:12:11,183] 174 root - INFO - Data transformation complete
[ 2026-05-27 15:12:11,183] 49 root - INFO - Started Regular Expression mapping
[ 2026-05-27 15:12:11,184] 174 root - INFO - Data transformation complete
[ 2026-05-27 15:12:11,184] 49 root - INFO - Started Regular Expression mapping
[ 2026-05-27 15:12:11,184] 174 root - INFO - Data transformation complete
[ 2026-05-27 15:12:11,184] 49 root - INFO - Started Regular Expression mapping
[ 2026-05-27 15:12:11,184] 174 root - INFO - Data transformation complete
[ 2026-05-27 15:12:11,184] 49 root - INFO - Started Regular Expression mapping
[ 2026-05-27 15:12:11,184] 174 root - INFO - Data transformation complete
[ 2026-05-27 15:12:11,185] 49 root - INFO - Started Regular Expression mapping
[ 2026-05-27 15:12:11,185] 174 root - INFO - Data transformation complete
[ 2026-05-27 15:12:11,185] 49 root - INFO - Started Regular Expression mapping
[ 2026-05-27 15:12:11,185] 174 root - INFO - Data transformation complete
[ 2026-05-27 15:12:11,185] 49 root - INFO - Started Regular Expression mapping
[ 2026-05-27 15:12:11,185] 174 root - INFO - Data transformation complete
[ 2026-05-27 15:12:11,186] 49 root - INFO - Started Regular Expression mapping
[ 2026-05-27 15:12:11,186] 25 root - INFO - Match heuristic business names to paybill payments
[ 2026-05-27 15:12:11,186] 174 root - INFO - Data transformation complete
[ 2026-05-27 15:12:11,186] 49 root - INFO - Started Regular Expression mapping
[ 2026-05-27 15:12:11,186] 174 root - INFO - Data transformation complete
[ 2026-05-27 15:12:11,186] 49 root - INFO - Started Regular Expression mapping
[ 2026-05-27 15:12:11,186] 174 root - INFO - Data transformation complete
[ 2026-05-27 15:12:11,187] 49 root - INFO - Started Regular Expression mapping
[ 2026-05-27 15:12:11,187] 174 root - INFO - Data transformation complete
[ 2026-05-27 15:12:11,187] 49 root - INFO - Started Regular Expression mapping
[ 2026-05-27 15:12:11,187] 25 root - INFO - Match heuristic business names to paybill payments
[ 2026-05-27 15:12:11,187] 174 root - INFO - Data transformation complete
[ 2026-05-27 15:12:11,187] 49 root - INFO - Started Regular Expression mapping
[ 2026-05-27 15:12:11,188] 174 root - INFO - Data transformation complete
[ 2026-05-27 15:12:11,188] 49 root - INFO - Started Regular Expression mapping
[ 2026-05-27 15:12:11,188] 174 root - INFO - Data transformation complete
[ 2026-05-27 15:12:11,188] 49 root - INFO - Started Regular Expression mapping
[ 2026-05-27 15:12:11,188] 174 root - INFO - Data transformation complete
[ 2026-05-27 15:12:11,188] 49 root - INFO - Started Regular Expression mapping
[ 2026-05-27 15:12:11,188] 25 root - INFO - Match heuristic business names to paybill payments
[ 2026-05-27 15:12:11,189] 174 root - INFO - Data transformation complete
[ 2026-05-27 15:12:11,189] 49 root - INFO - Started Regular Expression mapping
[ 2026-05-27 15:12:11,189] 174 root - INFO - Data transformation complete
[ 2026-05-27 15:12:11,189] 49 root - INFO - Started Regular Expression mapping
[ 2026-05-27 15:12:11,189] 25 root - INFO - Match heuristic business names to paybill payments
[ 2026-05-27 15:12:11,189] 174 root - INFO - Data transformation complete
[ 2026-05-27 15:12:11,189] 49 root - INFO - Started Regular Expression mapping
[ 2026-05-27 15:12:11,190] 174 root - INFO - Data transformation complete
[ 2026-05-27 15:12:11,190] 49 root - INFO - Started Regular Expression mapping
[ 2026-05-27 15:12:11,190] 174 root - INFO - Data transformation complete
[ 2026-05-27 15:12:11,190] 49 root - INFO - Started Regular Expression mapping
[ 2026-05-27 15:12:11,190] 174 root - INFO - Data transformation complete
[ 2026-05-27 15:12:11,192] 49 root - INFO - Started Regular Expression mapping
[ 2026-05-27 15:12:11,192] 174 root - INFO - Data transformation complete
[ 2026-05-27 15:12:11,193] 49 root - INFO - Started Regular Expression mapping
[ 2026-05-27 15:12:11,193] 174 root - INFO - Data transformation complete
[ 2026-05-27 15:12:11,193] 49 root - INFO - Started Regular Expression mapping
[ 2026-05-27 15:12:11,193] 25 root - INFO - Match heuristic business names to paybill payments
[ 2026-05-27 15:12:11,193] 174 root - INFO - Data transformation complete
[ 2026-05-27 15:12:11,193] 49 root - INFO - Started Regular Expression mapping
[ 2026-05-27 15:12:11,194] 174 root - INFO - Data transformation complete
[ 2026-05-27 15:12:11,194] 49 root - INFO - Started Regular Expression mapping
[ 2026-05-27 15:12:11,194] 25 root - INFO - Match heuristic business names to paybill payments
[ 2026-05-27 15:12:11,194] 174 root - INFO - Data transformation complete
[ 2026-05-27 15:12:11,194] 49 root - INFO - Started Regular Expression mapping
[ 2026-05-27 15:12:11,194] 174 root - INFO - Data transformation complete
[ 2026-05-27 15:12:11,195] 49 root - INFO - Started Regular Expression mapping
[ 2026-05-27 15:12:11,195] 174 root - INFO - Data transformation complete
[ 2026-05-27 15:12:11,195] 49 root - INFO - Started Regular Expression mapping
[ 2026-05-27 15:12:11,195] 174 root - INFO - Data transformation complete
[ 2026-05-27 15:12:11,195] 49 root - INFO - Started Regular Expression mapping
[ 2026-05-27 15:12:11,195] 174 root - INFO - Data transformation complete
[ 2026-05-27 15:12:11,195] 49 root - INFO - Started Regular Expression mapping
[ 2026-05-27 15:12:11,196] 174 root - INFO - Data transformation complete
[ 2026-05-27 15:12:11,196] 49 root - INFO - Started Regular Expression mapping
[ 2026-05-27 15:12:11,196] 25 root - INFO - Match heuristic business names to paybill payments
[ 2026-05-27 15:12:11,196] 174 root - INFO - Data transformation complete
[ 2026-05-27 15:12:11,196] 49 root - INFO - Started Regular Expression mapping
[ 2026-05-27 15:12:11,196] 174 root - INFO - Data transformation complete
[ 2026-05-27 15:12:11,197] 49 root - INFO - Started Regular Expression mapping
[ 2026-05-27 15:12:11,197] 174 root - INFO - Data transformation complete
[ 2026-05-27 15:12:11,197] 49 root - INFO - Started Regular Expression mapping
[ 2026-05-27 15:12:11,197] 174 root - INFO - Data transformation complete
[ 2026-05-27 15:12:11,197] 49 root - INFO - Started Regular Expression mapping
[ 2026-05-27 15:12:11,197] 174 root - INFO - Data transformation complete
[ 2026-05-27 15:12:11,197] 49 root - INFO - Started Regular Expression mapping
[ 2026-05-27 15:12:11,198] 25 root - INFO - Match heuristic business names to paybill payments
[ 2026-05-27 15:12:11,198] 174 root - INFO - Data transformation complete
[ 2026-05-27 15:12:11,198] 49 root - INFO - Started Regular Expression mapping
[ 2026-05-27 15:12:11,198] 174 root - INFO - Data transformation complete
[ 2026-05-27 15:12:11,198] 49 root - INFO - Started Regular Expression mapping
[ 2026-05-27 15:12:11,198] 174 root - INFO - Data transformation complete
[ 2026-05-27 15:12:11,199] 49 root - INFO - Started Regular Expression mapping
[ 2026-05-27 15:12:11,199] 174 root - INFO - Data transformation complete
[ 2026-05-27 15:12:11,199] 49 root - INFO - Started Regular Expression mapping
[ 2026-05-27 15:12:11,199] 174 root - INFO - Data transformation complete
[ 2026-05-27 15:12:11,199] 49 root - INFO - Started Regular Expression mapping
[ 2026-05-27 15:12:11,199] 174 root - INFO - Data transformation complete
[ 2026-05-27 15:12:11,200] 49 root - INFO - Started Regular Expression mapping
[ 2026-05-27 15:12:11,200] 174 root - INFO - Data transformation complete
[ 2026-05-27 15:12:11,200] 49 root - INFO - Started Regular Expression mapping
[ 2026-05-27 15:12:11,200] 174 root - INFO - Data transformation complete
[ 2026-05-27 15:12:11,200] 49 root - INFO - Started Regular Expression mapping
[ 2026-05-27 15:12:11,200] 25 root - INFO - Match heuristic business names to paybill payments
[ 2026-05-27 15:12:11,200] 174 root - INFO - Data transformation complete
[ 2026-05-27 15:12:11,201] 49 root - INFO - Started Regular Expression mapping
[ 2026-05-27 15:12:11,201] 25 root - INFO - Match heuristic business names to paybill payments
[ 2026-05-27 15:12:11,202] 174 root - INFO - Data transformation complete
[ 2026-05-27 15:12:11,202] 49 root - INFO - Started Regular Expression mapping
[ 2026-05-27 15:12:11,202] 174 root - INFO - Data transformation complete
[ 2026-05-27 15:12:11,202] 49 root - INFO - Started Regular Expression mapping
[ 2026-05-27 15:12:11,202] 174 root - INFO - Data transformation complete
[ 2026-05-27 15:12:11,203] 49 root - INFO - Started Regular Expression mapping
[ 2026-05-27 15:12:11,203] 174 root - INFO - Data transformation complete
[ 2026-05-27 15:12:11,203] 49 root - INFO - Started Regular Expression mapping
[ 2026-05-27 15:12:11,203] 174 root - INFO - Data transformation complete
[ 2026-05-27 15:12:11,203] 49 root - INFO - Started Regular Expression mapping
[ 2026-05-27 15:12:11,204] 174 root - INFO - Data transformation complete
[ 2026-05-27 15:12:11,204] 49 root - INFO - Started Regular Expression mapping
[ 2026-05-27 15:12:11,204] 25 root - INFO - Match heuristic business names to paybill payments
[ 2026-05-27 15:12:11,204] 174 root - INFO - Data transformation complete
[ 2026-05-27 15:12:11,204] 49 root - INFO - Started Regular Expression mapping
[ 2026-05-27 15:12:11,204] 174 root - INFO - Data transformation complete
[ 2026-05-27 15:12:11,204] 49 root - INFO - Started Regular Expression mapping
[ 2026-05-27 15:12:11,205] 174 root - INFO - Data transformation complete
[ 2026-05-27 15:12:11,205] 49 root - INFO - Started Regular Expression mapping
[ 2026-05-27 15:12:11,205] 174 root - INFO - Data transformation complete
[ 2026-05-27 15:12:11,205] 49 root - INFO - Started Regular Expression mapping
[ 2026-05-27 15:12:11,205] 25 root - INFO - Match heuristic business names to paybill payments
[ 2026-05-27 15:12:11,205] 174 root - INFO - Data transformation complete
[ 2026-05-27 15:12:11,205] 49 root - INFO - Started Regular Expression mapping
[ 2026-05-27 15:12:11,206] 174 root - INFO - Data transformation complete
[ 2026-05-27 15:12:11,206] 49 root - INFO - Started Regular Expression mapping
[ 2026-05-27 15:12:11,207] 174 root - INFO - Data transformation complete
[ 2026-05-27 15:12:11,207] 49 root - INFO - Started Regular Expression mapping
[ 2026-05-27 15:12:11,207] 25 root - INFO - Match heuristic business names to paybill payments
[ 2026-05-27 15:12:11,208] 174 root - INFO - Data transformation complete
[ 2026-05-27 15:12:11,208] 49 root - INFO - Started Regular Expression mapping
[ 2026-05-27 15:12:11,208] 174 root - INFO - Data transformation complete
[ 2026-05-27 15:12:11,208] 49 root - INFO - Started Regular Expression mapping
[ 2026-05-27 15:12:11,208] 174 root - INFO - Data transformation complete
[ 2026-05-27 15:12:11,208] 49 root - INFO - Started Regular Expression mapping
[ 2026-05-27 15:12:11,209] 174 root - INFO - Data transformation complete
[ 2026-05-27 15:12:11,209] 49 root - INFO - Started Regular Expression mapping
[ 2026-05-27 15:12:11,209] 174 root - INFO - Data transformation complete
[ 2026-05-27 15:12:11,209] 49 root - INFO - Started Regular Expression mapping
[ 2026-05-27 15:12:11,209] 174 root - INFO - Data transformation complete
[ 2026-05-27 15:12:11,209] 49 root - INFO - Started Regular Expression mapping
[ 2026-05-27 15:12:11,209] 25 root - INFO - Match heuristic business names to paybill payments
[ 2026-05-27 15:12:11,210] 174 root - INFO - Data transformation complete
[ 2026-05-27 15:12:11,210] 49 root - INFO - Started Regular Expression mapping
[ 2026-05-27 15:12:11,210] 174 root - INFO - Data transformation complete
[ 2026-05-27 15:12:11,210] 49 root - INFO - Started Regular Expression mapping
[ 2026-05-27 15:12:11,210] 25 root - INFO - Match heuristic business names to paybill payments
[ 2026-05-27 15:12:11,210] 174 root - INFO - Data transformation complete
[ 2026-05-27 15:12:11,210] 49 root - INFO - Started Regular Expression mapping
[ 2026-05-27 15:12:11,211] 174 root - INFO - Data transformation complete
[ 2026-05-27 15:12:11,211] 49 root - INFO - Started Regular Expression mapping
[ 2026-05-27 15:12:11,211] 174 root - INFO - Data transformation complete
[ 2026-05-27 15:12:11,211] 49 root - INFO - Started Regular Expression mapping
[ 2026-05-27 15:12:11,211] 174 root - INFO - Data transformation complete
[ 2026-05-27 15:12:11,211] 49 root - INFO - Started Regular Expression mapping
[ 2026-05-27 15:12:11,212] 174 root - INFO - Data transformation complete
[ 2026-05-27 15:12:11,212] 49 root - INFO - Started Regular Expression mapping
[ 2026-05-27 15:12:11,212] 25 root - INFO - Match heuristic business names to paybill payments
[ 2026-05-27 15:12:11,212] 174 root - INFO - Data transformation complete
[ 2026-05-27 15:12:11,212] 49 root - INFO - Started Regular Expression mapping
[ 2026-05-27 15:12:11,212] 174 root - INFO - Data transformation complete
[ 2026-05-27 15:12:11,212] 49 root - INFO - Started Regular Expression mapping
[ 2026-05-27 15:12:11,213] 174 root - INFO - Data transformation complete
[ 2026-05-27 15:12:11,213] 49 root - INFO - Started Regular Expression mapping
[ 2026-05-27 15:12:11,213] 174 root - INFO - Data transformation complete
[ 2026-05-27 15:12:11,213] 49 root - INFO - Started Regular Expression mapping
[ 2026-05-27 15:12:11,213] 174 root - INFO - Data transformation complete
[ 2026-05-27 15:12:11,213] 49 root - INFO - Started Regular Expression mapping
[ 2026-05-27 15:12:11,213] 174 root - INFO - Data transformation complete
[ 2026-05-27 15:12:11,214] 49 root - INFO - Started Regular Expression mapping
[ 2026-05-27 15:12:11,214] 174 root - INFO - Data transformation complete
[ 2026-05-27 15:12:11,214] 49 root - INFO - Started Regular Expression mapping
[ 2026-05-27 15:12:11,214] 174 root - INFO - Data transformation complete
[ 2026-05-27 15:12:11,214] 49 root - INFO - Started Regular Expression mapping
[ 2026-05-27 15:12:11,214] 174 root - INFO - Data transformation complete
[ 2026-05-27 15:12:11,215] 49 root - INFO - Started Regular Expression mapping
[ 2026-05-27 15:12:11,215] 174 root - INFO - Data transformation complete
[ 2026-05-27 15:12:11,215] 49 root - INFO - Started Regular Expression mapping
[ 2026-05-27 15:12:11,215] 174 root - INFO - Data transformation complete
[ 2026-05-27 15:12:11,215] 49 root - INFO - Started Regular Expression mapping
[ 2026-05-27 15:12:11,215] 174 root - INFO - Data transformation complete
[ 2026-05-27 15:12:11,215] 49 root - INFO - Started Regular Expression mapping
[ 2026-05-27 15:12:11,216] 174 root - INFO - Data transformation complete
[ 2026-05-27 15:12:11,216] 49 root - INFO - Started Regular Expression mapping
[ 2026-05-27 15:12:11,216] 174 root - INFO - Data transformation complete
[ 2026-05-27 15:12:11,216] 49 root - INFO - Started Regular Expression mapping
[ 2026-05-27 15:12:11,216] 174 root - INFO - Data transformation complete
[ 2026-05-27 15:12:11,216] 49 root - INFO - Started Regular Expression mapping
[ 2026-05-27 15:12:11,217] 25 root - INFO - Match heuristic business names to paybill payments
[ 2026-05-27 15:12:11,217] 174 root - INFO - Data transformation complete
[ 2026-05-27 15:12:11,217] 49 root - INFO - Started Regular Expression mapping
[ 2026-05-27 15:12:11,217] 174 root - INFO - Data transformation complete
[ 2026-05-27 15:12:11,217] 49 root - INFO - Started Regular Expression mapping
[ 2026-05-27 15:12:11,217] 174 root - INFO - Data transformation complete
[ 2026-05-27 15:12:11,217] 49 root - INFO - Started Regular Expression mapping
[ 2026-05-27 15:12:11,218] 174 root - INFO - Data transformation complete
[ 2026-05-27 15:12:11,218] 49 root - INFO - Started Regular Expression mapping
[ 2026-05-27 15:12:11,218] 174 root - INFO - Data transformation complete
[ 2026-05-27 15:12:11,218] 49 root - INFO - Started Regular Expression mapping
[ 2026-05-27 15:12:11,218] 174 root - INFO - Data transformation complete
[ 2026-05-27 15:12:11,218] 49 root - INFO - Started Regular Expression mapping
[ 2026-05-27 15:12:11,218] 174 root - INFO - Data transformation complete
[ 2026-05-27 15:12:11,219] 49 root - INFO - Started Regular Expression mapping
[ 2026-05-27 15:12:11,219] 174 root - INFO - Data transformation complete
[ 2026-05-27 15:12:11,219] 49 root - INFO - Started Regular Expression mapping
[ 2026-05-27 15:12:11,219] 174 root - INFO - Data transformation complete
[ 2026-05-27 15:12:11,219] 49 root - INFO - Started Regular Expression mapping
[ 2026-05-27 15:12:11,219] 174 root - INFO - Data transformation complete
[ 2026-05-27 15:12:11,220] 49 root - INFO - Started Regular Expression mapping
[ 2026-05-27 15:12:11,220] 25 root - INFO - Match heuristic business names to paybill payments
[ 2026-05-27 15:12:11,220] 174 root - INFO - Data transformation complete
[ 2026-05-27 15:12:11,220] 49 root - INFO - Started Regular Expression mapping
[ 2026-05-27 15:12:11,220] 174 root - INFO - Data transformation complete
[ 2026-05-27 15:12:11,220] 49 root - INFO - Started Regular Expression mapping
[ 2026-05-27 15:12:11,220] 25 root - INFO - Match heuristic business names to paybill payments
[ 2026-05-27 15:12:11,221] 174 root - INFO - Data transformation complete
[ 2026-05-27 15:12:11,221] 49 root - INFO - Started Regular Expression mapping
[ 2026-05-27 15:12:11,221] 25 root - INFO - Match heuristic business names to paybill payments
[ 2026-05-27 15:12:11,221] 174 root - INFO - Data transformation complete
[ 2026-05-27 15:12:11,221] 49 root - INFO - Started Regular Expression mapping
[ 2026-05-27 15:12:11,221] 174 root - INFO - Data transformation complete
[ 2026-05-27 15:12:11,221] 49 root - INFO - Started Regular Expression mapping
[ 2026-05-27 15:12:11,222] 174 root - INFO - Data transformation complete
[ 2026-05-27 15:12:11,222] 49 root - INFO - Started Regular Expression mapping
[ 2026-05-27 15:12:11,222] 174 root - INFO - Data transformation complete
[ 2026-05-27 15:12:11,222] 49 root - INFO - Started Regular Expression mapping
[ 2026-05-27 15:12:11,222] 174 root - INFO - Data transformation complete
[ 2026-05-27 15:12:11,222] 49 root - INFO - Started Regular Expression mapping
[ 2026-05-27 15:12:11,223] 174 root - INFO - Data transformation complete
[ 2026-05-27 15:12:11,223] 49 root - INFO - Started Regular Expression mapping
[ 2026-05-27 15:12:11,223] 174 root - INFO - Data transformation complete
[ 2026-05-27 15:12:11,223] 49 root - INFO - Started Regular Expression mapping
[ 2026-05-27 15:12:11,224] 174 root - INFO - Data transformation complete
[ 2026-05-27 15:12:11,224] 49 root - INFO - Started Regular Expression mapping
[ 2026-05-27 15:12:11,224] 174 root - INFO - Data transformation complete
[ 2026-05-27 15:12:11,224] 49 root - INFO - Started Regular Expression mapping
[ 2026-05-27 15:12:11,224] 174 root - INFO - Data transformation complete
[ 2026-05-27 15:12:11,225] 49 root - INFO - Started Regular Expression mapping
[ 2026-05-27 15:12:11,225] 25 root - INFO - Match heuristic business names to paybill payments
[ 2026-05-27 15:12:11,225] 174 root - INFO - Data transformation complete
[ 2026-05-27 15:12:11,225] 49 root - INFO - Started Regular Expression mapping
[ 2026-05-27 15:12:11,225] 174 root - INFO - Data transformation complete
[ 2026-05-27 15:12:11,225] 49 root - INFO - Started Regular Expression mapping
[ 2026-05-27 15:12:11,226] 174 root - INFO - Data transformation complete
[ 2026-05-27 15:12:11,226] 49 root - INFO - Started Regular Expression mapping
[ 2026-05-27 15:12:11,226] 174 root - INFO - Data transformation complete
[ 2026-05-27 15:12:11,226] 49 root - INFO - Started Regular Expression mapping
[ 2026-05-27 15:12:11,226] 174 root - INFO - Data transformation complete
[ 2026-05-27 15:12:11,226] 49 root - INFO - Started Regular Expression mapping
[ 2026-05-27 15:12:11,227] 174 root - INFO - Data transformation complete
[ 2026-05-27 15:12:11,227] 49 root - INFO - Started Regular Expression mapping
[ 2026-05-27 15:12:11,227] 174 root - INFO - Data transformation complete
[ 2026-05-27 15:12:11,227] 49 root - INFO - Started Regular Expression mapping
[ 2026-05-27 15:12:11,227] 174 root - INFO - Data transformation complete
[ 2026-05-27 15:12:11,227] 49 root - INFO - Started Regular Expression mapping
[ 2026-05-27 15:12:11,228] 174 root - INFO - Data transformation complete
[ 2026-05-27 15:12:11,228] 49 root - INFO - Started Regular Expression mapping
[ 2026-05-27 15:12:11,228] 174 root - INFO - Data transformation complete
[ 2026-05-27 15:12:11,228] 49 root - INFO - Started Regular Expression mapping
[ 2026-05-27 15:12:11,228] 174 root - INFO - Data transformation complete
[ 2026-05-27 15:12:11,228] 49 root - INFO - Started Regular Expression mapping
[ 2026-05-27 15:12:11,228] 174 root - INFO - Data transformation complete
[ 2026-05-27 15:12:11,229] 49 root - INFO - Started Regular Expression mapping
[ 2026-05-27 15:12:11,229] 174 root - INFO - Data transformation complete
[ 2026-05-27 15:12:11,229] 49 root - INFO - Started Regular Expression mapping
[ 2026-05-27 15:12:11,229] 174 root - INFO - Data transformation complete
[ 2026-05-27 15:12:11,229] 49 root - INFO - Started Regular Expression mapping
[ 2026-05-27 15:12:11,229] 174 root - INFO - Data transformation complete
[ 2026-05-27 15:12:11,230] 49 root - INFO - Started Regular Expression mapping
[ 2026-05-27 15:12:11,230] 174 root - INFO - Data transformation complete
[ 2026-05-27 15:12:11,230] 49 root - INFO - Started Regular Expression mapping
[ 2026-05-27 15:12:11,230] 174 root - INFO - Data transformation complete
[ 2026-05-27 15:12:11,230] 49 root - INFO - Started Regular Expression mapping
[ 2026-05-27 15:12:11,230] 174 root - INFO - Data transformation complete
[ 2026-05-27 15:12:11,231] 49 root - INFO - Started Regular Expression mapping
[ 2026-05-27 15:12:11,231] 174 root - INFO - Data transformation complete
[ 2026-05-27 15:12:11,231] 49 root - INFO - Started Regular Expression mapping
[ 2026-05-27 15:12:11,231] 174 root - INFO - Data transformation complete
[ 2026-05-27 15:12:11,231] 49 root - INFO - Started Regular Expression mapping
[ 2026-05-27 15:12:11,231] 174 root - INFO - Data transformation complete
[ 2026-05-27 15:12:11,231] 49 root - INFO - Started Regular Expression mapping
[ 2026-05-27 15:12:11,232] 174 root - INFO - Data transformation complete
[ 2026-05-27 15:12:11,232] 49 root - INFO - Started Regular Expression mapping
[ 2026-05-27 15:12:11,232] 174 root - INFO - Data transformation complete
[ 2026-05-27 15:12:11,232] 49 root - INFO - Started Regular Expression mapping
[ 2026-05-27 15:12:11,232] 25 root - INFO - Match heuristic business names to paybill payments
[ 2026-05-27 15:12:11,232] 174 root - INFO - Data transformation complete
[ 2026-05-27 15:12:11,233] 49 root - INFO - Started Regular Expression mapping
[ 2026-05-27 15:12:11,233] 25 root - INFO - Match heuristic business names to paybill payments
[ 2026-05-27 15:12:11,233] 174 root - INFO - Data transformation complete
[ 2026-05-27 15:12:11,233] 49 root - INFO - Started Regular Expression mapping
[ 2026-05-27 15:12:11,233] 174 root - INFO - Data transformation complete
[ 2026-05-27 15:12:11,233] 49 root - INFO - Started Regular Expression mapping
[ 2026-05-27 15:12:11,234] 174 root - INFO - Data transformation complete
[ 2026-05-27 15:12:11,234] 49 root - INFO - Started Regular Expression mapping
[ 2026-05-27 15:12:11,234] 174 root - INFO - Data transformation complete
[ 2026-05-27 15:12:11,234] 49 root - INFO - Started Regular Expression mapping
[ 2026-05-27 15:12:11,234] 174 root - INFO - Data transformation complete
[ 2026-05-27 15:12:11,234] 49 root - INFO - Started Regular Expression mapping
[ 2026-05-27 15:12:11,235] 174 root - INFO - Data transformation complete
[ 2026-05-27 15:12:11,235] 49 root - INFO - Started Regular Expression mapping
[ 2026-05-27 15:12:11,235] 174 root - INFO - Data transformation complete
[ 2026-05-27 15:12:11,235] 49 root - INFO - Started Regular Expression mapping
[ 2026-05-27 15:12:11,235] 174 root - INFO - Data transformation complete
[ 2026-05-27 15:12:11,235] 49 root - INFO - Started Regular Expression mapping
[ 2026-05-27 15:12:11,235] 174 root - INFO - Data transformation complete
[ 2026-05-27 15:12:11,236] 49 root - INFO - Started Regular Expression mapping
[ 2026-05-27 15:12:11,236] 174 root - INFO - Data transformation complete
[ 2026-05-27 15:12:11,236] 49 root - INFO - Started Regular Expression mapping
[ 2026-05-27 15:12:11,236] 174 root - INFO - Data transformation complete
[ 2026-05-27 15:12:11,236] 49 root - INFO - Started Regular Expression mapping
[ 2026-05-27 15:12:11,236] 174 root - INFO - Data transformation complete
[ 2026-05-27 15:12:11,237] 49 root - INFO - Started Regular Expression mapping
[ 2026-05-27 15:12:11,237] 25 root - INFO - Match heuristic business names to paybill payments
[ 2026-05-27 15:12:11,237] 174 root - INFO - Data transformation complete
[ 2026-05-27 15:12:11,237] 49 root - INFO - Started Regular Expression mapping
[ 2026-05-27 15:12:11,237] 174 root - INFO - Data transformation complete
[ 2026-05-27 15:12:11,237] 49 root - INFO - Started Regular Expression mapping
[ 2026-05-27 15:12:11,237] 25 root - INFO - Match heuristic business names to paybill payments
[ 2026-05-27 15:12:11,238] 174 root - INFO - Data transformation complete
[ 2026-05-27 15:12:11,238] 49 root - INFO - Started Regular Expression mapping
[ 2026-05-27 15:12:11,239] 174 root - INFO - Data transformation complete
[ 2026-05-27 15:12:11,239] 49 root - INFO - Started Regular Expression mapping
[ 2026-05-27 15:12:11,239] 174 root - INFO - Data transformation complete
[ 2026-05-27 15:12:11,239] 49 root - INFO - Started Regular Expression mapping
[ 2026-05-27 15:12:11,239] 174 root - INFO - Data transformation complete
[ 2026-05-27 15:12:11,239] 49 root - INFO - Started Regular Expression mapping
[ 2026-05-27 15:12:11,240] 174 root - INFO - Data transformation complete
[ 2026-05-27 15:12:11,240] 49 root - INFO - Started Regular Expression mapping
[ 2026-05-27 15:12:11,240] 174 root - INFO - Data transformation complete
[ 2026-05-27 15:12:11,241] 49 root - INFO - Started Regular Expression mapping
[ 2026-05-27 15:12:11,241] 174 root - INFO - Data transformation complete
[ 2026-05-27 15:12:11,241] 49 root - INFO - Started Regular Expression mapping
[ 2026-05-27 15:12:11,241] 174 root - INFO - Data transformation complete
[ 2026-05-27 15:12:11,241] 49 root - INFO - Started Regular Expression mapping
[ 2026-05-27 15:12:11,242] 174 root - INFO - Data transformation complete
[ 2026-05-27 15:12:11,242] 49 root - INFO - Started Regular Expression mapping
[ 2026-05-27 15:12:11,242] 174 root - INFO - Data transformation complete
[ 2026-05-27 15:12:11,242] 49 root - INFO - Started Regular Expression mapping
[ 2026-05-27 15:12:11,242] 174 root - INFO - Data transformation complete
[ 2026-05-27 15:12:11,242] 49 root - INFO - Started Regular Expression mapping
[ 2026-05-27 15:12:11,243] 174 root - INFO - Data transformation complete
[ 2026-05-27 15:12:11,243] 49 root - INFO - Started Regular Expression mapping
[ 2026-05-27 15:12:11,243] 174 root - INFO - Data transformation complete
[ 2026-05-27 15:12:11,243] 49 root - INFO - Started Regular Expression mapping
[ 2026-05-27 15:12:11,243] 174 root - INFO - Data transformation complete
[ 2026-05-27 15:12:11,243] 49 root - INFO - Started Regular Expression mapping
[ 2026-05-27 15:12:11,243] 174 root - INFO - Data transformation complete
[ 2026-05-27 15:12:11,243] 49 root - INFO - Started Regular Expression mapping
[ 2026-05-27 15:12:11,244] 174 root - INFO - Data transformation complete
[ 2026-05-27 15:12:11,244] 49 root - INFO - Started Regular Expression mapping
[ 2026-05-27 15:12:11,244] 174 root - INFO - Data transformation complete
[ 2026-05-27 15:12:11,244] 49 root - INFO - Started Regular Expression mapping
[ 2026-05-27 15:12:11,244] 174 root - INFO - Data transformation complete
[ 2026-05-27 15:12:11,244] 49 root - INFO - Started Regular Expression mapping
[ 2026-05-27 15:12:11,245] 174 root - INFO - Data transformation complete
[ 2026-05-27 15:12:11,245] 49 root - INFO - Started Regular Expression mapping
[ 2026-05-27 15:12:11,245] 174 root - INFO - Data transformation complete
[ 2026-05-27 15:12:11,245] 49 root - INFO - Started Regular Expression mapping
[ 2026-05-27 15:12:11,245] 174 root - INFO - Data transformation complete
[ 2026-05-27 15:12:11,245] 49 root - INFO - Started Regular Expression mapping
[ 2026-05-27 15:12:11,245] 174 root - INFO - Data transformation complete
[ 2026-05-27 15:12:11,246] 49 root - INFO - Started Regular Expression mapping
[ 2026-05-27 15:12:11,246] 174 root - INFO - Data transformation complete
[ 2026-05-27 15:12:11,246] 49 root - INFO - Started Regular Expression mapping
[ 2026-05-27 15:12:11,246] 174 root - INFO - Data transformation complete
[ 2026-05-27 15:12:11,246] 49 root - INFO - Started Regular Expression mapping
[ 2026-05-27 15:12:11,246] 174 root - INFO - Data transformation complete
[ 2026-05-27 15:12:11,247] 49 root - INFO - Started Regular Expression mapping
[ 2026-05-27 15:12:11,247] 174 root - INFO - Data transformation complete
[ 2026-05-27 15:12:11,247] 49 root - INFO - Started Regular Expression mapping
[ 2026-05-27 15:12:11,247] 174 root - INFO - Data transformation complete
[ 2026-05-27 15:12:11,247] 49 root - INFO - Started Regular Expression mapping
[ 2026-05-27 15:12:11,247] 174 root - INFO - Data transformation complete
[ 2026-05-27 15:12:11,247] 49 root - INFO - Started Regular Expression mapping
[ 2026-05-27 15:12:11,248] 174 root - INFO - Data transformation complete
[ 2026-05-27 15:12:11,248] 49 root - INFO - Started Regular Expression mapping
[ 2026-05-27 15:12:11,248] 174 root - INFO - Data transformation complete
[ 2026-05-27 15:12:11,248] 49 root - INFO - Started Regular Expression mapping
[ 2026-05-27 15:12:11,248] 174 root - INFO - Data transformation complete
[ 2026-05-27 15:12:11,248] 49 root - INFO - Started Regular Expression mapping
[ 2026-05-27 15:12:11,249] 174 root - INFO - Data transformation complete
[ 2026-05-27 15:12:11,249] 49 root - INFO - Started Regular Expression mapping
[ 2026-05-27 15:12:11,249] 174 root - INFO - Data transformation complete
[ 2026-05-27 15:12:11,249] 49 root - INFO - Started Regular Expression mapping
[ 2026-05-27 15:12:11,249] 174 root - INFO - Data transformation complete
[ 2026-05-27 15:12:11,249] 49 root - INFO - Started Regular Expression mapping
[ 2026-05-27 15:12:11,249] 174 root - INFO - Data transformation complete
[ 2026-05-27 15:12:11,250] 49 root - INFO - Started Regular Expression mapping
[ 2026-05-27 15:12:11,250] 174 root - INFO - Data transformation complete
[ 2026-05-27 15:12:11,250] 49 root - INFO - Started Regular Expression mapping
[ 2026-05-27 15:12:11,250] 174 root - INFO - Data transformation complete
[ 2026-05-27 15:12:11,250] 49 root - INFO - Started Regular Expression mapping
[ 2026-05-27 15:12:11,250] 174 root - INFO - Data transformation complete
[ 2026-05-27 15:12:11,250] 49 root - INFO - Started Regular Expression mapping
[ 2026-05-27 15:12:11,251] 174 root - INFO - Data transformation complete
[ 2026-05-27 15:12:11,251] 49 root - INFO - Started Regular Expression mapping
[ 2026-05-27 15:12:11,251] 174 root - INFO - Data transformation complete
[ 2026-05-27 15:12:11,251] 49 root - INFO - Started Regular Expression mapping
[ 2026-05-27 15:12:11,251] 174 root - INFO - Data transformation complete
[ 2026-05-27 15:12:11,251] 49 root - INFO - Started Regular Expression mapping
[ 2026-05-27 15:12:11,252] 174 root - INFO - Data transformation complete
[ 2026-05-27 15:12:11,252] 49 root - INFO - Started Regular Expression mapping
[ 2026-05-27 15:12:11,252] 174 root - INFO - Data transformation complete
[ 2026-05-27 15:12:11,252] 49 root - INFO - Started Regular Expression mapping
[ 2026-05-27 15:12:11,252] 174 root - INFO - Data transformation complete
[ 2026-05-27 15:12:11,252] 49 root - INFO - Started Regular Expression mapping
[ 2026-05-27 15:12:11,252] 174 root - INFO - Data transformation complete
[ 2026-05-27 15:12:11,253] 49 root - INFO - Started Regular Expression mapping
[ 2026-05-27 15:12:11,253] 174 root - INFO - Data transformation complete
[ 2026-05-27 15:12:11,253] 49 root - INFO - Started Regular Expression mapping
[ 2026-05-27 15:12:11,253] 174 root - INFO - Data transformation complete
[ 2026-05-27 15:12:11,253] 49 root - INFO - Started Regular Expression mapping
[ 2026-05-27 15:12:11,253] 174 root - INFO - Data transformation complete
[ 2026-05-27 15:12:11,253] 49 root - INFO - Started Regular Expression mapping
[ 2026-05-27 15:12:11,254] 25 root - INFO - Match heuristic business names to paybill payments
[ 2026-05-27 15:12:11,254] 174 root - INFO - Data transformation complete
[ 2026-05-27 15:12:11,254] 49 root - INFO - Started Regular Expression mapping
[ 2026-05-27 15:12:11,254] 174 root - INFO - Data transformation complete
[ 2026-05-27 15:12:11,254] 49 root - INFO - Started Regular Expression mapping
[ 2026-05-27 15:12:11,255] 174 root - INFO - Data transformation complete
[ 2026-05-27 15:12:11,255] 49 root - INFO - Started Regular Expression mapping
[ 2026-05-27 15:12:11,255] 174 root - INFO - Data transformation complete
[ 2026-05-27 15:12:11,255] 49 root - INFO - Started Regular Expression mapping
[ 2026-05-27 15:12:11,255] 174 root - INFO - Data transformation complete
[ 2026-05-27 15:12:11,255] 49 root - INFO - Started Regular Expression mapping
[ 2026-05-27 15:12:11,256] 174 root - INFO - Data transformation complete
[ 2026-05-27 15:12:11,256] 49 root - INFO - Started Regular Expression mapping
[ 2026-05-27 15:12:11,256] 174 root - INFO - Data transformation complete
[ 2026-05-27 15:12:11,256] 49 root - INFO - Started Regular Expression mapping
[ 2026-05-27 15:12:11,257] 25 root - INFO - Match heuristic business names to paybill payments
[ 2026-05-27 15:12:11,257] 174 root - INFO - Data transformation complete
[ 2026-05-27 15:12:11,257] 49 root - INFO - Started Regular Expression mapping
[ 2026-05-27 15:12:11,257] 174 root - INFO - Data transformation complete
[ 2026-05-27 15:12:11,257] 49 root - INFO - Started Regular Expression mapping
[ 2026-05-27 15:12:11,258] 174 root - INFO - Data transformation complete
[ 2026-05-27 15:12:11,258] 49 root - INFO - Started Regular Expression mapping
[ 2026-05-27 15:12:11,258] 174 root - INFO - Data transformation complete
[ 2026-05-27 15:12:11,258] 49 root - INFO - Started Regular Expression mapping
[ 2026-05-27 15:12:11,258] 174 root - INFO - Data transformation complete
[ 2026-05-27 15:12:11,258] 49 root - INFO - Started Regular Expression mapping
[ 2026-05-27 15:12:11,259] 174 root - INFO - Data transformation complete
[ 2026-05-27 15:12:11,259] 49 root - INFO - Started Regular Expression mapping
[ 2026-05-27 15:12:11,259] 174 root - INFO - Data transformation complete
[ 2026-05-27 15:12:11,259] 49 root - INFO - Started Regular Expression mapping
[ 2026-05-27 15:12:11,259] 174 root - INFO - Data transformation complete
[ 2026-05-27 15:12:11,259] 49 root - INFO - Started Regular Expression mapping
[ 2026-05-27 15:12:11,260] 174 root - INFO - Data transformation complete
[ 2026-05-27 15:12:11,260] 49 root - INFO - Started Regular Expression mapping
[ 2026-05-27 15:12:11,260] 174 root - INFO - Data transformation complete
[ 2026-05-27 15:12:11,260] 49 root - INFO - Started Regular Expression mapping
[ 2026-05-27 15:12:11,260] 174 root - INFO - Data transformation complete
[ 2026-05-27 15:12:11,260] 49 root - INFO - Started Regular Expression mapping
[ 2026-05-27 15:12:11,260] 174 root - INFO - Data transformation complete
[ 2026-05-27 15:12:11,261] 49 root - INFO - Started Regular Expression mapping
[ 2026-05-27 15:12:11,261] 174 root - INFO - Data transformation complete
[ 2026-05-27 15:12:11,261] 49 root - INFO - Started Regular Expression mapping
[ 2026-05-27 15:12:11,261] 174 root - INFO - Data transformation complete
[ 2026-05-27 15:12:11,261] 49 root - INFO - Started Regular Expression mapping
[ 2026-05-27 15:12:11,261] 174 root - INFO - Data transformation complete
[ 2026-05-27 15:12:11,261] 49 root - INFO - Started Regular Expression mapping
[ 2026-05-27 15:12:11,262] 174 root - INFO - Data transformation complete
[ 2026-05-27 15:12:11,262] 49 root - INFO - Started Regular Expression mapping
[ 2026-05-27 15:12:11,262] 174 root - INFO - Data transformation complete
[ 2026-05-27 15:12:11,262] 49 root - INFO - Started Regular Expression mapping
[ 2026-05-27 15:12:11,262] 174 root - INFO - Data transformation complete
[ 2026-05-27 15:12:11,262] 49 root - INFO - Started Regular Expression mapping
[ 2026-05-27 15:12:11,263] 174 root - INFO - Data transformation complete
[ 2026-05-27 15:12:11,263] 49 root - INFO - Started Regular Expression mapping
[ 2026-05-27 15:12:11,263] 174 root - INFO - Data transformation complete
[ 2026-05-27 15:12:11,263] 49 root - INFO - Started Regular Expression mapping
[ 2026-05-27 15:12:11,263] 25 root - INFO - Match heuristic business names to paybill payments
[ 2026-05-27 15:12:11,263] 174 root - INFO - Data transformation complete
[ 2026-05-27 15:12:11,263] 49 root - INFO - Started Regular Expression mapping
[ 2026-05-27 15:12:11,264] 174 root - INFO - Data transformation complete
[ 2026-05-27 15:12:11,264] 49 root - INFO - Started Regular Expression mapping
[ 2026-05-27 15:12:11,264] 25 root - INFO - Match heuristic business names to paybill payments
[ 2026-05-27 15:12:11,264] 174 root - INFO - Data transformation complete
[ 2026-05-27 15:12:11,264] 49 root - INFO - Started Regular Expression mapping
[ 2026-05-27 15:12:11,264] 174 root - INFO - Data transformation complete
[ 2026-05-27 15:12:11,265] 49 root - INFO - Started Regular Expression mapping
[ 2026-05-27 15:12:11,265] 174 root - INFO - Data transformation complete
[ 2026-05-27 15:12:11,265] 49 root - INFO - Started Regular Expression mapping
[ 2026-05-27 15:12:11,265] 174 root - INFO - Data transformation complete
[ 2026-05-27 15:12:11,265] 49 root - INFO - Started Regular Expression mapping
[ 2026-05-27 15:12:11,265] 174 root - INFO - Data transformation complete
[ 2026-05-27 15:12:11,266] 49 root - INFO - Started Regular Expression mapping
[ 2026-05-27 15:12:11,266] 174 root - INFO - Data transformation complete
[ 2026-05-27 15:12:11,266] 49 root - INFO - Started Regular Expression mapping
[ 2026-05-27 15:12:11,266] 25 root - INFO - Match heuristic business names to paybill payments
[ 2026-05-27 15:12:11,266] 174 root - INFO - Data transformation complete
[ 2026-05-27 15:12:11,266] 49 root - INFO - Started Regular Expression mapping
[ 2026-05-27 15:12:11,266] 174 root - INFO - Data transformation complete
[ 2026-05-27 15:12:11,267] 49 root - INFO - Started Regular Expression mapping
[ 2026-05-27 15:12:11,267] 174 root - INFO - Data transformation complete
[ 2026-05-27 15:12:11,267] 49 root - INFO - Started Regular Expression mapping
[ 2026-05-27 15:12:11,267] 174 root - INFO - Data transformation complete
[ 2026-05-27 15:12:11,267] 49 root - INFO - Started Regular Expression mapping
[ 2026-05-27 15:12:11,267] 174 root - INFO - Data transformation complete
[ 2026-05-27 15:12:11,268] 49 root - INFO - Started Regular Expression mapping
[ 2026-05-27 15:12:11,268] 25 root - INFO - Match heuristic business names to paybill payments
[ 2026-05-27 15:12:11,268] 174 root - INFO - Data transformation complete
[ 2026-05-27 15:12:11,268] 49 root - INFO - Started Regular Expression mapping
[ 2026-05-27 15:12:11,268] 174 root - INFO - Data transformation complete
[ 2026-05-27 15:12:11,268] 49 root - INFO - Started Regular Expression mapping
[ 2026-05-27 15:12:11,268] 174 root - INFO - Data transformation complete
[ 2026-05-27 15:12:11,269] 49 root - INFO - Started Regular Expression mapping
[ 2026-05-27 15:12:11,269] 174 root - INFO - Data transformation complete
[ 2026-05-27 15:12:11,269] 49 root - INFO - Started Regular Expression mapping
[ 2026-05-27 15:12:11,269] 174 root - INFO - Data transformation complete
[ 2026-05-27 15:12:11,269] 49 root - INFO - Started Regular Expression mapping
[ 2026-05-27 15:12:11,269] 174 root - INFO - Data transformation complete
[ 2026-05-27 15:12:11,270] 49 root - INFO - Started Regular Expression mapping
[ 2026-05-27 15:12:11,270] 25 root - INFO - Match heuristic business names to paybill payments
[ 2026-05-27 15:12:11,270] 174 root - INFO - Data transformation complete
[ 2026-05-27 15:12:11,270] 49 root - INFO - Started Regular Expression mapping
[ 2026-05-27 15:12:11,270] 174 root - INFO - Data transformation complete
[ 2026-05-27 15:12:11,270] 49 root - INFO - Started Regular Expression mapping
[ 2026-05-27 15:12:11,270] 174 root - INFO - Data transformation complete
[ 2026-05-27 15:12:11,271] 49 root - INFO - Started Regular Expression mapping
[ 2026-05-27 15:12:11,271] 174 root - INFO - Data transformation complete
[ 2026-05-27 15:12:11,271] 49 root - INFO - Started Regular Expression mapping
[ 2026-05-27 15:12:11,271] 174 root - INFO - Data transformation complete
[ 2026-05-27 15:12:11,271] 49 root - INFO - Started Regular Expression mapping
[ 2026-05-27 15:12:11,271] 174 root - INFO - Data transformation complete
[ 2026-05-27 15:12:11,272] 49 root - INFO - Started Regular Expression mapping
[ 2026-05-27 15:12:11,272] 174 root - INFO - Data transformation complete
[ 2026-05-27 15:12:11,272] 49 root - INFO - Started Regular Expression mapping
[ 2026-05-27 15:12:11,272] 174 root - INFO - Data transformation complete
[ 2026-05-27 15:12:11,272] 49 root - INFO - Started Regular Expression mapping
[ 2026-05-27 15:12:11,272] 174 root - INFO - Data transformation complete
[ 2026-05-27 15:12:11,272] 49 root - INFO - Started Regular Expression mapping
[ 2026-05-27 15:12:11,273] 174 root - INFO - Data transformation complete
[ 2026-05-27 15:12:11,273] 49 root - INFO - Started Regular Expression mapping
[ 2026-05-27 15:12:11,273] 174 root - INFO - Data transformation complete
[ 2026-05-27 15:12:11,273] 49 root - INFO - Started Regular Expression mapping
[ 2026-05-27 15:12:11,273] 25 root - INFO - Match heuristic business names to paybill payments
[ 2026-05-27 15:12:11,274] 174 root - INFO - Data transformation complete
[ 2026-05-27 15:12:11,274] 49 root - INFO - Started Regular Expression mapping
[ 2026-05-27 15:12:11,274] 174 root - INFO - Data transformation complete
[ 2026-05-27 15:12:11,274] 49 root - INFO - Started Regular Expression mapping
[ 2026-05-27 15:12:11,274] 174 root - INFO - Data transformation complete
[ 2026-05-27 15:12:11,274] 49 root - INFO - Started Regular Expression mapping
[ 2026-05-27 15:12:11,275] 174 root - INFO - Data transformation complete
[ 2026-05-27 15:12:11,275] 49 root - INFO - Started Regular Expression mapping
[ 2026-05-27 15:12:11,275] 174 root - INFO - Data transformation complete
[ 2026-05-27 15:12:11,275] 49 root - INFO - Started Regular Expression mapping
[ 2026-05-27 15:12:11,275] 174 root - INFO - Data transformation complete
[ 2026-05-27 15:12:11,275] 49 root - INFO - Started Regular Expression mapping
[ 2026-05-27 15:12:11,275] 174 root - INFO - Data transformation complete
[ 2026-05-27 15:12:11,276] 49 root - INFO - Started Regular Expression mapping
[ 2026-05-27 15:12:11,276] 25 root - INFO - Match heuristic business names to paybill payments
[ 2026-05-27 15:12:11,276] 174 root - INFO - Data transformation complete
[ 2026-05-27 15:12:11,276] 49 root - INFO - Started Regular Expression mapping
[ 2026-05-27 15:12:11,276] 174 root - INFO - Data transformation complete
[ 2026-05-27 15:12:11,276] 49 root - INFO - Started Regular Expression mapping
[ 2026-05-27 15:12:11,276] 174 root - INFO - Data transformation complete
[ 2026-05-27 15:12:11,277] 49 root - INFO - Started Regular Expression mapping
[ 2026-05-27 15:12:11,277] 174 root - INFO - Data transformation complete
[ 2026-05-27 15:12:11,277] 49 root - INFO - Started Regular Expression mapping
[ 2026-05-27 15:12:11,277] 174 root - INFO - Data transformation complete
[ 2026-05-27 15:12:11,277] 49 root - INFO - Started Regular Expression mapping
[ 2026-05-27 15:12:11,277] 174 root - INFO - Data transformation complete
[ 2026-05-27 15:12:11,277] 49 root - INFO - Started Regular Expression mapping
[ 2026-05-27 15:12:11,278] 174 root - INFO - Data transformation complete
[ 2026-05-27 15:12:11,278] 49 root - INFO - Started Regular Expression mapping
[ 2026-05-27 15:12:11,278] 174 root - INFO - Data transformation complete
[ 2026-05-27 15:12:11,278] 49 root - INFO - Started Regular Expression mapping
[ 2026-05-27 15:12:11,278] 174 root - INFO - Data transformation complete
[ 2026-05-27 15:12:11,278] 49 root - INFO - Started Regular Expression mapping
[ 2026-05-27 15:12:11,279] 174 root - INFO - Data transformation complete
[ 2026-05-27 15:12:11,279] 49 root - INFO - Started Regular Expression mapping
[ 2026-05-27 15:12:11,279] 174 root - INFO - Data transformation complete
[ 2026-05-27 15:12:11,279] 49 root - INFO - Started Regular Expression mapping
[ 2026-05-27 15:12:11,279] 174 root - INFO - Data transformation complete
[ 2026-05-27 15:12:11,279] 49 root - INFO - Started Regular Expression mapping
[ 2026-05-27 15:12:11,279] 25 root - INFO - Match heuristic business names to paybill payments
[ 2026-05-27 15:12:11,280] 174 root - INFO - Data transformation complete
[ 2026-05-27 15:12:11,280] 49 root - INFO - Started Regular Expression mapping
[ 2026-05-27 15:12:11,280] 174 root - INFO - Data transformation complete
[ 2026-05-27 15:12:11,280] 49 root - INFO - Started Regular Expression mapping
[ 2026-05-27 15:12:11,280] 174 root - INFO - Data transformation complete
[ 2026-05-27 15:12:11,280] 49 root - INFO - Started Regular Expression mapping
[ 2026-05-27 15:12:11,281] 174 root - INFO - Data transformation complete
[ 2026-05-27 15:12:11,281] 49 root - INFO - Started Regular Expression mapping
[ 2026-05-27 15:12:11,281] 174 root - INFO - Data transformation complete
[ 2026-05-27 15:12:11,281] 49 root - INFO - Started Regular Expression mapping
[ 2026-05-27 15:12:11,281] 174 root - INFO - Data transformation complete
[ 2026-05-27 15:12:11,281] 49 root - INFO - Started Regular Expression mapping
[ 2026-05-27 15:12:11,281] 174 root - INFO - Data transformation complete
[ 2026-05-27 15:12:11,282] 49 root - INFO - Started Regular Expression mapping
[ 2026-05-27 15:12:11,282] 174 root - INFO - Data transformation complete
[ 2026-05-27 15:12:11,282] 49 root - INFO - Started Regular Expression mapping
[ 2026-05-27 15:12:11,282] 174 root - INFO - Data transformation complete
[ 2026-05-27 15:12:11,282] 49 root - INFO - Started Regular Expression mapping
[ 2026-05-27 15:12:11,282] 174 root - INFO - Data transformation complete
[ 2026-05-27 15:12:11,282] 49 root - INFO - Started Regular Expression mapping
[ 2026-05-27 15:12:11,283] 174 root - INFO - Data transformation complete
[ 2026-05-27 15:12:11,283] 49 root - INFO - Started Regular Expression mapping
[ 2026-05-27 15:12:11,283] 174 root - INFO - Data transformation complete
[ 2026-05-27 15:12:11,283] 49 root - INFO - Started Regular Expression mapping
[ 2026-05-27 15:12:11,283] 174 root - INFO - Data transformation complete
[ 2026-05-27 15:12:11,283] 49 root - INFO - Started Regular Expression mapping
[ 2026-05-27 15:12:11,284] 174 root - INFO - Data transformation complete
[ 2026-05-27 15:12:11,284] 49 root - INFO - Started Regular Expression mapping
[ 2026-05-27 15:12:11,284] 174 root - INFO - Data transformation complete
[ 2026-05-27 15:12:11,284] 49 root - INFO - Started Regular Expression mapping
[ 2026-05-27 15:12:11,284] 174 root - INFO - Data transformation complete
[ 2026-05-27 15:12:11,284] 49 root - INFO - Started Regular Expression mapping
[ 2026-05-27 15:12:11,284] 174 root - INFO - Data transformation complete
[ 2026-05-27 15:12:11,285] 49 root - INFO - Started Regular Expression mapping
[ 2026-05-27 15:12:11,285] 174 root - INFO - Data transformation complete
[ 2026-05-27 15:12:11,285] 49 root - INFO - Started Regular Expression mapping
[ 2026-05-27 15:12:11,285] 174 root - INFO - Data transformation complete
[ 2026-05-27 15:12:11,285] 49 root - INFO - Started Regular Expression mapping
[ 2026-05-27 15:12:11,285] 174 root - INFO - Data transformation complete
[ 2026-05-27 15:12:11,285] 49 root - INFO - Started Regular Expression mapping
[ 2026-05-27 15:12:11,286] 174 root - INFO - Data transformation complete
[ 2026-05-27 15:12:11,286] 49 root - INFO - Started Regular Expression mapping
[ 2026-05-27 15:12:11,286] 174 root - INFO - Data transformation complete
[ 2026-05-27 15:12:11,286] 49 root - INFO - Started Regular Expression mapping
[ 2026-05-27 15:12:11,286] 174 root - INFO - Data transformation complete
[ 2026-05-27 15:12:11,286] 49 root - INFO - Started Regular Expression mapping
[ 2026-05-27 15:12:11,287] 174 root - INFO - Data transformation complete
[ 2026-05-27 15:12:11,287] 49 root - INFO - Started Regular Expression mapping
[ 2026-05-27 15:12:11,287] 174 root - INFO - Data transformation complete
[ 2026-05-27 15:12:11,287] 49 root - INFO - Started Regular Expression mapping
[ 2026-05-27 15:12:11,287] 174 root - INFO - Data transformation complete
[ 2026-05-27 15:12:11,287] 49 root - INFO - Started Regular Expression mapping
[ 2026-05-27 15:12:11,288] 174 root - INFO - Data transformation complete
[ 2026-05-27 15:12:11,288] 49 root - INFO - Started Regular Expression mapping
[ 2026-05-27 15:12:11,288] 174 root - INFO - Data transformation complete
[ 2026-05-27 15:12:11,288] 49 root - INFO - Started Regular Expression mapping
[ 2026-05-27 15:12:11,288] 174 root - INFO - Data transformation complete
[ 2026-05-27 15:12:11,288] 49 root - INFO - Started Regular Expression mapping
[ 2026-05-27 15:12:11,289] 174 root - INFO - Data transformation complete
[ 2026-05-27 15:12:11,289] 49 root - INFO - Started Regular Expression mapping
[ 2026-05-27 15:12:11,289] 174 root - INFO - Data transformation complete
[ 2026-05-27 15:12:11,289] 49 root - INFO - Started Regular Expression mapping
[ 2026-05-27 15:12:11,289] 174 root - INFO - Data transformation complete
[ 2026-05-27 15:12:11,289] 49 root - INFO - Started Regular Expression mapping
[ 2026-05-27 15:12:11,289] 174 root - INFO - Data transformation complete
[ 2026-05-27 15:12:11,290] 49 root - INFO - Started Regular Expression mapping
[ 2026-05-27 15:12:11,290] 174 root - INFO - Data transformation complete
[ 2026-05-27 15:12:11,290] 49 root - INFO - Started Regular Expression mapping
[ 2026-05-27 15:12:11,290] 174 root - INFO - Data transformation complete
[ 2026-05-27 15:12:11,290] 49 root - INFO - Started Regular Expression mapping
[ 2026-05-27 15:12:11,291] 174 root - INFO - Data transformation complete
[ 2026-05-27 15:12:11,291] 49 root - INFO - Started Regular Expression mapping
[ 2026-05-27 15:12:11,291] 174 root - INFO - Data transformation complete
[ 2026-05-27 15:12:11,291] 49 root - INFO - Started Regular Expression mapping
[ 2026-05-27 15:12:11,291] 174 root - INFO - Data transformation complete
[ 2026-05-27 15:12:11,291] 49 root - INFO - Started Regular Expression mapping
[ 2026-05-27 15:12:11,291] 174 root - INFO - Data transformation complete
[ 2026-05-27 15:12:11,292] 49 root - INFO - Started Regular Expression mapping
[ 2026-05-27 15:12:11,292] 174 root - INFO - Data transformation complete
[ 2026-05-27 15:12:11,292] 49 root - INFO - Started Regular Expression mapping
[ 2026-05-27 15:12:11,292] 174 root - INFO - Data transformation complete
[ 2026-05-27 15:12:11,292] 49 root - INFO - Started Regular Expression mapping
[ 2026-05-27 15:12:11,292] 25 root - INFO - Match heuristic business names to paybill payments
[ 2026-05-27 15:12:11,293] 174 root - INFO - Data transformation complete
[ 2026-05-27 15:12:11,293] 49 root - INFO - Started Regular Expression mapping
[ 2026-05-27 15:12:11,293] 174 root - INFO - Data transformation complete
[ 2026-05-27 15:12:11,293] 49 root - INFO - Started Regular Expression mapping
[ 2026-05-27 15:12:11,293] 25 root - INFO - Match heuristic business names to paybill payments
[ 2026-05-27 15:12:11,293] 174 root - INFO - Data transformation complete
[ 2026-05-27 15:12:11,293] 49 root - INFO - Started Regular Expression mapping
[ 2026-05-27 15:12:11,294] 174 root - INFO - Data transformation complete
[ 2026-05-27 15:12:11,294] 49 root - INFO - Started Regular Expression mapping
[ 2026-05-27 15:12:11,294] 174 root - INFO - Data transformation complete
[ 2026-05-27 15:12:11,294] 49 root - INFO - Started Regular Expression mapping
[ 2026-05-27 15:12:11,294] 174 root - INFO - Data transformation complete
[ 2026-05-27 15:12:11,294] 49 root - INFO - Started Regular Expression mapping
[ 2026-05-27 15:12:11,295] 25 root - INFO - Match heuristic business names to paybill payments
[ 2026-05-27 15:12:11,295] 174 root - INFO - Data transformation complete
[ 2026-05-27 15:12:11,295] 49 root - INFO - Started Regular Expression mapping
[ 2026-05-27 15:12:11,295] 25 root - INFO - Match heuristic business names to paybill payments
[ 2026-05-27 15:12:11,295] 174 root - INFO - Data transformation complete
[ 2026-05-27 15:12:11,295] 49 root - INFO - Started Regular Expression mapping
[ 2026-05-27 15:12:11,296] 174 root - INFO - Data transformation complete
[ 2026-05-27 15:12:11,296] 49 root - INFO - Started Regular Expression mapping
[ 2026-05-27 15:12:11,296] 174 root - INFO - Data transformation complete
[ 2026-05-27 15:12:11,296] 49 root - INFO - Started Regular Expression mapping
[ 2026-05-27 15:12:11,296] 174 root - INFO - Data transformation complete
[ 2026-05-27 15:12:11,296] 49 root - INFO - Started Regular Expression mapping
[ 2026-05-27 15:12:11,296] 174 root - INFO - Data transformation complete
[ 2026-05-27 15:12:11,297] 49 root - INFO - Started Regular Expression mapping
[ 2026-05-27 15:12:11,297] 174 root - INFO - Data transformation complete
[ 2026-05-27 15:12:11,297] 49 root - INFO - Started Regular Expression mapping
[ 2026-05-27 15:12:11,297] 174 root - INFO - Data transformation complete
[ 2026-05-27 15:12:11,297] 49 root - INFO - Started Regular Expression mapping
[ 2026-05-27 15:12:11,297] 174 root - INFO - Data transformation complete
[ 2026-05-27 15:12:11,298] 49 root - INFO - Started Regular Expression mapping
[ 2026-05-27 15:12:11,298] 174 root - INFO - Data transformation complete
[ 2026-05-27 15:12:11,298] 49 root - INFO - Started Regular Expression mapping
[ 2026-05-27 15:12:11,298] 174 root - INFO - Data transformation complete
[ 2026-05-27 15:12:11,298] 49 root - INFO - Started Regular Expression mapping
[ 2026-05-27 15:12:11,298] 174 root - INFO - Data transformation complete
[ 2026-05-27 15:12:11,298] 49 root - INFO - Started Regular Expression mapping
[ 2026-05-27 15:12:11,299] 174 root - INFO - Data transformation complete
[ 2026-05-27 15:12:11,299] 49 root - INFO - Started Regular Expression mapping
[ 2026-05-27 15:12:11,299] 174 root - INFO - Data transformation complete
[ 2026-05-27 15:12:11,299] 49 root - INFO - Started Regular Expression mapping
[ 2026-05-27 15:12:11,299] 174 root - INFO - Data transformation complete
[ 2026-05-27 15:12:11,299] 49 root - INFO - Started Regular Expression mapping
[ 2026-05-27 15:12:11,300] 174 root - INFO - Data transformation complete
[ 2026-05-27 15:12:11,300] 49 root - INFO - Started Regular Expression mapping
[ 2026-05-27 15:12:11,300] 174 root - INFO - Data transformation complete
[ 2026-05-27 15:12:11,300] 49 root - INFO - Started Regular Expression mapping
[ 2026-05-27 15:12:11,300] 174 root - INFO - Data transformation complete
[ 2026-05-27 15:12:11,300] 49 root - INFO - Started Regular Expression mapping
[ 2026-05-27 15:12:11,301] 174 root - INFO - Data transformation complete
[ 2026-05-27 15:12:11,301] 49 root - INFO - Started Regular Expression mapping
[ 2026-05-27 15:12:11,302] 174 root - INFO - Data transformation complete
[ 2026-05-27 15:12:11,302] 49 root - INFO - Started Regular Expression mapping
[ 2026-05-27 15:12:11,303] 174 root - INFO - Data transformation complete
[ 2026-05-27 15:12:11,303] 49 root - INFO - Started Regular Expression mapping
[ 2026-05-27 15:12:11,303] 25 root - INFO - Match heuristic business names to paybill payments
[ 2026-05-27 15:12:11,303] 174 root - INFO - Data transformation complete
[ 2026-05-27 15:12:11,303] 49 root - INFO - Started Regular Expression mapping
[ 2026-05-27 15:12:11,303] 25 root - INFO - Match heuristic business names to paybill payments
[ 2026-05-27 15:12:11,304] 174 root - INFO - Data transformation complete
[ 2026-05-27 15:12:11,304] 49 root - INFO - Started Regular Expression mapping
[ 2026-05-27 15:12:11,304] 174 root - INFO - Data transformation complete
[ 2026-05-27 15:12:11,304] 49 root - INFO - Started Regular Expression mapping
[ 2026-05-27 15:12:11,304] 174 root - INFO - Data transformation complete
[ 2026-05-27 15:12:11,304] 49 root - INFO - Started Regular Expression mapping
[ 2026-05-27 15:12:11,305] 174 root - INFO - Data transformation complete
[ 2026-05-27 15:12:11,305] 49 root - INFO - Started Regular Expression mapping
[ 2026-05-27 15:12:11,305] 174 root - INFO - Data transformation complete
[ 2026-05-27 15:12:11,305] 49 root - INFO - Started Regular Expression mapping
[ 2026-05-27 15:12:11,305] 174 root - INFO - Data transformation complete
[ 2026-05-27 15:12:11,305] 49 root - INFO - Started Regular Expression mapping
[ 2026-05-27 15:12:11,305] 174 root - INFO - Data transformation complete
[ 2026-05-27 15:12:11,306] 49 root - INFO - Started Regular Expression mapping
[ 2026-05-27 15:12:11,306] 174 root - INFO - Data transformation complete
[ 2026-05-27 15:12:11,306] 49 root - INFO - Started Regular Expression mapping
[ 2026-05-27 15:12:11,306] 174 root - INFO - Data transformation complete
[ 2026-05-27 15:12:11,306] 49 root - INFO - Started Regular Expression mapping
[ 2026-05-27 15:12:11,306] 174 root - INFO - Data transformation complete
[ 2026-05-27 15:12:11,306] 49 root - INFO - Started Regular Expression mapping
[ 2026-05-27 15:12:11,307] 174 root - INFO - Data transformation complete
[ 2026-05-27 15:12:11,307] 49 root - INFO - Started Regular Expression mapping
[ 2026-05-27 15:12:11,307] 174 root - INFO - Data transformation complete
[ 2026-05-27 15:12:11,308] 49 root - INFO - Started Regular Expression mapping
[ 2026-05-27 15:12:11,308] 174 root - INFO - Data transformation complete
[ 2026-05-27 15:12:11,308] 49 root - INFO - Started Regular Expression mapping
[ 2026-05-27 15:12:11,308] 174 root - INFO - Data transformation complete
[ 2026-05-27 15:12:11,309] 49 root - INFO - Started Regular Expression mapping
[ 2026-05-27 15:12:11,309] 174 root - INFO - Data transformation complete
[ 2026-05-27 15:12:11,309] 49 root - INFO - Started Regular Expression mapping
[ 2026-05-27 15:12:11,309] 174 root - INFO - Data transformation complete
[ 2026-05-27 15:12:11,309] 49 root - INFO - Started Regular Expression mapping
[ 2026-05-27 15:12:11,310] 174 root - INFO - Data transformation complete
[ 2026-05-27 15:12:11,310] 49 root - INFO - Started Regular Expression mapping
[ 2026-05-27 15:12:11,310] 174 root - INFO - Data transformation complete
[ 2026-05-27 15:12:11,310] 49 root - INFO - Started Regular Expression mapping
[ 2026-05-27 15:12:11,310] 174 root - INFO - Data transformation complete
[ 2026-05-27 15:12:11,310] 49 root - INFO - Started Regular Expression mapping
[ 2026-05-27 15:12:11,311] 174 root - INFO - Data transformation complete
[ 2026-05-27 15:12:11,311] 49 root - INFO - Started Regular Expression mapping
[ 2026-05-27 15:12:11,311] 174 root - INFO - Data transformation complete
[ 2026-05-27 15:12:11,311] 49 root - INFO - Started Regular Expression mapping
[ 2026-05-27 15:12:11,311] 174 root - INFO - Data transformation complete
[ 2026-05-27 15:12:11,311] 49 root - INFO - Started Regular Expression mapping
[ 2026-05-27 15:12:11,312] 174 root - INFO - Data transformation complete
[ 2026-05-27 15:12:11,312] 49 root - INFO - Started Regular Expression mapping
[ 2026-05-27 15:12:11,312] 174 root - INFO - Data transformation complete
[ 2026-05-27 15:12:11,312] 49 root - INFO - Started Regular Expression mapping
[ 2026-05-27 15:12:11,312] 174 root - INFO - Data transformation complete
[ 2026-05-27 15:12:11,312] 49 root - INFO - Started Regular Expression mapping
[ 2026-05-27 15:12:11,312] 174 root - INFO - Data transformation complete
[ 2026-05-27 15:12:11,313] 49 root - INFO - Started Regular Expression mapping
[ 2026-05-27 15:12:11,313] 25 root - INFO - Match heuristic business names to paybill payments
[ 2026-05-27 15:12:11,313] 174 root - INFO - Data transformation complete
[ 2026-05-27 15:12:11,313] 49 root - INFO - Started Regular Expression mapping
[ 2026-05-27 15:12:11,313] 174 root - INFO - Data transformation complete
[ 2026-05-27 15:12:11,313] 49 root - INFO - Started Regular Expression mapping
[ 2026-05-27 15:12:11,313] 25 root - INFO - Match heuristic business names to paybill payments
[ 2026-05-27 15:12:11,314] 174 root - INFO - Data transformation complete
[ 2026-05-27 15:12:11,314] 49 root - INFO - Started Regular Expression mapping
[ 2026-05-27 15:12:11,314] 174 root - INFO - Data transformation complete
[ 2026-05-27 15:12:11,314] 49 root - INFO - Started Regular Expression mapping
[ 2026-05-27 15:12:11,314] 174 root - INFO - Data transformation complete
[ 2026-05-27 15:12:11,314] 49 root - INFO - Started Regular Expression mapping
[ 2026-05-27 15:12:11,315] 174 root - INFO - Data transformation complete
[ 2026-05-27 15:12:11,315] 49 root - INFO - Started Regular Expression mapping
[ 2026-05-27 15:12:11,315] 174 root - INFO - Data transformation complete
[ 2026-05-27 15:12:11,315] 49 root - INFO - Started Regular Expression mapping
[ 2026-05-27 15:12:11,315] 174 root - INFO - Data transformation complete
[ 2026-05-27 15:12:11,315] 49 root - INFO - Started Regular Expression mapping
[ 2026-05-27 15:12:11,315] 25 root - INFO - Match heuristic business names to paybill payments
[ 2026-05-27 15:12:11,316] 174 root - INFO - Data transformation complete
[ 2026-05-27 15:12:11,316] 49 root - INFO - Started Regular Expression mapping
[ 2026-05-27 15:12:11,316] 174 root - INFO - Data transformation complete
[ 2026-05-27 15:12:11,316] 49 root - INFO - Started Regular Expression mapping
[ 2026-05-27 15:12:11,316] 174 root - INFO - Data transformation complete
[ 2026-05-27 15:12:11,316] 49 root - INFO - Started Regular Expression mapping
[ 2026-05-27 15:12:11,316] 174 root - INFO - Data transformation complete
[ 2026-05-27 15:12:11,317] 49 root - INFO - Started Regular Expression mapping
[ 2026-05-27 15:12:11,317] 174 root - INFO - Data transformation complete
[ 2026-05-27 15:12:11,317] 49 root - INFO - Started Regular Expression mapping
[ 2026-05-27 15:12:11,317] 174 root - INFO - Data transformation complete
[ 2026-05-27 15:12:11,318] 49 root - INFO - Started Regular Expression mapping
[ 2026-05-27 15:12:11,318] 174 root - INFO - Data transformation complete
[ 2026-05-27 15:12:11,318] 49 root - INFO - Started Regular Expression mapping
[ 2026-05-27 15:12:11,318] 174 root - INFO - Data transformation complete
[ 2026-05-27 15:12:11,319] 49 root - INFO - Started Regular Expression mapping
[ 2026-05-27 15:12:11,319] 174 root - INFO - Data transformation complete
[ 2026-05-27 15:12:11,319] 49 root - INFO - Started Regular Expression mapping
[ 2026-05-27 15:12:11,319] 25 root - INFO - Match heuristic business names to paybill payments
[ 2026-05-27 15:12:11,319] 174 root - INFO - Data transformation complete
[ 2026-05-27 15:12:11,320] 49 root - INFO - Started Regular Expression mapping
[ 2026-05-27 15:12:11,320] 174 root - INFO - Data transformation complete
[ 2026-05-27 15:12:11,320] 49 root - INFO - Started Regular Expression mapping
[ 2026-05-27 15:12:11,320] 174 root - INFO - Data transformation complete
[ 2026-05-27 15:12:11,320] 49 root - INFO - Started Regular Expression mapping
[ 2026-05-27 15:12:11,320] 174 root - INFO - Data transformation complete
[ 2026-05-27 15:12:11,321] 49 root - INFO - Started Regular Expression mapping
[ 2026-05-27 15:12:11,321] 174 root - INFO - Data transformation complete
[ 2026-05-27 15:12:11,321] 49 root - INFO - Started Regular Expression mapping
[ 2026-05-27 15:12:11,321] 174 root - INFO - Data transformation complete
[ 2026-05-27 15:12:11,321] 49 root - INFO - Started Regular Expression mapping
[ 2026-05-27 15:12:11,321] 174 root - INFO - Data transformation complete
[ 2026-05-27 15:12:11,321] 49 root - INFO - Started Regular Expression mapping
[ 2026-05-27 15:12:11,322] 174 root - INFO - Data transformation complete
[ 2026-05-27 15:12:11,322] 49 root - INFO - Started Regular Expression mapping
[ 2026-05-27 15:12:11,322] 174 root - INFO - Data transformation complete
[ 2026-05-27 15:12:11,322] 49 root - INFO - Started Regular Expression mapping
[ 2026-05-27 15:12:11,322] 25 root - INFO - Match heuristic business names to paybill payments
[ 2026-05-27 15:12:11,322] 174 root - INFO - Data transformation complete
[ 2026-05-27 15:12:11,323] 49 root - INFO - Started Regular Expression mapping
[ 2026-05-27 15:12:11,323] 174 root - INFO - Data transformation complete
[ 2026-05-27 15:12:11,323] 49 root - INFO - Started Regular Expression mapping
[ 2026-05-27 15:12:11,323] 174 root - INFO - Data transformation complete
[ 2026-05-27 15:12:11,323] 49 root - INFO - Started Regular Expression mapping
[ 2026-05-27 15:12:11,323] 174 root - INFO - Data transformation complete
[ 2026-05-27 15:12:11,324] 49 root - INFO - Started Regular Expression mapping
[ 2026-05-27 15:12:11,324] 174 root - INFO - Data transformation complete
[ 2026-05-27 15:12:11,324] 49 root - INFO - Started Regular Expression mapping
[ 2026-05-27 15:12:11,325] 174 root - INFO - Data transformation complete
[ 2026-05-27 15:12:11,325] 49 root - INFO - Started Regular Expression mapping
[ 2026-05-27 15:12:11,325] 174 root - INFO - Data transformation complete
[ 2026-05-27 15:12:11,325] 49 root - INFO - Started Regular Expression mapping
[ 2026-05-27 15:12:11,325] 174 root - INFO - Data transformation complete
[ 2026-05-27 15:12:11,326] 49 root - INFO - Started Regular Expression mapping
[ 2026-05-27 15:12:11,326] 174 root - INFO - Data transformation complete
[ 2026-05-27 15:12:11,326] 49 root - INFO - Started Regular Expression mapping
[ 2026-05-27 15:12:11,326] 25 root - INFO - Match heuristic business names to paybill payments
[ 2026-05-27 15:12:11,326] 174 root - INFO - Data transformation complete
[ 2026-05-27 15:12:11,326] 49 root - INFO - Started Regular Expression mapping
[ 2026-05-27 15:12:11,327] 174 root - INFO - Data transformation complete
[ 2026-05-27 15:12:11,327] 49 root - INFO - Started Regular Expression mapping
[ 2026-05-27 15:12:11,327] 174 root - INFO - Data transformation complete
[ 2026-05-27 15:12:11,327] 49 root - INFO - Started Regular Expression mapping
[ 2026-05-27 15:12:11,327] 174 root - INFO - Data transformation complete
[ 2026-05-27 15:12:11,327] 49 root - INFO - Started Regular Expression mapping
[ 2026-05-27 15:12:11,328] 174 root - INFO - Data transformation complete
[ 2026-05-27 15:12:11,328] 49 root - INFO - Started Regular Expression mapping
[ 2026-05-27 15:12:11,328] 174 root - INFO - Data transformation complete
[ 2026-05-27 15:12:11,328] 49 root - INFO - Started Regular Expression mapping
[ 2026-05-27 15:12:11,328] 174 root - INFO - Data transformation complete
[ 2026-05-27 15:12:11,328] 49 root - INFO - Started Regular Expression mapping
[ 2026-05-27 15:12:11,328] 174 root - INFO - Data transformation complete
[ 2026-05-27 15:12:11,329] 49 root - INFO - Started Regular Expression mapping
[ 2026-05-27 15:12:11,329] 174 root - INFO - Data transformation complete
[ 2026-05-27 15:12:11,329] 49 root - INFO - Started Regular Expression mapping
[ 2026-05-27 15:12:11,329] 174 root - INFO - Data transformation complete
[ 2026-05-27 15:12:11,329] 49 root - INFO - Started Regular Expression mapping
[ 2026-05-27 15:12:11,329] 174 root - INFO - Data transformation complete
[ 2026-05-27 15:12:11,329] 49 root - INFO - Started Regular Expression mapping
[ 2026-05-27 15:12:11,330] 174 root - INFO - Data transformation complete
[ 2026-05-27 15:12:11,330] 49 root - INFO - Started Regular Expression mapping
[ 2026-05-27 15:12:11,330] 174 root - INFO - Data transformation complete
[ 2026-05-27 15:12:11,330] 49 root - INFO - Started Regular Expression mapping
[ 2026-05-27 15:12:11,330] 174 root - INFO - Data transformation complete
[ 2026-05-27 15:12:11,330] 49 root - INFO - Started Regular Expression mapping
[ 2026-05-27 15:12:11,331] 174 root - INFO - Data transformation complete
[ 2026-05-27 15:12:11,331] 49 root - INFO - Started Regular Expression mapping
[ 2026-05-27 15:12:11,331] 174 root - INFO - Data transformation complete
[ 2026-05-27 15:12:11,331] 49 root - INFO - Started Regular Expression mapping
[ 2026-05-27 15:12:11,331] 174 root - INFO - Data transformation complete
[ 2026-05-27 15:12:11,331] 49 root - INFO - Started Regular Expression mapping
[ 2026-05-27 15:12:11,332] 174 root - INFO - Data transformation complete
[ 2026-05-27 15:12:11,332] 49 root - INFO - Started Regular Expression mapping
[ 2026-05-27 15:12:11,332] 174 root - INFO - Data transformation complete
[ 2026-05-27 15:12:11,332] 49 root - INFO - Started Regular Expression mapping
[ 2026-05-27 15:12:11,332] 174 root - INFO - Data transformation complete
[ 2026-05-27 15:12:11,332] 49 root - INFO - Started Regular Expression mapping
[ 2026-05-27 15:12:11,333] 174 root - INFO - Data transformation complete
[ 2026-05-27 15:12:11,333] 49 root - INFO - Started Regular Expression mapping
[ 2026-05-27 15:12:11,333] 25 root - INFO - Match heuristic business names to paybill payments
[ 2026-05-27 15:12:11,333] 174 root - INFO - Data transformation complete
[ 2026-05-27 15:12:11,334] 49 root - INFO - Started Regular Expression mapping
[ 2026-05-27 15:12:11,334] 174 root - INFO - Data transformation complete
[ 2026-05-27 15:12:11,334] 49 root - INFO - Started Regular Expression mapping
[ 2026-05-27 15:12:11,334] 174 root - INFO - Data transformation complete
[ 2026-05-27 15:12:11,334] 49 root - INFO - Started Regular Expression mapping
[ 2026-05-27 15:12:11,335] 174 root - INFO - Data transformation complete
[ 2026-05-27 15:12:11,335] 49 root - INFO - Started Regular Expression mapping
[ 2026-05-27 15:12:11,335] 174 root - INFO - Data transformation complete
[ 2026-05-27 15:12:11,335] 49 root - INFO - Started Regular Expression mapping
[ 2026-05-27 15:12:11,336] 174 root - INFO - Data transformation complete
[ 2026-05-27 15:12:11,336] 49 root - INFO - Started Regular Expression mapping
[ 2026-05-27 15:12:11,336] 174 root - INFO - Data transformation complete
[ 2026-05-27 15:12:11,336] 49 root - INFO - Started Regular Expression mapping
[ 2026-05-27 15:12:11,336] 174 root - INFO - Data transformation complete
[ 2026-05-27 15:12:11,336] 49 root - INFO - Started Regular Expression mapping
[ 2026-05-27 15:12:11,337] 174 root - INFO - Data transformation complete
[ 2026-05-27 15:12:11,337] 49 root - INFO - Started Regular Expression mapping
[ 2026-05-27 15:12:11,337] 25 root - INFO - Match heuristic business names to paybill payments
[ 2026-05-27 15:12:11,337] 174 root - INFO - Data transformation complete
[ 2026-05-27 15:12:11,337] 49 root - INFO - Started Regular Expression mapping
[ 2026-05-27 15:12:11,338] 174 root - INFO - Data transformation complete
[ 2026-05-27 15:12:11,338] 49 root - INFO - Started Regular Expression mapping
[ 2026-05-27 15:12:11,338] 174 root - INFO - Data transformation complete
[ 2026-05-27 15:12:11,338] 49 root - INFO - Started Regular Expression mapping
[ 2026-05-27 15:12:11,339] 174 root - INFO - Data transformation complete
[ 2026-05-27 15:12:11,339] 49 root - INFO - Started Regular Expression mapping
[ 2026-05-27 15:12:11,339] 174 root - INFO - Data transformation complete
[ 2026-05-27 15:12:11,339] 49 root - INFO - Started Regular Expression mapping
[ 2026-05-27 15:12:11,339] 174 root - INFO - Data transformation complete
[ 2026-05-27 15:12:11,340] 49 root - INFO - Started Regular Expression mapping
[ 2026-05-27 15:12:11,341] 174 root - INFO - Data transformation complete
[ 2026-05-27 15:12:11,341] 49 root - INFO - Started Regular Expression mapping
[ 2026-05-27 15:12:11,341] 174 root - INFO - Data transformation complete
[ 2026-05-27 15:12:11,341] 49 root - INFO - Started Regular Expression mapping
[ 2026-05-27 15:12:11,341] 174 root - INFO - Data transformation complete
[ 2026-05-27 15:12:11,341] 49 root - INFO - Started Regular Expression mapping
[ 2026-05-27 15:12:11,341] 174 root - INFO - Data transformation complete
[ 2026-05-27 15:12:11,342] 49 root - INFO - Started Regular Expression mapping
[ 2026-05-27 15:12:11,342] 174 root - INFO - Data transformation complete
[ 2026-05-27 15:12:11,342] 49 root - INFO - Started Regular Expression mapping
[ 2026-05-27 15:12:11,342] 174 root - INFO - Data transformation complete
[ 2026-05-27 15:12:11,342] 49 root - INFO - Started Regular Expression mapping
[ 2026-05-27 15:12:11,342] 174 root - INFO - Data transformation complete
[ 2026-05-27 15:12:11,343] 49 root - INFO - Started Regular Expression mapping
[ 2026-05-27 15:12:11,343] 174 root - INFO - Data transformation complete
[ 2026-05-27 15:12:11,343] 49 root - INFO - Started Regular Expression mapping
[ 2026-05-27 15:12:11,343] 174 root - INFO - Data transformation complete
[ 2026-05-27 15:12:11,343] 49 root - INFO - Started Regular Expression mapping
[ 2026-05-27 15:12:11,343] 174 root - INFO - Data transformation complete
[ 2026-05-27 15:12:11,343] 49 root - INFO - Started Regular Expression mapping
[ 2026-05-27 15:12:11,344] 174 root - INFO - Data transformation complete
[ 2026-05-27 15:12:11,344] 49 root - INFO - Started Regular Expression mapping
[ 2026-05-27 15:12:11,344] 174 root - INFO - Data transformation complete
[ 2026-05-27 15:12:11,344] 49 root - INFO - Started Regular Expression mapping
[ 2026-05-27 15:12:11,344] 174 root - INFO - Data transformation complete
[ 2026-05-27 15:12:11,344] 49 root - INFO - Started Regular Expression mapping
[ 2026-05-27 15:12:11,345] 174 root - INFO - Data transformation complete
[ 2026-05-27 15:12:11,345] 49 root - INFO - Started Regular Expression mapping
[ 2026-05-27 15:12:11,345] 25 root - INFO - Match heuristic business names to paybill payments
[ 2026-05-27 15:12:11,345] 174 root - INFO - Data transformation complete
[ 2026-05-27 15:12:11,345] 49 root - INFO - Started Regular Expression mapping
[ 2026-05-27 15:12:11,345] 174 root - INFO - Data transformation complete
[ 2026-05-27 15:12:11,346] 49 root - INFO - Started Regular Expression mapping
[ 2026-05-27 15:12:11,346] 174 root - INFO - Data transformation complete
[ 2026-05-27 15:12:11,346] 49 root - INFO - Started Regular Expression mapping
[ 2026-05-27 15:12:11,346] 174 root - INFO - Data transformation complete
[ 2026-05-27 15:12:11,346] 49 root - INFO - Started Regular Expression mapping
[ 2026-05-27 15:12:11,346] 174 root - INFO - Data transformation complete
[ 2026-05-27 15:12:11,346] 49 root - INFO - Started Regular Expression mapping
[ 2026-05-27 15:12:11,347] 174 root - INFO - Data transformation complete
[ 2026-05-27 15:12:11,347] 49 root - INFO - Started Regular Expression mapping
[ 2026-05-27 15:12:11,347] 174 root - INFO - Data transformation complete
[ 2026-05-27 15:12:11,347] 49 root - INFO - Started Regular Expression mapping
[ 2026-05-27 15:12:11,347] 174 root - INFO - Data transformation complete
[ 2026-05-27 15:12:11,347] 49 root - INFO - Started Regular Expression mapping
[ 2026-05-27 15:12:11,348] 174 root - INFO - Data transformation complete
[ 2026-05-27 15:12:11,348] 49 root - INFO - Started Regular Expression mapping
[ 2026-05-27 15:12:11,348] 174 root - INFO - Data transformation complete
[ 2026-05-27 15:12:11,348] 49 root - INFO - Started Regular Expression mapping
[ 2026-05-27 15:12:11,348] 174 root - INFO - Data transformation complete
[ 2026-05-27 15:12:11,348] 49 root - INFO - Started Regular Expression mapping
[ 2026-05-27 15:12:11,348] 174 root - INFO - Data transformation complete
[ 2026-05-27 15:12:11,349] 49 root - INFO - Started Regular Expression mapping
[ 2026-05-27 15:12:11,349] 174 root - INFO - Data transformation complete
[ 2026-05-27 15:12:11,349] 49 root - INFO - Started Regular Expression mapping
[ 2026-05-27 15:12:11,349] 174 root - INFO - Data transformation complete
[ 2026-05-27 15:12:11,349] 49 root - INFO - Started Regular Expression mapping
[ 2026-05-27 15:12:11,349] 174 root - INFO - Data transformation complete
[ 2026-05-27 15:12:11,349] 49 root - INFO - Started Regular Expression mapping
[ 2026-05-27 15:12:11,351] 174 root - INFO - Data transformation complete
[ 2026-05-27 15:12:11,351] 49 root - INFO - Started Regular Expression mapping
[ 2026-05-27 15:12:11,351] 174 root - INFO - Data transformation complete
[ 2026-05-27 15:12:11,351] 49 root - INFO - Started Regular Expression mapping
[ 2026-05-27 15:12:11,351] 25 root - INFO - Match heuristic business names to paybill payments
[ 2026-05-27 15:12:11,352] 174 root - INFO - Data transformation complete
[ 2026-05-27 15:12:11,352] 49 root - INFO - Started Regular Expression mapping
[ 2026-05-27 15:12:11,352] 174 root - INFO - Data transformation complete
[ 2026-05-27 15:12:11,352] 49 root - INFO - Started Regular Expression mapping
[ 2026-05-27 15:12:11,352] 174 root - INFO - Data transformation complete
[ 2026-05-27 15:12:11,352] 49 root - INFO - Started Regular Expression mapping
[ 2026-05-27 15:12:11,353] 174 root - INFO - Data transformation complete
[ 2026-05-27 15:12:11,353] 49 root - INFO - Started Regular Expression mapping
[ 2026-05-27 15:12:11,353] 174 root - INFO - Data transformation complete
[ 2026-05-27 15:12:11,353] 49 root - INFO - Started Regular Expression mapping
[ 2026-05-27 15:12:11,353] 174 root - INFO - Data transformation complete
[ 2026-05-27 15:12:11,353] 49 root - INFO - Started Regular Expression mapping
[ 2026-05-27 15:12:11,354] 174 root - INFO - Data transformation complete
[ 2026-05-27 15:12:11,354] 49 root - INFO - Started Regular Expression mapping
[ 2026-05-27 15:12:11,354] 174 root - INFO - Data transformation complete
[ 2026-05-27 15:12:11,354] 49 root - INFO - Started Regular Expression mapping
[ 2026-05-27 15:12:11,354] 174 root - INFO - Data transformation complete
[ 2026-05-27 15:12:11,354] 49 root - INFO - Started Regular Expression mapping
[ 2026-05-27 15:12:11,354] 25 root - INFO - Match heuristic business names to paybill payments
[ 2026-05-27 15:12:11,355] 174 root - INFO - Data transformation complete
[ 2026-05-27 15:12:11,355] 49 root - INFO - Started Regular Expression mapping
[ 2026-05-27 15:12:11,355] 174 root - INFO - Data transformation complete
[ 2026-05-27 15:12:11,355] 49 root - INFO - Started Regular Expression mapping
[ 2026-05-27 15:12:11,355] 174 root - INFO - Data transformation complete
[ 2026-05-27 15:12:11,356] 49 root - INFO - Started Regular Expression mapping
[ 2026-05-27 15:12:11,356] 174 root - INFO - Data transformation complete
[ 2026-05-27 15:12:11,356] 49 root - INFO - Started Regular Expression mapping
[ 2026-05-27 15:12:11,356] 174 root - INFO - Data transformation complete
[ 2026-05-27 15:12:11,356] 49 root - INFO - Started Regular Expression mapping
[ 2026-05-27 15:12:11,358] 174 root - INFO - Data transformation complete
[ 2026-05-27 15:12:11,358] 49 root - INFO - Started Regular Expression mapping
[ 2026-05-27 15:12:11,358] 174 root - INFO - Data transformation complete
[ 2026-05-27 15:12:11,358] 49 root - INFO - Started Regular Expression mapping
[ 2026-05-27 15:12:11,358] 174 root - INFO - Data transformation complete
[ 2026-05-27 15:12:11,359] 49 root - INFO - Started Regular Expression mapping
[ 2026-05-27 15:12:11,359] 174 root - INFO - Data transformation complete
[ 2026-05-27 15:12:11,359] 49 root - INFO - Started Regular Expression mapping
[ 2026-05-27 15:12:11,359] 174 root - INFO - Data transformation complete
[ 2026-05-27 15:12:11,359] 49 root - INFO - Started Regular Expression mapping
[ 2026-05-27 15:12:11,360] 174 root - INFO - Data transformation complete
[ 2026-05-27 15:12:11,360] 49 root - INFO - Started Regular Expression mapping
[ 2026-05-27 15:12:11,360] 174 root - INFO - Data transformation complete
[ 2026-05-27 15:12:11,360] 49 root - INFO - Started Regular Expression mapping
[ 2026-05-27 15:12:11,360] 174 root - INFO - Data transformation complete
[ 2026-05-27 15:12:11,361] 49 root - INFO - Started Regular Expression mapping
[ 2026-05-27 15:12:11,361] 174 root - INFO - Data transformation complete
[ 2026-05-27 15:12:11,361] 49 root - INFO - Started Regular Expression mapping
[ 2026-05-27 15:12:11,361] 174 root - INFO - Data transformation complete
[ 2026-05-27 15:12:11,361] 49 root - INFO - Started Regular Expression mapping
[ 2026-05-27 15:12:11,361] 174 root - INFO - Data transformation complete
[ 2026-05-27 15:12:11,362] 49 root - INFO - Started Regular Expression mapping
[ 2026-05-27 15:12:11,362] 174 root - INFO - Data transformation complete
[ 2026-05-27 15:12:11,362] 49 root - INFO - Started Regular Expression mapping
[ 2026-05-27 15:12:11,362] 174 root - INFO - Data transformation complete
[ 2026-05-27 15:12:11,362] 49 root - INFO - Started Regular Expression mapping
[ 2026-05-27 15:12:11,363] 174 root - INFO - Data transformation complete
[ 2026-05-27 15:12:11,363] 49 root - INFO - Started Regular Expression mapping
[ 2026-05-27 15:12:11,363] 174 root - INFO - Data transformation complete
[ 2026-05-27 15:12:11,363] 49 root - INFO - Started Regular Expression mapping
[ 2026-05-27 15:12:11,363] 174 root - INFO - Data transformation complete
[ 2026-05-27 15:12:11,364] 49 root - INFO - Started Regular Expression mapping
[ 2026-05-27 15:12:11,364] 25 root - INFO - Match heuristic business names to paybill payments
[ 2026-05-27 15:12:11,364] 174 root - INFO - Data transformation complete
[ 2026-05-27 15:12:11,364] 49 root - INFO - Started Regular Expression mapping
[ 2026-05-27 15:12:11,364] 174 root - INFO - Data transformation complete
[ 2026-05-27 15:12:11,365] 49 root - INFO - Started Regular Expression mapping
[ 2026-05-27 15:12:11,365] 174 root - INFO - Data transformation complete
[ 2026-05-27 15:12:11,365] 49 root - INFO - Started Regular Expression mapping
[ 2026-05-27 15:12:11,365] 174 root - INFO - Data transformation complete
[ 2026-05-27 15:12:11,365] 49 root - INFO - Started Regular Expression mapping
[ 2026-05-27 15:12:11,366] 174 root - INFO - Data transformation complete
[ 2026-05-27 15:12:11,366] 49 root - INFO - Started Regular Expression mapping
[ 2026-05-27 15:12:11,366] 174 root - INFO - Data transformation complete
[ 2026-05-27 15:12:11,366] 49 root - INFO - Started Regular Expression mapping
[ 2026-05-27 15:12:11,366] 174 root - INFO - Data transformation complete
[ 2026-05-27 15:12:11,367] 49 root - INFO - Started Regular Expression mapping
[ 2026-05-27 15:12:11,367] 174 root - INFO - Data transformation complete
[ 2026-05-27 15:12:11,367] 49 root - INFO - Started Regular Expression mapping
[ 2026-05-27 15:12:11,367] 174 root - INFO - Data transformation complete
[ 2026-05-27 15:12:11,367] 49 root - INFO - Started Regular Expression mapping
[ 2026-05-27 15:12:11,368] 174 root - INFO - Data transformation complete
[ 2026-05-27 15:12:11,368] 49 root - INFO - Started Regular Expression mapping
[ 2026-05-27 15:12:11,368] 174 root - INFO - Data transformation complete
[ 2026-05-27 15:12:11,368] 49 root - INFO - Started Regular Expression mapping
[ 2026-05-27 15:12:11,368] 174 root - INFO - Data transformation complete
[ 2026-05-27 15:12:11,368] 49 root - INFO - Started Regular Expression mapping
[ 2026-05-27 15:12:11,369] 174 root - INFO - Data transformation complete
[ 2026-05-27 15:12:11,369] 49 root - INFO - Started Regular Expression mapping
[ 2026-05-27 15:12:11,369] 174 root - INFO - Data transformation complete
[ 2026-05-27 15:12:11,369] 49 root - INFO - Started Regular Expression mapping
[ 2026-05-27 15:12:11,369] 174 root - INFO - Data transformation complete
[ 2026-05-27 15:12:11,370] 49 root - INFO - Started Regular Expression mapping
[ 2026-05-27 15:12:11,370] 174 root - INFO - Data transformation complete
[ 2026-05-27 15:12:11,370] 49 root - INFO - Started Regular Expression mapping
[ 2026-05-27 15:12:11,370] 174 root - INFO - Data transformation complete
[ 2026-05-27 15:12:11,370] 49 root - INFO - Started Regular Expression mapping
[ 2026-05-27 15:12:11,371] 174 root - INFO - Data transformation complete
[ 2026-05-27 15:12:11,371] 49 root - INFO - Started Regular Expression mapping
[ 2026-05-27 15:12:11,371] 25 root - INFO - Match heuristic business names to paybill payments
[ 2026-05-27 15:12:11,371] 174 root - INFO - Data transformation complete
[ 2026-05-27 15:12:11,371] 49 root - INFO - Started Regular Expression mapping
[ 2026-05-27 15:12:11,371] 174 root - INFO - Data transformation complete
[ 2026-05-27 15:12:11,372] 49 root - INFO - Started Regular Expression mapping
[ 2026-05-27 15:12:11,372] 174 root - INFO - Data transformation complete
[ 2026-05-27 15:12:11,372] 49 root - INFO - Started Regular Expression mapping
[ 2026-05-27 15:12:11,372] 25 root - INFO - Match heuristic business names to paybill payments
[ 2026-05-27 15:12:11,372] 174 root - INFO - Data transformation complete
[ 2026-05-27 15:12:11,373] 49 root - INFO - Started Regular Expression mapping
[ 2026-05-27 15:12:11,373] 174 root - INFO - Data transformation complete
[ 2026-05-27 15:12:11,373] 49 root - INFO - Started Regular Expression mapping
[ 2026-05-27 15:12:11,373] 174 root - INFO - Data transformation complete
[ 2026-05-27 15:12:11,373] 49 root - INFO - Started Regular Expression mapping
[ 2026-05-27 15:12:11,374] 174 root - INFO - Data transformation complete
[ 2026-05-27 15:12:11,374] 49 root - INFO - Started Regular Expression mapping
[ 2026-05-27 15:12:11,374] 174 root - INFO - Data transformation complete
[ 2026-05-27 15:12:11,374] 49 root - INFO - Started Regular Expression mapping
[ 2026-05-27 15:12:11,374] 174 root - INFO - Data transformation complete
[ 2026-05-27 15:12:11,375] 49 root - INFO - Started Regular Expression mapping
[ 2026-05-27 15:12:11,375] 174 root - INFO - Data transformation complete
[ 2026-05-27 15:12:11,375] 49 root - INFO - Started Regular Expression mapping
[ 2026-05-27 15:12:11,375] 174 root - INFO - Data transformation complete
[ 2026-05-27 15:12:11,375] 49 root - INFO - Started Regular Expression mapping
[ 2026-05-27 15:12:11,376] 174 root - INFO - Data transformation complete
[ 2026-05-27 15:12:11,376] 49 root - INFO - Started Regular Expression mapping
[ 2026-05-27 15:12:11,376] 174 root - INFO - Data transformation complete
[ 2026-05-27 15:12:11,376] 49 root - INFO - Started Regular Expression mapping
[ 2026-05-27 15:12:11,376] 174 root - INFO - Data transformation complete
[ 2026-05-27 15:12:11,377] 49 root - INFO - Started Regular Expression mapping
[ 2026-05-27 15:12:11,377] 174 root - INFO - Data transformation complete
[ 2026-05-27 15:12:11,377] 49 root - INFO - Started Regular Expression mapping
[ 2026-05-27 15:12:11,377] 174 root - INFO - Data transformation complete
[ 2026-05-27 15:12:11,377] 49 root - INFO - Started Regular Expression mapping
[ 2026-05-27 15:12:11,377] 174 root - INFO - Data transformation complete
[ 2026-05-27 15:12:11,378] 49 root - INFO - Started Regular Expression mapping
[ 2026-05-27 15:12:11,378] 174 root - INFO - Data transformation complete
[ 2026-05-27 15:12:11,378] 49 root - INFO - Started Regular Expression mapping
[ 2026-05-27 15:12:11,378] 174 root - INFO - Data transformation complete
[ 2026-05-27 15:12:11,378] 49 root - INFO - Started Regular Expression mapping
[ 2026-05-27 15:12:11,379] 174 root - INFO - Data transformation complete
[ 2026-05-27 15:12:11,379] 49 root - INFO - Started Regular Expression mapping
[ 2026-05-27 15:12:11,379] 174 root - INFO - Data transformation complete
[ 2026-05-27 15:12:11,379] 49 root - INFO - Started Regular Expression mapping
[ 2026-05-27 15:12:11,379] 174 root - INFO - Data transformation complete
[ 2026-05-27 15:12:11,379] 49 root - INFO - Started Regular Expression mapping
[ 2026-05-27 15:12:11,380] 174 root - INFO - Data transformation complete
[ 2026-05-27 15:12:11,380] 49 root - INFO - Started Regular Expression mapping
[ 2026-05-27 15:12:11,380] 174 root - INFO - Data transformation complete
[ 2026-05-27 15:12:11,380] 49 root - INFO - Started Regular Expression mapping
[ 2026-05-27 15:12:11,381] 174 root - INFO - Data transformation complete
[ 2026-05-27 15:12:11,381] 49 root - INFO - Started Regular Expression mapping
[ 2026-05-27 15:12:11,381] 174 root - INFO - Data transformation complete
[ 2026-05-27 15:12:11,381] 49 root - INFO - Started Regular Expression mapping
[ 2026-05-27 15:12:11,381] 174 root - INFO - Data transformation complete
[ 2026-05-27 15:12:11,382] 49 root - INFO - Started Regular Expression mapping
[ 2026-05-27 15:12:11,382] 174 root - INFO - Data transformation complete
[ 2026-05-27 15:12:11,382] 49 root - INFO - Started Regular Expression mapping
[ 2026-05-27 15:12:11,382] 174 root - INFO - Data transformation complete
[ 2026-05-27 15:12:11,383] 49 root - INFO - Started Regular Expression mapping
[ 2026-05-27 15:12:11,383] 174 root - INFO - Data transformation complete
[ 2026-05-27 15:12:11,383] 49 root - INFO - Started Regular Expression mapping
[ 2026-05-27 15:12:11,383] 174 root - INFO - Data transformation complete
[ 2026-05-27 15:12:11,383] 49 root - INFO - Started Regular Expression mapping
[ 2026-05-27 15:12:11,384] 174 root - INFO - Data transformation complete
[ 2026-05-27 15:12:11,384] 49 root - INFO - Started Regular Expression mapping
[ 2026-05-27 15:12:11,384] 25 root - INFO - Match heuristic business names to paybill payments
[ 2026-05-27 15:12:11,384] 174 root - INFO - Data transformation complete
[ 2026-05-27 15:12:11,384] 49 root - INFO - Started Regular Expression mapping
[ 2026-05-27 15:12:11,385] 174 root - INFO - Data transformation complete
[ 2026-05-27 15:12:11,385] 49 root - INFO - Started Regular Expression mapping
[ 2026-05-27 15:12:11,385] 174 root - INFO - Data transformation complete
[ 2026-05-27 15:12:11,385] 49 root - INFO - Started Regular Expression mapping
[ 2026-05-27 15:12:11,385] 174 root - INFO - Data transformation complete
[ 2026-05-27 15:12:11,385] 49 root - INFO - Started Regular Expression mapping
[ 2026-05-27 15:12:11,386] 174 root - INFO - Data transformation complete
[ 2026-05-27 15:12:11,386] 49 root - INFO - Started Regular Expression mapping
[ 2026-05-27 15:12:11,386] 174 root - INFO - Data transformation complete
[ 2026-05-27 15:12:11,386] 49 root - INFO - Started Regular Expression mapping
[ 2026-05-27 15:12:11,386] 174 root - INFO - Data transformation complete
[ 2026-05-27 15:12:11,386] 49 root - INFO - Started Regular Expression mapping
[ 2026-05-27 15:12:11,387] 174 root - INFO - Data transformation complete
[ 2026-05-27 15:12:11,387] 49 root - INFO - Started Regular Expression mapping
[ 2026-05-27 15:12:11,387] 174 root - INFO - Data transformation complete
[ 2026-05-27 15:12:11,387] 49 root - INFO - Started Regular Expression mapping
[ 2026-05-27 15:12:11,387] 174 root - INFO - Data transformation complete
[ 2026-05-27 15:12:11,387] 49 root - INFO - Started Regular Expression mapping
[ 2026-05-27 15:12:11,388] 174 root - INFO - Data transformation complete
[ 2026-05-27 15:12:11,388] 49 root - INFO - Started Regular Expression mapping
[ 2026-05-27 15:12:11,388] 174 root - INFO - Data transformation complete
[ 2026-05-27 15:12:11,388] 49 root - INFO - Started Regular Expression mapping
[ 2026-05-27 15:12:11,388] 174 root - INFO - Data transformation complete
[ 2026-05-27 15:12:11,388] 49 root - INFO - Started Regular Expression mapping
[ 2026-05-27 15:12:11,389] 174 root - INFO - Data transformation complete
[ 2026-05-27 15:12:11,389] 49 root - INFO - Started Regular Expression mapping
[ 2026-05-27 15:12:11,389] 174 root - INFO - Data transformation complete
[ 2026-05-27 15:12:11,389] 49 root - INFO - Started Regular Expression mapping
[ 2026-05-27 15:12:11,389] 174 root - INFO - Data transformation complete
[ 2026-05-27 15:12:11,389] 49 root - INFO - Started Regular Expression mapping
[ 2026-05-27 15:12:11,390] 174 root - INFO - Data transformation complete
[ 2026-05-27 15:12:11,390] 49 root - INFO - Started Regular Expression mapping
[ 2026-05-27 15:12:11,390] 174 root - INFO - Data transformation complete
[ 2026-05-27 15:12:11,390] 49 root - INFO - Started Regular Expression mapping
[ 2026-05-27 15:12:11,390] 174 root - INFO - Data transformation complete
[ 2026-05-27 15:12:11,390] 49 root - INFO - Started Regular Expression mapping
[ 2026-05-27 15:12:11,391] 174 root - INFO - Data transformation complete
[ 2026-05-27 15:12:11,391] 49 root - INFO - Started Regular Expression mapping
[ 2026-05-27 15:12:11,391] 174 root - INFO - Data transformation complete
[ 2026-05-27 15:12:11,391] 49 root - INFO - Started Regular Expression mapping
[ 2026-05-27 15:12:11,391] 174 root - INFO - Data transformation complete
[ 2026-05-27 15:12:11,391] 49 root - INFO - Started Regular Expression mapping
[ 2026-05-27 15:12:11,392] 174 root - INFO - Data transformation complete
[ 2026-05-27 15:12:11,392] 49 root - INFO - Started Regular Expression mapping
[ 2026-05-27 15:12:11,392] 174 root - INFO - Data transformation complete
[ 2026-05-27 15:12:11,392] 49 root - INFO - Started Regular Expression mapping
[ 2026-05-27 15:12:11,392] 174 root - INFO - Data transformation complete
[ 2026-05-27 15:12:11,392] 49 root - INFO - Started Regular Expression mapping
[ 2026-05-27 15:12:11,393] 174 root - INFO - Data transformation complete
[ 2026-05-27 15:12:11,393] 49 root - INFO - Started Regular Expression mapping
[ 2026-05-27 15:12:11,393] 174 root - INFO - Data transformation complete
[ 2026-05-27 15:12:11,393] 49 root - INFO - Started Regular Expression mapping
[ 2026-05-27 15:12:11,393] 174 root - INFO - Data transformation complete
[ 2026-05-27 15:12:11,393] 49 root - INFO - Started Regular Expression mapping
[ 2026-05-27 15:12:11,394] 174 root - INFO - Data transformation complete
[ 2026-05-27 15:12:11,394] 49 root - INFO - Started Regular Expression mapping
[ 2026-05-27 15:12:11,394] 174 root - INFO - Data transformation complete
[ 2026-05-27 15:12:11,394] 49 root - INFO - Started Regular Expression mapping
[ 2026-05-27 15:12:11,394] 174 root - INFO - Data transformation complete
[ 2026-05-27 15:12:11,394] 49 root - INFO - Started Regular Expression mapping
[ 2026-05-27 15:12:11,394] 174 root - INFO - Data transformation complete
[ 2026-05-27 15:12:11,395] 49 root - INFO - Started Regular Expression mapping
[ 2026-05-27 15:12:11,395] 174 root - INFO - Data transformation complete
[ 2026-05-27 15:12:11,395] 49 root - INFO - Started Regular Expression mapping
[ 2026-05-27 15:12:11,395] 174 root - INFO - Data transformation complete
[ 2026-05-27 15:12:11,395] 49 root - INFO - Started Regular Expression mapping
[ 2026-05-27 15:12:11,395] 174 root - INFO - Data transformation complete
[ 2026-05-27 15:12:11,396] 49 root - INFO - Started Regular Expression mapping
[ 2026-05-27 15:12:11,396] 174 root - INFO - Data transformation complete
[ 2026-05-27 15:12:11,396] 49 root - INFO - Started Regular Expression mapping
[ 2026-05-27 15:12:11,396] 174 root - INFO - Data transformation complete
[ 2026-05-27 15:12:11,396] 49 root - INFO - Started Regular Expression mapping
[ 2026-05-27 15:12:11,396] 174 root - INFO - Data transformation complete
[ 2026-05-27 15:12:11,396] 49 root - INFO - Started Regular Expression mapping
[ 2026-05-27 15:12:11,397] 174 root - INFO - Data transformation complete
[ 2026-05-27 15:12:11,397] 49 root - INFO - Started Regular Expression mapping
[ 2026-05-27 15:12:11,397] 174 root - INFO - Data transformation complete
[ 2026-05-27 15:12:11,397] 49 root - INFO - Started Regular Expression mapping
[ 2026-05-27 15:12:11,397] 174 root - INFO - Data transformation complete
[ 2026-05-27 15:12:11,397] 49 root - INFO - Started Regular Expression mapping
[ 2026-05-27 15:12:11,398] 174 root - INFO - Data transformation complete
[ 2026-05-27 15:12:11,398] 49 root - INFO - Started Regular Expression mapping
[ 2026-05-27 15:12:11,398] 174 root - INFO - Data transformation complete
[ 2026-05-27 15:12:11,398] 49 root - INFO - Started Regular Expression mapping
[ 2026-05-27 15:12:11,398] 174 root - INFO - Data transformation complete
[ 2026-05-27 15:12:11,398] 49 root - INFO - Started Regular Expression mapping
[ 2026-05-27 15:12:11,398] 174 root - INFO - Data transformation complete
[ 2026-05-27 15:12:11,399] 49 root - INFO - Started Regular Expression mapping
[ 2026-05-27 15:12:11,399] 174 root - INFO - Data transformation complete
[ 2026-05-27 15:12:11,399] 49 root - INFO - Started Regular Expression mapping
[ 2026-05-27 15:12:11,399] 174 root - INFO - Data transformation complete
[ 2026-05-27 15:12:11,399] 49 root - INFO - Started Regular Expression mapping
[ 2026-05-27 15:12:11,399] 174 root - INFO - Data transformation complete
[ 2026-05-27 15:12:11,399] 49 root - INFO - Started Regular Expression mapping
[ 2026-05-27 15:12:11,400] 174 root - INFO - Data transformation complete
[ 2026-05-27 15:12:11,400] 49 root - INFO - Started Regular Expression mapping
[ 2026-05-27 15:12:11,400] 174 root - INFO - Data transformation complete
[ 2026-05-27 15:12:11,400] 49 root - INFO - Started Regular Expression mapping
[ 2026-05-27 15:12:11,400] 174 root - INFO - Data transformation complete
[ 2026-05-27 15:12:11,400] 49 root - INFO - Started Regular Expression mapping
[ 2026-05-27 15:12:11,401] 174 root - INFO - Data transformation complete
[ 2026-05-27 15:12:11,401] 49 root - INFO - Started Regular Expression mapping
[ 2026-05-27 15:12:11,401] 174 root - INFO - Data transformation complete
[ 2026-05-27 15:12:11,401] 49 root - INFO - Started Regular Expression mapping
[ 2026-05-27 15:12:11,401] 174 root - INFO - Data transformation complete
[ 2026-05-27 15:12:11,401] 49 root - INFO - Started Regular Expression mapping
[ 2026-05-27 15:12:11,401] 174 root - INFO - Data transformation complete
[ 2026-05-27 15:12:11,402] 49 root - INFO - Started Regular Expression mapping
[ 2026-05-27 15:12:11,402] 174 root - INFO - Data transformation complete
[ 2026-05-27 15:12:11,402] 49 root - INFO - Started Regular Expression mapping
[ 2026-05-27 15:12:11,402] 174 root - INFO - Data transformation complete
[ 2026-05-27 15:12:11,402] 49 root - INFO - Started Regular Expression mapping
[ 2026-05-27 15:12:11,402] 174 root - INFO - Data transformation complete
[ 2026-05-27 15:12:11,403] 49 root - INFO - Started Regular Expression mapping
[ 2026-05-27 15:12:11,403] 174 root - INFO - Data transformation complete
[ 2026-05-27 15:12:11,403] 49 root - INFO - Started Regular Expression mapping
[ 2026-05-27 15:12:11,403] 174 root - INFO - Data transformation complete
[ 2026-05-27 15:12:11,403] 49 root - INFO - Started Regular Expression mapping
[ 2026-05-27 15:12:11,403] 174 root - INFO - Data transformation complete
[ 2026-05-27 15:12:11,404] 49 root - INFO - Started Regular Expression mapping
[ 2026-05-27 15:12:11,404] 174 root - INFO - Data transformation complete
[ 2026-05-27 15:12:11,404] 49 root - INFO - Started Regular Expression mapping
[ 2026-05-27 15:12:11,404] 174 root - INFO - Data transformation complete
[ 2026-05-27 15:12:11,404] 49 root - INFO - Started Regular Expression mapping
[ 2026-05-27 15:12:11,404] 174 root - INFO - Data transformation complete
[ 2026-05-27 15:12:11,404] 49 root - INFO - Started Regular Expression mapping
[ 2026-05-27 15:12:11,405] 174 root - INFO - Data transformation complete
[ 2026-05-27 15:12:11,405] 49 root - INFO - Started Regular Expression mapping
[ 2026-05-27 15:12:11,405] 174 root - INFO - Data transformation complete
[ 2026-05-27 15:12:11,405] 49 root - INFO - Started Regular Expression mapping
[ 2026-05-27 15:12:11,405] 174 root - INFO - Data transformation complete
[ 2026-05-27 15:12:11,405] 49 root - INFO - Started Regular Expression mapping
[ 2026-05-27 15:12:11,406] 174 root - INFO - Data transformation complete
[ 2026-05-27 15:12:11,406] 49 root - INFO - Started Regular Expression mapping
[ 2026-05-27 15:12:11,406] 174 root - INFO - Data transformation complete
[ 2026-05-27 15:12:11,406] 49 root - INFO - Started Regular Expression mapping
[ 2026-05-27 15:12:11,406] 174 root - INFO - Data transformation complete
[ 2026-05-27 15:12:11,406] 49 root - INFO - Started Regular Expression mapping
[ 2026-05-27 15:12:11,407] 174 root - INFO - Data transformation complete
[ 2026-05-27 15:12:11,407] 49 root - INFO - Started Regular Expression mapping
[ 2026-05-27 15:12:11,407] 174 root - INFO - Data transformation complete
[ 2026-05-27 15:12:11,407] 49 root - INFO - Started Regular Expression mapping
[ 2026-05-27 15:12:11,408] 174 root - INFO - Data transformation complete
[ 2026-05-27 15:12:11,408] 49 root - INFO - Started Regular Expression mapping
[ 2026-05-27 15:12:11,409] 174 root - INFO - Data transformation complete
[ 2026-05-27 15:12:11,409] 49 root - INFO - Started Regular Expression mapping
[ 2026-05-27 15:12:11,410] 174 root - INFO - Data transformation complete
[ 2026-05-27 15:12:11,410] 49 root - INFO - Started Regular Expression mapping
[ 2026-05-27 15:12:11,410] 25 root - INFO - Match heuristic business names to paybill payments
[ 2026-05-27 15:12:11,410] 174 root - INFO - Data transformation complete
[ 2026-05-27 15:12:11,410] 49 root - INFO - Started Regular Expression mapping
[ 2026-05-27 15:12:11,410] 174 root - INFO - Data transformation complete
[ 2026-05-27 15:12:11,410] 49 root - INFO - Started Regular Expression mapping
[ 2026-05-27 15:12:11,411] 174 root - INFO - Data transformation complete
[ 2026-05-27 15:12:11,411] 49 root - INFO - Started Regular Expression mapping
[ 2026-05-27 15:12:11,411] 174 root - INFO - Data transformation complete
[ 2026-05-27 15:12:11,411] 49 root - INFO - Started Regular Expression mapping
[ 2026-05-27 15:12:11,411] 174 root - INFO - Data transformation complete
[ 2026-05-27 15:12:11,411] 49 root - INFO - Started Regular Expression mapping
[ 2026-05-27 15:12:11,412] 174 root - INFO - Data transformation complete
[ 2026-05-27 15:12:11,412] 49 root - INFO - Started Regular Expression mapping
[ 2026-05-27 15:12:11,412] 174 root - INFO - Data transformation complete
[ 2026-05-27 15:12:11,412] 49 root - INFO - Started Regular Expression mapping
[ 2026-05-27 15:12:11,412] 174 root - INFO - Data transformation complete
[ 2026-05-27 15:12:11,413] 49 root - INFO - Started Regular Expression mapping
[ 2026-05-27 15:12:11,413] 174 root - INFO - Data transformation complete
[ 2026-05-27 15:12:11,413] 49 root - INFO - Started Regular Expression mapping
[ 2026-05-27 15:12:11,413] 174 root - INFO - Data transformation complete
[ 2026-05-27 15:12:11,413] 49 root - INFO - Started Regular Expression mapping
[ 2026-05-27 15:12:11,413] 174 root - INFO - Data transformation complete
[ 2026-05-27 15:12:11,414] 49 root - INFO - Started Regular Expression mapping
[ 2026-05-27 15:12:11,414] 174 root - INFO - Data transformation complete
[ 2026-05-27 15:12:11,414] 49 root - INFO - Started Regular Expression mapping
[ 2026-05-27 15:12:11,414] 174 root - INFO - Data transformation complete
[ 2026-05-27 15:12:11,414] 49 root - INFO - Started Regular Expression mapping
[ 2026-05-27 15:12:11,415] 174 root - INFO - Data transformation complete
[ 2026-05-27 15:12:11,415] 49 root - INFO - Started Regular Expression mapping
[ 2026-05-27 15:12:11,415] 174 root - INFO - Data transformation complete
[ 2026-05-27 15:12:11,415] 49 root - INFO - Started Regular Expression mapping
[ 2026-05-27 15:12:11,415] 174 root - INFO - Data transformation complete
[ 2026-05-27 15:12:11,415] 49 root - INFO - Started Regular Expression mapping
[ 2026-05-27 15:12:11,416] 174 root - INFO - Data transformation complete
[ 2026-05-27 15:12:11,416] 49 root - INFO - Started Regular Expression mapping
[ 2026-05-27 15:12:11,416] 25 root - INFO - Match heuristic business names to paybill payments
[ 2026-05-27 15:12:11,416] 174 root - INFO - Data transformation complete
[ 2026-05-27 15:12:11,416] 49 root - INFO - Started Regular Expression mapping
[ 2026-05-27 15:12:11,416] 25 root - INFO - Match heuristic business names to paybill payments
[ 2026-05-27 15:12:11,416] 174 root - INFO - Data transformation complete
[ 2026-05-27 15:12:11,417] 49 root - INFO - Started Regular Expression mapping
[ 2026-05-27 15:12:11,417] 174 root - INFO - Data transformation complete
[ 2026-05-27 15:12:11,417] 49 root - INFO - Started Regular Expression mapping
[ 2026-05-27 15:12:11,417] 174 root - INFO - Data transformation complete
[ 2026-05-27 15:12:11,417] 49 root - INFO - Started Regular Expression mapping
[ 2026-05-27 15:12:11,417] 174 root - INFO - Data transformation complete
[ 2026-05-27 15:12:11,417] 49 root - INFO - Started Regular Expression mapping
[ 2026-05-27 15:12:11,418] 174 root - INFO - Data transformation complete
[ 2026-05-27 15:12:11,418] 49 root - INFO - Started Regular Expression mapping
[ 2026-05-27 15:12:11,418] 174 root - INFO - Data transformation complete
[ 2026-05-27 15:12:11,418] 49 root - INFO - Started Regular Expression mapping
[ 2026-05-27 15:12:11,418] 174 root - INFO - Data transformation complete
[ 2026-05-27 15:12:11,418] 49 root - INFO - Started Regular Expression mapping
[ 2026-05-27 15:12:11,419] 25 root - INFO - Match heuristic business names to paybill payments
[ 2026-05-27 15:12:11,419] 174 root - INFO - Data transformation complete
[ 2026-05-27 15:12:11,419] 49 root - INFO - Started Regular Expression mapping
[ 2026-05-27 15:12:11,419] 174 root - INFO - Data transformation complete
[ 2026-05-27 15:12:11,419] 49 root - INFO - Started Regular Expression mapping
[ 2026-05-27 15:12:11,419] 174 root - INFO - Data transformation complete
[ 2026-05-27 15:12:11,419] 49 root - INFO - Started Regular Expression mapping
[ 2026-05-27 15:12:11,420] 174 root - INFO - Data transformation complete
[ 2026-05-27 15:12:11,420] 49 root - INFO - Started Regular Expression mapping
[ 2026-05-27 15:12:11,420] 174 root - INFO - Data transformation complete
[ 2026-05-27 15:12:11,420] 49 root - INFO - Started Regular Expression mapping
[ 2026-05-27 15:12:11,420] 174 root - INFO - Data transformation complete
[ 2026-05-27 15:12:11,420] 49 root - INFO - Started Regular Expression mapping
[ 2026-05-27 15:12:11,421] 174 root - INFO - Data transformation complete
[ 2026-05-27 15:12:11,421] 49 root - INFO - Started Regular Expression mapping
[ 2026-05-27 15:12:11,421] 174 root - INFO - Data transformation complete
[ 2026-05-27 15:12:11,421] 49 root - INFO - Started Regular Expression mapping
[ 2026-05-27 15:12:11,421] 174 root - INFO - Data transformation complete
[ 2026-05-27 15:12:11,421] 49 root - INFO - Started Regular Expression mapping
[ 2026-05-27 15:12:11,422] 174 root - INFO - Data transformation complete
[ 2026-05-27 15:12:11,422] 49 root - INFO - Started Regular Expression mapping
[ 2026-05-27 15:12:11,422] 174 root - INFO - Data transformation complete
[ 2026-05-27 15:12:11,422] 49 root - INFO - Started Regular Expression mapping
[ 2026-05-27 15:12:11,422] 174 root - INFO - Data transformation complete
[ 2026-05-27 15:12:11,422] 49 root - INFO - Started Regular Expression mapping
[ 2026-05-27 15:12:11,423] 174 root - INFO - Data transformation complete
[ 2026-05-27 15:12:11,423] 49 root - INFO - Started Regular Expression mapping
[ 2026-05-27 15:12:11,423] 174 root - INFO - Data transformation complete
[ 2026-05-27 15:12:11,423] 49 root - INFO - Started Regular Expression mapping
[ 2026-05-27 15:12:11,423] 174 root - INFO - Data transformation complete
[ 2026-05-27 15:12:11,423] 49 root - INFO - Started Regular Expression mapping
[ 2026-05-27 15:12:11,423] 174 root - INFO - Data transformation complete
[ 2026-05-27 15:12:11,424] 49 root - INFO - Started Regular Expression mapping
[ 2026-05-27 15:12:11,424] 174 root - INFO - Data transformation complete
[ 2026-05-27 15:12:11,424] 49 root - INFO - Started Regular Expression mapping
[ 2026-05-27 15:12:11,425] 174 root - INFO - Data transformation complete
[ 2026-05-27 15:12:11,425] 49 root - INFO - Started Regular Expression mapping
[ 2026-05-27 15:12:11,425] 174 root - INFO - Data transformation complete
[ 2026-05-27 15:12:11,425] 49 root - INFO - Started Regular Expression mapping
[ 2026-05-27 15:12:11,425] 174 root - INFO - Data transformation complete
[ 2026-05-27 15:12:11,426] 49 root - INFO - Started Regular Expression mapping
[ 2026-05-27 15:12:11,426] 174 root - INFO - Data transformation complete
[ 2026-05-27 15:12:11,426] 49 root - INFO - Started Regular Expression mapping
[ 2026-05-27 15:12:11,426] 174 root - INFO - Data transformation complete
[ 2026-05-27 15:12:11,426] 49 root - INFO - Started Regular Expression mapping
[ 2026-05-27 15:12:11,427] 174 root - INFO - Data transformation complete
[ 2026-05-27 15:12:11,427] 49 root - INFO - Started Regular Expression mapping
[ 2026-05-27 15:12:11,427] 174 root - INFO - Data transformation complete
[ 2026-05-27 15:12:11,427] 49 root - INFO - Started Regular Expression mapping
[ 2026-05-27 15:12:11,427] 174 root - INFO - Data transformation complete
[ 2026-05-27 15:12:11,427] 49 root - INFO - Started Regular Expression mapping
[ 2026-05-27 15:12:11,427] 174 root - INFO - Data transformation complete
[ 2026-05-27 15:12:11,428] 49 root - INFO - Started Regular Expression mapping
[ 2026-05-27 15:12:11,428] 174 root - INFO - Data transformation complete
[ 2026-05-27 15:12:11,428] 49 root - INFO - Started Regular Expression mapping
[ 2026-05-27 15:12:11,428] 174 root - INFO - Data transformation complete
[ 2026-05-27 15:12:11,428] 49 root - INFO - Started Regular Expression mapping
[ 2026-05-27 15:12:11,428] 174 root - INFO - Data transformation complete
[ 2026-05-27 15:12:11,428] 49 root - INFO - Started Regular Expression mapping
[ 2026-05-27 15:12:11,429] 174 root - INFO - Data transformation complete
[ 2026-05-27 15:12:11,429] 49 root - INFO - Started Regular Expression mapping
[ 2026-05-27 15:12:11,429] 174 root - INFO - Data transformation complete
[ 2026-05-27 15:12:11,429] 49 root - INFO - Started Regular Expression mapping
[ 2026-05-27 15:12:11,429] 174 root - INFO - Data transformation complete
[ 2026-05-27 15:12:11,429] 49 root - INFO - Started Regular Expression mapping
[ 2026-05-27 15:12:11,430] 174 root - INFO - Data transformation complete
[ 2026-05-27 15:12:11,430] 49 root - INFO - Started Regular Expression mapping
[ 2026-05-27 15:12:11,430] 174 root - INFO - Data transformation complete
[ 2026-05-27 15:12:11,430] 49 root - INFO - Started Regular Expression mapping
[ 2026-05-27 15:12:11,430] 25 root - INFO - Match heuristic business names to paybill payments
[ 2026-05-27 15:12:11,430] 174 root - INFO - Data transformation complete
[ 2026-05-27 15:12:11,430] 49 root - INFO - Started Regular Expression mapping
[ 2026-05-27 15:12:11,431] 174 root - INFO - Data transformation complete
[ 2026-05-27 15:12:11,431] 49 root - INFO - Started Regular Expression mapping
[ 2026-05-27 15:12:11,431] 174 root - INFO - Data transformation complete
[ 2026-05-27 15:12:11,431] 49 root - INFO - Started Regular Expression mapping
[ 2026-05-27 15:12:11,431] 174 root - INFO - Data transformation complete
[ 2026-05-27 15:12:11,431] 49 root - INFO - Started Regular Expression mapping
[ 2026-05-27 15:12:11,432] 174 root - INFO - Data transformation complete
[ 2026-05-27 15:12:11,432] 49 root - INFO - Started Regular Expression mapping
[ 2026-05-27 15:12:11,432] 174 root - INFO - Data transformation complete
[ 2026-05-27 15:12:11,432] 49 root - INFO - Started Regular Expression mapping
[ 2026-05-27 15:12:11,432] 174 root - INFO - Data transformation complete
[ 2026-05-27 15:12:11,432] 49 root - INFO - Started Regular Expression mapping
[ 2026-05-27 15:12:11,433] 174 root - INFO - Data transformation complete
[ 2026-05-27 15:12:11,433] 49 root - INFO - Started Regular Expression mapping
[ 2026-05-27 15:12:11,433] 174 root - INFO - Data transformation complete
[ 2026-05-27 15:12:11,433] 49 root - INFO - Started Regular Expression mapping
[ 2026-05-27 15:12:11,433] 174 root - INFO - Data transformation complete
[ 2026-05-27 15:12:11,433] 49 root - INFO - Started Regular Expression mapping
[ 2026-05-27 15:12:11,434] 174 root - INFO - Data transformation complete
[ 2026-05-27 15:12:11,434] 49 root - INFO - Started Regular Expression mapping
[ 2026-05-27 15:12:11,434] 25 root - INFO - Match heuristic business names to paybill payments
[ 2026-05-27 15:12:11,434] 174 root - INFO - Data transformation complete
[ 2026-05-27 15:12:11,434] 49 root - INFO - Started Regular Expression mapping
[ 2026-05-27 15:12:11,434] 174 root - INFO - Data transformation complete
[ 2026-05-27 15:12:11,434] 49 root - INFO - Started Regular Expression mapping
[ 2026-05-27 15:12:11,435] 174 root - INFO - Data transformation complete
[ 2026-05-27 15:12:11,435] 49 root - INFO - Started Regular Expression mapping
[ 2026-05-27 15:12:11,435] 174 root - INFO - Data transformation complete
[ 2026-05-27 15:12:11,435] 49 root - INFO - Started Regular Expression mapping
[ 2026-05-27 15:12:11,435] 174 root - INFO - Data transformation complete
[ 2026-05-27 15:12:11,435] 49 root - INFO - Started Regular Expression mapping
[ 2026-05-27 15:12:11,435] 174 root - INFO - Data transformation complete
[ 2026-05-27 15:12:11,436] 49 root - INFO - Started Regular Expression mapping
[ 2026-05-27 15:12:11,436] 174 root - INFO - Data transformation complete
[ 2026-05-27 15:12:11,436] 49 root - INFO - Started Regular Expression mapping
[ 2026-05-27 15:12:11,436] 174 root - INFO - Data transformation complete
[ 2026-05-27 15:12:11,436] 49 root - INFO - Started Regular Expression mapping
[ 2026-05-27 15:12:11,436] 174 root - INFO - Data transformation complete
[ 2026-05-27 15:12:11,437] 49 root - INFO - Started Regular Expression mapping
[ 2026-05-27 15:12:11,437] 174 root - INFO - Data transformation complete
[ 2026-05-27 15:12:11,437] 49 root - INFO - Started Regular Expression mapping
[ 2026-05-27 15:12:11,437] 174 root - INFO - Data transformation complete
[ 2026-05-27 15:12:11,437] 49 root - INFO - Started Regular Expression mapping
[ 2026-05-27 15:12:11,437] 174 root - INFO - Data transformation complete
[ 2026-05-27 15:12:11,437] 49 root - INFO - Started Regular Expression mapping
[ 2026-05-27 15:12:11,438] 174 root - INFO - Data transformation complete
[ 2026-05-27 15:12:11,438] 49 root - INFO - Started Regular Expression mapping
[ 2026-05-27 15:12:11,438] 174 root - INFO - Data transformation complete
[ 2026-05-27 15:12:11,438] 49 root - INFO - Started Regular Expression mapping
[ 2026-05-27 15:12:11,438] 174 root - INFO - Data transformation complete
[ 2026-05-27 15:12:11,438] 49 root - INFO - Started Regular Expression mapping
[ 2026-05-27 15:12:11,439] 174 root - INFO - Data transformation complete
[ 2026-05-27 15:12:11,439] 49 root - INFO - Started Regular Expression mapping
[ 2026-05-27 15:12:11,439] 174 root - INFO - Data transformation complete
[ 2026-05-27 15:12:11,439] 49 root - INFO - Started Regular Expression mapping
[ 2026-05-27 15:12:11,439] 174 root - INFO - Data transformation complete
[ 2026-05-27 15:12:11,439] 49 root - INFO - Started Regular Expression mapping
[ 2026-05-27 15:12:11,440] 25 root - INFO - Match heuristic business names to paybill payments
[ 2026-05-27 15:12:11,440] 174 root - INFO - Data transformation complete
[ 2026-05-27 15:12:11,440] 49 root - INFO - Started Regular Expression mapping
[ 2026-05-27 15:12:11,440] 174 root - INFO - Data transformation complete
[ 2026-05-27 15:12:11,440] 49 root - INFO - Started Regular Expression mapping
[ 2026-05-27 15:12:11,441] 174 root - INFO - Data transformation complete
[ 2026-05-27 15:12:11,441] 49 root - INFO - Started Regular Expression mapping
[ 2026-05-27 15:12:11,441] 174 root - INFO - Data transformation complete
[ 2026-05-27 15:12:11,441] 49 root - INFO - Started Regular Expression mapping
[ 2026-05-27 15:12:11,442] 174 root - INFO - Data transformation complete
[ 2026-05-27 15:12:11,442] 49 root - INFO - Started Regular Expression mapping
[ 2026-05-27 15:12:11,442] 174 root - INFO - Data transformation complete
[ 2026-05-27 15:12:11,442] 49 root - INFO - Started Regular Expression mapping
[ 2026-05-27 15:12:11,443] 174 root - INFO - Data transformation complete
[ 2026-05-27 15:12:11,443] 49 root - INFO - Started Regular Expression mapping
[ 2026-05-27 15:12:11,443] 174 root - INFO - Data transformation complete
[ 2026-05-27 15:12:11,443] 49 root - INFO - Started Regular Expression mapping
[ 2026-05-27 15:12:11,443] 174 root - INFO - Data transformation complete
[ 2026-05-27 15:12:11,443] 49 root - INFO - Started Regular Expression mapping
[ 2026-05-27 15:12:11,444] 174 root - INFO - Data transformation complete
[ 2026-05-27 15:12:11,444] 49 root - INFO - Started Regular Expression mapping
[ 2026-05-27 15:12:11,444] 174 root - INFO - Data transformation complete
[ 2026-05-27 15:12:11,444] 49 root - INFO - Started Regular Expression mapping
[ 2026-05-27 15:12:11,444] 174 root - INFO - Data transformation complete
[ 2026-05-27 15:12:11,444] 49 root - INFO - Started Regular Expression mapping
[ 2026-05-27 15:12:11,445] 25 root - INFO - Match heuristic business names to paybill payments
[ 2026-05-27 15:12:11,445] 174 root - INFO - Data transformation complete
[ 2026-05-27 15:12:11,445] 49 root - INFO - Started Regular Expression mapping
[ 2026-05-27 15:12:11,445] 25 root - INFO - Match heuristic business names to paybill payments
[ 2026-05-27 15:12:11,445] 174 root - INFO - Data transformation complete
[ 2026-05-27 15:12:11,445] 49 root - INFO - Started Regular Expression mapping
[ 2026-05-27 15:12:11,446] 174 root - INFO - Data transformation complete
[ 2026-05-27 15:12:11,446] 49 root - INFO - Started Regular Expression mapping
[ 2026-05-27 15:12:11,446] 174 root - INFO - Data transformation complete
[ 2026-05-27 15:12:11,446] 49 root - INFO - Started Regular Expression mapping
[ 2026-05-27 15:12:11,446] 174 root - INFO - Data transformation complete
[ 2026-05-27 15:12:11,446] 49 root - INFO - Started Regular Expression mapping
[ 2026-05-27 15:12:11,446] 174 root - INFO - Data transformation complete
[ 2026-05-27 15:12:11,447] 49 root - INFO - Started Regular Expression mapping
[ 2026-05-27 15:12:11,447] 174 root - INFO - Data transformation complete
[ 2026-05-27 15:12:11,447] 49 root - INFO - Started Regular Expression mapping
[ 2026-05-27 15:12:11,447] 174 root - INFO - Data transformation complete
[ 2026-05-27 15:12:11,447] 49 root - INFO - Started Regular Expression mapping
[ 2026-05-27 15:12:11,447] 174 root - INFO - Data transformation complete
[ 2026-05-27 15:12:11,448] 49 root - INFO - Started Regular Expression mapping
[ 2026-05-27 15:12:11,448] 25 root - INFO - Match heuristic business names to paybill payments
[ 2026-05-27 15:12:11,448] 174 root - INFO - Data transformation complete
[ 2026-05-27 15:12:11,448] 49 root - INFO - Started Regular Expression mapping
[ 2026-05-27 15:12:11,448] 174 root - INFO - Data transformation complete
[ 2026-05-27 15:12:11,448] 49 root - INFO - Started Regular Expression mapping
[ 2026-05-27 15:12:11,449] 174 root - INFO - Data transformation complete
[ 2026-05-27 15:12:11,449] 49 root - INFO - Started Regular Expression mapping
[ 2026-05-27 15:12:11,449] 174 root - INFO - Data transformation complete
[ 2026-05-27 15:12:11,449] 49 root - INFO - Started Regular Expression mapping
[ 2026-05-27 15:12:11,449] 174 root - INFO - Data transformation complete
[ 2026-05-27 15:12:11,449] 49 root - INFO - Started Regular Expression mapping
[ 2026-05-27 15:12:11,449] 174 root - INFO - Data transformation complete
[ 2026-05-27 15:12:11,450] 49 root - INFO - Started Regular Expression mapping
[ 2026-05-27 15:12:11,450] 174 root - INFO - Data transformation complete
[ 2026-05-27 15:12:11,450] 49 root - INFO - Started Regular Expression mapping
[ 2026-05-27 15:12:11,450] 174 root - INFO - Data transformation complete
[ 2026-05-27 15:12:11,450] 49 root - INFO - Started Regular Expression mapping
[ 2026-05-27 15:12:11,450] 174 root - INFO - Data transformation complete
[ 2026-05-27 15:12:11,450] 49 root - INFO - Started Regular Expression mapping
[ 2026-05-27 15:12:11,451] 174 root - INFO - Data transformation complete
[ 2026-05-27 15:12:11,451] 49 root - INFO - Started Regular Expression mapping
[ 2026-05-27 15:12:11,451] 174 root - INFO - Data transformation complete
[ 2026-05-27 15:12:11,451] 49 root - INFO - Started Regular Expression mapping
[ 2026-05-27 15:12:11,451] 174 root - INFO - Data transformation complete
[ 2026-05-27 15:12:11,451] 49 root - INFO - Started Regular Expression mapping
[ 2026-05-27 15:12:11,452] 174 root - INFO - Data transformation complete
[ 2026-05-27 15:12:11,452] 49 root - INFO - Started Regular Expression mapping
[ 2026-05-27 15:12:11,452] 174 root - INFO - Data transformation complete
[ 2026-05-27 15:12:11,452] 49 root - INFO - Started Regular Expression mapping
[ 2026-05-27 15:12:11,452] 174 root - INFO - Data transformation complete
[ 2026-05-27 15:12:11,452] 49 root - INFO - Started Regular Expression mapping
[ 2026-05-27 15:12:11,452] 174 root - INFO - Data transformation complete
[ 2026-05-27 15:12:11,453] 49 root - INFO - Started Regular Expression mapping
[ 2026-05-27 15:12:11,453] 174 root - INFO - Data transformation complete
[ 2026-05-27 15:12:11,453] 49 root - INFO - Started Regular Expression mapping
[ 2026-05-27 15:12:11,453] 174 root - INFO - Data transformation complete
[ 2026-05-27 15:12:11,453] 49 root - INFO - Started Regular Expression mapping
[ 2026-05-27 15:12:11,453] 174 root - INFO - Data transformation complete
[ 2026-05-27 15:12:11,454] 49 root - INFO - Started Regular Expression mapping
[ 2026-05-27 15:12:11,454] 174 root - INFO - Data transformation complete
[ 2026-05-27 15:12:11,454] 49 root - INFO - Started Regular Expression mapping
[ 2026-05-27 15:12:11,454] 25 root - INFO - Match heuristic business names to paybill payments
[ 2026-05-27 15:12:11,454] 174 root - INFO - Data transformation complete
[ 2026-05-27 15:12:11,454] 49 root - INFO - Started Regular Expression mapping
[ 2026-05-27 15:12:11,454] 174 root - INFO - Data transformation complete
[ 2026-05-27 15:12:11,455] 49 root - INFO - Started Regular Expression mapping
[ 2026-05-27 15:12:11,455] 174 root - INFO - Data transformation complete
[ 2026-05-27 15:12:11,455] 49 root - INFO - Started Regular Expression mapping
[ 2026-05-27 15:12:11,455] 174 root - INFO - Data transformation complete
[ 2026-05-27 15:12:11,455] 49 root - INFO - Started Regular Expression mapping
[ 2026-05-27 15:12:11,455] 174 root - INFO - Data transformation complete
[ 2026-05-27 15:12:11,455] 49 root - INFO - Started Regular Expression mapping
[ 2026-05-27 15:12:11,456] 174 root - INFO - Data transformation complete
[ 2026-05-27 15:12:11,456] 49 root - INFO - Started Regular Expression mapping
[ 2026-05-27 15:12:11,456] 174 root - INFO - Data transformation complete
[ 2026-05-27 15:12:11,456] 49 root - INFO - Started Regular Expression mapping
[ 2026-05-27 15:12:11,456] 174 root - INFO - Data transformation complete
[ 2026-05-27 15:12:11,456] 49 root - INFO - Started Regular Expression mapping
[ 2026-05-27 15:12:11,457] 174 root - INFO - Data transformation complete
[ 2026-05-27 15:12:11,457] 49 root - INFO - Started Regular Expression mapping
[ 2026-05-27 15:12:11,457] 174 root - INFO - Data transformation complete
[ 2026-05-27 15:12:11,457] 49 root - INFO - Started Regular Expression mapping
[ 2026-05-27 15:12:11,458] 25 root - INFO - Match heuristic business names to paybill payments
[ 2026-05-27 15:12:11,458] 174 root - INFO - Data transformation complete
[ 2026-05-27 15:12:11,458] 49 root - INFO - Started Regular Expression mapping
[ 2026-05-27 15:12:11,458] 174 root - INFO - Data transformation complete
[ 2026-05-27 15:12:11,458] 49 root - INFO - Started Regular Expression mapping
[ 2026-05-27 15:12:11,459] 174 root - INFO - Data transformation complete
[ 2026-05-27 15:12:11,459] 49 root - INFO - Started Regular Expression mapping
[ 2026-05-27 15:12:11,459] 174 root - INFO - Data transformation complete
[ 2026-05-27 15:12:11,459] 49 root - INFO - Started Regular Expression mapping
[ 2026-05-27 15:12:11,459] 174 root - INFO - Data transformation complete
[ 2026-05-27 15:12:11,459] 49 root - INFO - Started Regular Expression mapping
[ 2026-05-27 15:12:11,460] 174 root - INFO - Data transformation complete
[ 2026-05-27 15:12:11,460] 49 root - INFO - Started Regular Expression mapping
[ 2026-05-27 15:12:11,460] 174 root - INFO - Data transformation complete
[ 2026-05-27 15:12:11,460] 49 root - INFO - Started Regular Expression mapping
[ 2026-05-27 15:12:11,460] 174 root - INFO - Data transformation complete
[ 2026-05-27 15:12:11,460] 49 root - INFO - Started Regular Expression mapping
[ 2026-05-27 15:12:11,461] 174 root - INFO - Data transformation complete
[ 2026-05-27 15:12:11,461] 49 root - INFO - Started Regular Expression mapping
[ 2026-05-27 15:12:11,461] 25 root - INFO - Match heuristic business names to paybill payments
[ 2026-05-27 15:12:11,461] 174 root - INFO - Data transformation complete
[ 2026-05-27 15:12:11,461] 49 root - INFO - Started Regular Expression mapping
[ 2026-05-27 15:12:11,461] 25 root - INFO - Match heuristic business names to paybill payments
[ 2026-05-27 15:12:11,462] 174 root - INFO - Data transformation complete
[ 2026-05-27 15:12:11,462] 49 root - INFO - Started Regular Expression mapping
[ 2026-05-27 15:12:11,462] 174 root - INFO - Data transformation complete
[ 2026-05-27 15:12:11,462] 49 root - INFO - Started Regular Expression mapping
[ 2026-05-27 15:12:11,462] 25 root - INFO - Match heuristic business names to paybill payments
[ 2026-05-27 15:12:11,462] 174 root - INFO - Data transformation complete
[ 2026-05-27 15:12:11,462] 49 root - INFO - Started Regular Expression mapping
[ 2026-05-27 15:12:11,463] 174 root - INFO - Data transformation complete
[ 2026-05-27 15:12:11,463] 49 root - INFO - Started Regular Expression mapping
[ 2026-05-27 15:12:11,463] 174 root - INFO - Data transformation complete
[ 2026-05-27 15:12:11,463] 49 root - INFO - Started Regular Expression mapping
[ 2026-05-27 15:12:11,463] 174 root - INFO - Data transformation complete
[ 2026-05-27 15:12:11,463] 49 root - INFO - Started Regular Expression mapping
[ 2026-05-27 15:12:11,464] 174 root - INFO - Data transformation complete
[ 2026-05-27 15:12:11,464] 49 root - INFO - Started Regular Expression mapping
[ 2026-05-27 15:12:11,464] 174 root - INFO - Data transformation complete
[ 2026-05-27 15:12:11,464] 49 root - INFO - Started Regular Expression mapping
[ 2026-05-27 15:12:11,464] 174 root - INFO - Data transformation complete
[ 2026-05-27 15:12:11,464] 49 root - INFO - Started Regular Expression mapping
[ 2026-05-27 15:12:11,464] 174 root - INFO - Data transformation complete
[ 2026-05-27 15:12:11,465] 49 root - INFO - Started Regular Expression mapping
[ 2026-05-27 15:12:11,465] 174 root - INFO - Data transformation complete
[ 2026-05-27 15:12:11,465] 49 root - INFO - Started Regular Expression mapping
[ 2026-05-27 15:12:11,465] 174 root - INFO - Data transformation complete
[ 2026-05-27 15:12:11,465] 49 root - INFO - Started Regular Expression mapping
[ 2026-05-27 15:12:11,465] 174 root - INFO - Data transformation complete
[ 2026-05-27 15:12:11,465] 49 root - INFO - Started Regular Expression mapping
[ 2026-05-27 15:12:11,466] 174 root - INFO - Data transformation complete
[ 2026-05-27 15:12:11,466] 49 root - INFO - Started Regular Expression mapping
[ 2026-05-27 15:12:11,466] 174 root - INFO - Data transformation complete
[ 2026-05-27 15:12:11,466] 49 root - INFO - Started Regular Expression mapping
[ 2026-05-27 15:12:11,466] 25 root - INFO - Match heuristic business names to paybill payments
[ 2026-05-27 15:12:11,466] 174 root - INFO - Data transformation complete
[ 2026-05-27 15:12:11,467] 49 root - INFO - Started Regular Expression mapping
[ 2026-05-27 15:12:11,467] 174 root - INFO - Data transformation complete
[ 2026-05-27 15:12:11,467] 49 root - INFO - Started Regular Expression mapping
[ 2026-05-27 15:12:11,467] 174 root - INFO - Data transformation complete
[ 2026-05-27 15:12:11,467] 49 root - INFO - Started Regular Expression mapping
[ 2026-05-27 15:12:11,467] 174 root - INFO - Data transformation complete
[ 2026-05-27 15:12:11,467] 49 root - INFO - Started Regular Expression mapping
[ 2026-05-27 15:12:11,468] 174 root - INFO - Data transformation complete
[ 2026-05-27 15:12:11,468] 49 root - INFO - Started Regular Expression mapping
[ 2026-05-27 15:12:11,468] 174 root - INFO - Data transformation complete
[ 2026-05-27 15:12:11,468] 49 root - INFO - Started Regular Expression mapping
[ 2026-05-27 15:12:11,468] 174 root - INFO - Data transformation complete
[ 2026-05-27 15:12:11,468] 49 root - INFO - Started Regular Expression mapping
[ 2026-05-27 15:12:11,469] 174 root - INFO - Data transformation complete
[ 2026-05-27 15:12:11,469] 49 root - INFO - Started Regular Expression mapping
[ 2026-05-27 15:12:11,469] 174 root - INFO - Data transformation complete
[ 2026-05-27 15:12:11,469] 49 root - INFO - Started Regular Expression mapping
[ 2026-05-27 15:12:11,469] 174 root - INFO - Data transformation complete
[ 2026-05-27 15:12:11,469] 49 root - INFO - Started Regular Expression mapping
[ 2026-05-27 15:12:11,469] 174 root - INFO - Data transformation complete
[ 2026-05-27 15:12:11,470] 49 root - INFO - Started Regular Expression mapping
[ 2026-05-27 15:12:11,470] 174 root - INFO - Data transformation complete
[ 2026-05-27 15:12:11,470] 49 root - INFO - Started Regular Expression mapping
[ 2026-05-27 15:12:11,470] 174 root - INFO - Data transformation complete
[ 2026-05-27 15:12:11,470] 49 root - INFO - Started Regular Expression mapping
[ 2026-05-27 15:12:11,470] 174 root - INFO - Data transformation complete
[ 2026-05-27 15:12:11,470] 49 root - INFO - Started Regular Expression mapping
[ 2026-05-27 15:12:11,471] 174 root - INFO - Data transformation complete
[ 2026-05-27 15:12:11,471] 49 root - INFO - Started Regular Expression mapping
[ 2026-05-27 15:12:11,471] 174 root - INFO - Data transformation complete
[ 2026-05-27 15:12:11,471] 49 root - INFO - Started Regular Expression mapping
[ 2026-05-27 15:12:11,471] 25 root - INFO - Match heuristic business names to paybill payments
[ 2026-05-27 15:12:11,471] 174 root - INFO - Data transformation complete
[ 2026-05-27 15:12:11,472] 49 root - INFO - Started Regular Expression mapping
[ 2026-05-27 15:12:11,472] 174 root - INFO - Data transformation complete
[ 2026-05-27 15:12:11,472] 49 root - INFO - Started Regular Expression mapping
[ 2026-05-27 15:12:11,472] 25 root - INFO - Match heuristic business names to paybill payments
[ 2026-05-27 15:12:11,472] 174 root - INFO - Data transformation complete
[ 2026-05-27 15:12:11,472] 49 root - INFO - Started Regular Expression mapping
[ 2026-05-27 15:12:11,472] 174 root - INFO - Data transformation complete
[ 2026-05-27 15:12:11,473] 49 root - INFO - Started Regular Expression mapping
[ 2026-05-27 15:12:11,473] 174 root - INFO - Data transformation complete
[ 2026-05-27 15:12:11,473] 49 root - INFO - Started Regular Expression mapping
[ 2026-05-27 15:12:11,473] 174 root - INFO - Data transformation complete
[ 2026-05-27 15:12:11,473] 49 root - INFO - Started Regular Expression mapping
[ 2026-05-27 15:12:11,474] 174 root - INFO - Data transformation complete
[ 2026-05-27 15:12:11,474] 49 root - INFO - Started Regular Expression mapping
[ 2026-05-27 15:12:11,474] 174 root - INFO - Data transformation complete
[ 2026-05-27 15:12:11,474] 49 root - INFO - Started Regular Expression mapping
[ 2026-05-27 15:12:11,475] 174 root - INFO - Data transformation complete
[ 2026-05-27 15:12:11,475] 49 root - INFO - Started Regular Expression mapping
[ 2026-05-27 15:12:11,475] 174 root - INFO - Data transformation complete
[ 2026-05-27 15:12:11,475] 49 root - INFO - Started Regular Expression mapping
[ 2026-05-27 15:12:11,476] 174 root - INFO - Data transformation complete
[ 2026-05-27 15:12:11,476] 49 root - INFO - Started Regular Expression mapping
[ 2026-05-27 15:12:11,476] 174 root - INFO - Data transformation complete
[ 2026-05-27 15:12:11,476] 49 root - INFO - Started Regular Expression mapping
[ 2026-05-27 15:12:11,476] 174 root - INFO - Data transformation complete
[ 2026-05-27 15:12:11,477] 49 root - INFO - Started Regular Expression mapping
[ 2026-05-27 15:12:11,477] 25 root - INFO - Match heuristic business names to paybill payments
[ 2026-05-27 15:12:11,477] 174 root - INFO - Data transformation complete
[ 2026-05-27 15:12:11,477] 49 root - INFO - Started Regular Expression mapping
[ 2026-05-27 15:12:11,477] 174 root - INFO - Data transformation complete
[ 2026-05-27 15:12:11,477] 49 root - INFO - Started Regular Expression mapping
[ 2026-05-27 15:12:11,477] 174 root - INFO - Data transformation complete
[ 2026-05-27 15:12:11,477] 49 root - INFO - Started Regular Expression mapping
[ 2026-05-27 15:12:11,477] 174 root - INFO - Data transformation complete
[ 2026-05-27 15:12:11,477] 49 root - INFO - Started Regular Expression mapping
[ 2026-05-27 15:12:11,478] 174 root - INFO - Data transformation complete
[ 2026-05-27 15:12:11,478] 49 root - INFO - Started Regular Expression mapping
[ 2026-05-27 15:12:11,478] 174 root - INFO - Data transformation complete
[ 2026-05-27 15:12:11,478] 49 root - INFO - Started Regular Expression mapping
[ 2026-05-27 15:12:11,478] 174 root - INFO - Data transformation complete
[ 2026-05-27 15:12:11,478] 49 root - INFO - Started Regular Expression mapping
[ 2026-05-27 15:12:11,479] 174 root - INFO - Data transformation complete
[ 2026-05-27 15:12:11,479] 49 root - INFO - Started Regular Expression mapping
[ 2026-05-27 15:12:11,479] 174 root - INFO - Data transformation complete
[ 2026-05-27 15:12:11,479] 49 root - INFO - Started Regular Expression mapping
[ 2026-05-27 15:12:11,479] 174 root - INFO - Data transformation complete
[ 2026-05-27 15:12:11,479] 49 root - INFO - Started Regular Expression mapping
[ 2026-05-27 15:12:11,479] 174 root - INFO - Data transformation complete
[ 2026-05-27 15:12:11,480] 49 root - INFO - Started Regular Expression mapping
[ 2026-05-27 15:12:11,480] 174 root - INFO - Data transformation complete
[ 2026-05-27 15:12:11,480] 49 root - INFO - Started Regular Expression mapping
[ 2026-05-27 15:12:11,480] 174 root - INFO - Data transformation complete
[ 2026-05-27 15:12:11,480] 49 root - INFO - Started Regular Expression mapping
[ 2026-05-27 15:12:11,480] 174 root - INFO - Data transformation complete
[ 2026-05-27 15:12:11,481] 49 root - INFO - Started Regular Expression mapping
[ 2026-05-27 15:12:11,481] 174 root - INFO - Data transformation complete
[ 2026-05-27 15:12:11,481] 49 root - INFO - Started Regular Expression mapping
[ 2026-05-27 15:12:11,481] 174 root - INFO - Data transformation complete
[ 2026-05-27 15:12:11,481] 49 root - INFO - Started Regular Expression mapping
[ 2026-05-27 15:12:11,481] 25 root - INFO - Match heuristic business names to paybill payments
[ 2026-05-27 15:12:11,481] 174 root - INFO - Data transformation complete
[ 2026-05-27 15:12:11,482] 49 root - INFO - Started Regular Expression mapping
[ 2026-05-27 15:12:11,482] 174 root - INFO - Data transformation complete
[ 2026-05-27 15:12:11,482] 49 root - INFO - Started Regular Expression mapping
[ 2026-05-27 15:12:11,482] 174 root - INFO - Data transformation complete
[ 2026-05-27 15:12:11,482] 49 root - INFO - Started Regular Expression mapping
[ 2026-05-27 15:12:11,482] 174 root - INFO - Data transformation complete
[ 2026-05-27 15:12:11,483] 49 root - INFO - Started Regular Expression mapping
[ 2026-05-27 15:12:11,483] 174 root - INFO - Data transformation complete
[ 2026-05-27 15:12:11,483] 49 root - INFO - Started Regular Expression mapping
[ 2026-05-27 15:12:11,483] 174 root - INFO - Data transformation complete
[ 2026-05-27 15:12:11,483] 49 root - INFO - Started Regular Expression mapping
[ 2026-05-27 15:12:11,483] 174 root - INFO - Data transformation complete
[ 2026-05-27 15:12:11,483] 49 root - INFO - Started Regular Expression mapping
[ 2026-05-27 15:12:11,484] 174 root - INFO - Data transformation complete
[ 2026-05-27 15:12:11,484] 49 root - INFO - Started Regular Expression mapping
[ 2026-05-27 15:12:11,484] 174 root - INFO - Data transformation complete
[ 2026-05-27 15:12:11,484] 49 root - INFO - Started Regular Expression mapping
[ 2026-05-27 15:12:11,484] 174 root - INFO - Data transformation complete
[ 2026-05-27 15:12:11,484] 49 root - INFO - Started Regular Expression mapping
[ 2026-05-27 15:12:11,485] 174 root - INFO - Data transformation complete
[ 2026-05-27 15:12:11,485] 49 root - INFO - Started Regular Expression mapping
[ 2026-05-27 15:12:11,485] 174 root - INFO - Data transformation complete
[ 2026-05-27 15:12:11,485] 49 root - INFO - Started Regular Expression mapping
[ 2026-05-27 15:12:11,485] 174 root - INFO - Data transformation complete
[ 2026-05-27 15:12:11,485] 49 root - INFO - Started Regular Expression mapping
[ 2026-05-27 15:12:11,485] 174 root - INFO - Data transformation complete
[ 2026-05-27 15:12:11,486] 49 root - INFO - Started Regular Expression mapping
[ 2026-05-27 15:12:11,486] 174 root - INFO - Data transformation complete
[ 2026-05-27 15:12:11,486] 49 root - INFO - Started Regular Expression mapping
[ 2026-05-27 15:12:11,486] 174 root - INFO - Data transformation complete
[ 2026-05-27 15:12:11,486] 49 root - INFO - Started Regular Expression mapping
[ 2026-05-27 15:12:11,486] 174 root - INFO - Data transformation complete
[ 2026-05-27 15:12:11,486] 49 root - INFO - Started Regular Expression mapping
[ 2026-05-27 15:12:11,487] 174 root - INFO - Data transformation complete
[ 2026-05-27 15:12:11,487] 49 root - INFO - Started Regular Expression mapping
[ 2026-05-27 15:12:11,487] 174 root - INFO - Data transformation complete
[ 2026-05-27 15:12:11,487] 49 root - INFO - Started Regular Expression mapping
[ 2026-05-27 15:12:11,487] 174 root - INFO - Data transformation complete
[ 2026-05-27 15:12:11,487] 49 root - INFO - Started Regular Expression mapping
[ 2026-05-27 15:12:11,488] 174 root - INFO - Data transformation complete
[ 2026-05-27 15:12:11,488] 49 root - INFO - Started Regular Expression mapping
[ 2026-05-27 15:12:11,488] 174 root - INFO - Data transformation complete
[ 2026-05-27 15:12:11,488] 49 root - INFO - Started Regular Expression mapping
[ 2026-05-27 15:12:11,488] 174 root - INFO - Data transformation complete
[ 2026-05-27 15:12:11,488] 49 root - INFO - Started Regular Expression mapping
[ 2026-05-27 15:12:11,489] 174 root - INFO - Data transformation complete
[ 2026-05-27 15:12:11,489] 49 root - INFO - Started Regular Expression mapping
[ 2026-05-27 15:12:11,489] 174 root - INFO - Data transformation complete
[ 2026-05-27 15:12:11,489] 49 root - INFO - Started Regular Expression mapping
[ 2026-05-27 15:12:11,489] 25 root - INFO - Match heuristic business names to paybill payments
[ 2026-05-27 15:12:11,489] 174 root - INFO - Data transformation complete
[ 2026-05-27 15:12:11,489] 49 root - INFO - Started Regular Expression mapping
[ 2026-05-27 15:12:11,490] 174 root - INFO - Data transformation complete
[ 2026-05-27 15:12:11,490] 49 root - INFO - Started Regular Expression mapping
[ 2026-05-27 15:12:11,490] 174 root - INFO - Data transformation complete
[ 2026-05-27 15:12:11,490] 49 root - INFO - Started Regular Expression mapping
[ 2026-05-27 15:12:11,491] 174 root - INFO - Data transformation complete
[ 2026-05-27 15:12:11,491] 49 root - INFO - Started Regular Expression mapping
[ 2026-05-27 15:12:11,491] 174 root - INFO - Data transformation complete
[ 2026-05-27 15:12:11,491] 49 root - INFO - Started Regular Expression mapping
[ 2026-05-27 15:12:11,492] 174 root - INFO - Data transformation complete
[ 2026-05-27 15:12:11,492] 49 root - INFO - Started Regular Expression mapping
[ 2026-05-27 15:12:11,492] 174 root - INFO - Data transformation complete
[ 2026-05-27 15:12:11,492] 49 root - INFO - Started Regular Expression mapping
[ 2026-05-27 15:12:11,492] 174 root - INFO - Data transformation complete
[ 2026-05-27 15:12:11,493] 49 root - INFO - Started Regular Expression mapping
[ 2026-05-27 15:12:11,493] 174 root - INFO - Data transformation complete
[ 2026-05-27 15:12:11,493] 49 root - INFO - Started Regular Expression mapping
[ 2026-05-27 15:12:11,493] 174 root - INFO - Data transformation complete
[ 2026-05-27 15:12:11,493] 49 root - INFO - Started Regular Expression mapping
[ 2026-05-27 15:12:11,493] 25 root - INFO - Match heuristic business names to paybill payments
[ 2026-05-27 15:12:11,494] 174 root - INFO - Data transformation complete
[ 2026-05-27 15:12:11,494] 49 root - INFO - Started Regular Expression mapping
[ 2026-05-27 15:12:11,494] 174 root - INFO - Data transformation complete
[ 2026-05-27 15:12:11,494] 49 root - INFO - Started Regular Expression mapping
[ 2026-05-27 15:12:11,494] 174 root - INFO - Data transformation complete
[ 2026-05-27 15:12:11,494] 49 root - INFO - Started Regular Expression mapping
[ 2026-05-27 15:12:11,494] 174 root - INFO - Data transformation complete
[ 2026-05-27 15:12:11,495] 49 root - INFO - Started Regular Expression mapping
[ 2026-05-27 15:12:11,495] 174 root - INFO - Data transformation complete
[ 2026-05-27 15:12:11,495] 49 root - INFO - Started Regular Expression mapping
[ 2026-05-27 15:12:11,495] 174 root - INFO - Data transformation complete
[ 2026-05-27 15:12:11,495] 49 root - INFO - Started Regular Expression mapping
[ 2026-05-27 15:12:11,495] 174 root - INFO - Data transformation complete
[ 2026-05-27 15:12:11,495] 49 root - INFO - Started Regular Expression mapping
[ 2026-05-27 15:12:11,496] 174 root - INFO - Data transformation complete
[ 2026-05-27 15:12:11,496] 49 root - INFO - Started Regular Expression mapping
[ 2026-05-27 15:12:11,496] 174 root - INFO - Data transformation complete
[ 2026-05-27 15:12:11,496] 49 root - INFO - Started Regular Expression mapping
[ 2026-05-27 15:12:11,496] 174 root - INFO - Data transformation complete
[ 2026-05-27 15:12:11,496] 49 root - INFO - Started Regular Expression mapping
[ 2026-05-27 15:12:11,497] 174 root - INFO - Data transformation complete
[ 2026-05-27 15:12:11,497] 49 root - INFO - Started Regular Expression mapping
[ 2026-05-27 15:12:11,497] 174 root - INFO - Data transformation complete
[ 2026-05-27 15:12:11,497] 49 root - INFO - Started Regular Expression mapping
[ 2026-05-27 15:12:11,497] 174 root - INFO - Data transformation complete
[ 2026-05-27 15:12:11,497] 49 root - INFO - Started Regular Expression mapping
[ 2026-05-27 15:12:11,497] 174 root - INFO - Data transformation complete
[ 2026-05-27 15:12:11,498] 49 root - INFO - Started Regular Expression mapping
[ 2026-05-27 15:12:11,498] 174 root - INFO - Data transformation complete
[ 2026-05-27 15:12:11,498] 49 root - INFO - Started Regular Expression mapping
[ 2026-05-27 15:12:11,498] 174 root - INFO - Data transformation complete
[ 2026-05-27 15:12:11,498] 49 root - INFO - Started Regular Expression mapping
[ 2026-05-27 15:12:11,498] 174 root - INFO - Data transformation complete
[ 2026-05-27 15:12:11,499] 49 root - INFO - Started Regular Expression mapping
[ 2026-05-27 15:12:11,499] 174 root - INFO - Data transformation complete
[ 2026-05-27 15:12:11,499] 49 root - INFO - Started Regular Expression mapping
[ 2026-05-27 15:12:11,499] 174 root - INFO - Data transformation complete
[ 2026-05-27 15:12:11,499] 49 root - INFO - Started Regular Expression mapping
[ 2026-05-27 15:12:11,499] 25 root - INFO - Match heuristic business names to paybill payments
[ 2026-05-27 15:12:11,499] 174 root - INFO - Data transformation complete
[ 2026-05-27 15:12:11,500] 49 root - INFO - Started Regular Expression mapping
[ 2026-05-27 15:12:11,500] 174 root - INFO - Data transformation complete
[ 2026-05-27 15:12:11,500] 49 root - INFO - Started Regular Expression mapping
[ 2026-05-27 15:12:11,500] 174 root - INFO - Data transformation complete
[ 2026-05-27 15:12:11,500] 49 root - INFO - Started Regular Expression mapping
[ 2026-05-27 15:12:11,500] 174 root - INFO - Data transformation complete
[ 2026-05-27 15:12:11,501] 49 root - INFO - Started Regular Expression mapping
[ 2026-05-27 15:12:11,501] 25 root - INFO - Match heuristic business names to paybill payments
[ 2026-05-27 15:12:11,501] 174 root - INFO - Data transformation complete
[ 2026-05-27 15:12:11,501] 49 root - INFO - Started Regular Expression mapping
[ 2026-05-27 15:12:11,501] 174 root - INFO - Data transformation complete
[ 2026-05-27 15:12:11,501] 49 root - INFO - Started Regular Expression mapping
[ 2026-05-27 15:12:11,501] 174 root - INFO - Data transformation complete
[ 2026-05-27 15:12:11,502] 49 root - INFO - Started Regular Expression mapping
[ 2026-05-27 15:12:11,502] 174 root - INFO - Data transformation complete
[ 2026-05-27 15:12:11,502] 49 root - INFO - Started Regular Expression mapping
[ 2026-05-27 15:12:11,502] 174 root - INFO - Data transformation complete
[ 2026-05-27 15:12:11,502] 49 root - INFO - Started Regular Expression mapping
[ 2026-05-27 15:12:11,502] 174 root - INFO - Data transformation complete
[ 2026-05-27 15:12:11,502] 49 root - INFO - Started Regular Expression mapping
[ 2026-05-27 15:12:11,503] 174 root - INFO - Data transformation complete
[ 2026-05-27 15:12:11,503] 49 root - INFO - Started Regular Expression mapping
[ 2026-05-27 15:12:11,503] 174 root - INFO - Data transformation complete
[ 2026-05-27 15:12:11,503] 49 root - INFO - Started Regular Expression mapping
[ 2026-05-27 15:12:11,503] 174 root - INFO - Data transformation complete
[ 2026-05-27 15:12:11,503] 49 root - INFO - Started Regular Expression mapping
[ 2026-05-27 15:12:11,504] 174 root - INFO - Data transformation complete
[ 2026-05-27 15:12:11,504] 49 root - INFO - Started Regular Expression mapping
[ 2026-05-27 15:12:11,504] 174 root - INFO - Data transformation complete
[ 2026-05-27 15:12:11,504] 49 root - INFO - Started Regular Expression mapping
[ 2026-05-27 15:12:11,504] 174 root - INFO - Data transformation complete
[ 2026-05-27 15:12:11,504] 49 root - INFO - Started Regular Expression mapping
[ 2026-05-27 15:12:11,505] 174 root - INFO - Data transformation complete
[ 2026-05-27 15:12:11,505] 49 root - INFO - Started Regular Expression mapping
[ 2026-05-27 15:12:11,505] 174 root - INFO - Data transformation complete
[ 2026-05-27 15:12:11,505] 49 root - INFO - Started Regular Expression mapping
[ 2026-05-27 15:12:11,505] 174 root - INFO - Data transformation complete
[ 2026-05-27 15:12:11,505] 49 root - INFO - Started Regular Expression mapping
[ 2026-05-27 15:12:11,506] 174 root - INFO - Data transformation complete
[ 2026-05-27 15:12:11,506] 49 root - INFO - Started Regular Expression mapping
[ 2026-05-27 15:12:11,506] 174 root - INFO - Data transformation complete
[ 2026-05-27 15:12:11,507] 49 root - INFO - Started Regular Expression mapping
[ 2026-05-27 15:12:11,507] 174 root - INFO - Data transformation complete
[ 2026-05-27 15:12:11,507] 49 root - INFO - Started Regular Expression mapping
[ 2026-05-27 15:12:11,507] 174 root - INFO - Data transformation complete
[ 2026-05-27 15:12:11,507] 49 root - INFO - Started Regular Expression mapping
[ 2026-05-27 15:12:11,508] 174 root - INFO - Data transformation complete
[ 2026-05-27 15:12:11,508] 49 root - INFO - Started Regular Expression mapping
[ 2026-05-27 15:12:11,508] 174 root - INFO - Data transformation complete
[ 2026-05-27 15:12:11,508] 49 root - INFO - Started Regular Expression mapping
[ 2026-05-27 15:12:11,508] 174 root - INFO - Data transformation complete
[ 2026-05-27 15:12:11,509] 49 root - INFO - Started Regular Expression mapping
[ 2026-05-27 15:12:11,509] 174 root - INFO - Data transformation complete
[ 2026-05-27 15:12:11,509] 49 root - INFO - Started Regular Expression mapping
[ 2026-05-27 15:12:11,509] 174 root - INFO - Data transformation complete
[ 2026-05-27 15:12:11,509] 49 root - INFO - Started Regular Expression mapping
[ 2026-05-27 15:12:11,509] 174 root - INFO - Data transformation complete
[ 2026-05-27 15:12:11,509] 49 root - INFO - Started Regular Expression mapping
[ 2026-05-27 15:12:11,510] 174 root - INFO - Data transformation complete
[ 2026-05-27 15:12:11,510] 49 root - INFO - Started Regular Expression mapping
[ 2026-05-27 15:12:11,510] 174 root - INFO - Data transformation complete
[ 2026-05-27 15:12:11,510] 49 root - INFO - Started Regular Expression mapping
[ 2026-05-27 15:12:11,510] 174 root - INFO - Data transformation complete
[ 2026-05-27 15:12:11,510] 49 root - INFO - Started Regular Expression mapping
[ 2026-05-27 15:12:11,511] 174 root - INFO - Data transformation complete
[ 2026-05-27 15:12:11,511] 49 root - INFO - Started Regular Expression mapping
[ 2026-05-27 15:12:11,511] 174 root - INFO - Data transformation complete
[ 2026-05-27 15:12:11,511] 49 root - INFO - Started Regular Expression mapping
[ 2026-05-27 15:12:11,511] 174 root - INFO - Data transformation complete
[ 2026-05-27 15:12:11,511] 49 root - INFO - Started Regular Expression mapping
[ 2026-05-27 15:12:11,511] 174 root - INFO - Data transformation complete
[ 2026-05-27 15:12:11,512] 49 root - INFO - Started Regular Expression mapping
[ 2026-05-27 15:12:11,512] 174 root - INFO - Data transformation complete
[ 2026-05-27 15:12:11,512] 49 root - INFO - Started Regular Expression mapping
[ 2026-05-27 15:12:11,512] 174 root - INFO - Data transformation complete
[ 2026-05-27 15:12:11,512] 49 root - INFO - Started Regular Expression mapping
[ 2026-05-27 15:12:11,512] 174 root - INFO - Data transformation complete
[ 2026-05-27 15:12:11,513] 49 root - INFO - Started Regular Expression mapping
[ 2026-05-27 15:12:11,513] 25 root - INFO - Match heuristic business names to paybill payments
[ 2026-05-27 15:12:11,513] 174 root - INFO - Data transformation complete
[ 2026-05-27 15:12:11,513] 49 root - INFO - Started Regular Expression mapping
[ 2026-05-27 15:12:11,513] 174 root - INFO - Data transformation complete
[ 2026-05-27 15:12:11,513] 49 root - INFO - Started Regular Expression mapping
[ 2026-05-27 15:12:11,513] 174 root - INFO - Data transformation complete
[ 2026-05-27 15:12:11,514] 49 root - INFO - Started Regular Expression mapping
[ 2026-05-27 15:12:11,514] 25 root - INFO - Match heuristic business names to paybill payments
[ 2026-05-27 15:12:11,514] 174 root - INFO - Data transformation complete
[ 2026-05-27 15:12:11,514] 49 root - INFO - Started Regular Expression mapping
[ 2026-05-27 15:12:11,514] 174 root - INFO - Data transformation complete
[ 2026-05-27 15:12:11,514] 49 root - INFO - Started Regular Expression mapping
[ 2026-05-27 15:12:11,514] 25 root - INFO - Match heuristic business names to paybill payments
[ 2026-05-27 15:12:11,515] 174 root - INFO - Data transformation complete
[ 2026-05-27 15:12:11,515] 49 root - INFO - Started Regular Expression mapping
[ 2026-05-27 15:12:11,515] 174 root - INFO - Data transformation complete
[ 2026-05-27 15:12:11,515] 49 root - INFO - Started Regular Expression mapping
[ 2026-05-27 15:12:11,515] 174 root - INFO - Data transformation complete
[ 2026-05-27 15:12:11,515] 49 root - INFO - Started Regular Expression mapping
[ 2026-05-27 15:12:11,516] 174 root - INFO - Data transformation complete
[ 2026-05-27 15:12:11,516] 49 root - INFO - Started Regular Expression mapping
[ 2026-05-27 15:12:11,516] 174 root - INFO - Data transformation complete
[ 2026-05-27 15:12:11,516] 49 root - INFO - Started Regular Expression mapping
[ 2026-05-27 15:12:11,516] 174 root - INFO - Data transformation complete
[ 2026-05-27 15:12:11,516] 49 root - INFO - Started Regular Expression mapping
[ 2026-05-27 15:12:11,516] 25 root - INFO - Match heuristic business names to paybill payments
[ 2026-05-27 15:12:11,517] 174 root - INFO - Data transformation complete
[ 2026-05-27 15:12:11,517] 49 root - INFO - Started Regular Expression mapping
[ 2026-05-27 15:12:11,517] 174 root - INFO - Data transformation complete
[ 2026-05-27 15:12:11,517] 49 root - INFO - Started Regular Expression mapping
[ 2026-05-27 15:12:11,517] 174 root - INFO - Data transformation complete
[ 2026-05-27 15:12:11,517] 49 root - INFO - Started Regular Expression mapping
[ 2026-05-27 15:12:11,518] 174 root - INFO - Data transformation complete
[ 2026-05-27 15:12:11,518] 49 root - INFO - Started Regular Expression mapping
[ 2026-05-27 15:12:11,518] 174 root - INFO - Data transformation complete
[ 2026-05-27 15:12:11,518] 49 root - INFO - Started Regular Expression mapping
[ 2026-05-27 15:12:11,518] 174 root - INFO - Data transformation complete
[ 2026-05-27 15:12:11,518] 49 root - INFO - Started Regular Expression mapping
[ 2026-05-27 15:12:11,518] 174 root - INFO - Data transformation complete
[ 2026-05-27 15:12:11,519] 49 root - INFO - Started Regular Expression mapping
[ 2026-05-27 15:12:11,519] 174 root - INFO - Data transformation complete
[ 2026-05-27 15:12:11,519] 49 root - INFO - Started Regular Expression mapping
[ 2026-05-27 15:12:11,519] 174 root - INFO - Data transformation complete
[ 2026-05-27 15:12:11,519] 49 root - INFO - Started Regular Expression mapping
[ 2026-05-27 15:12:11,519] 174 root - INFO - Data transformation complete
[ 2026-05-27 15:12:11,519] 49 root - INFO - Started Regular Expression mapping
[ 2026-05-27 15:12:11,520] 174 root - INFO - Data transformation complete
[ 2026-05-27 15:12:11,520] 49 root - INFO - Started Regular Expression mapping
[ 2026-05-27 15:12:11,520] 174 root - INFO - Data transformation complete
[ 2026-05-27 15:12:11,520] 49 root - INFO - Started Regular Expression mapping
[ 2026-05-27 15:12:11,520] 174 root - INFO - Data transformation complete
[ 2026-05-27 15:12:11,520] 49 root - INFO - Started Regular Expression mapping
[ 2026-05-27 15:12:11,521] 174 root - INFO - Data transformation complete
[ 2026-05-27 15:12:11,521] 49 root - INFO - Started Regular Expression mapping
[ 2026-05-27 15:12:11,521] 174 root - INFO - Data transformation complete
[ 2026-05-27 15:12:11,521] 49 root - INFO - Started Regular Expression mapping
[ 2026-05-27 15:12:11,521] 174 root - INFO - Data transformation complete
[ 2026-05-27 15:12:11,521] 49 root - INFO - Started Regular Expression mapping
[ 2026-05-27 15:12:11,522] 174 root - INFO - Data transformation complete
[ 2026-05-27 15:12:11,522] 49 root - INFO - Started Regular Expression mapping
[ 2026-05-27 15:12:11,522] 174 root - INFO - Data transformation complete
[ 2026-05-27 15:12:11,522] 49 root - INFO - Started Regular Expression mapping
[ 2026-05-27 15:12:11,522] 174 root - INFO - Data transformation complete
[ 2026-05-27 15:12:11,522] 49 root - INFO - Started Regular Expression mapping
[ 2026-05-27 15:12:11,522] 174 root - INFO - Data transformation complete
[ 2026-05-27 15:12:11,523] 49 root - INFO - Started Regular Expression mapping
[ 2026-05-27 15:12:11,523] 174 root - INFO - Data transformation complete
[ 2026-05-27 15:12:11,523] 49 root - INFO - Started Regular Expression mapping
[ 2026-05-27 15:12:11,524] 174 root - INFO - Data transformation complete
[ 2026-05-27 15:12:11,524] 49 root - INFO - Started Regular Expression mapping
[ 2026-05-27 15:12:11,524] 174 root - INFO - Data transformation complete
[ 2026-05-27 15:12:11,524] 49 root - INFO - Started Regular Expression mapping
[ 2026-05-27 15:12:11,524] 174 root - INFO - Data transformation complete
[ 2026-05-27 15:12:11,525] 49 root - INFO - Started Regular Expression mapping
[ 2026-05-27 15:12:11,525] 174 root - INFO - Data transformation complete
[ 2026-05-27 15:12:11,525] 49 root - INFO - Started Regular Expression mapping
[ 2026-05-27 15:12:11,525] 174 root - INFO - Data transformation complete
[ 2026-05-27 15:12:11,525] 49 root - INFO - Started Regular Expression mapping
[ 2026-05-27 15:12:11,525] 174 root - INFO - Data transformation complete
[ 2026-05-27 15:12:11,526] 49 root - INFO - Started Regular Expression mapping
[ 2026-05-27 15:12:11,526] 174 root - INFO - Data transformation complete
[ 2026-05-27 15:12:11,526] 49 root - INFO - Started Regular Expression mapping
[ 2026-05-27 15:12:11,526] 174 root - INFO - Data transformation complete
[ 2026-05-27 15:12:11,527] 49 root - INFO - Started Regular Expression mapping
[ 2026-05-27 15:12:11,527] 174 root - INFO - Data transformation complete
[ 2026-05-27 15:12:11,527] 49 root - INFO - Started Regular Expression mapping
[ 2026-05-27 15:12:11,527] 174 root - INFO - Data transformation complete
[ 2026-05-27 15:12:11,527] 49 root - INFO - Started Regular Expression mapping
[ 2026-05-27 15:12:11,528] 174 root - INFO - Data transformation complete
[ 2026-05-27 15:12:11,528] 49 root - INFO - Started Regular Expression mapping
[ 2026-05-27 15:12:11,528] 174 root - INFO - Data transformation complete
[ 2026-05-27 15:12:11,528] 49 root - INFO - Started Regular Expression mapping
[ 2026-05-27 15:12:11,528] 174 root - INFO - Data transformation complete
[ 2026-05-27 15:12:11,529] 49 root - INFO - Started Regular Expression mapping
[ 2026-05-27 15:12:11,529] 174 root - INFO - Data transformation complete
[ 2026-05-27 15:12:11,529] 49 root - INFO - Started Regular Expression mapping
[ 2026-05-27 15:12:11,529] 174 root - INFO - Data transformation complete
[ 2026-05-27 15:12:11,529] 49 root - INFO - Started Regular Expression mapping
[ 2026-05-27 15:12:11,530] 174 root - INFO - Data transformation complete
[ 2026-05-27 15:12:11,530] 49 root - INFO - Started Regular Expression mapping
[ 2026-05-27 15:12:11,530] 174 root - INFO - Data transformation complete
[ 2026-05-27 15:12:11,530] 49 root - INFO - Started Regular Expression mapping
[ 2026-05-27 15:12:11,530] 174 root - INFO - Data transformation complete
[ 2026-05-27 15:12:11,530] 49 root - INFO - Started Regular Expression mapping
[ 2026-05-27 15:12:11,530] 174 root - INFO - Data transformation complete
[ 2026-05-27 15:12:11,531] 49 root - INFO - Started Regular Expression mapping
[ 2026-05-27 15:12:11,531] 174 root - INFO - Data transformation complete
[ 2026-05-27 15:12:11,531] 49 root - INFO - Started Regular Expression mapping
[ 2026-05-27 15:12:11,531] 174 root - INFO - Data transformation complete
[ 2026-05-27 15:12:11,531] 49 root - INFO - Started Regular Expression mapping
[ 2026-05-27 15:12:11,531] 174 root - INFO - Data transformation complete
[ 2026-05-27 15:12:11,531] 49 root - INFO - Started Regular Expression mapping
[ 2026-05-27 15:12:11,532] 174 root - INFO - Data transformation complete
[ 2026-05-27 15:12:11,532] 49 root - INFO - Started Regular Expression mapping
[ 2026-05-27 15:12:11,532] 174 root - INFO - Data transformation complete
[ 2026-05-27 15:12:11,532] 49 root - INFO - Started Regular Expression mapping
[ 2026-05-27 15:12:11,532] 174 root - INFO - Data transformation complete
[ 2026-05-27 15:12:11,532] 49 root - INFO - Started Regular Expression mapping
[ 2026-05-27 15:12:11,533] 174 root - INFO - Data transformation complete
[ 2026-05-27 15:12:11,533] 49 root - INFO - Started Regular Expression mapping
[ 2026-05-27 15:12:11,533] 174 root - INFO - Data transformation complete
[ 2026-05-27 15:12:11,533] 49 root - INFO - Started Regular Expression mapping
[ 2026-05-27 15:12:11,533] 174 root - INFO - Data transformation complete
[ 2026-05-27 15:12:11,533] 49 root - INFO - Started Regular Expression mapping
[ 2026-05-27 15:12:11,533] 174 root - INFO - Data transformation complete
[ 2026-05-27 15:12:11,534] 49 root - INFO - Started Regular Expression mapping
[ 2026-05-27 15:12:11,534] 174 root - INFO - Data transformation complete
[ 2026-05-27 15:12:11,534] 49 root - INFO - Started Regular Expression mapping
[ 2026-05-27 15:12:11,534] 174 root - INFO - Data transformation complete
[ 2026-05-27 15:12:11,534] 49 root - INFO - Started Regular Expression mapping
[ 2026-05-27 15:12:11,534] 174 root - INFO - Data transformation complete
[ 2026-05-27 15:12:11,535] 49 root - INFO - Started Regular Expression mapping
[ 2026-05-27 15:12:11,535] 174 root - INFO - Data transformation complete
[ 2026-05-27 15:12:11,535] 49 root - INFO - Started Regular Expression mapping
[ 2026-05-27 15:12:11,535] 174 root - INFO - Data transformation complete
[ 2026-05-27 15:12:11,535] 49 root - INFO - Started Regular Expression mapping
[ 2026-05-27 15:12:11,535] 174 root - INFO - Data transformation complete
[ 2026-05-27 15:12:11,535] 49 root - INFO - Started Regular Expression mapping
[ 2026-05-27 15:12:11,536] 174 root - INFO - Data transformation complete
[ 2026-05-27 15:12:11,536] 49 root - INFO - Started Regular Expression mapping
[ 2026-05-27 15:12:11,536] 174 root - INFO - Data transformation complete
[ 2026-05-27 15:12:11,536] 49 root - INFO - Started Regular Expression mapping
[ 2026-05-27 15:12:11,536] 174 root - INFO - Data transformation complete
[ 2026-05-27 15:12:11,536] 49 root - INFO - Started Regular Expression mapping
[ 2026-05-27 15:12:11,537] 174 root - INFO - Data transformation complete
[ 2026-05-27 15:12:11,537] 49 root - INFO - Started Regular Expression mapping
[ 2026-05-27 15:12:11,537] 174 root - INFO - Data transformation complete
[ 2026-05-27 15:12:11,537] 49 root - INFO - Started Regular Expression mapping
[ 2026-05-27 15:12:11,537] 174 root - INFO - Data transformation complete
[ 2026-05-27 15:12:11,537] 49 root - INFO - Started Regular Expression mapping
[ 2026-05-27 15:12:11,538] 174 root - INFO - Data transformation complete
[ 2026-05-27 15:12:11,538] 49 root - INFO - Started Regular Expression mapping
[ 2026-05-27 15:12:11,538] 174 root - INFO - Data transformation complete
[ 2026-05-27 15:12:11,538] 49 root - INFO - Started Regular Expression mapping
[ 2026-05-27 15:12:11,538] 174 root - INFO - Data transformation complete
[ 2026-05-27 15:12:11,538] 49 root - INFO - Started Regular Expression mapping
[ 2026-05-27 15:12:11,538] 174 root - INFO - Data transformation complete
[ 2026-05-27 15:12:11,539] 49 root - INFO - Started Regular Expression mapping
[ 2026-05-27 15:12:11,539] 174 root - INFO - Data transformation complete
[ 2026-05-27 15:12:11,539] 49 root - INFO - Started Regular Expression mapping
[ 2026-05-27 15:12:11,539] 174 root - INFO - Data transformation complete
[ 2026-05-27 15:12:11,539] 49 root - INFO - Started Regular Expression mapping
[ 2026-05-27 15:12:11,540] 174 root - INFO - Data transformation complete
[ 2026-05-27 15:12:11,540] 49 root - INFO - Started Regular Expression mapping
[ 2026-05-27 15:12:11,540] 174 root - INFO - Data transformation complete
[ 2026-05-27 15:12:11,540] 49 root - INFO - Started Regular Expression mapping
[ 2026-05-27 15:12:11,541] 174 root - INFO - Data transformation complete
[ 2026-05-27 15:12:11,541] 49 root - INFO - Started Regular Expression mapping
[ 2026-05-27 15:12:11,541] 174 root - INFO - Data transformation complete
[ 2026-05-27 15:12:11,541] 49 root - INFO - Started Regular Expression mapping
[ 2026-05-27 15:12:11,541] 174 root - INFO - Data transformation complete
[ 2026-05-27 15:12:11,542] 49 root - INFO - Started Regular Expression mapping
[ 2026-05-27 15:12:11,542] 174 root - INFO - Data transformation complete
[ 2026-05-27 15:12:11,542] 49 root - INFO - Started Regular Expression mapping
[ 2026-05-27 15:12:11,542] 174 root - INFO - Data transformation complete
[ 2026-05-27 15:12:11,542] 49 root - INFO - Started Regular Expression mapping
[ 2026-05-27 15:12:11,542] 174 root - INFO - Data transformation complete
[ 2026-05-27 15:12:11,542] 49 root - INFO - Started Regular Expression mapping
[ 2026-05-27 15:12:11,543] 174 root - INFO - Data transformation complete
[ 2026-05-27 15:12:11,543] 49 root - INFO - Started Regular Expression mapping
[ 2026-05-27 15:12:11,543] 174 root - INFO - Data transformation complete
[ 2026-05-27 15:12:11,543] 49 root - INFO - Started Regular Expression mapping
[ 2026-05-27 15:12:11,543] 174 root - INFO - Data transformation complete
[ 2026-05-27 15:12:11,543] 49 root - INFO - Started Regular Expression mapping
[ 2026-05-27 15:12:11,544] 25 root - INFO - Match heuristic business names to paybill payments
[ 2026-05-27 15:12:11,544] 174 root - INFO - Data transformation complete
[ 2026-05-27 15:12:11,544] 49 root - INFO - Started Regular Expression mapping
[ 2026-05-27 15:12:11,544] 174 root - INFO - Data transformation complete
[ 2026-05-27 15:12:11,544] 49 root - INFO - Started Regular Expression mapping
[ 2026-05-27 15:12:11,544] 174 root - INFO - Data transformation complete
[ 2026-05-27 15:12:11,545] 49 root - INFO - Started Regular Expression mapping
[ 2026-05-27 15:12:11,545] 174 root - INFO - Data transformation complete
[ 2026-05-27 15:12:11,545] 49 root - INFO - Started Regular Expression mapping
[ 2026-05-27 15:12:11,545] 174 root - INFO - Data transformation complete
[ 2026-05-27 15:12:11,545] 49 root - INFO - Started Regular Expression mapping
[ 2026-05-27 15:12:11,545] 174 root - INFO - Data transformation complete
[ 2026-05-27 15:12:11,545] 49 root - INFO - Started Regular Expression mapping
[ 2026-05-27 15:12:11,546] 174 root - INFO - Data transformation complete
[ 2026-05-27 15:12:11,546] 49 root - INFO - Started Regular Expression mapping
[ 2026-05-27 15:12:11,546] 174 root - INFO - Data transformation complete
[ 2026-05-27 15:12:11,546] 49 root - INFO - Started Regular Expression mapping
[ 2026-05-27 15:12:11,546] 174 root - INFO - Data transformation complete
[ 2026-05-27 15:12:11,546] 49 root - INFO - Started Regular Expression mapping
[ 2026-05-27 15:12:11,547] 174 root - INFO - Data transformation complete
[ 2026-05-27 15:12:11,547] 49 root - INFO - Started Regular Expression mapping
[ 2026-05-27 15:12:11,547] 174 root - INFO - Data transformation complete
[ 2026-05-27 15:12:11,547] 49 root - INFO - Started Regular Expression mapping
[ 2026-05-27 15:12:11,547] 174 root - INFO - Data transformation complete
[ 2026-05-27 15:12:11,547] 49 root - INFO - Started Regular Expression mapping
[ 2026-05-27 15:12:11,547] 174 root - INFO - Data transformation complete
[ 2026-05-27 15:12:11,548] 49 root - INFO - Started Regular Expression mapping
[ 2026-05-27 15:12:11,548] 174 root - INFO - Data transformation complete
[ 2026-05-27 15:12:11,548] 49 root - INFO - Started Regular Expression mapping
[ 2026-05-27 15:12:11,548] 174 root - INFO - Data transformation complete
[ 2026-05-27 15:12:11,548] 49 root - INFO - Started Regular Expression mapping
[ 2026-05-27 15:12:11,548] 174 root - INFO - Data transformation complete
[ 2026-05-27 15:12:11,548] 49 root - INFO - Started Regular Expression mapping
[ 2026-05-27 15:12:11,549] 174 root - INFO - Data transformation complete
[ 2026-05-27 15:12:11,549] 49 root - INFO - Started Regular Expression mapping
[ 2026-05-27 15:12:11,549] 174 root - INFO - Data transformation complete
[ 2026-05-27 15:12:11,549] 49 root - INFO - Started Regular Expression mapping
[ 2026-05-27 15:12:11,549] 174 root - INFO - Data transformation complete
[ 2026-05-27 15:12:11,549] 49 root - INFO - Started Regular Expression mapping
[ 2026-05-27 15:12:11,550] 174 root - INFO - Data transformation complete
[ 2026-05-27 15:12:11,550] 49 root - INFO - Started Regular Expression mapping
[ 2026-05-27 15:12:11,550] 174 root - INFO - Data transformation complete
[ 2026-05-27 15:12:11,550] 49 root - INFO - Started Regular Expression mapping
[ 2026-05-27 15:12:11,550] 174 root - INFO - Data transformation complete
[ 2026-05-27 15:12:11,550] 49 root - INFO - Started Regular Expression mapping
[ 2026-05-27 15:12:11,551] 174 root - INFO - Data transformation complete
[ 2026-05-27 15:12:11,551] 49 root - INFO - Started Regular Expression mapping
[ 2026-05-27 15:12:11,551] 174 root - INFO - Data transformation complete
[ 2026-05-27 15:12:11,551] 49 root - INFO - Started Regular Expression mapping
[ 2026-05-27 15:12:11,551] 174 root - INFO - Data transformation complete
[ 2026-05-27 15:12:11,551] 49 root - INFO - Started Regular Expression mapping
[ 2026-05-27 15:12:11,551] 174 root - INFO - Data transformation complete
[ 2026-05-27 15:12:11,552] 49 root - INFO - Started Regular Expression mapping
[ 2026-05-27 15:12:11,552] 174 root - INFO - Data transformation complete
[ 2026-05-27 15:12:11,552] 49 root - INFO - Started Regular Expression mapping
[ 2026-05-27 15:12:11,552] 174 root - INFO - Data transformation complete
[ 2026-05-27 15:12:11,552] 49 root - INFO - Started Regular Expression mapping
[ 2026-05-27 15:12:11,552] 25 root - INFO - Match heuristic business names to paybill payments
[ 2026-05-27 15:12:11,553] 174 root - INFO - Data transformation complete
[ 2026-05-27 15:12:11,553] 49 root - INFO - Started Regular Expression mapping
[ 2026-05-27 15:12:11,553] 174 root - INFO - Data transformation complete
[ 2026-05-27 15:12:11,553] 49 root - INFO - Started Regular Expression mapping
[ 2026-05-27 15:12:11,553] 174 root - INFO - Data transformation complete
[ 2026-05-27 15:12:11,553] 49 root - INFO - Started Regular Expression mapping
[ 2026-05-27 15:12:11,553] 174 root - INFO - Data transformation complete
[ 2026-05-27 15:12:11,554] 49 root - INFO - Started Regular Expression mapping
[ 2026-05-27 15:12:11,554] 174 root - INFO - Data transformation complete
[ 2026-05-27 15:12:11,554] 49 root - INFO - Started Regular Expression mapping
[ 2026-05-27 15:12:11,554] 174 root - INFO - Data transformation complete
[ 2026-05-27 15:12:11,554] 49 root - INFO - Started Regular Expression mapping
[ 2026-05-27 15:12:11,554] 174 root - INFO - Data transformation complete
[ 2026-05-27 15:12:11,554] 49 root - INFO - Started Regular Expression mapping
[ 2026-05-27 15:12:11,555] 174 root - INFO - Data transformation complete
[ 2026-05-27 15:12:11,555] 49 root - INFO - Started Regular Expression mapping
[ 2026-05-27 15:12:11,555] 174 root - INFO - Data transformation complete
[ 2026-05-27 15:12:11,555] 49 root - INFO - Started Regular Expression mapping
[ 2026-05-27 15:12:11,555] 174 root - INFO - Data transformation complete
[ 2026-05-27 15:12:11,555] 49 root - INFO - Started Regular Expression mapping
[ 2026-05-27 15:12:11,556] 174 root - INFO - Data transformation complete
[ 2026-05-27 15:12:11,556] 49 root - INFO - Started Regular Expression mapping
[ 2026-05-27 15:12:11,556] 174 root - INFO - Data transformation complete
[ 2026-05-27 15:12:11,556] 49 root - INFO - Started Regular Expression mapping
[ 2026-05-27 15:12:11,556] 174 root - INFO - Data transformation complete
[ 2026-05-27 15:12:11,556] 49 root - INFO - Started Regular Expression mapping
[ 2026-05-27 15:12:11,557] 174 root - INFO - Data transformation complete
[ 2026-05-27 15:12:11,557] 49 root - INFO - Started Regular Expression mapping
[ 2026-05-27 15:12:11,557] 174 root - INFO - Data transformation complete
[ 2026-05-27 15:12:11,557] 49 root - INFO - Started Regular Expression mapping
[ 2026-05-27 15:12:11,557] 174 root - INFO - Data transformation complete
[ 2026-05-27 15:12:11,557] 49 root - INFO - Started Regular Expression mapping
[ 2026-05-27 15:12:11,558] 174 root - INFO - Data transformation complete
[ 2026-05-27 15:12:11,558] 49 root - INFO - Started Regular Expression mapping
[ 2026-05-27 15:12:11,558] 174 root - INFO - Data transformation complete
[ 2026-05-27 15:12:11,558] 49 root - INFO - Started Regular Expression mapping
[ 2026-05-27 15:12:11,558] 174 root - INFO - Data transformation complete
[ 2026-05-27 15:12:11,558] 49 root - INFO - Started Regular Expression mapping
[ 2026-05-27 15:12:11,558] 174 root - INFO - Data transformation complete
[ 2026-05-27 15:12:11,559] 49 root - INFO - Started Regular Expression mapping
[ 2026-05-27 15:12:11,559] 174 root - INFO - Data transformation complete
[ 2026-05-27 15:12:11,559] 49 root - INFO - Started Regular Expression mapping
[ 2026-05-27 15:12:11,559] 174 root - INFO - Data transformation complete
[ 2026-05-27 15:12:11,559] 49 root - INFO - Started Regular Expression mapping
[ 2026-05-27 15:12:11,559] 174 root - INFO - Data transformation complete
[ 2026-05-27 15:12:11,560] 49 root - INFO - Started Regular Expression mapping
[ 2026-05-27 15:12:11,560] 174 root - INFO - Data transformation complete
[ 2026-05-27 15:12:11,560] 49 root - INFO - Started Regular Expression mapping
[ 2026-05-27 15:12:11,560] 174 root - INFO - Data transformation complete
[ 2026-05-27 15:12:11,560] 49 root - INFO - Started Regular Expression mapping
[ 2026-05-27 15:12:11,560] 174 root - INFO - Data transformation complete
[ 2026-05-27 15:12:11,560] 49 root - INFO - Started Regular Expression mapping
[ 2026-05-27 15:12:11,561] 174 root - INFO - Data transformation complete
[ 2026-05-27 15:12:11,561] 49 root - INFO - Started Regular Expression mapping
[ 2026-05-27 15:12:11,561] 174 root - INFO - Data transformation complete
[ 2026-05-27 15:12:11,561] 49 root - INFO - Started Regular Expression mapping
[ 2026-05-27 15:12:11,561] 174 root - INFO - Data transformation complete
[ 2026-05-27 15:12:11,561] 49 root - INFO - Started Regular Expression mapping
[ 2026-05-27 15:12:11,562] 174 root - INFO - Data transformation complete
[ 2026-05-27 15:12:11,562] 49 root - INFO - Started Regular Expression mapping
[ 2026-05-27 15:12:11,562] 174 root - INFO - Data transformation complete
[ 2026-05-27 15:12:11,562] 49 root - INFO - Started Regular Expression mapping
[ 2026-05-27 15:12:11,562] 174 root - INFO - Data transformation complete
[ 2026-05-27 15:12:11,562] 49 root - INFO - Started Regular Expression mapping
[ 2026-05-27 15:12:11,562] 174 root - INFO - Data transformation complete
[ 2026-05-27 15:12:11,563] 49 root - INFO - Started Regular Expression mapping
[ 2026-05-27 15:12:11,563] 174 root - INFO - Data transformation complete
[ 2026-05-27 15:12:11,563] 49 root - INFO - Started Regular Expression mapping
[ 2026-05-27 15:12:11,563] 174 root - INFO - Data transformation complete
[ 2026-05-27 15:12:11,563] 49 root - INFO - Started Regular Expression mapping
[ 2026-05-27 15:12:11,563] 174 root - INFO - Data transformation complete
[ 2026-05-27 15:12:11,564] 49 root - INFO - Started Regular Expression mapping
[ 2026-05-27 15:12:11,564] 174 root - INFO - Data transformation complete
[ 2026-05-27 15:12:11,564] 49 root - INFO - Started Regular Expression mapping
[ 2026-05-27 15:12:11,564] 174 root - INFO - Data transformation complete
[ 2026-05-27 15:12:11,564] 49 root - INFO - Started Regular Expression mapping
[ 2026-05-27 15:12:11,564] 174 root - INFO - Data transformation complete
[ 2026-05-27 15:12:11,565] 49 root - INFO - Started Regular Expression mapping
[ 2026-05-27 15:12:11,565] 174 root - INFO - Data transformation complete
[ 2026-05-27 15:12:11,565] 49 root - INFO - Started Regular Expression mapping
[ 2026-05-27 15:12:11,565] 174 root - INFO - Data transformation complete
[ 2026-05-27 15:12:11,565] 49 root - INFO - Started Regular Expression mapping
[ 2026-05-27 15:12:11,566] 25 root - INFO - Match heuristic business names to paybill payments
[ 2026-05-27 15:12:11,566] 174 root - INFO - Data transformation complete
[ 2026-05-27 15:12:11,566] 49 root - INFO - Started Regular Expression mapping
[ 2026-05-27 15:12:11,566] 174 root - INFO - Data transformation complete
[ 2026-05-27 15:12:11,566] 49 root - INFO - Started Regular Expression mapping
[ 2026-05-27 15:12:11,566] 174 root - INFO - Data transformation complete
[ 2026-05-27 15:12:11,567] 49 root - INFO - Started Regular Expression mapping
[ 2026-05-27 15:12:11,567] 174 root - INFO - Data transformation complete
[ 2026-05-27 15:12:11,567] 49 root - INFO - Started Regular Expression mapping
[ 2026-05-27 15:12:11,567] 174 root - INFO - Data transformation complete
[ 2026-05-27 15:12:11,567] 49 root - INFO - Started Regular Expression mapping
[ 2026-05-27 15:12:11,568] 174 root - INFO - Data transformation complete
[ 2026-05-27 15:12:11,568] 49 root - INFO - Started Regular Expression mapping
[ 2026-05-27 15:12:11,568] 174 root - INFO - Data transformation complete
[ 2026-05-27 15:12:11,568] 49 root - INFO - Started Regular Expression mapping
[ 2026-05-27 15:12:11,568] 174 root - INFO - Data transformation complete
[ 2026-05-27 15:12:11,569] 49 root - INFO - Started Regular Expression mapping
[ 2026-05-27 15:12:11,569] 174 root - INFO - Data transformation complete
[ 2026-05-27 15:12:11,569] 49 root - INFO - Started Regular Expression mapping
[ 2026-05-27 15:12:11,569] 174 root - INFO - Data transformation complete
[ 2026-05-27 15:12:11,569] 49 root - INFO - Started Regular Expression mapping
[ 2026-05-27 15:12:11,569] 174 root - INFO - Data transformation complete
[ 2026-05-27 15:12:11,570] 49 root - INFO - Started Regular Expression mapping
[ 2026-05-27 15:12:11,570] 174 root - INFO - Data transformation complete
[ 2026-05-27 15:12:11,570] 49 root - INFO - Started Regular Expression mapping
[ 2026-05-27 15:12:11,570] 174 root - INFO - Data transformation complete
[ 2026-05-27 15:12:11,570] 49 root - INFO - Started Regular Expression mapping
[ 2026-05-27 15:12:11,571] 174 root - INFO - Data transformation complete
[ 2026-05-27 15:12:11,571] 49 root - INFO - Started Regular Expression mapping
[ 2026-05-27 15:12:11,571] 174 root - INFO - Data transformation complete
[ 2026-05-27 15:12:11,571] 49 root - INFO - Started Regular Expression mapping
[ 2026-05-27 15:12:11,571] 174 root - INFO - Data transformation complete
[ 2026-05-27 15:12:11,571] 49 root - INFO - Started Regular Expression mapping
[ 2026-05-27 15:12:11,572] 174 root - INFO - Data transformation complete
[ 2026-05-27 15:12:11,572] 49 root - INFO - Started Regular Expression mapping
[ 2026-05-27 15:12:11,572] 174 root - INFO - Data transformation complete
[ 2026-05-27 15:12:11,572] 49 root - INFO - Started Regular Expression mapping
[ 2026-05-27 15:12:11,572] 174 root - INFO - Data transformation complete
[ 2026-05-27 15:12:11,573] 49 root - INFO - Started Regular Expression mapping
[ 2026-05-27 15:12:11,573] 174 root - INFO - Data transformation complete
[ 2026-05-27 15:12:11,573] 49 root - INFO - Started Regular Expression mapping
[ 2026-05-27 15:12:11,573] 174 root - INFO - Data transformation complete
[ 2026-05-27 15:12:11,573] 49 root - INFO - Started Regular Expression mapping
[ 2026-05-27 15:12:11,574] 174 root - INFO - Data transformation complete
[ 2026-05-27 15:12:11,574] 49 root - INFO - Started Regular Expression mapping
[ 2026-05-27 15:12:11,574] 174 root - INFO - Data transformation complete
[ 2026-05-27 15:12:11,574] 49 root - INFO - Started Regular Expression mapping
[ 2026-05-27 15:12:11,574] 25 root - INFO - Match heuristic business names to paybill payments
[ 2026-05-27 15:12:11,574] 174 root - INFO - Data transformation complete
[ 2026-05-27 15:12:11,575] 49 root - INFO - Started Regular Expression mapping
[ 2026-05-27 15:12:11,575] 174 root - INFO - Data transformation complete
[ 2026-05-27 15:12:11,575] 49 root - INFO - Started Regular Expression mapping
[ 2026-05-27 15:12:11,575] 174 root - INFO - Data transformation complete
[ 2026-05-27 15:12:11,575] 49 root - INFO - Started Regular Expression mapping
[ 2026-05-27 15:12:11,576] 174 root - INFO - Data transformation complete
[ 2026-05-27 15:12:11,576] 49 root - INFO - Started Regular Expression mapping
[ 2026-05-27 15:12:11,576] 174 root - INFO - Data transformation complete
[ 2026-05-27 15:12:11,576] 49 root - INFO - Started Regular Expression mapping
[ 2026-05-27 15:12:11,576] 174 root - INFO - Data transformation complete
[ 2026-05-27 15:12:11,576] 49 root - INFO - Started Regular Expression mapping
[ 2026-05-27 15:12:11,577] 174 root - INFO - Data transformation complete
[ 2026-05-27 15:12:11,577] 49 root - INFO - Started Regular Expression mapping
[ 2026-05-27 15:12:11,577] 174 root - INFO - Data transformation complete
[ 2026-05-27 15:12:11,577] 49 root - INFO - Started Regular Expression mapping
[ 2026-05-27 15:12:11,577] 174 root - INFO - Data transformation complete
[ 2026-05-27 15:12:11,577] 49 root - INFO - Started Regular Expression mapping
[ 2026-05-27 15:12:11,578] 174 root - INFO - Data transformation complete
[ 2026-05-27 15:12:11,578] 49 root - INFO - Started Regular Expression mapping
[ 2026-05-27 15:12:11,578] 174 root - INFO - Data transformation complete
[ 2026-05-27 15:12:11,578] 49 root - INFO - Started Regular Expression mapping
[ 2026-05-27 15:12:11,578] 174 root - INFO - Data transformation complete
[ 2026-05-27 15:12:11,579] 49 root - INFO - Started Regular Expression mapping
[ 2026-05-27 15:12:11,579] 174 root - INFO - Data transformation complete
[ 2026-05-27 15:12:11,579] 49 root - INFO - Started Regular Expression mapping
[ 2026-05-27 15:12:11,579] 174 root - INFO - Data transformation complete
[ 2026-05-27 15:12:11,579] 49 root - INFO - Started Regular Expression mapping
[ 2026-05-27 15:12:11,580] 174 root - INFO - Data transformation complete
[ 2026-05-27 15:12:11,580] 49 root - INFO - Started Regular Expression mapping
[ 2026-05-27 15:12:11,580] 174 root - INFO - Data transformation complete
[ 2026-05-27 15:12:11,580] 49 root - INFO - Started Regular Expression mapping
[ 2026-05-27 15:12:11,580] 174 root - INFO - Data transformation complete
[ 2026-05-27 15:12:11,580] 49 root - INFO - Started Regular Expression mapping
[ 2026-05-27 15:12:11,581] 174 root - INFO - Data transformation complete
[ 2026-05-27 15:12:11,581] 49 root - INFO - Started Regular Expression mapping
[ 2026-05-27 15:12:11,581] 174 root - INFO - Data transformation complete
[ 2026-05-27 15:12:11,581] 49 root - INFO - Started Regular Expression mapping
[ 2026-05-27 15:12:11,581] 174 root - INFO - Data transformation complete
[ 2026-05-27 15:12:11,582] 49 root - INFO - Started Regular Expression mapping
[ 2026-05-27 15:12:11,582] 174 root - INFO - Data transformation complete
[ 2026-05-27 15:12:11,582] 49 root - INFO - Started Regular Expression mapping
[ 2026-05-27 15:12:11,582] 25 root - INFO - Match heuristic business names to paybill payments
[ 2026-05-27 15:12:11,582] 174 root - INFO - Data transformation complete
[ 2026-05-27 15:12:11,582] 49 root - INFO - Started Regular Expression mapping
[ 2026-05-27 15:12:11,583] 174 root - INFO - Data transformation complete
[ 2026-05-27 15:12:11,583] 49 root - INFO - Started Regular Expression mapping
[ 2026-05-27 15:12:11,583] 25 root - INFO - Match heuristic business names to paybill payments
[ 2026-05-27 15:12:11,583] 174 root - INFO - Data transformation complete
[ 2026-05-27 15:12:11,583] 49 root - INFO - Started Regular Expression mapping
[ 2026-05-27 15:12:11,584] 174 root - INFO - Data transformation complete
[ 2026-05-27 15:12:11,584] 49 root - INFO - Started Regular Expression mapping
[ 2026-05-27 15:12:11,584] 174 root - INFO - Data transformation complete
[ 2026-05-27 15:12:11,584] 49 root - INFO - Started Regular Expression mapping
[ 2026-05-27 15:12:11,584] 174 root - INFO - Data transformation complete
[ 2026-05-27 15:12:11,584] 49 root - INFO - Started Regular Expression mapping
[ 2026-05-27 15:12:11,585] 174 root - INFO - Data transformation complete
[ 2026-05-27 15:12:11,585] 49 root - INFO - Started Regular Expression mapping
[ 2026-05-27 15:12:11,585] 174 root - INFO - Data transformation complete
[ 2026-05-27 15:12:11,585] 49 root - INFO - Started Regular Expression mapping
[ 2026-05-27 15:12:11,585] 174 root - INFO - Data transformation complete
[ 2026-05-27 15:12:11,586] 49 root - INFO - Started Regular Expression mapping
[ 2026-05-27 15:12:11,586] 174 root - INFO - Data transformation complete
[ 2026-05-27 15:12:11,586] 49 root - INFO - Started Regular Expression mapping
[ 2026-05-27 15:12:11,586] 174 root - INFO - Data transformation complete
[ 2026-05-27 15:12:11,586] 49 root - INFO - Started Regular Expression mapping
[ 2026-05-27 15:12:11,587] 174 root - INFO - Data transformation complete
[ 2026-05-27 15:12:11,587] 49 root - INFO - Started Regular Expression mapping
[ 2026-05-27 15:12:11,587] 174 root - INFO - Data transformation complete
[ 2026-05-27 15:12:11,587] 49 root - INFO - Started Regular Expression mapping
[ 2026-05-27 15:12:11,587] 174 root - INFO - Data transformation complete
[ 2026-05-27 15:12:11,587] 49 root - INFO - Started Regular Expression mapping
[ 2026-05-27 15:12:11,588] 174 root - INFO - Data transformation complete
[ 2026-05-27 15:12:11,588] 49 root - INFO - Started Regular Expression mapping
[ 2026-05-27 15:12:11,588] 174 root - INFO - Data transformation complete
[ 2026-05-27 15:12:11,588] 49 root - INFO - Started Regular Expression mapping
[ 2026-05-27 15:12:11,588] 174 root - INFO - Data transformation complete
[ 2026-05-27 15:12:11,589] 49 root - INFO - Started Regular Expression mapping
[ 2026-05-27 15:12:11,589] 174 root - INFO - Data transformation complete
[ 2026-05-27 15:12:11,589] 49 root - INFO - Started Regular Expression mapping
[ 2026-05-27 15:12:11,589] 174 root - INFO - Data transformation complete
[ 2026-05-27 15:12:11,589] 49 root - INFO - Started Regular Expression mapping
[ 2026-05-27 15:12:11,590] 174 root - INFO - Data transformation complete
[ 2026-05-27 15:12:11,590] 49 root - INFO - Started Regular Expression mapping
[ 2026-05-27 15:12:11,590] 174 root - INFO - Data transformation complete
[ 2026-05-27 15:12:11,590] 49 root - INFO - Started Regular Expression mapping
[ 2026-05-27 15:12:11,590] 174 root - INFO - Data transformation complete
[ 2026-05-27 15:12:11,590] 49 root - INFO - Started Regular Expression mapping
[ 2026-05-27 15:12:11,591] 174 root - INFO - Data transformation complete
[ 2026-05-27 15:12:11,591] 49 root - INFO - Started Regular Expression mapping
[ 2026-05-27 15:12:11,591] 174 root - INFO - Data transformation complete
[ 2026-05-27 15:12:11,591] 49 root - INFO - Started Regular Expression mapping
[ 2026-05-27 15:12:11,591] 174 root - INFO - Data transformation complete
[ 2026-05-27 15:12:11,592] 49 root - INFO - Started Regular Expression mapping
[ 2026-05-27 15:12:11,592] 174 root - INFO - Data transformation complete
[ 2026-05-27 15:12:11,592] 49 root - INFO - Started Regular Expression mapping
[ 2026-05-27 15:12:11,592] 174 root - INFO - Data transformation complete
[ 2026-05-27 15:12:11,592] 49 root - INFO - Started Regular Expression mapping
[ 2026-05-27 15:12:11,592] 174 root - INFO - Data transformation complete
[ 2026-05-27 15:12:11,593] 49 root - INFO - Started Regular Expression mapping
[ 2026-05-27 15:12:11,593] 174 root - INFO - Data transformation complete
[ 2026-05-27 15:12:11,593] 49 root - INFO - Started Regular Expression mapping
[ 2026-05-27 15:12:11,593] 174 root - INFO - Data transformation complete
[ 2026-05-27 15:12:11,593] 49 root - INFO - Started Regular Expression mapping
[ 2026-05-27 15:12:11,594] 25 root - INFO - Match heuristic business names to paybill payments
[ 2026-05-27 15:12:11,594] 174 root - INFO - Data transformation complete
[ 2026-05-27 15:12:11,594] 49 root - INFO - Started Regular Expression mapping
[ 2026-05-27 15:12:11,594] 174 root - INFO - Data transformation complete
[ 2026-05-27 15:12:11,594] 49 root - INFO - Started Regular Expression mapping
[ 2026-05-27 15:12:11,594] 174 root - INFO - Data transformation complete
[ 2026-05-27 15:12:11,595] 49 root - INFO - Started Regular Expression mapping
[ 2026-05-27 15:12:11,595] 174 root - INFO - Data transformation complete
[ 2026-05-27 15:12:11,595] 49 root - INFO - Started Regular Expression mapping
[ 2026-05-27 15:12:11,595] 174 root - INFO - Data transformation complete
[ 2026-05-27 15:12:11,595] 49 root - INFO - Started Regular Expression mapping
[ 2026-05-27 15:12:11,595] 174 root - INFO - Data transformation complete
[ 2026-05-27 15:12:11,596] 49 root - INFO - Started Regular Expression mapping
[ 2026-05-27 15:12:11,596] 25 root - INFO - Match heuristic business names to paybill payments
[ 2026-05-27 15:12:11,596] 174 root - INFO - Data transformation complete
[ 2026-05-27 15:12:11,596] 49 root - INFO - Started Regular Expression mapping
[ 2026-05-27 15:12:11,596] 174 root - INFO - Data transformation complete
[ 2026-05-27 15:12:11,596] 49 root - INFO - Started Regular Expression mapping
[ 2026-05-27 15:12:11,596] 174 root - INFO - Data transformation complete
[ 2026-05-27 15:12:11,597] 49 root - INFO - Started Regular Expression mapping
[ 2026-05-27 15:12:11,597] 174 root - INFO - Data transformation complete
[ 2026-05-27 15:12:11,597] 49 root - INFO - Started Regular Expression mapping
[ 2026-05-27 15:12:11,597] 174 root - INFO - Data transformation complete
[ 2026-05-27 15:12:11,597] 49 root - INFO - Started Regular Expression mapping
[ 2026-05-27 15:12:11,597] 174 root - INFO - Data transformation complete
[ 2026-05-27 15:12:11,597] 49 root - INFO - Started Regular Expression mapping
[ 2026-05-27 15:12:11,598] 25 root - INFO - Match heuristic business names to paybill payments
[ 2026-05-27 15:12:11,598] 174 root - INFO - Data transformation complete
[ 2026-05-27 15:12:11,598] 49 root - INFO - Started Regular Expression mapping
[ 2026-05-27 15:12:11,598] 174 root - INFO - Data transformation complete
[ 2026-05-27 15:12:11,598] 49 root - INFO - Started Regular Expression mapping
[ 2026-05-27 15:12:11,598] 174 root - INFO - Data transformation complete
[ 2026-05-27 15:12:11,598] 49 root - INFO - Started Regular Expression mapping
[ 2026-05-27 15:12:11,599] 174 root - INFO - Data transformation complete
[ 2026-05-27 15:12:11,599] 49 root - INFO - Started Regular Expression mapping
[ 2026-05-27 15:12:11,599] 174 root - INFO - Data transformation complete
[ 2026-05-27 15:12:11,599] 49 root - INFO - Started Regular Expression mapping
[ 2026-05-27 15:12:11,599] 25 root - INFO - Match heuristic business names to paybill payments
[ 2026-05-27 15:12:11,599] 174 root - INFO - Data transformation complete
[ 2026-05-27 15:12:11,600] 49 root - INFO - Started Regular Expression mapping
[ 2026-05-27 15:12:11,600] 174 root - INFO - Data transformation complete
[ 2026-05-27 15:12:11,600] 49 root - INFO - Started Regular Expression mapping
[ 2026-05-27 15:12:11,600] 174 root - INFO - Data transformation complete
[ 2026-05-27 15:12:11,600] 49 root - INFO - Started Regular Expression mapping
[ 2026-05-27 15:12:11,600] 174 root - INFO - Data transformation complete
[ 2026-05-27 15:12:11,600] 49 root - INFO - Started Regular Expression mapping
[ 2026-05-27 15:12:11,601] 174 root - INFO - Data transformation complete
[ 2026-05-27 15:12:11,601] 49 root - INFO - Started Regular Expression mapping
[ 2026-05-27 15:12:11,601] 25 root - INFO - Match heuristic business names to paybill payments
[ 2026-05-27 15:12:11,601] 174 root - INFO - Data transformation complete
[ 2026-05-27 15:12:11,601] 49 root - INFO - Started Regular Expression mapping
[ 2026-05-27 15:12:11,601] 174 root - INFO - Data transformation complete
[ 2026-05-27 15:12:11,601] 49 root - INFO - Started Regular Expression mapping
[ 2026-05-27 15:12:11,602] 174 root - INFO - Data transformation complete
[ 2026-05-27 15:12:11,602] 49 root - INFO - Started Regular Expression mapping
[ 2026-05-27 15:12:11,602] 174 root - INFO - Data transformation complete
[ 2026-05-27 15:12:11,602] 49 root - INFO - Started Regular Expression mapping
[ 2026-05-27 15:12:11,602] 174 root - INFO - Data transformation complete
[ 2026-05-27 15:12:11,602] 49 root - INFO - Started Regular Expression mapping
[ 2026-05-27 15:12:11,603] 174 root - INFO - Data transformation complete
[ 2026-05-27 15:12:11,603] 49 root - INFO - Started Regular Expression mapping
[ 2026-05-27 15:12:11,603] 174 root - INFO - Data transformation complete
[ 2026-05-27 15:12:11,603] 49 root - INFO - Started Regular Expression mapping
[ 2026-05-27 15:12:11,603] 174 root - INFO - Data transformation complete
[ 2026-05-27 15:12:11,603] 49 root - INFO - Started Regular Expression mapping
[ 2026-05-27 15:12:11,604] 174 root - INFO - Data transformation complete
[ 2026-05-27 15:12:11,604] 49 root - INFO - Started Regular Expression mapping
[ 2026-05-27 15:12:11,604] 174 root - INFO - Data transformation complete
[ 2026-05-27 15:12:11,604] 49 root - INFO - Started Regular Expression mapping
[ 2026-05-27 15:12:11,604] 174 root - INFO - Data transformation complete
[ 2026-05-27 15:12:11,604] 49 root - INFO - Started Regular Expression mapping
[ 2026-05-27 15:12:11,604] 174 root - INFO - Data transformation complete
[ 2026-05-27 15:12:11,605] 49 root - INFO - Started Regular Expression mapping
[ 2026-05-27 15:12:11,605] 174 root - INFO - Data transformation complete
[ 2026-05-27 15:12:11,605] 49 root - INFO - Started Regular Expression mapping
[ 2026-05-27 15:12:11,605] 25 root - INFO - Match heuristic business names to paybill payments
[ 2026-05-27 15:12:11,605] 174 root - INFO - Data transformation complete
[ 2026-05-27 15:12:11,605] 49 root - INFO - Started Regular Expression mapping
[ 2026-05-27 15:12:11,606] 174 root - INFO - Data transformation complete
[ 2026-05-27 15:12:11,606] 49 root - INFO - Started Regular Expression mapping
[ 2026-05-27 15:12:11,606] 174 root - INFO - Data transformation complete
[ 2026-05-27 15:12:11,606] 49 root - INFO - Started Regular Expression mapping
[ 2026-05-27 15:12:11,606] 174 root - INFO - Data transformation complete
[ 2026-05-27 15:12:11,606] 49 root - INFO - Started Regular Expression mapping
[ 2026-05-27 15:12:11,606] 174 root - INFO - Data transformation complete
[ 2026-05-27 15:12:11,607] 49 root - INFO - Started Regular Expression mapping
[ 2026-05-27 15:12:11,607] 174 root - INFO - Data transformation complete
[ 2026-05-27 15:12:11,607] 49 root - INFO - Started Regular Expression mapping
[ 2026-05-27 15:12:11,607] 174 root - INFO - Data transformation complete
[ 2026-05-27 15:12:11,607] 49 root - INFO - Started Regular Expression mapping
[ 2026-05-27 15:12:11,607] 174 root - INFO - Data transformation complete
[ 2026-05-27 15:12:11,607] 49 root - INFO - Started Regular Expression mapping
[ 2026-05-27 15:12:11,608] 174 root - INFO - Data transformation complete
[ 2026-05-27 15:12:11,608] 49 root - INFO - Started Regular Expression mapping
[ 2026-05-27 15:12:11,608] 174 root - INFO - Data transformation complete
[ 2026-05-27 15:12:11,608] 49 root - INFO - Started Regular Expression mapping
[ 2026-05-27 15:12:11,608] 174 root - INFO - Data transformation complete
[ 2026-05-27 15:12:11,608] 49 root - INFO - Started Regular Expression mapping
[ 2026-05-27 15:12:11,609] 25 root - INFO - Match heuristic business names to paybill payments
[ 2026-05-27 15:12:11,609] 174 root - INFO - Data transformation complete
[ 2026-05-27 15:12:11,609] 49 root - INFO - Started Regular Expression mapping
[ 2026-05-27 15:12:11,609] 174 root - INFO - Data transformation complete
[ 2026-05-27 15:12:11,609] 49 root - INFO - Started Regular Expression mapping
[ 2026-05-27 15:12:11,609] 174 root - INFO - Data transformation complete
[ 2026-05-27 15:12:11,609] 49 root - INFO - Started Regular Expression mapping
[ 2026-05-27 15:12:11,610] 174 root - INFO - Data transformation complete
[ 2026-05-27 15:12:11,610] 49 root - INFO - Started Regular Expression mapping
[ 2026-05-27 15:12:11,610] 174 root - INFO - Data transformation complete
[ 2026-05-27 15:12:11,610] 49 root - INFO - Started Regular Expression mapping
[ 2026-05-27 15:12:11,610] 174 root - INFO - Data transformation complete
[ 2026-05-27 15:12:11,650] 194 root - INFO - Data parsing complete
[ 2026-05-27 15:12:11,651] 60 root - INFO - Entered feature engineering object
[ 2026-05-27 15:12:11,651] 22 root - INFO - Data pivoting started
[ 2026-05-27 15:12:11,708] 52 root - INFO - Data pivoting complete
[ 2026-05-27 15:12:11,725] 100 root - INFO - Feature engineerig complete
[ 2026-05-27 15:12:11,739] 100 root - INFO - Feature engineerig complete
[ 2026-05-27 15:12:11,752] 100 root - INFO - Feature engineerig complete
[ 2026-05-27 15:12:11,766] 100 root - INFO - Feature engineerig complete
[ 2026-05-27 15:12:11,780] 100 root - INFO - Feature engineerig complete
[ 2026-05-27 15:12:11,796] 100 root - INFO - Feature engineerig complete
[ 2026-05-27 15:12:11,796] 29 root - INFO - Entered model training object
[ 2026-05-27 15:12:11,796] 60 root - INFO - Entered feature engineering object
[ 2026-05-27 15:12:11,796] 22 root - INFO - Data pivoting started
[ 2026-05-27 15:12:11,823] 52 root - INFO - Data pivoting complete
[ 2026-05-27 15:12:11,838] 100 root - INFO - Feature engineerig complete
[ 2026-05-27 15:12:11,853] 100 root - INFO - Feature engineerig complete
[ 2026-05-27 15:12:11,919] 100 root - INFO - Feature engineerig complete
[ 2026-05-27 15:12:11,932] 100 root - INFO - Feature engineerig complete
[ 2026-05-27 15:12:11,944] 100 root - INFO - Feature engineerig complete
[ 2026-05-27 15:12:11,957] 100 root - INFO - Feature engineerig complete
[ 2026-05-27 15:12:12,016] 81 root - INFO - Model trained and saved successfully
[ 2026-05-27 15:12:12,076] 81 root - INFO - Model trained and saved successfully
[ 2026-05-27 15:12:12,129] 81 root - INFO - Model trained and saved successfully
[ 2026-05-27 15:12:12,188] 81 root - INFO - Model trained and saved successfully
[ 2026-05-27 15:12:12,258] 81 root - INFO - Model trained and saved successfully
[ 2026-05-27 15:12:12,319] 81 root - INFO - Model trained and saved successfully
