[ 2026-05-27 22:13:10,697] 26 root - INFO - Entered data ingestion method
[ 2026-05-27 22:13:10,987] 48 root - INFO - Data parsing successful
[ 2026-05-27 22:13:11,071] 53 root - INFO - Data Ingestion complete!
[ 2026-05-27 22:13:11,077] 181 root - INFO - Entered data transformation object
[ 2026-05-27 22:13:11,172] 49 root - INFO - Started Regular Expression mapping
[ 2026-05-27 22:13:11,183] 25 root - INFO - Match heuristic business names to paybill payments
[ 2026-05-27 22:13:11,184] 174 root - INFO - Data transformation complete
[ 2026-05-27 22:13:11,184] 49 root - INFO - Started Regular Expression mapping
[ 2026-05-27 22:13:11,184] 174 root - INFO - Data transformation complete
[ 2026-05-27 22:13:11,185] 49 root - INFO - Started Regular Expression mapping
[ 2026-05-27 22:13:11,185] 174 root - INFO - Data transformation complete
[ 2026-05-27 22:13:11,185] 49 root - INFO - Started Regular Expression mapping
[ 2026-05-27 22:13:11,185] 174 root - INFO - Data transformation complete
[ 2026-05-27 22:13:11,185] 49 root - INFO - Started Regular Expression mapping
[ 2026-05-27 22:13:11,185] 25 root - INFO - Match heuristic business names to paybill payments
[ 2026-05-27 22:13:11,186] 174 root - INFO - Data transformation complete
[ 2026-05-27 22:13:11,186] 49 root - INFO - Started Regular Expression mapping
[ 2026-05-27 22:13:11,186] 174 root - INFO - Data transformation complete
[ 2026-05-27 22:13:11,186] 49 root - INFO - Started Regular Expression mapping
[ 2026-05-27 22:13:11,186] 174 root - INFO - Data transformation complete
[ 2026-05-27 22:13:11,186] 49 root - INFO - Started Regular Expression mapping
[ 2026-05-27 22:13:11,187] 174 root - INFO - Data transformation complete
[ 2026-05-27 22:13:11,187] 49 root - INFO - Started Regular Expression mapping
[ 2026-05-27 22:13:11,187] 174 root - INFO - Data transformation complete
[ 2026-05-27 22:13:11,187] 49 root - INFO - Started Regular Expression mapping
[ 2026-05-27 22:13:11,187] 174 root - INFO - Data transformation complete
[ 2026-05-27 22:13:11,187] 49 root - INFO - Started Regular Expression mapping
[ 2026-05-27 22:13:11,188] 174 root - INFO - Data transformation complete
[ 2026-05-27 22:13:11,188] 49 root - INFO - Started Regular Expression mapping
[ 2026-05-27 22:13:11,188] 174 root - INFO - Data transformation complete
[ 2026-05-27 22:13:11,188] 49 root - INFO - Started Regular Expression mapping
[ 2026-05-27 22:13:11,188] 25 root - INFO - Match heuristic business names to paybill payments
[ 2026-05-27 22:13:11,188] 174 root - INFO - Data transformation complete
[ 2026-05-27 22:13:11,188] 49 root - INFO - Started Regular Expression mapping
[ 2026-05-27 22:13:11,189] 174 root - INFO - Data transformation complete
[ 2026-05-27 22:13:11,189] 49 root - INFO - Started Regular Expression mapping
[ 2026-05-27 22:13:11,189] 174 root - INFO - Data transformation complete
[ 2026-05-27 22:13:11,189] 49 root - INFO - Started Regular Expression mapping
[ 2026-05-27 22:13:11,189] 174 root - INFO - Data transformation complete
[ 2026-05-27 22:13:11,189] 49 root - INFO - Started Regular Expression mapping
[ 2026-05-27 22:13:11,190] 174 root - INFO - Data transformation complete
[ 2026-05-27 22:13:11,190] 49 root - INFO - Started Regular Expression mapping
[ 2026-05-27 22:13:11,190] 174 root - INFO - Data transformation complete
[ 2026-05-27 22:13:11,190] 49 root - INFO - Started Regular Expression mapping
[ 2026-05-27 22:13:11,190] 174 root - INFO - Data transformation complete
[ 2026-05-27 22:13:11,190] 49 root - INFO - Started Regular Expression mapping
[ 2026-05-27 22:13:11,191] 174 root - INFO - Data transformation complete
[ 2026-05-27 22:13:11,191] 49 root - INFO - Started Regular Expression mapping
[ 2026-05-27 22:13:11,191] 174 root - INFO - Data transformation complete
[ 2026-05-27 22:13:11,191] 49 root - INFO - Started Regular Expression mapping
[ 2026-05-27 22:13:11,191] 174 root - INFO - Data transformation complete
[ 2026-05-27 22:13:11,191] 49 root - INFO - Started Regular Expression mapping
[ 2026-05-27 22:13:11,191] 25 root - INFO - Match heuristic business names to paybill payments
[ 2026-05-27 22:13:11,192] 174 root - INFO - Data transformation complete
[ 2026-05-27 22:13:11,192] 49 root - INFO - Started Regular Expression mapping
[ 2026-05-27 22:13:11,192] 174 root - INFO - Data transformation complete
[ 2026-05-27 22:13:11,192] 49 root - INFO - Started Regular Expression mapping
[ 2026-05-27 22:13:11,192] 174 root - INFO - Data transformation complete
[ 2026-05-27 22:13:11,192] 49 root - INFO - Started Regular Expression mapping
[ 2026-05-27 22:13:11,193] 174 root - INFO - Data transformation complete
[ 2026-05-27 22:13:11,193] 49 root - INFO - Started Regular Expression mapping
[ 2026-05-27 22:13:11,194] 25 root - INFO - Match heuristic business names to paybill payments
[ 2026-05-27 22:13:11,194] 174 root - INFO - Data transformation complete
[ 2026-05-27 22:13:11,194] 49 root - INFO - Started Regular Expression mapping
[ 2026-05-27 22:13:11,194] 174 root - INFO - Data transformation complete
[ 2026-05-27 22:13:11,194] 49 root - INFO - Started Regular Expression mapping
[ 2026-05-27 22:13:11,195] 174 root - INFO - Data transformation complete
[ 2026-05-27 22:13:11,195] 49 root - INFO - Started Regular Expression mapping
[ 2026-05-27 22:13:11,195] 174 root - INFO - Data transformation complete
[ 2026-05-27 22:13:11,195] 49 root - INFO - Started Regular Expression mapping
[ 2026-05-27 22:13:11,195] 174 root - INFO - Data transformation complete
[ 2026-05-27 22:13:11,195] 49 root - INFO - Started Regular Expression mapping
[ 2026-05-27 22:13:11,196] 174 root - INFO - Data transformation complete
[ 2026-05-27 22:13:11,196] 49 root - INFO - Started Regular Expression mapping
[ 2026-05-27 22:13:11,196] 174 root - INFO - Data transformation complete
[ 2026-05-27 22:13:11,196] 49 root - INFO - Started Regular Expression mapping
[ 2026-05-27 22:13:11,196] 174 root - INFO - Data transformation complete
[ 2026-05-27 22:13:11,196] 49 root - INFO - Started Regular Expression mapping
[ 2026-05-27 22:13:11,197] 174 root - INFO - Data transformation complete
[ 2026-05-27 22:13:11,197] 49 root - INFO - Started Regular Expression mapping
[ 2026-05-27 22:13:11,197] 174 root - INFO - Data transformation complete
[ 2026-05-27 22:13:11,197] 49 root - INFO - Started Regular Expression mapping
[ 2026-05-27 22:13:11,197] 25 root - INFO - Match heuristic business names to paybill payments
[ 2026-05-27 22:13:11,197] 174 root - INFO - Data transformation complete
[ 2026-05-27 22:13:11,197] 49 root - INFO - Started Regular Expression mapping
[ 2026-05-27 22:13:11,198] 174 root - INFO - Data transformation complete
[ 2026-05-27 22:13:11,198] 49 root - INFO - Started Regular Expression mapping
[ 2026-05-27 22:13:11,198] 174 root - INFO - Data transformation complete
[ 2026-05-27 22:13:11,198] 49 root - INFO - Started Regular Expression mapping
[ 2026-05-27 22:13:11,198] 174 root - INFO - Data transformation complete
[ 2026-05-27 22:13:11,198] 49 root - INFO - Started Regular Expression mapping
[ 2026-05-27 22:13:11,199] 174 root - INFO - Data transformation complete
[ 2026-05-27 22:13:11,199] 49 root - INFO - Started Regular Expression mapping
[ 2026-05-27 22:13:11,199] 25 root - INFO - Match heuristic business names to paybill payments
[ 2026-05-27 22:13:11,199] 174 root - INFO - Data transformation complete
[ 2026-05-27 22:13:11,199] 49 root - INFO - Started Regular Expression mapping
[ 2026-05-27 22:13:11,199] 174 root - INFO - Data transformation complete
[ 2026-05-27 22:13:11,199] 49 root - INFO - Started Regular Expression mapping
[ 2026-05-27 22:13:11,200] 174 root - INFO - Data transformation complete
[ 2026-05-27 22:13:11,200] 49 root - INFO - Started Regular Expression mapping
[ 2026-05-27 22:13:11,200] 25 root - INFO - Match heuristic business names to paybill payments
[ 2026-05-27 22:13:11,200] 174 root - INFO - Data transformation complete
[ 2026-05-27 22:13:11,200] 49 root - INFO - Started Regular Expression mapping
[ 2026-05-27 22:13:11,200] 25 root - INFO - Match heuristic business names to paybill payments
[ 2026-05-27 22:13:11,201] 174 root - INFO - Data transformation complete
[ 2026-05-27 22:13:11,201] 49 root - INFO - Started Regular Expression mapping
[ 2026-05-27 22:13:11,201] 174 root - INFO - Data transformation complete
[ 2026-05-27 22:13:11,201] 49 root - INFO - Started Regular Expression mapping
[ 2026-05-27 22:13:11,201] 25 root - INFO - Match heuristic business names to paybill payments
[ 2026-05-27 22:13:11,201] 174 root - INFO - Data transformation complete
[ 2026-05-27 22:13:11,202] 49 root - INFO - Started Regular Expression mapping
[ 2026-05-27 22:13:11,202] 174 root - INFO - Data transformation complete
[ 2026-05-27 22:13:11,202] 49 root - INFO - Started Regular Expression mapping
[ 2026-05-27 22:13:11,202] 174 root - INFO - Data transformation complete
[ 2026-05-27 22:13:11,202] 49 root - INFO - Started Regular Expression mapping
[ 2026-05-27 22:13:11,202] 174 root - INFO - Data transformation complete
[ 2026-05-27 22:13:11,202] 49 root - INFO - Started Regular Expression mapping
[ 2026-05-27 22:13:11,203] 174 root - INFO - Data transformation complete
[ 2026-05-27 22:13:11,203] 49 root - INFO - Started Regular Expression mapping
[ 2026-05-27 22:13:11,203] 25 root - INFO - Match heuristic business names to paybill payments
[ 2026-05-27 22:13:11,203] 174 root - INFO - Data transformation complete
[ 2026-05-27 22:13:11,203] 49 root - INFO - Started Regular Expression mapping
[ 2026-05-27 22:13:11,203] 25 root - INFO - Match heuristic business names to paybill payments
[ 2026-05-27 22:13:11,204] 174 root - INFO - Data transformation complete
[ 2026-05-27 22:13:11,204] 49 root - INFO - Started Regular Expression mapping
[ 2026-05-27 22:13:11,204] 25 root - INFO - Match heuristic business names to paybill payments
[ 2026-05-27 22:13:11,204] 174 root - INFO - Data transformation complete
[ 2026-05-27 22:13:11,204] 49 root - INFO - Started Regular Expression mapping
[ 2026-05-27 22:13:11,204] 174 root - INFO - Data transformation complete
[ 2026-05-27 22:13:11,204] 49 root - INFO - Started Regular Expression mapping
[ 2026-05-27 22:13:11,205] 174 root - INFO - Data transformation complete
[ 2026-05-27 22:13:11,205] 49 root - INFO - Started Regular Expression mapping
[ 2026-05-27 22:13:11,205] 174 root - INFO - Data transformation complete
[ 2026-05-27 22:13:11,205] 49 root - INFO - Started Regular Expression mapping
[ 2026-05-27 22:13:11,205] 25 root - INFO - Match heuristic business names to paybill payments
[ 2026-05-27 22:13:11,205] 174 root - INFO - Data transformation complete
[ 2026-05-27 22:13:11,206] 49 root - INFO - Started Regular Expression mapping
[ 2026-05-27 22:13:11,206] 174 root - INFO - Data transformation complete
[ 2026-05-27 22:13:11,206] 49 root - INFO - Started Regular Expression mapping
[ 2026-05-27 22:13:11,206] 25 root - INFO - Match heuristic business names to paybill payments
[ 2026-05-27 22:13:11,206] 174 root - INFO - Data transformation complete
[ 2026-05-27 22:13:11,206] 49 root - INFO - Started Regular Expression mapping
[ 2026-05-27 22:13:11,206] 25 root - INFO - Match heuristic business names to paybill payments
[ 2026-05-27 22:13:11,207] 174 root - INFO - Data transformation complete
[ 2026-05-27 22:13:11,207] 49 root - INFO - Started Regular Expression mapping
[ 2026-05-27 22:13:11,207] 174 root - INFO - Data transformation complete
[ 2026-05-27 22:13:11,207] 49 root - INFO - Started Regular Expression mapping
[ 2026-05-27 22:13:11,207] 174 root - INFO - Data transformation complete
[ 2026-05-27 22:13:11,207] 49 root - INFO - Started Regular Expression mapping
[ 2026-05-27 22:13:11,208] 174 root - INFO - Data transformation complete
[ 2026-05-27 22:13:11,208] 49 root - INFO - Started Regular Expression mapping
[ 2026-05-27 22:13:11,208] 25 root - INFO - Match heuristic business names to paybill payments
[ 2026-05-27 22:13:11,208] 174 root - INFO - Data transformation complete
[ 2026-05-27 22:13:11,208] 49 root - INFO - Started Regular Expression mapping
[ 2026-05-27 22:13:11,208] 174 root - INFO - Data transformation complete
[ 2026-05-27 22:13:11,208] 49 root - INFO - Started Regular Expression mapping
[ 2026-05-27 22:13:11,209] 174 root - INFO - Data transformation complete
[ 2026-05-27 22:13:11,209] 49 root - INFO - Started Regular Expression mapping
[ 2026-05-27 22:13:11,209] 25 root - INFO - Match heuristic business names to paybill payments
[ 2026-05-27 22:13:11,209] 174 root - INFO - Data transformation complete
[ 2026-05-27 22:13:11,209] 49 root - INFO - Started Regular Expression mapping
[ 2026-05-27 22:13:11,209] 25 root - INFO - Match heuristic business names to paybill payments
[ 2026-05-27 22:13:11,210] 174 root - INFO - Data transformation complete
[ 2026-05-27 22:13:11,210] 49 root - INFO - Started Regular Expression mapping
[ 2026-05-27 22:13:11,210] 174 root - INFO - Data transformation complete
[ 2026-05-27 22:13:11,210] 49 root - INFO - Started Regular Expression mapping
[ 2026-05-27 22:13:11,210] 174 root - INFO - Data transformation complete
[ 2026-05-27 22:13:11,211] 49 root - INFO - Started Regular Expression mapping
[ 2026-05-27 22:13:11,211] 25 root - INFO - Match heuristic business names to paybill payments
[ 2026-05-27 22:13:11,211] 174 root - INFO - Data transformation complete
[ 2026-05-27 22:13:11,211] 49 root - INFO - Started Regular Expression mapping
[ 2026-05-27 22:13:11,211] 174 root - INFO - Data transformation complete
[ 2026-05-27 22:13:11,211] 49 root - INFO - Started Regular Expression mapping
[ 2026-05-27 22:13:11,212] 174 root - INFO - Data transformation complete
[ 2026-05-27 22:13:11,212] 49 root - INFO - Started Regular Expression mapping
[ 2026-05-27 22:13:11,212] 174 root - INFO - Data transformation complete
[ 2026-05-27 22:13:11,212] 49 root - INFO - Started Regular Expression mapping
[ 2026-05-27 22:13:11,212] 25 root - INFO - Match heuristic business names to paybill payments
[ 2026-05-27 22:13:11,212] 174 root - INFO - Data transformation complete
[ 2026-05-27 22:13:11,212] 49 root - INFO - Started Regular Expression mapping
[ 2026-05-27 22:13:11,213] 174 root - INFO - Data transformation complete
[ 2026-05-27 22:13:11,213] 49 root - INFO - Started Regular Expression mapping
[ 2026-05-27 22:13:11,213] 25 root - INFO - Match heuristic business names to paybill payments
[ 2026-05-27 22:13:11,213] 174 root - INFO - Data transformation complete
[ 2026-05-27 22:13:11,213] 49 root - INFO - Started Regular Expression mapping
[ 2026-05-27 22:13:11,213] 25 root - INFO - Match heuristic business names to paybill payments
[ 2026-05-27 22:13:11,214] 174 root - INFO - Data transformation complete
[ 2026-05-27 22:13:11,214] 49 root - INFO - Started Regular Expression mapping
[ 2026-05-27 22:13:11,214] 174 root - INFO - Data transformation complete
[ 2026-05-27 22:13:11,214] 49 root - INFO - Started Regular Expression mapping
[ 2026-05-27 22:13:11,214] 174 root - INFO - Data transformation complete
[ 2026-05-27 22:13:11,214] 49 root - INFO - Started Regular Expression mapping
[ 2026-05-27 22:13:11,215] 25 root - INFO - Match heuristic business names to paybill payments
[ 2026-05-27 22:13:11,215] 174 root - INFO - Data transformation complete
[ 2026-05-27 22:13:11,215] 49 root - INFO - Started Regular Expression mapping
[ 2026-05-27 22:13:11,215] 25 root - INFO - Match heuristic business names to paybill payments
[ 2026-05-27 22:13:11,215] 174 root - INFO - Data transformation complete
[ 2026-05-27 22:13:11,215] 49 root - INFO - Started Regular Expression mapping
[ 2026-05-27 22:13:11,216] 174 root - INFO - Data transformation complete
[ 2026-05-27 22:13:11,216] 49 root - INFO - Started Regular Expression mapping
[ 2026-05-27 22:13:11,216] 174 root - INFO - Data transformation complete
[ 2026-05-27 22:13:11,216] 49 root - INFO - Started Regular Expression mapping
[ 2026-05-27 22:13:11,216] 25 root - INFO - Match heuristic business names to paybill payments
[ 2026-05-27 22:13:11,216] 174 root - INFO - Data transformation complete
[ 2026-05-27 22:13:11,216] 49 root - INFO - Started Regular Expression mapping
[ 2026-05-27 22:13:11,217] 174 root - INFO - Data transformation complete
[ 2026-05-27 22:13:11,217] 49 root - INFO - Started Regular Expression mapping
[ 2026-05-27 22:13:11,217] 174 root - INFO - Data transformation complete
[ 2026-05-27 22:13:11,217] 49 root - INFO - Started Regular Expression mapping
[ 2026-05-27 22:13:11,217] 25 root - INFO - Match heuristic business names to paybill payments
[ 2026-05-27 22:13:11,217] 174 root - INFO - Data transformation complete
[ 2026-05-27 22:13:11,218] 49 root - INFO - Started Regular Expression mapping
[ 2026-05-27 22:13:11,218] 25 root - INFO - Match heuristic business names to paybill payments
[ 2026-05-27 22:13:11,218] 174 root - INFO - Data transformation complete
[ 2026-05-27 22:13:11,218] 49 root - INFO - Started Regular Expression mapping
[ 2026-05-27 22:13:11,218] 25 root - INFO - Match heuristic business names to paybill payments
[ 2026-05-27 22:13:11,218] 174 root - INFO - Data transformation complete
[ 2026-05-27 22:13:11,218] 49 root - INFO - Started Regular Expression mapping
[ 2026-05-27 22:13:11,219] 25 root - INFO - Match heuristic business names to paybill payments
[ 2026-05-27 22:13:11,219] 174 root - INFO - Data transformation complete
[ 2026-05-27 22:13:11,219] 49 root - INFO - Started Regular Expression mapping
[ 2026-05-27 22:13:11,219] 174 root - INFO - Data transformation complete
[ 2026-05-27 22:13:11,219] 49 root - INFO - Started Regular Expression mapping
[ 2026-05-27 22:13:11,219] 174 root - INFO - Data transformation complete
[ 2026-05-27 22:13:11,220] 49 root - INFO - Started Regular Expression mapping
[ 2026-05-27 22:13:11,220] 25 root - INFO - Match heuristic business names to paybill payments
[ 2026-05-27 22:13:11,220] 174 root - INFO - Data transformation complete
[ 2026-05-27 22:13:11,220] 49 root - INFO - Started Regular Expression mapping
[ 2026-05-27 22:13:11,220] 25 root - INFO - Match heuristic business names to paybill payments
[ 2026-05-27 22:13:11,220] 174 root - INFO - Data transformation complete
[ 2026-05-27 22:13:11,220] 49 root - INFO - Started Regular Expression mapping
[ 2026-05-27 22:13:11,221] 25 root - INFO - Match heuristic business names to paybill payments
[ 2026-05-27 22:13:11,221] 174 root - INFO - Data transformation complete
[ 2026-05-27 22:13:11,221] 49 root - INFO - Started Regular Expression mapping
[ 2026-05-27 22:13:11,221] 25 root - INFO - Match heuristic business names to paybill payments
[ 2026-05-27 22:13:11,221] 174 root - INFO - Data transformation complete
[ 2026-05-27 22:13:11,221] 49 root - INFO - Started Regular Expression mapping
[ 2026-05-27 22:13:11,221] 174 root - INFO - Data transformation complete
[ 2026-05-27 22:13:11,222] 49 root - INFO - Started Regular Expression mapping
[ 2026-05-27 22:13:11,222] 174 root - INFO - Data transformation complete
[ 2026-05-27 22:13:11,222] 49 root - INFO - Started Regular Expression mapping
[ 2026-05-27 22:13:11,222] 25 root - INFO - Match heuristic business names to paybill payments
[ 2026-05-27 22:13:11,222] 174 root - INFO - Data transformation complete
[ 2026-05-27 22:13:11,222] 49 root - INFO - Started Regular Expression mapping
[ 2026-05-27 22:13:11,223] 174 root - INFO - Data transformation complete
[ 2026-05-27 22:13:11,223] 49 root - INFO - Started Regular Expression mapping
[ 2026-05-27 22:13:11,223] 25 root - INFO - Match heuristic business names to paybill payments
[ 2026-05-27 22:13:11,223] 174 root - INFO - Data transformation complete
[ 2026-05-27 22:13:11,223] 49 root - INFO - Started Regular Expression mapping
[ 2026-05-27 22:13:11,223] 25 root - INFO - Match heuristic business names to paybill payments
[ 2026-05-27 22:13:11,223] 174 root - INFO - Data transformation complete
[ 2026-05-27 22:13:11,224] 49 root - INFO - Started Regular Expression mapping
[ 2026-05-27 22:13:11,224] 174 root - INFO - Data transformation complete
[ 2026-05-27 22:13:11,224] 49 root - INFO - Started Regular Expression mapping
[ 2026-05-27 22:13:11,224] 174 root - INFO - Data transformation complete
[ 2026-05-27 22:13:11,224] 49 root - INFO - Started Regular Expression mapping
[ 2026-05-27 22:13:11,224] 25 root - INFO - Match heuristic business names to paybill payments
[ 2026-05-27 22:13:11,225] 174 root - INFO - Data transformation complete
[ 2026-05-27 22:13:11,229] 49 root - INFO - Started Regular Expression mapping
[ 2026-05-27 22:13:11,229] 174 root - INFO - Data transformation complete
[ 2026-05-27 22:13:11,229] 49 root - INFO - Started Regular Expression mapping
[ 2026-05-27 22:13:11,229] 174 root - INFO - Data transformation complete
[ 2026-05-27 22:13:11,230] 49 root - INFO - Started Regular Expression mapping
[ 2026-05-27 22:13:11,230] 174 root - INFO - Data transformation complete
[ 2026-05-27 22:13:11,230] 49 root - INFO - Started Regular Expression mapping
[ 2026-05-27 22:13:11,230] 174 root - INFO - Data transformation complete
[ 2026-05-27 22:13:11,230] 49 root - INFO - Started Regular Expression mapping
[ 2026-05-27 22:13:11,230] 25 root - INFO - Match heuristic business names to paybill payments
[ 2026-05-27 22:13:11,231] 174 root - INFO - Data transformation complete
[ 2026-05-27 22:13:11,231] 49 root - INFO - Started Regular Expression mapping
[ 2026-05-27 22:13:11,231] 25 root - INFO - Match heuristic business names to paybill payments
[ 2026-05-27 22:13:11,231] 174 root - INFO - Data transformation complete
[ 2026-05-27 22:13:11,231] 49 root - INFO - Started Regular Expression mapping
[ 2026-05-27 22:13:11,231] 25 root - INFO - Match heuristic business names to paybill payments
[ 2026-05-27 22:13:11,231] 174 root - INFO - Data transformation complete
[ 2026-05-27 22:13:11,232] 49 root - INFO - Started Regular Expression mapping
[ 2026-05-27 22:13:11,232] 174 root - INFO - Data transformation complete
[ 2026-05-27 22:13:11,232] 49 root - INFO - Started Regular Expression mapping
[ 2026-05-27 22:13:11,232] 25 root - INFO - Match heuristic business names to paybill payments
[ 2026-05-27 22:13:11,232] 174 root - INFO - Data transformation complete
[ 2026-05-27 22:13:11,232] 49 root - INFO - Started Regular Expression mapping
[ 2026-05-27 22:13:11,232] 174 root - INFO - Data transformation complete
[ 2026-05-27 22:13:11,233] 49 root - INFO - Started Regular Expression mapping
[ 2026-05-27 22:13:11,233] 174 root - INFO - Data transformation complete
[ 2026-05-27 22:13:11,233] 49 root - INFO - Started Regular Expression mapping
[ 2026-05-27 22:13:11,233] 174 root - INFO - Data transformation complete
[ 2026-05-27 22:13:11,233] 49 root - INFO - Started Regular Expression mapping
[ 2026-05-27 22:13:11,234] 174 root - INFO - Data transformation complete
[ 2026-05-27 22:13:11,234] 49 root - INFO - Started Regular Expression mapping
[ 2026-05-27 22:13:11,234] 174 root - INFO - Data transformation complete
[ 2026-05-27 22:13:11,234] 49 root - INFO - Started Regular Expression mapping
[ 2026-05-27 22:13:11,234] 174 root - INFO - Data transformation complete
[ 2026-05-27 22:13:11,234] 49 root - INFO - Started Regular Expression mapping
[ 2026-05-27 22:13:11,235] 174 root - INFO - Data transformation complete
[ 2026-05-27 22:13:11,235] 49 root - INFO - Started Regular Expression mapping
[ 2026-05-27 22:13:11,235] 174 root - INFO - Data transformation complete
[ 2026-05-27 22:13:11,235] 49 root - INFO - Started Regular Expression mapping
[ 2026-05-27 22:13:11,235] 25 root - INFO - Match heuristic business names to paybill payments
[ 2026-05-27 22:13:11,235] 174 root - INFO - Data transformation complete
[ 2026-05-27 22:13:11,235] 49 root - INFO - Started Regular Expression mapping
[ 2026-05-27 22:13:11,236] 25 root - INFO - Match heuristic business names to paybill payments
[ 2026-05-27 22:13:11,236] 174 root - INFO - Data transformation complete
[ 2026-05-27 22:13:11,236] 49 root - INFO - Started Regular Expression mapping
[ 2026-05-27 22:13:11,236] 25 root - INFO - Match heuristic business names to paybill payments
[ 2026-05-27 22:13:11,236] 174 root - INFO - Data transformation complete
[ 2026-05-27 22:13:11,236] 49 root - INFO - Started Regular Expression mapping
[ 2026-05-27 22:13:11,236] 25 root - INFO - Match heuristic business names to paybill payments
[ 2026-05-27 22:13:11,237] 174 root - INFO - Data transformation complete
[ 2026-05-27 22:13:11,237] 49 root - INFO - Started Regular Expression mapping
[ 2026-05-27 22:13:11,237] 174 root - INFO - Data transformation complete
[ 2026-05-27 22:13:11,237] 49 root - INFO - Started Regular Expression mapping
[ 2026-05-27 22:13:11,237] 174 root - INFO - Data transformation complete
[ 2026-05-27 22:13:11,237] 49 root - INFO - Started Regular Expression mapping
[ 2026-05-27 22:13:11,238] 25 root - INFO - Match heuristic business names to paybill payments
[ 2026-05-27 22:13:11,238] 174 root - INFO - Data transformation complete
[ 2026-05-27 22:13:11,238] 49 root - INFO - Started Regular Expression mapping
[ 2026-05-27 22:13:11,238] 174 root - INFO - Data transformation complete
[ 2026-05-27 22:13:11,238] 49 root - INFO - Started Regular Expression mapping
[ 2026-05-27 22:13:11,238] 174 root - INFO - Data transformation complete
[ 2026-05-27 22:13:11,238] 49 root - INFO - Started Regular Expression mapping
[ 2026-05-27 22:13:11,239] 174 root - INFO - Data transformation complete
[ 2026-05-27 22:13:11,239] 49 root - INFO - Started Regular Expression mapping
[ 2026-05-27 22:13:11,239] 25 root - INFO - Match heuristic business names to paybill payments
[ 2026-05-27 22:13:11,239] 174 root - INFO - Data transformation complete
[ 2026-05-27 22:13:11,239] 49 root - INFO - Started Regular Expression mapping
[ 2026-05-27 22:13:11,239] 174 root - INFO - Data transformation complete
[ 2026-05-27 22:13:11,240] 49 root - INFO - Started Regular Expression mapping
[ 2026-05-27 22:13:11,240] 174 root - INFO - Data transformation complete
[ 2026-05-27 22:13:11,240] 49 root - INFO - Started Regular Expression mapping
[ 2026-05-27 22:13:11,240] 174 root - INFO - Data transformation complete
[ 2026-05-27 22:13:11,240] 49 root - INFO - Started Regular Expression mapping
[ 2026-05-27 22:13:11,240] 174 root - INFO - Data transformation complete
[ 2026-05-27 22:13:11,241] 49 root - INFO - Started Regular Expression mapping
[ 2026-05-27 22:13:11,241] 174 root - INFO - Data transformation complete
[ 2026-05-27 22:13:11,241] 49 root - INFO - Started Regular Expression mapping
[ 2026-05-27 22:13:11,241] 174 root - INFO - Data transformation complete
[ 2026-05-27 22:13:11,241] 49 root - INFO - Started Regular Expression mapping
[ 2026-05-27 22:13:11,242] 174 root - INFO - Data transformation complete
[ 2026-05-27 22:13:11,242] 49 root - INFO - Started Regular Expression mapping
[ 2026-05-27 22:13:11,242] 25 root - INFO - Match heuristic business names to paybill payments
[ 2026-05-27 22:13:11,242] 174 root - INFO - Data transformation complete
[ 2026-05-27 22:13:11,242] 49 root - INFO - Started Regular Expression mapping
[ 2026-05-27 22:13:11,242] 174 root - INFO - Data transformation complete
[ 2026-05-27 22:13:11,242] 49 root - INFO - Started Regular Expression mapping
[ 2026-05-27 22:13:11,243] 174 root - INFO - Data transformation complete
[ 2026-05-27 22:13:11,243] 49 root - INFO - Started Regular Expression mapping
[ 2026-05-27 22:13:11,243] 25 root - INFO - Match heuristic business names to paybill payments
[ 2026-05-27 22:13:11,243] 174 root - INFO - Data transformation complete
[ 2026-05-27 22:13:11,243] 49 root - INFO - Started Regular Expression mapping
[ 2026-05-27 22:13:11,244] 174 root - INFO - Data transformation complete
[ 2026-05-27 22:13:11,244] 49 root - INFO - Started Regular Expression mapping
[ 2026-05-27 22:13:11,244] 174 root - INFO - Data transformation complete
[ 2026-05-27 22:13:11,244] 49 root - INFO - Started Regular Expression mapping
[ 2026-05-27 22:13:11,244] 174 root - INFO - Data transformation complete
[ 2026-05-27 22:13:11,244] 49 root - INFO - Started Regular Expression mapping
[ 2026-05-27 22:13:11,245] 174 root - INFO - Data transformation complete
[ 2026-05-27 22:13:11,245] 49 root - INFO - Started Regular Expression mapping
[ 2026-05-27 22:13:11,245] 25 root - INFO - Match heuristic business names to paybill payments
[ 2026-05-27 22:13:11,245] 174 root - INFO - Data transformation complete
[ 2026-05-27 22:13:11,245] 49 root - INFO - Started Regular Expression mapping
[ 2026-05-27 22:13:11,245] 25 root - INFO - Match heuristic business names to paybill payments
[ 2026-05-27 22:13:11,245] 174 root - INFO - Data transformation complete
[ 2026-05-27 22:13:11,246] 49 root - INFO - Started Regular Expression mapping
[ 2026-05-27 22:13:11,246] 174 root - INFO - Data transformation complete
[ 2026-05-27 22:13:11,246] 49 root - INFO - Started Regular Expression mapping
[ 2026-05-27 22:13:11,246] 25 root - INFO - Match heuristic business names to paybill payments
[ 2026-05-27 22:13:11,246] 174 root - INFO - Data transformation complete
[ 2026-05-27 22:13:11,246] 49 root - INFO - Started Regular Expression mapping
[ 2026-05-27 22:13:11,247] 174 root - INFO - Data transformation complete
[ 2026-05-27 22:13:11,247] 49 root - INFO - Started Regular Expression mapping
[ 2026-05-27 22:13:11,247] 174 root - INFO - Data transformation complete
[ 2026-05-27 22:13:11,247] 49 root - INFO - Started Regular Expression mapping
[ 2026-05-27 22:13:11,247] 174 root - INFO - Data transformation complete
[ 2026-05-27 22:13:11,247] 49 root - INFO - Started Regular Expression mapping
[ 2026-05-27 22:13:11,247] 25 root - INFO - Match heuristic business names to paybill payments
[ 2026-05-27 22:13:11,248] 174 root - INFO - Data transformation complete
[ 2026-05-27 22:13:11,248] 49 root - INFO - Started Regular Expression mapping
[ 2026-05-27 22:13:11,248] 25 root - INFO - Match heuristic business names to paybill payments
[ 2026-05-27 22:13:11,248] 174 root - INFO - Data transformation complete
[ 2026-05-27 22:13:11,248] 49 root - INFO - Started Regular Expression mapping
[ 2026-05-27 22:13:11,248] 25 root - INFO - Match heuristic business names to paybill payments
[ 2026-05-27 22:13:11,248] 174 root - INFO - Data transformation complete
[ 2026-05-27 22:13:11,249] 49 root - INFO - Started Regular Expression mapping
[ 2026-05-27 22:13:11,249] 174 root - INFO - Data transformation complete
[ 2026-05-27 22:13:11,249] 49 root - INFO - Started Regular Expression mapping
[ 2026-05-27 22:13:11,249] 174 root - INFO - Data transformation complete
[ 2026-05-27 22:13:11,249] 49 root - INFO - Started Regular Expression mapping
[ 2026-05-27 22:13:11,249] 174 root - INFO - Data transformation complete
[ 2026-05-27 22:13:11,250] 49 root - INFO - Started Regular Expression mapping
[ 2026-05-27 22:13:11,250] 174 root - INFO - Data transformation complete
[ 2026-05-27 22:13:11,250] 49 root - INFO - Started Regular Expression mapping
[ 2026-05-27 22:13:11,250] 25 root - INFO - Match heuristic business names to paybill payments
[ 2026-05-27 22:13:11,250] 174 root - INFO - Data transformation complete
[ 2026-05-27 22:13:11,250] 49 root - INFO - Started Regular Expression mapping
[ 2026-05-27 22:13:11,250] 174 root - INFO - Data transformation complete
[ 2026-05-27 22:13:11,251] 49 root - INFO - Started Regular Expression mapping
[ 2026-05-27 22:13:11,251] 174 root - INFO - Data transformation complete
[ 2026-05-27 22:13:11,251] 49 root - INFO - Started Regular Expression mapping
[ 2026-05-27 22:13:11,251] 174 root - INFO - Data transformation complete
[ 2026-05-27 22:13:11,251] 49 root - INFO - Started Regular Expression mapping
[ 2026-05-27 22:13:11,251] 174 root - INFO - Data transformation complete
[ 2026-05-27 22:13:11,252] 49 root - INFO - Started Regular Expression mapping
[ 2026-05-27 22:13:11,252] 25 root - INFO - Match heuristic business names to paybill payments
[ 2026-05-27 22:13:11,252] 174 root - INFO - Data transformation complete
[ 2026-05-27 22:13:11,252] 49 root - INFO - Started Regular Expression mapping
[ 2026-05-27 22:13:11,252] 174 root - INFO - Data transformation complete
[ 2026-05-27 22:13:11,252] 49 root - INFO - Started Regular Expression mapping
[ 2026-05-27 22:13:11,252] 174 root - INFO - Data transformation complete
[ 2026-05-27 22:13:11,253] 49 root - INFO - Started Regular Expression mapping
[ 2026-05-27 22:13:11,253] 174 root - INFO - Data transformation complete
[ 2026-05-27 22:13:11,253] 49 root - INFO - Started Regular Expression mapping
[ 2026-05-27 22:13:11,253] 174 root - INFO - Data transformation complete
[ 2026-05-27 22:13:11,253] 49 root - INFO - Started Regular Expression mapping
[ 2026-05-27 22:13:11,254] 25 root - INFO - Match heuristic business names to paybill payments
[ 2026-05-27 22:13:11,254] 174 root - INFO - Data transformation complete
[ 2026-05-27 22:13:11,254] 49 root - INFO - Started Regular Expression mapping
[ 2026-05-27 22:13:11,254] 174 root - INFO - Data transformation complete
[ 2026-05-27 22:13:11,254] 49 root - INFO - Started Regular Expression mapping
[ 2026-05-27 22:13:11,254] 174 root - INFO - Data transformation complete
[ 2026-05-27 22:13:11,254] 49 root - INFO - Started Regular Expression mapping
[ 2026-05-27 22:13:11,255] 174 root - INFO - Data transformation complete
[ 2026-05-27 22:13:11,255] 49 root - INFO - Started Regular Expression mapping
[ 2026-05-27 22:13:11,255] 174 root - INFO - Data transformation complete
[ 2026-05-27 22:13:11,255] 49 root - INFO - Started Regular Expression mapping
[ 2026-05-27 22:13:11,255] 25 root - INFO - Match heuristic business names to paybill payments
[ 2026-05-27 22:13:11,255] 174 root - INFO - Data transformation complete
[ 2026-05-27 22:13:11,255] 49 root - INFO - Started Regular Expression mapping
[ 2026-05-27 22:13:11,256] 174 root - INFO - Data transformation complete
[ 2026-05-27 22:13:11,256] 49 root - INFO - Started Regular Expression mapping
[ 2026-05-27 22:13:11,256] 25 root - INFO - Match heuristic business names to paybill payments
[ 2026-05-27 22:13:11,256] 174 root - INFO - Data transformation complete
[ 2026-05-27 22:13:11,256] 49 root - INFO - Started Regular Expression mapping
[ 2026-05-27 22:13:11,256] 25 root - INFO - Match heuristic business names to paybill payments
[ 2026-05-27 22:13:11,257] 174 root - INFO - Data transformation complete
[ 2026-05-27 22:13:11,257] 49 root - INFO - Started Regular Expression mapping
[ 2026-05-27 22:13:11,257] 174 root - INFO - Data transformation complete
[ 2026-05-27 22:13:11,257] 49 root - INFO - Started Regular Expression mapping
[ 2026-05-27 22:13:11,257] 25 root - INFO - Match heuristic business names to paybill payments
[ 2026-05-27 22:13:11,257] 174 root - INFO - Data transformation complete
[ 2026-05-27 22:13:11,257] 49 root - INFO - Started Regular Expression mapping
[ 2026-05-27 22:13:11,258] 174 root - INFO - Data transformation complete
[ 2026-05-27 22:13:11,258] 49 root - INFO - Started Regular Expression mapping
[ 2026-05-27 22:13:11,258] 174 root - INFO - Data transformation complete
[ 2026-05-27 22:13:11,258] 49 root - INFO - Started Regular Expression mapping
[ 2026-05-27 22:13:11,258] 174 root - INFO - Data transformation complete
[ 2026-05-27 22:13:11,258] 49 root - INFO - Started Regular Expression mapping
[ 2026-05-27 22:13:11,259] 174 root - INFO - Data transformation complete
[ 2026-05-27 22:13:11,259] 49 root - INFO - Started Regular Expression mapping
[ 2026-05-27 22:13:11,259] 174 root - INFO - Data transformation complete
[ 2026-05-27 22:13:11,259] 49 root - INFO - Started Regular Expression mapping
[ 2026-05-27 22:13:11,259] 174 root - INFO - Data transformation complete
[ 2026-05-27 22:13:11,259] 49 root - INFO - Started Regular Expression mapping
[ 2026-05-27 22:13:11,260] 25 root - INFO - Match heuristic business names to paybill payments
[ 2026-05-27 22:13:11,260] 174 root - INFO - Data transformation complete
[ 2026-05-27 22:13:11,260] 49 root - INFO - Started Regular Expression mapping
[ 2026-05-27 22:13:11,260] 25 root - INFO - Match heuristic business names to paybill payments
[ 2026-05-27 22:13:11,260] 174 root - INFO - Data transformation complete
[ 2026-05-27 22:13:11,261] 49 root - INFO - Started Regular Expression mapping
[ 2026-05-27 22:13:11,261] 25 root - INFO - Match heuristic business names to paybill payments
[ 2026-05-27 22:13:11,261] 174 root - INFO - Data transformation complete
[ 2026-05-27 22:13:11,261] 49 root - INFO - Started Regular Expression mapping
[ 2026-05-27 22:13:11,262] 174 root - INFO - Data transformation complete
[ 2026-05-27 22:13:11,262] 49 root - INFO - Started Regular Expression mapping
[ 2026-05-27 22:13:11,262] 174 root - INFO - Data transformation complete
[ 2026-05-27 22:13:11,262] 49 root - INFO - Started Regular Expression mapping
[ 2026-05-27 22:13:11,262] 174 root - INFO - Data transformation complete
[ 2026-05-27 22:13:11,262] 49 root - INFO - Started Regular Expression mapping
[ 2026-05-27 22:13:11,263] 174 root - INFO - Data transformation complete
[ 2026-05-27 22:13:11,263] 49 root - INFO - Started Regular Expression mapping
[ 2026-05-27 22:13:11,263] 25 root - INFO - Match heuristic business names to paybill payments
[ 2026-05-27 22:13:11,263] 174 root - INFO - Data transformation complete
[ 2026-05-27 22:13:11,263] 49 root - INFO - Started Regular Expression mapping
[ 2026-05-27 22:13:11,263] 174 root - INFO - Data transformation complete
[ 2026-05-27 22:13:11,263] 49 root - INFO - Started Regular Expression mapping
[ 2026-05-27 22:13:11,264] 174 root - INFO - Data transformation complete
[ 2026-05-27 22:13:11,264] 49 root - INFO - Started Regular Expression mapping
[ 2026-05-27 22:13:11,264] 25 root - INFO - Match heuristic business names to paybill payments
[ 2026-05-27 22:13:11,264] 174 root - INFO - Data transformation complete
[ 2026-05-27 22:13:11,264] 49 root - INFO - Started Regular Expression mapping
[ 2026-05-27 22:13:11,264] 25 root - INFO - Match heuristic business names to paybill payments
[ 2026-05-27 22:13:11,264] 174 root - INFO - Data transformation complete
[ 2026-05-27 22:13:11,265] 49 root - INFO - Started Regular Expression mapping
[ 2026-05-27 22:13:11,265] 174 root - INFO - Data transformation complete
[ 2026-05-27 22:13:11,265] 49 root - INFO - Started Regular Expression mapping
[ 2026-05-27 22:13:11,265] 174 root - INFO - Data transformation complete
[ 2026-05-27 22:13:11,265] 49 root - INFO - Started Regular Expression mapping
[ 2026-05-27 22:13:11,265] 174 root - INFO - Data transformation complete
[ 2026-05-27 22:13:11,266] 49 root - INFO - Started Regular Expression mapping
[ 2026-05-27 22:13:11,266] 174 root - INFO - Data transformation complete
[ 2026-05-27 22:13:11,266] 49 root - INFO - Started Regular Expression mapping
[ 2026-05-27 22:13:11,266] 174 root - INFO - Data transformation complete
[ 2026-05-27 22:13:11,266] 49 root - INFO - Started Regular Expression mapping
[ 2026-05-27 22:13:11,266] 174 root - INFO - Data transformation complete
[ 2026-05-27 22:13:11,266] 49 root - INFO - Started Regular Expression mapping
[ 2026-05-27 22:13:11,267] 174 root - INFO - Data transformation complete
[ 2026-05-27 22:13:11,267] 49 root - INFO - Started Regular Expression mapping
[ 2026-05-27 22:13:11,267] 174 root - INFO - Data transformation complete
[ 2026-05-27 22:13:11,267] 49 root - INFO - Started Regular Expression mapping
[ 2026-05-27 22:13:11,267] 174 root - INFO - Data transformation complete
[ 2026-05-27 22:13:11,267] 49 root - INFO - Started Regular Expression mapping
[ 2026-05-27 22:13:11,268] 174 root - INFO - Data transformation complete
[ 2026-05-27 22:13:11,268] 49 root - INFO - Started Regular Expression mapping
[ 2026-05-27 22:13:11,268] 174 root - INFO - Data transformation complete
[ 2026-05-27 22:13:11,268] 49 root - INFO - Started Regular Expression mapping
[ 2026-05-27 22:13:11,268] 174 root - INFO - Data transformation complete
[ 2026-05-27 22:13:11,268] 49 root - INFO - Started Regular Expression mapping
[ 2026-05-27 22:13:11,269] 174 root - INFO - Data transformation complete
[ 2026-05-27 22:13:11,269] 49 root - INFO - Started Regular Expression mapping
[ 2026-05-27 22:13:11,269] 25 root - INFO - Match heuristic business names to paybill payments
[ 2026-05-27 22:13:11,269] 174 root - INFO - Data transformation complete
[ 2026-05-27 22:13:11,269] 49 root - INFO - Started Regular Expression mapping
[ 2026-05-27 22:13:11,269] 174 root - INFO - Data transformation complete
[ 2026-05-27 22:13:11,270] 49 root - INFO - Started Regular Expression mapping
[ 2026-05-27 22:13:11,270] 174 root - INFO - Data transformation complete
[ 2026-05-27 22:13:11,270] 49 root - INFO - Started Regular Expression mapping
[ 2026-05-27 22:13:11,270] 25 root - INFO - Match heuristic business names to paybill payments
[ 2026-05-27 22:13:11,270] 174 root - INFO - Data transformation complete
[ 2026-05-27 22:13:11,270] 49 root - INFO - Started Regular Expression mapping
[ 2026-05-27 22:13:11,271] 174 root - INFO - Data transformation complete
[ 2026-05-27 22:13:11,271] 49 root - INFO - Started Regular Expression mapping
[ 2026-05-27 22:13:11,271] 174 root - INFO - Data transformation complete
[ 2026-05-27 22:13:11,271] 49 root - INFO - Started Regular Expression mapping
[ 2026-05-27 22:13:11,271] 174 root - INFO - Data transformation complete
[ 2026-05-27 22:13:11,271] 49 root - INFO - Started Regular Expression mapping
[ 2026-05-27 22:13:11,272] 174 root - INFO - Data transformation complete
[ 2026-05-27 22:13:11,272] 49 root - INFO - Started Regular Expression mapping
[ 2026-05-27 22:13:11,272] 174 root - INFO - Data transformation complete
[ 2026-05-27 22:13:11,272] 49 root - INFO - Started Regular Expression mapping
[ 2026-05-27 22:13:11,272] 25 root - INFO - Match heuristic business names to paybill payments
[ 2026-05-27 22:13:11,272] 174 root - INFO - Data transformation complete
[ 2026-05-27 22:13:11,272] 49 root - INFO - Started Regular Expression mapping
[ 2026-05-27 22:13:11,273] 174 root - INFO - Data transformation complete
[ 2026-05-27 22:13:11,273] 49 root - INFO - Started Regular Expression mapping
[ 2026-05-27 22:13:11,273] 25 root - INFO - Match heuristic business names to paybill payments
[ 2026-05-27 22:13:11,274] 174 root - INFO - Data transformation complete
[ 2026-05-27 22:13:11,274] 49 root - INFO - Started Regular Expression mapping
[ 2026-05-27 22:13:11,274] 174 root - INFO - Data transformation complete
[ 2026-05-27 22:13:11,274] 49 root - INFO - Started Regular Expression mapping
[ 2026-05-27 22:13:11,274] 174 root - INFO - Data transformation complete
[ 2026-05-27 22:13:11,275] 49 root - INFO - Started Regular Expression mapping
[ 2026-05-27 22:13:11,275] 174 root - INFO - Data transformation complete
[ 2026-05-27 22:13:11,275] 49 root - INFO - Started Regular Expression mapping
[ 2026-05-27 22:13:11,275] 174 root - INFO - Data transformation complete
[ 2026-05-27 22:13:11,275] 49 root - INFO - Started Regular Expression mapping
[ 2026-05-27 22:13:11,275] 174 root - INFO - Data transformation complete
[ 2026-05-27 22:13:11,275] 49 root - INFO - Started Regular Expression mapping
[ 2026-05-27 22:13:11,276] 174 root - INFO - Data transformation complete
[ 2026-05-27 22:13:11,276] 49 root - INFO - Started Regular Expression mapping
[ 2026-05-27 22:13:11,276] 174 root - INFO - Data transformation complete
[ 2026-05-27 22:13:11,276] 49 root - INFO - Started Regular Expression mapping
[ 2026-05-27 22:13:11,276] 174 root - INFO - Data transformation complete
[ 2026-05-27 22:13:11,276] 49 root - INFO - Started Regular Expression mapping
[ 2026-05-27 22:13:11,277] 174 root - INFO - Data transformation complete
[ 2026-05-27 22:13:11,277] 49 root - INFO - Started Regular Expression mapping
[ 2026-05-27 22:13:11,277] 174 root - INFO - Data transformation complete
[ 2026-05-27 22:13:11,277] 49 root - INFO - Started Regular Expression mapping
[ 2026-05-27 22:13:11,277] 174 root - INFO - Data transformation complete
[ 2026-05-27 22:13:11,277] 49 root - INFO - Started Regular Expression mapping
[ 2026-05-27 22:13:11,278] 25 root - INFO - Match heuristic business names to paybill payments
[ 2026-05-27 22:13:11,278] 174 root - INFO - Data transformation complete
[ 2026-05-27 22:13:11,278] 49 root - INFO - Started Regular Expression mapping
[ 2026-05-27 22:13:11,278] 174 root - INFO - Data transformation complete
[ 2026-05-27 22:13:11,278] 49 root - INFO - Started Regular Expression mapping
[ 2026-05-27 22:13:11,278] 174 root - INFO - Data transformation complete
[ 2026-05-27 22:13:11,279] 49 root - INFO - Started Regular Expression mapping
[ 2026-05-27 22:13:11,279] 174 root - INFO - Data transformation complete
[ 2026-05-27 22:13:11,279] 49 root - INFO - Started Regular Expression mapping
[ 2026-05-27 22:13:11,279] 174 root - INFO - Data transformation complete
[ 2026-05-27 22:13:11,279] 49 root - INFO - Started Regular Expression mapping
[ 2026-05-27 22:13:11,280] 174 root - INFO - Data transformation complete
[ 2026-05-27 22:13:11,280] 49 root - INFO - Started Regular Expression mapping
[ 2026-05-27 22:13:11,280] 174 root - INFO - Data transformation complete
[ 2026-05-27 22:13:11,280] 49 root - INFO - Started Regular Expression mapping
[ 2026-05-27 22:13:11,280] 174 root - INFO - Data transformation complete
[ 2026-05-27 22:13:11,280] 49 root - INFO - Started Regular Expression mapping
[ 2026-05-27 22:13:11,280] 25 root - INFO - Match heuristic business names to paybill payments
[ 2026-05-27 22:13:11,281] 174 root - INFO - Data transformation complete
[ 2026-05-27 22:13:11,281] 49 root - INFO - Started Regular Expression mapping
[ 2026-05-27 22:13:11,281] 174 root - INFO - Data transformation complete
[ 2026-05-27 22:13:11,281] 49 root - INFO - Started Regular Expression mapping
[ 2026-05-27 22:13:11,281] 174 root - INFO - Data transformation complete
[ 2026-05-27 22:13:11,281] 49 root - INFO - Started Regular Expression mapping
[ 2026-05-27 22:13:11,282] 174 root - INFO - Data transformation complete
[ 2026-05-27 22:13:11,282] 49 root - INFO - Started Regular Expression mapping
[ 2026-05-27 22:13:11,282] 25 root - INFO - Match heuristic business names to paybill payments
[ 2026-05-27 22:13:11,282] 174 root - INFO - Data transformation complete
[ 2026-05-27 22:13:11,282] 49 root - INFO - Started Regular Expression mapping
[ 2026-05-27 22:13:11,282] 174 root - INFO - Data transformation complete
[ 2026-05-27 22:13:11,282] 49 root - INFO - Started Regular Expression mapping
[ 2026-05-27 22:13:11,283] 174 root - INFO - Data transformation complete
[ 2026-05-27 22:13:11,283] 49 root - INFO - Started Regular Expression mapping
[ 2026-05-27 22:13:11,283] 25 root - INFO - Match heuristic business names to paybill payments
[ 2026-05-27 22:13:11,283] 174 root - INFO - Data transformation complete
[ 2026-05-27 22:13:11,283] 49 root - INFO - Started Regular Expression mapping
[ 2026-05-27 22:13:11,283] 174 root - INFO - Data transformation complete
[ 2026-05-27 22:13:11,283] 49 root - INFO - Started Regular Expression mapping
[ 2026-05-27 22:13:11,284] 174 root - INFO - Data transformation complete
[ 2026-05-27 22:13:11,284] 49 root - INFO - Started Regular Expression mapping
[ 2026-05-27 22:13:11,284] 174 root - INFO - Data transformation complete
[ 2026-05-27 22:13:11,284] 49 root - INFO - Started Regular Expression mapping
[ 2026-05-27 22:13:11,284] 174 root - INFO - Data transformation complete
[ 2026-05-27 22:13:11,284] 49 root - INFO - Started Regular Expression mapping
[ 2026-05-27 22:13:11,285] 174 root - INFO - Data transformation complete
[ 2026-05-27 22:13:11,285] 49 root - INFO - Started Regular Expression mapping
[ 2026-05-27 22:13:11,285] 25 root - INFO - Match heuristic business names to paybill payments
[ 2026-05-27 22:13:11,285] 174 root - INFO - Data transformation complete
[ 2026-05-27 22:13:11,285] 49 root - INFO - Started Regular Expression mapping
[ 2026-05-27 22:13:11,285] 25 root - INFO - Match heuristic business names to paybill payments
[ 2026-05-27 22:13:11,286] 174 root - INFO - Data transformation complete
[ 2026-05-27 22:13:11,286] 49 root - INFO - Started Regular Expression mapping
[ 2026-05-27 22:13:11,286] 174 root - INFO - Data transformation complete
[ 2026-05-27 22:13:11,286] 49 root - INFO - Started Regular Expression mapping
[ 2026-05-27 22:13:11,286] 174 root - INFO - Data transformation complete
[ 2026-05-27 22:13:11,286] 49 root - INFO - Started Regular Expression mapping
[ 2026-05-27 22:13:11,286] 25 root - INFO - Match heuristic business names to paybill payments
[ 2026-05-27 22:13:11,287] 174 root - INFO - Data transformation complete
[ 2026-05-27 22:13:11,287] 49 root - INFO - Started Regular Expression mapping
[ 2026-05-27 22:13:11,287] 174 root - INFO - Data transformation complete
[ 2026-05-27 22:13:11,287] 49 root - INFO - Started Regular Expression mapping
[ 2026-05-27 22:13:11,287] 174 root - INFO - Data transformation complete
[ 2026-05-27 22:13:11,287] 49 root - INFO - Started Regular Expression mapping
[ 2026-05-27 22:13:11,288] 174 root - INFO - Data transformation complete
[ 2026-05-27 22:13:11,288] 49 root - INFO - Started Regular Expression mapping
[ 2026-05-27 22:13:11,288] 174 root - INFO - Data transformation complete
[ 2026-05-27 22:13:11,288] 49 root - INFO - Started Regular Expression mapping
[ 2026-05-27 22:13:11,289] 25 root - INFO - Match heuristic business names to paybill payments
[ 2026-05-27 22:13:11,289] 174 root - INFO - Data transformation complete
[ 2026-05-27 22:13:11,289] 49 root - INFO - Started Regular Expression mapping
[ 2026-05-27 22:13:11,289] 174 root - INFO - Data transformation complete
[ 2026-05-27 22:13:11,289] 49 root - INFO - Started Regular Expression mapping
[ 2026-05-27 22:13:11,289] 174 root - INFO - Data transformation complete
[ 2026-05-27 22:13:11,290] 49 root - INFO - Started Regular Expression mapping
[ 2026-05-27 22:13:11,290] 25 root - INFO - Match heuristic business names to paybill payments
[ 2026-05-27 22:13:11,290] 174 root - INFO - Data transformation complete
[ 2026-05-27 22:13:11,290] 49 root - INFO - Started Regular Expression mapping
[ 2026-05-27 22:13:11,290] 174 root - INFO - Data transformation complete
[ 2026-05-27 22:13:11,290] 49 root - INFO - Started Regular Expression mapping
[ 2026-05-27 22:13:11,290] 174 root - INFO - Data transformation complete
[ 2026-05-27 22:13:11,291] 49 root - INFO - Started Regular Expression mapping
[ 2026-05-27 22:13:11,291] 25 root - INFO - Match heuristic business names to paybill payments
[ 2026-05-27 22:13:11,291] 174 root - INFO - Data transformation complete
[ 2026-05-27 22:13:11,291] 49 root - INFO - Started Regular Expression mapping
[ 2026-05-27 22:13:11,291] 25 root - INFO - Match heuristic business names to paybill payments
[ 2026-05-27 22:13:11,291] 174 root - INFO - Data transformation complete
[ 2026-05-27 22:13:11,292] 49 root - INFO - Started Regular Expression mapping
[ 2026-05-27 22:13:11,292] 174 root - INFO - Data transformation complete
[ 2026-05-27 22:13:11,292] 49 root - INFO - Started Regular Expression mapping
[ 2026-05-27 22:13:11,292] 174 root - INFO - Data transformation complete
[ 2026-05-27 22:13:11,292] 49 root - INFO - Started Regular Expression mapping
[ 2026-05-27 22:13:11,292] 25 root - INFO - Match heuristic business names to paybill payments
[ 2026-05-27 22:13:11,292] 174 root - INFO - Data transformation complete
[ 2026-05-27 22:13:11,293] 49 root - INFO - Started Regular Expression mapping
[ 2026-05-27 22:13:11,293] 174 root - INFO - Data transformation complete
[ 2026-05-27 22:13:11,293] 49 root - INFO - Started Regular Expression mapping
[ 2026-05-27 22:13:11,293] 174 root - INFO - Data transformation complete
[ 2026-05-27 22:13:11,293] 49 root - INFO - Started Regular Expression mapping
[ 2026-05-27 22:13:11,293] 174 root - INFO - Data transformation complete
[ 2026-05-27 22:13:11,294] 49 root - INFO - Started Regular Expression mapping
[ 2026-05-27 22:13:11,294] 174 root - INFO - Data transformation complete
[ 2026-05-27 22:13:11,294] 49 root - INFO - Started Regular Expression mapping
[ 2026-05-27 22:13:11,294] 25 root - INFO - Match heuristic business names to paybill payments
[ 2026-05-27 22:13:11,294] 174 root - INFO - Data transformation complete
[ 2026-05-27 22:13:11,294] 49 root - INFO - Started Regular Expression mapping
[ 2026-05-27 22:13:11,295] 25 root - INFO - Match heuristic business names to paybill payments
[ 2026-05-27 22:13:11,295] 174 root - INFO - Data transformation complete
[ 2026-05-27 22:13:11,295] 49 root - INFO - Started Regular Expression mapping
[ 2026-05-27 22:13:11,295] 174 root - INFO - Data transformation complete
[ 2026-05-27 22:13:11,295] 49 root - INFO - Started Regular Expression mapping
[ 2026-05-27 22:13:11,295] 174 root - INFO - Data transformation complete
[ 2026-05-27 22:13:11,296] 49 root - INFO - Started Regular Expression mapping
[ 2026-05-27 22:13:11,296] 174 root - INFO - Data transformation complete
[ 2026-05-27 22:13:11,296] 49 root - INFO - Started Regular Expression mapping
[ 2026-05-27 22:13:11,296] 25 root - INFO - Match heuristic business names to paybill payments
[ 2026-05-27 22:13:11,296] 174 root - INFO - Data transformation complete
[ 2026-05-27 22:13:11,296] 49 root - INFO - Started Regular Expression mapping
[ 2026-05-27 22:13:11,297] 25 root - INFO - Match heuristic business names to paybill payments
[ 2026-05-27 22:13:11,297] 174 root - INFO - Data transformation complete
[ 2026-05-27 22:13:11,297] 49 root - INFO - Started Regular Expression mapping
[ 2026-05-27 22:13:11,297] 174 root - INFO - Data transformation complete
[ 2026-05-27 22:13:11,297] 49 root - INFO - Started Regular Expression mapping
[ 2026-05-27 22:13:11,297] 25 root - INFO - Match heuristic business names to paybill payments
[ 2026-05-27 22:13:11,297] 174 root - INFO - Data transformation complete
[ 2026-05-27 22:13:11,298] 49 root - INFO - Started Regular Expression mapping
[ 2026-05-27 22:13:11,298] 174 root - INFO - Data transformation complete
[ 2026-05-27 22:13:11,298] 49 root - INFO - Started Regular Expression mapping
[ 2026-05-27 22:13:11,298] 174 root - INFO - Data transformation complete
[ 2026-05-27 22:13:11,298] 49 root - INFO - Started Regular Expression mapping
[ 2026-05-27 22:13:11,298] 174 root - INFO - Data transformation complete
[ 2026-05-27 22:13:11,299] 49 root - INFO - Started Regular Expression mapping
[ 2026-05-27 22:13:11,299] 174 root - INFO - Data transformation complete
[ 2026-05-27 22:13:11,299] 49 root - INFO - Started Regular Expression mapping
[ 2026-05-27 22:13:11,299] 174 root - INFO - Data transformation complete
[ 2026-05-27 22:13:11,299] 49 root - INFO - Started Regular Expression mapping
[ 2026-05-27 22:13:11,299] 25 root - INFO - Match heuristic business names to paybill payments
[ 2026-05-27 22:13:11,300] 174 root - INFO - Data transformation complete
[ 2026-05-27 22:13:11,300] 49 root - INFO - Started Regular Expression mapping
[ 2026-05-27 22:13:11,300] 174 root - INFO - Data transformation complete
[ 2026-05-27 22:13:11,300] 49 root - INFO - Started Regular Expression mapping
[ 2026-05-27 22:13:11,300] 174 root - INFO - Data transformation complete
[ 2026-05-27 22:13:11,300] 49 root - INFO - Started Regular Expression mapping
[ 2026-05-27 22:13:11,301] 25 root - INFO - Match heuristic business names to paybill payments
[ 2026-05-27 22:13:11,301] 174 root - INFO - Data transformation complete
[ 2026-05-27 22:13:11,301] 49 root - INFO - Started Regular Expression mapping
[ 2026-05-27 22:13:11,301] 25 root - INFO - Match heuristic business names to paybill payments
[ 2026-05-27 22:13:11,301] 174 root - INFO - Data transformation complete
[ 2026-05-27 22:13:11,301] 49 root - INFO - Started Regular Expression mapping
[ 2026-05-27 22:13:11,301] 174 root - INFO - Data transformation complete
[ 2026-05-27 22:13:11,302] 49 root - INFO - Started Regular Expression mapping
[ 2026-05-27 22:13:11,302] 25 root - INFO - Match heuristic business names to paybill payments
[ 2026-05-27 22:13:11,302] 174 root - INFO - Data transformation complete
[ 2026-05-27 22:13:11,302] 49 root - INFO - Started Regular Expression mapping
[ 2026-05-27 22:13:11,302] 174 root - INFO - Data transformation complete
[ 2026-05-27 22:13:11,302] 49 root - INFO - Started Regular Expression mapping
[ 2026-05-27 22:13:11,303] 174 root - INFO - Data transformation complete
[ 2026-05-27 22:13:11,303] 49 root - INFO - Started Regular Expression mapping
[ 2026-05-27 22:13:11,303] 25 root - INFO - Match heuristic business names to paybill payments
[ 2026-05-27 22:13:11,303] 174 root - INFO - Data transformation complete
[ 2026-05-27 22:13:11,303] 49 root - INFO - Started Regular Expression mapping
[ 2026-05-27 22:13:11,303] 174 root - INFO - Data transformation complete
[ 2026-05-27 22:13:11,304] 49 root - INFO - Started Regular Expression mapping
[ 2026-05-27 22:13:11,304] 174 root - INFO - Data transformation complete
[ 2026-05-27 22:13:11,304] 49 root - INFO - Started Regular Expression mapping
[ 2026-05-27 22:13:11,304] 174 root - INFO - Data transformation complete
[ 2026-05-27 22:13:11,304] 49 root - INFO - Started Regular Expression mapping
[ 2026-05-27 22:13:11,305] 25 root - INFO - Match heuristic business names to paybill payments
[ 2026-05-27 22:13:11,305] 174 root - INFO - Data transformation complete
[ 2026-05-27 22:13:11,305] 49 root - INFO - Started Regular Expression mapping
[ 2026-05-27 22:13:11,305] 174 root - INFO - Data transformation complete
[ 2026-05-27 22:13:11,305] 49 root - INFO - Started Regular Expression mapping
[ 2026-05-27 22:13:11,306] 174 root - INFO - Data transformation complete
[ 2026-05-27 22:13:11,306] 49 root - INFO - Started Regular Expression mapping
[ 2026-05-27 22:13:11,306] 174 root - INFO - Data transformation complete
[ 2026-05-27 22:13:11,306] 49 root - INFO - Started Regular Expression mapping
[ 2026-05-27 22:13:11,306] 25 root - INFO - Match heuristic business names to paybill payments
[ 2026-05-27 22:13:11,306] 174 root - INFO - Data transformation complete
[ 2026-05-27 22:13:11,306] 49 root - INFO - Started Regular Expression mapping
[ 2026-05-27 22:13:11,307] 25 root - INFO - Match heuristic business names to paybill payments
[ 2026-05-27 22:13:11,307] 174 root - INFO - Data transformation complete
[ 2026-05-27 22:13:11,307] 49 root - INFO - Started Regular Expression mapping
[ 2026-05-27 22:13:11,307] 174 root - INFO - Data transformation complete
[ 2026-05-27 22:13:11,307] 49 root - INFO - Started Regular Expression mapping
[ 2026-05-27 22:13:11,307] 174 root - INFO - Data transformation complete
[ 2026-05-27 22:13:11,308] 49 root - INFO - Started Regular Expression mapping
[ 2026-05-27 22:13:11,308] 25 root - INFO - Match heuristic business names to paybill payments
[ 2026-05-27 22:13:11,308] 174 root - INFO - Data transformation complete
[ 2026-05-27 22:13:11,308] 49 root - INFO - Started Regular Expression mapping
[ 2026-05-27 22:13:11,308] 174 root - INFO - Data transformation complete
[ 2026-05-27 22:13:11,309] 49 root - INFO - Started Regular Expression mapping
[ 2026-05-27 22:13:11,309] 25 root - INFO - Match heuristic business names to paybill payments
[ 2026-05-27 22:13:11,309] 174 root - INFO - Data transformation complete
[ 2026-05-27 22:13:11,309] 49 root - INFO - Started Regular Expression mapping
[ 2026-05-27 22:13:11,309] 174 root - INFO - Data transformation complete
[ 2026-05-27 22:13:11,309] 49 root - INFO - Started Regular Expression mapping
[ 2026-05-27 22:13:11,310] 25 root - INFO - Match heuristic business names to paybill payments
[ 2026-05-27 22:13:11,310] 174 root - INFO - Data transformation complete
[ 2026-05-27 22:13:11,310] 49 root - INFO - Started Regular Expression mapping
[ 2026-05-27 22:13:11,310] 174 root - INFO - Data transformation complete
[ 2026-05-27 22:13:11,310] 49 root - INFO - Started Regular Expression mapping
[ 2026-05-27 22:13:11,310] 25 root - INFO - Match heuristic business names to paybill payments
[ 2026-05-27 22:13:11,311] 174 root - INFO - Data transformation complete
[ 2026-05-27 22:13:11,311] 49 root - INFO - Started Regular Expression mapping
[ 2026-05-27 22:13:11,311] 25 root - INFO - Match heuristic business names to paybill payments
[ 2026-05-27 22:13:11,311] 174 root - INFO - Data transformation complete
[ 2026-05-27 22:13:11,311] 49 root - INFO - Started Regular Expression mapping
[ 2026-05-27 22:13:11,311] 25 root - INFO - Match heuristic business names to paybill payments
[ 2026-05-27 22:13:11,311] 174 root - INFO - Data transformation complete
[ 2026-05-27 22:13:11,311] 49 root - INFO - Started Regular Expression mapping
[ 2026-05-27 22:13:11,312] 174 root - INFO - Data transformation complete
[ 2026-05-27 22:13:11,312] 49 root - INFO - Started Regular Expression mapping
[ 2026-05-27 22:13:11,312] 25 root - INFO - Match heuristic business names to paybill payments
[ 2026-05-27 22:13:11,312] 174 root - INFO - Data transformation complete
[ 2026-05-27 22:13:11,312] 49 root - INFO - Started Regular Expression mapping
[ 2026-05-27 22:13:11,312] 25 root - INFO - Match heuristic business names to paybill payments
[ 2026-05-27 22:13:11,313] 174 root - INFO - Data transformation complete
[ 2026-05-27 22:13:11,313] 49 root - INFO - Started Regular Expression mapping
[ 2026-05-27 22:13:11,313] 174 root - INFO - Data transformation complete
[ 2026-05-27 22:13:11,313] 49 root - INFO - Started Regular Expression mapping
[ 2026-05-27 22:13:11,313] 25 root - INFO - Match heuristic business names to paybill payments
[ 2026-05-27 22:13:11,313] 174 root - INFO - Data transformation complete
[ 2026-05-27 22:13:11,313] 49 root - INFO - Started Regular Expression mapping
[ 2026-05-27 22:13:11,314] 174 root - INFO - Data transformation complete
[ 2026-05-27 22:13:11,314] 49 root - INFO - Started Regular Expression mapping
[ 2026-05-27 22:13:11,314] 25 root - INFO - Match heuristic business names to paybill payments
[ 2026-05-27 22:13:11,314] 174 root - INFO - Data transformation complete
[ 2026-05-27 22:13:11,314] 49 root - INFO - Started Regular Expression mapping
[ 2026-05-27 22:13:11,314] 174 root - INFO - Data transformation complete
[ 2026-05-27 22:13:11,315] 49 root - INFO - Started Regular Expression mapping
[ 2026-05-27 22:13:11,315] 174 root - INFO - Data transformation complete
[ 2026-05-27 22:13:11,315] 49 root - INFO - Started Regular Expression mapping
[ 2026-05-27 22:13:11,315] 25 root - INFO - Match heuristic business names to paybill payments
[ 2026-05-27 22:13:11,315] 174 root - INFO - Data transformation complete
[ 2026-05-27 22:13:11,315] 49 root - INFO - Started Regular Expression mapping
[ 2026-05-27 22:13:11,315] 25 root - INFO - Match heuristic business names to paybill payments
[ 2026-05-27 22:13:11,316] 174 root - INFO - Data transformation complete
[ 2026-05-27 22:13:11,316] 49 root - INFO - Started Regular Expression mapping
[ 2026-05-27 22:13:11,316] 174 root - INFO - Data transformation complete
[ 2026-05-27 22:13:11,316] 49 root - INFO - Started Regular Expression mapping
[ 2026-05-27 22:13:11,316] 25 root - INFO - Match heuristic business names to paybill payments
[ 2026-05-27 22:13:11,316] 174 root - INFO - Data transformation complete
[ 2026-05-27 22:13:11,317] 49 root - INFO - Started Regular Expression mapping
[ 2026-05-27 22:13:11,317] 174 root - INFO - Data transformation complete
[ 2026-05-27 22:13:11,317] 49 root - INFO - Started Regular Expression mapping
[ 2026-05-27 22:13:11,317] 25 root - INFO - Match heuristic business names to paybill payments
[ 2026-05-27 22:13:11,317] 174 root - INFO - Data transformation complete
[ 2026-05-27 22:13:11,317] 49 root - INFO - Started Regular Expression mapping
[ 2026-05-27 22:13:11,317] 174 root - INFO - Data transformation complete
[ 2026-05-27 22:13:11,318] 49 root - INFO - Started Regular Expression mapping
[ 2026-05-27 22:13:11,318] 174 root - INFO - Data transformation complete
[ 2026-05-27 22:13:11,318] 49 root - INFO - Started Regular Expression mapping
[ 2026-05-27 22:13:11,318] 25 root - INFO - Match heuristic business names to paybill payments
[ 2026-05-27 22:13:11,318] 174 root - INFO - Data transformation complete
[ 2026-05-27 22:13:11,318] 49 root - INFO - Started Regular Expression mapping
[ 2026-05-27 22:13:11,319] 174 root - INFO - Data transformation complete
[ 2026-05-27 22:13:11,319] 49 root - INFO - Started Regular Expression mapping
[ 2026-05-27 22:13:11,320] 25 root - INFO - Match heuristic business names to paybill payments
[ 2026-05-27 22:13:11,320] 174 root - INFO - Data transformation complete
[ 2026-05-27 22:13:11,320] 49 root - INFO - Started Regular Expression mapping
[ 2026-05-27 22:13:11,320] 25 root - INFO - Match heuristic business names to paybill payments
[ 2026-05-27 22:13:11,320] 174 root - INFO - Data transformation complete
[ 2026-05-27 22:13:11,320] 49 root - INFO - Started Regular Expression mapping
[ 2026-05-27 22:13:11,321] 25 root - INFO - Match heuristic business names to paybill payments
[ 2026-05-27 22:13:11,321] 174 root - INFO - Data transformation complete
[ 2026-05-27 22:13:11,321] 49 root - INFO - Started Regular Expression mapping
[ 2026-05-27 22:13:11,321] 174 root - INFO - Data transformation complete
[ 2026-05-27 22:13:11,321] 49 root - INFO - Started Regular Expression mapping
[ 2026-05-27 22:13:11,321] 174 root - INFO - Data transformation complete
[ 2026-05-27 22:13:11,322] 49 root - INFO - Started Regular Expression mapping
[ 2026-05-27 22:13:11,322] 25 root - INFO - Match heuristic business names to paybill payments
[ 2026-05-27 22:13:11,322] 174 root - INFO - Data transformation complete
[ 2026-05-27 22:13:11,322] 49 root - INFO - Started Regular Expression mapping
[ 2026-05-27 22:13:11,322] 174 root - INFO - Data transformation complete
[ 2026-05-27 22:13:11,322] 49 root - INFO - Started Regular Expression mapping
[ 2026-05-27 22:13:11,323] 174 root - INFO - Data transformation complete
[ 2026-05-27 22:13:11,323] 49 root - INFO - Started Regular Expression mapping
[ 2026-05-27 22:13:11,323] 174 root - INFO - Data transformation complete
[ 2026-05-27 22:13:11,323] 49 root - INFO - Started Regular Expression mapping
[ 2026-05-27 22:13:11,323] 25 root - INFO - Match heuristic business names to paybill payments
[ 2026-05-27 22:13:11,323] 174 root - INFO - Data transformation complete
[ 2026-05-27 22:13:11,323] 49 root - INFO - Started Regular Expression mapping
[ 2026-05-27 22:13:11,324] 25 root - INFO - Match heuristic business names to paybill payments
[ 2026-05-27 22:13:11,324] 174 root - INFO - Data transformation complete
[ 2026-05-27 22:13:11,324] 49 root - INFO - Started Regular Expression mapping
[ 2026-05-27 22:13:11,324] 174 root - INFO - Data transformation complete
[ 2026-05-27 22:13:11,324] 49 root - INFO - Started Regular Expression mapping
[ 2026-05-27 22:13:11,324] 174 root - INFO - Data transformation complete
[ 2026-05-27 22:13:11,324] 49 root - INFO - Started Regular Expression mapping
[ 2026-05-27 22:13:11,325] 174 root - INFO - Data transformation complete
[ 2026-05-27 22:13:11,325] 49 root - INFO - Started Regular Expression mapping
[ 2026-05-27 22:13:11,325] 174 root - INFO - Data transformation complete
[ 2026-05-27 22:13:11,325] 49 root - INFO - Started Regular Expression mapping
[ 2026-05-27 22:13:11,325] 174 root - INFO - Data transformation complete
[ 2026-05-27 22:13:11,325] 49 root - INFO - Started Regular Expression mapping
[ 2026-05-27 22:13:11,326] 174 root - INFO - Data transformation complete
[ 2026-05-27 22:13:11,326] 49 root - INFO - Started Regular Expression mapping
[ 2026-05-27 22:13:11,326] 25 root - INFO - Match heuristic business names to paybill payments
[ 2026-05-27 22:13:11,326] 174 root - INFO - Data transformation complete
[ 2026-05-27 22:13:11,326] 49 root - INFO - Started Regular Expression mapping
[ 2026-05-27 22:13:11,326] 174 root - INFO - Data transformation complete
[ 2026-05-27 22:13:11,326] 49 root - INFO - Started Regular Expression mapping
[ 2026-05-27 22:13:11,327] 174 root - INFO - Data transformation complete
[ 2026-05-27 22:13:11,327] 49 root - INFO - Started Regular Expression mapping
[ 2026-05-27 22:13:11,327] 174 root - INFO - Data transformation complete
[ 2026-05-27 22:13:11,327] 49 root - INFO - Started Regular Expression mapping
[ 2026-05-27 22:13:11,327] 25 root - INFO - Match heuristic business names to paybill payments
[ 2026-05-27 22:13:11,327] 174 root - INFO - Data transformation complete
[ 2026-05-27 22:13:11,328] 49 root - INFO - Started Regular Expression mapping
[ 2026-05-27 22:13:11,328] 174 root - INFO - Data transformation complete
[ 2026-05-27 22:13:11,328] 49 root - INFO - Started Regular Expression mapping
[ 2026-05-27 22:13:11,328] 174 root - INFO - Data transformation complete
[ 2026-05-27 22:13:11,328] 49 root - INFO - Started Regular Expression mapping
[ 2026-05-27 22:13:11,328] 174 root - INFO - Data transformation complete
[ 2026-05-27 22:13:11,329] 49 root - INFO - Started Regular Expression mapping
[ 2026-05-27 22:13:11,329] 174 root - INFO - Data transformation complete
[ 2026-05-27 22:13:11,329] 49 root - INFO - Started Regular Expression mapping
[ 2026-05-27 22:13:11,329] 25 root - INFO - Match heuristic business names to paybill payments
[ 2026-05-27 22:13:11,329] 174 root - INFO - Data transformation complete
[ 2026-05-27 22:13:11,329] 49 root - INFO - Started Regular Expression mapping
[ 2026-05-27 22:13:11,330] 174 root - INFO - Data transformation complete
[ 2026-05-27 22:13:11,330] 49 root - INFO - Started Regular Expression mapping
[ 2026-05-27 22:13:11,330] 174 root - INFO - Data transformation complete
[ 2026-05-27 22:13:11,330] 49 root - INFO - Started Regular Expression mapping
[ 2026-05-27 22:13:11,330] 25 root - INFO - Match heuristic business names to paybill payments
[ 2026-05-27 22:13:11,330] 174 root - INFO - Data transformation complete
[ 2026-05-27 22:13:11,331] 49 root - INFO - Started Regular Expression mapping
[ 2026-05-27 22:13:11,331] 174 root - INFO - Data transformation complete
[ 2026-05-27 22:13:11,331] 49 root - INFO - Started Regular Expression mapping
[ 2026-05-27 22:13:11,331] 25 root - INFO - Match heuristic business names to paybill payments
[ 2026-05-27 22:13:11,331] 174 root - INFO - Data transformation complete
[ 2026-05-27 22:13:11,331] 49 root - INFO - Started Regular Expression mapping
[ 2026-05-27 22:13:11,331] 25 root - INFO - Match heuristic business names to paybill payments
[ 2026-05-27 22:13:11,332] 174 root - INFO - Data transformation complete
[ 2026-05-27 22:13:11,332] 49 root - INFO - Started Regular Expression mapping
[ 2026-05-27 22:13:11,332] 174 root - INFO - Data transformation complete
[ 2026-05-27 22:13:11,332] 49 root - INFO - Started Regular Expression mapping
[ 2026-05-27 22:13:11,332] 174 root - INFO - Data transformation complete
[ 2026-05-27 22:13:11,332] 49 root - INFO - Started Regular Expression mapping
[ 2026-05-27 22:13:11,333] 174 root - INFO - Data transformation complete
[ 2026-05-27 22:13:11,333] 49 root - INFO - Started Regular Expression mapping
[ 2026-05-27 22:13:11,333] 174 root - INFO - Data transformation complete
[ 2026-05-27 22:13:11,333] 49 root - INFO - Started Regular Expression mapping
[ 2026-05-27 22:13:11,333] 174 root - INFO - Data transformation complete
[ 2026-05-27 22:13:11,333] 49 root - INFO - Started Regular Expression mapping
[ 2026-05-27 22:13:11,333] 25 root - INFO - Match heuristic business names to paybill payments
[ 2026-05-27 22:13:11,334] 174 root - INFO - Data transformation complete
[ 2026-05-27 22:13:11,334] 49 root - INFO - Started Regular Expression mapping
[ 2026-05-27 22:13:11,334] 25 root - INFO - Match heuristic business names to paybill payments
[ 2026-05-27 22:13:11,334] 174 root - INFO - Data transformation complete
[ 2026-05-27 22:13:11,334] 49 root - INFO - Started Regular Expression mapping
[ 2026-05-27 22:13:11,334] 25 root - INFO - Match heuristic business names to paybill payments
[ 2026-05-27 22:13:11,334] 174 root - INFO - Data transformation complete
[ 2026-05-27 22:13:11,335] 49 root - INFO - Started Regular Expression mapping
[ 2026-05-27 22:13:11,335] 174 root - INFO - Data transformation complete
[ 2026-05-27 22:13:11,335] 49 root - INFO - Started Regular Expression mapping
[ 2026-05-27 22:13:11,335] 174 root - INFO - Data transformation complete
[ 2026-05-27 22:13:11,335] 49 root - INFO - Started Regular Expression mapping
[ 2026-05-27 22:13:11,335] 174 root - INFO - Data transformation complete
[ 2026-05-27 22:13:11,336] 49 root - INFO - Started Regular Expression mapping
[ 2026-05-27 22:13:11,336] 174 root - INFO - Data transformation complete
[ 2026-05-27 22:13:11,336] 49 root - INFO - Started Regular Expression mapping
[ 2026-05-27 22:13:11,336] 174 root - INFO - Data transformation complete
[ 2026-05-27 22:13:11,336] 49 root - INFO - Started Regular Expression mapping
[ 2026-05-27 22:13:11,336] 174 root - INFO - Data transformation complete
[ 2026-05-27 22:13:11,336] 49 root - INFO - Started Regular Expression mapping
[ 2026-05-27 22:13:11,337] 25 root - INFO - Match heuristic business names to paybill payments
[ 2026-05-27 22:13:11,337] 174 root - INFO - Data transformation complete
[ 2026-05-27 22:13:11,337] 49 root - INFO - Started Regular Expression mapping
[ 2026-05-27 22:13:11,337] 174 root - INFO - Data transformation complete
[ 2026-05-27 22:13:11,337] 49 root - INFO - Started Regular Expression mapping
[ 2026-05-27 22:13:11,337] 25 root - INFO - Match heuristic business names to paybill payments
[ 2026-05-27 22:13:11,338] 174 root - INFO - Data transformation complete
[ 2026-05-27 22:13:11,338] 49 root - INFO - Started Regular Expression mapping
[ 2026-05-27 22:13:11,338] 25 root - INFO - Match heuristic business names to paybill payments
[ 2026-05-27 22:13:11,338] 174 root - INFO - Data transformation complete
[ 2026-05-27 22:13:11,338] 49 root - INFO - Started Regular Expression mapping
[ 2026-05-27 22:13:11,338] 25 root - INFO - Match heuristic business names to paybill payments
[ 2026-05-27 22:13:11,338] 174 root - INFO - Data transformation complete
[ 2026-05-27 22:13:11,339] 49 root - INFO - Started Regular Expression mapping
[ 2026-05-27 22:13:11,339] 174 root - INFO - Data transformation complete
[ 2026-05-27 22:13:11,339] 49 root - INFO - Started Regular Expression mapping
[ 2026-05-27 22:13:11,339] 174 root - INFO - Data transformation complete
[ 2026-05-27 22:13:11,339] 49 root - INFO - Started Regular Expression mapping
[ 2026-05-27 22:13:11,339] 174 root - INFO - Data transformation complete
[ 2026-05-27 22:13:11,340] 49 root - INFO - Started Regular Expression mapping
[ 2026-05-27 22:13:11,340] 25 root - INFO - Match heuristic business names to paybill payments
[ 2026-05-27 22:13:11,340] 174 root - INFO - Data transformation complete
[ 2026-05-27 22:13:11,340] 49 root - INFO - Started Regular Expression mapping
[ 2026-05-27 22:13:11,340] 174 root - INFO - Data transformation complete
[ 2026-05-27 22:13:11,340] 49 root - INFO - Started Regular Expression mapping
[ 2026-05-27 22:13:11,340] 174 root - INFO - Data transformation complete
[ 2026-05-27 22:13:11,341] 49 root - INFO - Started Regular Expression mapping
[ 2026-05-27 22:13:11,341] 25 root - INFO - Match heuristic business names to paybill payments
[ 2026-05-27 22:13:11,341] 174 root - INFO - Data transformation complete
[ 2026-05-27 22:13:11,341] 49 root - INFO - Started Regular Expression mapping
[ 2026-05-27 22:13:11,341] 174 root - INFO - Data transformation complete
[ 2026-05-27 22:13:11,341] 49 root - INFO - Started Regular Expression mapping
[ 2026-05-27 22:13:11,342] 25 root - INFO - Match heuristic business names to paybill payments
[ 2026-05-27 22:13:11,342] 174 root - INFO - Data transformation complete
[ 2026-05-27 22:13:11,342] 49 root - INFO - Started Regular Expression mapping
[ 2026-05-27 22:13:11,342] 174 root - INFO - Data transformation complete
[ 2026-05-27 22:13:11,342] 49 root - INFO - Started Regular Expression mapping
[ 2026-05-27 22:13:11,342] 174 root - INFO - Data transformation complete
[ 2026-05-27 22:13:11,342] 49 root - INFO - Started Regular Expression mapping
[ 2026-05-27 22:13:11,343] 174 root - INFO - Data transformation complete
[ 2026-05-27 22:13:11,343] 49 root - INFO - Started Regular Expression mapping
[ 2026-05-27 22:13:11,343] 174 root - INFO - Data transformation complete
[ 2026-05-27 22:13:11,343] 49 root - INFO - Started Regular Expression mapping
[ 2026-05-27 22:13:11,343] 25 root - INFO - Match heuristic business names to paybill payments
[ 2026-05-27 22:13:11,343] 174 root - INFO - Data transformation complete
[ 2026-05-27 22:13:11,343] 49 root - INFO - Started Regular Expression mapping
[ 2026-05-27 22:13:11,344] 174 root - INFO - Data transformation complete
[ 2026-05-27 22:13:11,344] 49 root - INFO - Started Regular Expression mapping
[ 2026-05-27 22:13:11,344] 174 root - INFO - Data transformation complete
[ 2026-05-27 22:13:11,344] 49 root - INFO - Started Regular Expression mapping
[ 2026-05-27 22:13:11,344] 25 root - INFO - Match heuristic business names to paybill payments
[ 2026-05-27 22:13:11,344] 174 root - INFO - Data transformation complete
[ 2026-05-27 22:13:11,344] 49 root - INFO - Started Regular Expression mapping
[ 2026-05-27 22:13:11,345] 25 root - INFO - Match heuristic business names to paybill payments
[ 2026-05-27 22:13:11,345] 174 root - INFO - Data transformation complete
[ 2026-05-27 22:13:11,345] 49 root - INFO - Started Regular Expression mapping
[ 2026-05-27 22:13:11,345] 25 root - INFO - Match heuristic business names to paybill payments
[ 2026-05-27 22:13:11,345] 174 root - INFO - Data transformation complete
[ 2026-05-27 22:13:11,345] 49 root - INFO - Started Regular Expression mapping
[ 2026-05-27 22:13:11,346] 25 root - INFO - Match heuristic business names to paybill payments
[ 2026-05-27 22:13:11,346] 174 root - INFO - Data transformation complete
[ 2026-05-27 22:13:11,346] 49 root - INFO - Started Regular Expression mapping
[ 2026-05-27 22:13:11,346] 25 root - INFO - Match heuristic business names to paybill payments
[ 2026-05-27 22:13:11,346] 174 root - INFO - Data transformation complete
[ 2026-05-27 22:13:11,346] 49 root - INFO - Started Regular Expression mapping
[ 2026-05-27 22:13:11,346] 174 root - INFO - Data transformation complete
[ 2026-05-27 22:13:11,347] 49 root - INFO - Started Regular Expression mapping
[ 2026-05-27 22:13:11,347] 174 root - INFO - Data transformation complete
[ 2026-05-27 22:13:11,347] 49 root - INFO - Started Regular Expression mapping
[ 2026-05-27 22:13:11,347] 174 root - INFO - Data transformation complete
[ 2026-05-27 22:13:11,347] 49 root - INFO - Started Regular Expression mapping
[ 2026-05-27 22:13:11,347] 25 root - INFO - Match heuristic business names to paybill payments
[ 2026-05-27 22:13:11,348] 174 root - INFO - Data transformation complete
[ 2026-05-27 22:13:11,348] 49 root - INFO - Started Regular Expression mapping
[ 2026-05-27 22:13:11,348] 174 root - INFO - Data transformation complete
[ 2026-05-27 22:13:11,348] 49 root - INFO - Started Regular Expression mapping
[ 2026-05-27 22:13:11,348] 174 root - INFO - Data transformation complete
[ 2026-05-27 22:13:11,348] 49 root - INFO - Started Regular Expression mapping
[ 2026-05-27 22:13:11,348] 25 root - INFO - Match heuristic business names to paybill payments
[ 2026-05-27 22:13:11,349] 174 root - INFO - Data transformation complete
[ 2026-05-27 22:13:11,349] 49 root - INFO - Started Regular Expression mapping
[ 2026-05-27 22:13:11,349] 25 root - INFO - Match heuristic business names to paybill payments
[ 2026-05-27 22:13:11,349] 174 root - INFO - Data transformation complete
[ 2026-05-27 22:13:11,349] 49 root - INFO - Started Regular Expression mapping
[ 2026-05-27 22:13:11,349] 174 root - INFO - Data transformation complete
[ 2026-05-27 22:13:11,349] 49 root - INFO - Started Regular Expression mapping
[ 2026-05-27 22:13:11,350] 25 root - INFO - Match heuristic business names to paybill payments
[ 2026-05-27 22:13:11,350] 174 root - INFO - Data transformation complete
[ 2026-05-27 22:13:11,350] 49 root - INFO - Started Regular Expression mapping
[ 2026-05-27 22:13:11,350] 174 root - INFO - Data transformation complete
[ 2026-05-27 22:13:11,350] 49 root - INFO - Started Regular Expression mapping
[ 2026-05-27 22:13:11,350] 25 root - INFO - Match heuristic business names to paybill payments
[ 2026-05-27 22:13:11,351] 174 root - INFO - Data transformation complete
[ 2026-05-27 22:13:11,351] 49 root - INFO - Started Regular Expression mapping
[ 2026-05-27 22:13:11,351] 174 root - INFO - Data transformation complete
[ 2026-05-27 22:13:11,351] 49 root - INFO - Started Regular Expression mapping
[ 2026-05-27 22:13:11,351] 174 root - INFO - Data transformation complete
[ 2026-05-27 22:13:11,351] 49 root - INFO - Started Regular Expression mapping
[ 2026-05-27 22:13:11,351] 174 root - INFO - Data transformation complete
[ 2026-05-27 22:13:11,352] 49 root - INFO - Started Regular Expression mapping
[ 2026-05-27 22:13:11,352] 174 root - INFO - Data transformation complete
[ 2026-05-27 22:13:11,352] 49 root - INFO - Started Regular Expression mapping
[ 2026-05-27 22:13:11,352] 174 root - INFO - Data transformation complete
[ 2026-05-27 22:13:11,352] 49 root - INFO - Started Regular Expression mapping
[ 2026-05-27 22:13:11,352] 174 root - INFO - Data transformation complete
[ 2026-05-27 22:13:11,353] 49 root - INFO - Started Regular Expression mapping
[ 2026-05-27 22:13:11,353] 174 root - INFO - Data transformation complete
[ 2026-05-27 22:13:11,353] 49 root - INFO - Started Regular Expression mapping
[ 2026-05-27 22:13:11,353] 174 root - INFO - Data transformation complete
[ 2026-05-27 22:13:11,353] 49 root - INFO - Started Regular Expression mapping
[ 2026-05-27 22:13:11,353] 174 root - INFO - Data transformation complete
[ 2026-05-27 22:13:11,353] 49 root - INFO - Started Regular Expression mapping
[ 2026-05-27 22:13:11,354] 174 root - INFO - Data transformation complete
[ 2026-05-27 22:13:11,354] 49 root - INFO - Started Regular Expression mapping
[ 2026-05-27 22:13:11,354] 174 root - INFO - Data transformation complete
[ 2026-05-27 22:13:11,354] 49 root - INFO - Started Regular Expression mapping
[ 2026-05-27 22:13:11,354] 25 root - INFO - Match heuristic business names to paybill payments
[ 2026-05-27 22:13:11,354] 174 root - INFO - Data transformation complete
[ 2026-05-27 22:13:11,354] 49 root - INFO - Started Regular Expression mapping
[ 2026-05-27 22:13:11,355] 174 root - INFO - Data transformation complete
[ 2026-05-27 22:13:11,355] 49 root - INFO - Started Regular Expression mapping
[ 2026-05-27 22:13:11,355] 25 root - INFO - Match heuristic business names to paybill payments
[ 2026-05-27 22:13:11,355] 174 root - INFO - Data transformation complete
[ 2026-05-27 22:13:11,355] 49 root - INFO - Started Regular Expression mapping
[ 2026-05-27 22:13:11,355] 174 root - INFO - Data transformation complete
[ 2026-05-27 22:13:11,356] 49 root - INFO - Started Regular Expression mapping
[ 2026-05-27 22:13:11,356] 174 root - INFO - Data transformation complete
[ 2026-05-27 22:13:11,356] 49 root - INFO - Started Regular Expression mapping
[ 2026-05-27 22:13:11,356] 25 root - INFO - Match heuristic business names to paybill payments
[ 2026-05-27 22:13:11,356] 174 root - INFO - Data transformation complete
[ 2026-05-27 22:13:11,356] 49 root - INFO - Started Regular Expression mapping
[ 2026-05-27 22:13:11,356] 174 root - INFO - Data transformation complete
[ 2026-05-27 22:13:11,357] 49 root - INFO - Started Regular Expression mapping
[ 2026-05-27 22:13:11,357] 174 root - INFO - Data transformation complete
[ 2026-05-27 22:13:11,357] 49 root - INFO - Started Regular Expression mapping
[ 2026-05-27 22:13:11,357] 174 root - INFO - Data transformation complete
[ 2026-05-27 22:13:11,357] 49 root - INFO - Started Regular Expression mapping
[ 2026-05-27 22:13:11,357] 25 root - INFO - Match heuristic business names to paybill payments
[ 2026-05-27 22:13:11,358] 174 root - INFO - Data transformation complete
[ 2026-05-27 22:13:11,358] 49 root - INFO - Started Regular Expression mapping
[ 2026-05-27 22:13:11,358] 174 root - INFO - Data transformation complete
[ 2026-05-27 22:13:11,358] 49 root - INFO - Started Regular Expression mapping
[ 2026-05-27 22:13:11,358] 174 root - INFO - Data transformation complete
[ 2026-05-27 22:13:11,358] 49 root - INFO - Started Regular Expression mapping
[ 2026-05-27 22:13:11,358] 25 root - INFO - Match heuristic business names to paybill payments
[ 2026-05-27 22:13:11,359] 174 root - INFO - Data transformation complete
[ 2026-05-27 22:13:11,359] 49 root - INFO - Started Regular Expression mapping
[ 2026-05-27 22:13:11,359] 174 root - INFO - Data transformation complete
[ 2026-05-27 22:13:11,359] 49 root - INFO - Started Regular Expression mapping
[ 2026-05-27 22:13:11,359] 174 root - INFO - Data transformation complete
[ 2026-05-27 22:13:11,359] 49 root - INFO - Started Regular Expression mapping
[ 2026-05-27 22:13:11,360] 25 root - INFO - Match heuristic business names to paybill payments
[ 2026-05-27 22:13:11,360] 174 root - INFO - Data transformation complete
[ 2026-05-27 22:13:11,360] 49 root - INFO - Started Regular Expression mapping
[ 2026-05-27 22:13:11,360] 174 root - INFO - Data transformation complete
[ 2026-05-27 22:13:11,360] 49 root - INFO - Started Regular Expression mapping
[ 2026-05-27 22:13:11,360] 174 root - INFO - Data transformation complete
[ 2026-05-27 22:13:11,360] 49 root - INFO - Started Regular Expression mapping
[ 2026-05-27 22:13:11,361] 174 root - INFO - Data transformation complete
[ 2026-05-27 22:13:11,361] 49 root - INFO - Started Regular Expression mapping
[ 2026-05-27 22:13:11,361] 174 root - INFO - Data transformation complete
[ 2026-05-27 22:13:11,361] 49 root - INFO - Started Regular Expression mapping
[ 2026-05-27 22:13:11,361] 174 root - INFO - Data transformation complete
[ 2026-05-27 22:13:11,361] 49 root - INFO - Started Regular Expression mapping
[ 2026-05-27 22:13:11,362] 174 root - INFO - Data transformation complete
[ 2026-05-27 22:13:11,362] 49 root - INFO - Started Regular Expression mapping
[ 2026-05-27 22:13:11,362] 174 root - INFO - Data transformation complete
[ 2026-05-27 22:13:11,362] 49 root - INFO - Started Regular Expression mapping
[ 2026-05-27 22:13:11,362] 174 root - INFO - Data transformation complete
[ 2026-05-27 22:13:11,362] 49 root - INFO - Started Regular Expression mapping
[ 2026-05-27 22:13:11,363] 174 root - INFO - Data transformation complete
[ 2026-05-27 22:13:11,363] 49 root - INFO - Started Regular Expression mapping
[ 2026-05-27 22:13:11,363] 25 root - INFO - Match heuristic business names to paybill payments
[ 2026-05-27 22:13:11,363] 174 root - INFO - Data transformation complete
[ 2026-05-27 22:13:11,363] 49 root - INFO - Started Regular Expression mapping
[ 2026-05-27 22:13:11,363] 174 root - INFO - Data transformation complete
[ 2026-05-27 22:13:11,363] 49 root - INFO - Started Regular Expression mapping
[ 2026-05-27 22:13:11,364] 174 root - INFO - Data transformation complete
[ 2026-05-27 22:13:11,364] 49 root - INFO - Started Regular Expression mapping
[ 2026-05-27 22:13:11,364] 25 root - INFO - Match heuristic business names to paybill payments
[ 2026-05-27 22:13:11,364] 174 root - INFO - Data transformation complete
[ 2026-05-27 22:13:11,364] 49 root - INFO - Started Regular Expression mapping
[ 2026-05-27 22:13:11,364] 174 root - INFO - Data transformation complete
[ 2026-05-27 22:13:11,364] 49 root - INFO - Started Regular Expression mapping
[ 2026-05-27 22:13:11,365] 25 root - INFO - Match heuristic business names to paybill payments
[ 2026-05-27 22:13:11,365] 174 root - INFO - Data transformation complete
[ 2026-05-27 22:13:11,365] 49 root - INFO - Started Regular Expression mapping
[ 2026-05-27 22:13:11,365] 174 root - INFO - Data transformation complete
[ 2026-05-27 22:13:11,365] 49 root - INFO - Started Regular Expression mapping
[ 2026-05-27 22:13:11,365] 25 root - INFO - Match heuristic business names to paybill payments
[ 2026-05-27 22:13:11,365] 174 root - INFO - Data transformation complete
[ 2026-05-27 22:13:11,366] 49 root - INFO - Started Regular Expression mapping
[ 2026-05-27 22:13:11,366] 25 root - INFO - Match heuristic business names to paybill payments
[ 2026-05-27 22:13:11,366] 174 root - INFO - Data transformation complete
[ 2026-05-27 22:13:11,366] 49 root - INFO - Started Regular Expression mapping
[ 2026-05-27 22:13:11,366] 174 root - INFO - Data transformation complete
[ 2026-05-27 22:13:11,366] 49 root - INFO - Started Regular Expression mapping
[ 2026-05-27 22:13:11,367] 174 root - INFO - Data transformation complete
[ 2026-05-27 22:13:11,367] 49 root - INFO - Started Regular Expression mapping
[ 2026-05-27 22:13:11,367] 174 root - INFO - Data transformation complete
[ 2026-05-27 22:13:11,367] 49 root - INFO - Started Regular Expression mapping
[ 2026-05-27 22:13:11,367] 174 root - INFO - Data transformation complete
[ 2026-05-27 22:13:11,367] 49 root - INFO - Started Regular Expression mapping
[ 2026-05-27 22:13:11,367] 174 root - INFO - Data transformation complete
[ 2026-05-27 22:13:11,368] 49 root - INFO - Started Regular Expression mapping
[ 2026-05-27 22:13:11,368] 174 root - INFO - Data transformation complete
[ 2026-05-27 22:13:11,368] 49 root - INFO - Started Regular Expression mapping
[ 2026-05-27 22:13:11,368] 174 root - INFO - Data transformation complete
[ 2026-05-27 22:13:11,368] 49 root - INFO - Started Regular Expression mapping
[ 2026-05-27 22:13:11,368] 25 root - INFO - Match heuristic business names to paybill payments
[ 2026-05-27 22:13:11,369] 174 root - INFO - Data transformation complete
[ 2026-05-27 22:13:11,369] 49 root - INFO - Started Regular Expression mapping
[ 2026-05-27 22:13:11,369] 25 root - INFO - Match heuristic business names to paybill payments
[ 2026-05-27 22:13:11,369] 174 root - INFO - Data transformation complete
[ 2026-05-27 22:13:11,369] 49 root - INFO - Started Regular Expression mapping
[ 2026-05-27 22:13:11,369] 174 root - INFO - Data transformation complete
[ 2026-05-27 22:13:11,369] 49 root - INFO - Started Regular Expression mapping
[ 2026-05-27 22:13:11,370] 174 root - INFO - Data transformation complete
[ 2026-05-27 22:13:11,370] 49 root - INFO - Started Regular Expression mapping
[ 2026-05-27 22:13:11,370] 174 root - INFO - Data transformation complete
[ 2026-05-27 22:13:11,370] 49 root - INFO - Started Regular Expression mapping
[ 2026-05-27 22:13:11,370] 174 root - INFO - Data transformation complete
[ 2026-05-27 22:13:11,370] 49 root - INFO - Started Regular Expression mapping
[ 2026-05-27 22:13:11,371] 174 root - INFO - Data transformation complete
[ 2026-05-27 22:13:11,371] 49 root - INFO - Started Regular Expression mapping
[ 2026-05-27 22:13:11,371] 25 root - INFO - Match heuristic business names to paybill payments
[ 2026-05-27 22:13:11,371] 174 root - INFO - Data transformation complete
[ 2026-05-27 22:13:11,371] 49 root - INFO - Started Regular Expression mapping
[ 2026-05-27 22:13:11,371] 25 root - INFO - Match heuristic business names to paybill payments
[ 2026-05-27 22:13:11,371] 174 root - INFO - Data transformation complete
[ 2026-05-27 22:13:11,372] 49 root - INFO - Started Regular Expression mapping
[ 2026-05-27 22:13:11,372] 25 root - INFO - Match heuristic business names to paybill payments
[ 2026-05-27 22:13:11,372] 174 root - INFO - Data transformation complete
[ 2026-05-27 22:13:11,372] 49 root - INFO - Started Regular Expression mapping
[ 2026-05-27 22:13:11,372] 174 root - INFO - Data transformation complete
[ 2026-05-27 22:13:11,372] 49 root - INFO - Started Regular Expression mapping
[ 2026-05-27 22:13:11,372] 174 root - INFO - Data transformation complete
[ 2026-05-27 22:13:11,373] 49 root - INFO - Started Regular Expression mapping
[ 2026-05-27 22:13:11,373] 25 root - INFO - Match heuristic business names to paybill payments
[ 2026-05-27 22:13:11,373] 174 root - INFO - Data transformation complete
[ 2026-05-27 22:13:11,373] 49 root - INFO - Started Regular Expression mapping
[ 2026-05-27 22:13:11,373] 25 root - INFO - Match heuristic business names to paybill payments
[ 2026-05-27 22:13:11,373] 174 root - INFO - Data transformation complete
[ 2026-05-27 22:13:11,373] 49 root - INFO - Started Regular Expression mapping
[ 2026-05-27 22:13:11,374] 174 root - INFO - Data transformation complete
[ 2026-05-27 22:13:11,374] 49 root - INFO - Started Regular Expression mapping
[ 2026-05-27 22:13:11,374] 174 root - INFO - Data transformation complete
[ 2026-05-27 22:13:11,374] 49 root - INFO - Started Regular Expression mapping
[ 2026-05-27 22:13:11,374] 174 root - INFO - Data transformation complete
[ 2026-05-27 22:13:11,374] 49 root - INFO - Started Regular Expression mapping
[ 2026-05-27 22:13:11,375] 174 root - INFO - Data transformation complete
[ 2026-05-27 22:13:11,375] 49 root - INFO - Started Regular Expression mapping
[ 2026-05-27 22:13:11,375] 174 root - INFO - Data transformation complete
[ 2026-05-27 22:13:11,375] 49 root - INFO - Started Regular Expression mapping
[ 2026-05-27 22:13:11,375] 25 root - INFO - Match heuristic business names to paybill payments
[ 2026-05-27 22:13:11,375] 174 root - INFO - Data transformation complete
[ 2026-05-27 22:13:11,375] 49 root - INFO - Started Regular Expression mapping
[ 2026-05-27 22:13:11,376] 174 root - INFO - Data transformation complete
[ 2026-05-27 22:13:11,376] 49 root - INFO - Started Regular Expression mapping
[ 2026-05-27 22:13:11,376] 174 root - INFO - Data transformation complete
[ 2026-05-27 22:13:11,376] 49 root - INFO - Started Regular Expression mapping
[ 2026-05-27 22:13:11,376] 174 root - INFO - Data transformation complete
[ 2026-05-27 22:13:11,376] 49 root - INFO - Started Regular Expression mapping
[ 2026-05-27 22:13:11,376] 174 root - INFO - Data transformation complete
[ 2026-05-27 22:13:11,377] 49 root - INFO - Started Regular Expression mapping
[ 2026-05-27 22:13:11,377] 174 root - INFO - Data transformation complete
[ 2026-05-27 22:13:11,377] 49 root - INFO - Started Regular Expression mapping
[ 2026-05-27 22:13:11,377] 174 root - INFO - Data transformation complete
[ 2026-05-27 22:13:11,377] 49 root - INFO - Started Regular Expression mapping
[ 2026-05-27 22:13:11,377] 174 root - INFO - Data transformation complete
[ 2026-05-27 22:13:11,378] 49 root - INFO - Started Regular Expression mapping
[ 2026-05-27 22:13:11,378] 174 root - INFO - Data transformation complete
[ 2026-05-27 22:13:11,378] 49 root - INFO - Started Regular Expression mapping
[ 2026-05-27 22:13:11,378] 25 root - INFO - Match heuristic business names to paybill payments
[ 2026-05-27 22:13:11,378] 174 root - INFO - Data transformation complete
[ 2026-05-27 22:13:11,378] 49 root - INFO - Started Regular Expression mapping
[ 2026-05-27 22:13:11,378] 25 root - INFO - Match heuristic business names to paybill payments
[ 2026-05-27 22:13:11,379] 174 root - INFO - Data transformation complete
[ 2026-05-27 22:13:11,379] 49 root - INFO - Started Regular Expression mapping
[ 2026-05-27 22:13:11,379] 174 root - INFO - Data transformation complete
[ 2026-05-27 22:13:11,379] 49 root - INFO - Started Regular Expression mapping
[ 2026-05-27 22:13:11,379] 174 root - INFO - Data transformation complete
[ 2026-05-27 22:13:11,379] 49 root - INFO - Started Regular Expression mapping
[ 2026-05-27 22:13:11,380] 174 root - INFO - Data transformation complete
[ 2026-05-27 22:13:11,380] 49 root - INFO - Started Regular Expression mapping
[ 2026-05-27 22:13:11,380] 174 root - INFO - Data transformation complete
[ 2026-05-27 22:13:11,380] 49 root - INFO - Started Regular Expression mapping
[ 2026-05-27 22:13:11,380] 174 root - INFO - Data transformation complete
[ 2026-05-27 22:13:11,380] 49 root - INFO - Started Regular Expression mapping
[ 2026-05-27 22:13:11,380] 174 root - INFO - Data transformation complete
[ 2026-05-27 22:13:11,381] 49 root - INFO - Started Regular Expression mapping
[ 2026-05-27 22:13:11,381] 174 root - INFO - Data transformation complete
[ 2026-05-27 22:13:11,381] 49 root - INFO - Started Regular Expression mapping
[ 2026-05-27 22:13:11,381] 174 root - INFO - Data transformation complete
[ 2026-05-27 22:13:11,381] 49 root - INFO - Started Regular Expression mapping
[ 2026-05-27 22:13:11,381] 25 root - INFO - Match heuristic business names to paybill payments
[ 2026-05-27 22:13:11,382] 174 root - INFO - Data transformation complete
[ 2026-05-27 22:13:11,382] 49 root - INFO - Started Regular Expression mapping
[ 2026-05-27 22:13:11,382] 174 root - INFO - Data transformation complete
[ 2026-05-27 22:13:11,382] 49 root - INFO - Started Regular Expression mapping
[ 2026-05-27 22:13:11,382] 25 root - INFO - Match heuristic business names to paybill payments
[ 2026-05-27 22:13:11,382] 174 root - INFO - Data transformation complete
[ 2026-05-27 22:13:11,382] 49 root - INFO - Started Regular Expression mapping
[ 2026-05-27 22:13:11,383] 174 root - INFO - Data transformation complete
[ 2026-05-27 22:13:11,383] 49 root - INFO - Started Regular Expression mapping
[ 2026-05-27 22:13:11,383] 25 root - INFO - Match heuristic business names to paybill payments
[ 2026-05-27 22:13:11,383] 174 root - INFO - Data transformation complete
[ 2026-05-27 22:13:11,383] 49 root - INFO - Started Regular Expression mapping
[ 2026-05-27 22:13:11,383] 25 root - INFO - Match heuristic business names to paybill payments
[ 2026-05-27 22:13:11,384] 174 root - INFO - Data transformation complete
[ 2026-05-27 22:13:11,384] 49 root - INFO - Started Regular Expression mapping
[ 2026-05-27 22:13:11,384] 25 root - INFO - Match heuristic business names to paybill payments
[ 2026-05-27 22:13:11,384] 174 root - INFO - Data transformation complete
[ 2026-05-27 22:13:11,384] 49 root - INFO - Started Regular Expression mapping
[ 2026-05-27 22:13:11,385] 174 root - INFO - Data transformation complete
[ 2026-05-27 22:13:11,385] 49 root - INFO - Started Regular Expression mapping
[ 2026-05-27 22:13:11,385] 174 root - INFO - Data transformation complete
[ 2026-05-27 22:13:11,385] 49 root - INFO - Started Regular Expression mapping
[ 2026-05-27 22:13:11,385] 174 root - INFO - Data transformation complete
[ 2026-05-27 22:13:11,385] 49 root - INFO - Started Regular Expression mapping
[ 2026-05-27 22:13:11,386] 174 root - INFO - Data transformation complete
[ 2026-05-27 22:13:11,386] 49 root - INFO - Started Regular Expression mapping
[ 2026-05-27 22:13:11,386] 174 root - INFO - Data transformation complete
[ 2026-05-27 22:13:11,386] 49 root - INFO - Started Regular Expression mapping
[ 2026-05-27 22:13:11,386] 174 root - INFO - Data transformation complete
[ 2026-05-27 22:13:11,386] 49 root - INFO - Started Regular Expression mapping
[ 2026-05-27 22:13:11,387] 25 root - INFO - Match heuristic business names to paybill payments
[ 2026-05-27 22:13:11,387] 174 root - INFO - Data transformation complete
[ 2026-05-27 22:13:11,387] 49 root - INFO - Started Regular Expression mapping
[ 2026-05-27 22:13:11,388] 174 root - INFO - Data transformation complete
[ 2026-05-27 22:13:11,388] 49 root - INFO - Started Regular Expression mapping
[ 2026-05-27 22:13:11,388] 174 root - INFO - Data transformation complete
[ 2026-05-27 22:13:11,388] 49 root - INFO - Started Regular Expression mapping
[ 2026-05-27 22:13:11,388] 25 root - INFO - Match heuristic business names to paybill payments
[ 2026-05-27 22:13:11,388] 174 root - INFO - Data transformation complete
[ 2026-05-27 22:13:11,389] 49 root - INFO - Started Regular Expression mapping
[ 2026-05-27 22:13:11,389] 174 root - INFO - Data transformation complete
[ 2026-05-27 22:13:11,389] 49 root - INFO - Started Regular Expression mapping
[ 2026-05-27 22:13:11,389] 174 root - INFO - Data transformation complete
[ 2026-05-27 22:13:11,389] 49 root - INFO - Started Regular Expression mapping
[ 2026-05-27 22:13:11,390] 174 root - INFO - Data transformation complete
[ 2026-05-27 22:13:11,390] 49 root - INFO - Started Regular Expression mapping
[ 2026-05-27 22:13:11,390] 174 root - INFO - Data transformation complete
[ 2026-05-27 22:13:11,390] 49 root - INFO - Started Regular Expression mapping
[ 2026-05-27 22:13:11,390] 25 root - INFO - Match heuristic business names to paybill payments
[ 2026-05-27 22:13:11,390] 174 root - INFO - Data transformation complete
[ 2026-05-27 22:13:11,390] 49 root - INFO - Started Regular Expression mapping
[ 2026-05-27 22:13:11,391] 25 root - INFO - Match heuristic business names to paybill payments
[ 2026-05-27 22:13:11,391] 174 root - INFO - Data transformation complete
[ 2026-05-27 22:13:11,391] 49 root - INFO - Started Regular Expression mapping
[ 2026-05-27 22:13:11,391] 25 root - INFO - Match heuristic business names to paybill payments
[ 2026-05-27 22:13:11,391] 174 root - INFO - Data transformation complete
[ 2026-05-27 22:13:11,391] 49 root - INFO - Started Regular Expression mapping
[ 2026-05-27 22:13:11,392] 174 root - INFO - Data transformation complete
[ 2026-05-27 22:13:11,392] 49 root - INFO - Started Regular Expression mapping
[ 2026-05-27 22:13:11,392] 174 root - INFO - Data transformation complete
[ 2026-05-27 22:13:11,392] 49 root - INFO - Started Regular Expression mapping
[ 2026-05-27 22:13:11,392] 25 root - INFO - Match heuristic business names to paybill payments
[ 2026-05-27 22:13:11,392] 174 root - INFO - Data transformation complete
[ 2026-05-27 22:13:11,392] 49 root - INFO - Started Regular Expression mapping
[ 2026-05-27 22:13:11,393] 174 root - INFO - Data transformation complete
[ 2026-05-27 22:13:11,393] 49 root - INFO - Started Regular Expression mapping
[ 2026-05-27 22:13:11,393] 25 root - INFO - Match heuristic business names to paybill payments
[ 2026-05-27 22:13:11,393] 174 root - INFO - Data transformation complete
[ 2026-05-27 22:13:11,393] 49 root - INFO - Started Regular Expression mapping
[ 2026-05-27 22:13:11,393] 174 root - INFO - Data transformation complete
[ 2026-05-27 22:13:11,393] 49 root - INFO - Started Regular Expression mapping
[ 2026-05-27 22:13:11,394] 25 root - INFO - Match heuristic business names to paybill payments
[ 2026-05-27 22:13:11,394] 174 root - INFO - Data transformation complete
[ 2026-05-27 22:13:11,394] 49 root - INFO - Started Regular Expression mapping
[ 2026-05-27 22:13:11,394] 174 root - INFO - Data transformation complete
[ 2026-05-27 22:13:11,394] 49 root - INFO - Started Regular Expression mapping
[ 2026-05-27 22:13:11,394] 174 root - INFO - Data transformation complete
[ 2026-05-27 22:13:11,395] 49 root - INFO - Started Regular Expression mapping
[ 2026-05-27 22:13:11,395] 174 root - INFO - Data transformation complete
[ 2026-05-27 22:13:11,395] 49 root - INFO - Started Regular Expression mapping
[ 2026-05-27 22:13:11,395] 174 root - INFO - Data transformation complete
[ 2026-05-27 22:13:11,395] 49 root - INFO - Started Regular Expression mapping
[ 2026-05-27 22:13:11,395] 25 root - INFO - Match heuristic business names to paybill payments
[ 2026-05-27 22:13:11,395] 174 root - INFO - Data transformation complete
[ 2026-05-27 22:13:11,396] 49 root - INFO - Started Regular Expression mapping
[ 2026-05-27 22:13:11,396] 25 root - INFO - Match heuristic business names to paybill payments
[ 2026-05-27 22:13:11,396] 174 root - INFO - Data transformation complete
[ 2026-05-27 22:13:11,396] 49 root - INFO - Started Regular Expression mapping
[ 2026-05-27 22:13:11,396] 174 root - INFO - Data transformation complete
[ 2026-05-27 22:13:11,396] 49 root - INFO - Started Regular Expression mapping
[ 2026-05-27 22:13:11,397] 174 root - INFO - Data transformation complete
[ 2026-05-27 22:13:11,397] 49 root - INFO - Started Regular Expression mapping
[ 2026-05-27 22:13:11,397] 25 root - INFO - Match heuristic business names to paybill payments
[ 2026-05-27 22:13:11,397] 174 root - INFO - Data transformation complete
[ 2026-05-27 22:13:11,397] 49 root - INFO - Started Regular Expression mapping
[ 2026-05-27 22:13:11,397] 174 root - INFO - Data transformation complete
[ 2026-05-27 22:13:11,397] 49 root - INFO - Started Regular Expression mapping
[ 2026-05-27 22:13:11,398] 174 root - INFO - Data transformation complete
[ 2026-05-27 22:13:11,398] 49 root - INFO - Started Regular Expression mapping
[ 2026-05-27 22:13:11,399] 174 root - INFO - Data transformation complete
[ 2026-05-27 22:13:11,399] 49 root - INFO - Started Regular Expression mapping
[ 2026-05-27 22:13:11,399] 25 root - INFO - Match heuristic business names to paybill payments
[ 2026-05-27 22:13:11,399] 174 root - INFO - Data transformation complete
[ 2026-05-27 22:13:11,400] 49 root - INFO - Started Regular Expression mapping
[ 2026-05-27 22:13:11,400] 25 root - INFO - Match heuristic business names to paybill payments
[ 2026-05-27 22:13:11,400] 174 root - INFO - Data transformation complete
[ 2026-05-27 22:13:11,400] 49 root - INFO - Started Regular Expression mapping
[ 2026-05-27 22:13:11,400] 174 root - INFO - Data transformation complete
[ 2026-05-27 22:13:11,400] 49 root - INFO - Started Regular Expression mapping
[ 2026-05-27 22:13:11,401] 25 root - INFO - Match heuristic business names to paybill payments
[ 2026-05-27 22:13:11,401] 174 root - INFO - Data transformation complete
[ 2026-05-27 22:13:11,401] 49 root - INFO - Started Regular Expression mapping
[ 2026-05-27 22:13:11,401] 25 root - INFO - Match heuristic business names to paybill payments
[ 2026-05-27 22:13:11,401] 174 root - INFO - Data transformation complete
[ 2026-05-27 22:13:11,401] 49 root - INFO - Started Regular Expression mapping
[ 2026-05-27 22:13:11,402] 174 root - INFO - Data transformation complete
[ 2026-05-27 22:13:11,402] 49 root - INFO - Started Regular Expression mapping
[ 2026-05-27 22:13:11,402] 25 root - INFO - Match heuristic business names to paybill payments
[ 2026-05-27 22:13:11,402] 174 root - INFO - Data transformation complete
[ 2026-05-27 22:13:11,402] 49 root - INFO - Started Regular Expression mapping
[ 2026-05-27 22:13:11,402] 174 root - INFO - Data transformation complete
[ 2026-05-27 22:13:11,402] 49 root - INFO - Started Regular Expression mapping
[ 2026-05-27 22:13:11,403] 25 root - INFO - Match heuristic business names to paybill payments
[ 2026-05-27 22:13:11,403] 174 root - INFO - Data transformation complete
[ 2026-05-27 22:13:11,403] 49 root - INFO - Started Regular Expression mapping
[ 2026-05-27 22:13:11,403] 174 root - INFO - Data transformation complete
[ 2026-05-27 22:13:11,403] 49 root - INFO - Started Regular Expression mapping
[ 2026-05-27 22:13:11,403] 174 root - INFO - Data transformation complete
[ 2026-05-27 22:13:11,403] 49 root - INFO - Started Regular Expression mapping
[ 2026-05-27 22:13:11,404] 174 root - INFO - Data transformation complete
[ 2026-05-27 22:13:11,404] 49 root - INFO - Started Regular Expression mapping
[ 2026-05-27 22:13:11,404] 174 root - INFO - Data transformation complete
[ 2026-05-27 22:13:11,404] 49 root - INFO - Started Regular Expression mapping
[ 2026-05-27 22:13:11,404] 25 root - INFO - Match heuristic business names to paybill payments
[ 2026-05-27 22:13:11,404] 174 root - INFO - Data transformation complete
[ 2026-05-27 22:13:11,405] 49 root - INFO - Started Regular Expression mapping
[ 2026-05-27 22:13:11,405] 174 root - INFO - Data transformation complete
[ 2026-05-27 22:13:11,405] 49 root - INFO - Started Regular Expression mapping
[ 2026-05-27 22:13:11,405] 25 root - INFO - Match heuristic business names to paybill payments
[ 2026-05-27 22:13:11,405] 174 root - INFO - Data transformation complete
[ 2026-05-27 22:13:11,405] 49 root - INFO - Started Regular Expression mapping
[ 2026-05-27 22:13:11,405] 25 root - INFO - Match heuristic business names to paybill payments
[ 2026-05-27 22:13:11,406] 174 root - INFO - Data transformation complete
[ 2026-05-27 22:13:11,406] 49 root - INFO - Started Regular Expression mapping
[ 2026-05-27 22:13:11,406] 25 root - INFO - Match heuristic business names to paybill payments
[ 2026-05-27 22:13:11,406] 174 root - INFO - Data transformation complete
[ 2026-05-27 22:13:11,406] 49 root - INFO - Started Regular Expression mapping
[ 2026-05-27 22:13:11,406] 25 root - INFO - Match heuristic business names to paybill payments
[ 2026-05-27 22:13:11,406] 174 root - INFO - Data transformation complete
[ 2026-05-27 22:13:11,407] 49 root - INFO - Started Regular Expression mapping
[ 2026-05-27 22:13:11,407] 174 root - INFO - Data transformation complete
[ 2026-05-27 22:13:11,407] 49 root - INFO - Started Regular Expression mapping
[ 2026-05-27 22:13:11,407] 174 root - INFO - Data transformation complete
[ 2026-05-27 22:13:11,407] 49 root - INFO - Started Regular Expression mapping
[ 2026-05-27 22:13:11,407] 25 root - INFO - Match heuristic business names to paybill payments
[ 2026-05-27 22:13:11,407] 174 root - INFO - Data transformation complete
[ 2026-05-27 22:13:11,408] 49 root - INFO - Started Regular Expression mapping
[ 2026-05-27 22:13:11,408] 174 root - INFO - Data transformation complete
[ 2026-05-27 22:13:11,408] 49 root - INFO - Started Regular Expression mapping
[ 2026-05-27 22:13:11,408] 174 root - INFO - Data transformation complete
[ 2026-05-27 22:13:11,408] 49 root - INFO - Started Regular Expression mapping
[ 2026-05-27 22:13:11,408] 25 root - INFO - Match heuristic business names to paybill payments
[ 2026-05-27 22:13:11,409] 174 root - INFO - Data transformation complete
[ 2026-05-27 22:13:11,409] 49 root - INFO - Started Regular Expression mapping
[ 2026-05-27 22:13:11,409] 174 root - INFO - Data transformation complete
[ 2026-05-27 22:13:11,409] 49 root - INFO - Started Regular Expression mapping
[ 2026-05-27 22:13:11,409] 174 root - INFO - Data transformation complete
[ 2026-05-27 22:13:11,409] 49 root - INFO - Started Regular Expression mapping
[ 2026-05-27 22:13:11,409] 25 root - INFO - Match heuristic business names to paybill payments
[ 2026-05-27 22:13:11,410] 174 root - INFO - Data transformation complete
[ 2026-05-27 22:13:11,410] 49 root - INFO - Started Regular Expression mapping
[ 2026-05-27 22:13:11,410] 174 root - INFO - Data transformation complete
[ 2026-05-27 22:13:11,410] 49 root - INFO - Started Regular Expression mapping
[ 2026-05-27 22:13:11,410] 25 root - INFO - Match heuristic business names to paybill payments
[ 2026-05-27 22:13:11,410] 174 root - INFO - Data transformation complete
[ 2026-05-27 22:13:11,410] 49 root - INFO - Started Regular Expression mapping
[ 2026-05-27 22:13:11,411] 174 root - INFO - Data transformation complete
[ 2026-05-27 22:13:11,411] 49 root - INFO - Started Regular Expression mapping
[ 2026-05-27 22:13:11,411] 174 root - INFO - Data transformation complete
[ 2026-05-27 22:13:11,411] 49 root - INFO - Started Regular Expression mapping
[ 2026-05-27 22:13:11,411] 174 root - INFO - Data transformation complete
[ 2026-05-27 22:13:11,411] 49 root - INFO - Started Regular Expression mapping
[ 2026-05-27 22:13:11,412] 174 root - INFO - Data transformation complete
[ 2026-05-27 22:13:11,412] 49 root - INFO - Started Regular Expression mapping
[ 2026-05-27 22:13:11,412] 174 root - INFO - Data transformation complete
[ 2026-05-27 22:13:11,412] 49 root - INFO - Started Regular Expression mapping
[ 2026-05-27 22:13:11,412] 174 root - INFO - Data transformation complete
[ 2026-05-27 22:13:11,412] 49 root - INFO - Started Regular Expression mapping
[ 2026-05-27 22:13:11,413] 174 root - INFO - Data transformation complete
[ 2026-05-27 22:13:11,413] 49 root - INFO - Started Regular Expression mapping
[ 2026-05-27 22:13:11,413] 174 root - INFO - Data transformation complete
[ 2026-05-27 22:13:11,413] 49 root - INFO - Started Regular Expression mapping
[ 2026-05-27 22:13:11,413] 25 root - INFO - Match heuristic business names to paybill payments
[ 2026-05-27 22:13:11,413] 174 root - INFO - Data transformation complete
[ 2026-05-27 22:13:11,413] 49 root - INFO - Started Regular Expression mapping
[ 2026-05-27 22:13:11,414] 174 root - INFO - Data transformation complete
[ 2026-05-27 22:13:11,414] 49 root - INFO - Started Regular Expression mapping
[ 2026-05-27 22:13:11,414] 174 root - INFO - Data transformation complete
[ 2026-05-27 22:13:11,414] 49 root - INFO - Started Regular Expression mapping
[ 2026-05-27 22:13:11,414] 174 root - INFO - Data transformation complete
[ 2026-05-27 22:13:11,414] 49 root - INFO - Started Regular Expression mapping
[ 2026-05-27 22:13:11,415] 174 root - INFO - Data transformation complete
[ 2026-05-27 22:13:11,415] 49 root - INFO - Started Regular Expression mapping
[ 2026-05-27 22:13:11,415] 174 root - INFO - Data transformation complete
[ 2026-05-27 22:13:11,415] 49 root - INFO - Started Regular Expression mapping
[ 2026-05-27 22:13:11,415] 174 root - INFO - Data transformation complete
[ 2026-05-27 22:13:11,415] 49 root - INFO - Started Regular Expression mapping
[ 2026-05-27 22:13:11,415] 174 root - INFO - Data transformation complete
[ 2026-05-27 22:13:11,415] 49 root - INFO - Started Regular Expression mapping
[ 2026-05-27 22:13:11,415] 174 root - INFO - Data transformation complete
[ 2026-05-27 22:13:11,415] 49 root - INFO - Started Regular Expression mapping
[ 2026-05-27 22:13:11,415] 25 root - INFO - Match heuristic business names to paybill payments
[ 2026-05-27 22:13:11,416] 174 root - INFO - Data transformation complete
[ 2026-05-27 22:13:11,416] 49 root - INFO - Started Regular Expression mapping
[ 2026-05-27 22:13:11,416] 174 root - INFO - Data transformation complete
[ 2026-05-27 22:13:11,416] 49 root - INFO - Started Regular Expression mapping
[ 2026-05-27 22:13:11,416] 174 root - INFO - Data transformation complete
[ 2026-05-27 22:13:11,416] 49 root - INFO - Started Regular Expression mapping
[ 2026-05-27 22:13:11,417] 174 root - INFO - Data transformation complete
[ 2026-05-27 22:13:11,417] 49 root - INFO - Started Regular Expression mapping
[ 2026-05-27 22:13:11,417] 174 root - INFO - Data transformation complete
[ 2026-05-27 22:13:11,417] 49 root - INFO - Started Regular Expression mapping
[ 2026-05-27 22:13:11,417] 174 root - INFO - Data transformation complete
[ 2026-05-27 22:13:11,417] 49 root - INFO - Started Regular Expression mapping
[ 2026-05-27 22:13:11,417] 25 root - INFO - Match heuristic business names to paybill payments
[ 2026-05-27 22:13:11,418] 174 root - INFO - Data transformation complete
[ 2026-05-27 22:13:11,418] 49 root - INFO - Started Regular Expression mapping
[ 2026-05-27 22:13:11,418] 25 root - INFO - Match heuristic business names to paybill payments
[ 2026-05-27 22:13:11,418] 174 root - INFO - Data transformation complete
[ 2026-05-27 22:13:11,418] 49 root - INFO - Started Regular Expression mapping
[ 2026-05-27 22:13:11,418] 25 root - INFO - Match heuristic business names to paybill payments
[ 2026-05-27 22:13:11,418] 174 root - INFO - Data transformation complete
[ 2026-05-27 22:13:11,419] 49 root - INFO - Started Regular Expression mapping
[ 2026-05-27 22:13:11,419] 174 root - INFO - Data transformation complete
[ 2026-05-27 22:13:11,419] 49 root - INFO - Started Regular Expression mapping
[ 2026-05-27 22:13:11,419] 25 root - INFO - Match heuristic business names to paybill payments
[ 2026-05-27 22:13:11,419] 174 root - INFO - Data transformation complete
[ 2026-05-27 22:13:11,419] 49 root - INFO - Started Regular Expression mapping
[ 2026-05-27 22:13:11,420] 174 root - INFO - Data transformation complete
[ 2026-05-27 22:13:11,420] 49 root - INFO - Started Regular Expression mapping
[ 2026-05-27 22:13:11,420] 174 root - INFO - Data transformation complete
[ 2026-05-27 22:13:11,420] 49 root - INFO - Started Regular Expression mapping
[ 2026-05-27 22:13:11,420] 174 root - INFO - Data transformation complete
[ 2026-05-27 22:13:11,420] 49 root - INFO - Started Regular Expression mapping
[ 2026-05-27 22:13:11,421] 174 root - INFO - Data transformation complete
[ 2026-05-27 22:13:11,421] 49 root - INFO - Started Regular Expression mapping
[ 2026-05-27 22:13:11,421] 174 root - INFO - Data transformation complete
[ 2026-05-27 22:13:11,421] 49 root - INFO - Started Regular Expression mapping
[ 2026-05-27 22:13:11,421] 25 root - INFO - Match heuristic business names to paybill payments
[ 2026-05-27 22:13:11,421] 174 root - INFO - Data transformation complete
[ 2026-05-27 22:13:11,421] 49 root - INFO - Started Regular Expression mapping
[ 2026-05-27 22:13:11,422] 174 root - INFO - Data transformation complete
[ 2026-05-27 22:13:11,422] 49 root - INFO - Started Regular Expression mapping
[ 2026-05-27 22:13:11,422] 25 root - INFO - Match heuristic business names to paybill payments
[ 2026-05-27 22:13:11,422] 174 root - INFO - Data transformation complete
[ 2026-05-27 22:13:11,422] 49 root - INFO - Started Regular Expression mapping
[ 2026-05-27 22:13:11,422] 25 root - INFO - Match heuristic business names to paybill payments
[ 2026-05-27 22:13:11,422] 174 root - INFO - Data transformation complete
[ 2026-05-27 22:13:11,423] 49 root - INFO - Started Regular Expression mapping
[ 2026-05-27 22:13:11,423] 174 root - INFO - Data transformation complete
[ 2026-05-27 22:13:11,423] 49 root - INFO - Started Regular Expression mapping
[ 2026-05-27 22:13:11,423] 174 root - INFO - Data transformation complete
[ 2026-05-27 22:13:11,423] 49 root - INFO - Started Regular Expression mapping
[ 2026-05-27 22:13:11,423] 25 root - INFO - Match heuristic business names to paybill payments
[ 2026-05-27 22:13:11,424] 174 root - INFO - Data transformation complete
[ 2026-05-27 22:13:11,424] 49 root - INFO - Started Regular Expression mapping
[ 2026-05-27 22:13:11,424] 25 root - INFO - Match heuristic business names to paybill payments
[ 2026-05-27 22:13:11,424] 174 root - INFO - Data transformation complete
[ 2026-05-27 22:13:11,424] 49 root - INFO - Started Regular Expression mapping
[ 2026-05-27 22:13:11,424] 25 root - INFO - Match heuristic business names to paybill payments
[ 2026-05-27 22:13:11,424] 174 root - INFO - Data transformation complete
[ 2026-05-27 22:13:11,424] 49 root - INFO - Started Regular Expression mapping
[ 2026-05-27 22:13:11,425] 25 root - INFO - Match heuristic business names to paybill payments
[ 2026-05-27 22:13:11,425] 174 root - INFO - Data transformation complete
[ 2026-05-27 22:13:11,425] 49 root - INFO - Started Regular Expression mapping
[ 2026-05-27 22:13:11,425] 174 root - INFO - Data transformation complete
[ 2026-05-27 22:13:11,425] 49 root - INFO - Started Regular Expression mapping
[ 2026-05-27 22:13:11,425] 174 root - INFO - Data transformation complete
[ 2026-05-27 22:13:11,426] 49 root - INFO - Started Regular Expression mapping
[ 2026-05-27 22:13:11,426] 25 root - INFO - Match heuristic business names to paybill payments
[ 2026-05-27 22:13:11,426] 174 root - INFO - Data transformation complete
[ 2026-05-27 22:13:11,426] 49 root - INFO - Started Regular Expression mapping
[ 2026-05-27 22:13:11,426] 25 root - INFO - Match heuristic business names to paybill payments
[ 2026-05-27 22:13:11,426] 174 root - INFO - Data transformation complete
[ 2026-05-27 22:13:11,426] 49 root - INFO - Started Regular Expression mapping
[ 2026-05-27 22:13:11,427] 25 root - INFO - Match heuristic business names to paybill payments
[ 2026-05-27 22:13:11,427] 174 root - INFO - Data transformation complete
[ 2026-05-27 22:13:11,427] 49 root - INFO - Started Regular Expression mapping
[ 2026-05-27 22:13:11,427] 174 root - INFO - Data transformation complete
[ 2026-05-27 22:13:11,427] 49 root - INFO - Started Regular Expression mapping
[ 2026-05-27 22:13:11,427] 174 root - INFO - Data transformation complete
[ 2026-05-27 22:13:11,427] 49 root - INFO - Started Regular Expression mapping
[ 2026-05-27 22:13:11,428] 174 root - INFO - Data transformation complete
[ 2026-05-27 22:13:11,428] 49 root - INFO - Started Regular Expression mapping
[ 2026-05-27 22:13:11,428] 174 root - INFO - Data transformation complete
[ 2026-05-27 22:13:11,428] 49 root - INFO - Started Regular Expression mapping
[ 2026-05-27 22:13:11,428] 25 root - INFO - Match heuristic business names to paybill payments
[ 2026-05-27 22:13:11,428] 174 root - INFO - Data transformation complete
[ 2026-05-27 22:13:11,429] 49 root - INFO - Started Regular Expression mapping
[ 2026-05-27 22:13:11,429] 174 root - INFO - Data transformation complete
[ 2026-05-27 22:13:11,429] 49 root - INFO - Started Regular Expression mapping
[ 2026-05-27 22:13:11,430] 25 root - INFO - Match heuristic business names to paybill payments
[ 2026-05-27 22:13:11,430] 174 root - INFO - Data transformation complete
[ 2026-05-27 22:13:11,430] 49 root - INFO - Started Regular Expression mapping
[ 2026-05-27 22:13:11,430] 174 root - INFO - Data transformation complete
[ 2026-05-27 22:13:11,430] 49 root - INFO - Started Regular Expression mapping
[ 2026-05-27 22:13:11,430] 174 root - INFO - Data transformation complete
[ 2026-05-27 22:13:11,431] 49 root - INFO - Started Regular Expression mapping
[ 2026-05-27 22:13:11,431] 174 root - INFO - Data transformation complete
[ 2026-05-27 22:13:11,431] 49 root - INFO - Started Regular Expression mapping
[ 2026-05-27 22:13:11,431] 25 root - INFO - Match heuristic business names to paybill payments
[ 2026-05-27 22:13:11,431] 174 root - INFO - Data transformation complete
[ 2026-05-27 22:13:11,431] 49 root - INFO - Started Regular Expression mapping
[ 2026-05-27 22:13:11,431] 174 root - INFO - Data transformation complete
[ 2026-05-27 22:13:11,432] 49 root - INFO - Started Regular Expression mapping
[ 2026-05-27 22:13:11,432] 174 root - INFO - Data transformation complete
[ 2026-05-27 22:13:11,432] 49 root - INFO - Started Regular Expression mapping
[ 2026-05-27 22:13:11,432] 174 root - INFO - Data transformation complete
[ 2026-05-27 22:13:11,432] 49 root - INFO - Started Regular Expression mapping
[ 2026-05-27 22:13:11,432] 174 root - INFO - Data transformation complete
[ 2026-05-27 22:13:11,433] 49 root - INFO - Started Regular Expression mapping
[ 2026-05-27 22:13:11,433] 174 root - INFO - Data transformation complete
[ 2026-05-27 22:13:11,433] 49 root - INFO - Started Regular Expression mapping
[ 2026-05-27 22:13:11,433] 25 root - INFO - Match heuristic business names to paybill payments
[ 2026-05-27 22:13:11,433] 174 root - INFO - Data transformation complete
[ 2026-05-27 22:13:11,433] 49 root - INFO - Started Regular Expression mapping
[ 2026-05-27 22:13:11,433] 174 root - INFO - Data transformation complete
[ 2026-05-27 22:13:11,434] 49 root - INFO - Started Regular Expression mapping
[ 2026-05-27 22:13:11,434] 174 root - INFO - Data transformation complete
[ 2026-05-27 22:13:11,434] 49 root - INFO - Started Regular Expression mapping
[ 2026-05-27 22:13:11,434] 174 root - INFO - Data transformation complete
[ 2026-05-27 22:13:11,434] 49 root - INFO - Started Regular Expression mapping
[ 2026-05-27 22:13:11,434] 174 root - INFO - Data transformation complete
[ 2026-05-27 22:13:11,435] 49 root - INFO - Started Regular Expression mapping
[ 2026-05-27 22:13:11,435] 174 root - INFO - Data transformation complete
[ 2026-05-27 22:13:11,435] 49 root - INFO - Started Regular Expression mapping
[ 2026-05-27 22:13:11,435] 25 root - INFO - Match heuristic business names to paybill payments
[ 2026-05-27 22:13:11,435] 174 root - INFO - Data transformation complete
[ 2026-05-27 22:13:11,435] 49 root - INFO - Started Regular Expression mapping
[ 2026-05-27 22:13:11,435] 174 root - INFO - Data transformation complete
[ 2026-05-27 22:13:11,436] 49 root - INFO - Started Regular Expression mapping
[ 2026-05-27 22:13:11,436] 25 root - INFO - Match heuristic business names to paybill payments
[ 2026-05-27 22:13:11,436] 174 root - INFO - Data transformation complete
[ 2026-05-27 22:13:11,436] 49 root - INFO - Started Regular Expression mapping
[ 2026-05-27 22:13:11,436] 174 root - INFO - Data transformation complete
[ 2026-05-27 22:13:11,436] 49 root - INFO - Started Regular Expression mapping
[ 2026-05-27 22:13:11,437] 174 root - INFO - Data transformation complete
[ 2026-05-27 22:13:11,437] 49 root - INFO - Started Regular Expression mapping
[ 2026-05-27 22:13:11,437] 174 root - INFO - Data transformation complete
[ 2026-05-27 22:13:11,437] 49 root - INFO - Started Regular Expression mapping
[ 2026-05-27 22:13:11,437] 174 root - INFO - Data transformation complete
[ 2026-05-27 22:13:11,437] 49 root - INFO - Started Regular Expression mapping
[ 2026-05-27 22:13:11,437] 25 root - INFO - Match heuristic business names to paybill payments
[ 2026-05-27 22:13:11,438] 174 root - INFO - Data transformation complete
[ 2026-05-27 22:13:11,438] 49 root - INFO - Started Regular Expression mapping
[ 2026-05-27 22:13:11,438] 174 root - INFO - Data transformation complete
[ 2026-05-27 22:13:11,438] 49 root - INFO - Started Regular Expression mapping
[ 2026-05-27 22:13:11,438] 174 root - INFO - Data transformation complete
[ 2026-05-27 22:13:11,438] 49 root - INFO - Started Regular Expression mapping
[ 2026-05-27 22:13:11,438] 174 root - INFO - Data transformation complete
[ 2026-05-27 22:13:11,439] 49 root - INFO - Started Regular Expression mapping
[ 2026-05-27 22:13:11,439] 174 root - INFO - Data transformation complete
[ 2026-05-27 22:13:11,439] 49 root - INFO - Started Regular Expression mapping
[ 2026-05-27 22:13:11,439] 174 root - INFO - Data transformation complete
[ 2026-05-27 22:13:11,439] 49 root - INFO - Started Regular Expression mapping
[ 2026-05-27 22:13:11,439] 25 root - INFO - Match heuristic business names to paybill payments
[ 2026-05-27 22:13:11,440] 174 root - INFO - Data transformation complete
[ 2026-05-27 22:13:11,440] 49 root - INFO - Started Regular Expression mapping
[ 2026-05-27 22:13:11,440] 25 root - INFO - Match heuristic business names to paybill payments
[ 2026-05-27 22:13:11,440] 174 root - INFO - Data transformation complete
[ 2026-05-27 22:13:11,440] 49 root - INFO - Started Regular Expression mapping
[ 2026-05-27 22:13:11,440] 25 root - INFO - Match heuristic business names to paybill payments
[ 2026-05-27 22:13:11,440] 174 root - INFO - Data transformation complete
[ 2026-05-27 22:13:11,441] 49 root - INFO - Started Regular Expression mapping
[ 2026-05-27 22:13:11,441] 174 root - INFO - Data transformation complete
[ 2026-05-27 22:13:11,441] 49 root - INFO - Started Regular Expression mapping
[ 2026-05-27 22:13:11,441] 174 root - INFO - Data transformation complete
[ 2026-05-27 22:13:11,441] 49 root - INFO - Started Regular Expression mapping
[ 2026-05-27 22:13:11,441] 174 root - INFO - Data transformation complete
[ 2026-05-27 22:13:11,441] 49 root - INFO - Started Regular Expression mapping
[ 2026-05-27 22:13:11,442] 174 root - INFO - Data transformation complete
[ 2026-05-27 22:13:11,442] 49 root - INFO - Started Regular Expression mapping
[ 2026-05-27 22:13:11,442] 174 root - INFO - Data transformation complete
[ 2026-05-27 22:13:11,442] 49 root - INFO - Started Regular Expression mapping
[ 2026-05-27 22:13:11,442] 174 root - INFO - Data transformation complete
[ 2026-05-27 22:13:11,442] 49 root - INFO - Started Regular Expression mapping
[ 2026-05-27 22:13:11,443] 25 root - INFO - Match heuristic business names to paybill payments
[ 2026-05-27 22:13:11,443] 174 root - INFO - Data transformation complete
[ 2026-05-27 22:13:11,443] 49 root - INFO - Started Regular Expression mapping
[ 2026-05-27 22:13:11,443] 174 root - INFO - Data transformation complete
[ 2026-05-27 22:13:11,443] 49 root - INFO - Started Regular Expression mapping
[ 2026-05-27 22:13:11,443] 174 root - INFO - Data transformation complete
[ 2026-05-27 22:13:11,443] 49 root - INFO - Started Regular Expression mapping
[ 2026-05-27 22:13:11,444] 174 root - INFO - Data transformation complete
[ 2026-05-27 22:13:11,444] 49 root - INFO - Started Regular Expression mapping
[ 2026-05-27 22:13:11,444] 174 root - INFO - Data transformation complete
[ 2026-05-27 22:13:11,444] 49 root - INFO - Started Regular Expression mapping
[ 2026-05-27 22:13:11,444] 174 root - INFO - Data transformation complete
[ 2026-05-27 22:13:11,444] 49 root - INFO - Started Regular Expression mapping
[ 2026-05-27 22:13:11,445] 174 root - INFO - Data transformation complete
[ 2026-05-27 22:13:11,445] 49 root - INFO - Started Regular Expression mapping
[ 2026-05-27 22:13:11,445] 174 root - INFO - Data transformation complete
[ 2026-05-27 22:13:11,445] 49 root - INFO - Started Regular Expression mapping
[ 2026-05-27 22:13:11,445] 25 root - INFO - Match heuristic business names to paybill payments
[ 2026-05-27 22:13:11,446] 174 root - INFO - Data transformation complete
[ 2026-05-27 22:13:11,446] 49 root - INFO - Started Regular Expression mapping
[ 2026-05-27 22:13:11,446] 174 root - INFO - Data transformation complete
[ 2026-05-27 22:13:11,446] 49 root - INFO - Started Regular Expression mapping
[ 2026-05-27 22:13:11,446] 174 root - INFO - Data transformation complete
[ 2026-05-27 22:13:11,447] 49 root - INFO - Started Regular Expression mapping
[ 2026-05-27 22:13:11,447] 174 root - INFO - Data transformation complete
[ 2026-05-27 22:13:11,447] 49 root - INFO - Started Regular Expression mapping
[ 2026-05-27 22:13:11,447] 174 root - INFO - Data transformation complete
[ 2026-05-27 22:13:11,447] 49 root - INFO - Started Regular Expression mapping
[ 2026-05-27 22:13:11,447] 174 root - INFO - Data transformation complete
[ 2026-05-27 22:13:11,447] 49 root - INFO - Started Regular Expression mapping
[ 2026-05-27 22:13:11,448] 174 root - INFO - Data transformation complete
[ 2026-05-27 22:13:11,448] 49 root - INFO - Started Regular Expression mapping
[ 2026-05-27 22:13:11,448] 25 root - INFO - Match heuristic business names to paybill payments
[ 2026-05-27 22:13:11,448] 174 root - INFO - Data transformation complete
[ 2026-05-27 22:13:11,448] 49 root - INFO - Started Regular Expression mapping
[ 2026-05-27 22:13:11,448] 25 root - INFO - Match heuristic business names to paybill payments
[ 2026-05-27 22:13:11,449] 174 root - INFO - Data transformation complete
[ 2026-05-27 22:13:11,449] 49 root - INFO - Started Regular Expression mapping
[ 2026-05-27 22:13:11,449] 174 root - INFO - Data transformation complete
[ 2026-05-27 22:13:11,449] 49 root - INFO - Started Regular Expression mapping
[ 2026-05-27 22:13:11,449] 25 root - INFO - Match heuristic business names to paybill payments
[ 2026-05-27 22:13:11,449] 174 root - INFO - Data transformation complete
[ 2026-05-27 22:13:11,450] 49 root - INFO - Started Regular Expression mapping
[ 2026-05-27 22:13:11,450] 174 root - INFO - Data transformation complete
[ 2026-05-27 22:13:11,450] 49 root - INFO - Started Regular Expression mapping
[ 2026-05-27 22:13:11,450] 174 root - INFO - Data transformation complete
[ 2026-05-27 22:13:11,450] 49 root - INFO - Started Regular Expression mapping
[ 2026-05-27 22:13:11,450] 174 root - INFO - Data transformation complete
[ 2026-05-27 22:13:11,451] 49 root - INFO - Started Regular Expression mapping
[ 2026-05-27 22:13:11,451] 25 root - INFO - Match heuristic business names to paybill payments
[ 2026-05-27 22:13:11,451] 174 root - INFO - Data transformation complete
[ 2026-05-27 22:13:11,451] 49 root - INFO - Started Regular Expression mapping
[ 2026-05-27 22:13:11,451] 174 root - INFO - Data transformation complete
[ 2026-05-27 22:13:11,451] 49 root - INFO - Started Regular Expression mapping
[ 2026-05-27 22:13:11,451] 174 root - INFO - Data transformation complete
[ 2026-05-27 22:13:11,452] 49 root - INFO - Started Regular Expression mapping
[ 2026-05-27 22:13:11,452] 174 root - INFO - Data transformation complete
[ 2026-05-27 22:13:11,452] 49 root - INFO - Started Regular Expression mapping
[ 2026-05-27 22:13:11,452] 174 root - INFO - Data transformation complete
[ 2026-05-27 22:13:11,452] 49 root - INFO - Started Regular Expression mapping
[ 2026-05-27 22:13:11,452] 25 root - INFO - Match heuristic business names to paybill payments
[ 2026-05-27 22:13:11,453] 174 root - INFO - Data transformation complete
[ 2026-05-27 22:13:11,453] 49 root - INFO - Started Regular Expression mapping
[ 2026-05-27 22:13:11,453] 174 root - INFO - Data transformation complete
[ 2026-05-27 22:13:11,453] 49 root - INFO - Started Regular Expression mapping
[ 2026-05-27 22:13:11,453] 174 root - INFO - Data transformation complete
[ 2026-05-27 22:13:11,453] 49 root - INFO - Started Regular Expression mapping
[ 2026-05-27 22:13:11,453] 25 root - INFO - Match heuristic business names to paybill payments
[ 2026-05-27 22:13:11,454] 174 root - INFO - Data transformation complete
[ 2026-05-27 22:13:11,454] 49 root - INFO - Started Regular Expression mapping
[ 2026-05-27 22:13:11,454] 25 root - INFO - Match heuristic business names to paybill payments
[ 2026-05-27 22:13:11,454] 174 root - INFO - Data transformation complete
[ 2026-05-27 22:13:11,454] 49 root - INFO - Started Regular Expression mapping
[ 2026-05-27 22:13:11,454] 174 root - INFO - Data transformation complete
[ 2026-05-27 22:13:11,454] 49 root - INFO - Started Regular Expression mapping
[ 2026-05-27 22:13:11,455] 174 root - INFO - Data transformation complete
[ 2026-05-27 22:13:11,455] 49 root - INFO - Started Regular Expression mapping
[ 2026-05-27 22:13:11,455] 174 root - INFO - Data transformation complete
[ 2026-05-27 22:13:11,455] 49 root - INFO - Started Regular Expression mapping
[ 2026-05-27 22:13:11,455] 25 root - INFO - Match heuristic business names to paybill payments
[ 2026-05-27 22:13:11,455] 174 root - INFO - Data transformation complete
[ 2026-05-27 22:13:11,455] 49 root - INFO - Started Regular Expression mapping
[ 2026-05-27 22:13:11,456] 174 root - INFO - Data transformation complete
[ 2026-05-27 22:13:11,456] 49 root - INFO - Started Regular Expression mapping
[ 2026-05-27 22:13:11,456] 25 root - INFO - Match heuristic business names to paybill payments
[ 2026-05-27 22:13:11,456] 174 root - INFO - Data transformation complete
[ 2026-05-27 22:13:11,456] 49 root - INFO - Started Regular Expression mapping
[ 2026-05-27 22:13:11,457] 174 root - INFO - Data transformation complete
[ 2026-05-27 22:13:11,457] 49 root - INFO - Started Regular Expression mapping
[ 2026-05-27 22:13:11,457] 174 root - INFO - Data transformation complete
[ 2026-05-27 22:13:11,457] 49 root - INFO - Started Regular Expression mapping
[ 2026-05-27 22:13:11,457] 25 root - INFO - Match heuristic business names to paybill payments
[ 2026-05-27 22:13:11,457] 174 root - INFO - Data transformation complete
[ 2026-05-27 22:13:11,457] 49 root - INFO - Started Regular Expression mapping
[ 2026-05-27 22:13:11,458] 25 root - INFO - Match heuristic business names to paybill payments
[ 2026-05-27 22:13:11,458] 174 root - INFO - Data transformation complete
[ 2026-05-27 22:13:11,458] 49 root - INFO - Started Regular Expression mapping
[ 2026-05-27 22:13:11,458] 174 root - INFO - Data transformation complete
[ 2026-05-27 22:13:11,458] 49 root - INFO - Started Regular Expression mapping
[ 2026-05-27 22:13:11,458] 25 root - INFO - Match heuristic business names to paybill payments
[ 2026-05-27 22:13:11,458] 174 root - INFO - Data transformation complete
[ 2026-05-27 22:13:11,459] 49 root - INFO - Started Regular Expression mapping
[ 2026-05-27 22:13:11,459] 174 root - INFO - Data transformation complete
[ 2026-05-27 22:13:11,459] 49 root - INFO - Started Regular Expression mapping
[ 2026-05-27 22:13:11,459] 174 root - INFO - Data transformation complete
[ 2026-05-27 22:13:11,459] 49 root - INFO - Started Regular Expression mapping
[ 2026-05-27 22:13:11,459] 174 root - INFO - Data transformation complete
[ 2026-05-27 22:13:11,460] 49 root - INFO - Started Regular Expression mapping
[ 2026-05-27 22:13:11,460] 25 root - INFO - Match heuristic business names to paybill payments
[ 2026-05-27 22:13:11,460] 174 root - INFO - Data transformation complete
[ 2026-05-27 22:13:11,460] 49 root - INFO - Started Regular Expression mapping
[ 2026-05-27 22:13:11,461] 25 root - INFO - Match heuristic business names to paybill payments
[ 2026-05-27 22:13:11,461] 174 root - INFO - Data transformation complete
[ 2026-05-27 22:13:11,461] 49 root - INFO - Started Regular Expression mapping
[ 2026-05-27 22:13:11,462] 25 root - INFO - Match heuristic business names to paybill payments
[ 2026-05-27 22:13:11,462] 174 root - INFO - Data transformation complete
[ 2026-05-27 22:13:11,462] 49 root - INFO - Started Regular Expression mapping
[ 2026-05-27 22:13:11,462] 174 root - INFO - Data transformation complete
[ 2026-05-27 22:13:11,462] 49 root - INFO - Started Regular Expression mapping
[ 2026-05-27 22:13:11,463] 25 root - INFO - Match heuristic business names to paybill payments
[ 2026-05-27 22:13:11,463] 174 root - INFO - Data transformation complete
[ 2026-05-27 22:13:11,463] 49 root - INFO - Started Regular Expression mapping
[ 2026-05-27 22:13:11,463] 174 root - INFO - Data transformation complete
[ 2026-05-27 22:13:11,463] 49 root - INFO - Started Regular Expression mapping
[ 2026-05-27 22:13:11,463] 174 root - INFO - Data transformation complete
[ 2026-05-27 22:13:11,463] 49 root - INFO - Started Regular Expression mapping
[ 2026-05-27 22:13:11,464] 25 root - INFO - Match heuristic business names to paybill payments
[ 2026-05-27 22:13:11,464] 174 root - INFO - Data transformation complete
[ 2026-05-27 22:13:11,464] 49 root - INFO - Started Regular Expression mapping
[ 2026-05-27 22:13:11,464] 25 root - INFO - Match heuristic business names to paybill payments
[ 2026-05-27 22:13:11,464] 174 root - INFO - Data transformation complete
[ 2026-05-27 22:13:11,464] 49 root - INFO - Started Regular Expression mapping
[ 2026-05-27 22:13:11,465] 174 root - INFO - Data transformation complete
[ 2026-05-27 22:13:11,465] 49 root - INFO - Started Regular Expression mapping
[ 2026-05-27 22:13:11,465] 25 root - INFO - Match heuristic business names to paybill payments
[ 2026-05-27 22:13:11,465] 174 root - INFO - Data transformation complete
[ 2026-05-27 22:13:11,465] 49 root - INFO - Started Regular Expression mapping
[ 2026-05-27 22:13:11,465] 25 root - INFO - Match heuristic business names to paybill payments
[ 2026-05-27 22:13:11,465] 174 root - INFO - Data transformation complete
[ 2026-05-27 22:13:11,466] 49 root - INFO - Started Regular Expression mapping
[ 2026-05-27 22:13:11,466] 174 root - INFO - Data transformation complete
[ 2026-05-27 22:13:11,466] 49 root - INFO - Started Regular Expression mapping
[ 2026-05-27 22:13:11,466] 25 root - INFO - Match heuristic business names to paybill payments
[ 2026-05-27 22:13:11,466] 174 root - INFO - Data transformation complete
[ 2026-05-27 22:13:11,466] 49 root - INFO - Started Regular Expression mapping
[ 2026-05-27 22:13:11,467] 174 root - INFO - Data transformation complete
[ 2026-05-27 22:13:11,467] 49 root - INFO - Started Regular Expression mapping
[ 2026-05-27 22:13:11,467] 174 root - INFO - Data transformation complete
[ 2026-05-27 22:13:11,467] 49 root - INFO - Started Regular Expression mapping
[ 2026-05-27 22:13:11,467] 174 root - INFO - Data transformation complete
[ 2026-05-27 22:13:11,467] 49 root - INFO - Started Regular Expression mapping
[ 2026-05-27 22:13:11,467] 174 root - INFO - Data transformation complete
[ 2026-05-27 22:13:11,468] 49 root - INFO - Started Regular Expression mapping
[ 2026-05-27 22:13:11,468] 25 root - INFO - Match heuristic business names to paybill payments
[ 2026-05-27 22:13:11,468] 174 root - INFO - Data transformation complete
[ 2026-05-27 22:13:11,468] 49 root - INFO - Started Regular Expression mapping
[ 2026-05-27 22:13:11,468] 174 root - INFO - Data transformation complete
[ 2026-05-27 22:13:11,468] 49 root - INFO - Started Regular Expression mapping
[ 2026-05-27 22:13:11,469] 174 root - INFO - Data transformation complete
[ 2026-05-27 22:13:11,469] 49 root - INFO - Started Regular Expression mapping
[ 2026-05-27 22:13:11,469] 174 root - INFO - Data transformation complete
[ 2026-05-27 22:13:11,469] 49 root - INFO - Started Regular Expression mapping
[ 2026-05-27 22:13:11,469] 25 root - INFO - Match heuristic business names to paybill payments
[ 2026-05-27 22:13:11,469] 174 root - INFO - Data transformation complete
[ 2026-05-27 22:13:11,469] 49 root - INFO - Started Regular Expression mapping
[ 2026-05-27 22:13:11,470] 174 root - INFO - Data transformation complete
[ 2026-05-27 22:13:11,470] 49 root - INFO - Started Regular Expression mapping
[ 2026-05-27 22:13:11,470] 25 root - INFO - Match heuristic business names to paybill payments
[ 2026-05-27 22:13:11,470] 174 root - INFO - Data transformation complete
[ 2026-05-27 22:13:11,470] 49 root - INFO - Started Regular Expression mapping
[ 2026-05-27 22:13:11,470] 174 root - INFO - Data transformation complete
[ 2026-05-27 22:13:11,470] 49 root - INFO - Started Regular Expression mapping
[ 2026-05-27 22:13:11,471] 25 root - INFO - Match heuristic business names to paybill payments
[ 2026-05-27 22:13:11,471] 174 root - INFO - Data transformation complete
[ 2026-05-27 22:13:11,471] 49 root - INFO - Started Regular Expression mapping
[ 2026-05-27 22:13:11,471] 25 root - INFO - Match heuristic business names to paybill payments
[ 2026-05-27 22:13:11,471] 174 root - INFO - Data transformation complete
[ 2026-05-27 22:13:11,471] 49 root - INFO - Started Regular Expression mapping
[ 2026-05-27 22:13:11,471] 174 root - INFO - Data transformation complete
[ 2026-05-27 22:13:11,472] 49 root - INFO - Started Regular Expression mapping
[ 2026-05-27 22:13:11,472] 25 root - INFO - Match heuristic business names to paybill payments
[ 2026-05-27 22:13:11,472] 174 root - INFO - Data transformation complete
[ 2026-05-27 22:13:11,472] 49 root - INFO - Started Regular Expression mapping
[ 2026-05-27 22:13:11,472] 174 root - INFO - Data transformation complete
[ 2026-05-27 22:13:11,472] 49 root - INFO - Started Regular Expression mapping
[ 2026-05-27 22:13:11,473] 25 root - INFO - Match heuristic business names to paybill payments
[ 2026-05-27 22:13:11,473] 174 root - INFO - Data transformation complete
[ 2026-05-27 22:13:11,473] 49 root - INFO - Started Regular Expression mapping
[ 2026-05-27 22:13:11,473] 25 root - INFO - Match heuristic business names to paybill payments
[ 2026-05-27 22:13:11,473] 174 root - INFO - Data transformation complete
[ 2026-05-27 22:13:11,473] 49 root - INFO - Started Regular Expression mapping
[ 2026-05-27 22:13:11,473] 174 root - INFO - Data transformation complete
[ 2026-05-27 22:13:11,474] 49 root - INFO - Started Regular Expression mapping
[ 2026-05-27 22:13:11,474] 174 root - INFO - Data transformation complete
[ 2026-05-27 22:13:11,474] 49 root - INFO - Started Regular Expression mapping
[ 2026-05-27 22:13:11,474] 174 root - INFO - Data transformation complete
[ 2026-05-27 22:13:11,474] 49 root - INFO - Started Regular Expression mapping
[ 2026-05-27 22:13:11,474] 25 root - INFO - Match heuristic business names to paybill payments
[ 2026-05-27 22:13:11,475] 174 root - INFO - Data transformation complete
[ 2026-05-27 22:13:11,475] 49 root - INFO - Started Regular Expression mapping
[ 2026-05-27 22:13:11,475] 174 root - INFO - Data transformation complete
[ 2026-05-27 22:13:11,475] 49 root - INFO - Started Regular Expression mapping
[ 2026-05-27 22:13:11,475] 174 root - INFO - Data transformation complete
[ 2026-05-27 22:13:11,475] 49 root - INFO - Started Regular Expression mapping
[ 2026-05-27 22:13:11,475] 174 root - INFO - Data transformation complete
[ 2026-05-27 22:13:11,476] 49 root - INFO - Started Regular Expression mapping
[ 2026-05-27 22:13:11,476] 174 root - INFO - Data transformation complete
[ 2026-05-27 22:13:11,476] 49 root - INFO - Started Regular Expression mapping
[ 2026-05-27 22:13:11,476] 174 root - INFO - Data transformation complete
[ 2026-05-27 22:13:11,476] 49 root - INFO - Started Regular Expression mapping
[ 2026-05-27 22:13:11,476] 174 root - INFO - Data transformation complete
[ 2026-05-27 22:13:11,477] 49 root - INFO - Started Regular Expression mapping
[ 2026-05-27 22:13:11,477] 174 root - INFO - Data transformation complete
[ 2026-05-27 22:13:11,477] 49 root - INFO - Started Regular Expression mapping
[ 2026-05-27 22:13:11,478] 174 root - INFO - Data transformation complete
[ 2026-05-27 22:13:11,478] 49 root - INFO - Started Regular Expression mapping
[ 2026-05-27 22:13:11,478] 174 root - INFO - Data transformation complete
[ 2026-05-27 22:13:11,478] 49 root - INFO - Started Regular Expression mapping
[ 2026-05-27 22:13:11,478] 174 root - INFO - Data transformation complete
[ 2026-05-27 22:13:11,478] 49 root - INFO - Started Regular Expression mapping
[ 2026-05-27 22:13:11,478] 174 root - INFO - Data transformation complete
[ 2026-05-27 22:13:11,479] 49 root - INFO - Started Regular Expression mapping
[ 2026-05-27 22:13:11,479] 174 root - INFO - Data transformation complete
[ 2026-05-27 22:13:11,479] 49 root - INFO - Started Regular Expression mapping
[ 2026-05-27 22:13:11,479] 174 root - INFO - Data transformation complete
[ 2026-05-27 22:13:11,479] 49 root - INFO - Started Regular Expression mapping
[ 2026-05-27 22:13:11,479] 174 root - INFO - Data transformation complete
[ 2026-05-27 22:13:11,480] 49 root - INFO - Started Regular Expression mapping
[ 2026-05-27 22:13:11,480] 174 root - INFO - Data transformation complete
[ 2026-05-27 22:13:11,480] 49 root - INFO - Started Regular Expression mapping
[ 2026-05-27 22:13:11,480] 25 root - INFO - Match heuristic business names to paybill payments
[ 2026-05-27 22:13:11,480] 174 root - INFO - Data transformation complete
[ 2026-05-27 22:13:11,480] 49 root - INFO - Started Regular Expression mapping
[ 2026-05-27 22:13:11,480] 174 root - INFO - Data transformation complete
[ 2026-05-27 22:13:11,481] 49 root - INFO - Started Regular Expression mapping
[ 2026-05-27 22:13:11,481] 174 root - INFO - Data transformation complete
[ 2026-05-27 22:13:11,481] 49 root - INFO - Started Regular Expression mapping
[ 2026-05-27 22:13:11,481] 25 root - INFO - Match heuristic business names to paybill payments
[ 2026-05-27 22:13:11,481] 174 root - INFO - Data transformation complete
[ 2026-05-27 22:13:11,481] 49 root - INFO - Started Regular Expression mapping
[ 2026-05-27 22:13:11,482] 174 root - INFO - Data transformation complete
[ 2026-05-27 22:13:11,482] 49 root - INFO - Started Regular Expression mapping
[ 2026-05-27 22:13:11,482] 25 root - INFO - Match heuristic business names to paybill payments
[ 2026-05-27 22:13:11,482] 174 root - INFO - Data transformation complete
[ 2026-05-27 22:13:11,482] 49 root - INFO - Started Regular Expression mapping
[ 2026-05-27 22:13:11,482] 25 root - INFO - Match heuristic business names to paybill payments
[ 2026-05-27 22:13:11,483] 174 root - INFO - Data transformation complete
[ 2026-05-27 22:13:11,483] 49 root - INFO - Started Regular Expression mapping
[ 2026-05-27 22:13:11,483] 174 root - INFO - Data transformation complete
[ 2026-05-27 22:13:11,483] 49 root - INFO - Started Regular Expression mapping
[ 2026-05-27 22:13:11,483] 174 root - INFO - Data transformation complete
[ 2026-05-27 22:13:11,483] 49 root - INFO - Started Regular Expression mapping
[ 2026-05-27 22:13:11,483] 174 root - INFO - Data transformation complete
[ 2026-05-27 22:13:11,484] 49 root - INFO - Started Regular Expression mapping
[ 2026-05-27 22:13:11,484] 174 root - INFO - Data transformation complete
[ 2026-05-27 22:13:11,484] 49 root - INFO - Started Regular Expression mapping
[ 2026-05-27 22:13:11,484] 174 root - INFO - Data transformation complete
[ 2026-05-27 22:13:11,484] 49 root - INFO - Started Regular Expression mapping
[ 2026-05-27 22:13:11,484] 174 root - INFO - Data transformation complete
[ 2026-05-27 22:13:11,484] 49 root - INFO - Started Regular Expression mapping
[ 2026-05-27 22:13:11,485] 174 root - INFO - Data transformation complete
[ 2026-05-27 22:13:11,485] 49 root - INFO - Started Regular Expression mapping
[ 2026-05-27 22:13:11,485] 25 root - INFO - Match heuristic business names to paybill payments
[ 2026-05-27 22:13:11,485] 174 root - INFO - Data transformation complete
[ 2026-05-27 22:13:11,485] 49 root - INFO - Started Regular Expression mapping
[ 2026-05-27 22:13:11,485] 174 root - INFO - Data transformation complete
[ 2026-05-27 22:13:11,486] 49 root - INFO - Started Regular Expression mapping
[ 2026-05-27 22:13:11,486] 25 root - INFO - Match heuristic business names to paybill payments
[ 2026-05-27 22:13:11,486] 174 root - INFO - Data transformation complete
[ 2026-05-27 22:13:11,486] 49 root - INFO - Started Regular Expression mapping
[ 2026-05-27 22:13:11,486] 174 root - INFO - Data transformation complete
[ 2026-05-27 22:13:11,486] 49 root - INFO - Started Regular Expression mapping
[ 2026-05-27 22:13:11,486] 174 root - INFO - Data transformation complete
[ 2026-05-27 22:13:11,487] 49 root - INFO - Started Regular Expression mapping
[ 2026-05-27 22:13:11,487] 25 root - INFO - Match heuristic business names to paybill payments
[ 2026-05-27 22:13:11,487] 174 root - INFO - Data transformation complete
[ 2026-05-27 22:13:11,487] 49 root - INFO - Started Regular Expression mapping
[ 2026-05-27 22:13:11,487] 174 root - INFO - Data transformation complete
[ 2026-05-27 22:13:11,487] 49 root - INFO - Started Regular Expression mapping
[ 2026-05-27 22:13:11,487] 174 root - INFO - Data transformation complete
[ 2026-05-27 22:13:11,488] 49 root - INFO - Started Regular Expression mapping
[ 2026-05-27 22:13:11,488] 174 root - INFO - Data transformation complete
[ 2026-05-27 22:13:11,488] 49 root - INFO - Started Regular Expression mapping
[ 2026-05-27 22:13:11,488] 174 root - INFO - Data transformation complete
[ 2026-05-27 22:13:11,488] 49 root - INFO - Started Regular Expression mapping
[ 2026-05-27 22:13:11,488] 174 root - INFO - Data transformation complete
[ 2026-05-27 22:13:11,489] 49 root - INFO - Started Regular Expression mapping
[ 2026-05-27 22:13:11,489] 174 root - INFO - Data transformation complete
[ 2026-05-27 22:13:11,489] 49 root - INFO - Started Regular Expression mapping
[ 2026-05-27 22:13:11,489] 174 root - INFO - Data transformation complete
[ 2026-05-27 22:13:11,489] 49 root - INFO - Started Regular Expression mapping
[ 2026-05-27 22:13:11,489] 25 root - INFO - Match heuristic business names to paybill payments
[ 2026-05-27 22:13:11,490] 174 root - INFO - Data transformation complete
[ 2026-05-27 22:13:11,490] 49 root - INFO - Started Regular Expression mapping
[ 2026-05-27 22:13:11,490] 25 root - INFO - Match heuristic business names to paybill payments
[ 2026-05-27 22:13:11,490] 174 root - INFO - Data transformation complete
[ 2026-05-27 22:13:11,490] 49 root - INFO - Started Regular Expression mapping
[ 2026-05-27 22:13:11,490] 25 root - INFO - Match heuristic business names to paybill payments
[ 2026-05-27 22:13:11,490] 174 root - INFO - Data transformation complete
[ 2026-05-27 22:13:11,491] 49 root - INFO - Started Regular Expression mapping
[ 2026-05-27 22:13:11,491] 174 root - INFO - Data transformation complete
[ 2026-05-27 22:13:11,491] 49 root - INFO - Started Regular Expression mapping
[ 2026-05-27 22:13:11,491] 174 root - INFO - Data transformation complete
[ 2026-05-27 22:13:11,491] 49 root - INFO - Started Regular Expression mapping
[ 2026-05-27 22:13:11,491] 25 root - INFO - Match heuristic business names to paybill payments
[ 2026-05-27 22:13:11,491] 174 root - INFO - Data transformation complete
[ 2026-05-27 22:13:11,492] 49 root - INFO - Started Regular Expression mapping
[ 2026-05-27 22:13:11,492] 25 root - INFO - Match heuristic business names to paybill payments
[ 2026-05-27 22:13:11,492] 174 root - INFO - Data transformation complete
[ 2026-05-27 22:13:11,492] 49 root - INFO - Started Regular Expression mapping
[ 2026-05-27 22:13:11,492] 25 root - INFO - Match heuristic business names to paybill payments
[ 2026-05-27 22:13:11,492] 174 root - INFO - Data transformation complete
[ 2026-05-27 22:13:11,492] 49 root - INFO - Started Regular Expression mapping
[ 2026-05-27 22:13:11,494] 174 root - INFO - Data transformation complete
[ 2026-05-27 22:13:11,494] 49 root - INFO - Started Regular Expression mapping
[ 2026-05-27 22:13:11,494] 174 root - INFO - Data transformation complete
[ 2026-05-27 22:13:11,494] 49 root - INFO - Started Regular Expression mapping
[ 2026-05-27 22:13:11,495] 174 root - INFO - Data transformation complete
[ 2026-05-27 22:13:11,495] 49 root - INFO - Started Regular Expression mapping
[ 2026-05-27 22:13:11,495] 174 root - INFO - Data transformation complete
[ 2026-05-27 22:13:11,495] 49 root - INFO - Started Regular Expression mapping
[ 2026-05-27 22:13:11,495] 174 root - INFO - Data transformation complete
[ 2026-05-27 22:13:11,496] 49 root - INFO - Started Regular Expression mapping
[ 2026-05-27 22:13:11,496] 25 root - INFO - Match heuristic business names to paybill payments
[ 2026-05-27 22:13:11,496] 174 root - INFO - Data transformation complete
[ 2026-05-27 22:13:11,496] 49 root - INFO - Started Regular Expression mapping
[ 2026-05-27 22:13:11,496] 25 root - INFO - Match heuristic business names to paybill payments
[ 2026-05-27 22:13:11,496] 174 root - INFO - Data transformation complete
[ 2026-05-27 22:13:11,496] 49 root - INFO - Started Regular Expression mapping
[ 2026-05-27 22:13:11,497] 174 root - INFO - Data transformation complete
[ 2026-05-27 22:13:11,497] 49 root - INFO - Started Regular Expression mapping
[ 2026-05-27 22:13:11,497] 174 root - INFO - Data transformation complete
[ 2026-05-27 22:13:11,497] 49 root - INFO - Started Regular Expression mapping
[ 2026-05-27 22:13:11,497] 174 root - INFO - Data transformation complete
[ 2026-05-27 22:13:11,497] 49 root - INFO - Started Regular Expression mapping
[ 2026-05-27 22:13:11,498] 174 root - INFO - Data transformation complete
[ 2026-05-27 22:13:11,498] 49 root - INFO - Started Regular Expression mapping
[ 2026-05-27 22:13:11,498] 25 root - INFO - Match heuristic business names to paybill payments
[ 2026-05-27 22:13:11,498] 174 root - INFO - Data transformation complete
[ 2026-05-27 22:13:11,498] 49 root - INFO - Started Regular Expression mapping
[ 2026-05-27 22:13:11,498] 174 root - INFO - Data transformation complete
[ 2026-05-27 22:13:11,499] 49 root - INFO - Started Regular Expression mapping
[ 2026-05-27 22:13:11,499] 174 root - INFO - Data transformation complete
[ 2026-05-27 22:13:11,499] 49 root - INFO - Started Regular Expression mapping
[ 2026-05-27 22:13:11,499] 174 root - INFO - Data transformation complete
[ 2026-05-27 22:13:11,499] 49 root - INFO - Started Regular Expression mapping
[ 2026-05-27 22:13:11,499] 174 root - INFO - Data transformation complete
[ 2026-05-27 22:13:11,500] 49 root - INFO - Started Regular Expression mapping
[ 2026-05-27 22:13:11,500] 174 root - INFO - Data transformation complete
[ 2026-05-27 22:13:11,500] 49 root - INFO - Started Regular Expression mapping
[ 2026-05-27 22:13:11,500] 25 root - INFO - Match heuristic business names to paybill payments
[ 2026-05-27 22:13:11,500] 174 root - INFO - Data transformation complete
[ 2026-05-27 22:13:11,500] 49 root - INFO - Started Regular Expression mapping
[ 2026-05-27 22:13:11,500] 174 root - INFO - Data transformation complete
[ 2026-05-27 22:13:11,501] 49 root - INFO - Started Regular Expression mapping
[ 2026-05-27 22:13:11,501] 174 root - INFO - Data transformation complete
[ 2026-05-27 22:13:11,501] 49 root - INFO - Started Regular Expression mapping
[ 2026-05-27 22:13:11,501] 174 root - INFO - Data transformation complete
[ 2026-05-27 22:13:11,501] 49 root - INFO - Started Regular Expression mapping
[ 2026-05-27 22:13:11,501] 25 root - INFO - Match heuristic business names to paybill payments
[ 2026-05-27 22:13:11,502] 174 root - INFO - Data transformation complete
[ 2026-05-27 22:13:11,502] 49 root - INFO - Started Regular Expression mapping
[ 2026-05-27 22:13:11,502] 174 root - INFO - Data transformation complete
[ 2026-05-27 22:13:11,502] 49 root - INFO - Started Regular Expression mapping
[ 2026-05-27 22:13:11,502] 174 root - INFO - Data transformation complete
[ 2026-05-27 22:13:11,502] 49 root - INFO - Started Regular Expression mapping
[ 2026-05-27 22:13:11,502] 174 root - INFO - Data transformation complete
[ 2026-05-27 22:13:11,503] 49 root - INFO - Started Regular Expression mapping
[ 2026-05-27 22:13:11,503] 174 root - INFO - Data transformation complete
[ 2026-05-27 22:13:11,503] 49 root - INFO - Started Regular Expression mapping
[ 2026-05-27 22:13:11,503] 174 root - INFO - Data transformation complete
[ 2026-05-27 22:13:11,503] 49 root - INFO - Started Regular Expression mapping
[ 2026-05-27 22:13:11,503] 25 root - INFO - Match heuristic business names to paybill payments
[ 2026-05-27 22:13:11,504] 174 root - INFO - Data transformation complete
[ 2026-05-27 22:13:11,504] 49 root - INFO - Started Regular Expression mapping
[ 2026-05-27 22:13:11,504] 174 root - INFO - Data transformation complete
[ 2026-05-27 22:13:11,504] 49 root - INFO - Started Regular Expression mapping
[ 2026-05-27 22:13:11,504] 25 root - INFO - Match heuristic business names to paybill payments
[ 2026-05-27 22:13:11,504] 174 root - INFO - Data transformation complete
[ 2026-05-27 22:13:11,504] 49 root - INFO - Started Regular Expression mapping
[ 2026-05-27 22:13:11,505] 25 root - INFO - Match heuristic business names to paybill payments
[ 2026-05-27 22:13:11,505] 174 root - INFO - Data transformation complete
[ 2026-05-27 22:13:11,505] 49 root - INFO - Started Regular Expression mapping
[ 2026-05-27 22:13:11,505] 174 root - INFO - Data transformation complete
[ 2026-05-27 22:13:11,505] 49 root - INFO - Started Regular Expression mapping
[ 2026-05-27 22:13:11,505] 174 root - INFO - Data transformation complete
[ 2026-05-27 22:13:11,505] 49 root - INFO - Started Regular Expression mapping
[ 2026-05-27 22:13:11,506] 174 root - INFO - Data transformation complete
[ 2026-05-27 22:13:11,506] 49 root - INFO - Started Regular Expression mapping
[ 2026-05-27 22:13:11,506] 25 root - INFO - Match heuristic business names to paybill payments
[ 2026-05-27 22:13:11,506] 174 root - INFO - Data transformation complete
[ 2026-05-27 22:13:11,506] 49 root - INFO - Started Regular Expression mapping
[ 2026-05-27 22:13:11,506] 25 root - INFO - Match heuristic business names to paybill payments
[ 2026-05-27 22:13:11,507] 174 root - INFO - Data transformation complete
[ 2026-05-27 22:13:11,507] 49 root - INFO - Started Regular Expression mapping
[ 2026-05-27 22:13:11,507] 25 root - INFO - Match heuristic business names to paybill payments
[ 2026-05-27 22:13:11,507] 174 root - INFO - Data transformation complete
[ 2026-05-27 22:13:11,507] 49 root - INFO - Started Regular Expression mapping
[ 2026-05-27 22:13:11,507] 174 root - INFO - Data transformation complete
[ 2026-05-27 22:13:11,507] 49 root - INFO - Started Regular Expression mapping
[ 2026-05-27 22:13:11,508] 25 root - INFO - Match heuristic business names to paybill payments
[ 2026-05-27 22:13:11,508] 174 root - INFO - Data transformation complete
[ 2026-05-27 22:13:11,508] 49 root - INFO - Started Regular Expression mapping
[ 2026-05-27 22:13:11,508] 174 root - INFO - Data transformation complete
[ 2026-05-27 22:13:11,508] 49 root - INFO - Started Regular Expression mapping
[ 2026-05-27 22:13:11,508] 174 root - INFO - Data transformation complete
[ 2026-05-27 22:13:11,508] 49 root - INFO - Started Regular Expression mapping
[ 2026-05-27 22:13:11,509] 174 root - INFO - Data transformation complete
[ 2026-05-27 22:13:11,509] 49 root - INFO - Started Regular Expression mapping
[ 2026-05-27 22:13:11,509] 25 root - INFO - Match heuristic business names to paybill payments
[ 2026-05-27 22:13:11,510] 174 root - INFO - Data transformation complete
[ 2026-05-27 22:13:11,510] 49 root - INFO - Started Regular Expression mapping
[ 2026-05-27 22:13:11,510] 174 root - INFO - Data transformation complete
[ 2026-05-27 22:13:11,511] 49 root - INFO - Started Regular Expression mapping
[ 2026-05-27 22:13:11,511] 174 root - INFO - Data transformation complete
[ 2026-05-27 22:13:11,511] 49 root - INFO - Started Regular Expression mapping
[ 2026-05-27 22:13:11,511] 25 root - INFO - Match heuristic business names to paybill payments
[ 2026-05-27 22:13:11,511] 174 root - INFO - Data transformation complete
[ 2026-05-27 22:13:11,512] 49 root - INFO - Started Regular Expression mapping
[ 2026-05-27 22:13:11,512] 174 root - INFO - Data transformation complete
[ 2026-05-27 22:13:11,512] 49 root - INFO - Started Regular Expression mapping
[ 2026-05-27 22:13:11,512] 174 root - INFO - Data transformation complete
[ 2026-05-27 22:13:11,512] 49 root - INFO - Started Regular Expression mapping
[ 2026-05-27 22:13:11,512] 174 root - INFO - Data transformation complete
[ 2026-05-27 22:13:11,512] 49 root - INFO - Started Regular Expression mapping
[ 2026-05-27 22:13:11,513] 174 root - INFO - Data transformation complete
[ 2026-05-27 22:13:11,513] 49 root - INFO - Started Regular Expression mapping
[ 2026-05-27 22:13:11,513] 174 root - INFO - Data transformation complete
[ 2026-05-27 22:13:11,513] 49 root - INFO - Started Regular Expression mapping
[ 2026-05-27 22:13:11,513] 174 root - INFO - Data transformation complete
[ 2026-05-27 22:13:11,513] 49 root - INFO - Started Regular Expression mapping
[ 2026-05-27 22:13:11,514] 25 root - INFO - Match heuristic business names to paybill payments
[ 2026-05-27 22:13:11,514] 174 root - INFO - Data transformation complete
[ 2026-05-27 22:13:11,514] 49 root - INFO - Started Regular Expression mapping
[ 2026-05-27 22:13:11,514] 174 root - INFO - Data transformation complete
[ 2026-05-27 22:13:11,514] 49 root - INFO - Started Regular Expression mapping
[ 2026-05-27 22:13:11,514] 25 root - INFO - Match heuristic business names to paybill payments
[ 2026-05-27 22:13:11,514] 174 root - INFO - Data transformation complete
[ 2026-05-27 22:13:11,515] 49 root - INFO - Started Regular Expression mapping
[ 2026-05-27 22:13:11,515] 174 root - INFO - Data transformation complete
[ 2026-05-27 22:13:11,515] 49 root - INFO - Started Regular Expression mapping
[ 2026-05-27 22:13:11,515] 174 root - INFO - Data transformation complete
[ 2026-05-27 22:13:11,515] 49 root - INFO - Started Regular Expression mapping
[ 2026-05-27 22:13:11,515] 174 root - INFO - Data transformation complete
[ 2026-05-27 22:13:11,516] 49 root - INFO - Started Regular Expression mapping
[ 2026-05-27 22:13:11,516] 25 root - INFO - Match heuristic business names to paybill payments
[ 2026-05-27 22:13:11,516] 174 root - INFO - Data transformation complete
[ 2026-05-27 22:13:11,516] 49 root - INFO - Started Regular Expression mapping
[ 2026-05-27 22:13:11,516] 174 root - INFO - Data transformation complete
[ 2026-05-27 22:13:11,516] 49 root - INFO - Started Regular Expression mapping
[ 2026-05-27 22:13:11,517] 174 root - INFO - Data transformation complete
[ 2026-05-27 22:13:11,517] 49 root - INFO - Started Regular Expression mapping
[ 2026-05-27 22:13:11,517] 174 root - INFO - Data transformation complete
[ 2026-05-27 22:13:11,517] 49 root - INFO - Started Regular Expression mapping
[ 2026-05-27 22:13:11,517] 25 root - INFO - Match heuristic business names to paybill payments
[ 2026-05-27 22:13:11,517] 174 root - INFO - Data transformation complete
[ 2026-05-27 22:13:11,517] 49 root - INFO - Started Regular Expression mapping
[ 2026-05-27 22:13:11,518] 174 root - INFO - Data transformation complete
[ 2026-05-27 22:13:11,518] 49 root - INFO - Started Regular Expression mapping
[ 2026-05-27 22:13:11,518] 174 root - INFO - Data transformation complete
[ 2026-05-27 22:13:11,518] 49 root - INFO - Started Regular Expression mapping
[ 2026-05-27 22:13:11,518] 25 root - INFO - Match heuristic business names to paybill payments
[ 2026-05-27 22:13:11,518] 174 root - INFO - Data transformation complete
[ 2026-05-27 22:13:11,518] 49 root - INFO - Started Regular Expression mapping
[ 2026-05-27 22:13:11,519] 174 root - INFO - Data transformation complete
[ 2026-05-27 22:13:11,519] 49 root - INFO - Started Regular Expression mapping
[ 2026-05-27 22:13:11,519] 174 root - INFO - Data transformation complete
[ 2026-05-27 22:13:11,519] 49 root - INFO - Started Regular Expression mapping
[ 2026-05-27 22:13:11,519] 174 root - INFO - Data transformation complete
[ 2026-05-27 22:13:11,519] 49 root - INFO - Started Regular Expression mapping
[ 2026-05-27 22:13:11,520] 174 root - INFO - Data transformation complete
[ 2026-05-27 22:13:11,520] 49 root - INFO - Started Regular Expression mapping
[ 2026-05-27 22:13:11,520] 25 root - INFO - Match heuristic business names to paybill payments
[ 2026-05-27 22:13:11,520] 174 root - INFO - Data transformation complete
[ 2026-05-27 22:13:11,520] 49 root - INFO - Started Regular Expression mapping
[ 2026-05-27 22:13:11,520] 25 root - INFO - Match heuristic business names to paybill payments
[ 2026-05-27 22:13:11,520] 174 root - INFO - Data transformation complete
[ 2026-05-27 22:13:11,521] 49 root - INFO - Started Regular Expression mapping
[ 2026-05-27 22:13:11,521] 174 root - INFO - Data transformation complete
[ 2026-05-27 22:13:11,521] 49 root - INFO - Started Regular Expression mapping
[ 2026-05-27 22:13:11,521] 174 root - INFO - Data transformation complete
[ 2026-05-27 22:13:11,521] 49 root - INFO - Started Regular Expression mapping
[ 2026-05-27 22:13:11,521] 25 root - INFO - Match heuristic business names to paybill payments
[ 2026-05-27 22:13:11,521] 174 root - INFO - Data transformation complete
[ 2026-05-27 22:13:11,522] 49 root - INFO - Started Regular Expression mapping
[ 2026-05-27 22:13:11,522] 25 root - INFO - Match heuristic business names to paybill payments
[ 2026-05-27 22:13:11,522] 174 root - INFO - Data transformation complete
[ 2026-05-27 22:13:11,522] 49 root - INFO - Started Regular Expression mapping
[ 2026-05-27 22:13:11,522] 174 root - INFO - Data transformation complete
[ 2026-05-27 22:13:11,522] 49 root - INFO - Started Regular Expression mapping
[ 2026-05-27 22:13:11,523] 25 root - INFO - Match heuristic business names to paybill payments
[ 2026-05-27 22:13:11,523] 174 root - INFO - Data transformation complete
[ 2026-05-27 22:13:11,523] 49 root - INFO - Started Regular Expression mapping
[ 2026-05-27 22:13:11,523] 174 root - INFO - Data transformation complete
[ 2026-05-27 22:13:11,523] 49 root - INFO - Started Regular Expression mapping
[ 2026-05-27 22:13:11,523] 174 root - INFO - Data transformation complete
[ 2026-05-27 22:13:11,523] 49 root - INFO - Started Regular Expression mapping
[ 2026-05-27 22:13:11,524] 174 root - INFO - Data transformation complete
[ 2026-05-27 22:13:11,524] 49 root - INFO - Started Regular Expression mapping
[ 2026-05-27 22:13:11,524] 174 root - INFO - Data transformation complete
[ 2026-05-27 22:13:11,524] 49 root - INFO - Started Regular Expression mapping
[ 2026-05-27 22:13:11,524] 174 root - INFO - Data transformation complete
[ 2026-05-27 22:13:11,524] 49 root - INFO - Started Regular Expression mapping
[ 2026-05-27 22:13:11,525] 174 root - INFO - Data transformation complete
[ 2026-05-27 22:13:11,525] 49 root - INFO - Started Regular Expression mapping
[ 2026-05-27 22:13:11,525] 174 root - INFO - Data transformation complete
[ 2026-05-27 22:13:11,525] 49 root - INFO - Started Regular Expression mapping
[ 2026-05-27 22:13:11,525] 25 root - INFO - Match heuristic business names to paybill payments
[ 2026-05-27 22:13:11,525] 174 root - INFO - Data transformation complete
[ 2026-05-27 22:13:11,525] 49 root - INFO - Started Regular Expression mapping
[ 2026-05-27 22:13:11,526] 174 root - INFO - Data transformation complete
[ 2026-05-27 22:13:11,526] 49 root - INFO - Started Regular Expression mapping
[ 2026-05-27 22:13:11,527] 174 root - INFO - Data transformation complete
[ 2026-05-27 22:13:11,527] 49 root - INFO - Started Regular Expression mapping
[ 2026-05-27 22:13:11,527] 174 root - INFO - Data transformation complete
[ 2026-05-27 22:13:11,527] 49 root - INFO - Started Regular Expression mapping
[ 2026-05-27 22:13:11,528] 174 root - INFO - Data transformation complete
[ 2026-05-27 22:13:11,528] 49 root - INFO - Started Regular Expression mapping
[ 2026-05-27 22:13:11,528] 25 root - INFO - Match heuristic business names to paybill payments
[ 2026-05-27 22:13:11,528] 174 root - INFO - Data transformation complete
[ 2026-05-27 22:13:11,528] 49 root - INFO - Started Regular Expression mapping
[ 2026-05-27 22:13:11,528] 174 root - INFO - Data transformation complete
[ 2026-05-27 22:13:11,529] 49 root - INFO - Started Regular Expression mapping
[ 2026-05-27 22:13:11,529] 174 root - INFO - Data transformation complete
[ 2026-05-27 22:13:11,529] 49 root - INFO - Started Regular Expression mapping
[ 2026-05-27 22:13:11,529] 25 root - INFO - Match heuristic business names to paybill payments
[ 2026-05-27 22:13:11,529] 174 root - INFO - Data transformation complete
[ 2026-05-27 22:13:11,529] 49 root - INFO - Started Regular Expression mapping
[ 2026-05-27 22:13:11,530] 174 root - INFO - Data transformation complete
[ 2026-05-27 22:13:11,530] 49 root - INFO - Started Regular Expression mapping
[ 2026-05-27 22:13:11,530] 25 root - INFO - Match heuristic business names to paybill payments
[ 2026-05-27 22:13:11,530] 174 root - INFO - Data transformation complete
[ 2026-05-27 22:13:11,530] 49 root - INFO - Started Regular Expression mapping
[ 2026-05-27 22:13:11,530] 174 root - INFO - Data transformation complete
[ 2026-05-27 22:13:11,530] 49 root - INFO - Started Regular Expression mapping
[ 2026-05-27 22:13:11,531] 174 root - INFO - Data transformation complete
[ 2026-05-27 22:13:11,531] 49 root - INFO - Started Regular Expression mapping
[ 2026-05-27 22:13:11,531] 25 root - INFO - Match heuristic business names to paybill payments
[ 2026-05-27 22:13:11,531] 174 root - INFO - Data transformation complete
[ 2026-05-27 22:13:11,531] 49 root - INFO - Started Regular Expression mapping
[ 2026-05-27 22:13:11,531] 174 root - INFO - Data transformation complete
[ 2026-05-27 22:13:11,532] 49 root - INFO - Started Regular Expression mapping
[ 2026-05-27 22:13:11,532] 174 root - INFO - Data transformation complete
[ 2026-05-27 22:13:11,532] 49 root - INFO - Started Regular Expression mapping
[ 2026-05-27 22:13:11,532] 174 root - INFO - Data transformation complete
[ 2026-05-27 22:13:11,532] 49 root - INFO - Started Regular Expression mapping
[ 2026-05-27 22:13:11,533] 174 root - INFO - Data transformation complete
[ 2026-05-27 22:13:11,533] 49 root - INFO - Started Regular Expression mapping
[ 2026-05-27 22:13:11,533] 25 root - INFO - Match heuristic business names to paybill payments
[ 2026-05-27 22:13:11,533] 174 root - INFO - Data transformation complete
[ 2026-05-27 22:13:11,533] 49 root - INFO - Started Regular Expression mapping
[ 2026-05-27 22:13:11,533] 174 root - INFO - Data transformation complete
[ 2026-05-27 22:13:11,534] 49 root - INFO - Started Regular Expression mapping
[ 2026-05-27 22:13:11,534] 174 root - INFO - Data transformation complete
[ 2026-05-27 22:13:11,534] 49 root - INFO - Started Regular Expression mapping
[ 2026-05-27 22:13:11,534] 174 root - INFO - Data transformation complete
[ 2026-05-27 22:13:11,534] 49 root - INFO - Started Regular Expression mapping
[ 2026-05-27 22:13:11,534] 25 root - INFO - Match heuristic business names to paybill payments
[ 2026-05-27 22:13:11,535] 174 root - INFO - Data transformation complete
[ 2026-05-27 22:13:11,535] 49 root - INFO - Started Regular Expression mapping
[ 2026-05-27 22:13:11,535] 174 root - INFO - Data transformation complete
[ 2026-05-27 22:13:11,535] 49 root - INFO - Started Regular Expression mapping
[ 2026-05-27 22:13:11,535] 25 root - INFO - Match heuristic business names to paybill payments
[ 2026-05-27 22:13:11,535] 174 root - INFO - Data transformation complete
[ 2026-05-27 22:13:11,535] 49 root - INFO - Started Regular Expression mapping
[ 2026-05-27 22:13:11,536] 174 root - INFO - Data transformation complete
[ 2026-05-27 22:13:11,536] 49 root - INFO - Started Regular Expression mapping
[ 2026-05-27 22:13:11,536] 25 root - INFO - Match heuristic business names to paybill payments
[ 2026-05-27 22:13:11,536] 174 root - INFO - Data transformation complete
[ 2026-05-27 22:13:11,536] 49 root - INFO - Started Regular Expression mapping
[ 2026-05-27 22:13:11,536] 174 root - INFO - Data transformation complete
[ 2026-05-27 22:13:11,536] 49 root - INFO - Started Regular Expression mapping
[ 2026-05-27 22:13:11,537] 25 root - INFO - Match heuristic business names to paybill payments
[ 2026-05-27 22:13:11,537] 174 root - INFO - Data transformation complete
[ 2026-05-27 22:13:11,537] 49 root - INFO - Started Regular Expression mapping
[ 2026-05-27 22:13:11,537] 25 root - INFO - Match heuristic business names to paybill payments
[ 2026-05-27 22:13:11,537] 174 root - INFO - Data transformation complete
[ 2026-05-27 22:13:11,537] 49 root - INFO - Started Regular Expression mapping
[ 2026-05-27 22:13:11,537] 25 root - INFO - Match heuristic business names to paybill payments
[ 2026-05-27 22:13:11,538] 174 root - INFO - Data transformation complete
[ 2026-05-27 22:13:11,538] 49 root - INFO - Started Regular Expression mapping
[ 2026-05-27 22:13:11,538] 174 root - INFO - Data transformation complete
[ 2026-05-27 22:13:11,538] 49 root - INFO - Started Regular Expression mapping
[ 2026-05-27 22:13:11,538] 174 root - INFO - Data transformation complete
[ 2026-05-27 22:13:11,538] 49 root - INFO - Started Regular Expression mapping
[ 2026-05-27 22:13:11,539] 25 root - INFO - Match heuristic business names to paybill payments
[ 2026-05-27 22:13:11,539] 174 root - INFO - Data transformation complete
[ 2026-05-27 22:13:11,539] 49 root - INFO - Started Regular Expression mapping
[ 2026-05-27 22:13:11,539] 174 root - INFO - Data transformation complete
[ 2026-05-27 22:13:11,539] 49 root - INFO - Started Regular Expression mapping
[ 2026-05-27 22:13:11,539] 174 root - INFO - Data transformation complete
[ 2026-05-27 22:13:11,539] 49 root - INFO - Started Regular Expression mapping
[ 2026-05-27 22:13:11,540] 174 root - INFO - Data transformation complete
[ 2026-05-27 22:13:11,540] 49 root - INFO - Started Regular Expression mapping
[ 2026-05-27 22:13:11,540] 25 root - INFO - Match heuristic business names to paybill payments
[ 2026-05-27 22:13:11,540] 174 root - INFO - Data transformation complete
[ 2026-05-27 22:13:11,540] 49 root - INFO - Started Regular Expression mapping
[ 2026-05-27 22:13:11,540] 174 root - INFO - Data transformation complete
[ 2026-05-27 22:13:11,541] 49 root - INFO - Started Regular Expression mapping
[ 2026-05-27 22:13:11,541] 25 root - INFO - Match heuristic business names to paybill payments
[ 2026-05-27 22:13:11,541] 174 root - INFO - Data transformation complete
[ 2026-05-27 22:13:11,541] 49 root - INFO - Started Regular Expression mapping
[ 2026-05-27 22:13:11,542] 25 root - INFO - Match heuristic business names to paybill payments
[ 2026-05-27 22:13:11,542] 174 root - INFO - Data transformation complete
[ 2026-05-27 22:13:11,542] 49 root - INFO - Started Regular Expression mapping
[ 2026-05-27 22:13:11,542] 174 root - INFO - Data transformation complete
[ 2026-05-27 22:13:11,542] 49 root - INFO - Started Regular Expression mapping
[ 2026-05-27 22:13:11,542] 174 root - INFO - Data transformation complete
[ 2026-05-27 22:13:11,542] 49 root - INFO - Started Regular Expression mapping
[ 2026-05-27 22:13:11,543] 174 root - INFO - Data transformation complete
[ 2026-05-27 22:13:11,543] 49 root - INFO - Started Regular Expression mapping
[ 2026-05-27 22:13:11,543] 174 root - INFO - Data transformation complete
[ 2026-05-27 22:13:11,543] 49 root - INFO - Started Regular Expression mapping
[ 2026-05-27 22:13:11,543] 25 root - INFO - Match heuristic business names to paybill payments
[ 2026-05-27 22:13:11,543] 174 root - INFO - Data transformation complete
[ 2026-05-27 22:13:11,544] 49 root - INFO - Started Regular Expression mapping
[ 2026-05-27 22:13:11,544] 25 root - INFO - Match heuristic business names to paybill payments
[ 2026-05-27 22:13:11,544] 174 root - INFO - Data transformation complete
[ 2026-05-27 22:13:11,544] 49 root - INFO - Started Regular Expression mapping
[ 2026-05-27 22:13:11,544] 25 root - INFO - Match heuristic business names to paybill payments
[ 2026-05-27 22:13:11,544] 174 root - INFO - Data transformation complete
[ 2026-05-27 22:13:11,544] 49 root - INFO - Started Regular Expression mapping
[ 2026-05-27 22:13:11,545] 174 root - INFO - Data transformation complete
[ 2026-05-27 22:13:11,545] 49 root - INFO - Started Regular Expression mapping
[ 2026-05-27 22:13:11,545] 174 root - INFO - Data transformation complete
[ 2026-05-27 22:13:11,545] 49 root - INFO - Started Regular Expression mapping
[ 2026-05-27 22:13:11,545] 174 root - INFO - Data transformation complete
[ 2026-05-27 22:13:11,545] 49 root - INFO - Started Regular Expression mapping
[ 2026-05-27 22:13:11,546] 174 root - INFO - Data transformation complete
[ 2026-05-27 22:13:11,546] 49 root - INFO - Started Regular Expression mapping
[ 2026-05-27 22:13:11,546] 25 root - INFO - Match heuristic business names to paybill payments
[ 2026-05-27 22:13:11,546] 174 root - INFO - Data transformation complete
[ 2026-05-27 22:13:11,546] 49 root - INFO - Started Regular Expression mapping
[ 2026-05-27 22:13:11,546] 174 root - INFO - Data transformation complete
[ 2026-05-27 22:13:11,546] 49 root - INFO - Started Regular Expression mapping
[ 2026-05-27 22:13:11,547] 174 root - INFO - Data transformation complete
[ 2026-05-27 22:13:11,547] 49 root - INFO - Started Regular Expression mapping
[ 2026-05-27 22:13:11,547] 174 root - INFO - Data transformation complete
[ 2026-05-27 22:13:11,547] 49 root - INFO - Started Regular Expression mapping
[ 2026-05-27 22:13:11,547] 174 root - INFO - Data transformation complete
[ 2026-05-27 22:13:11,547] 49 root - INFO - Started Regular Expression mapping
[ 2026-05-27 22:13:11,548] 174 root - INFO - Data transformation complete
[ 2026-05-27 22:13:11,548] 49 root - INFO - Started Regular Expression mapping
[ 2026-05-27 22:13:11,548] 174 root - INFO - Data transformation complete
[ 2026-05-27 22:13:11,548] 49 root - INFO - Started Regular Expression mapping
[ 2026-05-27 22:13:11,548] 174 root - INFO - Data transformation complete
[ 2026-05-27 22:13:11,548] 49 root - INFO - Started Regular Expression mapping
[ 2026-05-27 22:13:11,548] 174 root - INFO - Data transformation complete
[ 2026-05-27 22:13:11,549] 49 root - INFO - Started Regular Expression mapping
[ 2026-05-27 22:13:11,549] 174 root - INFO - Data transformation complete
[ 2026-05-27 22:13:11,549] 49 root - INFO - Started Regular Expression mapping
[ 2026-05-27 22:13:11,549] 174 root - INFO - Data transformation complete
[ 2026-05-27 22:13:11,549] 49 root - INFO - Started Regular Expression mapping
[ 2026-05-27 22:13:11,549] 174 root - INFO - Data transformation complete
[ 2026-05-27 22:13:11,550] 49 root - INFO - Started Regular Expression mapping
[ 2026-05-27 22:13:11,550] 174 root - INFO - Data transformation complete
[ 2026-05-27 22:13:11,550] 49 root - INFO - Started Regular Expression mapping
[ 2026-05-27 22:13:11,550] 25 root - INFO - Match heuristic business names to paybill payments
[ 2026-05-27 22:13:11,550] 174 root - INFO - Data transformation complete
[ 2026-05-27 22:13:11,550] 49 root - INFO - Started Regular Expression mapping
[ 2026-05-27 22:13:11,550] 174 root - INFO - Data transformation complete
[ 2026-05-27 22:13:11,551] 49 root - INFO - Started Regular Expression mapping
[ 2026-05-27 22:13:11,551] 174 root - INFO - Data transformation complete
[ 2026-05-27 22:13:11,551] 49 root - INFO - Started Regular Expression mapping
[ 2026-05-27 22:13:11,551] 25 root - INFO - Match heuristic business names to paybill payments
[ 2026-05-27 22:13:11,551] 174 root - INFO - Data transformation complete
[ 2026-05-27 22:13:11,551] 49 root - INFO - Started Regular Expression mapping
[ 2026-05-27 22:13:11,552] 25 root - INFO - Match heuristic business names to paybill payments
[ 2026-05-27 22:13:11,552] 174 root - INFO - Data transformation complete
[ 2026-05-27 22:13:11,552] 49 root - INFO - Started Regular Expression mapping
[ 2026-05-27 22:13:11,552] 174 root - INFO - Data transformation complete
[ 2026-05-27 22:13:11,552] 49 root - INFO - Started Regular Expression mapping
[ 2026-05-27 22:13:11,552] 174 root - INFO - Data transformation complete
[ 2026-05-27 22:13:11,552] 49 root - INFO - Started Regular Expression mapping
[ 2026-05-27 22:13:11,553] 174 root - INFO - Data transformation complete
[ 2026-05-27 22:13:11,553] 49 root - INFO - Started Regular Expression mapping
[ 2026-05-27 22:13:11,553] 174 root - INFO - Data transformation complete
[ 2026-05-27 22:13:11,553] 49 root - INFO - Started Regular Expression mapping
[ 2026-05-27 22:13:11,553] 25 root - INFO - Match heuristic business names to paybill payments
[ 2026-05-27 22:13:11,553] 174 root - INFO - Data transformation complete
[ 2026-05-27 22:13:11,553] 49 root - INFO - Started Regular Expression mapping
[ 2026-05-27 22:13:11,554] 25 root - INFO - Match heuristic business names to paybill payments
[ 2026-05-27 22:13:11,554] 174 root - INFO - Data transformation complete
[ 2026-05-27 22:13:11,554] 49 root - INFO - Started Regular Expression mapping
[ 2026-05-27 22:13:11,554] 174 root - INFO - Data transformation complete
[ 2026-05-27 22:13:11,554] 49 root - INFO - Started Regular Expression mapping
[ 2026-05-27 22:13:11,554] 174 root - INFO - Data transformation complete
[ 2026-05-27 22:13:11,554] 49 root - INFO - Started Regular Expression mapping
[ 2026-05-27 22:13:11,555] 25 root - INFO - Match heuristic business names to paybill payments
[ 2026-05-27 22:13:11,555] 174 root - INFO - Data transformation complete
[ 2026-05-27 22:13:11,555] 49 root - INFO - Started Regular Expression mapping
[ 2026-05-27 22:13:11,555] 174 root - INFO - Data transformation complete
[ 2026-05-27 22:13:11,555] 49 root - INFO - Started Regular Expression mapping
[ 2026-05-27 22:13:11,555] 174 root - INFO - Data transformation complete
[ 2026-05-27 22:13:11,555] 49 root - INFO - Started Regular Expression mapping
[ 2026-05-27 22:13:11,556] 174 root - INFO - Data transformation complete
[ 2026-05-27 22:13:11,556] 49 root - INFO - Started Regular Expression mapping
[ 2026-05-27 22:13:11,556] 174 root - INFO - Data transformation complete
[ 2026-05-27 22:13:11,556] 49 root - INFO - Started Regular Expression mapping
[ 2026-05-27 22:13:11,556] 25 root - INFO - Match heuristic business names to paybill payments
[ 2026-05-27 22:13:11,556] 174 root - INFO - Data transformation complete
[ 2026-05-27 22:13:11,557] 49 root - INFO - Started Regular Expression mapping
[ 2026-05-27 22:13:11,557] 174 root - INFO - Data transformation complete
[ 2026-05-27 22:13:11,557] 49 root - INFO - Started Regular Expression mapping
[ 2026-05-27 22:13:11,557] 174 root - INFO - Data transformation complete
[ 2026-05-27 22:13:11,557] 49 root - INFO - Started Regular Expression mapping
[ 2026-05-27 22:13:11,557] 174 root - INFO - Data transformation complete
[ 2026-05-27 22:13:11,558] 49 root - INFO - Started Regular Expression mapping
[ 2026-05-27 22:13:11,558] 174 root - INFO - Data transformation complete
[ 2026-05-27 22:13:11,558] 49 root - INFO - Started Regular Expression mapping
[ 2026-05-27 22:13:11,558] 25 root - INFO - Match heuristic business names to paybill payments
[ 2026-05-27 22:13:11,558] 174 root - INFO - Data transformation complete
[ 2026-05-27 22:13:11,558] 49 root - INFO - Started Regular Expression mapping
[ 2026-05-27 22:13:11,558] 174 root - INFO - Data transformation complete
[ 2026-05-27 22:13:11,559] 49 root - INFO - Started Regular Expression mapping
[ 2026-05-27 22:13:11,559] 25 root - INFO - Match heuristic business names to paybill payments
[ 2026-05-27 22:13:11,559] 174 root - INFO - Data transformation complete
[ 2026-05-27 22:13:11,559] 49 root - INFO - Started Regular Expression mapping
[ 2026-05-27 22:13:11,559] 174 root - INFO - Data transformation complete
[ 2026-05-27 22:13:11,559] 49 root - INFO - Started Regular Expression mapping
[ 2026-05-27 22:13:11,560] 174 root - INFO - Data transformation complete
[ 2026-05-27 22:13:11,560] 49 root - INFO - Started Regular Expression mapping
[ 2026-05-27 22:13:11,560] 174 root - INFO - Data transformation complete
[ 2026-05-27 22:13:11,560] 49 root - INFO - Started Regular Expression mapping
[ 2026-05-27 22:13:11,560] 174 root - INFO - Data transformation complete
[ 2026-05-27 22:13:11,560] 49 root - INFO - Started Regular Expression mapping
[ 2026-05-27 22:13:11,560] 25 root - INFO - Match heuristic business names to paybill payments
[ 2026-05-27 22:13:11,561] 174 root - INFO - Data transformation complete
[ 2026-05-27 22:13:11,561] 49 root - INFO - Started Regular Expression mapping
[ 2026-05-27 22:13:11,561] 174 root - INFO - Data transformation complete
[ 2026-05-27 22:13:11,561] 49 root - INFO - Started Regular Expression mapping
[ 2026-05-27 22:13:11,561] 174 root - INFO - Data transformation complete
[ 2026-05-27 22:13:11,561] 49 root - INFO - Started Regular Expression mapping
[ 2026-05-27 22:13:11,561] 174 root - INFO - Data transformation complete
[ 2026-05-27 22:13:11,562] 49 root - INFO - Started Regular Expression mapping
[ 2026-05-27 22:13:11,562] 174 root - INFO - Data transformation complete
[ 2026-05-27 22:13:11,562] 49 root - INFO - Started Regular Expression mapping
[ 2026-05-27 22:13:11,562] 25 root - INFO - Match heuristic business names to paybill payments
[ 2026-05-27 22:13:11,562] 174 root - INFO - Data transformation complete
[ 2026-05-27 22:13:11,562] 49 root - INFO - Started Regular Expression mapping
[ 2026-05-27 22:13:11,563] 174 root - INFO - Data transformation complete
[ 2026-05-27 22:13:11,563] 49 root - INFO - Started Regular Expression mapping
[ 2026-05-27 22:13:11,563] 25 root - INFO - Match heuristic business names to paybill payments
[ 2026-05-27 22:13:11,563] 174 root - INFO - Data transformation complete
[ 2026-05-27 22:13:11,563] 49 root - INFO - Started Regular Expression mapping
[ 2026-05-27 22:13:11,563] 174 root - INFO - Data transformation complete
[ 2026-05-27 22:13:11,563] 49 root - INFO - Started Regular Expression mapping
[ 2026-05-27 22:13:11,564] 25 root - INFO - Match heuristic business names to paybill payments
[ 2026-05-27 22:13:11,564] 174 root - INFO - Data transformation complete
[ 2026-05-27 22:13:11,564] 49 root - INFO - Started Regular Expression mapping
[ 2026-05-27 22:13:11,564] 174 root - INFO - Data transformation complete
[ 2026-05-27 22:13:11,564] 49 root - INFO - Started Regular Expression mapping
[ 2026-05-27 22:13:11,564] 174 root - INFO - Data transformation complete
[ 2026-05-27 22:13:11,564] 49 root - INFO - Started Regular Expression mapping
[ 2026-05-27 22:13:11,565] 25 root - INFO - Match heuristic business names to paybill payments
[ 2026-05-27 22:13:11,565] 174 root - INFO - Data transformation complete
[ 2026-05-27 22:13:11,565] 49 root - INFO - Started Regular Expression mapping
[ 2026-05-27 22:13:11,565] 25 root - INFO - Match heuristic business names to paybill payments
[ 2026-05-27 22:13:11,565] 174 root - INFO - Data transformation complete
[ 2026-05-27 22:13:11,565] 49 root - INFO - Started Regular Expression mapping
[ 2026-05-27 22:13:11,565] 174 root - INFO - Data transformation complete
[ 2026-05-27 22:13:11,566] 49 root - INFO - Started Regular Expression mapping
[ 2026-05-27 22:13:11,566] 174 root - INFO - Data transformation complete
[ 2026-05-27 22:13:11,566] 49 root - INFO - Started Regular Expression mapping
[ 2026-05-27 22:13:11,566] 174 root - INFO - Data transformation complete
[ 2026-05-27 22:13:11,566] 49 root - INFO - Started Regular Expression mapping
[ 2026-05-27 22:13:11,566] 174 root - INFO - Data transformation complete
[ 2026-05-27 22:13:11,567] 49 root - INFO - Started Regular Expression mapping
[ 2026-05-27 22:13:11,567] 174 root - INFO - Data transformation complete
[ 2026-05-27 22:13:11,567] 49 root - INFO - Started Regular Expression mapping
[ 2026-05-27 22:13:11,567] 174 root - INFO - Data transformation complete
[ 2026-05-27 22:13:11,567] 49 root - INFO - Started Regular Expression mapping
[ 2026-05-27 22:13:11,567] 174 root - INFO - Data transformation complete
[ 2026-05-27 22:13:11,567] 49 root - INFO - Started Regular Expression mapping
[ 2026-05-27 22:13:11,568] 174 root - INFO - Data transformation complete
[ 2026-05-27 22:13:11,568] 49 root - INFO - Started Regular Expression mapping
[ 2026-05-27 22:13:11,568] 25 root - INFO - Match heuristic business names to paybill payments
[ 2026-05-27 22:13:11,568] 174 root - INFO - Data transformation complete
[ 2026-05-27 22:13:11,568] 49 root - INFO - Started Regular Expression mapping
[ 2026-05-27 22:13:11,568] 174 root - INFO - Data transformation complete
[ 2026-05-27 22:13:11,569] 49 root - INFO - Started Regular Expression mapping
[ 2026-05-27 22:13:11,569] 174 root - INFO - Data transformation complete
[ 2026-05-27 22:13:11,569] 49 root - INFO - Started Regular Expression mapping
[ 2026-05-27 22:13:11,569] 25 root - INFO - Match heuristic business names to paybill payments
[ 2026-05-27 22:13:11,569] 174 root - INFO - Data transformation complete
[ 2026-05-27 22:13:11,569] 49 root - INFO - Started Regular Expression mapping
[ 2026-05-27 22:13:11,570] 174 root - INFO - Data transformation complete
[ 2026-05-27 22:13:11,570] 49 root - INFO - Started Regular Expression mapping
[ 2026-05-27 22:13:11,570] 174 root - INFO - Data transformation complete
[ 2026-05-27 22:13:11,570] 49 root - INFO - Started Regular Expression mapping
[ 2026-05-27 22:13:11,570] 25 root - INFO - Match heuristic business names to paybill payments
[ 2026-05-27 22:13:11,570] 174 root - INFO - Data transformation complete
[ 2026-05-27 22:13:11,570] 49 root - INFO - Started Regular Expression mapping
[ 2026-05-27 22:13:11,571] 25 root - INFO - Match heuristic business names to paybill payments
[ 2026-05-27 22:13:11,571] 174 root - INFO - Data transformation complete
[ 2026-05-27 22:13:11,571] 49 root - INFO - Started Regular Expression mapping
[ 2026-05-27 22:13:11,571] 174 root - INFO - Data transformation complete
[ 2026-05-27 22:13:11,571] 49 root - INFO - Started Regular Expression mapping
[ 2026-05-27 22:13:11,571] 25 root - INFO - Match heuristic business names to paybill payments
[ 2026-05-27 22:13:11,572] 174 root - INFO - Data transformation complete
[ 2026-05-27 22:13:11,572] 49 root - INFO - Started Regular Expression mapping
[ 2026-05-27 22:13:11,572] 174 root - INFO - Data transformation complete
[ 2026-05-27 22:13:11,572] 49 root - INFO - Started Regular Expression mapping
[ 2026-05-27 22:13:11,572] 174 root - INFO - Data transformation complete
[ 2026-05-27 22:13:11,572] 49 root - INFO - Started Regular Expression mapping
[ 2026-05-27 22:13:11,573] 174 root - INFO - Data transformation complete
[ 2026-05-27 22:13:11,573] 49 root - INFO - Started Regular Expression mapping
[ 2026-05-27 22:13:11,573] 174 root - INFO - Data transformation complete
[ 2026-05-27 22:13:11,573] 49 root - INFO - Started Regular Expression mapping
[ 2026-05-27 22:13:11,573] 174 root - INFO - Data transformation complete
[ 2026-05-27 22:13:11,573] 49 root - INFO - Started Regular Expression mapping
[ 2026-05-27 22:13:11,573] 174 root - INFO - Data transformation complete
[ 2026-05-27 22:13:11,574] 49 root - INFO - Started Regular Expression mapping
[ 2026-05-27 22:13:11,574] 174 root - INFO - Data transformation complete
[ 2026-05-27 22:13:11,574] 49 root - INFO - Started Regular Expression mapping
[ 2026-05-27 22:13:11,574] 174 root - INFO - Data transformation complete
[ 2026-05-27 22:13:11,574] 49 root - INFO - Started Regular Expression mapping
[ 2026-05-27 22:13:11,574] 25 root - INFO - Match heuristic business names to paybill payments
[ 2026-05-27 22:13:11,575] 174 root - INFO - Data transformation complete
[ 2026-05-27 22:13:11,575] 49 root - INFO - Started Regular Expression mapping
[ 2026-05-27 22:13:11,575] 174 root - INFO - Data transformation complete
[ 2026-05-27 22:13:11,575] 49 root - INFO - Started Regular Expression mapping
[ 2026-05-27 22:13:11,575] 174 root - INFO - Data transformation complete
[ 2026-05-27 22:13:11,575] 49 root - INFO - Started Regular Expression mapping
[ 2026-05-27 22:13:11,575] 174 root - INFO - Data transformation complete
[ 2026-05-27 22:13:11,576] 49 root - INFO - Started Regular Expression mapping
[ 2026-05-27 22:13:11,576] 174 root - INFO - Data transformation complete
[ 2026-05-27 22:13:11,576] 49 root - INFO - Started Regular Expression mapping
[ 2026-05-27 22:13:11,576] 25 root - INFO - Match heuristic business names to paybill payments
[ 2026-05-27 22:13:11,576] 174 root - INFO - Data transformation complete
[ 2026-05-27 22:13:11,576] 49 root - INFO - Started Regular Expression mapping
[ 2026-05-27 22:13:11,576] 25 root - INFO - Match heuristic business names to paybill payments
[ 2026-05-27 22:13:11,577] 174 root - INFO - Data transformation complete
[ 2026-05-27 22:13:11,577] 49 root - INFO - Started Regular Expression mapping
[ 2026-05-27 22:13:11,577] 174 root - INFO - Data transformation complete
[ 2026-05-27 22:13:11,577] 49 root - INFO - Started Regular Expression mapping
[ 2026-05-27 22:13:11,577] 174 root - INFO - Data transformation complete
[ 2026-05-27 22:13:11,577] 49 root - INFO - Started Regular Expression mapping
[ 2026-05-27 22:13:11,578] 174 root - INFO - Data transformation complete
[ 2026-05-27 22:13:11,578] 49 root - INFO - Started Regular Expression mapping
[ 2026-05-27 22:13:11,578] 174 root - INFO - Data transformation complete
[ 2026-05-27 22:13:11,578] 49 root - INFO - Started Regular Expression mapping
[ 2026-05-27 22:13:11,578] 174 root - INFO - Data transformation complete
[ 2026-05-27 22:13:11,578] 49 root - INFO - Started Regular Expression mapping
[ 2026-05-27 22:13:11,578] 174 root - INFO - Data transformation complete
[ 2026-05-27 22:13:11,579] 49 root - INFO - Started Regular Expression mapping
[ 2026-05-27 22:13:11,579] 25 root - INFO - Match heuristic business names to paybill payments
[ 2026-05-27 22:13:11,579] 174 root - INFO - Data transformation complete
[ 2026-05-27 22:13:11,579] 49 root - INFO - Started Regular Expression mapping
[ 2026-05-27 22:13:11,579] 174 root - INFO - Data transformation complete
[ 2026-05-27 22:13:11,579] 49 root - INFO - Started Regular Expression mapping
[ 2026-05-27 22:13:11,580] 174 root - INFO - Data transformation complete
[ 2026-05-27 22:13:11,580] 49 root - INFO - Started Regular Expression mapping
[ 2026-05-27 22:13:11,580] 174 root - INFO - Data transformation complete
[ 2026-05-27 22:13:11,580] 49 root - INFO - Started Regular Expression mapping
[ 2026-05-27 22:13:11,580] 25 root - INFO - Match heuristic business names to paybill payments
[ 2026-05-27 22:13:11,580] 174 root - INFO - Data transformation complete
[ 2026-05-27 22:13:11,580] 49 root - INFO - Started Regular Expression mapping
[ 2026-05-27 22:13:11,581] 25 root - INFO - Match heuristic business names to paybill payments
[ 2026-05-27 22:13:11,581] 174 root - INFO - Data transformation complete
[ 2026-05-27 22:13:11,581] 49 root - INFO - Started Regular Expression mapping
[ 2026-05-27 22:13:11,581] 174 root - INFO - Data transformation complete
[ 2026-05-27 22:13:11,581] 49 root - INFO - Started Regular Expression mapping
[ 2026-05-27 22:13:11,581] 174 root - INFO - Data transformation complete
[ 2026-05-27 22:13:11,581] 49 root - INFO - Started Regular Expression mapping
[ 2026-05-27 22:13:11,582] 25 root - INFO - Match heuristic business names to paybill payments
[ 2026-05-27 22:13:11,582] 174 root - INFO - Data transformation complete
[ 2026-05-27 22:13:11,582] 49 root - INFO - Started Regular Expression mapping
[ 2026-05-27 22:13:11,582] 174 root - INFO - Data transformation complete
[ 2026-05-27 22:13:11,582] 49 root - INFO - Started Regular Expression mapping
[ 2026-05-27 22:13:11,582] 174 root - INFO - Data transformation complete
[ 2026-05-27 22:13:11,583] 49 root - INFO - Started Regular Expression mapping
[ 2026-05-27 22:13:11,583] 174 root - INFO - Data transformation complete
[ 2026-05-27 22:13:11,583] 49 root - INFO - Started Regular Expression mapping
[ 2026-05-27 22:13:11,583] 174 root - INFO - Data transformation complete
[ 2026-05-27 22:13:11,583] 49 root - INFO - Started Regular Expression mapping
[ 2026-05-27 22:13:11,583] 25 root - INFO - Match heuristic business names to paybill payments
[ 2026-05-27 22:13:11,583] 174 root - INFO - Data transformation complete
[ 2026-05-27 22:13:11,584] 49 root - INFO - Started Regular Expression mapping
[ 2026-05-27 22:13:11,584] 25 root - INFO - Match heuristic business names to paybill payments
[ 2026-05-27 22:13:11,584] 174 root - INFO - Data transformation complete
[ 2026-05-27 22:13:11,584] 49 root - INFO - Started Regular Expression mapping
[ 2026-05-27 22:13:11,584] 25 root - INFO - Match heuristic business names to paybill payments
[ 2026-05-27 22:13:11,584] 174 root - INFO - Data transformation complete
[ 2026-05-27 22:13:11,584] 49 root - INFO - Started Regular Expression mapping
[ 2026-05-27 22:13:11,585] 174 root - INFO - Data transformation complete
[ 2026-05-27 22:13:11,585] 49 root - INFO - Started Regular Expression mapping
[ 2026-05-27 22:13:11,585] 25 root - INFO - Match heuristic business names to paybill payments
[ 2026-05-27 22:13:11,585] 174 root - INFO - Data transformation complete
[ 2026-05-27 22:13:11,585] 49 root - INFO - Started Regular Expression mapping
[ 2026-05-27 22:13:11,585] 174 root - INFO - Data transformation complete
[ 2026-05-27 22:13:11,585] 49 root - INFO - Started Regular Expression mapping
[ 2026-05-27 22:13:11,586] 174 root - INFO - Data transformation complete
[ 2026-05-27 22:13:11,586] 49 root - INFO - Started Regular Expression mapping
[ 2026-05-27 22:13:11,586] 25 root - INFO - Match heuristic business names to paybill payments
[ 2026-05-27 22:13:11,586] 174 root - INFO - Data transformation complete
[ 2026-05-27 22:13:11,586] 49 root - INFO - Started Regular Expression mapping
[ 2026-05-27 22:13:11,586] 174 root - INFO - Data transformation complete
[ 2026-05-27 22:13:11,586] 49 root - INFO - Started Regular Expression mapping
[ 2026-05-27 22:13:11,587] 25 root - INFO - Match heuristic business names to paybill payments
[ 2026-05-27 22:13:11,587] 174 root - INFO - Data transformation complete
[ 2026-05-27 22:13:11,587] 49 root - INFO - Started Regular Expression mapping
[ 2026-05-27 22:13:11,587] 174 root - INFO - Data transformation complete
[ 2026-05-27 22:13:11,587] 49 root - INFO - Started Regular Expression mapping
[ 2026-05-27 22:13:11,587] 25 root - INFO - Match heuristic business names to paybill payments
[ 2026-05-27 22:13:11,588] 174 root - INFO - Data transformation complete
[ 2026-05-27 22:13:11,588] 49 root - INFO - Started Regular Expression mapping
[ 2026-05-27 22:13:11,588] 174 root - INFO - Data transformation complete
[ 2026-05-27 22:13:11,588] 49 root - INFO - Started Regular Expression mapping
[ 2026-05-27 22:13:11,588] 174 root - INFO - Data transformation complete
[ 2026-05-27 22:13:11,588] 49 root - INFO - Started Regular Expression mapping
[ 2026-05-27 22:13:11,589] 174 root - INFO - Data transformation complete
[ 2026-05-27 22:13:11,589] 49 root - INFO - Started Regular Expression mapping
[ 2026-05-27 22:13:11,589] 174 root - INFO - Data transformation complete
[ 2026-05-27 22:13:11,589] 49 root - INFO - Started Regular Expression mapping
[ 2026-05-27 22:13:11,589] 174 root - INFO - Data transformation complete
[ 2026-05-27 22:13:11,589] 49 root - INFO - Started Regular Expression mapping
[ 2026-05-27 22:13:11,589] 174 root - INFO - Data transformation complete
[ 2026-05-27 22:13:11,590] 49 root - INFO - Started Regular Expression mapping
[ 2026-05-27 22:13:11,590] 174 root - INFO - Data transformation complete
[ 2026-05-27 22:13:11,590] 49 root - INFO - Started Regular Expression mapping
[ 2026-05-27 22:13:11,590] 174 root - INFO - Data transformation complete
[ 2026-05-27 22:13:11,590] 49 root - INFO - Started Regular Expression mapping
[ 2026-05-27 22:13:11,590] 174 root - INFO - Data transformation complete
[ 2026-05-27 22:13:11,590] 49 root - INFO - Started Regular Expression mapping
[ 2026-05-27 22:13:11,591] 174 root - INFO - Data transformation complete
[ 2026-05-27 22:13:11,591] 49 root - INFO - Started Regular Expression mapping
[ 2026-05-27 22:13:11,591] 174 root - INFO - Data transformation complete
[ 2026-05-27 22:13:11,591] 49 root - INFO - Started Regular Expression mapping
[ 2026-05-27 22:13:11,591] 174 root - INFO - Data transformation complete
[ 2026-05-27 22:13:11,591] 49 root - INFO - Started Regular Expression mapping
[ 2026-05-27 22:13:11,592] 174 root - INFO - Data transformation complete
[ 2026-05-27 22:13:11,592] 49 root - INFO - Started Regular Expression mapping
[ 2026-05-27 22:13:11,592] 174 root - INFO - Data transformation complete
[ 2026-05-27 22:13:11,592] 49 root - INFO - Started Regular Expression mapping
[ 2026-05-27 22:13:11,592] 174 root - INFO - Data transformation complete
[ 2026-05-27 22:13:11,592] 49 root - INFO - Started Regular Expression mapping
[ 2026-05-27 22:13:11,592] 174 root - INFO - Data transformation complete
[ 2026-05-27 22:13:11,593] 49 root - INFO - Started Regular Expression mapping
[ 2026-05-27 22:13:11,593] 174 root - INFO - Data transformation complete
[ 2026-05-27 22:13:11,593] 49 root - INFO - Started Regular Expression mapping
[ 2026-05-27 22:13:11,593] 25 root - INFO - Match heuristic business names to paybill payments
[ 2026-05-27 22:13:11,593] 174 root - INFO - Data transformation complete
[ 2026-05-27 22:13:11,593] 49 root - INFO - Started Regular Expression mapping
[ 2026-05-27 22:13:11,593] 25 root - INFO - Match heuristic business names to paybill payments
[ 2026-05-27 22:13:11,594] 174 root - INFO - Data transformation complete
[ 2026-05-27 22:13:11,594] 49 root - INFO - Started Regular Expression mapping
[ 2026-05-27 22:13:11,594] 174 root - INFO - Data transformation complete
[ 2026-05-27 22:13:11,594] 49 root - INFO - Started Regular Expression mapping
[ 2026-05-27 22:13:11,594] 25 root - INFO - Match heuristic business names to paybill payments
[ 2026-05-27 22:13:11,594] 174 root - INFO - Data transformation complete
[ 2026-05-27 22:13:11,594] 49 root - INFO - Started Regular Expression mapping
[ 2026-05-27 22:13:11,595] 174 root - INFO - Data transformation complete
[ 2026-05-27 22:13:11,595] 49 root - INFO - Started Regular Expression mapping
[ 2026-05-27 22:13:11,595] 174 root - INFO - Data transformation complete
[ 2026-05-27 22:13:11,595] 49 root - INFO - Started Regular Expression mapping
[ 2026-05-27 22:13:11,595] 174 root - INFO - Data transformation complete
[ 2026-05-27 22:13:11,595] 49 root - INFO - Started Regular Expression mapping
[ 2026-05-27 22:13:11,596] 174 root - INFO - Data transformation complete
[ 2026-05-27 22:13:11,596] 49 root - INFO - Started Regular Expression mapping
[ 2026-05-27 22:13:11,596] 25 root - INFO - Match heuristic business names to paybill payments
[ 2026-05-27 22:13:11,596] 174 root - INFO - Data transformation complete
[ 2026-05-27 22:13:11,596] 49 root - INFO - Started Regular Expression mapping
[ 2026-05-27 22:13:11,596] 174 root - INFO - Data transformation complete
[ 2026-05-27 22:13:11,596] 49 root - INFO - Started Regular Expression mapping
[ 2026-05-27 22:13:11,597] 174 root - INFO - Data transformation complete
[ 2026-05-27 22:13:11,597] 49 root - INFO - Started Regular Expression mapping
[ 2026-05-27 22:13:11,597] 174 root - INFO - Data transformation complete
[ 2026-05-27 22:13:11,597] 49 root - INFO - Started Regular Expression mapping
[ 2026-05-27 22:13:11,597] 174 root - INFO - Data transformation complete
[ 2026-05-27 22:13:11,597] 49 root - INFO - Started Regular Expression mapping
[ 2026-05-27 22:13:11,598] 25 root - INFO - Match heuristic business names to paybill payments
[ 2026-05-27 22:13:11,598] 174 root - INFO - Data transformation complete
[ 2026-05-27 22:13:11,598] 49 root - INFO - Started Regular Expression mapping
[ 2026-05-27 22:13:11,598] 174 root - INFO - Data transformation complete
[ 2026-05-27 22:13:11,598] 49 root - INFO - Started Regular Expression mapping
[ 2026-05-27 22:13:11,598] 25 root - INFO - Match heuristic business names to paybill payments
[ 2026-05-27 22:13:11,598] 174 root - INFO - Data transformation complete
[ 2026-05-27 22:13:11,599] 49 root - INFO - Started Regular Expression mapping
[ 2026-05-27 22:13:11,599] 174 root - INFO - Data transformation complete
[ 2026-05-27 22:13:11,599] 49 root - INFO - Started Regular Expression mapping
[ 2026-05-27 22:13:11,599] 25 root - INFO - Match heuristic business names to paybill payments
[ 2026-05-27 22:13:11,599] 174 root - INFO - Data transformation complete
[ 2026-05-27 22:13:11,599] 49 root - INFO - Started Regular Expression mapping
[ 2026-05-27 22:13:11,600] 25 root - INFO - Match heuristic business names to paybill payments
[ 2026-05-27 22:13:11,600] 174 root - INFO - Data transformation complete
[ 2026-05-27 22:13:11,600] 49 root - INFO - Started Regular Expression mapping
[ 2026-05-27 22:13:11,600] 174 root - INFO - Data transformation complete
[ 2026-05-27 22:13:11,600] 49 root - INFO - Started Regular Expression mapping
[ 2026-05-27 22:13:11,600] 25 root - INFO - Match heuristic business names to paybill payments
[ 2026-05-27 22:13:11,600] 174 root - INFO - Data transformation complete
[ 2026-05-27 22:13:11,601] 49 root - INFO - Started Regular Expression mapping
[ 2026-05-27 22:13:11,601] 174 root - INFO - Data transformation complete
[ 2026-05-27 22:13:11,601] 49 root - INFO - Started Regular Expression mapping
[ 2026-05-27 22:13:11,601] 174 root - INFO - Data transformation complete
[ 2026-05-27 22:13:11,601] 49 root - INFO - Started Regular Expression mapping
[ 2026-05-27 22:13:11,601] 174 root - INFO - Data transformation complete
[ 2026-05-27 22:13:11,601] 49 root - INFO - Started Regular Expression mapping
[ 2026-05-27 22:13:11,602] 25 root - INFO - Match heuristic business names to paybill payments
[ 2026-05-27 22:13:11,602] 174 root - INFO - Data transformation complete
[ 2026-05-27 22:13:11,602] 49 root - INFO - Started Regular Expression mapping
[ 2026-05-27 22:13:11,602] 174 root - INFO - Data transformation complete
[ 2026-05-27 22:13:11,602] 49 root - INFO - Started Regular Expression mapping
[ 2026-05-27 22:13:11,602] 174 root - INFO - Data transformation complete
[ 2026-05-27 22:13:11,603] 49 root - INFO - Started Regular Expression mapping
[ 2026-05-27 22:13:11,603] 25 root - INFO - Match heuristic business names to paybill payments
[ 2026-05-27 22:13:11,603] 174 root - INFO - Data transformation complete
[ 2026-05-27 22:13:11,603] 49 root - INFO - Started Regular Expression mapping
[ 2026-05-27 22:13:11,603] 25 root - INFO - Match heuristic business names to paybill payments
[ 2026-05-27 22:13:11,604] 174 root - INFO - Data transformation complete
[ 2026-05-27 22:13:11,604] 49 root - INFO - Started Regular Expression mapping
[ 2026-05-27 22:13:11,604] 25 root - INFO - Match heuristic business names to paybill payments
[ 2026-05-27 22:13:11,604] 174 root - INFO - Data transformation complete
[ 2026-05-27 22:13:11,604] 49 root - INFO - Started Regular Expression mapping
[ 2026-05-27 22:13:11,604] 25 root - INFO - Match heuristic business names to paybill payments
[ 2026-05-27 22:13:11,604] 174 root - INFO - Data transformation complete
[ 2026-05-27 22:13:11,604] 49 root - INFO - Started Regular Expression mapping
[ 2026-05-27 22:13:11,605] 174 root - INFO - Data transformation complete
[ 2026-05-27 22:13:11,605] 49 root - INFO - Started Regular Expression mapping
[ 2026-05-27 22:13:11,605] 174 root - INFO - Data transformation complete
[ 2026-05-27 22:13:11,605] 49 root - INFO - Started Regular Expression mapping
[ 2026-05-27 22:13:11,605] 174 root - INFO - Data transformation complete
[ 2026-05-27 22:13:11,605] 49 root - INFO - Started Regular Expression mapping
[ 2026-05-27 22:13:11,606] 25 root - INFO - Match heuristic business names to paybill payments
[ 2026-05-27 22:13:11,606] 174 root - INFO - Data transformation complete
[ 2026-05-27 22:13:11,606] 49 root - INFO - Started Regular Expression mapping
[ 2026-05-27 22:13:11,606] 174 root - INFO - Data transformation complete
[ 2026-05-27 22:13:11,606] 49 root - INFO - Started Regular Expression mapping
[ 2026-05-27 22:13:11,606] 174 root - INFO - Data transformation complete
[ 2026-05-27 22:13:11,606] 49 root - INFO - Started Regular Expression mapping
[ 2026-05-27 22:13:11,607] 174 root - INFO - Data transformation complete
[ 2026-05-27 22:13:11,607] 49 root - INFO - Started Regular Expression mapping
[ 2026-05-27 22:13:11,607] 174 root - INFO - Data transformation complete
[ 2026-05-27 22:13:11,607] 49 root - INFO - Started Regular Expression mapping
[ 2026-05-27 22:13:11,607] 174 root - INFO - Data transformation complete
[ 2026-05-27 22:13:11,607] 49 root - INFO - Started Regular Expression mapping
[ 2026-05-27 22:13:11,608] 174 root - INFO - Data transformation complete
[ 2026-05-27 22:13:11,608] 49 root - INFO - Started Regular Expression mapping
[ 2026-05-27 22:13:11,608] 174 root - INFO - Data transformation complete
[ 2026-05-27 22:13:11,608] 49 root - INFO - Started Regular Expression mapping
[ 2026-05-27 22:13:11,608] 174 root - INFO - Data transformation complete
[ 2026-05-27 22:13:11,608] 49 root - INFO - Started Regular Expression mapping
[ 2026-05-27 22:13:11,609] 174 root - INFO - Data transformation complete
[ 2026-05-27 22:13:11,609] 49 root - INFO - Started Regular Expression mapping
[ 2026-05-27 22:13:11,609] 174 root - INFO - Data transformation complete
[ 2026-05-27 22:13:11,609] 49 root - INFO - Started Regular Expression mapping
[ 2026-05-27 22:13:11,609] 174 root - INFO - Data transformation complete
[ 2026-05-27 22:13:11,609] 49 root - INFO - Started Regular Expression mapping
[ 2026-05-27 22:13:11,609] 174 root - INFO - Data transformation complete
[ 2026-05-27 22:13:11,610] 49 root - INFO - Started Regular Expression mapping
[ 2026-05-27 22:13:11,610] 25 root - INFO - Match heuristic business names to paybill payments
[ 2026-05-27 22:13:11,610] 174 root - INFO - Data transformation complete
[ 2026-05-27 22:13:11,610] 49 root - INFO - Started Regular Expression mapping
[ 2026-05-27 22:13:11,610] 25 root - INFO - Match heuristic business names to paybill payments
[ 2026-05-27 22:13:11,610] 174 root - INFO - Data transformation complete
[ 2026-05-27 22:13:11,610] 49 root - INFO - Started Regular Expression mapping
[ 2026-05-27 22:13:11,611] 25 root - INFO - Match heuristic business names to paybill payments
[ 2026-05-27 22:13:11,611] 174 root - INFO - Data transformation complete
[ 2026-05-27 22:13:11,611] 49 root - INFO - Started Regular Expression mapping
[ 2026-05-27 22:13:11,611] 25 root - INFO - Match heuristic business names to paybill payments
[ 2026-05-27 22:13:11,611] 174 root - INFO - Data transformation complete
[ 2026-05-27 22:13:11,611] 49 root - INFO - Started Regular Expression mapping
[ 2026-05-27 22:13:11,612] 25 root - INFO - Match heuristic business names to paybill payments
[ 2026-05-27 22:13:11,612] 174 root - INFO - Data transformation complete
[ 2026-05-27 22:13:11,612] 49 root - INFO - Started Regular Expression mapping
[ 2026-05-27 22:13:11,612] 25 root - INFO - Match heuristic business names to paybill payments
[ 2026-05-27 22:13:11,612] 174 root - INFO - Data transformation complete
[ 2026-05-27 22:13:11,612] 49 root - INFO - Started Regular Expression mapping
[ 2026-05-27 22:13:11,612] 174 root - INFO - Data transformation complete
[ 2026-05-27 22:13:11,613] 49 root - INFO - Started Regular Expression mapping
[ 2026-05-27 22:13:11,613] 174 root - INFO - Data transformation complete
[ 2026-05-27 22:13:11,613] 49 root - INFO - Started Regular Expression mapping
[ 2026-05-27 22:13:11,613] 25 root - INFO - Match heuristic business names to paybill payments
[ 2026-05-27 22:13:11,613] 174 root - INFO - Data transformation complete
[ 2026-05-27 22:13:11,613] 49 root - INFO - Started Regular Expression mapping
[ 2026-05-27 22:13:11,613] 174 root - INFO - Data transformation complete
[ 2026-05-27 22:13:11,614] 49 root - INFO - Started Regular Expression mapping
[ 2026-05-27 22:13:11,614] 25 root - INFO - Match heuristic business names to paybill payments
[ 2026-05-27 22:13:11,614] 174 root - INFO - Data transformation complete
[ 2026-05-27 22:13:11,614] 49 root - INFO - Started Regular Expression mapping
[ 2026-05-27 22:13:11,614] 174 root - INFO - Data transformation complete
[ 2026-05-27 22:13:11,614] 49 root - INFO - Started Regular Expression mapping
[ 2026-05-27 22:13:11,614] 25 root - INFO - Match heuristic business names to paybill payments
[ 2026-05-27 22:13:11,615] 174 root - INFO - Data transformation complete
[ 2026-05-27 22:13:11,615] 49 root - INFO - Started Regular Expression mapping
[ 2026-05-27 22:13:11,615] 174 root - INFO - Data transformation complete
[ 2026-05-27 22:13:11,615] 49 root - INFO - Started Regular Expression mapping
[ 2026-05-27 22:13:11,615] 174 root - INFO - Data transformation complete
[ 2026-05-27 22:13:11,615] 49 root - INFO - Started Regular Expression mapping
[ 2026-05-27 22:13:11,616] 174 root - INFO - Data transformation complete
[ 2026-05-27 22:13:11,616] 49 root - INFO - Started Regular Expression mapping
[ 2026-05-27 22:13:11,616] 174 root - INFO - Data transformation complete
[ 2026-05-27 22:13:11,616] 49 root - INFO - Started Regular Expression mapping
[ 2026-05-27 22:13:11,616] 25 root - INFO - Match heuristic business names to paybill payments
[ 2026-05-27 22:13:11,616] 174 root - INFO - Data transformation complete
[ 2026-05-27 22:13:11,616] 49 root - INFO - Started Regular Expression mapping
[ 2026-05-27 22:13:11,617] 25 root - INFO - Match heuristic business names to paybill payments
[ 2026-05-27 22:13:11,617] 174 root - INFO - Data transformation complete
[ 2026-05-27 22:13:11,617] 49 root - INFO - Started Regular Expression mapping
[ 2026-05-27 22:13:11,617] 174 root - INFO - Data transformation complete
[ 2026-05-27 22:13:11,617] 49 root - INFO - Started Regular Expression mapping
[ 2026-05-27 22:13:11,617] 25 root - INFO - Match heuristic business names to paybill payments
[ 2026-05-27 22:13:11,617] 174 root - INFO - Data transformation complete
[ 2026-05-27 22:13:11,618] 49 root - INFO - Started Regular Expression mapping
[ 2026-05-27 22:13:11,618] 174 root - INFO - Data transformation complete
[ 2026-05-27 22:13:11,618] 49 root - INFO - Started Regular Expression mapping
[ 2026-05-27 22:13:11,618] 174 root - INFO - Data transformation complete
[ 2026-05-27 22:13:11,618] 49 root - INFO - Started Regular Expression mapping
[ 2026-05-27 22:13:11,618] 174 root - INFO - Data transformation complete
[ 2026-05-27 22:13:11,619] 49 root - INFO - Started Regular Expression mapping
[ 2026-05-27 22:13:11,619] 174 root - INFO - Data transformation complete
[ 2026-05-27 22:13:11,619] 49 root - INFO - Started Regular Expression mapping
[ 2026-05-27 22:13:11,619] 174 root - INFO - Data transformation complete
[ 2026-05-27 22:13:11,619] 49 root - INFO - Started Regular Expression mapping
[ 2026-05-27 22:13:11,619] 174 root - INFO - Data transformation complete
[ 2026-05-27 22:13:11,619] 49 root - INFO - Started Regular Expression mapping
[ 2026-05-27 22:13:11,620] 174 root - INFO - Data transformation complete
[ 2026-05-27 22:13:11,620] 49 root - INFO - Started Regular Expression mapping
[ 2026-05-27 22:13:11,620] 25 root - INFO - Match heuristic business names to paybill payments
[ 2026-05-27 22:13:11,621] 174 root - INFO - Data transformation complete
[ 2026-05-27 22:13:11,621] 49 root - INFO - Started Regular Expression mapping
[ 2026-05-27 22:13:11,621] 25 root - INFO - Match heuristic business names to paybill payments
[ 2026-05-27 22:13:11,621] 174 root - INFO - Data transformation complete
[ 2026-05-27 22:13:11,621] 49 root - INFO - Started Regular Expression mapping
[ 2026-05-27 22:13:11,621] 174 root - INFO - Data transformation complete
[ 2026-05-27 22:13:11,621] 49 root - INFO - Started Regular Expression mapping
[ 2026-05-27 22:13:11,622] 174 root - INFO - Data transformation complete
[ 2026-05-27 22:13:11,622] 49 root - INFO - Started Regular Expression mapping
[ 2026-05-27 22:13:11,622] 25 root - INFO - Match heuristic business names to paybill payments
[ 2026-05-27 22:13:11,622] 174 root - INFO - Data transformation complete
[ 2026-05-27 22:13:11,622] 49 root - INFO - Started Regular Expression mapping
[ 2026-05-27 22:13:11,622] 174 root - INFO - Data transformation complete
[ 2026-05-27 22:13:11,623] 49 root - INFO - Started Regular Expression mapping
[ 2026-05-27 22:13:11,623] 174 root - INFO - Data transformation complete
[ 2026-05-27 22:13:11,623] 49 root - INFO - Started Regular Expression mapping
[ 2026-05-27 22:13:11,623] 174 root - INFO - Data transformation complete
[ 2026-05-27 22:13:11,623] 49 root - INFO - Started Regular Expression mapping
[ 2026-05-27 22:13:11,623] 174 root - INFO - Data transformation complete
[ 2026-05-27 22:13:11,624] 49 root - INFO - Started Regular Expression mapping
[ 2026-05-27 22:13:11,624] 25 root - INFO - Match heuristic business names to paybill payments
[ 2026-05-27 22:13:11,624] 174 root - INFO - Data transformation complete
[ 2026-05-27 22:13:11,624] 49 root - INFO - Started Regular Expression mapping
[ 2026-05-27 22:13:11,624] 25 root - INFO - Match heuristic business names to paybill payments
[ 2026-05-27 22:13:11,624] 174 root - INFO - Data transformation complete
[ 2026-05-27 22:13:11,624] 49 root - INFO - Started Regular Expression mapping
[ 2026-05-27 22:13:11,625] 174 root - INFO - Data transformation complete
[ 2026-05-27 22:13:11,625] 49 root - INFO - Started Regular Expression mapping
[ 2026-05-27 22:13:11,625] 174 root - INFO - Data transformation complete
[ 2026-05-27 22:13:11,625] 49 root - INFO - Started Regular Expression mapping
[ 2026-05-27 22:13:11,625] 25 root - INFO - Match heuristic business names to paybill payments
[ 2026-05-27 22:13:11,625] 174 root - INFO - Data transformation complete
[ 2026-05-27 22:13:11,625] 49 root - INFO - Started Regular Expression mapping
[ 2026-05-27 22:13:11,626] 25 root - INFO - Match heuristic business names to paybill payments
[ 2026-05-27 22:13:11,626] 174 root - INFO - Data transformation complete
[ 2026-05-27 22:13:11,626] 49 root - INFO - Started Regular Expression mapping
[ 2026-05-27 22:13:11,626] 174 root - INFO - Data transformation complete
[ 2026-05-27 22:13:11,627] 49 root - INFO - Started Regular Expression mapping
[ 2026-05-27 22:13:11,627] 174 root - INFO - Data transformation complete
[ 2026-05-27 22:13:11,627] 49 root - INFO - Started Regular Expression mapping
[ 2026-05-27 22:13:11,627] 174 root - INFO - Data transformation complete
[ 2026-05-27 22:13:11,628] 49 root - INFO - Started Regular Expression mapping
[ 2026-05-27 22:13:11,628] 174 root - INFO - Data transformation complete
[ 2026-05-27 22:13:11,628] 49 root - INFO - Started Regular Expression mapping
[ 2026-05-27 22:13:11,628] 174 root - INFO - Data transformation complete
[ 2026-05-27 22:13:11,628] 49 root - INFO - Started Regular Expression mapping
[ 2026-05-27 22:13:11,628] 174 root - INFO - Data transformation complete
[ 2026-05-27 22:13:11,629] 49 root - INFO - Started Regular Expression mapping
[ 2026-05-27 22:13:11,629] 174 root - INFO - Data transformation complete
[ 2026-05-27 22:13:11,629] 49 root - INFO - Started Regular Expression mapping
[ 2026-05-27 22:13:11,629] 25 root - INFO - Match heuristic business names to paybill payments
[ 2026-05-27 22:13:11,629] 174 root - INFO - Data transformation complete
[ 2026-05-27 22:13:11,629] 49 root - INFO - Started Regular Expression mapping
[ 2026-05-27 22:13:11,630] 174 root - INFO - Data transformation complete
[ 2026-05-27 22:13:11,630] 49 root - INFO - Started Regular Expression mapping
[ 2026-05-27 22:13:11,630] 174 root - INFO - Data transformation complete
[ 2026-05-27 22:13:11,630] 49 root - INFO - Started Regular Expression mapping
[ 2026-05-27 22:13:11,630] 25 root - INFO - Match heuristic business names to paybill payments
[ 2026-05-27 22:13:11,630] 174 root - INFO - Data transformation complete
[ 2026-05-27 22:13:11,630] 49 root - INFO - Started Regular Expression mapping
[ 2026-05-27 22:13:11,631] 174 root - INFO - Data transformation complete
[ 2026-05-27 22:13:11,631] 49 root - INFO - Started Regular Expression mapping
[ 2026-05-27 22:13:11,631] 25 root - INFO - Match heuristic business names to paybill payments
[ 2026-05-27 22:13:11,631] 174 root - INFO - Data transformation complete
[ 2026-05-27 22:13:11,631] 49 root - INFO - Started Regular Expression mapping
[ 2026-05-27 22:13:11,631] 25 root - INFO - Match heuristic business names to paybill payments
[ 2026-05-27 22:13:11,631] 174 root - INFO - Data transformation complete
[ 2026-05-27 22:13:11,632] 49 root - INFO - Started Regular Expression mapping
[ 2026-05-27 22:13:11,632] 174 root - INFO - Data transformation complete
[ 2026-05-27 22:13:11,632] 49 root - INFO - Started Regular Expression mapping
[ 2026-05-27 22:13:11,632] 174 root - INFO - Data transformation complete
[ 2026-05-27 22:13:11,632] 49 root - INFO - Started Regular Expression mapping
[ 2026-05-27 22:13:11,632] 174 root - INFO - Data transformation complete
[ 2026-05-27 22:13:11,633] 49 root - INFO - Started Regular Expression mapping
[ 2026-05-27 22:13:11,633] 25 root - INFO - Match heuristic business names to paybill payments
[ 2026-05-27 22:13:11,633] 174 root - INFO - Data transformation complete
[ 2026-05-27 22:13:11,633] 49 root - INFO - Started Regular Expression mapping
[ 2026-05-27 22:13:11,633] 174 root - INFO - Data transformation complete
[ 2026-05-27 22:13:11,633] 49 root - INFO - Started Regular Expression mapping
[ 2026-05-27 22:13:11,633] 174 root - INFO - Data transformation complete
[ 2026-05-27 22:13:11,634] 49 root - INFO - Started Regular Expression mapping
[ 2026-05-27 22:13:11,634] 174 root - INFO - Data transformation complete
[ 2026-05-27 22:13:11,634] 49 root - INFO - Started Regular Expression mapping
[ 2026-05-27 22:13:11,634] 174 root - INFO - Data transformation complete
[ 2026-05-27 22:13:11,634] 49 root - INFO - Started Regular Expression mapping
[ 2026-05-27 22:13:11,634] 174 root - INFO - Data transformation complete
[ 2026-05-27 22:13:11,635] 49 root - INFO - Started Regular Expression mapping
[ 2026-05-27 22:13:11,635] 174 root - INFO - Data transformation complete
[ 2026-05-27 22:13:11,635] 49 root - INFO - Started Regular Expression mapping
[ 2026-05-27 22:13:11,635] 174 root - INFO - Data transformation complete
[ 2026-05-27 22:13:11,635] 49 root - INFO - Started Regular Expression mapping
[ 2026-05-27 22:13:11,635] 174 root - INFO - Data transformation complete
[ 2026-05-27 22:13:11,635] 49 root - INFO - Started Regular Expression mapping
[ 2026-05-27 22:13:11,636] 174 root - INFO - Data transformation complete
[ 2026-05-27 22:13:11,636] 49 root - INFO - Started Regular Expression mapping
[ 2026-05-27 22:13:11,636] 174 root - INFO - Data transformation complete
[ 2026-05-27 22:13:11,636] 49 root - INFO - Started Regular Expression mapping
[ 2026-05-27 22:13:11,636] 174 root - INFO - Data transformation complete
[ 2026-05-27 22:13:11,636] 49 root - INFO - Started Regular Expression mapping
[ 2026-05-27 22:13:11,637] 25 root - INFO - Match heuristic business names to paybill payments
[ 2026-05-27 22:13:11,637] 174 root - INFO - Data transformation complete
[ 2026-05-27 22:13:11,637] 49 root - INFO - Started Regular Expression mapping
[ 2026-05-27 22:13:11,637] 25 root - INFO - Match heuristic business names to paybill payments
[ 2026-05-27 22:13:11,637] 174 root - INFO - Data transformation complete
[ 2026-05-27 22:13:11,637] 49 root - INFO - Started Regular Expression mapping
[ 2026-05-27 22:13:11,637] 174 root - INFO - Data transformation complete
[ 2026-05-27 22:13:11,638] 49 root - INFO - Started Regular Expression mapping
[ 2026-05-27 22:13:11,638] 174 root - INFO - Data transformation complete
[ 2026-05-27 22:13:11,638] 49 root - INFO - Started Regular Expression mapping
[ 2026-05-27 22:13:11,638] 25 root - INFO - Match heuristic business names to paybill payments
[ 2026-05-27 22:13:11,638] 174 root - INFO - Data transformation complete
[ 2026-05-27 22:13:11,638] 49 root - INFO - Started Regular Expression mapping
[ 2026-05-27 22:13:11,638] 25 root - INFO - Match heuristic business names to paybill payments
[ 2026-05-27 22:13:11,639] 174 root - INFO - Data transformation complete
[ 2026-05-27 22:13:11,639] 49 root - INFO - Started Regular Expression mapping
[ 2026-05-27 22:13:11,639] 174 root - INFO - Data transformation complete
[ 2026-05-27 22:13:11,639] 49 root - INFO - Started Regular Expression mapping
[ 2026-05-27 22:13:11,639] 174 root - INFO - Data transformation complete
[ 2026-05-27 22:13:11,639] 49 root - INFO - Started Regular Expression mapping
[ 2026-05-27 22:13:11,640] 174 root - INFO - Data transformation complete
[ 2026-05-27 22:13:11,640] 49 root - INFO - Started Regular Expression mapping
[ 2026-05-27 22:13:11,640] 25 root - INFO - Match heuristic business names to paybill payments
[ 2026-05-27 22:13:11,640] 174 root - INFO - Data transformation complete
[ 2026-05-27 22:13:11,640] 49 root - INFO - Started Regular Expression mapping
[ 2026-05-27 22:13:11,640] 174 root - INFO - Data transformation complete
[ 2026-05-27 22:13:11,640] 49 root - INFO - Started Regular Expression mapping
[ 2026-05-27 22:13:11,641] 174 root - INFO - Data transformation complete
[ 2026-05-27 22:13:11,641] 49 root - INFO - Started Regular Expression mapping
[ 2026-05-27 22:13:11,641] 174 root - INFO - Data transformation complete
[ 2026-05-27 22:13:11,641] 49 root - INFO - Started Regular Expression mapping
[ 2026-05-27 22:13:11,641] 25 root - INFO - Match heuristic business names to paybill payments
[ 2026-05-27 22:13:11,641] 174 root - INFO - Data transformation complete
[ 2026-05-27 22:13:11,641] 49 root - INFO - Started Regular Expression mapping
[ 2026-05-27 22:13:11,642] 174 root - INFO - Data transformation complete
[ 2026-05-27 22:13:11,642] 49 root - INFO - Started Regular Expression mapping
[ 2026-05-27 22:13:11,642] 174 root - INFO - Data transformation complete
[ 2026-05-27 22:13:11,642] 49 root - INFO - Started Regular Expression mapping
[ 2026-05-27 22:13:11,642] 174 root - INFO - Data transformation complete
[ 2026-05-27 22:13:11,642] 49 root - INFO - Started Regular Expression mapping
[ 2026-05-27 22:13:11,643] 174 root - INFO - Data transformation complete
[ 2026-05-27 22:13:11,643] 49 root - INFO - Started Regular Expression mapping
[ 2026-05-27 22:13:11,643] 174 root - INFO - Data transformation complete
[ 2026-05-27 22:13:11,643] 49 root - INFO - Started Regular Expression mapping
[ 2026-05-27 22:13:11,643] 174 root - INFO - Data transformation complete
[ 2026-05-27 22:13:11,643] 49 root - INFO - Started Regular Expression mapping
[ 2026-05-27 22:13:11,644] 174 root - INFO - Data transformation complete
[ 2026-05-27 22:13:11,644] 49 root - INFO - Started Regular Expression mapping
[ 2026-05-27 22:13:11,644] 25 root - INFO - Match heuristic business names to paybill payments
[ 2026-05-27 22:13:11,644] 174 root - INFO - Data transformation complete
[ 2026-05-27 22:13:11,644] 49 root - INFO - Started Regular Expression mapping
[ 2026-05-27 22:13:11,644] 174 root - INFO - Data transformation complete
[ 2026-05-27 22:13:11,644] 49 root - INFO - Started Regular Expression mapping
[ 2026-05-27 22:13:11,645] 174 root - INFO - Data transformation complete
[ 2026-05-27 22:13:11,645] 49 root - INFO - Started Regular Expression mapping
[ 2026-05-27 22:13:11,645] 174 root - INFO - Data transformation complete
[ 2026-05-27 22:13:11,645] 49 root - INFO - Started Regular Expression mapping
[ 2026-05-27 22:13:11,645] 174 root - INFO - Data transformation complete
[ 2026-05-27 22:13:11,645] 49 root - INFO - Started Regular Expression mapping
[ 2026-05-27 22:13:11,645] 25 root - INFO - Match heuristic business names to paybill payments
[ 2026-05-27 22:13:11,646] 174 root - INFO - Data transformation complete
[ 2026-05-27 22:13:11,646] 49 root - INFO - Started Regular Expression mapping
[ 2026-05-27 22:13:11,646] 174 root - INFO - Data transformation complete
[ 2026-05-27 22:13:11,646] 49 root - INFO - Started Regular Expression mapping
[ 2026-05-27 22:13:11,646] 174 root - INFO - Data transformation complete
[ 2026-05-27 22:13:11,646] 49 root - INFO - Started Regular Expression mapping
[ 2026-05-27 22:13:11,647] 174 root - INFO - Data transformation complete
[ 2026-05-27 22:13:11,647] 49 root - INFO - Started Regular Expression mapping
[ 2026-05-27 22:13:11,647] 174 root - INFO - Data transformation complete
[ 2026-05-27 22:13:11,647] 49 root - INFO - Started Regular Expression mapping
[ 2026-05-27 22:13:11,647] 174 root - INFO - Data transformation complete
[ 2026-05-27 22:13:11,647] 49 root - INFO - Started Regular Expression mapping
[ 2026-05-27 22:13:11,647] 25 root - INFO - Match heuristic business names to paybill payments
[ 2026-05-27 22:13:11,648] 174 root - INFO - Data transformation complete
[ 2026-05-27 22:13:11,648] 49 root - INFO - Started Regular Expression mapping
[ 2026-05-27 22:13:11,648] 174 root - INFO - Data transformation complete
[ 2026-05-27 22:13:11,648] 49 root - INFO - Started Regular Expression mapping
[ 2026-05-27 22:13:11,648] 174 root - INFO - Data transformation complete
[ 2026-05-27 22:13:11,648] 49 root - INFO - Started Regular Expression mapping
[ 2026-05-27 22:13:11,649] 25 root - INFO - Match heuristic business names to paybill payments
[ 2026-05-27 22:13:11,649] 174 root - INFO - Data transformation complete
[ 2026-05-27 22:13:11,649] 49 root - INFO - Started Regular Expression mapping
[ 2026-05-27 22:13:11,649] 174 root - INFO - Data transformation complete
[ 2026-05-27 22:13:11,649] 49 root - INFO - Started Regular Expression mapping
[ 2026-05-27 22:13:11,649] 174 root - INFO - Data transformation complete
[ 2026-05-27 22:13:11,649] 49 root - INFO - Started Regular Expression mapping
[ 2026-05-27 22:13:11,650] 174 root - INFO - Data transformation complete
[ 2026-05-27 22:13:11,650] 49 root - INFO - Started Regular Expression mapping
[ 2026-05-27 22:13:11,650] 174 root - INFO - Data transformation complete
[ 2026-05-27 22:13:11,650] 49 root - INFO - Started Regular Expression mapping
[ 2026-05-27 22:13:11,650] 174 root - INFO - Data transformation complete
[ 2026-05-27 22:13:11,650] 49 root - INFO - Started Regular Expression mapping
[ 2026-05-27 22:13:11,651] 25 root - INFO - Match heuristic business names to paybill payments
[ 2026-05-27 22:13:11,651] 174 root - INFO - Data transformation complete
[ 2026-05-27 22:13:11,651] 49 root - INFO - Started Regular Expression mapping
[ 2026-05-27 22:13:11,651] 174 root - INFO - Data transformation complete
[ 2026-05-27 22:13:11,651] 49 root - INFO - Started Regular Expression mapping
[ 2026-05-27 22:13:11,651] 25 root - INFO - Match heuristic business names to paybill payments
[ 2026-05-27 22:13:11,651] 174 root - INFO - Data transformation complete
[ 2026-05-27 22:13:11,652] 49 root - INFO - Started Regular Expression mapping
[ 2026-05-27 22:13:11,652] 174 root - INFO - Data transformation complete
[ 2026-05-27 22:13:11,652] 49 root - INFO - Started Regular Expression mapping
[ 2026-05-27 22:13:11,652] 174 root - INFO - Data transformation complete
[ 2026-05-27 22:13:11,652] 49 root - INFO - Started Regular Expression mapping
[ 2026-05-27 22:13:11,652] 174 root - INFO - Data transformation complete
[ 2026-05-27 22:13:11,652] 49 root - INFO - Started Regular Expression mapping
[ 2026-05-27 22:13:11,653] 25 root - INFO - Match heuristic business names to paybill payments
[ 2026-05-27 22:13:11,653] 174 root - INFO - Data transformation complete
[ 2026-05-27 22:13:11,653] 49 root - INFO - Started Regular Expression mapping
[ 2026-05-27 22:13:11,653] 174 root - INFO - Data transformation complete
[ 2026-05-27 22:13:11,653] 49 root - INFO - Started Regular Expression mapping
[ 2026-05-27 22:13:11,653] 174 root - INFO - Data transformation complete
[ 2026-05-27 22:13:11,653] 49 root - INFO - Started Regular Expression mapping
[ 2026-05-27 22:13:11,654] 174 root - INFO - Data transformation complete
[ 2026-05-27 22:13:11,654] 49 root - INFO - Started Regular Expression mapping
[ 2026-05-27 22:13:11,654] 174 root - INFO - Data transformation complete
[ 2026-05-27 22:13:11,654] 49 root - INFO - Started Regular Expression mapping
[ 2026-05-27 22:13:11,654] 25 root - INFO - Match heuristic business names to paybill payments
[ 2026-05-27 22:13:11,654] 174 root - INFO - Data transformation complete
[ 2026-05-27 22:13:11,655] 49 root - INFO - Started Regular Expression mapping
[ 2026-05-27 22:13:11,655] 174 root - INFO - Data transformation complete
[ 2026-05-27 22:13:11,655] 49 root - INFO - Started Regular Expression mapping
[ 2026-05-27 22:13:11,655] 174 root - INFO - Data transformation complete
[ 2026-05-27 22:13:11,655] 49 root - INFO - Started Regular Expression mapping
[ 2026-05-27 22:13:11,655] 174 root - INFO - Data transformation complete
[ 2026-05-27 22:13:11,655] 49 root - INFO - Started Regular Expression mapping
[ 2026-05-27 22:13:11,656] 25 root - INFO - Match heuristic business names to paybill payments
[ 2026-05-27 22:13:11,656] 174 root - INFO - Data transformation complete
[ 2026-05-27 22:13:11,656] 49 root - INFO - Started Regular Expression mapping
[ 2026-05-27 22:13:11,656] 25 root - INFO - Match heuristic business names to paybill payments
[ 2026-05-27 22:13:11,656] 174 root - INFO - Data transformation complete
[ 2026-05-27 22:13:11,656] 49 root - INFO - Started Regular Expression mapping
[ 2026-05-27 22:13:11,657] 174 root - INFO - Data transformation complete
[ 2026-05-27 22:13:11,657] 49 root - INFO - Started Regular Expression mapping
[ 2026-05-27 22:13:11,657] 174 root - INFO - Data transformation complete
[ 2026-05-27 22:13:11,657] 49 root - INFO - Started Regular Expression mapping
[ 2026-05-27 22:13:11,657] 174 root - INFO - Data transformation complete
[ 2026-05-27 22:13:11,657] 49 root - INFO - Started Regular Expression mapping
[ 2026-05-27 22:13:11,657] 174 root - INFO - Data transformation complete
[ 2026-05-27 22:13:11,658] 49 root - INFO - Started Regular Expression mapping
[ 2026-05-27 22:13:11,658] 174 root - INFO - Data transformation complete
[ 2026-05-27 22:13:11,658] 49 root - INFO - Started Regular Expression mapping
[ 2026-05-27 22:13:11,658] 174 root - INFO - Data transformation complete
[ 2026-05-27 22:13:11,658] 49 root - INFO - Started Regular Expression mapping
[ 2026-05-27 22:13:11,658] 174 root - INFO - Data transformation complete
[ 2026-05-27 22:13:11,659] 49 root - INFO - Started Regular Expression mapping
[ 2026-05-27 22:13:11,659] 25 root - INFO - Match heuristic business names to paybill payments
[ 2026-05-27 22:13:11,659] 174 root - INFO - Data transformation complete
[ 2026-05-27 22:13:11,659] 49 root - INFO - Started Regular Expression mapping
[ 2026-05-27 22:13:11,659] 25 root - INFO - Match heuristic business names to paybill payments
[ 2026-05-27 22:13:11,659] 174 root - INFO - Data transformation complete
[ 2026-05-27 22:13:11,659] 49 root - INFO - Started Regular Expression mapping
[ 2026-05-27 22:13:11,660] 174 root - INFO - Data transformation complete
[ 2026-05-27 22:13:11,660] 49 root - INFO - Started Regular Expression mapping
[ 2026-05-27 22:13:11,660] 174 root - INFO - Data transformation complete
[ 2026-05-27 22:13:11,660] 49 root - INFO - Started Regular Expression mapping
[ 2026-05-27 22:13:11,660] 25 root - INFO - Match heuristic business names to paybill payments
[ 2026-05-27 22:13:11,660] 174 root - INFO - Data transformation complete
[ 2026-05-27 22:13:11,661] 49 root - INFO - Started Regular Expression mapping
[ 2026-05-27 22:13:11,661] 174 root - INFO - Data transformation complete
[ 2026-05-27 22:13:11,661] 49 root - INFO - Started Regular Expression mapping
[ 2026-05-27 22:13:11,661] 25 root - INFO - Match heuristic business names to paybill payments
[ 2026-05-27 22:13:11,661] 174 root - INFO - Data transformation complete
[ 2026-05-27 22:13:11,661] 49 root - INFO - Started Regular Expression mapping
[ 2026-05-27 22:13:11,661] 25 root - INFO - Match heuristic business names to paybill payments
[ 2026-05-27 22:13:11,662] 174 root - INFO - Data transformation complete
[ 2026-05-27 22:13:11,662] 49 root - INFO - Started Regular Expression mapping
[ 2026-05-27 22:13:11,662] 174 root - INFO - Data transformation complete
[ 2026-05-27 22:13:11,662] 49 root - INFO - Started Regular Expression mapping
[ 2026-05-27 22:13:11,662] 174 root - INFO - Data transformation complete
[ 2026-05-27 22:13:11,662] 49 root - INFO - Started Regular Expression mapping
[ 2026-05-27 22:13:11,663] 25 root - INFO - Match heuristic business names to paybill payments
[ 2026-05-27 22:13:11,663] 174 root - INFO - Data transformation complete
[ 2026-05-27 22:13:11,663] 49 root - INFO - Started Regular Expression mapping
[ 2026-05-27 22:13:11,663] 174 root - INFO - Data transformation complete
[ 2026-05-27 22:13:11,663] 49 root - INFO - Started Regular Expression mapping
[ 2026-05-27 22:13:11,663] 174 root - INFO - Data transformation complete
[ 2026-05-27 22:13:11,663] 49 root - INFO - Started Regular Expression mapping
[ 2026-05-27 22:13:11,664] 25 root - INFO - Match heuristic business names to paybill payments
[ 2026-05-27 22:13:11,664] 174 root - INFO - Data transformation complete
[ 2026-05-27 22:13:11,664] 49 root - INFO - Started Regular Expression mapping
[ 2026-05-27 22:13:11,664] 174 root - INFO - Data transformation complete
[ 2026-05-27 22:13:11,664] 49 root - INFO - Started Regular Expression mapping
[ 2026-05-27 22:13:11,664] 174 root - INFO - Data transformation complete
[ 2026-05-27 22:13:11,664] 49 root - INFO - Started Regular Expression mapping
[ 2026-05-27 22:13:11,665] 174 root - INFO - Data transformation complete
[ 2026-05-27 22:13:11,665] 49 root - INFO - Started Regular Expression mapping
[ 2026-05-27 22:13:11,665] 174 root - INFO - Data transformation complete
[ 2026-05-27 22:13:11,665] 49 root - INFO - Started Regular Expression mapping
[ 2026-05-27 22:13:11,665] 174 root - INFO - Data transformation complete
[ 2026-05-27 22:13:11,665] 49 root - INFO - Started Regular Expression mapping
[ 2026-05-27 22:13:11,666] 174 root - INFO - Data transformation complete
[ 2026-05-27 22:13:11,666] 49 root - INFO - Started Regular Expression mapping
[ 2026-05-27 22:13:11,666] 174 root - INFO - Data transformation complete
[ 2026-05-27 22:13:11,666] 49 root - INFO - Started Regular Expression mapping
[ 2026-05-27 22:13:11,666] 174 root - INFO - Data transformation complete
[ 2026-05-27 22:13:11,666] 49 root - INFO - Started Regular Expression mapping
[ 2026-05-27 22:13:11,666] 25 root - INFO - Match heuristic business names to paybill payments
[ 2026-05-27 22:13:11,667] 174 root - INFO - Data transformation complete
[ 2026-05-27 22:13:11,667] 49 root - INFO - Started Regular Expression mapping
[ 2026-05-27 22:13:11,667] 174 root - INFO - Data transformation complete
[ 2026-05-27 22:13:11,667] 49 root - INFO - Started Regular Expression mapping
[ 2026-05-27 22:13:11,667] 174 root - INFO - Data transformation complete
[ 2026-05-27 22:13:11,667] 49 root - INFO - Started Regular Expression mapping
[ 2026-05-27 22:13:11,668] 174 root - INFO - Data transformation complete
[ 2026-05-27 22:13:11,668] 49 root - INFO - Started Regular Expression mapping
[ 2026-05-27 22:13:11,668] 174 root - INFO - Data transformation complete
[ 2026-05-27 22:13:11,668] 49 root - INFO - Started Regular Expression mapping
[ 2026-05-27 22:13:11,668] 174 root - INFO - Data transformation complete
[ 2026-05-27 22:13:11,668] 49 root - INFO - Started Regular Expression mapping
[ 2026-05-27 22:13:11,669] 174 root - INFO - Data transformation complete
[ 2026-05-27 22:13:11,669] 49 root - INFO - Started Regular Expression mapping
[ 2026-05-27 22:13:11,669] 174 root - INFO - Data transformation complete
[ 2026-05-27 22:13:11,669] 49 root - INFO - Started Regular Expression mapping
[ 2026-05-27 22:13:11,669] 174 root - INFO - Data transformation complete
[ 2026-05-27 22:13:11,669] 49 root - INFO - Started Regular Expression mapping
[ 2026-05-27 22:13:11,669] 174 root - INFO - Data transformation complete
[ 2026-05-27 22:13:11,670] 49 root - INFO - Started Regular Expression mapping
[ 2026-05-27 22:13:11,670] 174 root - INFO - Data transformation complete
[ 2026-05-27 22:13:11,670] 49 root - INFO - Started Regular Expression mapping
[ 2026-05-27 22:13:11,670] 174 root - INFO - Data transformation complete
[ 2026-05-27 22:13:11,670] 49 root - INFO - Started Regular Expression mapping
[ 2026-05-27 22:13:11,670] 174 root - INFO - Data transformation complete
[ 2026-05-27 22:13:11,670] 49 root - INFO - Started Regular Expression mapping
[ 2026-05-27 22:13:11,671] 174 root - INFO - Data transformation complete
[ 2026-05-27 22:13:11,671] 49 root - INFO - Started Regular Expression mapping
[ 2026-05-27 22:13:11,671] 174 root - INFO - Data transformation complete
[ 2026-05-27 22:13:11,671] 49 root - INFO - Started Regular Expression mapping
[ 2026-05-27 22:13:11,671] 25 root - INFO - Match heuristic business names to paybill payments
[ 2026-05-27 22:13:11,671] 174 root - INFO - Data transformation complete
[ 2026-05-27 22:13:11,672] 49 root - INFO - Started Regular Expression mapping
[ 2026-05-27 22:13:11,672] 174 root - INFO - Data transformation complete
[ 2026-05-27 22:13:11,672] 49 root - INFO - Started Regular Expression mapping
[ 2026-05-27 22:13:11,672] 174 root - INFO - Data transformation complete
[ 2026-05-27 22:13:11,672] 49 root - INFO - Started Regular Expression mapping
[ 2026-05-27 22:13:11,672] 174 root - INFO - Data transformation complete
[ 2026-05-27 22:13:11,672] 49 root - INFO - Started Regular Expression mapping
[ 2026-05-27 22:13:11,673] 174 root - INFO - Data transformation complete
[ 2026-05-27 22:13:11,673] 49 root - INFO - Started Regular Expression mapping
[ 2026-05-27 22:13:11,673] 174 root - INFO - Data transformation complete
[ 2026-05-27 22:13:11,673] 49 root - INFO - Started Regular Expression mapping
[ 2026-05-27 22:13:11,673] 25 root - INFO - Match heuristic business names to paybill payments
[ 2026-05-27 22:13:11,673] 174 root - INFO - Data transformation complete
[ 2026-05-27 22:13:11,674] 49 root - INFO - Started Regular Expression mapping
[ 2026-05-27 22:13:11,674] 25 root - INFO - Match heuristic business names to paybill payments
[ 2026-05-27 22:13:11,674] 174 root - INFO - Data transformation complete
[ 2026-05-27 22:13:11,674] 49 root - INFO - Started Regular Expression mapping
[ 2026-05-27 22:13:11,674] 174 root - INFO - Data transformation complete
[ 2026-05-27 22:13:11,674] 49 root - INFO - Started Regular Expression mapping
[ 2026-05-27 22:13:11,674] 174 root - INFO - Data transformation complete
[ 2026-05-27 22:13:11,675] 49 root - INFO - Started Regular Expression mapping
[ 2026-05-27 22:13:11,675] 174 root - INFO - Data transformation complete
[ 2026-05-27 22:13:11,675] 49 root - INFO - Started Regular Expression mapping
[ 2026-05-27 22:13:11,675] 174 root - INFO - Data transformation complete
[ 2026-05-27 22:13:11,675] 49 root - INFO - Started Regular Expression mapping
[ 2026-05-27 22:13:11,675] 174 root - INFO - Data transformation complete
[ 2026-05-27 22:13:11,676] 49 root - INFO - Started Regular Expression mapping
[ 2026-05-27 22:13:11,676] 25 root - INFO - Match heuristic business names to paybill payments
[ 2026-05-27 22:13:11,676] 174 root - INFO - Data transformation complete
[ 2026-05-27 22:13:11,676] 49 root - INFO - Started Regular Expression mapping
[ 2026-05-27 22:13:11,676] 174 root - INFO - Data transformation complete
[ 2026-05-27 22:13:11,676] 49 root - INFO - Started Regular Expression mapping
[ 2026-05-27 22:13:11,676] 174 root - INFO - Data transformation complete
[ 2026-05-27 22:13:11,677] 49 root - INFO - Started Regular Expression mapping
[ 2026-05-27 22:13:11,677] 174 root - INFO - Data transformation complete
[ 2026-05-27 22:13:11,677] 49 root - INFO - Started Regular Expression mapping
[ 2026-05-27 22:13:11,677] 174 root - INFO - Data transformation complete
[ 2026-05-27 22:13:11,677] 49 root - INFO - Started Regular Expression mapping
[ 2026-05-27 22:13:11,677] 174 root - INFO - Data transformation complete
[ 2026-05-27 22:13:11,678] 49 root - INFO - Started Regular Expression mapping
[ 2026-05-27 22:13:11,678] 174 root - INFO - Data transformation complete
[ 2026-05-27 22:13:11,678] 49 root - INFO - Started Regular Expression mapping
[ 2026-05-27 22:13:11,678] 174 root - INFO - Data transformation complete
[ 2026-05-27 22:13:11,678] 49 root - INFO - Started Regular Expression mapping
[ 2026-05-27 22:13:11,678] 174 root - INFO - Data transformation complete
[ 2026-05-27 22:13:11,678] 49 root - INFO - Started Regular Expression mapping
[ 2026-05-27 22:13:11,679] 25 root - INFO - Match heuristic business names to paybill payments
[ 2026-05-27 22:13:11,679] 174 root - INFO - Data transformation complete
[ 2026-05-27 22:13:11,679] 49 root - INFO - Started Regular Expression mapping
[ 2026-05-27 22:13:11,679] 25 root - INFO - Match heuristic business names to paybill payments
[ 2026-05-27 22:13:11,679] 174 root - INFO - Data transformation complete
[ 2026-05-27 22:13:11,679] 49 root - INFO - Started Regular Expression mapping
[ 2026-05-27 22:13:11,680] 174 root - INFO - Data transformation complete
[ 2026-05-27 22:13:11,680] 49 root - INFO - Started Regular Expression mapping
[ 2026-05-27 22:13:11,680] 174 root - INFO - Data transformation complete
[ 2026-05-27 22:13:11,680] 49 root - INFO - Started Regular Expression mapping
[ 2026-05-27 22:13:11,680] 174 root - INFO - Data transformation complete
[ 2026-05-27 22:13:11,680] 49 root - INFO - Started Regular Expression mapping
[ 2026-05-27 22:13:11,680] 174 root - INFO - Data transformation complete
[ 2026-05-27 22:13:11,681] 49 root - INFO - Started Regular Expression mapping
[ 2026-05-27 22:13:11,681] 174 root - INFO - Data transformation complete
[ 2026-05-27 22:13:11,681] 49 root - INFO - Started Regular Expression mapping
[ 2026-05-27 22:13:11,681] 174 root - INFO - Data transformation complete
[ 2026-05-27 22:13:11,681] 49 root - INFO - Started Regular Expression mapping
[ 2026-05-27 22:13:11,681] 174 root - INFO - Data transformation complete
[ 2026-05-27 22:13:11,681] 49 root - INFO - Started Regular Expression mapping
[ 2026-05-27 22:13:11,682] 174 root - INFO - Data transformation complete
[ 2026-05-27 22:13:11,682] 49 root - INFO - Started Regular Expression mapping
[ 2026-05-27 22:13:11,682] 25 root - INFO - Match heuristic business names to paybill payments
[ 2026-05-27 22:13:11,682] 174 root - INFO - Data transformation complete
[ 2026-05-27 22:13:11,682] 49 root - INFO - Started Regular Expression mapping
[ 2026-05-27 22:13:11,682] 174 root - INFO - Data transformation complete
[ 2026-05-27 22:13:11,683] 49 root - INFO - Started Regular Expression mapping
[ 2026-05-27 22:13:11,683] 174 root - INFO - Data transformation complete
[ 2026-05-27 22:13:11,683] 49 root - INFO - Started Regular Expression mapping
[ 2026-05-27 22:13:11,683] 25 root - INFO - Match heuristic business names to paybill payments
[ 2026-05-27 22:13:11,684] 174 root - INFO - Data transformation complete
[ 2026-05-27 22:13:11,684] 49 root - INFO - Started Regular Expression mapping
[ 2026-05-27 22:13:11,684] 25 root - INFO - Match heuristic business names to paybill payments
[ 2026-05-27 22:13:11,684] 174 root - INFO - Data transformation complete
[ 2026-05-27 22:13:11,684] 49 root - INFO - Started Regular Expression mapping
[ 2026-05-27 22:13:11,685] 25 root - INFO - Match heuristic business names to paybill payments
[ 2026-05-27 22:13:11,685] 174 root - INFO - Data transformation complete
[ 2026-05-27 22:13:11,685] 49 root - INFO - Started Regular Expression mapping
[ 2026-05-27 22:13:11,685] 174 root - INFO - Data transformation complete
[ 2026-05-27 22:13:11,685] 49 root - INFO - Started Regular Expression mapping
[ 2026-05-27 22:13:11,686] 174 root - INFO - Data transformation complete
[ 2026-05-27 22:13:11,686] 49 root - INFO - Started Regular Expression mapping
[ 2026-05-27 22:13:11,686] 174 root - INFO - Data transformation complete
[ 2026-05-27 22:13:11,686] 49 root - INFO - Started Regular Expression mapping
[ 2026-05-27 22:13:11,686] 174 root - INFO - Data transformation complete
[ 2026-05-27 22:13:11,686] 49 root - INFO - Started Regular Expression mapping
[ 2026-05-27 22:13:11,687] 174 root - INFO - Data transformation complete
[ 2026-05-27 22:13:11,687] 49 root - INFO - Started Regular Expression mapping
[ 2026-05-27 22:13:11,687] 174 root - INFO - Data transformation complete
[ 2026-05-27 22:13:11,687] 49 root - INFO - Started Regular Expression mapping
[ 2026-05-27 22:13:11,687] 174 root - INFO - Data transformation complete
[ 2026-05-27 22:13:11,687] 49 root - INFO - Started Regular Expression mapping
[ 2026-05-27 22:13:11,688] 25 root - INFO - Match heuristic business names to paybill payments
[ 2026-05-27 22:13:11,688] 174 root - INFO - Data transformation complete
[ 2026-05-27 22:13:11,688] 49 root - INFO - Started Regular Expression mapping
[ 2026-05-27 22:13:11,688] 174 root - INFO - Data transformation complete
[ 2026-05-27 22:13:11,688] 49 root - INFO - Started Regular Expression mapping
[ 2026-05-27 22:13:11,688] 174 root - INFO - Data transformation complete
[ 2026-05-27 22:13:11,688] 49 root - INFO - Started Regular Expression mapping
[ 2026-05-27 22:13:11,689] 174 root - INFO - Data transformation complete
[ 2026-05-27 22:13:11,689] 49 root - INFO - Started Regular Expression mapping
[ 2026-05-27 22:13:11,689] 174 root - INFO - Data transformation complete
[ 2026-05-27 22:13:11,689] 49 root - INFO - Started Regular Expression mapping
[ 2026-05-27 22:13:11,689] 174 root - INFO - Data transformation complete
[ 2026-05-27 22:13:11,690] 49 root - INFO - Started Regular Expression mapping
[ 2026-05-27 22:13:11,690] 174 root - INFO - Data transformation complete
[ 2026-05-27 22:13:11,690] 49 root - INFO - Started Regular Expression mapping
[ 2026-05-27 22:13:11,690] 25 root - INFO - Match heuristic business names to paybill payments
[ 2026-05-27 22:13:11,690] 174 root - INFO - Data transformation complete
[ 2026-05-27 22:13:11,690] 49 root - INFO - Started Regular Expression mapping
[ 2026-05-27 22:13:11,690] 174 root - INFO - Data transformation complete
[ 2026-05-27 22:13:11,691] 49 root - INFO - Started Regular Expression mapping
[ 2026-05-27 22:13:11,691] 174 root - INFO - Data transformation complete
[ 2026-05-27 22:13:11,691] 49 root - INFO - Started Regular Expression mapping
[ 2026-05-27 22:13:11,691] 25 root - INFO - Match heuristic business names to paybill payments
[ 2026-05-27 22:13:11,691] 174 root - INFO - Data transformation complete
[ 2026-05-27 22:13:11,691] 49 root - INFO - Started Regular Expression mapping
[ 2026-05-27 22:13:11,692] 174 root - INFO - Data transformation complete
[ 2026-05-27 22:13:11,692] 49 root - INFO - Started Regular Expression mapping
[ 2026-05-27 22:13:11,692] 174 root - INFO - Data transformation complete
[ 2026-05-27 22:13:11,692] 49 root - INFO - Started Regular Expression mapping
[ 2026-05-27 22:13:11,692] 174 root - INFO - Data transformation complete
[ 2026-05-27 22:13:11,692] 49 root - INFO - Started Regular Expression mapping
[ 2026-05-27 22:13:11,693] 174 root - INFO - Data transformation complete
[ 2026-05-27 22:13:11,693] 49 root - INFO - Started Regular Expression mapping
[ 2026-05-27 22:13:11,693] 25 root - INFO - Match heuristic business names to paybill payments
[ 2026-05-27 22:13:11,693] 174 root - INFO - Data transformation complete
[ 2026-05-27 22:13:11,694] 49 root - INFO - Started Regular Expression mapping
[ 2026-05-27 22:13:11,694] 174 root - INFO - Data transformation complete
[ 2026-05-27 22:13:11,694] 49 root - INFO - Started Regular Expression mapping
[ 2026-05-27 22:13:11,694] 174 root - INFO - Data transformation complete
[ 2026-05-27 22:13:11,694] 49 root - INFO - Started Regular Expression mapping
[ 2026-05-27 22:13:11,695] 174 root - INFO - Data transformation complete
[ 2026-05-27 22:13:11,695] 49 root - INFO - Started Regular Expression mapping
[ 2026-05-27 22:13:11,695] 174 root - INFO - Data transformation complete
[ 2026-05-27 22:13:11,695] 49 root - INFO - Started Regular Expression mapping
[ 2026-05-27 22:13:11,695] 174 root - INFO - Data transformation complete
[ 2026-05-27 22:13:11,695] 49 root - INFO - Started Regular Expression mapping
[ 2026-05-27 22:13:11,696] 174 root - INFO - Data transformation complete
[ 2026-05-27 22:13:11,696] 49 root - INFO - Started Regular Expression mapping
[ 2026-05-27 22:13:11,696] 174 root - INFO - Data transformation complete
[ 2026-05-27 22:13:11,696] 49 root - INFO - Started Regular Expression mapping
[ 2026-05-27 22:13:11,696] 174 root - INFO - Data transformation complete
[ 2026-05-27 22:13:11,696] 49 root - INFO - Started Regular Expression mapping
[ 2026-05-27 22:13:11,697] 174 root - INFO - Data transformation complete
[ 2026-05-27 22:13:11,697] 49 root - INFO - Started Regular Expression mapping
[ 2026-05-27 22:13:11,697] 174 root - INFO - Data transformation complete
[ 2026-05-27 22:13:11,697] 49 root - INFO - Started Regular Expression mapping
[ 2026-05-27 22:13:11,697] 25 root - INFO - Match heuristic business names to paybill payments
[ 2026-05-27 22:13:11,697] 174 root - INFO - Data transformation complete
[ 2026-05-27 22:13:11,697] 49 root - INFO - Started Regular Expression mapping
[ 2026-05-27 22:13:11,698] 25 root - INFO - Match heuristic business names to paybill payments
[ 2026-05-27 22:13:11,698] 174 root - INFO - Data transformation complete
[ 2026-05-27 22:13:11,698] 49 root - INFO - Started Regular Expression mapping
[ 2026-05-27 22:13:11,698] 174 root - INFO - Data transformation complete
[ 2026-05-27 22:13:11,698] 49 root - INFO - Started Regular Expression mapping
[ 2026-05-27 22:13:11,698] 174 root - INFO - Data transformation complete
[ 2026-05-27 22:13:11,698] 49 root - INFO - Started Regular Expression mapping
[ 2026-05-27 22:13:11,699] 174 root - INFO - Data transformation complete
[ 2026-05-27 22:13:11,699] 49 root - INFO - Started Regular Expression mapping
[ 2026-05-27 22:13:11,699] 174 root - INFO - Data transformation complete
[ 2026-05-27 22:13:11,699] 49 root - INFO - Started Regular Expression mapping
[ 2026-05-27 22:13:11,700] 174 root - INFO - Data transformation complete
[ 2026-05-27 22:13:11,700] 49 root - INFO - Started Regular Expression mapping
[ 2026-05-27 22:13:11,700] 174 root - INFO - Data transformation complete
[ 2026-05-27 22:13:11,700] 49 root - INFO - Started Regular Expression mapping
[ 2026-05-27 22:13:11,700] 174 root - INFO - Data transformation complete
[ 2026-05-27 22:13:11,700] 49 root - INFO - Started Regular Expression mapping
[ 2026-05-27 22:13:11,701] 174 root - INFO - Data transformation complete
[ 2026-05-27 22:13:11,701] 49 root - INFO - Started Regular Expression mapping
[ 2026-05-27 22:13:11,701] 174 root - INFO - Data transformation complete
[ 2026-05-27 22:13:11,701] 49 root - INFO - Started Regular Expression mapping
[ 2026-05-27 22:13:11,701] 174 root - INFO - Data transformation complete
[ 2026-05-27 22:13:11,701] 49 root - INFO - Started Regular Expression mapping
[ 2026-05-27 22:13:11,701] 174 root - INFO - Data transformation complete
[ 2026-05-27 22:13:11,702] 49 root - INFO - Started Regular Expression mapping
[ 2026-05-27 22:13:11,702] 174 root - INFO - Data transformation complete
[ 2026-05-27 22:13:11,702] 49 root - INFO - Started Regular Expression mapping
[ 2026-05-27 22:13:11,702] 174 root - INFO - Data transformation complete
[ 2026-05-27 22:13:11,702] 49 root - INFO - Started Regular Expression mapping
[ 2026-05-27 22:13:11,702] 174 root - INFO - Data transformation complete
[ 2026-05-27 22:13:11,703] 49 root - INFO - Started Regular Expression mapping
[ 2026-05-27 22:13:11,703] 174 root - INFO - Data transformation complete
[ 2026-05-27 22:13:11,703] 49 root - INFO - Started Regular Expression mapping
[ 2026-05-27 22:13:11,703] 174 root - INFO - Data transformation complete
[ 2026-05-27 22:13:11,703] 49 root - INFO - Started Regular Expression mapping
[ 2026-05-27 22:13:11,703] 25 root - INFO - Match heuristic business names to paybill payments
[ 2026-05-27 22:13:11,703] 174 root - INFO - Data transformation complete
[ 2026-05-27 22:13:11,704] 49 root - INFO - Started Regular Expression mapping
[ 2026-05-27 22:13:11,704] 25 root - INFO - Match heuristic business names to paybill payments
[ 2026-05-27 22:13:11,704] 174 root - INFO - Data transformation complete
[ 2026-05-27 22:13:11,704] 49 root - INFO - Started Regular Expression mapping
[ 2026-05-27 22:13:11,704] 174 root - INFO - Data transformation complete
[ 2026-05-27 22:13:11,704] 49 root - INFO - Started Regular Expression mapping
[ 2026-05-27 22:13:11,705] 25 root - INFO - Match heuristic business names to paybill payments
[ 2026-05-27 22:13:11,705] 174 root - INFO - Data transformation complete
[ 2026-05-27 22:13:11,705] 49 root - INFO - Started Regular Expression mapping
[ 2026-05-27 22:13:11,705] 25 root - INFO - Match heuristic business names to paybill payments
[ 2026-05-27 22:13:11,705] 174 root - INFO - Data transformation complete
[ 2026-05-27 22:13:11,705] 49 root - INFO - Started Regular Expression mapping
[ 2026-05-27 22:13:11,705] 25 root - INFO - Match heuristic business names to paybill payments
[ 2026-05-27 22:13:11,705] 174 root - INFO - Data transformation complete
[ 2026-05-27 22:13:11,706] 49 root - INFO - Started Regular Expression mapping
[ 2026-05-27 22:13:11,706] 174 root - INFO - Data transformation complete
[ 2026-05-27 22:13:11,706] 49 root - INFO - Started Regular Expression mapping
[ 2026-05-27 22:13:11,706] 174 root - INFO - Data transformation complete
[ 2026-05-27 22:13:11,706] 49 root - INFO - Started Regular Expression mapping
[ 2026-05-27 22:13:11,706] 174 root - INFO - Data transformation complete
[ 2026-05-27 22:13:11,707] 49 root - INFO - Started Regular Expression mapping
[ 2026-05-27 22:13:11,707] 174 root - INFO - Data transformation complete
[ 2026-05-27 22:13:11,707] 49 root - INFO - Started Regular Expression mapping
[ 2026-05-27 22:13:11,707] 25 root - INFO - Match heuristic business names to paybill payments
[ 2026-05-27 22:13:11,707] 174 root - INFO - Data transformation complete
[ 2026-05-27 22:13:11,707] 49 root - INFO - Started Regular Expression mapping
[ 2026-05-27 22:13:11,707] 174 root - INFO - Data transformation complete
[ 2026-05-27 22:13:11,708] 49 root - INFO - Started Regular Expression mapping
[ 2026-05-27 22:13:11,708] 174 root - INFO - Data transformation complete
[ 2026-05-27 22:13:11,708] 49 root - INFO - Started Regular Expression mapping
[ 2026-05-27 22:13:11,708] 25 root - INFO - Match heuristic business names to paybill payments
[ 2026-05-27 22:13:11,708] 174 root - INFO - Data transformation complete
[ 2026-05-27 22:13:11,708] 49 root - INFO - Started Regular Expression mapping
[ 2026-05-27 22:13:11,709] 174 root - INFO - Data transformation complete
[ 2026-05-27 22:13:11,709] 49 root - INFO - Started Regular Expression mapping
[ 2026-05-27 22:13:11,709] 25 root - INFO - Match heuristic business names to paybill payments
[ 2026-05-27 22:13:11,709] 174 root - INFO - Data transformation complete
[ 2026-05-27 22:13:11,709] 49 root - INFO - Started Regular Expression mapping
[ 2026-05-27 22:13:11,709] 174 root - INFO - Data transformation complete
[ 2026-05-27 22:13:11,710] 49 root - INFO - Started Regular Expression mapping
[ 2026-05-27 22:13:11,710] 174 root - INFO - Data transformation complete
[ 2026-05-27 22:13:11,710] 49 root - INFO - Started Regular Expression mapping
[ 2026-05-27 22:13:11,710] 174 root - INFO - Data transformation complete
[ 2026-05-27 22:13:11,710] 49 root - INFO - Started Regular Expression mapping
[ 2026-05-27 22:13:11,710] 174 root - INFO - Data transformation complete
[ 2026-05-27 22:13:11,710] 49 root - INFO - Started Regular Expression mapping
[ 2026-05-27 22:13:11,711] 174 root - INFO - Data transformation complete
[ 2026-05-27 22:13:11,711] 49 root - INFO - Started Regular Expression mapping
[ 2026-05-27 22:13:11,711] 174 root - INFO - Data transformation complete
[ 2026-05-27 22:13:11,711] 49 root - INFO - Started Regular Expression mapping
[ 2026-05-27 22:13:11,711] 25 root - INFO - Match heuristic business names to paybill payments
[ 2026-05-27 22:13:11,711] 174 root - INFO - Data transformation complete
[ 2026-05-27 22:13:11,712] 49 root - INFO - Started Regular Expression mapping
[ 2026-05-27 22:13:11,712] 174 root - INFO - Data transformation complete
[ 2026-05-27 22:13:11,712] 49 root - INFO - Started Regular Expression mapping
[ 2026-05-27 22:13:11,712] 174 root - INFO - Data transformation complete
[ 2026-05-27 22:13:11,712] 49 root - INFO - Started Regular Expression mapping
[ 2026-05-27 22:13:11,712] 174 root - INFO - Data transformation complete
[ 2026-05-27 22:13:11,712] 49 root - INFO - Started Regular Expression mapping
[ 2026-05-27 22:13:11,713] 174 root - INFO - Data transformation complete
[ 2026-05-27 22:13:11,713] 49 root - INFO - Started Regular Expression mapping
[ 2026-05-27 22:13:11,713] 174 root - INFO - Data transformation complete
[ 2026-05-27 22:13:11,713] 49 root - INFO - Started Regular Expression mapping
[ 2026-05-27 22:13:11,713] 174 root - INFO - Data transformation complete
[ 2026-05-27 22:13:11,713] 49 root - INFO - Started Regular Expression mapping
[ 2026-05-27 22:13:11,714] 25 root - INFO - Match heuristic business names to paybill payments
[ 2026-05-27 22:13:11,714] 174 root - INFO - Data transformation complete
[ 2026-05-27 22:13:11,714] 49 root - INFO - Started Regular Expression mapping
[ 2026-05-27 22:13:11,714] 25 root - INFO - Match heuristic business names to paybill payments
[ 2026-05-27 22:13:11,714] 174 root - INFO - Data transformation complete
[ 2026-05-27 22:13:11,714] 49 root - INFO - Started Regular Expression mapping
[ 2026-05-27 22:13:11,714] 174 root - INFO - Data transformation complete
[ 2026-05-27 22:13:11,715] 49 root - INFO - Started Regular Expression mapping
[ 2026-05-27 22:13:11,715] 174 root - INFO - Data transformation complete
[ 2026-05-27 22:13:11,716] 49 root - INFO - Started Regular Expression mapping
[ 2026-05-27 22:13:11,716] 25 root - INFO - Match heuristic business names to paybill payments
[ 2026-05-27 22:13:11,716] 174 root - INFO - Data transformation complete
[ 2026-05-27 22:13:11,716] 49 root - INFO - Started Regular Expression mapping
[ 2026-05-27 22:13:11,716] 174 root - INFO - Data transformation complete
[ 2026-05-27 22:13:11,716] 49 root - INFO - Started Regular Expression mapping
[ 2026-05-27 22:13:11,717] 174 root - INFO - Data transformation complete
[ 2026-05-27 22:13:11,717] 49 root - INFO - Started Regular Expression mapping
[ 2026-05-27 22:13:11,717] 25 root - INFO - Match heuristic business names to paybill payments
[ 2026-05-27 22:13:11,718] 174 root - INFO - Data transformation complete
[ 2026-05-27 22:13:11,718] 49 root - INFO - Started Regular Expression mapping
[ 2026-05-27 22:13:11,718] 25 root - INFO - Match heuristic business names to paybill payments
[ 2026-05-27 22:13:11,718] 174 root - INFO - Data transformation complete
[ 2026-05-27 22:13:11,718] 49 root - INFO - Started Regular Expression mapping
[ 2026-05-27 22:13:11,719] 174 root - INFO - Data transformation complete
[ 2026-05-27 22:13:11,719] 49 root - INFO - Started Regular Expression mapping
[ 2026-05-27 22:13:11,719] 174 root - INFO - Data transformation complete
[ 2026-05-27 22:13:11,719] 49 root - INFO - Started Regular Expression mapping
[ 2026-05-27 22:13:11,719] 174 root - INFO - Data transformation complete
[ 2026-05-27 22:13:11,720] 49 root - INFO - Started Regular Expression mapping
[ 2026-05-27 22:13:11,720] 174 root - INFO - Data transformation complete
[ 2026-05-27 22:13:11,720] 49 root - INFO - Started Regular Expression mapping
[ 2026-05-27 22:13:11,720] 174 root - INFO - Data transformation complete
[ 2026-05-27 22:13:11,720] 49 root - INFO - Started Regular Expression mapping
[ 2026-05-27 22:13:11,720] 174 root - INFO - Data transformation complete
[ 2026-05-27 22:13:11,720] 49 root - INFO - Started Regular Expression mapping
[ 2026-05-27 22:13:11,721] 174 root - INFO - Data transformation complete
[ 2026-05-27 22:13:11,721] 49 root - INFO - Started Regular Expression mapping
[ 2026-05-27 22:13:11,721] 174 root - INFO - Data transformation complete
[ 2026-05-27 22:13:11,721] 49 root - INFO - Started Regular Expression mapping
[ 2026-05-27 22:13:11,721] 174 root - INFO - Data transformation complete
[ 2026-05-27 22:13:11,721] 49 root - INFO - Started Regular Expression mapping
[ 2026-05-27 22:13:11,722] 174 root - INFO - Data transformation complete
[ 2026-05-27 22:13:11,722] 49 root - INFO - Started Regular Expression mapping
[ 2026-05-27 22:13:11,722] 25 root - INFO - Match heuristic business names to paybill payments
[ 2026-05-27 22:13:11,722] 174 root - INFO - Data transformation complete
[ 2026-05-27 22:13:11,722] 49 root - INFO - Started Regular Expression mapping
[ 2026-05-27 22:13:11,722] 25 root - INFO - Match heuristic business names to paybill payments
[ 2026-05-27 22:13:11,723] 174 root - INFO - Data transformation complete
[ 2026-05-27 22:13:11,723] 49 root - INFO - Started Regular Expression mapping
[ 2026-05-27 22:13:11,723] 174 root - INFO - Data transformation complete
[ 2026-05-27 22:13:11,723] 49 root - INFO - Started Regular Expression mapping
[ 2026-05-27 22:13:11,723] 174 root - INFO - Data transformation complete
[ 2026-05-27 22:13:11,723] 49 root - INFO - Started Regular Expression mapping
[ 2026-05-27 22:13:11,723] 174 root - INFO - Data transformation complete
[ 2026-05-27 22:13:11,724] 49 root - INFO - Started Regular Expression mapping
[ 2026-05-27 22:13:11,724] 174 root - INFO - Data transformation complete
[ 2026-05-27 22:13:11,724] 49 root - INFO - Started Regular Expression mapping
[ 2026-05-27 22:13:11,724] 174 root - INFO - Data transformation complete
[ 2026-05-27 22:13:11,724] 49 root - INFO - Started Regular Expression mapping
[ 2026-05-27 22:13:11,724] 174 root - INFO - Data transformation complete
[ 2026-05-27 22:13:11,725] 49 root - INFO - Started Regular Expression mapping
[ 2026-05-27 22:13:11,725] 174 root - INFO - Data transformation complete
[ 2026-05-27 22:13:11,725] 49 root - INFO - Started Regular Expression mapping
[ 2026-05-27 22:13:11,725] 174 root - INFO - Data transformation complete
[ 2026-05-27 22:13:11,725] 49 root - INFO - Started Regular Expression mapping
[ 2026-05-27 22:13:11,725] 25 root - INFO - Match heuristic business names to paybill payments
[ 2026-05-27 22:13:11,726] 174 root - INFO - Data transformation complete
[ 2026-05-27 22:13:11,726] 49 root - INFO - Started Regular Expression mapping
[ 2026-05-27 22:13:11,726] 25 root - INFO - Match heuristic business names to paybill payments
[ 2026-05-27 22:13:11,726] 174 root - INFO - Data transformation complete
[ 2026-05-27 22:13:11,727] 49 root - INFO - Started Regular Expression mapping
[ 2026-05-27 22:13:11,727] 174 root - INFO - Data transformation complete
[ 2026-05-27 22:13:11,727] 49 root - INFO - Started Regular Expression mapping
[ 2026-05-27 22:13:11,727] 174 root - INFO - Data transformation complete
[ 2026-05-27 22:13:11,728] 49 root - INFO - Started Regular Expression mapping
[ 2026-05-27 22:13:11,728] 174 root - INFO - Data transformation complete
[ 2026-05-27 22:13:11,728] 49 root - INFO - Started Regular Expression mapping
[ 2026-05-27 22:13:11,728] 174 root - INFO - Data transformation complete
[ 2026-05-27 22:13:11,728] 49 root - INFO - Started Regular Expression mapping
[ 2026-05-27 22:13:11,728] 174 root - INFO - Data transformation complete
[ 2026-05-27 22:13:11,729] 49 root - INFO - Started Regular Expression mapping
[ 2026-05-27 22:13:11,729] 25 root - INFO - Match heuristic business names to paybill payments
[ 2026-05-27 22:13:11,729] 174 root - INFO - Data transformation complete
[ 2026-05-27 22:13:11,729] 49 root - INFO - Started Regular Expression mapping
[ 2026-05-27 22:13:11,729] 174 root - INFO - Data transformation complete
[ 2026-05-27 22:13:11,729] 49 root - INFO - Started Regular Expression mapping
[ 2026-05-27 22:13:11,730] 174 root - INFO - Data transformation complete
[ 2026-05-27 22:13:11,730] 49 root - INFO - Started Regular Expression mapping
[ 2026-05-27 22:13:11,730] 25 root - INFO - Match heuristic business names to paybill payments
[ 2026-05-27 22:13:11,730] 174 root - INFO - Data transformation complete
[ 2026-05-27 22:13:11,730] 49 root - INFO - Started Regular Expression mapping
[ 2026-05-27 22:13:11,730] 25 root - INFO - Match heuristic business names to paybill payments
[ 2026-05-27 22:13:11,730] 174 root - INFO - Data transformation complete
[ 2026-05-27 22:13:11,731] 49 root - INFO - Started Regular Expression mapping
[ 2026-05-27 22:13:11,731] 174 root - INFO - Data transformation complete
[ 2026-05-27 22:13:11,731] 49 root - INFO - Started Regular Expression mapping
[ 2026-05-27 22:13:11,731] 25 root - INFO - Match heuristic business names to paybill payments
[ 2026-05-27 22:13:11,731] 174 root - INFO - Data transformation complete
[ 2026-05-27 22:13:11,731] 49 root - INFO - Started Regular Expression mapping
[ 2026-05-27 22:13:11,731] 25 root - INFO - Match heuristic business names to paybill payments
[ 2026-05-27 22:13:11,732] 174 root - INFO - Data transformation complete
[ 2026-05-27 22:13:11,732] 49 root - INFO - Started Regular Expression mapping
[ 2026-05-27 22:13:11,732] 174 root - INFO - Data transformation complete
[ 2026-05-27 22:13:11,732] 49 root - INFO - Started Regular Expression mapping
[ 2026-05-27 22:13:11,732] 174 root - INFO - Data transformation complete
[ 2026-05-27 22:13:11,732] 49 root - INFO - Started Regular Expression mapping
[ 2026-05-27 22:13:11,732] 174 root - INFO - Data transformation complete
[ 2026-05-27 22:13:11,733] 49 root - INFO - Started Regular Expression mapping
[ 2026-05-27 22:13:11,733] 174 root - INFO - Data transformation complete
[ 2026-05-27 22:13:11,733] 49 root - INFO - Started Regular Expression mapping
[ 2026-05-27 22:13:11,733] 25 root - INFO - Match heuristic business names to paybill payments
[ 2026-05-27 22:13:11,733] 174 root - INFO - Data transformation complete
[ 2026-05-27 22:13:11,733] 49 root - INFO - Started Regular Expression mapping
[ 2026-05-27 22:13:11,734] 174 root - INFO - Data transformation complete
[ 2026-05-27 22:13:11,734] 49 root - INFO - Started Regular Expression mapping
[ 2026-05-27 22:13:11,734] 174 root - INFO - Data transformation complete
[ 2026-05-27 22:13:11,734] 49 root - INFO - Started Regular Expression mapping
[ 2026-05-27 22:13:11,734] 25 root - INFO - Match heuristic business names to paybill payments
[ 2026-05-27 22:13:11,734] 174 root - INFO - Data transformation complete
[ 2026-05-27 22:13:11,734] 49 root - INFO - Started Regular Expression mapping
[ 2026-05-27 22:13:11,735] 174 root - INFO - Data transformation complete
[ 2026-05-27 22:13:11,735] 49 root - INFO - Started Regular Expression mapping
[ 2026-05-27 22:13:11,735] 25 root - INFO - Match heuristic business names to paybill payments
[ 2026-05-27 22:13:11,735] 174 root - INFO - Data transformation complete
[ 2026-05-27 22:13:11,735] 49 root - INFO - Started Regular Expression mapping
[ 2026-05-27 22:13:11,735] 25 root - INFO - Match heuristic business names to paybill payments
[ 2026-05-27 22:13:11,736] 174 root - INFO - Data transformation complete
[ 2026-05-27 22:13:11,736] 49 root - INFO - Started Regular Expression mapping
[ 2026-05-27 22:13:11,736] 174 root - INFO - Data transformation complete
[ 2026-05-27 22:13:11,736] 49 root - INFO - Started Regular Expression mapping
[ 2026-05-27 22:13:11,736] 174 root - INFO - Data transformation complete
[ 2026-05-27 22:13:11,736] 49 root - INFO - Started Regular Expression mapping
[ 2026-05-27 22:13:11,736] 25 root - INFO - Match heuristic business names to paybill payments
[ 2026-05-27 22:13:11,737] 174 root - INFO - Data transformation complete
[ 2026-05-27 22:13:11,737] 49 root - INFO - Started Regular Expression mapping
[ 2026-05-27 22:13:11,737] 25 root - INFO - Match heuristic business names to paybill payments
[ 2026-05-27 22:13:11,737] 174 root - INFO - Data transformation complete
[ 2026-05-27 22:13:11,737] 49 root - INFO - Started Regular Expression mapping
[ 2026-05-27 22:13:11,737] 174 root - INFO - Data transformation complete
[ 2026-05-27 22:13:11,737] 49 root - INFO - Started Regular Expression mapping
[ 2026-05-27 22:13:11,738] 174 root - INFO - Data transformation complete
[ 2026-05-27 22:13:11,738] 49 root - INFO - Started Regular Expression mapping
[ 2026-05-27 22:13:11,738] 174 root - INFO - Data transformation complete
[ 2026-05-27 22:13:11,738] 49 root - INFO - Started Regular Expression mapping
[ 2026-05-27 22:13:11,738] 174 root - INFO - Data transformation complete
[ 2026-05-27 22:13:11,738] 49 root - INFO - Started Regular Expression mapping
[ 2026-05-27 22:13:11,739] 174 root - INFO - Data transformation complete
[ 2026-05-27 22:13:11,739] 49 root - INFO - Started Regular Expression mapping
[ 2026-05-27 22:13:11,739] 174 root - INFO - Data transformation complete
[ 2026-05-27 22:13:11,739] 49 root - INFO - Started Regular Expression mapping
[ 2026-05-27 22:13:11,739] 174 root - INFO - Data transformation complete
[ 2026-05-27 22:13:11,739] 49 root - INFO - Started Regular Expression mapping
[ 2026-05-27 22:13:11,739] 174 root - INFO - Data transformation complete
[ 2026-05-27 22:13:11,740] 49 root - INFO - Started Regular Expression mapping
[ 2026-05-27 22:13:11,740] 174 root - INFO - Data transformation complete
[ 2026-05-27 22:13:11,740] 49 root - INFO - Started Regular Expression mapping
[ 2026-05-27 22:13:11,740] 174 root - INFO - Data transformation complete
[ 2026-05-27 22:13:11,740] 49 root - INFO - Started Regular Expression mapping
[ 2026-05-27 22:13:11,740] 174 root - INFO - Data transformation complete
[ 2026-05-27 22:13:11,740] 49 root - INFO - Started Regular Expression mapping
[ 2026-05-27 22:13:11,741] 174 root - INFO - Data transformation complete
[ 2026-05-27 22:13:11,741] 49 root - INFO - Started Regular Expression mapping
[ 2026-05-27 22:13:11,741] 174 root - INFO - Data transformation complete
[ 2026-05-27 22:13:11,741] 49 root - INFO - Started Regular Expression mapping
[ 2026-05-27 22:13:11,741] 174 root - INFO - Data transformation complete
[ 2026-05-27 22:13:11,741] 49 root - INFO - Started Regular Expression mapping
[ 2026-05-27 22:13:11,742] 174 root - INFO - Data transformation complete
[ 2026-05-27 22:13:11,742] 49 root - INFO - Started Regular Expression mapping
[ 2026-05-27 22:13:11,742] 174 root - INFO - Data transformation complete
[ 2026-05-27 22:13:11,742] 49 root - INFO - Started Regular Expression mapping
[ 2026-05-27 22:13:11,742] 174 root - INFO - Data transformation complete
[ 2026-05-27 22:13:11,742] 49 root - INFO - Started Regular Expression mapping
[ 2026-05-27 22:13:11,743] 174 root - INFO - Data transformation complete
[ 2026-05-27 22:13:11,743] 49 root - INFO - Started Regular Expression mapping
[ 2026-05-27 22:13:11,743] 174 root - INFO - Data transformation complete
[ 2026-05-27 22:13:11,743] 49 root - INFO - Started Regular Expression mapping
[ 2026-05-27 22:13:11,744] 25 root - INFO - Match heuristic business names to paybill payments
[ 2026-05-27 22:13:11,744] 174 root - INFO - Data transformation complete
[ 2026-05-27 22:13:11,744] 49 root - INFO - Started Regular Expression mapping
[ 2026-05-27 22:13:11,744] 25 root - INFO - Match heuristic business names to paybill payments
[ 2026-05-27 22:13:11,745] 174 root - INFO - Data transformation complete
[ 2026-05-27 22:13:11,745] 49 root - INFO - Started Regular Expression mapping
[ 2026-05-27 22:13:11,745] 174 root - INFO - Data transformation complete
[ 2026-05-27 22:13:11,745] 49 root - INFO - Started Regular Expression mapping
[ 2026-05-27 22:13:11,745] 25 root - INFO - Match heuristic business names to paybill payments
[ 2026-05-27 22:13:11,746] 174 root - INFO - Data transformation complete
[ 2026-05-27 22:13:11,746] 49 root - INFO - Started Regular Expression mapping
[ 2026-05-27 22:13:11,746] 174 root - INFO - Data transformation complete
[ 2026-05-27 22:13:11,746] 49 root - INFO - Started Regular Expression mapping
[ 2026-05-27 22:13:11,746] 174 root - INFO - Data transformation complete
[ 2026-05-27 22:13:11,746] 49 root - INFO - Started Regular Expression mapping
[ 2026-05-27 22:13:11,747] 174 root - INFO - Data transformation complete
[ 2026-05-27 22:13:11,747] 49 root - INFO - Started Regular Expression mapping
[ 2026-05-27 22:13:11,747] 174 root - INFO - Data transformation complete
[ 2026-05-27 22:13:11,747] 49 root - INFO - Started Regular Expression mapping
[ 2026-05-27 22:13:11,748] 174 root - INFO - Data transformation complete
[ 2026-05-27 22:13:11,748] 49 root - INFO - Started Regular Expression mapping
[ 2026-05-27 22:13:11,748] 174 root - INFO - Data transformation complete
[ 2026-05-27 22:13:11,748] 49 root - INFO - Started Regular Expression mapping
[ 2026-05-27 22:13:11,748] 25 root - INFO - Match heuristic business names to paybill payments
[ 2026-05-27 22:13:11,749] 174 root - INFO - Data transformation complete
[ 2026-05-27 22:13:11,749] 49 root - INFO - Started Regular Expression mapping
[ 2026-05-27 22:13:11,749] 25 root - INFO - Match heuristic business names to paybill payments
[ 2026-05-27 22:13:11,749] 174 root - INFO - Data transformation complete
[ 2026-05-27 22:13:11,749] 49 root - INFO - Started Regular Expression mapping
[ 2026-05-27 22:13:11,750] 25 root - INFO - Match heuristic business names to paybill payments
[ 2026-05-27 22:13:11,750] 174 root - INFO - Data transformation complete
[ 2026-05-27 22:13:11,750] 49 root - INFO - Started Regular Expression mapping
[ 2026-05-27 22:13:11,750] 25 root - INFO - Match heuristic business names to paybill payments
[ 2026-05-27 22:13:11,750] 174 root - INFO - Data transformation complete
[ 2026-05-27 22:13:11,751] 49 root - INFO - Started Regular Expression mapping
[ 2026-05-27 22:13:11,751] 174 root - INFO - Data transformation complete
[ 2026-05-27 22:13:11,751] 49 root - INFO - Started Regular Expression mapping
[ 2026-05-27 22:13:11,751] 174 root - INFO - Data transformation complete
[ 2026-05-27 22:13:11,751] 49 root - INFO - Started Regular Expression mapping
[ 2026-05-27 22:13:11,752] 174 root - INFO - Data transformation complete
[ 2026-05-27 22:13:11,752] 49 root - INFO - Started Regular Expression mapping
[ 2026-05-27 22:13:11,752] 174 root - INFO - Data transformation complete
[ 2026-05-27 22:13:11,752] 49 root - INFO - Started Regular Expression mapping
[ 2026-05-27 22:13:11,752] 25 root - INFO - Match heuristic business names to paybill payments
[ 2026-05-27 22:13:11,752] 174 root - INFO - Data transformation complete
[ 2026-05-27 22:13:11,753] 49 root - INFO - Started Regular Expression mapping
[ 2026-05-27 22:13:11,753] 25 root - INFO - Match heuristic business names to paybill payments
[ 2026-05-27 22:13:11,753] 174 root - INFO - Data transformation complete
[ 2026-05-27 22:13:11,753] 49 root - INFO - Started Regular Expression mapping
[ 2026-05-27 22:13:11,753] 174 root - INFO - Data transformation complete
[ 2026-05-27 22:13:11,753] 49 root - INFO - Started Regular Expression mapping
[ 2026-05-27 22:13:11,754] 174 root - INFO - Data transformation complete
[ 2026-05-27 22:13:11,754] 49 root - INFO - Started Regular Expression mapping
[ 2026-05-27 22:13:11,754] 174 root - INFO - Data transformation complete
[ 2026-05-27 22:13:11,754] 49 root - INFO - Started Regular Expression mapping
[ 2026-05-27 22:13:11,754] 174 root - INFO - Data transformation complete
[ 2026-05-27 22:13:11,755] 49 root - INFO - Started Regular Expression mapping
[ 2026-05-27 22:13:11,755] 174 root - INFO - Data transformation complete
[ 2026-05-27 22:13:11,755] 49 root - INFO - Started Regular Expression mapping
[ 2026-05-27 22:13:11,755] 25 root - INFO - Match heuristic business names to paybill payments
[ 2026-05-27 22:13:11,755] 174 root - INFO - Data transformation complete
[ 2026-05-27 22:13:11,756] 49 root - INFO - Started Regular Expression mapping
[ 2026-05-27 22:13:11,756] 25 root - INFO - Match heuristic business names to paybill payments
[ 2026-05-27 22:13:11,756] 174 root - INFO - Data transformation complete
[ 2026-05-27 22:13:11,756] 49 root - INFO - Started Regular Expression mapping
[ 2026-05-27 22:13:11,756] 25 root - INFO - Match heuristic business names to paybill payments
[ 2026-05-27 22:13:11,756] 174 root - INFO - Data transformation complete
[ 2026-05-27 22:13:11,757] 49 root - INFO - Started Regular Expression mapping
[ 2026-05-27 22:13:11,757] 174 root - INFO - Data transformation complete
[ 2026-05-27 22:13:11,757] 49 root - INFO - Started Regular Expression mapping
[ 2026-05-27 22:13:11,757] 174 root - INFO - Data transformation complete
[ 2026-05-27 22:13:11,757] 49 root - INFO - Started Regular Expression mapping
[ 2026-05-27 22:13:11,758] 25 root - INFO - Match heuristic business names to paybill payments
[ 2026-05-27 22:13:11,758] 174 root - INFO - Data transformation complete
[ 2026-05-27 22:13:11,758] 49 root - INFO - Started Regular Expression mapping
[ 2026-05-27 22:13:11,758] 174 root - INFO - Data transformation complete
[ 2026-05-27 22:13:11,758] 49 root - INFO - Started Regular Expression mapping
[ 2026-05-27 22:13:11,758] 174 root - INFO - Data transformation complete
[ 2026-05-27 22:13:11,759] 49 root - INFO - Started Regular Expression mapping
[ 2026-05-27 22:13:11,759] 174 root - INFO - Data transformation complete
[ 2026-05-27 22:13:11,759] 49 root - INFO - Started Regular Expression mapping
[ 2026-05-27 22:13:11,759] 174 root - INFO - Data transformation complete
[ 2026-05-27 22:13:11,760] 49 root - INFO - Started Regular Expression mapping
[ 2026-05-27 22:13:11,760] 174 root - INFO - Data transformation complete
[ 2026-05-27 22:13:11,760] 49 root - INFO - Started Regular Expression mapping
[ 2026-05-27 22:13:11,760] 174 root - INFO - Data transformation complete
[ 2026-05-27 22:13:11,760] 49 root - INFO - Started Regular Expression mapping
[ 2026-05-27 22:13:11,761] 174 root - INFO - Data transformation complete
[ 2026-05-27 22:13:11,761] 49 root - INFO - Started Regular Expression mapping
[ 2026-05-27 22:13:11,761] 25 root - INFO - Match heuristic business names to paybill payments
[ 2026-05-27 22:13:11,761] 174 root - INFO - Data transformation complete
[ 2026-05-27 22:13:11,761] 49 root - INFO - Started Regular Expression mapping
[ 2026-05-27 22:13:11,762] 174 root - INFO - Data transformation complete
[ 2026-05-27 22:13:11,762] 49 root - INFO - Started Regular Expression mapping
[ 2026-05-27 22:13:11,762] 174 root - INFO - Data transformation complete
[ 2026-05-27 22:13:11,762] 49 root - INFO - Started Regular Expression mapping
[ 2026-05-27 22:13:11,763] 25 root - INFO - Match heuristic business names to paybill payments
[ 2026-05-27 22:13:11,763] 174 root - INFO - Data transformation complete
[ 2026-05-27 22:13:11,763] 49 root - INFO - Started Regular Expression mapping
[ 2026-05-27 22:13:11,763] 174 root - INFO - Data transformation complete
[ 2026-05-27 22:13:11,763] 49 root - INFO - Started Regular Expression mapping
[ 2026-05-27 22:13:11,764] 174 root - INFO - Data transformation complete
[ 2026-05-27 22:13:11,764] 49 root - INFO - Started Regular Expression mapping
[ 2026-05-27 22:13:11,764] 25 root - INFO - Match heuristic business names to paybill payments
[ 2026-05-27 22:13:11,764] 174 root - INFO - Data transformation complete
[ 2026-05-27 22:13:11,764] 49 root - INFO - Started Regular Expression mapping
[ 2026-05-27 22:13:11,764] 174 root - INFO - Data transformation complete
[ 2026-05-27 22:13:11,765] 49 root - INFO - Started Regular Expression mapping
[ 2026-05-27 22:13:11,765] 25 root - INFO - Match heuristic business names to paybill payments
[ 2026-05-27 22:13:11,765] 174 root - INFO - Data transformation complete
[ 2026-05-27 22:13:11,765] 49 root - INFO - Started Regular Expression mapping
[ 2026-05-27 22:13:11,765] 174 root - INFO - Data transformation complete
[ 2026-05-27 22:13:11,765] 49 root - INFO - Started Regular Expression mapping
[ 2026-05-27 22:13:11,766] 174 root - INFO - Data transformation complete
[ 2026-05-27 22:13:11,766] 49 root - INFO - Started Regular Expression mapping
[ 2026-05-27 22:13:11,766] 174 root - INFO - Data transformation complete
[ 2026-05-27 22:13:11,766] 49 root - INFO - Started Regular Expression mapping
[ 2026-05-27 22:13:11,766] 174 root - INFO - Data transformation complete
[ 2026-05-27 22:13:11,767] 49 root - INFO - Started Regular Expression mapping
[ 2026-05-27 22:13:11,767] 25 root - INFO - Match heuristic business names to paybill payments
[ 2026-05-27 22:13:11,767] 174 root - INFO - Data transformation complete
[ 2026-05-27 22:13:11,767] 49 root - INFO - Started Regular Expression mapping
[ 2026-05-27 22:13:11,767] 25 root - INFO - Match heuristic business names to paybill payments
[ 2026-05-27 22:13:11,767] 174 root - INFO - Data transformation complete
[ 2026-05-27 22:13:11,768] 49 root - INFO - Started Regular Expression mapping
[ 2026-05-27 22:13:11,768] 25 root - INFO - Match heuristic business names to paybill payments
[ 2026-05-27 22:13:11,768] 174 root - INFO - Data transformation complete
[ 2026-05-27 22:13:11,768] 49 root - INFO - Started Regular Expression mapping
[ 2026-05-27 22:13:11,768] 174 root - INFO - Data transformation complete
[ 2026-05-27 22:13:11,769] 49 root - INFO - Started Regular Expression mapping
[ 2026-05-27 22:13:11,769] 174 root - INFO - Data transformation complete
[ 2026-05-27 22:13:11,769] 49 root - INFO - Started Regular Expression mapping
[ 2026-05-27 22:13:11,769] 174 root - INFO - Data transformation complete
[ 2026-05-27 22:13:11,769] 49 root - INFO - Started Regular Expression mapping
[ 2026-05-27 22:13:11,770] 25 root - INFO - Match heuristic business names to paybill payments
[ 2026-05-27 22:13:11,770] 174 root - INFO - Data transformation complete
[ 2026-05-27 22:13:11,770] 49 root - INFO - Started Regular Expression mapping
[ 2026-05-27 22:13:11,770] 25 root - INFO - Match heuristic business names to paybill payments
[ 2026-05-27 22:13:11,770] 174 root - INFO - Data transformation complete
[ 2026-05-27 22:13:11,770] 49 root - INFO - Started Regular Expression mapping
[ 2026-05-27 22:13:11,771] 174 root - INFO - Data transformation complete
[ 2026-05-27 22:13:11,771] 49 root - INFO - Started Regular Expression mapping
[ 2026-05-27 22:13:11,771] 174 root - INFO - Data transformation complete
[ 2026-05-27 22:13:11,771] 49 root - INFO - Started Regular Expression mapping
[ 2026-05-27 22:13:11,771] 174 root - INFO - Data transformation complete
[ 2026-05-27 22:13:11,771] 49 root - INFO - Started Regular Expression mapping
[ 2026-05-27 22:13:11,772] 174 root - INFO - Data transformation complete
[ 2026-05-27 22:13:11,772] 49 root - INFO - Started Regular Expression mapping
[ 2026-05-27 22:13:11,772] 174 root - INFO - Data transformation complete
[ 2026-05-27 22:13:11,772] 49 root - INFO - Started Regular Expression mapping
[ 2026-05-27 22:13:11,772] 25 root - INFO - Match heuristic business names to paybill payments
[ 2026-05-27 22:13:11,773] 174 root - INFO - Data transformation complete
[ 2026-05-27 22:13:11,773] 49 root - INFO - Started Regular Expression mapping
[ 2026-05-27 22:13:11,773] 25 root - INFO - Match heuristic business names to paybill payments
[ 2026-05-27 22:13:11,773] 174 root - INFO - Data transformation complete
[ 2026-05-27 22:13:11,773] 49 root - INFO - Started Regular Expression mapping
[ 2026-05-27 22:13:11,774] 174 root - INFO - Data transformation complete
[ 2026-05-27 22:13:11,774] 49 root - INFO - Started Regular Expression mapping
[ 2026-05-27 22:13:11,774] 174 root - INFO - Data transformation complete
[ 2026-05-27 22:13:11,774] 49 root - INFO - Started Regular Expression mapping
[ 2026-05-27 22:13:11,774] 25 root - INFO - Match heuristic business names to paybill payments
[ 2026-05-27 22:13:11,774] 174 root - INFO - Data transformation complete
[ 2026-05-27 22:13:11,775] 49 root - INFO - Started Regular Expression mapping
[ 2026-05-27 22:13:11,775] 174 root - INFO - Data transformation complete
[ 2026-05-27 22:13:11,775] 49 root - INFO - Started Regular Expression mapping
[ 2026-05-27 22:13:11,775] 174 root - INFO - Data transformation complete
[ 2026-05-27 22:13:11,775] 49 root - INFO - Started Regular Expression mapping
[ 2026-05-27 22:13:11,776] 174 root - INFO - Data transformation complete
[ 2026-05-27 22:13:11,776] 49 root - INFO - Started Regular Expression mapping
[ 2026-05-27 22:13:11,776] 174 root - INFO - Data transformation complete
[ 2026-05-27 22:13:11,776] 49 root - INFO - Started Regular Expression mapping
[ 2026-05-27 22:13:11,776] 174 root - INFO - Data transformation complete
[ 2026-05-27 22:13:11,777] 49 root - INFO - Started Regular Expression mapping
[ 2026-05-27 22:13:11,777] 25 root - INFO - Match heuristic business names to paybill payments
[ 2026-05-27 22:13:11,777] 174 root - INFO - Data transformation complete
[ 2026-05-27 22:13:11,777] 49 root - INFO - Started Regular Expression mapping
[ 2026-05-27 22:13:11,778] 174 root - INFO - Data transformation complete
[ 2026-05-27 22:13:11,778] 49 root - INFO - Started Regular Expression mapping
[ 2026-05-27 22:13:11,778] 25 root - INFO - Match heuristic business names to paybill payments
[ 2026-05-27 22:13:11,778] 174 root - INFO - Data transformation complete
[ 2026-05-27 22:13:11,778] 49 root - INFO - Started Regular Expression mapping
[ 2026-05-27 22:13:11,779] 174 root - INFO - Data transformation complete
[ 2026-05-27 22:13:11,779] 49 root - INFO - Started Regular Expression mapping
[ 2026-05-27 22:13:11,779] 174 root - INFO - Data transformation complete
[ 2026-05-27 22:13:11,779] 49 root - INFO - Started Regular Expression mapping
[ 2026-05-27 22:13:11,780] 174 root - INFO - Data transformation complete
[ 2026-05-27 22:13:11,780] 49 root - INFO - Started Regular Expression mapping
[ 2026-05-27 22:13:11,780] 25 root - INFO - Match heuristic business names to paybill payments
[ 2026-05-27 22:13:11,780] 174 root - INFO - Data transformation complete
[ 2026-05-27 22:13:11,780] 49 root - INFO - Started Regular Expression mapping
[ 2026-05-27 22:13:11,780] 174 root - INFO - Data transformation complete
[ 2026-05-27 22:13:11,780] 49 root - INFO - Started Regular Expression mapping
[ 2026-05-27 22:13:11,781] 25 root - INFO - Match heuristic business names to paybill payments
[ 2026-05-27 22:13:11,781] 174 root - INFO - Data transformation complete
[ 2026-05-27 22:13:11,781] 49 root - INFO - Started Regular Expression mapping
[ 2026-05-27 22:13:11,781] 174 root - INFO - Data transformation complete
[ 2026-05-27 22:13:11,781] 49 root - INFO - Started Regular Expression mapping
[ 2026-05-27 22:13:11,781] 174 root - INFO - Data transformation complete
[ 2026-05-27 22:13:11,781] 49 root - INFO - Started Regular Expression mapping
[ 2026-05-27 22:13:11,782] 174 root - INFO - Data transformation complete
[ 2026-05-27 22:13:11,782] 49 root - INFO - Started Regular Expression mapping
[ 2026-05-27 22:13:11,782] 174 root - INFO - Data transformation complete
[ 2026-05-27 22:13:11,782] 49 root - INFO - Started Regular Expression mapping
[ 2026-05-27 22:13:11,782] 25 root - INFO - Match heuristic business names to paybill payments
[ 2026-05-27 22:13:11,782] 174 root - INFO - Data transformation complete
[ 2026-05-27 22:13:11,782] 49 root - INFO - Started Regular Expression mapping
[ 2026-05-27 22:13:11,783] 174 root - INFO - Data transformation complete
[ 2026-05-27 22:13:11,783] 49 root - INFO - Started Regular Expression mapping
[ 2026-05-27 22:13:11,783] 25 root - INFO - Match heuristic business names to paybill payments
[ 2026-05-27 22:13:11,783] 174 root - INFO - Data transformation complete
[ 2026-05-27 22:13:11,783] 49 root - INFO - Started Regular Expression mapping
[ 2026-05-27 22:13:11,783] 174 root - INFO - Data transformation complete
[ 2026-05-27 22:13:11,784] 49 root - INFO - Started Regular Expression mapping
[ 2026-05-27 22:13:11,784] 174 root - INFO - Data transformation complete
[ 2026-05-27 22:13:11,784] 49 root - INFO - Started Regular Expression mapping
[ 2026-05-27 22:13:11,784] 25 root - INFO - Match heuristic business names to paybill payments
[ 2026-05-27 22:13:11,784] 174 root - INFO - Data transformation complete
[ 2026-05-27 22:13:11,784] 49 root - INFO - Started Regular Expression mapping
[ 2026-05-27 22:13:11,784] 25 root - INFO - Match heuristic business names to paybill payments
[ 2026-05-27 22:13:11,785] 174 root - INFO - Data transformation complete
[ 2026-05-27 22:13:11,785] 49 root - INFO - Started Regular Expression mapping
[ 2026-05-27 22:13:11,785] 25 root - INFO - Match heuristic business names to paybill payments
[ 2026-05-27 22:13:11,785] 174 root - INFO - Data transformation complete
[ 2026-05-27 22:13:11,785] 49 root - INFO - Started Regular Expression mapping
[ 2026-05-27 22:13:11,785] 174 root - INFO - Data transformation complete
[ 2026-05-27 22:13:11,785] 49 root - INFO - Started Regular Expression mapping
[ 2026-05-27 22:13:11,786] 174 root - INFO - Data transformation complete
[ 2026-05-27 22:13:11,786] 49 root - INFO - Started Regular Expression mapping
[ 2026-05-27 22:13:11,786] 25 root - INFO - Match heuristic business names to paybill payments
[ 2026-05-27 22:13:11,786] 174 root - INFO - Data transformation complete
[ 2026-05-27 22:13:11,786] 49 root - INFO - Started Regular Expression mapping
[ 2026-05-27 22:13:11,786] 174 root - INFO - Data transformation complete
[ 2026-05-27 22:13:11,786] 49 root - INFO - Started Regular Expression mapping
[ 2026-05-27 22:13:11,787] 174 root - INFO - Data transformation complete
[ 2026-05-27 22:13:11,787] 49 root - INFO - Started Regular Expression mapping
[ 2026-05-27 22:13:11,787] 174 root - INFO - Data transformation complete
[ 2026-05-27 22:13:11,787] 49 root - INFO - Started Regular Expression mapping
[ 2026-05-27 22:13:11,787] 174 root - INFO - Data transformation complete
[ 2026-05-27 22:13:11,787] 49 root - INFO - Started Regular Expression mapping
[ 2026-05-27 22:13:11,788] 25 root - INFO - Match heuristic business names to paybill payments
[ 2026-05-27 22:13:11,788] 174 root - INFO - Data transformation complete
[ 2026-05-27 22:13:11,788] 49 root - INFO - Started Regular Expression mapping
[ 2026-05-27 22:13:11,788] 174 root - INFO - Data transformation complete
[ 2026-05-27 22:13:11,788] 49 root - INFO - Started Regular Expression mapping
[ 2026-05-27 22:13:11,788] 174 root - INFO - Data transformation complete
[ 2026-05-27 22:13:11,789] 49 root - INFO - Started Regular Expression mapping
[ 2026-05-27 22:13:11,789] 174 root - INFO - Data transformation complete
[ 2026-05-27 22:13:11,789] 49 root - INFO - Started Regular Expression mapping
[ 2026-05-27 22:13:11,789] 25 root - INFO - Match heuristic business names to paybill payments
[ 2026-05-27 22:13:11,789] 174 root - INFO - Data transformation complete
[ 2026-05-27 22:13:11,789] 49 root - INFO - Started Regular Expression mapping
[ 2026-05-27 22:13:11,789] 174 root - INFO - Data transformation complete
[ 2026-05-27 22:13:11,790] 49 root - INFO - Started Regular Expression mapping
[ 2026-05-27 22:13:11,790] 174 root - INFO - Data transformation complete
[ 2026-05-27 22:13:11,790] 49 root - INFO - Started Regular Expression mapping
[ 2026-05-27 22:13:11,790] 25 root - INFO - Match heuristic business names to paybill payments
[ 2026-05-27 22:13:11,790] 174 root - INFO - Data transformation complete
[ 2026-05-27 22:13:11,790] 49 root - INFO - Started Regular Expression mapping
[ 2026-05-27 22:13:11,790] 25 root - INFO - Match heuristic business names to paybill payments
[ 2026-05-27 22:13:11,791] 174 root - INFO - Data transformation complete
[ 2026-05-27 22:13:11,791] 49 root - INFO - Started Regular Expression mapping
[ 2026-05-27 22:13:11,791] 174 root - INFO - Data transformation complete
[ 2026-05-27 22:13:11,791] 49 root - INFO - Started Regular Expression mapping
[ 2026-05-27 22:13:11,791] 174 root - INFO - Data transformation complete
[ 2026-05-27 22:13:11,791] 49 root - INFO - Started Regular Expression mapping
[ 2026-05-27 22:13:11,792] 174 root - INFO - Data transformation complete
[ 2026-05-27 22:13:11,792] 49 root - INFO - Started Regular Expression mapping
[ 2026-05-27 22:13:11,792] 174 root - INFO - Data transformation complete
[ 2026-05-27 22:13:11,792] 49 root - INFO - Started Regular Expression mapping
[ 2026-05-27 22:13:11,792] 25 root - INFO - Match heuristic business names to paybill payments
[ 2026-05-27 22:13:11,792] 174 root - INFO - Data transformation complete
[ 2026-05-27 22:13:11,792] 49 root - INFO - Started Regular Expression mapping
[ 2026-05-27 22:13:11,793] 174 root - INFO - Data transformation complete
[ 2026-05-27 22:13:11,793] 49 root - INFO - Started Regular Expression mapping
[ 2026-05-27 22:13:11,793] 174 root - INFO - Data transformation complete
[ 2026-05-27 22:13:11,793] 49 root - INFO - Started Regular Expression mapping
[ 2026-05-27 22:13:11,793] 25 root - INFO - Match heuristic business names to paybill payments
[ 2026-05-27 22:13:11,794] 174 root - INFO - Data transformation complete
[ 2026-05-27 22:13:11,794] 49 root - INFO - Started Regular Expression mapping
[ 2026-05-27 22:13:11,794] 25 root - INFO - Match heuristic business names to paybill payments
[ 2026-05-27 22:13:11,794] 174 root - INFO - Data transformation complete
[ 2026-05-27 22:13:11,795] 49 root - INFO - Started Regular Expression mapping
[ 2026-05-27 22:13:11,795] 174 root - INFO - Data transformation complete
[ 2026-05-27 22:13:11,795] 49 root - INFO - Started Regular Expression mapping
[ 2026-05-27 22:13:11,795] 174 root - INFO - Data transformation complete
[ 2026-05-27 22:13:11,795] 49 root - INFO - Started Regular Expression mapping
[ 2026-05-27 22:13:11,796] 174 root - INFO - Data transformation complete
[ 2026-05-27 22:13:11,796] 49 root - INFO - Started Regular Expression mapping
[ 2026-05-27 22:13:11,796] 25 root - INFO - Match heuristic business names to paybill payments
[ 2026-05-27 22:13:11,796] 174 root - INFO - Data transformation complete
[ 2026-05-27 22:13:11,796] 49 root - INFO - Started Regular Expression mapping
[ 2026-05-27 22:13:11,797] 25 root - INFO - Match heuristic business names to paybill payments
[ 2026-05-27 22:13:11,797] 174 root - INFO - Data transformation complete
[ 2026-05-27 22:13:11,797] 49 root - INFO - Started Regular Expression mapping
[ 2026-05-27 22:13:11,797] 174 root - INFO - Data transformation complete
[ 2026-05-27 22:13:11,797] 49 root - INFO - Started Regular Expression mapping
[ 2026-05-27 22:13:11,797] 25 root - INFO - Match heuristic business names to paybill payments
[ 2026-05-27 22:13:11,797] 174 root - INFO - Data transformation complete
[ 2026-05-27 22:13:11,798] 49 root - INFO - Started Regular Expression mapping
[ 2026-05-27 22:13:11,798] 174 root - INFO - Data transformation complete
[ 2026-05-27 22:13:11,798] 49 root - INFO - Started Regular Expression mapping
[ 2026-05-27 22:13:11,798] 174 root - INFO - Data transformation complete
[ 2026-05-27 22:13:11,798] 49 root - INFO - Started Regular Expression mapping
[ 2026-05-27 22:13:11,798] 174 root - INFO - Data transformation complete
[ 2026-05-27 22:13:11,799] 49 root - INFO - Started Regular Expression mapping
[ 2026-05-27 22:13:11,799] 25 root - INFO - Match heuristic business names to paybill payments
[ 2026-05-27 22:13:11,799] 174 root - INFO - Data transformation complete
[ 2026-05-27 22:13:11,799] 49 root - INFO - Started Regular Expression mapping
[ 2026-05-27 22:13:11,799] 25 root - INFO - Match heuristic business names to paybill payments
[ 2026-05-27 22:13:11,799] 174 root - INFO - Data transformation complete
[ 2026-05-27 22:13:11,799] 49 root - INFO - Started Regular Expression mapping
[ 2026-05-27 22:13:11,800] 174 root - INFO - Data transformation complete
[ 2026-05-27 22:13:11,800] 49 root - INFO - Started Regular Expression mapping
[ 2026-05-27 22:13:11,800] 174 root - INFO - Data transformation complete
[ 2026-05-27 22:13:11,800] 49 root - INFO - Started Regular Expression mapping
[ 2026-05-27 22:13:11,800] 174 root - INFO - Data transformation complete
[ 2026-05-27 22:13:11,800] 49 root - INFO - Started Regular Expression mapping
[ 2026-05-27 22:13:11,801] 174 root - INFO - Data transformation complete
[ 2026-05-27 22:13:11,801] 49 root - INFO - Started Regular Expression mapping
[ 2026-05-27 22:13:11,801] 174 root - INFO - Data transformation complete
[ 2026-05-27 22:13:11,801] 49 root - INFO - Started Regular Expression mapping
[ 2026-05-27 22:13:11,801] 174 root - INFO - Data transformation complete
[ 2026-05-27 22:13:11,801] 49 root - INFO - Started Regular Expression mapping
[ 2026-05-27 22:13:11,801] 25 root - INFO - Match heuristic business names to paybill payments
[ 2026-05-27 22:13:11,802] 174 root - INFO - Data transformation complete
[ 2026-05-27 22:13:11,802] 49 root - INFO - Started Regular Expression mapping
[ 2026-05-27 22:13:11,802] 174 root - INFO - Data transformation complete
[ 2026-05-27 22:13:11,802] 49 root - INFO - Started Regular Expression mapping
[ 2026-05-27 22:13:11,802] 174 root - INFO - Data transformation complete
[ 2026-05-27 22:13:11,802] 49 root - INFO - Started Regular Expression mapping
[ 2026-05-27 22:13:11,803] 174 root - INFO - Data transformation complete
[ 2026-05-27 22:13:11,803] 49 root - INFO - Started Regular Expression mapping
[ 2026-05-27 22:13:11,803] 174 root - INFO - Data transformation complete
[ 2026-05-27 22:13:11,803] 49 root - INFO - Started Regular Expression mapping
[ 2026-05-27 22:13:11,803] 25 root - INFO - Match heuristic business names to paybill payments
[ 2026-05-27 22:13:11,803] 174 root - INFO - Data transformation complete
[ 2026-05-27 22:13:11,803] 49 root - INFO - Started Regular Expression mapping
[ 2026-05-27 22:13:11,804] 174 root - INFO - Data transformation complete
[ 2026-05-27 22:13:11,804] 49 root - INFO - Started Regular Expression mapping
[ 2026-05-27 22:13:11,804] 174 root - INFO - Data transformation complete
[ 2026-05-27 22:13:11,804] 49 root - INFO - Started Regular Expression mapping
[ 2026-05-27 22:13:11,804] 174 root - INFO - Data transformation complete
[ 2026-05-27 22:13:11,804] 49 root - INFO - Started Regular Expression mapping
[ 2026-05-27 22:13:11,805] 174 root - INFO - Data transformation complete
[ 2026-05-27 22:13:11,805] 49 root - INFO - Started Regular Expression mapping
[ 2026-05-27 22:13:11,805] 174 root - INFO - Data transformation complete
[ 2026-05-27 22:13:11,805] 49 root - INFO - Started Regular Expression mapping
[ 2026-05-27 22:13:11,805] 174 root - INFO - Data transformation complete
[ 2026-05-27 22:13:11,805] 49 root - INFO - Started Regular Expression mapping
[ 2026-05-27 22:13:11,805] 174 root - INFO - Data transformation complete
[ 2026-05-27 22:13:11,806] 49 root - INFO - Started Regular Expression mapping
[ 2026-05-27 22:13:11,806] 25 root - INFO - Match heuristic business names to paybill payments
[ 2026-05-27 22:13:11,806] 174 root - INFO - Data transformation complete
[ 2026-05-27 22:13:11,806] 49 root - INFO - Started Regular Expression mapping
[ 2026-05-27 22:13:11,806] 174 root - INFO - Data transformation complete
[ 2026-05-27 22:13:11,806] 49 root - INFO - Started Regular Expression mapping
[ 2026-05-27 22:13:11,807] 174 root - INFO - Data transformation complete
[ 2026-05-27 22:13:11,807] 49 root - INFO - Started Regular Expression mapping
[ 2026-05-27 22:13:11,807] 174 root - INFO - Data transformation complete
[ 2026-05-27 22:13:11,807] 49 root - INFO - Started Regular Expression mapping
[ 2026-05-27 22:13:11,807] 174 root - INFO - Data transformation complete
[ 2026-05-27 22:13:11,807] 49 root - INFO - Started Regular Expression mapping
[ 2026-05-27 22:13:11,807] 25 root - INFO - Match heuristic business names to paybill payments
[ 2026-05-27 22:13:11,808] 174 root - INFO - Data transformation complete
[ 2026-05-27 22:13:11,808] 49 root - INFO - Started Regular Expression mapping
[ 2026-05-27 22:13:11,808] 174 root - INFO - Data transformation complete
[ 2026-05-27 22:13:11,808] 49 root - INFO - Started Regular Expression mapping
[ 2026-05-27 22:13:11,808] 174 root - INFO - Data transformation complete
[ 2026-05-27 22:13:11,808] 49 root - INFO - Started Regular Expression mapping
[ 2026-05-27 22:13:11,808] 174 root - INFO - Data transformation complete
[ 2026-05-27 22:13:11,809] 49 root - INFO - Started Regular Expression mapping
[ 2026-05-27 22:13:11,809] 25 root - INFO - Match heuristic business names to paybill payments
[ 2026-05-27 22:13:11,809] 174 root - INFO - Data transformation complete
[ 2026-05-27 22:13:11,810] 49 root - INFO - Started Regular Expression mapping
[ 2026-05-27 22:13:11,810] 25 root - INFO - Match heuristic business names to paybill payments
[ 2026-05-27 22:13:11,810] 174 root - INFO - Data transformation complete
[ 2026-05-27 22:13:11,811] 49 root - INFO - Started Regular Expression mapping
[ 2026-05-27 22:13:11,811] 174 root - INFO - Data transformation complete
[ 2026-05-27 22:13:11,811] 49 root - INFO - Started Regular Expression mapping
[ 2026-05-27 22:13:11,811] 25 root - INFO - Match heuristic business names to paybill payments
[ 2026-05-27 22:13:11,811] 174 root - INFO - Data transformation complete
[ 2026-05-27 22:13:11,812] 49 root - INFO - Started Regular Expression mapping
[ 2026-05-27 22:13:11,812] 174 root - INFO - Data transformation complete
[ 2026-05-27 22:13:11,812] 49 root - INFO - Started Regular Expression mapping
[ 2026-05-27 22:13:11,812] 174 root - INFO - Data transformation complete
[ 2026-05-27 22:13:11,812] 49 root - INFO - Started Regular Expression mapping
[ 2026-05-27 22:13:11,812] 174 root - INFO - Data transformation complete
[ 2026-05-27 22:13:11,813] 49 root - INFO - Started Regular Expression mapping
[ 2026-05-27 22:13:11,813] 174 root - INFO - Data transformation complete
[ 2026-05-27 22:13:11,813] 49 root - INFO - Started Regular Expression mapping
[ 2026-05-27 22:13:11,813] 174 root - INFO - Data transformation complete
[ 2026-05-27 22:13:11,813] 49 root - INFO - Started Regular Expression mapping
[ 2026-05-27 22:13:11,813] 174 root - INFO - Data transformation complete
[ 2026-05-27 22:13:11,813] 49 root - INFO - Started Regular Expression mapping
[ 2026-05-27 22:13:11,814] 174 root - INFO - Data transformation complete
[ 2026-05-27 22:13:11,814] 49 root - INFO - Started Regular Expression mapping
[ 2026-05-27 22:13:11,814] 174 root - INFO - Data transformation complete
[ 2026-05-27 22:13:11,814] 49 root - INFO - Started Regular Expression mapping
[ 2026-05-27 22:13:11,814] 174 root - INFO - Data transformation complete
[ 2026-05-27 22:13:11,814] 49 root - INFO - Started Regular Expression mapping
[ 2026-05-27 22:13:11,815] 174 root - INFO - Data transformation complete
[ 2026-05-27 22:13:11,815] 49 root - INFO - Started Regular Expression mapping
[ 2026-05-27 22:13:11,815] 174 root - INFO - Data transformation complete
[ 2026-05-27 22:13:11,815] 49 root - INFO - Started Regular Expression mapping
[ 2026-05-27 22:13:11,815] 25 root - INFO - Match heuristic business names to paybill payments
[ 2026-05-27 22:13:11,816] 174 root - INFO - Data transformation complete
[ 2026-05-27 22:13:11,816] 49 root - INFO - Started Regular Expression mapping
[ 2026-05-27 22:13:11,816] 174 root - INFO - Data transformation complete
[ 2026-05-27 22:13:11,816] 49 root - INFO - Started Regular Expression mapping
[ 2026-05-27 22:13:11,816] 174 root - INFO - Data transformation complete
[ 2026-05-27 22:13:11,816] 49 root - INFO - Started Regular Expression mapping
[ 2026-05-27 22:13:11,817] 174 root - INFO - Data transformation complete
[ 2026-05-27 22:13:11,817] 49 root - INFO - Started Regular Expression mapping
[ 2026-05-27 22:13:11,817] 174 root - INFO - Data transformation complete
[ 2026-05-27 22:13:11,817] 49 root - INFO - Started Regular Expression mapping
[ 2026-05-27 22:13:11,817] 174 root - INFO - Data transformation complete
[ 2026-05-27 22:13:11,817] 49 root - INFO - Started Regular Expression mapping
[ 2026-05-27 22:13:11,818] 174 root - INFO - Data transformation complete
[ 2026-05-27 22:13:11,818] 49 root - INFO - Started Regular Expression mapping
[ 2026-05-27 22:13:11,818] 174 root - INFO - Data transformation complete
[ 2026-05-27 22:13:11,818] 49 root - INFO - Started Regular Expression mapping
[ 2026-05-27 22:13:11,818] 25 root - INFO - Match heuristic business names to paybill payments
[ 2026-05-27 22:13:11,818] 174 root - INFO - Data transformation complete
[ 2026-05-27 22:13:11,818] 49 root - INFO - Started Regular Expression mapping
[ 2026-05-27 22:13:11,819] 174 root - INFO - Data transformation complete
[ 2026-05-27 22:13:11,819] 49 root - INFO - Started Regular Expression mapping
[ 2026-05-27 22:13:11,819] 174 root - INFO - Data transformation complete
[ 2026-05-27 22:13:11,819] 49 root - INFO - Started Regular Expression mapping
[ 2026-05-27 22:13:11,819] 174 root - INFO - Data transformation complete
[ 2026-05-27 22:13:11,819] 49 root - INFO - Started Regular Expression mapping
[ 2026-05-27 22:13:11,819] 174 root - INFO - Data transformation complete
[ 2026-05-27 22:13:11,820] 49 root - INFO - Started Regular Expression mapping
[ 2026-05-27 22:13:11,820] 174 root - INFO - Data transformation complete
[ 2026-05-27 22:13:11,820] 49 root - INFO - Started Regular Expression mapping
[ 2026-05-27 22:13:11,820] 25 root - INFO - Match heuristic business names to paybill payments
[ 2026-05-27 22:13:11,820] 174 root - INFO - Data transformation complete
[ 2026-05-27 22:13:11,820] 49 root - INFO - Started Regular Expression mapping
[ 2026-05-27 22:13:11,821] 174 root - INFO - Data transformation complete
[ 2026-05-27 22:13:11,821] 49 root - INFO - Started Regular Expression mapping
[ 2026-05-27 22:13:11,821] 25 root - INFO - Match heuristic business names to paybill payments
[ 2026-05-27 22:13:11,821] 174 root - INFO - Data transformation complete
[ 2026-05-27 22:13:11,821] 49 root - INFO - Started Regular Expression mapping
[ 2026-05-27 22:13:11,821] 25 root - INFO - Match heuristic business names to paybill payments
[ 2026-05-27 22:13:11,821] 174 root - INFO - Data transformation complete
[ 2026-05-27 22:13:11,822] 49 root - INFO - Started Regular Expression mapping
[ 2026-05-27 22:13:11,822] 174 root - INFO - Data transformation complete
[ 2026-05-27 22:13:11,822] 49 root - INFO - Started Regular Expression mapping
[ 2026-05-27 22:13:11,822] 174 root - INFO - Data transformation complete
[ 2026-05-27 22:13:11,822] 49 root - INFO - Started Regular Expression mapping
[ 2026-05-27 22:13:11,822] 174 root - INFO - Data transformation complete
[ 2026-05-27 22:13:11,822] 49 root - INFO - Started Regular Expression mapping
[ 2026-05-27 22:13:11,823] 174 root - INFO - Data transformation complete
[ 2026-05-27 22:13:11,823] 49 root - INFO - Started Regular Expression mapping
[ 2026-05-27 22:13:11,823] 174 root - INFO - Data transformation complete
[ 2026-05-27 22:13:11,823] 49 root - INFO - Started Regular Expression mapping
[ 2026-05-27 22:13:11,823] 174 root - INFO - Data transformation complete
[ 2026-05-27 22:13:11,823] 49 root - INFO - Started Regular Expression mapping
[ 2026-05-27 22:13:11,824] 174 root - INFO - Data transformation complete
[ 2026-05-27 22:13:11,824] 49 root - INFO - Started Regular Expression mapping
[ 2026-05-27 22:13:11,824] 174 root - INFO - Data transformation complete
[ 2026-05-27 22:13:11,824] 49 root - INFO - Started Regular Expression mapping
[ 2026-05-27 22:13:11,824] 174 root - INFO - Data transformation complete
[ 2026-05-27 22:13:11,824] 49 root - INFO - Started Regular Expression mapping
[ 2026-05-27 22:13:11,825] 174 root - INFO - Data transformation complete
[ 2026-05-27 22:13:11,825] 49 root - INFO - Started Regular Expression mapping
[ 2026-05-27 22:13:11,825] 25 root - INFO - Match heuristic business names to paybill payments
[ 2026-05-27 22:13:11,825] 174 root - INFO - Data transformation complete
[ 2026-05-27 22:13:11,825] 49 root - INFO - Started Regular Expression mapping
[ 2026-05-27 22:13:11,825] 174 root - INFO - Data transformation complete
[ 2026-05-27 22:13:11,825] 49 root - INFO - Started Regular Expression mapping
[ 2026-05-27 22:13:11,826] 174 root - INFO - Data transformation complete
[ 2026-05-27 22:13:11,827] 49 root - INFO - Started Regular Expression mapping
[ 2026-05-27 22:13:11,827] 174 root - INFO - Data transformation complete
[ 2026-05-27 22:13:11,827] 49 root - INFO - Started Regular Expression mapping
[ 2026-05-27 22:13:11,828] 25 root - INFO - Match heuristic business names to paybill payments
[ 2026-05-27 22:13:11,828] 174 root - INFO - Data transformation complete
[ 2026-05-27 22:13:11,828] 49 root - INFO - Started Regular Expression mapping
[ 2026-05-27 22:13:11,828] 174 root - INFO - Data transformation complete
[ 2026-05-27 22:13:11,828] 49 root - INFO - Started Regular Expression mapping
[ 2026-05-27 22:13:11,829] 174 root - INFO - Data transformation complete
[ 2026-05-27 22:13:11,829] 49 root - INFO - Started Regular Expression mapping
[ 2026-05-27 22:13:11,829] 174 root - INFO - Data transformation complete
[ 2026-05-27 22:13:11,829] 49 root - INFO - Started Regular Expression mapping
[ 2026-05-27 22:13:11,829] 174 root - INFO - Data transformation complete
[ 2026-05-27 22:13:11,830] 49 root - INFO - Started Regular Expression mapping
[ 2026-05-27 22:13:11,830] 174 root - INFO - Data transformation complete
[ 2026-05-27 22:13:11,830] 49 root - INFO - Started Regular Expression mapping
[ 2026-05-27 22:13:11,830] 174 root - INFO - Data transformation complete
[ 2026-05-27 22:13:11,830] 49 root - INFO - Started Regular Expression mapping
[ 2026-05-27 22:13:11,830] 174 root - INFO - Data transformation complete
[ 2026-05-27 22:13:11,830] 49 root - INFO - Started Regular Expression mapping
[ 2026-05-27 22:13:11,831] 25 root - INFO - Match heuristic business names to paybill payments
[ 2026-05-27 22:13:11,831] 174 root - INFO - Data transformation complete
[ 2026-05-27 22:13:11,831] 49 root - INFO - Started Regular Expression mapping
[ 2026-05-27 22:13:11,831] 174 root - INFO - Data transformation complete
[ 2026-05-27 22:13:11,831] 49 root - INFO - Started Regular Expression mapping
[ 2026-05-27 22:13:11,831] 174 root - INFO - Data transformation complete
[ 2026-05-27 22:13:11,832] 49 root - INFO - Started Regular Expression mapping
[ 2026-05-27 22:13:11,832] 174 root - INFO - Data transformation complete
[ 2026-05-27 22:13:11,832] 49 root - INFO - Started Regular Expression mapping
[ 2026-05-27 22:13:11,832] 174 root - INFO - Data transformation complete
[ 2026-05-27 22:13:11,832] 49 root - INFO - Started Regular Expression mapping
[ 2026-05-27 22:13:11,832] 174 root - INFO - Data transformation complete
[ 2026-05-27 22:13:11,832] 49 root - INFO - Started Regular Expression mapping
[ 2026-05-27 22:13:11,833] 174 root - INFO - Data transformation complete
[ 2026-05-27 22:13:11,833] 49 root - INFO - Started Regular Expression mapping
[ 2026-05-27 22:13:11,833] 174 root - INFO - Data transformation complete
[ 2026-05-27 22:13:11,833] 49 root - INFO - Started Regular Expression mapping
[ 2026-05-27 22:13:11,833] 174 root - INFO - Data transformation complete
[ 2026-05-27 22:13:11,833] 49 root - INFO - Started Regular Expression mapping
[ 2026-05-27 22:13:11,834] 174 root - INFO - Data transformation complete
[ 2026-05-27 22:13:11,834] 49 root - INFO - Started Regular Expression mapping
[ 2026-05-27 22:13:11,834] 174 root - INFO - Data transformation complete
[ 2026-05-27 22:13:11,834] 49 root - INFO - Started Regular Expression mapping
[ 2026-05-27 22:13:11,834] 174 root - INFO - Data transformation complete
[ 2026-05-27 22:13:11,834] 49 root - INFO - Started Regular Expression mapping
[ 2026-05-27 22:13:11,835] 174 root - INFO - Data transformation complete
[ 2026-05-27 22:13:11,835] 49 root - INFO - Started Regular Expression mapping
[ 2026-05-27 22:13:11,835] 174 root - INFO - Data transformation complete
[ 2026-05-27 22:13:11,835] 49 root - INFO - Started Regular Expression mapping
[ 2026-05-27 22:13:11,835] 174 root - INFO - Data transformation complete
[ 2026-05-27 22:13:11,835] 49 root - INFO - Started Regular Expression mapping
[ 2026-05-27 22:13:11,835] 174 root - INFO - Data transformation complete
[ 2026-05-27 22:13:11,836] 49 root - INFO - Started Regular Expression mapping
[ 2026-05-27 22:13:11,836] 174 root - INFO - Data transformation complete
[ 2026-05-27 22:13:11,836] 49 root - INFO - Started Regular Expression mapping
[ 2026-05-27 22:13:11,836] 174 root - INFO - Data transformation complete
[ 2026-05-27 22:13:11,836] 49 root - INFO - Started Regular Expression mapping
[ 2026-05-27 22:13:11,836] 174 root - INFO - Data transformation complete
[ 2026-05-27 22:13:11,836] 49 root - INFO - Started Regular Expression mapping
[ 2026-05-27 22:13:11,837] 174 root - INFO - Data transformation complete
[ 2026-05-27 22:13:11,837] 49 root - INFO - Started Regular Expression mapping
[ 2026-05-27 22:13:11,837] 174 root - INFO - Data transformation complete
[ 2026-05-27 22:13:11,837] 49 root - INFO - Started Regular Expression mapping
[ 2026-05-27 22:13:11,837] 174 root - INFO - Data transformation complete
[ 2026-05-27 22:13:11,837] 49 root - INFO - Started Regular Expression mapping
[ 2026-05-27 22:13:11,838] 25 root - INFO - Match heuristic business names to paybill payments
[ 2026-05-27 22:13:11,838] 174 root - INFO - Data transformation complete
[ 2026-05-27 22:13:11,838] 49 root - INFO - Started Regular Expression mapping
[ 2026-05-27 22:13:11,838] 25 root - INFO - Match heuristic business names to paybill payments
[ 2026-05-27 22:13:11,838] 174 root - INFO - Data transformation complete
[ 2026-05-27 22:13:11,838] 49 root - INFO - Started Regular Expression mapping
[ 2026-05-27 22:13:11,839] 25 root - INFO - Match heuristic business names to paybill payments
[ 2026-05-27 22:13:11,839] 174 root - INFO - Data transformation complete
[ 2026-05-27 22:13:11,839] 49 root - INFO - Started Regular Expression mapping
[ 2026-05-27 22:13:11,839] 174 root - INFO - Data transformation complete
[ 2026-05-27 22:13:11,839] 49 root - INFO - Started Regular Expression mapping
[ 2026-05-27 22:13:11,839] 174 root - INFO - Data transformation complete
[ 2026-05-27 22:13:11,839] 49 root - INFO - Started Regular Expression mapping
[ 2026-05-27 22:13:11,840] 174 root - INFO - Data transformation complete
[ 2026-05-27 22:13:11,840] 49 root - INFO - Started Regular Expression mapping
[ 2026-05-27 22:13:11,840] 174 root - INFO - Data transformation complete
[ 2026-05-27 22:13:11,840] 49 root - INFO - Started Regular Expression mapping
[ 2026-05-27 22:13:11,840] 25 root - INFO - Match heuristic business names to paybill payments
[ 2026-05-27 22:13:11,840] 174 root - INFO - Data transformation complete
[ 2026-05-27 22:13:11,840] 49 root - INFO - Started Regular Expression mapping
[ 2026-05-27 22:13:11,841] 174 root - INFO - Data transformation complete
[ 2026-05-27 22:13:11,841] 49 root - INFO - Started Regular Expression mapping
[ 2026-05-27 22:13:11,841] 174 root - INFO - Data transformation complete
[ 2026-05-27 22:13:11,841] 49 root - INFO - Started Regular Expression mapping
[ 2026-05-27 22:13:11,841] 174 root - INFO - Data transformation complete
[ 2026-05-27 22:13:11,841] 49 root - INFO - Started Regular Expression mapping
[ 2026-05-27 22:13:11,842] 174 root - INFO - Data transformation complete
[ 2026-05-27 22:13:11,842] 49 root - INFO - Started Regular Expression mapping
[ 2026-05-27 22:13:11,842] 174 root - INFO - Data transformation complete
[ 2026-05-27 22:13:11,842] 49 root - INFO - Started Regular Expression mapping
[ 2026-05-27 22:13:11,842] 174 root - INFO - Data transformation complete
[ 2026-05-27 22:13:11,842] 49 root - INFO - Started Regular Expression mapping
[ 2026-05-27 22:13:11,843] 174 root - INFO - Data transformation complete
[ 2026-05-27 22:13:11,843] 49 root - INFO - Started Regular Expression mapping
[ 2026-05-27 22:13:11,843] 174 root - INFO - Data transformation complete
[ 2026-05-27 22:13:11,843] 49 root - INFO - Started Regular Expression mapping
[ 2026-05-27 22:13:11,843] 174 root - INFO - Data transformation complete
[ 2026-05-27 22:13:11,843] 49 root - INFO - Started Regular Expression mapping
[ 2026-05-27 22:13:11,844] 25 root - INFO - Match heuristic business names to paybill payments
[ 2026-05-27 22:13:11,844] 174 root - INFO - Data transformation complete
[ 2026-05-27 22:13:11,844] 49 root - INFO - Started Regular Expression mapping
[ 2026-05-27 22:13:11,844] 174 root - INFO - Data transformation complete
[ 2026-05-27 22:13:11,844] 49 root - INFO - Started Regular Expression mapping
[ 2026-05-27 22:13:11,844] 174 root - INFO - Data transformation complete
[ 2026-05-27 22:13:11,845] 49 root - INFO - Started Regular Expression mapping
[ 2026-05-27 22:13:11,845] 174 root - INFO - Data transformation complete
[ 2026-05-27 22:13:11,845] 49 root - INFO - Started Regular Expression mapping
[ 2026-05-27 22:13:11,845] 174 root - INFO - Data transformation complete
[ 2026-05-27 22:13:11,845] 49 root - INFO - Started Regular Expression mapping
[ 2026-05-27 22:13:11,845] 174 root - INFO - Data transformation complete
[ 2026-05-27 22:13:11,845] 49 root - INFO - Started Regular Expression mapping
[ 2026-05-27 22:13:11,846] 174 root - INFO - Data transformation complete
[ 2026-05-27 22:13:11,846] 49 root - INFO - Started Regular Expression mapping
[ 2026-05-27 22:13:11,846] 174 root - INFO - Data transformation complete
[ 2026-05-27 22:13:11,846] 49 root - INFO - Started Regular Expression mapping
[ 2026-05-27 22:13:11,846] 174 root - INFO - Data transformation complete
[ 2026-05-27 22:13:11,846] 49 root - INFO - Started Regular Expression mapping
[ 2026-05-27 22:13:11,847] 25 root - INFO - Match heuristic business names to paybill payments
[ 2026-05-27 22:13:11,847] 174 root - INFO - Data transformation complete
[ 2026-05-27 22:13:11,847] 49 root - INFO - Started Regular Expression mapping
[ 2026-05-27 22:13:11,847] 174 root - INFO - Data transformation complete
[ 2026-05-27 22:13:11,847] 49 root - INFO - Started Regular Expression mapping
[ 2026-05-27 22:13:11,847] 25 root - INFO - Match heuristic business names to paybill payments
[ 2026-05-27 22:13:11,847] 174 root - INFO - Data transformation complete
[ 2026-05-27 22:13:11,848] 49 root - INFO - Started Regular Expression mapping
[ 2026-05-27 22:13:11,848] 25 root - INFO - Match heuristic business names to paybill payments
[ 2026-05-27 22:13:11,848] 174 root - INFO - Data transformation complete
[ 2026-05-27 22:13:11,848] 49 root - INFO - Started Regular Expression mapping
[ 2026-05-27 22:13:11,848] 174 root - INFO - Data transformation complete
[ 2026-05-27 22:13:11,848] 49 root - INFO - Started Regular Expression mapping
[ 2026-05-27 22:13:11,849] 174 root - INFO - Data transformation complete
[ 2026-05-27 22:13:11,849] 49 root - INFO - Started Regular Expression mapping
[ 2026-05-27 22:13:11,849] 25 root - INFO - Match heuristic business names to paybill payments
[ 2026-05-27 22:13:11,849] 174 root - INFO - Data transformation complete
[ 2026-05-27 22:13:11,849] 49 root - INFO - Started Regular Expression mapping
[ 2026-05-27 22:13:11,849] 174 root - INFO - Data transformation complete
[ 2026-05-27 22:13:11,849] 49 root - INFO - Started Regular Expression mapping
[ 2026-05-27 22:13:11,850] 25 root - INFO - Match heuristic business names to paybill payments
[ 2026-05-27 22:13:11,850] 174 root - INFO - Data transformation complete
[ 2026-05-27 22:13:11,850] 49 root - INFO - Started Regular Expression mapping
[ 2026-05-27 22:13:11,850] 174 root - INFO - Data transformation complete
[ 2026-05-27 22:13:11,850] 49 root - INFO - Started Regular Expression mapping
[ 2026-05-27 22:13:11,850] 25 root - INFO - Match heuristic business names to paybill payments
[ 2026-05-27 22:13:11,850] 174 root - INFO - Data transformation complete
[ 2026-05-27 22:13:11,851] 49 root - INFO - Started Regular Expression mapping
[ 2026-05-27 22:13:11,851] 174 root - INFO - Data transformation complete
[ 2026-05-27 22:13:11,851] 49 root - INFO - Started Regular Expression mapping
[ 2026-05-27 22:13:11,851] 25 root - INFO - Match heuristic business names to paybill payments
[ 2026-05-27 22:13:11,851] 174 root - INFO - Data transformation complete
[ 2026-05-27 22:13:11,851] 49 root - INFO - Started Regular Expression mapping
[ 2026-05-27 22:13:11,852] 174 root - INFO - Data transformation complete
[ 2026-05-27 22:13:11,852] 49 root - INFO - Started Regular Expression mapping
[ 2026-05-27 22:13:11,852] 174 root - INFO - Data transformation complete
[ 2026-05-27 22:13:11,852] 49 root - INFO - Started Regular Expression mapping
[ 2026-05-27 22:13:11,852] 25 root - INFO - Match heuristic business names to paybill payments
[ 2026-05-27 22:13:11,852] 174 root - INFO - Data transformation complete
[ 2026-05-27 22:13:11,852] 49 root - INFO - Started Regular Expression mapping
[ 2026-05-27 22:13:11,853] 174 root - INFO - Data transformation complete
[ 2026-05-27 22:13:11,853] 49 root - INFO - Started Regular Expression mapping
[ 2026-05-27 22:13:11,853] 174 root - INFO - Data transformation complete
[ 2026-05-27 22:13:11,853] 49 root - INFO - Started Regular Expression mapping
[ 2026-05-27 22:13:11,853] 174 root - INFO - Data transformation complete
[ 2026-05-27 22:13:11,853] 49 root - INFO - Started Regular Expression mapping
[ 2026-05-27 22:13:11,853] 174 root - INFO - Data transformation complete
[ 2026-05-27 22:13:11,854] 49 root - INFO - Started Regular Expression mapping
[ 2026-05-27 22:13:11,854] 174 root - INFO - Data transformation complete
[ 2026-05-27 22:13:11,854] 49 root - INFO - Started Regular Expression mapping
[ 2026-05-27 22:13:11,854] 174 root - INFO - Data transformation complete
[ 2026-05-27 22:13:11,854] 49 root - INFO - Started Regular Expression mapping
[ 2026-05-27 22:13:11,854] 174 root - INFO - Data transformation complete
[ 2026-05-27 22:13:11,855] 49 root - INFO - Started Regular Expression mapping
[ 2026-05-27 22:13:11,855] 174 root - INFO - Data transformation complete
[ 2026-05-27 22:13:11,855] 49 root - INFO - Started Regular Expression mapping
[ 2026-05-27 22:13:11,855] 174 root - INFO - Data transformation complete
[ 2026-05-27 22:13:11,855] 49 root - INFO - Started Regular Expression mapping
[ 2026-05-27 22:13:11,855] 174 root - INFO - Data transformation complete
[ 2026-05-27 22:13:11,855] 49 root - INFO - Started Regular Expression mapping
[ 2026-05-27 22:13:11,856] 174 root - INFO - Data transformation complete
[ 2026-05-27 22:13:11,856] 49 root - INFO - Started Regular Expression mapping
[ 2026-05-27 22:13:11,856] 25 root - INFO - Match heuristic business names to paybill payments
[ 2026-05-27 22:13:11,856] 174 root - INFO - Data transformation complete
[ 2026-05-27 22:13:11,856] 49 root - INFO - Started Regular Expression mapping
[ 2026-05-27 22:13:11,856] 25 root - INFO - Match heuristic business names to paybill payments
[ 2026-05-27 22:13:11,857] 174 root - INFO - Data transformation complete
[ 2026-05-27 22:13:11,857] 49 root - INFO - Started Regular Expression mapping
[ 2026-05-27 22:13:11,857] 25 root - INFO - Match heuristic business names to paybill payments
[ 2026-05-27 22:13:11,857] 174 root - INFO - Data transformation complete
[ 2026-05-27 22:13:11,857] 49 root - INFO - Started Regular Expression mapping
[ 2026-05-27 22:13:11,857] 174 root - INFO - Data transformation complete
[ 2026-05-27 22:13:11,857] 49 root - INFO - Started Regular Expression mapping
[ 2026-05-27 22:13:11,858] 174 root - INFO - Data transformation complete
[ 2026-05-27 22:13:11,858] 49 root - INFO - Started Regular Expression mapping
[ 2026-05-27 22:13:11,858] 25 root - INFO - Match heuristic business names to paybill payments
[ 2026-05-27 22:13:11,858] 174 root - INFO - Data transformation complete
[ 2026-05-27 22:13:11,858] 49 root - INFO - Started Regular Expression mapping
[ 2026-05-27 22:13:11,858] 25 root - INFO - Match heuristic business names to paybill payments
[ 2026-05-27 22:13:11,859] 174 root - INFO - Data transformation complete
[ 2026-05-27 22:13:11,859] 49 root - INFO - Started Regular Expression mapping
[ 2026-05-27 22:13:11,859] 25 root - INFO - Match heuristic business names to paybill payments
[ 2026-05-27 22:13:11,859] 174 root - INFO - Data transformation complete
[ 2026-05-27 22:13:11,859] 49 root - INFO - Started Regular Expression mapping
[ 2026-05-27 22:13:11,860] 174 root - INFO - Data transformation complete
[ 2026-05-27 22:13:11,860] 49 root - INFO - Started Regular Expression mapping
[ 2026-05-27 22:13:11,860] 174 root - INFO - Data transformation complete
[ 2026-05-27 22:13:11,860] 49 root - INFO - Started Regular Expression mapping
[ 2026-05-27 22:13:11,861] 174 root - INFO - Data transformation complete
[ 2026-05-27 22:13:11,861] 49 root - INFO - Started Regular Expression mapping
[ 2026-05-27 22:13:11,861] 174 root - INFO - Data transformation complete
[ 2026-05-27 22:13:11,861] 49 root - INFO - Started Regular Expression mapping
[ 2026-05-27 22:13:11,861] 174 root - INFO - Data transformation complete
[ 2026-05-27 22:13:11,861] 49 root - INFO - Started Regular Expression mapping
[ 2026-05-27 22:13:11,861] 174 root - INFO - Data transformation complete
[ 2026-05-27 22:13:11,862] 49 root - INFO - Started Regular Expression mapping
[ 2026-05-27 22:13:11,862] 174 root - INFO - Data transformation complete
[ 2026-05-27 22:13:11,862] 49 root - INFO - Started Regular Expression mapping
[ 2026-05-27 22:13:11,862] 174 root - INFO - Data transformation complete
[ 2026-05-27 22:13:11,862] 49 root - INFO - Started Regular Expression mapping
[ 2026-05-27 22:13:11,862] 174 root - INFO - Data transformation complete
[ 2026-05-27 22:13:11,863] 49 root - INFO - Started Regular Expression mapping
[ 2026-05-27 22:13:11,863] 174 root - INFO - Data transformation complete
[ 2026-05-27 22:13:11,863] 49 root - INFO - Started Regular Expression mapping
[ 2026-05-27 22:13:11,863] 174 root - INFO - Data transformation complete
[ 2026-05-27 22:13:11,863] 49 root - INFO - Started Regular Expression mapping
[ 2026-05-27 22:13:11,863] 174 root - INFO - Data transformation complete
[ 2026-05-27 22:13:11,863] 49 root - INFO - Started Regular Expression mapping
[ 2026-05-27 22:13:11,864] 174 root - INFO - Data transformation complete
[ 2026-05-27 22:13:11,864] 49 root - INFO - Started Regular Expression mapping
[ 2026-05-27 22:13:11,864] 174 root - INFO - Data transformation complete
[ 2026-05-27 22:13:11,864] 49 root - INFO - Started Regular Expression mapping
[ 2026-05-27 22:13:11,864] 174 root - INFO - Data transformation complete
[ 2026-05-27 22:13:11,864] 49 root - INFO - Started Regular Expression mapping
[ 2026-05-27 22:13:11,865] 174 root - INFO - Data transformation complete
[ 2026-05-27 22:13:11,865] 49 root - INFO - Started Regular Expression mapping
[ 2026-05-27 22:13:11,865] 174 root - INFO - Data transformation complete
[ 2026-05-27 22:13:11,865] 49 root - INFO - Started Regular Expression mapping
[ 2026-05-27 22:13:11,865] 174 root - INFO - Data transformation complete
[ 2026-05-27 22:13:11,865] 49 root - INFO - Started Regular Expression mapping
[ 2026-05-27 22:13:11,865] 174 root - INFO - Data transformation complete
[ 2026-05-27 22:13:11,866] 49 root - INFO - Started Regular Expression mapping
[ 2026-05-27 22:13:11,866] 25 root - INFO - Match heuristic business names to paybill payments
[ 2026-05-27 22:13:11,866] 174 root - INFO - Data transformation complete
[ 2026-05-27 22:13:11,866] 49 root - INFO - Started Regular Expression mapping
[ 2026-05-27 22:13:11,866] 25 root - INFO - Match heuristic business names to paybill payments
[ 2026-05-27 22:13:11,866] 174 root - INFO - Data transformation complete
[ 2026-05-27 22:13:11,867] 49 root - INFO - Started Regular Expression mapping
[ 2026-05-27 22:13:11,867] 174 root - INFO - Data transformation complete
[ 2026-05-27 22:13:11,867] 49 root - INFO - Started Regular Expression mapping
[ 2026-05-27 22:13:11,867] 174 root - INFO - Data transformation complete
[ 2026-05-27 22:13:11,867] 49 root - INFO - Started Regular Expression mapping
[ 2026-05-27 22:13:11,867] 174 root - INFO - Data transformation complete
[ 2026-05-27 22:13:11,867] 49 root - INFO - Started Regular Expression mapping
[ 2026-05-27 22:13:11,868] 174 root - INFO - Data transformation complete
[ 2026-05-27 22:13:11,868] 49 root - INFO - Started Regular Expression mapping
[ 2026-05-27 22:13:11,868] 174 root - INFO - Data transformation complete
[ 2026-05-27 22:13:11,868] 49 root - INFO - Started Regular Expression mapping
[ 2026-05-27 22:13:11,868] 174 root - INFO - Data transformation complete
[ 2026-05-27 22:13:11,868] 49 root - INFO - Started Regular Expression mapping
[ 2026-05-27 22:13:11,869] 174 root - INFO - Data transformation complete
[ 2026-05-27 22:13:11,869] 49 root - INFO - Started Regular Expression mapping
[ 2026-05-27 22:13:11,869] 174 root - INFO - Data transformation complete
[ 2026-05-27 22:13:11,869] 49 root - INFO - Started Regular Expression mapping
[ 2026-05-27 22:13:11,869] 174 root - INFO - Data transformation complete
[ 2026-05-27 22:13:11,869] 49 root - INFO - Started Regular Expression mapping
[ 2026-05-27 22:13:11,870] 174 root - INFO - Data transformation complete
[ 2026-05-27 22:13:11,870] 49 root - INFO - Started Regular Expression mapping
[ 2026-05-27 22:13:11,870] 25 root - INFO - Match heuristic business names to paybill payments
[ 2026-05-27 22:13:11,870] 174 root - INFO - Data transformation complete
[ 2026-05-27 22:13:11,870] 49 root - INFO - Started Regular Expression mapping
[ 2026-05-27 22:13:11,870] 25 root - INFO - Match heuristic business names to paybill payments
[ 2026-05-27 22:13:11,870] 174 root - INFO - Data transformation complete
[ 2026-05-27 22:13:11,871] 49 root - INFO - Started Regular Expression mapping
[ 2026-05-27 22:13:11,871] 25 root - INFO - Match heuristic business names to paybill payments
[ 2026-05-27 22:13:11,871] 174 root - INFO - Data transformation complete
[ 2026-05-27 22:13:11,871] 49 root - INFO - Started Regular Expression mapping
[ 2026-05-27 22:13:11,871] 25 root - INFO - Match heuristic business names to paybill payments
[ 2026-05-27 22:13:11,871] 174 root - INFO - Data transformation complete
[ 2026-05-27 22:13:11,871] 49 root - INFO - Started Regular Expression mapping
[ 2026-05-27 22:13:11,872] 25 root - INFO - Match heuristic business names to paybill payments
[ 2026-05-27 22:13:11,872] 174 root - INFO - Data transformation complete
[ 2026-05-27 22:13:11,872] 49 root - INFO - Started Regular Expression mapping
[ 2026-05-27 22:13:11,872] 174 root - INFO - Data transformation complete
[ 2026-05-27 22:13:11,872] 49 root - INFO - Started Regular Expression mapping
[ 2026-05-27 22:13:11,872] 174 root - INFO - Data transformation complete
[ 2026-05-27 22:13:11,872] 49 root - INFO - Started Regular Expression mapping
[ 2026-05-27 22:13:11,873] 174 root - INFO - Data transformation complete
[ 2026-05-27 22:13:11,873] 49 root - INFO - Started Regular Expression mapping
[ 2026-05-27 22:13:11,873] 174 root - INFO - Data transformation complete
[ 2026-05-27 22:13:11,873] 49 root - INFO - Started Regular Expression mapping
[ 2026-05-27 22:13:11,873] 174 root - INFO - Data transformation complete
[ 2026-05-27 22:13:11,873] 49 root - INFO - Started Regular Expression mapping
[ 2026-05-27 22:13:11,874] 174 root - INFO - Data transformation complete
[ 2026-05-27 22:13:11,874] 49 root - INFO - Started Regular Expression mapping
[ 2026-05-27 22:13:11,874] 174 root - INFO - Data transformation complete
[ 2026-05-27 22:13:11,874] 49 root - INFO - Started Regular Expression mapping
[ 2026-05-27 22:13:11,874] 174 root - INFO - Data transformation complete
[ 2026-05-27 22:13:11,874] 49 root - INFO - Started Regular Expression mapping
[ 2026-05-27 22:13:11,875] 174 root - INFO - Data transformation complete
[ 2026-05-27 22:13:11,875] 49 root - INFO - Started Regular Expression mapping
[ 2026-05-27 22:13:11,875] 174 root - INFO - Data transformation complete
[ 2026-05-27 22:13:11,875] 49 root - INFO - Started Regular Expression mapping
[ 2026-05-27 22:13:11,875] 25 root - INFO - Match heuristic business names to paybill payments
[ 2026-05-27 22:13:11,875] 174 root - INFO - Data transformation complete
[ 2026-05-27 22:13:11,875] 49 root - INFO - Started Regular Expression mapping
[ 2026-05-27 22:13:11,876] 174 root - INFO - Data transformation complete
[ 2026-05-27 22:13:11,876] 49 root - INFO - Started Regular Expression mapping
[ 2026-05-27 22:13:11,876] 174 root - INFO - Data transformation complete
[ 2026-05-27 22:13:11,876] 49 root - INFO - Started Regular Expression mapping
[ 2026-05-27 22:13:11,876] 25 root - INFO - Match heuristic business names to paybill payments
[ 2026-05-27 22:13:11,877] 174 root - INFO - Data transformation complete
[ 2026-05-27 22:13:11,877] 49 root - INFO - Started Regular Expression mapping
[ 2026-05-27 22:13:11,877] 174 root - INFO - Data transformation complete
[ 2026-05-27 22:13:11,877] 49 root - INFO - Started Regular Expression mapping
[ 2026-05-27 22:13:11,877] 25 root - INFO - Match heuristic business names to paybill payments
[ 2026-05-27 22:13:11,877] 174 root - INFO - Data transformation complete
[ 2026-05-27 22:13:11,877] 49 root - INFO - Started Regular Expression mapping
[ 2026-05-27 22:13:11,878] 174 root - INFO - Data transformation complete
[ 2026-05-27 22:13:11,878] 49 root - INFO - Started Regular Expression mapping
[ 2026-05-27 22:13:11,878] 25 root - INFO - Match heuristic business names to paybill payments
[ 2026-05-27 22:13:11,878] 174 root - INFO - Data transformation complete
[ 2026-05-27 22:13:11,878] 49 root - INFO - Started Regular Expression mapping
[ 2026-05-27 22:13:11,878] 25 root - INFO - Match heuristic business names to paybill payments
[ 2026-05-27 22:13:11,878] 174 root - INFO - Data transformation complete
[ 2026-05-27 22:13:11,879] 49 root - INFO - Started Regular Expression mapping
[ 2026-05-27 22:13:11,879] 174 root - INFO - Data transformation complete
[ 2026-05-27 22:13:11,879] 49 root - INFO - Started Regular Expression mapping
[ 2026-05-27 22:13:11,879] 25 root - INFO - Match heuristic business names to paybill payments
[ 2026-05-27 22:13:11,879] 174 root - INFO - Data transformation complete
[ 2026-05-27 22:13:11,879] 49 root - INFO - Started Regular Expression mapping
[ 2026-05-27 22:13:11,880] 174 root - INFO - Data transformation complete
[ 2026-05-27 22:13:11,880] 49 root - INFO - Started Regular Expression mapping
[ 2026-05-27 22:13:11,880] 25 root - INFO - Match heuristic business names to paybill payments
[ 2026-05-27 22:13:11,880] 174 root - INFO - Data transformation complete
[ 2026-05-27 22:13:11,880] 49 root - INFO - Started Regular Expression mapping
[ 2026-05-27 22:13:11,880] 174 root - INFO - Data transformation complete
[ 2026-05-27 22:13:11,880] 49 root - INFO - Started Regular Expression mapping
[ 2026-05-27 22:13:11,881] 25 root - INFO - Match heuristic business names to paybill payments
[ 2026-05-27 22:13:11,881] 174 root - INFO - Data transformation complete
[ 2026-05-27 22:13:11,881] 49 root - INFO - Started Regular Expression mapping
[ 2026-05-27 22:13:11,881] 25 root - INFO - Match heuristic business names to paybill payments
[ 2026-05-27 22:13:11,881] 174 root - INFO - Data transformation complete
[ 2026-05-27 22:13:11,881] 49 root - INFO - Started Regular Expression mapping
[ 2026-05-27 22:13:11,881] 25 root - INFO - Match heuristic business names to paybill payments
[ 2026-05-27 22:13:11,882] 174 root - INFO - Data transformation complete
[ 2026-05-27 22:13:11,882] 49 root - INFO - Started Regular Expression mapping
[ 2026-05-27 22:13:11,882] 174 root - INFO - Data transformation complete
[ 2026-05-27 22:13:11,882] 49 root - INFO - Started Regular Expression mapping
[ 2026-05-27 22:13:11,882] 174 root - INFO - Data transformation complete
[ 2026-05-27 22:13:11,882] 49 root - INFO - Started Regular Expression mapping
[ 2026-05-27 22:13:11,882] 25 root - INFO - Match heuristic business names to paybill payments
[ 2026-05-27 22:13:11,883] 174 root - INFO - Data transformation complete
[ 2026-05-27 22:13:11,883] 49 root - INFO - Started Regular Expression mapping
[ 2026-05-27 22:13:11,883] 25 root - INFO - Match heuristic business names to paybill payments
[ 2026-05-27 22:13:11,883] 174 root - INFO - Data transformation complete
[ 2026-05-27 22:13:11,883] 49 root - INFO - Started Regular Expression mapping
[ 2026-05-27 22:13:11,883] 25 root - INFO - Match heuristic business names to paybill payments
[ 2026-05-27 22:13:11,883] 174 root - INFO - Data transformation complete
[ 2026-05-27 22:13:11,884] 49 root - INFO - Started Regular Expression mapping
[ 2026-05-27 22:13:11,884] 174 root - INFO - Data transformation complete
[ 2026-05-27 22:13:11,884] 49 root - INFO - Started Regular Expression mapping
[ 2026-05-27 22:13:11,884] 174 root - INFO - Data transformation complete
[ 2026-05-27 22:13:11,884] 49 root - INFO - Started Regular Expression mapping
[ 2026-05-27 22:13:11,884] 25 root - INFO - Match heuristic business names to paybill payments
[ 2026-05-27 22:13:11,884] 174 root - INFO - Data transformation complete
[ 2026-05-27 22:13:11,885] 49 root - INFO - Started Regular Expression mapping
[ 2026-05-27 22:13:11,885] 25 root - INFO - Match heuristic business names to paybill payments
[ 2026-05-27 22:13:11,885] 174 root - INFO - Data transformation complete
[ 2026-05-27 22:13:11,885] 49 root - INFO - Started Regular Expression mapping
[ 2026-05-27 22:13:11,885] 25 root - INFO - Match heuristic business names to paybill payments
[ 2026-05-27 22:13:11,885] 174 root - INFO - Data transformation complete
[ 2026-05-27 22:13:11,885] 49 root - INFO - Started Regular Expression mapping
[ 2026-05-27 22:13:11,886] 174 root - INFO - Data transformation complete
[ 2026-05-27 22:13:11,886] 49 root - INFO - Started Regular Expression mapping
[ 2026-05-27 22:13:11,886] 25 root - INFO - Match heuristic business names to paybill payments
[ 2026-05-27 22:13:11,886] 174 root - INFO - Data transformation complete
[ 2026-05-27 22:13:11,886] 49 root - INFO - Started Regular Expression mapping
[ 2026-05-27 22:13:11,886] 174 root - INFO - Data transformation complete
[ 2026-05-27 22:13:11,886] 49 root - INFO - Started Regular Expression mapping
[ 2026-05-27 22:13:11,887] 174 root - INFO - Data transformation complete
[ 2026-05-27 22:13:11,887] 49 root - INFO - Started Regular Expression mapping
[ 2026-05-27 22:13:11,887] 174 root - INFO - Data transformation complete
[ 2026-05-27 22:13:11,887] 49 root - INFO - Started Regular Expression mapping
[ 2026-05-27 22:13:11,887] 174 root - INFO - Data transformation complete
[ 2026-05-27 22:13:11,887] 49 root - INFO - Started Regular Expression mapping
[ 2026-05-27 22:13:11,888] 174 root - INFO - Data transformation complete
[ 2026-05-27 22:13:11,888] 49 root - INFO - Started Regular Expression mapping
[ 2026-05-27 22:13:11,888] 174 root - INFO - Data transformation complete
[ 2026-05-27 22:13:11,888] 49 root - INFO - Started Regular Expression mapping
[ 2026-05-27 22:13:11,888] 174 root - INFO - Data transformation complete
[ 2026-05-27 22:13:11,888] 49 root - INFO - Started Regular Expression mapping
[ 2026-05-27 22:13:11,889] 174 root - INFO - Data transformation complete
[ 2026-05-27 22:13:11,889] 49 root - INFO - Started Regular Expression mapping
[ 2026-05-27 22:13:11,889] 174 root - INFO - Data transformation complete
[ 2026-05-27 22:13:11,889] 49 root - INFO - Started Regular Expression mapping
[ 2026-05-27 22:13:11,889] 174 root - INFO - Data transformation complete
[ 2026-05-27 22:13:11,890] 49 root - INFO - Started Regular Expression mapping
[ 2026-05-27 22:13:11,890] 174 root - INFO - Data transformation complete
[ 2026-05-27 22:13:11,890] 49 root - INFO - Started Regular Expression mapping
[ 2026-05-27 22:13:11,890] 174 root - INFO - Data transformation complete
[ 2026-05-27 22:13:11,890] 49 root - INFO - Started Regular Expression mapping
[ 2026-05-27 22:13:11,891] 174 root - INFO - Data transformation complete
[ 2026-05-27 22:13:11,891] 49 root - INFO - Started Regular Expression mapping
[ 2026-05-27 22:13:11,891] 174 root - INFO - Data transformation complete
[ 2026-05-27 22:13:11,891] 49 root - INFO - Started Regular Expression mapping
[ 2026-05-27 22:13:11,891] 174 root - INFO - Data transformation complete
[ 2026-05-27 22:13:11,892] 49 root - INFO - Started Regular Expression mapping
[ 2026-05-27 22:13:11,892] 174 root - INFO - Data transformation complete
[ 2026-05-27 22:13:11,892] 49 root - INFO - Started Regular Expression mapping
[ 2026-05-27 22:13:11,892] 174 root - INFO - Data transformation complete
[ 2026-05-27 22:13:11,892] 49 root - INFO - Started Regular Expression mapping
[ 2026-05-27 22:13:11,892] 174 root - INFO - Data transformation complete
[ 2026-05-27 22:13:11,893] 49 root - INFO - Started Regular Expression mapping
[ 2026-05-27 22:13:11,893] 174 root - INFO - Data transformation complete
[ 2026-05-27 22:13:11,893] 49 root - INFO - Started Regular Expression mapping
[ 2026-05-27 22:13:11,893] 174 root - INFO - Data transformation complete
[ 2026-05-27 22:13:11,893] 49 root - INFO - Started Regular Expression mapping
[ 2026-05-27 22:13:11,894] 25 root - INFO - Match heuristic business names to paybill payments
[ 2026-05-27 22:13:11,894] 174 root - INFO - Data transformation complete
[ 2026-05-27 22:13:11,894] 49 root - INFO - Started Regular Expression mapping
[ 2026-05-27 22:13:11,894] 174 root - INFO - Data transformation complete
[ 2026-05-27 22:13:11,894] 49 root - INFO - Started Regular Expression mapping
[ 2026-05-27 22:13:11,894] 174 root - INFO - Data transformation complete
[ 2026-05-27 22:13:11,895] 49 root - INFO - Started Regular Expression mapping
[ 2026-05-27 22:13:11,895] 174 root - INFO - Data transformation complete
[ 2026-05-27 22:13:11,895] 49 root - INFO - Started Regular Expression mapping
[ 2026-05-27 22:13:11,895] 174 root - INFO - Data transformation complete
[ 2026-05-27 22:13:11,895] 49 root - INFO - Started Regular Expression mapping
[ 2026-05-27 22:13:11,895] 174 root - INFO - Data transformation complete
[ 2026-05-27 22:13:11,895] 49 root - INFO - Started Regular Expression mapping
[ 2026-05-27 22:13:11,896] 174 root - INFO - Data transformation complete
[ 2026-05-27 22:13:11,896] 49 root - INFO - Started Regular Expression mapping
[ 2026-05-27 22:13:11,896] 174 root - INFO - Data transformation complete
[ 2026-05-27 22:13:11,896] 49 root - INFO - Started Regular Expression mapping
[ 2026-05-27 22:13:11,896] 25 root - INFO - Match heuristic business names to paybill payments
[ 2026-05-27 22:13:11,896] 174 root - INFO - Data transformation complete
[ 2026-05-27 22:13:11,896] 49 root - INFO - Started Regular Expression mapping
[ 2026-05-27 22:13:11,897] 25 root - INFO - Match heuristic business names to paybill payments
[ 2026-05-27 22:13:11,897] 174 root - INFO - Data transformation complete
[ 2026-05-27 22:13:11,897] 49 root - INFO - Started Regular Expression mapping
[ 2026-05-27 22:13:11,897] 25 root - INFO - Match heuristic business names to paybill payments
[ 2026-05-27 22:13:11,897] 174 root - INFO - Data transformation complete
[ 2026-05-27 22:13:11,897] 49 root - INFO - Started Regular Expression mapping
[ 2026-05-27 22:13:11,898] 174 root - INFO - Data transformation complete
[ 2026-05-27 22:13:11,898] 49 root - INFO - Started Regular Expression mapping
[ 2026-05-27 22:13:11,898] 174 root - INFO - Data transformation complete
[ 2026-05-27 22:13:11,898] 49 root - INFO - Started Regular Expression mapping
[ 2026-05-27 22:13:11,898] 174 root - INFO - Data transformation complete
[ 2026-05-27 22:13:11,898] 49 root - INFO - Started Regular Expression mapping
[ 2026-05-27 22:13:11,898] 174 root - INFO - Data transformation complete
[ 2026-05-27 22:13:11,899] 49 root - INFO - Started Regular Expression mapping
[ 2026-05-27 22:13:11,899] 174 root - INFO - Data transformation complete
[ 2026-05-27 22:13:11,899] 49 root - INFO - Started Regular Expression mapping
[ 2026-05-27 22:13:11,899] 174 root - INFO - Data transformation complete
[ 2026-05-27 22:13:11,899] 49 root - INFO - Started Regular Expression mapping
[ 2026-05-27 22:13:11,900] 174 root - INFO - Data transformation complete
[ 2026-05-27 22:13:11,900] 49 root - INFO - Started Regular Expression mapping
[ 2026-05-27 22:13:11,900] 25 root - INFO - Match heuristic business names to paybill payments
[ 2026-05-27 22:13:11,900] 174 root - INFO - Data transformation complete
[ 2026-05-27 22:13:11,900] 49 root - INFO - Started Regular Expression mapping
[ 2026-05-27 22:13:11,900] 174 root - INFO - Data transformation complete
[ 2026-05-27 22:13:11,900] 49 root - INFO - Started Regular Expression mapping
[ 2026-05-27 22:13:11,901] 174 root - INFO - Data transformation complete
[ 2026-05-27 22:13:11,901] 49 root - INFO - Started Regular Expression mapping
[ 2026-05-27 22:13:11,901] 25 root - INFO - Match heuristic business names to paybill payments
[ 2026-05-27 22:13:11,901] 174 root - INFO - Data transformation complete
[ 2026-05-27 22:13:11,901] 49 root - INFO - Started Regular Expression mapping
[ 2026-05-27 22:13:11,901] 174 root - INFO - Data transformation complete
[ 2026-05-27 22:13:11,901] 49 root - INFO - Started Regular Expression mapping
[ 2026-05-27 22:13:11,902] 174 root - INFO - Data transformation complete
[ 2026-05-27 22:13:11,902] 49 root - INFO - Started Regular Expression mapping
[ 2026-05-27 22:13:11,902] 174 root - INFO - Data transformation complete
[ 2026-05-27 22:13:11,902] 49 root - INFO - Started Regular Expression mapping
[ 2026-05-27 22:13:11,902] 25 root - INFO - Match heuristic business names to paybill payments
[ 2026-05-27 22:13:11,902] 174 root - INFO - Data transformation complete
[ 2026-05-27 22:13:11,902] 49 root - INFO - Started Regular Expression mapping
[ 2026-05-27 22:13:11,903] 174 root - INFO - Data transformation complete
[ 2026-05-27 22:13:11,903] 49 root - INFO - Started Regular Expression mapping
[ 2026-05-27 22:13:11,903] 174 root - INFO - Data transformation complete
[ 2026-05-27 22:13:11,903] 49 root - INFO - Started Regular Expression mapping
[ 2026-05-27 22:13:11,903] 25 root - INFO - Match heuristic business names to paybill payments
[ 2026-05-27 22:13:11,903] 174 root - INFO - Data transformation complete
[ 2026-05-27 22:13:11,904] 49 root - INFO - Started Regular Expression mapping
[ 2026-05-27 22:13:11,904] 174 root - INFO - Data transformation complete
[ 2026-05-27 22:13:11,904] 49 root - INFO - Started Regular Expression mapping
[ 2026-05-27 22:13:11,905] 174 root - INFO - Data transformation complete
[ 2026-05-27 22:13:11,905] 49 root - INFO - Started Regular Expression mapping
[ 2026-05-27 22:13:11,905] 174 root - INFO - Data transformation complete
[ 2026-05-27 22:13:11,905] 49 root - INFO - Started Regular Expression mapping
[ 2026-05-27 22:13:11,905] 25 root - INFO - Match heuristic business names to paybill payments
[ 2026-05-27 22:13:11,906] 174 root - INFO - Data transformation complete
[ 2026-05-27 22:13:11,906] 49 root - INFO - Started Regular Expression mapping
[ 2026-05-27 22:13:11,906] 174 root - INFO - Data transformation complete
[ 2026-05-27 22:13:11,906] 49 root - INFO - Started Regular Expression mapping
[ 2026-05-27 22:13:11,906] 25 root - INFO - Match heuristic business names to paybill payments
[ 2026-05-27 22:13:11,907] 174 root - INFO - Data transformation complete
[ 2026-05-27 22:13:11,907] 49 root - INFO - Started Regular Expression mapping
[ 2026-05-27 22:13:11,907] 174 root - INFO - Data transformation complete
[ 2026-05-27 22:13:11,907] 49 root - INFO - Started Regular Expression mapping
[ 2026-05-27 22:13:11,907] 25 root - INFO - Match heuristic business names to paybill payments
[ 2026-05-27 22:13:11,907] 174 root - INFO - Data transformation complete
[ 2026-05-27 22:13:11,907] 49 root - INFO - Started Regular Expression mapping
[ 2026-05-27 22:13:11,908] 174 root - INFO - Data transformation complete
[ 2026-05-27 22:13:11,908] 49 root - INFO - Started Regular Expression mapping
[ 2026-05-27 22:13:11,908] 174 root - INFO - Data transformation complete
[ 2026-05-27 22:13:11,908] 49 root - INFO - Started Regular Expression mapping
[ 2026-05-27 22:13:11,908] 174 root - INFO - Data transformation complete
[ 2026-05-27 22:13:11,908] 49 root - INFO - Started Regular Expression mapping
[ 2026-05-27 22:13:11,909] 174 root - INFO - Data transformation complete
[ 2026-05-27 22:13:11,909] 49 root - INFO - Started Regular Expression mapping
[ 2026-05-27 22:13:11,909] 174 root - INFO - Data transformation complete
[ 2026-05-27 22:13:11,909] 49 root - INFO - Started Regular Expression mapping
[ 2026-05-27 22:13:11,909] 174 root - INFO - Data transformation complete
[ 2026-05-27 22:13:11,909] 49 root - INFO - Started Regular Expression mapping
[ 2026-05-27 22:13:11,909] 174 root - INFO - Data transformation complete
[ 2026-05-27 22:13:11,910] 49 root - INFO - Started Regular Expression mapping
[ 2026-05-27 22:13:11,910] 25 root - INFO - Match heuristic business names to paybill payments
[ 2026-05-27 22:13:11,910] 174 root - INFO - Data transformation complete
[ 2026-05-27 22:13:11,910] 49 root - INFO - Started Regular Expression mapping
[ 2026-05-27 22:13:11,910] 25 root - INFO - Match heuristic business names to paybill payments
[ 2026-05-27 22:13:11,910] 174 root - INFO - Data transformation complete
[ 2026-05-27 22:13:11,911] 49 root - INFO - Started Regular Expression mapping
[ 2026-05-27 22:13:11,911] 174 root - INFO - Data transformation complete
[ 2026-05-27 22:13:11,911] 49 root - INFO - Started Regular Expression mapping
[ 2026-05-27 22:13:11,911] 174 root - INFO - Data transformation complete
[ 2026-05-27 22:13:11,911] 49 root - INFO - Started Regular Expression mapping
[ 2026-05-27 22:13:11,911] 174 root - INFO - Data transformation complete
[ 2026-05-27 22:13:11,912] 49 root - INFO - Started Regular Expression mapping
[ 2026-05-27 22:13:11,912] 174 root - INFO - Data transformation complete
[ 2026-05-27 22:13:11,912] 49 root - INFO - Started Regular Expression mapping
[ 2026-05-27 22:13:11,912] 174 root - INFO - Data transformation complete
[ 2026-05-27 22:13:11,912] 49 root - INFO - Started Regular Expression mapping
[ 2026-05-27 22:13:11,912] 25 root - INFO - Match heuristic business names to paybill payments
[ 2026-05-27 22:13:11,913] 174 root - INFO - Data transformation complete
[ 2026-05-27 22:13:11,913] 49 root - INFO - Started Regular Expression mapping
[ 2026-05-27 22:13:11,913] 25 root - INFO - Match heuristic business names to paybill payments
[ 2026-05-27 22:13:11,913] 174 root - INFO - Data transformation complete
[ 2026-05-27 22:13:11,913] 49 root - INFO - Started Regular Expression mapping
[ 2026-05-27 22:13:11,913] 174 root - INFO - Data transformation complete
[ 2026-05-27 22:13:11,913] 49 root - INFO - Started Regular Expression mapping
[ 2026-05-27 22:13:11,914] 174 root - INFO - Data transformation complete
[ 2026-05-27 22:13:11,914] 49 root - INFO - Started Regular Expression mapping
[ 2026-05-27 22:13:11,914] 174 root - INFO - Data transformation complete
[ 2026-05-27 22:13:11,914] 49 root - INFO - Started Regular Expression mapping
[ 2026-05-27 22:13:11,914] 174 root - INFO - Data transformation complete
[ 2026-05-27 22:13:11,914] 49 root - INFO - Started Regular Expression mapping
[ 2026-05-27 22:13:11,914] 174 root - INFO - Data transformation complete
[ 2026-05-27 22:13:11,915] 49 root - INFO - Started Regular Expression mapping
[ 2026-05-27 22:13:11,915] 25 root - INFO - Match heuristic business names to paybill payments
[ 2026-05-27 22:13:11,915] 174 root - INFO - Data transformation complete
[ 2026-05-27 22:13:11,915] 49 root - INFO - Started Regular Expression mapping
[ 2026-05-27 22:13:11,915] 25 root - INFO - Match heuristic business names to paybill payments
[ 2026-05-27 22:13:11,915] 174 root - INFO - Data transformation complete
[ 2026-05-27 22:13:11,916] 49 root - INFO - Started Regular Expression mapping
[ 2026-05-27 22:13:11,916] 174 root - INFO - Data transformation complete
[ 2026-05-27 22:13:11,916] 49 root - INFO - Started Regular Expression mapping
[ 2026-05-27 22:13:11,916] 174 root - INFO - Data transformation complete
[ 2026-05-27 22:13:11,916] 49 root - INFO - Started Regular Expression mapping
[ 2026-05-27 22:13:11,916] 174 root - INFO - Data transformation complete
[ 2026-05-27 22:13:11,916] 49 root - INFO - Started Regular Expression mapping
[ 2026-05-27 22:13:11,917] 25 root - INFO - Match heuristic business names to paybill payments
[ 2026-05-27 22:13:11,917] 174 root - INFO - Data transformation complete
[ 2026-05-27 22:13:11,917] 49 root - INFO - Started Regular Expression mapping
[ 2026-05-27 22:13:11,917] 174 root - INFO - Data transformation complete
[ 2026-05-27 22:13:11,917] 49 root - INFO - Started Regular Expression mapping
[ 2026-05-27 22:13:11,917] 174 root - INFO - Data transformation complete
[ 2026-05-27 22:13:11,918] 49 root - INFO - Started Regular Expression mapping
[ 2026-05-27 22:13:11,918] 174 root - INFO - Data transformation complete
[ 2026-05-27 22:13:11,918] 49 root - INFO - Started Regular Expression mapping
[ 2026-05-27 22:13:11,918] 174 root - INFO - Data transformation complete
[ 2026-05-27 22:13:11,918] 49 root - INFO - Started Regular Expression mapping
[ 2026-05-27 22:13:11,918] 174 root - INFO - Data transformation complete
[ 2026-05-27 22:13:11,918] 49 root - INFO - Started Regular Expression mapping
[ 2026-05-27 22:13:11,919] 174 root - INFO - Data transformation complete
[ 2026-05-27 22:13:11,919] 49 root - INFO - Started Regular Expression mapping
[ 2026-05-27 22:13:11,919] 25 root - INFO - Match heuristic business names to paybill payments
[ 2026-05-27 22:13:11,920] 174 root - INFO - Data transformation complete
[ 2026-05-27 22:13:11,920] 49 root - INFO - Started Regular Expression mapping
[ 2026-05-27 22:13:11,920] 25 root - INFO - Match heuristic business names to paybill payments
[ 2026-05-27 22:13:11,920] 174 root - INFO - Data transformation complete
[ 2026-05-27 22:13:11,920] 49 root - INFO - Started Regular Expression mapping
[ 2026-05-27 22:13:11,921] 174 root - INFO - Data transformation complete
[ 2026-05-27 22:13:11,921] 49 root - INFO - Started Regular Expression mapping
[ 2026-05-27 22:13:11,921] 174 root - INFO - Data transformation complete
[ 2026-05-27 22:13:11,921] 49 root - INFO - Started Regular Expression mapping
[ 2026-05-27 22:13:11,921] 174 root - INFO - Data transformation complete
[ 2026-05-27 22:13:11,921] 49 root - INFO - Started Regular Expression mapping
[ 2026-05-27 22:13:11,922] 25 root - INFO - Match heuristic business names to paybill payments
[ 2026-05-27 22:13:11,922] 174 root - INFO - Data transformation complete
[ 2026-05-27 22:13:11,922] 49 root - INFO - Started Regular Expression mapping
[ 2026-05-27 22:13:11,922] 25 root - INFO - Match heuristic business names to paybill payments
[ 2026-05-27 22:13:11,922] 174 root - INFO - Data transformation complete
[ 2026-05-27 22:13:11,922] 49 root - INFO - Started Regular Expression mapping
[ 2026-05-27 22:13:11,922] 25 root - INFO - Match heuristic business names to paybill payments
[ 2026-05-27 22:13:11,923] 174 root - INFO - Data transformation complete
[ 2026-05-27 22:13:11,923] 49 root - INFO - Started Regular Expression mapping
[ 2026-05-27 22:13:11,923] 25 root - INFO - Match heuristic business names to paybill payments
[ 2026-05-27 22:13:11,923] 174 root - INFO - Data transformation complete
[ 2026-05-27 22:13:11,923] 49 root - INFO - Started Regular Expression mapping
[ 2026-05-27 22:13:11,923] 174 root - INFO - Data transformation complete
[ 2026-05-27 22:13:11,923] 49 root - INFO - Started Regular Expression mapping
[ 2026-05-27 22:13:11,924] 174 root - INFO - Data transformation complete
[ 2026-05-27 22:13:11,924] 49 root - INFO - Started Regular Expression mapping
[ 2026-05-27 22:13:11,924] 174 root - INFO - Data transformation complete
[ 2026-05-27 22:13:11,924] 49 root - INFO - Started Regular Expression mapping
[ 2026-05-27 22:13:11,924] 25 root - INFO - Match heuristic business names to paybill payments
[ 2026-05-27 22:13:11,924] 174 root - INFO - Data transformation complete
[ 2026-05-27 22:13:11,924] 49 root - INFO - Started Regular Expression mapping
[ 2026-05-27 22:13:11,925] 25 root - INFO - Match heuristic business names to paybill payments
[ 2026-05-27 22:13:11,925] 174 root - INFO - Data transformation complete
[ 2026-05-27 22:13:11,925] 49 root - INFO - Started Regular Expression mapping
[ 2026-05-27 22:13:11,925] 174 root - INFO - Data transformation complete
[ 2026-05-27 22:13:11,925] 49 root - INFO - Started Regular Expression mapping
[ 2026-05-27 22:13:11,925] 174 root - INFO - Data transformation complete
[ 2026-05-27 22:13:11,926] 49 root - INFO - Started Regular Expression mapping
[ 2026-05-27 22:13:11,926] 174 root - INFO - Data transformation complete
[ 2026-05-27 22:13:11,926] 49 root - INFO - Started Regular Expression mapping
[ 2026-05-27 22:13:11,926] 174 root - INFO - Data transformation complete
[ 2026-05-27 22:13:11,926] 49 root - INFO - Started Regular Expression mapping
[ 2026-05-27 22:13:11,927] 174 root - INFO - Data transformation complete
[ 2026-05-27 22:13:11,927] 49 root - INFO - Started Regular Expression mapping
[ 2026-05-27 22:13:11,927] 174 root - INFO - Data transformation complete
[ 2026-05-27 22:13:11,927] 49 root - INFO - Started Regular Expression mapping
[ 2026-05-27 22:13:11,927] 174 root - INFO - Data transformation complete
[ 2026-05-27 22:13:11,927] 49 root - INFO - Started Regular Expression mapping
[ 2026-05-27 22:13:11,928] 174 root - INFO - Data transformation complete
[ 2026-05-27 22:13:11,928] 49 root - INFO - Started Regular Expression mapping
[ 2026-05-27 22:13:11,928] 174 root - INFO - Data transformation complete
[ 2026-05-27 22:13:11,928] 49 root - INFO - Started Regular Expression mapping
[ 2026-05-27 22:13:11,928] 25 root - INFO - Match heuristic business names to paybill payments
[ 2026-05-27 22:13:11,928] 174 root - INFO - Data transformation complete
[ 2026-05-27 22:13:11,928] 49 root - INFO - Started Regular Expression mapping
[ 2026-05-27 22:13:11,929] 174 root - INFO - Data transformation complete
[ 2026-05-27 22:13:11,929] 49 root - INFO - Started Regular Expression mapping
[ 2026-05-27 22:13:11,929] 25 root - INFO - Match heuristic business names to paybill payments
[ 2026-05-27 22:13:11,929] 174 root - INFO - Data transformation complete
[ 2026-05-27 22:13:11,929] 49 root - INFO - Started Regular Expression mapping
[ 2026-05-27 22:13:11,929] 25 root - INFO - Match heuristic business names to paybill payments
[ 2026-05-27 22:13:11,930] 174 root - INFO - Data transformation complete
[ 2026-05-27 22:13:11,930] 49 root - INFO - Started Regular Expression mapping
[ 2026-05-27 22:13:11,930] 174 root - INFO - Data transformation complete
[ 2026-05-27 22:13:11,930] 49 root - INFO - Started Regular Expression mapping
[ 2026-05-27 22:13:11,930] 174 root - INFO - Data transformation complete
[ 2026-05-27 22:13:11,930] 49 root - INFO - Started Regular Expression mapping
[ 2026-05-27 22:13:11,930] 25 root - INFO - Match heuristic business names to paybill payments
[ 2026-05-27 22:13:11,931] 174 root - INFO - Data transformation complete
[ 2026-05-27 22:13:11,931] 49 root - INFO - Started Regular Expression mapping
[ 2026-05-27 22:13:11,931] 174 root - INFO - Data transformation complete
[ 2026-05-27 22:13:11,931] 49 root - INFO - Started Regular Expression mapping
[ 2026-05-27 22:13:11,931] 174 root - INFO - Data transformation complete
[ 2026-05-27 22:13:11,931] 49 root - INFO - Started Regular Expression mapping
[ 2026-05-27 22:13:11,932] 174 root - INFO - Data transformation complete
[ 2026-05-27 22:13:11,932] 49 root - INFO - Started Regular Expression mapping
[ 2026-05-27 22:13:11,932] 174 root - INFO - Data transformation complete
[ 2026-05-27 22:13:11,932] 49 root - INFO - Started Regular Expression mapping
[ 2026-05-27 22:13:11,932] 174 root - INFO - Data transformation complete
[ 2026-05-27 22:13:11,932] 49 root - INFO - Started Regular Expression mapping
[ 2026-05-27 22:13:11,932] 174 root - INFO - Data transformation complete
[ 2026-05-27 22:13:11,933] 49 root - INFO - Started Regular Expression mapping
[ 2026-05-27 22:13:11,933] 174 root - INFO - Data transformation complete
[ 2026-05-27 22:13:11,933] 49 root - INFO - Started Regular Expression mapping
[ 2026-05-27 22:13:11,933] 174 root - INFO - Data transformation complete
[ 2026-05-27 22:13:11,933] 49 root - INFO - Started Regular Expression mapping
[ 2026-05-27 22:13:11,933] 174 root - INFO - Data transformation complete
[ 2026-05-27 22:13:11,934] 49 root - INFO - Started Regular Expression mapping
[ 2026-05-27 22:13:11,934] 174 root - INFO - Data transformation complete
[ 2026-05-27 22:13:11,934] 49 root - INFO - Started Regular Expression mapping
[ 2026-05-27 22:13:11,934] 174 root - INFO - Data transformation complete
[ 2026-05-27 22:13:11,934] 49 root - INFO - Started Regular Expression mapping
[ 2026-05-27 22:13:11,934] 25 root - INFO - Match heuristic business names to paybill payments
[ 2026-05-27 22:13:11,934] 174 root - INFO - Data transformation complete
[ 2026-05-27 22:13:11,935] 49 root - INFO - Started Regular Expression mapping
[ 2026-05-27 22:13:11,935] 174 root - INFO - Data transformation complete
[ 2026-05-27 22:13:11,935] 49 root - INFO - Started Regular Expression mapping
[ 2026-05-27 22:13:11,936] 174 root - INFO - Data transformation complete
[ 2026-05-27 22:13:11,936] 49 root - INFO - Started Regular Expression mapping
[ 2026-05-27 22:13:11,936] 174 root - INFO - Data transformation complete
[ 2026-05-27 22:13:11,936] 49 root - INFO - Started Regular Expression mapping
[ 2026-05-27 22:13:11,936] 174 root - INFO - Data transformation complete
[ 2026-05-27 22:13:11,936] 49 root - INFO - Started Regular Expression mapping
[ 2026-05-27 22:13:11,936] 174 root - INFO - Data transformation complete
[ 2026-05-27 22:13:11,937] 49 root - INFO - Started Regular Expression mapping
[ 2026-05-27 22:13:11,937] 174 root - INFO - Data transformation complete
[ 2026-05-27 22:13:11,937] 49 root - INFO - Started Regular Expression mapping
[ 2026-05-27 22:13:11,937] 174 root - INFO - Data transformation complete
[ 2026-05-27 22:13:11,937] 49 root - INFO - Started Regular Expression mapping
[ 2026-05-27 22:13:11,937] 174 root - INFO - Data transformation complete
[ 2026-05-27 22:13:11,938] 49 root - INFO - Started Regular Expression mapping
[ 2026-05-27 22:13:11,938] 25 root - INFO - Match heuristic business names to paybill payments
[ 2026-05-27 22:13:11,938] 174 root - INFO - Data transformation complete
[ 2026-05-27 22:13:11,938] 49 root - INFO - Started Regular Expression mapping
[ 2026-05-27 22:13:11,938] 174 root - INFO - Data transformation complete
[ 2026-05-27 22:13:11,938] 49 root - INFO - Started Regular Expression mapping
[ 2026-05-27 22:13:11,938] 174 root - INFO - Data transformation complete
[ 2026-05-27 22:13:11,939] 49 root - INFO - Started Regular Expression mapping
[ 2026-05-27 22:13:11,939] 25 root - INFO - Match heuristic business names to paybill payments
[ 2026-05-27 22:13:11,939] 174 root - INFO - Data transformation complete
[ 2026-05-27 22:13:11,939] 49 root - INFO - Started Regular Expression mapping
[ 2026-05-27 22:13:11,939] 174 root - INFO - Data transformation complete
[ 2026-05-27 22:13:11,939] 49 root - INFO - Started Regular Expression mapping
[ 2026-05-27 22:13:11,939] 174 root - INFO - Data transformation complete
[ 2026-05-27 22:13:11,940] 49 root - INFO - Started Regular Expression mapping
[ 2026-05-27 22:13:11,940] 25 root - INFO - Match heuristic business names to paybill payments
[ 2026-05-27 22:13:11,940] 174 root - INFO - Data transformation complete
[ 2026-05-27 22:13:11,940] 49 root - INFO - Started Regular Expression mapping
[ 2026-05-27 22:13:11,940] 174 root - INFO - Data transformation complete
[ 2026-05-27 22:13:11,940] 49 root - INFO - Started Regular Expression mapping
[ 2026-05-27 22:13:11,941] 174 root - INFO - Data transformation complete
[ 2026-05-27 22:13:11,941] 49 root - INFO - Started Regular Expression mapping
[ 2026-05-27 22:13:11,941] 174 root - INFO - Data transformation complete
[ 2026-05-27 22:13:11,941] 49 root - INFO - Started Regular Expression mapping
[ 2026-05-27 22:13:11,941] 174 root - INFO - Data transformation complete
[ 2026-05-27 22:13:11,941] 49 root - INFO - Started Regular Expression mapping
[ 2026-05-27 22:13:11,941] 174 root - INFO - Data transformation complete
[ 2026-05-27 22:13:11,942] 49 root - INFO - Started Regular Expression mapping
[ 2026-05-27 22:13:11,942] 25 root - INFO - Match heuristic business names to paybill payments
[ 2026-05-27 22:13:11,942] 174 root - INFO - Data transformation complete
[ 2026-05-27 22:13:11,942] 49 root - INFO - Started Regular Expression mapping
[ 2026-05-27 22:13:11,942] 174 root - INFO - Data transformation complete
[ 2026-05-27 22:13:11,942] 49 root - INFO - Started Regular Expression mapping
[ 2026-05-27 22:13:11,943] 174 root - INFO - Data transformation complete
[ 2026-05-27 22:13:11,943] 49 root - INFO - Started Regular Expression mapping
[ 2026-05-27 22:13:11,943] 25 root - INFO - Match heuristic business names to paybill payments
[ 2026-05-27 22:13:11,943] 174 root - INFO - Data transformation complete
[ 2026-05-27 22:13:11,943] 49 root - INFO - Started Regular Expression mapping
[ 2026-05-27 22:13:11,943] 174 root - INFO - Data transformation complete
[ 2026-05-27 22:13:11,944] 49 root - INFO - Started Regular Expression mapping
[ 2026-05-27 22:13:11,944] 25 root - INFO - Match heuristic business names to paybill payments
[ 2026-05-27 22:13:11,944] 174 root - INFO - Data transformation complete
[ 2026-05-27 22:13:11,944] 49 root - INFO - Started Regular Expression mapping
[ 2026-05-27 22:13:11,944] 174 root - INFO - Data transformation complete
[ 2026-05-27 22:13:11,944] 49 root - INFO - Started Regular Expression mapping
[ 2026-05-27 22:13:11,945] 174 root - INFO - Data transformation complete
[ 2026-05-27 22:13:11,945] 49 root - INFO - Started Regular Expression mapping
[ 2026-05-27 22:13:11,945] 25 root - INFO - Match heuristic business names to paybill payments
[ 2026-05-27 22:13:11,945] 174 root - INFO - Data transformation complete
[ 2026-05-27 22:13:11,945] 49 root - INFO - Started Regular Expression mapping
[ 2026-05-27 22:13:11,945] 174 root - INFO - Data transformation complete
[ 2026-05-27 22:13:11,945] 49 root - INFO - Started Regular Expression mapping
[ 2026-05-27 22:13:11,946] 174 root - INFO - Data transformation complete
[ 2026-05-27 22:13:11,946] 49 root - INFO - Started Regular Expression mapping
[ 2026-05-27 22:13:11,946] 174 root - INFO - Data transformation complete
[ 2026-05-27 22:13:11,946] 49 root - INFO - Started Regular Expression mapping
[ 2026-05-27 22:13:11,946] 174 root - INFO - Data transformation complete
[ 2026-05-27 22:13:11,946] 49 root - INFO - Started Regular Expression mapping
[ 2026-05-27 22:13:11,947] 174 root - INFO - Data transformation complete
[ 2026-05-27 22:13:11,947] 49 root - INFO - Started Regular Expression mapping
[ 2026-05-27 22:13:11,947] 25 root - INFO - Match heuristic business names to paybill payments
[ 2026-05-27 22:13:11,947] 174 root - INFO - Data transformation complete
[ 2026-05-27 22:13:11,947] 49 root - INFO - Started Regular Expression mapping
[ 2026-05-27 22:13:11,947] 174 root - INFO - Data transformation complete
[ 2026-05-27 22:13:11,947] 49 root - INFO - Started Regular Expression mapping
[ 2026-05-27 22:13:11,948] 174 root - INFO - Data transformation complete
[ 2026-05-27 22:13:11,948] 49 root - INFO - Started Regular Expression mapping
[ 2026-05-27 22:13:11,948] 174 root - INFO - Data transformation complete
[ 2026-05-27 22:13:11,948] 49 root - INFO - Started Regular Expression mapping
[ 2026-05-27 22:13:11,948] 174 root - INFO - Data transformation complete
[ 2026-05-27 22:13:11,948] 49 root - INFO - Started Regular Expression mapping
[ 2026-05-27 22:13:11,949] 174 root - INFO - Data transformation complete
[ 2026-05-27 22:13:11,949] 49 root - INFO - Started Regular Expression mapping
[ 2026-05-27 22:13:11,949] 174 root - INFO - Data transformation complete
[ 2026-05-27 22:13:11,949] 49 root - INFO - Started Regular Expression mapping
[ 2026-05-27 22:13:11,949] 174 root - INFO - Data transformation complete
[ 2026-05-27 22:13:11,949] 49 root - INFO - Started Regular Expression mapping
[ 2026-05-27 22:13:11,949] 25 root - INFO - Match heuristic business names to paybill payments
[ 2026-05-27 22:13:11,950] 174 root - INFO - Data transformation complete
[ 2026-05-27 22:13:11,950] 49 root - INFO - Started Regular Expression mapping
[ 2026-05-27 22:13:11,950] 174 root - INFO - Data transformation complete
[ 2026-05-27 22:13:11,950] 49 root - INFO - Started Regular Expression mapping
[ 2026-05-27 22:13:11,950] 174 root - INFO - Data transformation complete
[ 2026-05-27 22:13:11,950] 49 root - INFO - Started Regular Expression mapping
[ 2026-05-27 22:13:11,951] 174 root - INFO - Data transformation complete
[ 2026-05-27 22:13:11,951] 49 root - INFO - Started Regular Expression mapping
[ 2026-05-27 22:13:11,951] 174 root - INFO - Data transformation complete
[ 2026-05-27 22:13:11,951] 49 root - INFO - Started Regular Expression mapping
[ 2026-05-27 22:13:11,951] 174 root - INFO - Data transformation complete
[ 2026-05-27 22:13:11,952] 49 root - INFO - Started Regular Expression mapping
[ 2026-05-27 22:13:11,952] 174 root - INFO - Data transformation complete
[ 2026-05-27 22:13:11,952] 49 root - INFO - Started Regular Expression mapping
[ 2026-05-27 22:13:11,952] 174 root - INFO - Data transformation complete
[ 2026-05-27 22:13:11,952] 49 root - INFO - Started Regular Expression mapping
[ 2026-05-27 22:13:11,953] 25 root - INFO - Match heuristic business names to paybill payments
[ 2026-05-27 22:13:11,953] 174 root - INFO - Data transformation complete
[ 2026-05-27 22:13:11,953] 49 root - INFO - Started Regular Expression mapping
[ 2026-05-27 22:13:11,953] 25 root - INFO - Match heuristic business names to paybill payments
[ 2026-05-27 22:13:11,953] 174 root - INFO - Data transformation complete
[ 2026-05-27 22:13:11,953] 49 root - INFO - Started Regular Expression mapping
[ 2026-05-27 22:13:11,953] 174 root - INFO - Data transformation complete
[ 2026-05-27 22:13:11,954] 49 root - INFO - Started Regular Expression mapping
[ 2026-05-27 22:13:11,954] 174 root - INFO - Data transformation complete
[ 2026-05-27 22:13:11,954] 49 root - INFO - Started Regular Expression mapping
[ 2026-05-27 22:13:11,954] 25 root - INFO - Match heuristic business names to paybill payments
[ 2026-05-27 22:13:11,954] 174 root - INFO - Data transformation complete
[ 2026-05-27 22:13:11,954] 49 root - INFO - Started Regular Expression mapping
[ 2026-05-27 22:13:11,955] 174 root - INFO - Data transformation complete
[ 2026-05-27 22:13:11,955] 49 root - INFO - Started Regular Expression mapping
[ 2026-05-27 22:13:11,955] 174 root - INFO - Data transformation complete
[ 2026-05-27 22:13:11,955] 49 root - INFO - Started Regular Expression mapping
[ 2026-05-27 22:13:11,955] 25 root - INFO - Match heuristic business names to paybill payments
[ 2026-05-27 22:13:11,955] 174 root - INFO - Data transformation complete
[ 2026-05-27 22:13:11,955] 49 root - INFO - Started Regular Expression mapping
[ 2026-05-27 22:13:11,956] 25 root - INFO - Match heuristic business names to paybill payments
[ 2026-05-27 22:13:11,956] 174 root - INFO - Data transformation complete
[ 2026-05-27 22:13:11,956] 49 root - INFO - Started Regular Expression mapping
[ 2026-05-27 22:13:11,956] 25 root - INFO - Match heuristic business names to paybill payments
[ 2026-05-27 22:13:11,956] 174 root - INFO - Data transformation complete
[ 2026-05-27 22:13:11,956] 49 root - INFO - Started Regular Expression mapping
[ 2026-05-27 22:13:11,956] 174 root - INFO - Data transformation complete
[ 2026-05-27 22:13:11,957] 49 root - INFO - Started Regular Expression mapping
[ 2026-05-27 22:13:11,957] 174 root - INFO - Data transformation complete
[ 2026-05-27 22:13:11,957] 49 root - INFO - Started Regular Expression mapping
[ 2026-05-27 22:13:11,957] 174 root - INFO - Data transformation complete
[ 2026-05-27 22:13:11,957] 49 root - INFO - Started Regular Expression mapping
[ 2026-05-27 22:13:11,957] 174 root - INFO - Data transformation complete
[ 2026-05-27 22:13:11,958] 49 root - INFO - Started Regular Expression mapping
[ 2026-05-27 22:13:11,958] 25 root - INFO - Match heuristic business names to paybill payments
[ 2026-05-27 22:13:11,958] 174 root - INFO - Data transformation complete
[ 2026-05-27 22:13:11,958] 49 root - INFO - Started Regular Expression mapping
[ 2026-05-27 22:13:11,958] 174 root - INFO - Data transformation complete
[ 2026-05-27 22:13:11,958] 49 root - INFO - Started Regular Expression mapping
[ 2026-05-27 22:13:11,958] 174 root - INFO - Data transformation complete
[ 2026-05-27 22:13:11,959] 49 root - INFO - Started Regular Expression mapping
[ 2026-05-27 22:13:11,959] 174 root - INFO - Data transformation complete
[ 2026-05-27 22:13:11,959] 49 root - INFO - Started Regular Expression mapping
[ 2026-05-27 22:13:11,959] 174 root - INFO - Data transformation complete
[ 2026-05-27 22:13:11,959] 49 root - INFO - Started Regular Expression mapping
[ 2026-05-27 22:13:11,960] 25 root - INFO - Match heuristic business names to paybill payments
[ 2026-05-27 22:13:11,960] 174 root - INFO - Data transformation complete
[ 2026-05-27 22:13:11,960] 49 root - INFO - Started Regular Expression mapping
[ 2026-05-27 22:13:11,960] 174 root - INFO - Data transformation complete
[ 2026-05-27 22:13:11,960] 49 root - INFO - Started Regular Expression mapping
[ 2026-05-27 22:13:11,961] 25 root - INFO - Match heuristic business names to paybill payments
[ 2026-05-27 22:13:11,961] 174 root - INFO - Data transformation complete
[ 2026-05-27 22:13:11,961] 49 root - INFO - Started Regular Expression mapping
[ 2026-05-27 22:13:11,961] 174 root - INFO - Data transformation complete
[ 2026-05-27 22:13:11,961] 49 root - INFO - Started Regular Expression mapping
[ 2026-05-27 22:13:11,961] 174 root - INFO - Data transformation complete
[ 2026-05-27 22:13:11,961] 49 root - INFO - Started Regular Expression mapping
[ 2026-05-27 22:13:11,962] 174 root - INFO - Data transformation complete
[ 2026-05-27 22:13:11,962] 49 root - INFO - Started Regular Expression mapping
[ 2026-05-27 22:13:11,962] 174 root - INFO - Data transformation complete
[ 2026-05-27 22:13:11,962] 49 root - INFO - Started Regular Expression mapping
[ 2026-05-27 22:13:11,962] 174 root - INFO - Data transformation complete
[ 2026-05-27 22:13:11,962] 49 root - INFO - Started Regular Expression mapping
[ 2026-05-27 22:13:11,963] 25 root - INFO - Match heuristic business names to paybill payments
[ 2026-05-27 22:13:11,963] 174 root - INFO - Data transformation complete
[ 2026-05-27 22:13:11,963] 49 root - INFO - Started Regular Expression mapping
[ 2026-05-27 22:13:11,963] 174 root - INFO - Data transformation complete
[ 2026-05-27 22:13:11,963] 49 root - INFO - Started Regular Expression mapping
[ 2026-05-27 22:13:11,963] 174 root - INFO - Data transformation complete
[ 2026-05-27 22:13:11,963] 49 root - INFO - Started Regular Expression mapping
[ 2026-05-27 22:13:11,964] 174 root - INFO - Data transformation complete
[ 2026-05-27 22:13:11,964] 49 root - INFO - Started Regular Expression mapping
[ 2026-05-27 22:13:11,964] 25 root - INFO - Match heuristic business names to paybill payments
[ 2026-05-27 22:13:11,964] 174 root - INFO - Data transformation complete
[ 2026-05-27 22:13:11,964] 49 root - INFO - Started Regular Expression mapping
[ 2026-05-27 22:13:11,964] 174 root - INFO - Data transformation complete
[ 2026-05-27 22:13:11,964] 49 root - INFO - Started Regular Expression mapping
[ 2026-05-27 22:13:11,965] 174 root - INFO - Data transformation complete
[ 2026-05-27 22:13:11,965] 49 root - INFO - Started Regular Expression mapping
[ 2026-05-27 22:13:11,965] 174 root - INFO - Data transformation complete
[ 2026-05-27 22:13:11,965] 49 root - INFO - Started Regular Expression mapping
[ 2026-05-27 22:13:11,965] 174 root - INFO - Data transformation complete
[ 2026-05-27 22:13:11,965] 49 root - INFO - Started Regular Expression mapping
[ 2026-05-27 22:13:11,966] 174 root - INFO - Data transformation complete
[ 2026-05-27 22:13:11,966] 49 root - INFO - Started Regular Expression mapping
[ 2026-05-27 22:13:11,966] 174 root - INFO - Data transformation complete
[ 2026-05-27 22:13:11,966] 49 root - INFO - Started Regular Expression mapping
[ 2026-05-27 22:13:11,966] 174 root - INFO - Data transformation complete
[ 2026-05-27 22:13:11,966] 49 root - INFO - Started Regular Expression mapping
[ 2026-05-27 22:13:11,966] 25 root - INFO - Match heuristic business names to paybill payments
[ 2026-05-27 22:13:11,967] 174 root - INFO - Data transformation complete
[ 2026-05-27 22:13:11,967] 49 root - INFO - Started Regular Expression mapping
[ 2026-05-27 22:13:11,967] 174 root - INFO - Data transformation complete
[ 2026-05-27 22:13:11,967] 49 root - INFO - Started Regular Expression mapping
[ 2026-05-27 22:13:11,967] 174 root - INFO - Data transformation complete
[ 2026-05-27 22:13:11,967] 49 root - INFO - Started Regular Expression mapping
[ 2026-05-27 22:13:11,968] 174 root - INFO - Data transformation complete
[ 2026-05-27 22:13:11,968] 49 root - INFO - Started Regular Expression mapping
[ 2026-05-27 22:13:11,968] 174 root - INFO - Data transformation complete
[ 2026-05-27 22:13:11,968] 49 root - INFO - Started Regular Expression mapping
[ 2026-05-27 22:13:11,968] 174 root - INFO - Data transformation complete
[ 2026-05-27 22:13:11,968] 49 root - INFO - Started Regular Expression mapping
[ 2026-05-27 22:13:11,968] 174 root - INFO - Data transformation complete
[ 2026-05-27 22:13:11,969] 49 root - INFO - Started Regular Expression mapping
[ 2026-05-27 22:13:11,969] 25 root - INFO - Match heuristic business names to paybill payments
[ 2026-05-27 22:13:11,969] 174 root - INFO - Data transformation complete
[ 2026-05-27 22:13:11,969] 49 root - INFO - Started Regular Expression mapping
[ 2026-05-27 22:13:11,969] 25 root - INFO - Match heuristic business names to paybill payments
[ 2026-05-27 22:13:11,969] 174 root - INFO - Data transformation complete
[ 2026-05-27 22:13:11,969] 49 root - INFO - Started Regular Expression mapping
[ 2026-05-27 22:13:11,970] 174 root - INFO - Data transformation complete
[ 2026-05-27 22:13:11,970] 49 root - INFO - Started Regular Expression mapping
[ 2026-05-27 22:13:11,970] 174 root - INFO - Data transformation complete
[ 2026-05-27 22:13:11,970] 49 root - INFO - Started Regular Expression mapping
[ 2026-05-27 22:13:11,970] 174 root - INFO - Data transformation complete
[ 2026-05-27 22:13:11,970] 49 root - INFO - Started Regular Expression mapping
[ 2026-05-27 22:13:11,971] 174 root - INFO - Data transformation complete
[ 2026-05-27 22:13:11,971] 49 root - INFO - Started Regular Expression mapping
[ 2026-05-27 22:13:11,971] 174 root - INFO - Data transformation complete
[ 2026-05-27 22:13:11,971] 49 root - INFO - Started Regular Expression mapping
[ 2026-05-27 22:13:11,971] 25 root - INFO - Match heuristic business names to paybill payments
[ 2026-05-27 22:13:11,971] 174 root - INFO - Data transformation complete
[ 2026-05-27 22:13:11,971] 49 root - INFO - Started Regular Expression mapping
[ 2026-05-27 22:13:11,972] 174 root - INFO - Data transformation complete
[ 2026-05-27 22:13:11,972] 49 root - INFO - Started Regular Expression mapping
[ 2026-05-27 22:13:11,972] 174 root - INFO - Data transformation complete
[ 2026-05-27 22:13:11,972] 49 root - INFO - Started Regular Expression mapping
[ 2026-05-27 22:13:11,972] 174 root - INFO - Data transformation complete
[ 2026-05-27 22:13:11,972] 49 root - INFO - Started Regular Expression mapping
[ 2026-05-27 22:13:11,973] 25 root - INFO - Match heuristic business names to paybill payments
[ 2026-05-27 22:13:11,973] 174 root - INFO - Data transformation complete
[ 2026-05-27 22:13:11,973] 49 root - INFO - Started Regular Expression mapping
[ 2026-05-27 22:13:11,973] 174 root - INFO - Data transformation complete
[ 2026-05-27 22:13:11,973] 49 root - INFO - Started Regular Expression mapping
[ 2026-05-27 22:13:11,973] 174 root - INFO - Data transformation complete
[ 2026-05-27 22:13:11,973] 49 root - INFO - Started Regular Expression mapping
[ 2026-05-27 22:13:11,974] 174 root - INFO - Data transformation complete
[ 2026-05-27 22:13:11,974] 49 root - INFO - Started Regular Expression mapping
[ 2026-05-27 22:13:11,974] 174 root - INFO - Data transformation complete
[ 2026-05-27 22:13:11,974] 49 root - INFO - Started Regular Expression mapping
[ 2026-05-27 22:13:11,974] 174 root - INFO - Data transformation complete
[ 2026-05-27 22:13:11,974] 49 root - INFO - Started Regular Expression mapping
[ 2026-05-27 22:13:11,975] 174 root - INFO - Data transformation complete
[ 2026-05-27 22:13:11,975] 49 root - INFO - Started Regular Expression mapping
[ 2026-05-27 22:13:11,975] 174 root - INFO - Data transformation complete
[ 2026-05-27 22:13:11,975] 49 root - INFO - Started Regular Expression mapping
[ 2026-05-27 22:13:11,975] 174 root - INFO - Data transformation complete
[ 2026-05-27 22:13:11,975] 49 root - INFO - Started Regular Expression mapping
[ 2026-05-27 22:13:11,975] 174 root - INFO - Data transformation complete
[ 2026-05-27 22:13:11,976] 49 root - INFO - Started Regular Expression mapping
[ 2026-05-27 22:13:11,976] 174 root - INFO - Data transformation complete
[ 2026-05-27 22:13:11,976] 49 root - INFO - Started Regular Expression mapping
[ 2026-05-27 22:13:11,976] 174 root - INFO - Data transformation complete
[ 2026-05-27 22:13:11,976] 49 root - INFO - Started Regular Expression mapping
[ 2026-05-27 22:13:11,977] 174 root - INFO - Data transformation complete
[ 2026-05-27 22:13:11,977] 49 root - INFO - Started Regular Expression mapping
[ 2026-05-27 22:13:11,977] 174 root - INFO - Data transformation complete
[ 2026-05-27 22:13:11,977] 49 root - INFO - Started Regular Expression mapping
[ 2026-05-27 22:13:11,977] 174 root - INFO - Data transformation complete
[ 2026-05-27 22:13:11,977] 49 root - INFO - Started Regular Expression mapping
[ 2026-05-27 22:13:11,978] 174 root - INFO - Data transformation complete
[ 2026-05-27 22:13:11,978] 49 root - INFO - Started Regular Expression mapping
[ 2026-05-27 22:13:11,978] 174 root - INFO - Data transformation complete
[ 2026-05-27 22:13:11,978] 49 root - INFO - Started Regular Expression mapping
[ 2026-05-27 22:13:11,978] 174 root - INFO - Data transformation complete
[ 2026-05-27 22:13:11,978] 49 root - INFO - Started Regular Expression mapping
[ 2026-05-27 22:13:11,979] 174 root - INFO - Data transformation complete
[ 2026-05-27 22:13:11,979] 49 root - INFO - Started Regular Expression mapping
[ 2026-05-27 22:13:11,979] 174 root - INFO - Data transformation complete
[ 2026-05-27 22:13:11,979] 49 root - INFO - Started Regular Expression mapping
[ 2026-05-27 22:13:11,979] 174 root - INFO - Data transformation complete
[ 2026-05-27 22:13:11,979] 49 root - INFO - Started Regular Expression mapping
[ 2026-05-27 22:13:11,979] 174 root - INFO - Data transformation complete
[ 2026-05-27 22:13:11,980] 49 root - INFO - Started Regular Expression mapping
[ 2026-05-27 22:13:11,980] 25 root - INFO - Match heuristic business names to paybill payments
[ 2026-05-27 22:13:11,980] 174 root - INFO - Data transformation complete
[ 2026-05-27 22:13:11,980] 49 root - INFO - Started Regular Expression mapping
[ 2026-05-27 22:13:11,980] 174 root - INFO - Data transformation complete
[ 2026-05-27 22:13:11,980] 49 root - INFO - Started Regular Expression mapping
[ 2026-05-27 22:13:11,981] 25 root - INFO - Match heuristic business names to paybill payments
[ 2026-05-27 22:13:11,981] 174 root - INFO - Data transformation complete
[ 2026-05-27 22:13:11,981] 49 root - INFO - Started Regular Expression mapping
[ 2026-05-27 22:13:11,981] 174 root - INFO - Data transformation complete
[ 2026-05-27 22:13:11,981] 49 root - INFO - Started Regular Expression mapping
[ 2026-05-27 22:13:11,981] 174 root - INFO - Data transformation complete
[ 2026-05-27 22:13:11,982] 49 root - INFO - Started Regular Expression mapping
[ 2026-05-27 22:13:11,982] 174 root - INFO - Data transformation complete
[ 2026-05-27 22:13:11,982] 49 root - INFO - Started Regular Expression mapping
[ 2026-05-27 22:13:11,982] 174 root - INFO - Data transformation complete
[ 2026-05-27 22:13:11,982] 49 root - INFO - Started Regular Expression mapping
[ 2026-05-27 22:13:11,982] 174 root - INFO - Data transformation complete
[ 2026-05-27 22:13:11,982] 49 root - INFO - Started Regular Expression mapping
[ 2026-05-27 22:13:11,983] 174 root - INFO - Data transformation complete
[ 2026-05-27 22:13:11,983] 49 root - INFO - Started Regular Expression mapping
[ 2026-05-27 22:13:11,983] 25 root - INFO - Match heuristic business names to paybill payments
[ 2026-05-27 22:13:11,984] 174 root - INFO - Data transformation complete
[ 2026-05-27 22:13:11,984] 49 root - INFO - Started Regular Expression mapping
[ 2026-05-27 22:13:11,984] 174 root - INFO - Data transformation complete
[ 2026-05-27 22:13:11,984] 49 root - INFO - Started Regular Expression mapping
[ 2026-05-27 22:13:11,984] 174 root - INFO - Data transformation complete
[ 2026-05-27 22:13:11,984] 49 root - INFO - Started Regular Expression mapping
[ 2026-05-27 22:13:11,984] 174 root - INFO - Data transformation complete
[ 2026-05-27 22:13:11,985] 49 root - INFO - Started Regular Expression mapping
[ 2026-05-27 22:13:11,985] 174 root - INFO - Data transformation complete
[ 2026-05-27 22:13:11,985] 49 root - INFO - Started Regular Expression mapping
[ 2026-05-27 22:13:11,985] 25 root - INFO - Match heuristic business names to paybill payments
[ 2026-05-27 22:13:11,985] 174 root - INFO - Data transformation complete
[ 2026-05-27 22:13:11,985] 49 root - INFO - Started Regular Expression mapping
[ 2026-05-27 22:13:11,985] 174 root - INFO - Data transformation complete
[ 2026-05-27 22:13:11,986] 49 root - INFO - Started Regular Expression mapping
[ 2026-05-27 22:13:11,986] 25 root - INFO - Match heuristic business names to paybill payments
[ 2026-05-27 22:13:11,986] 174 root - INFO - Data transformation complete
[ 2026-05-27 22:13:11,986] 49 root - INFO - Started Regular Expression mapping
[ 2026-05-27 22:13:11,986] 174 root - INFO - Data transformation complete
[ 2026-05-27 22:13:11,986] 49 root - INFO - Started Regular Expression mapping
[ 2026-05-27 22:13:11,987] 174 root - INFO - Data transformation complete
[ 2026-05-27 22:13:11,987] 49 root - INFO - Started Regular Expression mapping
[ 2026-05-27 22:13:11,987] 174 root - INFO - Data transformation complete
[ 2026-05-27 22:13:11,987] 49 root - INFO - Started Regular Expression mapping
[ 2026-05-27 22:13:11,987] 174 root - INFO - Data transformation complete
[ 2026-05-27 22:13:11,987] 49 root - INFO - Started Regular Expression mapping
[ 2026-05-27 22:13:11,987] 174 root - INFO - Data transformation complete
[ 2026-05-27 22:13:11,988] 49 root - INFO - Started Regular Expression mapping
[ 2026-05-27 22:13:11,988] 174 root - INFO - Data transformation complete
[ 2026-05-27 22:13:11,988] 49 root - INFO - Started Regular Expression mapping
[ 2026-05-27 22:13:11,988] 25 root - INFO - Match heuristic business names to paybill payments
[ 2026-05-27 22:13:11,988] 174 root - INFO - Data transformation complete
[ 2026-05-27 22:13:11,988] 49 root - INFO - Started Regular Expression mapping
[ 2026-05-27 22:13:11,989] 174 root - INFO - Data transformation complete
[ 2026-05-27 22:13:11,989] 49 root - INFO - Started Regular Expression mapping
[ 2026-05-27 22:13:11,989] 174 root - INFO - Data transformation complete
[ 2026-05-27 22:13:11,989] 49 root - INFO - Started Regular Expression mapping
[ 2026-05-27 22:13:11,989] 174 root - INFO - Data transformation complete
[ 2026-05-27 22:13:11,989] 49 root - INFO - Started Regular Expression mapping
[ 2026-05-27 22:13:11,990] 174 root - INFO - Data transformation complete
[ 2026-05-27 22:13:11,990] 49 root - INFO - Started Regular Expression mapping
[ 2026-05-27 22:13:11,990] 174 root - INFO - Data transformation complete
[ 2026-05-27 22:13:11,990] 49 root - INFO - Started Regular Expression mapping
[ 2026-05-27 22:13:11,990] 174 root - INFO - Data transformation complete
[ 2026-05-27 22:13:11,990] 49 root - INFO - Started Regular Expression mapping
[ 2026-05-27 22:13:11,991] 174 root - INFO - Data transformation complete
[ 2026-05-27 22:13:11,991] 49 root - INFO - Started Regular Expression mapping
[ 2026-05-27 22:13:11,991] 25 root - INFO - Match heuristic business names to paybill payments
[ 2026-05-27 22:13:11,991] 174 root - INFO - Data transformation complete
[ 2026-05-27 22:13:11,991] 49 root - INFO - Started Regular Expression mapping
[ 2026-05-27 22:13:11,991] 174 root - INFO - Data transformation complete
[ 2026-05-27 22:13:11,991] 49 root - INFO - Started Regular Expression mapping
[ 2026-05-27 22:13:11,992] 174 root - INFO - Data transformation complete
[ 2026-05-27 22:13:11,992] 49 root - INFO - Started Regular Expression mapping
[ 2026-05-27 22:13:11,992] 25 root - INFO - Match heuristic business names to paybill payments
[ 2026-05-27 22:13:11,992] 174 root - INFO - Data transformation complete
[ 2026-05-27 22:13:11,992] 49 root - INFO - Started Regular Expression mapping
[ 2026-05-27 22:13:11,992] 25 root - INFO - Match heuristic business names to paybill payments
[ 2026-05-27 22:13:11,992] 174 root - INFO - Data transformation complete
[ 2026-05-27 22:13:11,993] 49 root - INFO - Started Regular Expression mapping
[ 2026-05-27 22:13:11,993] 174 root - INFO - Data transformation complete
[ 2026-05-27 22:13:11,993] 49 root - INFO - Started Regular Expression mapping
[ 2026-05-27 22:13:11,993] 174 root - INFO - Data transformation complete
[ 2026-05-27 22:13:11,993] 49 root - INFO - Started Regular Expression mapping
[ 2026-05-27 22:13:11,994] 174 root - INFO - Data transformation complete
[ 2026-05-27 22:13:11,994] 49 root - INFO - Started Regular Expression mapping
[ 2026-05-27 22:13:11,994] 174 root - INFO - Data transformation complete
[ 2026-05-27 22:13:11,994] 49 root - INFO - Started Regular Expression mapping
[ 2026-05-27 22:13:11,994] 174 root - INFO - Data transformation complete
[ 2026-05-27 22:13:11,994] 49 root - INFO - Started Regular Expression mapping
[ 2026-05-27 22:13:11,995] 174 root - INFO - Data transformation complete
[ 2026-05-27 22:13:11,995] 49 root - INFO - Started Regular Expression mapping
[ 2026-05-27 22:13:11,995] 174 root - INFO - Data transformation complete
[ 2026-05-27 22:13:11,995] 49 root - INFO - Started Regular Expression mapping
[ 2026-05-27 22:13:11,995] 25 root - INFO - Match heuristic business names to paybill payments
[ 2026-05-27 22:13:11,995] 174 root - INFO - Data transformation complete
[ 2026-05-27 22:13:11,996] 49 root - INFO - Started Regular Expression mapping
[ 2026-05-27 22:13:11,996] 25 root - INFO - Match heuristic business names to paybill payments
[ 2026-05-27 22:13:11,996] 174 root - INFO - Data transformation complete
[ 2026-05-27 22:13:11,996] 49 root - INFO - Started Regular Expression mapping
[ 2026-05-27 22:13:11,996] 174 root - INFO - Data transformation complete
[ 2026-05-27 22:13:11,996] 49 root - INFO - Started Regular Expression mapping
[ 2026-05-27 22:13:11,997] 174 root - INFO - Data transformation complete
[ 2026-05-27 22:13:11,997] 49 root - INFO - Started Regular Expression mapping
[ 2026-05-27 22:13:11,997] 174 root - INFO - Data transformation complete
[ 2026-05-27 22:13:11,997] 49 root - INFO - Started Regular Expression mapping
[ 2026-05-27 22:13:11,997] 25 root - INFO - Match heuristic business names to paybill payments
[ 2026-05-27 22:13:11,997] 174 root - INFO - Data transformation complete
[ 2026-05-27 22:13:11,997] 49 root - INFO - Started Regular Expression mapping
[ 2026-05-27 22:13:11,998] 174 root - INFO - Data transformation complete
[ 2026-05-27 22:13:11,998] 49 root - INFO - Started Regular Expression mapping
[ 2026-05-27 22:13:11,999] 174 root - INFO - Data transformation complete
[ 2026-05-27 22:13:11,999] 49 root - INFO - Started Regular Expression mapping
[ 2026-05-27 22:13:12,000] 174 root - INFO - Data transformation complete
[ 2026-05-27 22:13:12,000] 49 root - INFO - Started Regular Expression mapping
[ 2026-05-27 22:13:12,000] 174 root - INFO - Data transformation complete
[ 2026-05-27 22:13:12,000] 49 root - INFO - Started Regular Expression mapping
[ 2026-05-27 22:13:12,000] 25 root - INFO - Match heuristic business names to paybill payments
[ 2026-05-27 22:13:12,000] 174 root - INFO - Data transformation complete
[ 2026-05-27 22:13:12,000] 49 root - INFO - Started Regular Expression mapping
[ 2026-05-27 22:13:12,001] 174 root - INFO - Data transformation complete
[ 2026-05-27 22:13:12,001] 49 root - INFO - Started Regular Expression mapping
[ 2026-05-27 22:13:12,001] 174 root - INFO - Data transformation complete
[ 2026-05-27 22:13:12,001] 49 root - INFO - Started Regular Expression mapping
[ 2026-05-27 22:13:12,001] 174 root - INFO - Data transformation complete
[ 2026-05-27 22:13:12,001] 49 root - INFO - Started Regular Expression mapping
[ 2026-05-27 22:13:12,002] 174 root - INFO - Data transformation complete
[ 2026-05-27 22:13:12,002] 49 root - INFO - Started Regular Expression mapping
[ 2026-05-27 22:13:12,002] 174 root - INFO - Data transformation complete
[ 2026-05-27 22:13:12,002] 49 root - INFO - Started Regular Expression mapping
[ 2026-05-27 22:13:12,002] 174 root - INFO - Data transformation complete
[ 2026-05-27 22:13:12,002] 49 root - INFO - Started Regular Expression mapping
[ 2026-05-27 22:13:12,002] 174 root - INFO - Data transformation complete
[ 2026-05-27 22:13:12,003] 49 root - INFO - Started Regular Expression mapping
[ 2026-05-27 22:13:12,003] 174 root - INFO - Data transformation complete
[ 2026-05-27 22:13:12,003] 49 root - INFO - Started Regular Expression mapping
[ 2026-05-27 22:13:12,003] 174 root - INFO - Data transformation complete
[ 2026-05-27 22:13:12,003] 49 root - INFO - Started Regular Expression mapping
[ 2026-05-27 22:13:12,003] 25 root - INFO - Match heuristic business names to paybill payments
[ 2026-05-27 22:13:12,004] 174 root - INFO - Data transformation complete
[ 2026-05-27 22:13:12,004] 49 root - INFO - Started Regular Expression mapping
[ 2026-05-27 22:13:12,004] 174 root - INFO - Data transformation complete
[ 2026-05-27 22:13:12,004] 49 root - INFO - Started Regular Expression mapping
[ 2026-05-27 22:13:12,004] 174 root - INFO - Data transformation complete
[ 2026-05-27 22:13:12,004] 49 root - INFO - Started Regular Expression mapping
[ 2026-05-27 22:13:12,004] 174 root - INFO - Data transformation complete
[ 2026-05-27 22:13:12,005] 49 root - INFO - Started Regular Expression mapping
[ 2026-05-27 22:13:12,005] 25 root - INFO - Match heuristic business names to paybill payments
[ 2026-05-27 22:13:12,005] 174 root - INFO - Data transformation complete
[ 2026-05-27 22:13:12,005] 49 root - INFO - Started Regular Expression mapping
[ 2026-05-27 22:13:12,005] 174 root - INFO - Data transformation complete
[ 2026-05-27 22:13:12,005] 49 root - INFO - Started Regular Expression mapping
[ 2026-05-27 22:13:12,005] 174 root - INFO - Data transformation complete
[ 2026-05-27 22:13:12,006] 49 root - INFO - Started Regular Expression mapping
[ 2026-05-27 22:13:12,006] 174 root - INFO - Data transformation complete
[ 2026-05-27 22:13:12,006] 49 root - INFO - Started Regular Expression mapping
[ 2026-05-27 22:13:12,006] 174 root - INFO - Data transformation complete
[ 2026-05-27 22:13:12,006] 49 root - INFO - Started Regular Expression mapping
[ 2026-05-27 22:13:12,006] 174 root - INFO - Data transformation complete
[ 2026-05-27 22:13:12,006] 49 root - INFO - Started Regular Expression mapping
[ 2026-05-27 22:13:12,007] 174 root - INFO - Data transformation complete
[ 2026-05-27 22:13:12,007] 49 root - INFO - Started Regular Expression mapping
[ 2026-05-27 22:13:12,007] 174 root - INFO - Data transformation complete
[ 2026-05-27 22:13:12,007] 49 root - INFO - Started Regular Expression mapping
[ 2026-05-27 22:13:12,007] 174 root - INFO - Data transformation complete
[ 2026-05-27 22:13:12,008] 49 root - INFO - Started Regular Expression mapping
[ 2026-05-27 22:13:12,008] 174 root - INFO - Data transformation complete
[ 2026-05-27 22:13:12,008] 49 root - INFO - Started Regular Expression mapping
[ 2026-05-27 22:13:12,008] 174 root - INFO - Data transformation complete
[ 2026-05-27 22:13:12,008] 49 root - INFO - Started Regular Expression mapping
[ 2026-05-27 22:13:12,008] 174 root - INFO - Data transformation complete
[ 2026-05-27 22:13:12,008] 49 root - INFO - Started Regular Expression mapping
[ 2026-05-27 22:13:12,009] 174 root - INFO - Data transformation complete
[ 2026-05-27 22:13:12,009] 49 root - INFO - Started Regular Expression mapping
[ 2026-05-27 22:13:12,009] 174 root - INFO - Data transformation complete
[ 2026-05-27 22:13:12,009] 49 root - INFO - Started Regular Expression mapping
[ 2026-05-27 22:13:12,009] 174 root - INFO - Data transformation complete
[ 2026-05-27 22:13:12,009] 49 root - INFO - Started Regular Expression mapping
[ 2026-05-27 22:13:12,011] 174 root - INFO - Data transformation complete
[ 2026-05-27 22:13:12,011] 49 root - INFO - Started Regular Expression mapping
[ 2026-05-27 22:13:12,011] 174 root - INFO - Data transformation complete
[ 2026-05-27 22:13:12,011] 49 root - INFO - Started Regular Expression mapping
[ 2026-05-27 22:13:12,011] 25 root - INFO - Match heuristic business names to paybill payments
[ 2026-05-27 22:13:12,011] 174 root - INFO - Data transformation complete
[ 2026-05-27 22:13:12,012] 49 root - INFO - Started Regular Expression mapping
[ 2026-05-27 22:13:12,012] 174 root - INFO - Data transformation complete
[ 2026-05-27 22:13:12,012] 49 root - INFO - Started Regular Expression mapping
[ 2026-05-27 22:13:12,012] 174 root - INFO - Data transformation complete
[ 2026-05-27 22:13:12,012] 49 root - INFO - Started Regular Expression mapping
[ 2026-05-27 22:13:12,012] 174 root - INFO - Data transformation complete
[ 2026-05-27 22:13:12,012] 49 root - INFO - Started Regular Expression mapping
[ 2026-05-27 22:13:12,013] 25 root - INFO - Match heuristic business names to paybill payments
[ 2026-05-27 22:13:12,013] 174 root - INFO - Data transformation complete
[ 2026-05-27 22:13:12,013] 49 root - INFO - Started Regular Expression mapping
[ 2026-05-27 22:13:12,013] 174 root - INFO - Data transformation complete
[ 2026-05-27 22:13:12,013] 49 root - INFO - Started Regular Expression mapping
[ 2026-05-27 22:13:12,013] 174 root - INFO - Data transformation complete
[ 2026-05-27 22:13:12,014] 49 root - INFO - Started Regular Expression mapping
[ 2026-05-27 22:13:12,014] 174 root - INFO - Data transformation complete
[ 2026-05-27 22:13:12,014] 49 root - INFO - Started Regular Expression mapping
[ 2026-05-27 22:13:12,014] 174 root - INFO - Data transformation complete
[ 2026-05-27 22:13:12,014] 49 root - INFO - Started Regular Expression mapping
[ 2026-05-27 22:13:12,015] 25 root - INFO - Match heuristic business names to paybill payments
[ 2026-05-27 22:13:12,015] 174 root - INFO - Data transformation complete
[ 2026-05-27 22:13:12,015] 49 root - INFO - Started Regular Expression mapping
[ 2026-05-27 22:13:12,015] 174 root - INFO - Data transformation complete
[ 2026-05-27 22:13:12,015] 49 root - INFO - Started Regular Expression mapping
[ 2026-05-27 22:13:12,015] 174 root - INFO - Data transformation complete
[ 2026-05-27 22:13:12,016] 49 root - INFO - Started Regular Expression mapping
[ 2026-05-27 22:13:12,016] 174 root - INFO - Data transformation complete
[ 2026-05-27 22:13:12,016] 49 root - INFO - Started Regular Expression mapping
[ 2026-05-27 22:13:12,016] 174 root - INFO - Data transformation complete
[ 2026-05-27 22:13:12,016] 49 root - INFO - Started Regular Expression mapping
[ 2026-05-27 22:13:12,016] 174 root - INFO - Data transformation complete
[ 2026-05-27 22:13:12,016] 49 root - INFO - Started Regular Expression mapping
[ 2026-05-27 22:13:12,017] 25 root - INFO - Match heuristic business names to paybill payments
[ 2026-05-27 22:13:12,017] 174 root - INFO - Data transformation complete
[ 2026-05-27 22:13:12,017] 49 root - INFO - Started Regular Expression mapping
[ 2026-05-27 22:13:12,017] 174 root - INFO - Data transformation complete
[ 2026-05-27 22:13:12,017] 49 root - INFO - Started Regular Expression mapping
[ 2026-05-27 22:13:12,017] 174 root - INFO - Data transformation complete
[ 2026-05-27 22:13:12,018] 49 root - INFO - Started Regular Expression mapping
[ 2026-05-27 22:13:12,018] 174 root - INFO - Data transformation complete
[ 2026-05-27 22:13:12,018] 49 root - INFO - Started Regular Expression mapping
[ 2026-05-27 22:13:12,018] 174 root - INFO - Data transformation complete
[ 2026-05-27 22:13:12,018] 49 root - INFO - Started Regular Expression mapping
[ 2026-05-27 22:13:12,018] 174 root - INFO - Data transformation complete
[ 2026-05-27 22:13:12,018] 49 root - INFO - Started Regular Expression mapping
[ 2026-05-27 22:13:12,019] 174 root - INFO - Data transformation complete
[ 2026-05-27 22:13:12,019] 49 root - INFO - Started Regular Expression mapping
[ 2026-05-27 22:13:12,019] 174 root - INFO - Data transformation complete
[ 2026-05-27 22:13:12,019] 49 root - INFO - Started Regular Expression mapping
[ 2026-05-27 22:13:12,019] 174 root - INFO - Data transformation complete
[ 2026-05-27 22:13:12,019] 49 root - INFO - Started Regular Expression mapping
[ 2026-05-27 22:13:12,020] 174 root - INFO - Data transformation complete
[ 2026-05-27 22:13:12,020] 49 root - INFO - Started Regular Expression mapping
[ 2026-05-27 22:13:12,020] 174 root - INFO - Data transformation complete
[ 2026-05-27 22:13:12,020] 49 root - INFO - Started Regular Expression mapping
[ 2026-05-27 22:13:12,020] 174 root - INFO - Data transformation complete
[ 2026-05-27 22:13:12,020] 49 root - INFO - Started Regular Expression mapping
[ 2026-05-27 22:13:12,021] 174 root - INFO - Data transformation complete
[ 2026-05-27 22:13:12,021] 49 root - INFO - Started Regular Expression mapping
[ 2026-05-27 22:13:12,021] 25 root - INFO - Match heuristic business names to paybill payments
[ 2026-05-27 22:13:12,021] 174 root - INFO - Data transformation complete
[ 2026-05-27 22:13:12,021] 49 root - INFO - Started Regular Expression mapping
[ 2026-05-27 22:13:12,021] 174 root - INFO - Data transformation complete
[ 2026-05-27 22:13:12,021] 49 root - INFO - Started Regular Expression mapping
[ 2026-05-27 22:13:12,022] 174 root - INFO - Data transformation complete
[ 2026-05-27 22:13:12,022] 49 root - INFO - Started Regular Expression mapping
[ 2026-05-27 22:13:12,022] 174 root - INFO - Data transformation complete
[ 2026-05-27 22:13:12,022] 49 root - INFO - Started Regular Expression mapping
[ 2026-05-27 22:13:12,022] 174 root - INFO - Data transformation complete
[ 2026-05-27 22:13:12,022] 49 root - INFO - Started Regular Expression mapping
[ 2026-05-27 22:13:12,023] 174 root - INFO - Data transformation complete
[ 2026-05-27 22:13:12,023] 49 root - INFO - Started Regular Expression mapping
[ 2026-05-27 22:13:12,023] 174 root - INFO - Data transformation complete
[ 2026-05-27 22:13:12,023] 49 root - INFO - Started Regular Expression mapping
[ 2026-05-27 22:13:12,023] 174 root - INFO - Data transformation complete
[ 2026-05-27 22:13:12,023] 49 root - INFO - Started Regular Expression mapping
[ 2026-05-27 22:13:12,024] 174 root - INFO - Data transformation complete
[ 2026-05-27 22:13:12,024] 49 root - INFO - Started Regular Expression mapping
[ 2026-05-27 22:13:12,024] 174 root - INFO - Data transformation complete
[ 2026-05-27 22:13:12,024] 49 root - INFO - Started Regular Expression mapping
[ 2026-05-27 22:13:12,024] 25 root - INFO - Match heuristic business names to paybill payments
[ 2026-05-27 22:13:12,024] 174 root - INFO - Data transformation complete
[ 2026-05-27 22:13:12,024] 49 root - INFO - Started Regular Expression mapping
[ 2026-05-27 22:13:12,025] 174 root - INFO - Data transformation complete
[ 2026-05-27 22:13:12,025] 49 root - INFO - Started Regular Expression mapping
[ 2026-05-27 22:13:12,025] 174 root - INFO - Data transformation complete
[ 2026-05-27 22:13:12,025] 49 root - INFO - Started Regular Expression mapping
[ 2026-05-27 22:13:12,025] 174 root - INFO - Data transformation complete
[ 2026-05-27 22:13:12,025] 49 root - INFO - Started Regular Expression mapping
[ 2026-05-27 22:13:12,026] 174 root - INFO - Data transformation complete
[ 2026-05-27 22:13:12,026] 49 root - INFO - Started Regular Expression mapping
[ 2026-05-27 22:13:12,026] 174 root - INFO - Data transformation complete
[ 2026-05-27 22:13:12,026] 49 root - INFO - Started Regular Expression mapping
[ 2026-05-27 22:13:12,027] 174 root - INFO - Data transformation complete
[ 2026-05-27 22:13:12,027] 49 root - INFO - Started Regular Expression mapping
[ 2026-05-27 22:13:12,028] 174 root - INFO - Data transformation complete
[ 2026-05-27 22:13:12,028] 49 root - INFO - Started Regular Expression mapping
[ 2026-05-27 22:13:12,028] 174 root - INFO - Data transformation complete
[ 2026-05-27 22:13:12,028] 49 root - INFO - Started Regular Expression mapping
[ 2026-05-27 22:13:12,028] 174 root - INFO - Data transformation complete
[ 2026-05-27 22:13:12,028] 49 root - INFO - Started Regular Expression mapping
[ 2026-05-27 22:13:12,029] 174 root - INFO - Data transformation complete
[ 2026-05-27 22:13:12,029] 49 root - INFO - Started Regular Expression mapping
[ 2026-05-27 22:13:12,029] 174 root - INFO - Data transformation complete
[ 2026-05-27 22:13:12,029] 49 root - INFO - Started Regular Expression mapping
[ 2026-05-27 22:13:12,029] 174 root - INFO - Data transformation complete
[ 2026-05-27 22:13:12,029] 49 root - INFO - Started Regular Expression mapping
[ 2026-05-27 22:13:12,030] 25 root - INFO - Match heuristic business names to paybill payments
[ 2026-05-27 22:13:12,031] 174 root - INFO - Data transformation complete
[ 2026-05-27 22:13:12,031] 49 root - INFO - Started Regular Expression mapping
[ 2026-05-27 22:13:12,031] 174 root - INFO - Data transformation complete
[ 2026-05-27 22:13:12,032] 49 root - INFO - Started Regular Expression mapping
[ 2026-05-27 22:13:12,032] 174 root - INFO - Data transformation complete
[ 2026-05-27 22:13:12,032] 49 root - INFO - Started Regular Expression mapping
[ 2026-05-27 22:13:12,033] 174 root - INFO - Data transformation complete
[ 2026-05-27 22:13:12,033] 49 root - INFO - Started Regular Expression mapping
[ 2026-05-27 22:13:12,033] 25 root - INFO - Match heuristic business names to paybill payments
[ 2026-05-27 22:13:12,033] 174 root - INFO - Data transformation complete
[ 2026-05-27 22:13:12,033] 49 root - INFO - Started Regular Expression mapping
[ 2026-05-27 22:13:12,033] 25 root - INFO - Match heuristic business names to paybill payments
[ 2026-05-27 22:13:12,034] 174 root - INFO - Data transformation complete
[ 2026-05-27 22:13:12,034] 49 root - INFO - Started Regular Expression mapping
[ 2026-05-27 22:13:12,034] 25 root - INFO - Match heuristic business names to paybill payments
[ 2026-05-27 22:13:12,034] 174 root - INFO - Data transformation complete
[ 2026-05-27 22:13:12,034] 49 root - INFO - Started Regular Expression mapping
[ 2026-05-27 22:13:12,034] 25 root - INFO - Match heuristic business names to paybill payments
[ 2026-05-27 22:13:12,034] 174 root - INFO - Data transformation complete
[ 2026-05-27 22:13:12,035] 49 root - INFO - Started Regular Expression mapping
[ 2026-05-27 22:13:12,035] 174 root - INFO - Data transformation complete
[ 2026-05-27 22:13:12,035] 49 root - INFO - Started Regular Expression mapping
[ 2026-05-27 22:13:12,035] 174 root - INFO - Data transformation complete
[ 2026-05-27 22:13:12,035] 49 root - INFO - Started Regular Expression mapping
[ 2026-05-27 22:13:12,035] 174 root - INFO - Data transformation complete
[ 2026-05-27 22:13:12,035] 49 root - INFO - Started Regular Expression mapping
[ 2026-05-27 22:13:12,036] 174 root - INFO - Data transformation complete
[ 2026-05-27 22:13:12,036] 49 root - INFO - Started Regular Expression mapping
[ 2026-05-27 22:13:12,036] 174 root - INFO - Data transformation complete
[ 2026-05-27 22:13:12,036] 49 root - INFO - Started Regular Expression mapping
[ 2026-05-27 22:13:12,036] 25 root - INFO - Match heuristic business names to paybill payments
[ 2026-05-27 22:13:12,036] 174 root - INFO - Data transformation complete
[ 2026-05-27 22:13:12,037] 49 root - INFO - Started Regular Expression mapping
[ 2026-05-27 22:13:12,037] 174 root - INFO - Data transformation complete
[ 2026-05-27 22:13:12,037] 49 root - INFO - Started Regular Expression mapping
[ 2026-05-27 22:13:12,037] 174 root - INFO - Data transformation complete
[ 2026-05-27 22:13:12,037] 49 root - INFO - Started Regular Expression mapping
[ 2026-05-27 22:13:12,037] 174 root - INFO - Data transformation complete
[ 2026-05-27 22:13:12,038] 49 root - INFO - Started Regular Expression mapping
[ 2026-05-27 22:13:12,038] 25 root - INFO - Match heuristic business names to paybill payments
[ 2026-05-27 22:13:12,038] 174 root - INFO - Data transformation complete
[ 2026-05-27 22:13:12,038] 49 root - INFO - Started Regular Expression mapping
[ 2026-05-27 22:13:12,038] 174 root - INFO - Data transformation complete
[ 2026-05-27 22:13:12,038] 49 root - INFO - Started Regular Expression mapping
[ 2026-05-27 22:13:12,039] 174 root - INFO - Data transformation complete
[ 2026-05-27 22:13:12,039] 49 root - INFO - Started Regular Expression mapping
[ 2026-05-27 22:13:12,039] 174 root - INFO - Data transformation complete
[ 2026-05-27 22:13:12,039] 49 root - INFO - Started Regular Expression mapping
[ 2026-05-27 22:13:12,039] 174 root - INFO - Data transformation complete
[ 2026-05-27 22:13:12,039] 49 root - INFO - Started Regular Expression mapping
[ 2026-05-27 22:13:12,039] 174 root - INFO - Data transformation complete
[ 2026-05-27 22:13:12,040] 49 root - INFO - Started Regular Expression mapping
[ 2026-05-27 22:13:12,040] 174 root - INFO - Data transformation complete
[ 2026-05-27 22:13:12,040] 49 root - INFO - Started Regular Expression mapping
[ 2026-05-27 22:13:12,040] 25 root - INFO - Match heuristic business names to paybill payments
[ 2026-05-27 22:13:12,040] 174 root - INFO - Data transformation complete
[ 2026-05-27 22:13:12,040] 49 root - INFO - Started Regular Expression mapping
[ 2026-05-27 22:13:12,041] 25 root - INFO - Match heuristic business names to paybill payments
[ 2026-05-27 22:13:12,041] 174 root - INFO - Data transformation complete
[ 2026-05-27 22:13:12,041] 49 root - INFO - Started Regular Expression mapping
[ 2026-05-27 22:13:12,041] 174 root - INFO - Data transformation complete
[ 2026-05-27 22:13:12,041] 49 root - INFO - Started Regular Expression mapping
[ 2026-05-27 22:13:12,041] 174 root - INFO - Data transformation complete
[ 2026-05-27 22:13:12,041] 49 root - INFO - Started Regular Expression mapping
[ 2026-05-27 22:13:12,042] 174 root - INFO - Data transformation complete
[ 2026-05-27 22:13:12,042] 49 root - INFO - Started Regular Expression mapping
[ 2026-05-27 22:13:12,042] 174 root - INFO - Data transformation complete
[ 2026-05-27 22:13:12,042] 49 root - INFO - Started Regular Expression mapping
[ 2026-05-27 22:13:12,042] 174 root - INFO - Data transformation complete
[ 2026-05-27 22:13:12,042] 49 root - INFO - Started Regular Expression mapping
[ 2026-05-27 22:13:12,042] 174 root - INFO - Data transformation complete
[ 2026-05-27 22:13:12,043] 49 root - INFO - Started Regular Expression mapping
[ 2026-05-27 22:13:12,044] 25 root - INFO - Match heuristic business names to paybill payments
[ 2026-05-27 22:13:12,044] 174 root - INFO - Data transformation complete
[ 2026-05-27 22:13:12,044] 49 root - INFO - Started Regular Expression mapping
[ 2026-05-27 22:13:12,044] 174 root - INFO - Data transformation complete
[ 2026-05-27 22:13:12,045] 49 root - INFO - Started Regular Expression mapping
[ 2026-05-27 22:13:12,045] 174 root - INFO - Data transformation complete
[ 2026-05-27 22:13:12,045] 49 root - INFO - Started Regular Expression mapping
[ 2026-05-27 22:13:12,045] 174 root - INFO - Data transformation complete
[ 2026-05-27 22:13:12,045] 49 root - INFO - Started Regular Expression mapping
[ 2026-05-27 22:13:12,046] 174 root - INFO - Data transformation complete
[ 2026-05-27 22:13:12,046] 49 root - INFO - Started Regular Expression mapping
[ 2026-05-27 22:13:12,046] 174 root - INFO - Data transformation complete
[ 2026-05-27 22:13:12,046] 49 root - INFO - Started Regular Expression mapping
[ 2026-05-27 22:13:12,046] 174 root - INFO - Data transformation complete
[ 2026-05-27 22:13:12,047] 49 root - INFO - Started Regular Expression mapping
[ 2026-05-27 22:13:12,047] 25 root - INFO - Match heuristic business names to paybill payments
[ 2026-05-27 22:13:12,047] 174 root - INFO - Data transformation complete
[ 2026-05-27 22:13:12,047] 49 root - INFO - Started Regular Expression mapping
[ 2026-05-27 22:13:12,047] 174 root - INFO - Data transformation complete
[ 2026-05-27 22:13:12,047] 49 root - INFO - Started Regular Expression mapping
[ 2026-05-27 22:13:12,047] 174 root - INFO - Data transformation complete
[ 2026-05-27 22:13:12,048] 49 root - INFO - Started Regular Expression mapping
[ 2026-05-27 22:13:12,048] 174 root - INFO - Data transformation complete
[ 2026-05-27 22:13:12,048] 49 root - INFO - Started Regular Expression mapping
[ 2026-05-27 22:13:12,048] 25 root - INFO - Match heuristic business names to paybill payments
[ 2026-05-27 22:13:12,048] 174 root - INFO - Data transformation complete
[ 2026-05-27 22:13:12,048] 49 root - INFO - Started Regular Expression mapping
[ 2026-05-27 22:13:12,049] 174 root - INFO - Data transformation complete
[ 2026-05-27 22:13:12,049] 49 root - INFO - Started Regular Expression mapping
[ 2026-05-27 22:13:12,049] 174 root - INFO - Data transformation complete
[ 2026-05-27 22:13:12,049] 49 root - INFO - Started Regular Expression mapping
[ 2026-05-27 22:13:12,049] 174 root - INFO - Data transformation complete
[ 2026-05-27 22:13:12,049] 49 root - INFO - Started Regular Expression mapping
[ 2026-05-27 22:13:12,050] 174 root - INFO - Data transformation complete
[ 2026-05-27 22:13:12,050] 49 root - INFO - Started Regular Expression mapping
[ 2026-05-27 22:13:12,050] 25 root - INFO - Match heuristic business names to paybill payments
[ 2026-05-27 22:13:12,050] 174 root - INFO - Data transformation complete
[ 2026-05-27 22:13:12,050] 49 root - INFO - Started Regular Expression mapping
[ 2026-05-27 22:13:12,050] 174 root - INFO - Data transformation complete
[ 2026-05-27 22:13:12,050] 49 root - INFO - Started Regular Expression mapping
[ 2026-05-27 22:13:12,051] 174 root - INFO - Data transformation complete
[ 2026-05-27 22:13:12,051] 49 root - INFO - Started Regular Expression mapping
[ 2026-05-27 22:13:12,051] 174 root - INFO - Data transformation complete
[ 2026-05-27 22:13:12,051] 49 root - INFO - Started Regular Expression mapping
[ 2026-05-27 22:13:12,051] 25 root - INFO - Match heuristic business names to paybill payments
[ 2026-05-27 22:13:12,051] 174 root - INFO - Data transformation complete
[ 2026-05-27 22:13:12,051] 49 root - INFO - Started Regular Expression mapping
[ 2026-05-27 22:13:12,052] 25 root - INFO - Match heuristic business names to paybill payments
[ 2026-05-27 22:13:12,052] 174 root - INFO - Data transformation complete
[ 2026-05-27 22:13:12,052] 49 root - INFO - Started Regular Expression mapping
[ 2026-05-27 22:13:12,052] 174 root - INFO - Data transformation complete
[ 2026-05-27 22:13:12,052] 49 root - INFO - Started Regular Expression mapping
[ 2026-05-27 22:13:12,052] 174 root - INFO - Data transformation complete
[ 2026-05-27 22:13:12,053] 49 root - INFO - Started Regular Expression mapping
[ 2026-05-27 22:13:12,053] 174 root - INFO - Data transformation complete
[ 2026-05-27 22:13:12,053] 49 root - INFO - Started Regular Expression mapping
[ 2026-05-27 22:13:12,053] 174 root - INFO - Data transformation complete
[ 2026-05-27 22:13:12,053] 49 root - INFO - Started Regular Expression mapping
[ 2026-05-27 22:13:12,053] 174 root - INFO - Data transformation complete
[ 2026-05-27 22:13:12,053] 49 root - INFO - Started Regular Expression mapping
[ 2026-05-27 22:13:12,054] 174 root - INFO - Data transformation complete
[ 2026-05-27 22:13:12,054] 49 root - INFO - Started Regular Expression mapping
[ 2026-05-27 22:13:12,054] 174 root - INFO - Data transformation complete
[ 2026-05-27 22:13:12,054] 49 root - INFO - Started Regular Expression mapping
[ 2026-05-27 22:13:12,054] 174 root - INFO - Data transformation complete
[ 2026-05-27 22:13:12,054] 49 root - INFO - Started Regular Expression mapping
[ 2026-05-27 22:13:12,055] 174 root - INFO - Data transformation complete
[ 2026-05-27 22:13:12,055] 49 root - INFO - Started Regular Expression mapping
[ 2026-05-27 22:13:12,055] 174 root - INFO - Data transformation complete
[ 2026-05-27 22:13:12,055] 49 root - INFO - Started Regular Expression mapping
[ 2026-05-27 22:13:12,055] 174 root - INFO - Data transformation complete
[ 2026-05-27 22:13:12,055] 49 root - INFO - Started Regular Expression mapping
[ 2026-05-27 22:13:12,056] 25 root - INFO - Match heuristic business names to paybill payments
[ 2026-05-27 22:13:12,056] 174 root - INFO - Data transformation complete
[ 2026-05-27 22:13:12,056] 49 root - INFO - Started Regular Expression mapping
[ 2026-05-27 22:13:12,056] 25 root - INFO - Match heuristic business names to paybill payments
[ 2026-05-27 22:13:12,056] 174 root - INFO - Data transformation complete
[ 2026-05-27 22:13:12,056] 49 root - INFO - Started Regular Expression mapping
[ 2026-05-27 22:13:12,056] 174 root - INFO - Data transformation complete
[ 2026-05-27 22:13:12,056] 49 root - INFO - Started Regular Expression mapping
[ 2026-05-27 22:13:12,057] 174 root - INFO - Data transformation complete
[ 2026-05-27 22:13:12,057] 49 root - INFO - Started Regular Expression mapping
[ 2026-05-27 22:13:12,057] 174 root - INFO - Data transformation complete
[ 2026-05-27 22:13:12,057] 49 root - INFO - Started Regular Expression mapping
[ 2026-05-27 22:13:12,057] 174 root - INFO - Data transformation complete
[ 2026-05-27 22:13:12,057] 49 root - INFO - Started Regular Expression mapping
[ 2026-05-27 22:13:12,058] 174 root - INFO - Data transformation complete
[ 2026-05-27 22:13:12,058] 49 root - INFO - Started Regular Expression mapping
[ 2026-05-27 22:13:12,058] 25 root - INFO - Match heuristic business names to paybill payments
[ 2026-05-27 22:13:12,058] 174 root - INFO - Data transformation complete
[ 2026-05-27 22:13:12,058] 49 root - INFO - Started Regular Expression mapping
[ 2026-05-27 22:13:12,058] 25 root - INFO - Match heuristic business names to paybill payments
[ 2026-05-27 22:13:12,058] 174 root - INFO - Data transformation complete
[ 2026-05-27 22:13:12,059] 49 root - INFO - Started Regular Expression mapping
[ 2026-05-27 22:13:12,059] 174 root - INFO - Data transformation complete
[ 2026-05-27 22:13:12,059] 49 root - INFO - Started Regular Expression mapping
[ 2026-05-27 22:13:12,059] 174 root - INFO - Data transformation complete
[ 2026-05-27 22:13:12,059] 49 root - INFO - Started Regular Expression mapping
[ 2026-05-27 22:13:12,059] 174 root - INFO - Data transformation complete
[ 2026-05-27 22:13:12,060] 49 root - INFO - Started Regular Expression mapping
[ 2026-05-27 22:13:12,060] 174 root - INFO - Data transformation complete
[ 2026-05-27 22:13:12,060] 49 root - INFO - Started Regular Expression mapping
[ 2026-05-27 22:13:12,060] 174 root - INFO - Data transformation complete
[ 2026-05-27 22:13:12,060] 49 root - INFO - Started Regular Expression mapping
[ 2026-05-27 22:13:12,061] 174 root - INFO - Data transformation complete
[ 2026-05-27 22:13:12,061] 49 root - INFO - Started Regular Expression mapping
[ 2026-05-27 22:13:12,061] 174 root - INFO - Data transformation complete
[ 2026-05-27 22:13:12,061] 49 root - INFO - Started Regular Expression mapping
[ 2026-05-27 22:13:12,061] 174 root - INFO - Data transformation complete
[ 2026-05-27 22:13:12,061] 49 root - INFO - Started Regular Expression mapping
[ 2026-05-27 22:13:12,061] 174 root - INFO - Data transformation complete
[ 2026-05-27 22:13:12,062] 49 root - INFO - Started Regular Expression mapping
[ 2026-05-27 22:13:12,062] 25 root - INFO - Match heuristic business names to paybill payments
[ 2026-05-27 22:13:12,062] 174 root - INFO - Data transformation complete
[ 2026-05-27 22:13:12,062] 49 root - INFO - Started Regular Expression mapping
[ 2026-05-27 22:13:12,062] 25 root - INFO - Match heuristic business names to paybill payments
[ 2026-05-27 22:13:12,063] 174 root - INFO - Data transformation complete
[ 2026-05-27 22:13:12,063] 49 root - INFO - Started Regular Expression mapping
[ 2026-05-27 22:13:12,063] 174 root - INFO - Data transformation complete
[ 2026-05-27 22:13:12,063] 49 root - INFO - Started Regular Expression mapping
[ 2026-05-27 22:13:12,063] 174 root - INFO - Data transformation complete
[ 2026-05-27 22:13:12,063] 49 root - INFO - Started Regular Expression mapping
[ 2026-05-27 22:13:12,064] 174 root - INFO - Data transformation complete
[ 2026-05-27 22:13:12,064] 49 root - INFO - Started Regular Expression mapping
[ 2026-05-27 22:13:12,064] 174 root - INFO - Data transformation complete
[ 2026-05-27 22:13:12,064] 49 root - INFO - Started Regular Expression mapping
[ 2026-05-27 22:13:12,064] 174 root - INFO - Data transformation complete
[ 2026-05-27 22:13:12,064] 49 root - INFO - Started Regular Expression mapping
[ 2026-05-27 22:13:12,064] 25 root - INFO - Match heuristic business names to paybill payments
[ 2026-05-27 22:13:12,065] 174 root - INFO - Data transformation complete
[ 2026-05-27 22:13:12,065] 49 root - INFO - Started Regular Expression mapping
[ 2026-05-27 22:13:12,065] 25 root - INFO - Match heuristic business names to paybill payments
[ 2026-05-27 22:13:12,065] 174 root - INFO - Data transformation complete
[ 2026-05-27 22:13:12,065] 49 root - INFO - Started Regular Expression mapping
[ 2026-05-27 22:13:12,065] 174 root - INFO - Data transformation complete
[ 2026-05-27 22:13:12,065] 49 root - INFO - Started Regular Expression mapping
[ 2026-05-27 22:13:12,066] 174 root - INFO - Data transformation complete
[ 2026-05-27 22:13:12,066] 49 root - INFO - Started Regular Expression mapping
[ 2026-05-27 22:13:12,066] 25 root - INFO - Match heuristic business names to paybill payments
[ 2026-05-27 22:13:12,066] 174 root - INFO - Data transformation complete
[ 2026-05-27 22:13:12,066] 49 root - INFO - Started Regular Expression mapping
[ 2026-05-27 22:13:12,066] 25 root - INFO - Match heuristic business names to paybill payments
[ 2026-05-27 22:13:12,066] 174 root - INFO - Data transformation complete
[ 2026-05-27 22:13:12,067] 49 root - INFO - Started Regular Expression mapping
[ 2026-05-27 22:13:12,067] 174 root - INFO - Data transformation complete
[ 2026-05-27 22:13:12,067] 49 root - INFO - Started Regular Expression mapping
[ 2026-05-27 22:13:12,067] 174 root - INFO - Data transformation complete
[ 2026-05-27 22:13:12,067] 49 root - INFO - Started Regular Expression mapping
[ 2026-05-27 22:13:12,067] 25 root - INFO - Match heuristic business names to paybill payments
[ 2026-05-27 22:13:12,068] 174 root - INFO - Data transformation complete
[ 2026-05-27 22:13:12,068] 49 root - INFO - Started Regular Expression mapping
[ 2026-05-27 22:13:12,068] 25 root - INFO - Match heuristic business names to paybill payments
[ 2026-05-27 22:13:12,068] 174 root - INFO - Data transformation complete
[ 2026-05-27 22:13:12,068] 49 root - INFO - Started Regular Expression mapping
[ 2026-05-27 22:13:12,068] 174 root - INFO - Data transformation complete
[ 2026-05-27 22:13:12,068] 49 root - INFO - Started Regular Expression mapping
[ 2026-05-27 22:13:12,069] 174 root - INFO - Data transformation complete
[ 2026-05-27 22:13:12,069] 49 root - INFO - Started Regular Expression mapping
[ 2026-05-27 22:13:12,069] 25 root - INFO - Match heuristic business names to paybill payments
[ 2026-05-27 22:13:12,069] 174 root - INFO - Data transformation complete
[ 2026-05-27 22:13:12,069] 49 root - INFO - Started Regular Expression mapping
[ 2026-05-27 22:13:12,069] 174 root - INFO - Data transformation complete
[ 2026-05-27 22:13:12,069] 49 root - INFO - Started Regular Expression mapping
[ 2026-05-27 22:13:12,070] 174 root - INFO - Data transformation complete
[ 2026-05-27 22:13:12,070] 49 root - INFO - Started Regular Expression mapping
[ 2026-05-27 22:13:12,070] 174 root - INFO - Data transformation complete
[ 2026-05-27 22:13:12,070] 49 root - INFO - Started Regular Expression mapping
[ 2026-05-27 22:13:12,070] 174 root - INFO - Data transformation complete
[ 2026-05-27 22:13:12,070] 49 root - INFO - Started Regular Expression mapping
[ 2026-05-27 22:13:12,071] 174 root - INFO - Data transformation complete
[ 2026-05-27 22:13:12,071] 49 root - INFO - Started Regular Expression mapping
[ 2026-05-27 22:13:12,071] 174 root - INFO - Data transformation complete
[ 2026-05-27 22:13:12,071] 49 root - INFO - Started Regular Expression mapping
[ 2026-05-27 22:13:12,071] 174 root - INFO - Data transformation complete
[ 2026-05-27 22:13:12,071] 49 root - INFO - Started Regular Expression mapping
[ 2026-05-27 22:13:12,072] 174 root - INFO - Data transformation complete
[ 2026-05-27 22:13:12,072] 49 root - INFO - Started Regular Expression mapping
[ 2026-05-27 22:13:12,072] 25 root - INFO - Match heuristic business names to paybill payments
[ 2026-05-27 22:13:12,072] 174 root - INFO - Data transformation complete
[ 2026-05-27 22:13:12,072] 49 root - INFO - Started Regular Expression mapping
[ 2026-05-27 22:13:12,072] 174 root - INFO - Data transformation complete
[ 2026-05-27 22:13:12,072] 49 root - INFO - Started Regular Expression mapping
[ 2026-05-27 22:13:12,073] 174 root - INFO - Data transformation complete
[ 2026-05-27 22:13:12,073] 49 root - INFO - Started Regular Expression mapping
[ 2026-05-27 22:13:12,073] 174 root - INFO - Data transformation complete
[ 2026-05-27 22:13:12,073] 49 root - INFO - Started Regular Expression mapping
[ 2026-05-27 22:13:12,073] 25 root - INFO - Match heuristic business names to paybill payments
[ 2026-05-27 22:13:12,073] 174 root - INFO - Data transformation complete
[ 2026-05-27 22:13:12,073] 49 root - INFO - Started Regular Expression mapping
[ 2026-05-27 22:13:12,074] 174 root - INFO - Data transformation complete
[ 2026-05-27 22:13:12,074] 49 root - INFO - Started Regular Expression mapping
[ 2026-05-27 22:13:12,074] 174 root - INFO - Data transformation complete
[ 2026-05-27 22:13:12,074] 49 root - INFO - Started Regular Expression mapping
[ 2026-05-27 22:13:12,074] 174 root - INFO - Data transformation complete
[ 2026-05-27 22:13:12,074] 49 root - INFO - Started Regular Expression mapping
[ 2026-05-27 22:13:12,075] 174 root - INFO - Data transformation complete
[ 2026-05-27 22:13:12,075] 49 root - INFO - Started Regular Expression mapping
[ 2026-05-27 22:13:12,075] 25 root - INFO - Match heuristic business names to paybill payments
[ 2026-05-27 22:13:12,075] 174 root - INFO - Data transformation complete
[ 2026-05-27 22:13:12,075] 49 root - INFO - Started Regular Expression mapping
[ 2026-05-27 22:13:12,075] 25 root - INFO - Match heuristic business names to paybill payments
[ 2026-05-27 22:13:12,075] 174 root - INFO - Data transformation complete
[ 2026-05-27 22:13:12,076] 49 root - INFO - Started Regular Expression mapping
[ 2026-05-27 22:13:12,076] 174 root - INFO - Data transformation complete
[ 2026-05-27 22:13:12,076] 49 root - INFO - Started Regular Expression mapping
[ 2026-05-27 22:13:12,076] 174 root - INFO - Data transformation complete
[ 2026-05-27 22:13:12,077] 49 root - INFO - Started Regular Expression mapping
[ 2026-05-27 22:13:12,077] 174 root - INFO - Data transformation complete
[ 2026-05-27 22:13:12,077] 49 root - INFO - Started Regular Expression mapping
[ 2026-05-27 22:13:12,077] 174 root - INFO - Data transformation complete
[ 2026-05-27 22:13:12,078] 49 root - INFO - Started Regular Expression mapping
[ 2026-05-27 22:13:12,078] 25 root - INFO - Match heuristic business names to paybill payments
[ 2026-05-27 22:13:12,078] 174 root - INFO - Data transformation complete
[ 2026-05-27 22:13:12,078] 49 root - INFO - Started Regular Expression mapping
[ 2026-05-27 22:13:12,078] 174 root - INFO - Data transformation complete
[ 2026-05-27 22:13:12,079] 49 root - INFO - Started Regular Expression mapping
[ 2026-05-27 22:13:12,079] 174 root - INFO - Data transformation complete
[ 2026-05-27 22:13:12,079] 49 root - INFO - Started Regular Expression mapping
[ 2026-05-27 22:13:12,079] 174 root - INFO - Data transformation complete
[ 2026-05-27 22:13:12,079] 49 root - INFO - Started Regular Expression mapping
[ 2026-05-27 22:13:12,080] 174 root - INFO - Data transformation complete
[ 2026-05-27 22:13:12,080] 49 root - INFO - Started Regular Expression mapping
[ 2026-05-27 22:13:12,080] 174 root - INFO - Data transformation complete
[ 2026-05-27 22:13:12,080] 49 root - INFO - Started Regular Expression mapping
[ 2026-05-27 22:13:12,080] 174 root - INFO - Data transformation complete
[ 2026-05-27 22:13:12,080] 49 root - INFO - Started Regular Expression mapping
[ 2026-05-27 22:13:12,081] 174 root - INFO - Data transformation complete
[ 2026-05-27 22:13:12,081] 49 root - INFO - Started Regular Expression mapping
[ 2026-05-27 22:13:12,081] 174 root - INFO - Data transformation complete
[ 2026-05-27 22:13:12,081] 49 root - INFO - Started Regular Expression mapping
[ 2026-05-27 22:13:12,081] 25 root - INFO - Match heuristic business names to paybill payments
[ 2026-05-27 22:13:12,081] 174 root - INFO - Data transformation complete
[ 2026-05-27 22:13:12,081] 49 root - INFO - Started Regular Expression mapping
[ 2026-05-27 22:13:12,082] 174 root - INFO - Data transformation complete
[ 2026-05-27 22:13:12,082] 49 root - INFO - Started Regular Expression mapping
[ 2026-05-27 22:13:12,082] 25 root - INFO - Match heuristic business names to paybill payments
[ 2026-05-27 22:13:12,082] 174 root - INFO - Data transformation complete
[ 2026-05-27 22:13:12,082] 49 root - INFO - Started Regular Expression mapping
[ 2026-05-27 22:13:12,082] 174 root - INFO - Data transformation complete
[ 2026-05-27 22:13:12,082] 49 root - INFO - Started Regular Expression mapping
[ 2026-05-27 22:13:12,083] 174 root - INFO - Data transformation complete
[ 2026-05-27 22:13:12,083] 49 root - INFO - Started Regular Expression mapping
[ 2026-05-27 22:13:12,083] 174 root - INFO - Data transformation complete
[ 2026-05-27 22:13:12,083] 49 root - INFO - Started Regular Expression mapping
[ 2026-05-27 22:13:12,083] 174 root - INFO - Data transformation complete
[ 2026-05-27 22:13:12,083] 49 root - INFO - Started Regular Expression mapping
[ 2026-05-27 22:13:12,084] 25 root - INFO - Match heuristic business names to paybill payments
[ 2026-05-27 22:13:12,084] 174 root - INFO - Data transformation complete
[ 2026-05-27 22:13:12,084] 49 root - INFO - Started Regular Expression mapping
[ 2026-05-27 22:13:12,084] 174 root - INFO - Data transformation complete
[ 2026-05-27 22:13:12,084] 49 root - INFO - Started Regular Expression mapping
[ 2026-05-27 22:13:12,084] 174 root - INFO - Data transformation complete
[ 2026-05-27 22:13:12,084] 49 root - INFO - Started Regular Expression mapping
[ 2026-05-27 22:13:12,085] 174 root - INFO - Data transformation complete
[ 2026-05-27 22:13:12,085] 49 root - INFO - Started Regular Expression mapping
[ 2026-05-27 22:13:12,085] 174 root - INFO - Data transformation complete
[ 2026-05-27 22:13:12,085] 49 root - INFO - Started Regular Expression mapping
[ 2026-05-27 22:13:12,085] 174 root - INFO - Data transformation complete
[ 2026-05-27 22:13:12,085] 49 root - INFO - Started Regular Expression mapping
[ 2026-05-27 22:13:12,086] 25 root - INFO - Match heuristic business names to paybill payments
[ 2026-05-27 22:13:12,086] 174 root - INFO - Data transformation complete
[ 2026-05-27 22:13:12,086] 49 root - INFO - Started Regular Expression mapping
[ 2026-05-27 22:13:12,086] 174 root - INFO - Data transformation complete
[ 2026-05-27 22:13:12,086] 49 root - INFO - Started Regular Expression mapping
[ 2026-05-27 22:13:12,086] 174 root - INFO - Data transformation complete
[ 2026-05-27 22:13:12,086] 49 root - INFO - Started Regular Expression mapping
[ 2026-05-27 22:13:12,087] 174 root - INFO - Data transformation complete
[ 2026-05-27 22:13:12,087] 49 root - INFO - Started Regular Expression mapping
[ 2026-05-27 22:13:12,087] 174 root - INFO - Data transformation complete
[ 2026-05-27 22:13:12,087] 49 root - INFO - Started Regular Expression mapping
[ 2026-05-27 22:13:12,087] 174 root - INFO - Data transformation complete
[ 2026-05-27 22:13:12,087] 49 root - INFO - Started Regular Expression mapping
[ 2026-05-27 22:13:12,088] 174 root - INFO - Data transformation complete
[ 2026-05-27 22:13:12,088] 49 root - INFO - Started Regular Expression mapping
[ 2026-05-27 22:13:12,088] 174 root - INFO - Data transformation complete
[ 2026-05-27 22:13:12,088] 49 root - INFO - Started Regular Expression mapping
[ 2026-05-27 22:13:12,088] 174 root - INFO - Data transformation complete
[ 2026-05-27 22:13:12,088] 49 root - INFO - Started Regular Expression mapping
[ 2026-05-27 22:13:12,088] 174 root - INFO - Data transformation complete
[ 2026-05-27 22:13:12,089] 49 root - INFO - Started Regular Expression mapping
[ 2026-05-27 22:13:12,089] 174 root - INFO - Data transformation complete
[ 2026-05-27 22:13:12,089] 49 root - INFO - Started Regular Expression mapping
[ 2026-05-27 22:13:12,089] 174 root - INFO - Data transformation complete
[ 2026-05-27 22:13:12,089] 49 root - INFO - Started Regular Expression mapping
[ 2026-05-27 22:13:12,089] 174 root - INFO - Data transformation complete
[ 2026-05-27 22:13:12,090] 49 root - INFO - Started Regular Expression mapping
[ 2026-05-27 22:13:12,090] 174 root - INFO - Data transformation complete
[ 2026-05-27 22:13:12,090] 49 root - INFO - Started Regular Expression mapping
[ 2026-05-27 22:13:12,090] 174 root - INFO - Data transformation complete
[ 2026-05-27 22:13:12,090] 49 root - INFO - Started Regular Expression mapping
[ 2026-05-27 22:13:12,090] 174 root - INFO - Data transformation complete
[ 2026-05-27 22:13:12,090] 49 root - INFO - Started Regular Expression mapping
[ 2026-05-27 22:13:12,091] 25 root - INFO - Match heuristic business names to paybill payments
[ 2026-05-27 22:13:12,091] 174 root - INFO - Data transformation complete
[ 2026-05-27 22:13:12,091] 49 root - INFO - Started Regular Expression mapping
[ 2026-05-27 22:13:12,091] 25 root - INFO - Match heuristic business names to paybill payments
[ 2026-05-27 22:13:12,091] 174 root - INFO - Data transformation complete
[ 2026-05-27 22:13:12,091] 49 root - INFO - Started Regular Expression mapping
[ 2026-05-27 22:13:12,091] 25 root - INFO - Match heuristic business names to paybill payments
[ 2026-05-27 22:13:12,092] 174 root - INFO - Data transformation complete
[ 2026-05-27 22:13:12,092] 49 root - INFO - Started Regular Expression mapping
[ 2026-05-27 22:13:12,092] 174 root - INFO - Data transformation complete
[ 2026-05-27 22:13:12,092] 49 root - INFO - Started Regular Expression mapping
[ 2026-05-27 22:13:12,092] 25 root - INFO - Match heuristic business names to paybill payments
[ 2026-05-27 22:13:12,092] 174 root - INFO - Data transformation complete
[ 2026-05-27 22:13:12,092] 49 root - INFO - Started Regular Expression mapping
[ 2026-05-27 22:13:12,093] 25 root - INFO - Match heuristic business names to paybill payments
[ 2026-05-27 22:13:12,093] 174 root - INFO - Data transformation complete
[ 2026-05-27 22:13:12,093] 49 root - INFO - Started Regular Expression mapping
[ 2026-05-27 22:13:12,093] 174 root - INFO - Data transformation complete
[ 2026-05-27 22:13:12,093] 49 root - INFO - Started Regular Expression mapping
[ 2026-05-27 22:13:12,094] 174 root - INFO - Data transformation complete
[ 2026-05-27 22:13:12,094] 49 root - INFO - Started Regular Expression mapping
[ 2026-05-27 22:13:12,095] 25 root - INFO - Match heuristic business names to paybill payments
[ 2026-05-27 22:13:12,095] 174 root - INFO - Data transformation complete
[ 2026-05-27 22:13:12,095] 49 root - INFO - Started Regular Expression mapping
[ 2026-05-27 22:13:12,095] 25 root - INFO - Match heuristic business names to paybill payments
[ 2026-05-27 22:13:12,095] 174 root - INFO - Data transformation complete
[ 2026-05-27 22:13:12,095] 49 root - INFO - Started Regular Expression mapping
[ 2026-05-27 22:13:12,095] 174 root - INFO - Data transformation complete
[ 2026-05-27 22:13:12,095] 49 root - INFO - Started Regular Expression mapping
[ 2026-05-27 22:13:12,095] 174 root - INFO - Data transformation complete
[ 2026-05-27 22:13:12,096] 49 root - INFO - Started Regular Expression mapping
[ 2026-05-27 22:13:12,096] 174 root - INFO - Data transformation complete
[ 2026-05-27 22:13:12,096] 49 root - INFO - Started Regular Expression mapping
[ 2026-05-27 22:13:12,096] 25 root - INFO - Match heuristic business names to paybill payments
[ 2026-05-27 22:13:12,096] 174 root - INFO - Data transformation complete
[ 2026-05-27 22:13:12,096] 49 root - INFO - Started Regular Expression mapping
[ 2026-05-27 22:13:12,096] 174 root - INFO - Data transformation complete
[ 2026-05-27 22:13:12,097] 49 root - INFO - Started Regular Expression mapping
[ 2026-05-27 22:13:12,097] 174 root - INFO - Data transformation complete
[ 2026-05-27 22:13:12,097] 49 root - INFO - Started Regular Expression mapping
[ 2026-05-27 22:13:12,097] 174 root - INFO - Data transformation complete
[ 2026-05-27 22:13:12,097] 49 root - INFO - Started Regular Expression mapping
[ 2026-05-27 22:13:12,097] 174 root - INFO - Data transformation complete
[ 2026-05-27 22:13:12,097] 49 root - INFO - Started Regular Expression mapping
[ 2026-05-27 22:13:12,098] 174 root - INFO - Data transformation complete
[ 2026-05-27 22:13:12,098] 49 root - INFO - Started Regular Expression mapping
[ 2026-05-27 22:13:12,098] 174 root - INFO - Data transformation complete
[ 2026-05-27 22:13:12,098] 49 root - INFO - Started Regular Expression mapping
[ 2026-05-27 22:13:12,098] 174 root - INFO - Data transformation complete
[ 2026-05-27 22:13:12,098] 49 root - INFO - Started Regular Expression mapping
[ 2026-05-27 22:13:12,099] 174 root - INFO - Data transformation complete
[ 2026-05-27 22:13:12,099] 49 root - INFO - Started Regular Expression mapping
[ 2026-05-27 22:13:12,099] 174 root - INFO - Data transformation complete
[ 2026-05-27 22:13:12,099] 49 root - INFO - Started Regular Expression mapping
[ 2026-05-27 22:13:12,099] 174 root - INFO - Data transformation complete
[ 2026-05-27 22:13:12,099] 49 root - INFO - Started Regular Expression mapping
[ 2026-05-27 22:13:12,100] 174 root - INFO - Data transformation complete
[ 2026-05-27 22:13:12,100] 49 root - INFO - Started Regular Expression mapping
[ 2026-05-27 22:13:12,100] 174 root - INFO - Data transformation complete
[ 2026-05-27 22:13:12,100] 49 root - INFO - Started Regular Expression mapping
[ 2026-05-27 22:13:12,100] 174 root - INFO - Data transformation complete
[ 2026-05-27 22:13:12,100] 49 root - INFO - Started Regular Expression mapping
[ 2026-05-27 22:13:12,100] 25 root - INFO - Match heuristic business names to paybill payments
[ 2026-05-27 22:13:12,101] 174 root - INFO - Data transformation complete
[ 2026-05-27 22:13:12,101] 49 root - INFO - Started Regular Expression mapping
[ 2026-05-27 22:13:12,101] 174 root - INFO - Data transformation complete
[ 2026-05-27 22:13:12,101] 49 root - INFO - Started Regular Expression mapping
[ 2026-05-27 22:13:12,101] 174 root - INFO - Data transformation complete
[ 2026-05-27 22:13:12,101] 49 root - INFO - Started Regular Expression mapping
[ 2026-05-27 22:13:12,101] 174 root - INFO - Data transformation complete
[ 2026-05-27 22:13:12,102] 49 root - INFO - Started Regular Expression mapping
[ 2026-05-27 22:13:12,102] 174 root - INFO - Data transformation complete
[ 2026-05-27 22:13:12,102] 49 root - INFO - Started Regular Expression mapping
[ 2026-05-27 22:13:12,102] 174 root - INFO - Data transformation complete
[ 2026-05-27 22:13:12,102] 49 root - INFO - Started Regular Expression mapping
[ 2026-05-27 22:13:12,102] 25 root - INFO - Match heuristic business names to paybill payments
[ 2026-05-27 22:13:12,103] 174 root - INFO - Data transformation complete
[ 2026-05-27 22:13:12,103] 49 root - INFO - Started Regular Expression mapping
[ 2026-05-27 22:13:12,103] 25 root - INFO - Match heuristic business names to paybill payments
[ 2026-05-27 22:13:12,103] 174 root - INFO - Data transformation complete
[ 2026-05-27 22:13:12,103] 49 root - INFO - Started Regular Expression mapping
[ 2026-05-27 22:13:12,103] 174 root - INFO - Data transformation complete
[ 2026-05-27 22:13:12,103] 49 root - INFO - Started Regular Expression mapping
[ 2026-05-27 22:13:12,104] 174 root - INFO - Data transformation complete
[ 2026-05-27 22:13:12,104] 49 root - INFO - Started Regular Expression mapping
[ 2026-05-27 22:13:12,104] 174 root - INFO - Data transformation complete
[ 2026-05-27 22:13:12,104] 49 root - INFO - Started Regular Expression mapping
[ 2026-05-27 22:13:12,104] 174 root - INFO - Data transformation complete
[ 2026-05-27 22:13:12,104] 49 root - INFO - Started Regular Expression mapping
[ 2026-05-27 22:13:12,104] 174 root - INFO - Data transformation complete
[ 2026-05-27 22:13:12,105] 49 root - INFO - Started Regular Expression mapping
[ 2026-05-27 22:13:12,105] 174 root - INFO - Data transformation complete
[ 2026-05-27 22:13:12,105] 49 root - INFO - Started Regular Expression mapping
[ 2026-05-27 22:13:12,105] 174 root - INFO - Data transformation complete
[ 2026-05-27 22:13:12,105] 49 root - INFO - Started Regular Expression mapping
[ 2026-05-27 22:13:12,105] 174 root - INFO - Data transformation complete
[ 2026-05-27 22:13:12,106] 49 root - INFO - Started Regular Expression mapping
[ 2026-05-27 22:13:12,106] 174 root - INFO - Data transformation complete
[ 2026-05-27 22:13:12,106] 49 root - INFO - Started Regular Expression mapping
[ 2026-05-27 22:13:12,106] 174 root - INFO - Data transformation complete
[ 2026-05-27 22:13:12,106] 49 root - INFO - Started Regular Expression mapping
[ 2026-05-27 22:13:12,106] 174 root - INFO - Data transformation complete
[ 2026-05-27 22:13:12,106] 49 root - INFO - Started Regular Expression mapping
[ 2026-05-27 22:13:12,107] 174 root - INFO - Data transformation complete
[ 2026-05-27 22:13:12,107] 49 root - INFO - Started Regular Expression mapping
[ 2026-05-27 22:13:12,107] 174 root - INFO - Data transformation complete
[ 2026-05-27 22:13:12,107] 49 root - INFO - Started Regular Expression mapping
[ 2026-05-27 22:13:12,107] 174 root - INFO - Data transformation complete
[ 2026-05-27 22:13:12,107] 49 root - INFO - Started Regular Expression mapping
[ 2026-05-27 22:13:12,108] 174 root - INFO - Data transformation complete
[ 2026-05-27 22:13:12,108] 49 root - INFO - Started Regular Expression mapping
[ 2026-05-27 22:13:12,108] 174 root - INFO - Data transformation complete
[ 2026-05-27 22:13:12,108] 49 root - INFO - Started Regular Expression mapping
[ 2026-05-27 22:13:12,108] 174 root - INFO - Data transformation complete
[ 2026-05-27 22:13:12,108] 49 root - INFO - Started Regular Expression mapping
[ 2026-05-27 22:13:12,108] 174 root - INFO - Data transformation complete
[ 2026-05-27 22:13:12,109] 49 root - INFO - Started Regular Expression mapping
[ 2026-05-27 22:13:12,109] 174 root - INFO - Data transformation complete
[ 2026-05-27 22:13:12,109] 49 root - INFO - Started Regular Expression mapping
[ 2026-05-27 22:13:12,109] 174 root - INFO - Data transformation complete
[ 2026-05-27 22:13:12,110] 49 root - INFO - Started Regular Expression mapping
[ 2026-05-27 22:13:12,110] 174 root - INFO - Data transformation complete
[ 2026-05-27 22:13:12,110] 49 root - INFO - Started Regular Expression mapping
[ 2026-05-27 22:13:12,110] 174 root - INFO - Data transformation complete
[ 2026-05-27 22:13:12,110] 49 root - INFO - Started Regular Expression mapping
[ 2026-05-27 22:13:12,111] 174 root - INFO - Data transformation complete
[ 2026-05-27 22:13:12,111] 49 root - INFO - Started Regular Expression mapping
[ 2026-05-27 22:13:12,111] 174 root - INFO - Data transformation complete
[ 2026-05-27 22:13:12,111] 49 root - INFO - Started Regular Expression mapping
[ 2026-05-27 22:13:12,111] 174 root - INFO - Data transformation complete
[ 2026-05-27 22:13:12,111] 49 root - INFO - Started Regular Expression mapping
[ 2026-05-27 22:13:12,112] 174 root - INFO - Data transformation complete
[ 2026-05-27 22:13:12,112] 49 root - INFO - Started Regular Expression mapping
[ 2026-05-27 22:13:12,112] 174 root - INFO - Data transformation complete
[ 2026-05-27 22:13:12,112] 49 root - INFO - Started Regular Expression mapping
[ 2026-05-27 22:13:12,112] 174 root - INFO - Data transformation complete
[ 2026-05-27 22:13:12,112] 49 root - INFO - Started Regular Expression mapping
[ 2026-05-27 22:13:12,112] 174 root - INFO - Data transformation complete
[ 2026-05-27 22:13:12,113] 49 root - INFO - Started Regular Expression mapping
[ 2026-05-27 22:13:12,113] 174 root - INFO - Data transformation complete
[ 2026-05-27 22:13:12,113] 49 root - INFO - Started Regular Expression mapping
[ 2026-05-27 22:13:12,113] 174 root - INFO - Data transformation complete
[ 2026-05-27 22:13:12,113] 49 root - INFO - Started Regular Expression mapping
[ 2026-05-27 22:13:12,113] 174 root - INFO - Data transformation complete
[ 2026-05-27 22:13:12,114] 49 root - INFO - Started Regular Expression mapping
[ 2026-05-27 22:13:12,114] 174 root - INFO - Data transformation complete
[ 2026-05-27 22:13:12,114] 49 root - INFO - Started Regular Expression mapping
[ 2026-05-27 22:13:12,114] 25 root - INFO - Match heuristic business names to paybill payments
[ 2026-05-27 22:13:12,114] 174 root - INFO - Data transformation complete
[ 2026-05-27 22:13:12,114] 49 root - INFO - Started Regular Expression mapping
[ 2026-05-27 22:13:12,114] 174 root - INFO - Data transformation complete
[ 2026-05-27 22:13:12,115] 49 root - INFO - Started Regular Expression mapping
[ 2026-05-27 22:13:12,115] 174 root - INFO - Data transformation complete
[ 2026-05-27 22:13:12,115] 49 root - INFO - Started Regular Expression mapping
[ 2026-05-27 22:13:12,115] 174 root - INFO - Data transformation complete
[ 2026-05-27 22:13:12,115] 49 root - INFO - Started Regular Expression mapping
[ 2026-05-27 22:13:12,115] 174 root - INFO - Data transformation complete
[ 2026-05-27 22:13:12,116] 49 root - INFO - Started Regular Expression mapping
[ 2026-05-27 22:13:12,116] 174 root - INFO - Data transformation complete
[ 2026-05-27 22:13:12,116] 49 root - INFO - Started Regular Expression mapping
[ 2026-05-27 22:13:12,116] 174 root - INFO - Data transformation complete
[ 2026-05-27 22:13:12,116] 49 root - INFO - Started Regular Expression mapping
[ 2026-05-27 22:13:12,116] 174 root - INFO - Data transformation complete
[ 2026-05-27 22:13:12,116] 49 root - INFO - Started Regular Expression mapping
[ 2026-05-27 22:13:12,117] 174 root - INFO - Data transformation complete
[ 2026-05-27 22:13:12,117] 49 root - INFO - Started Regular Expression mapping
[ 2026-05-27 22:13:12,117] 174 root - INFO - Data transformation complete
[ 2026-05-27 22:13:12,117] 49 root - INFO - Started Regular Expression mapping
[ 2026-05-27 22:13:12,117] 25 root - INFO - Match heuristic business names to paybill payments
[ 2026-05-27 22:13:12,117] 174 root - INFO - Data transformation complete
[ 2026-05-27 22:13:12,117] 49 root - INFO - Started Regular Expression mapping
[ 2026-05-27 22:13:12,118] 174 root - INFO - Data transformation complete
[ 2026-05-27 22:13:12,118] 49 root - INFO - Started Regular Expression mapping
[ 2026-05-27 22:13:12,118] 174 root - INFO - Data transformation complete
[ 2026-05-27 22:13:12,118] 49 root - INFO - Started Regular Expression mapping
[ 2026-05-27 22:13:12,118] 174 root - INFO - Data transformation complete
[ 2026-05-27 22:13:12,118] 49 root - INFO - Started Regular Expression mapping
[ 2026-05-27 22:13:12,119] 174 root - INFO - Data transformation complete
[ 2026-05-27 22:13:12,119] 49 root - INFO - Started Regular Expression mapping
[ 2026-05-27 22:13:12,119] 174 root - INFO - Data transformation complete
[ 2026-05-27 22:13:12,119] 49 root - INFO - Started Regular Expression mapping
[ 2026-05-27 22:13:12,119] 25 root - INFO - Match heuristic business names to paybill payments
[ 2026-05-27 22:13:12,119] 174 root - INFO - Data transformation complete
[ 2026-05-27 22:13:12,119] 49 root - INFO - Started Regular Expression mapping
[ 2026-05-27 22:13:12,120] 25 root - INFO - Match heuristic business names to paybill payments
[ 2026-05-27 22:13:12,120] 174 root - INFO - Data transformation complete
[ 2026-05-27 22:13:12,120] 49 root - INFO - Started Regular Expression mapping
[ 2026-05-27 22:13:12,120] 174 root - INFO - Data transformation complete
[ 2026-05-27 22:13:12,120] 49 root - INFO - Started Regular Expression mapping
[ 2026-05-27 22:13:12,120] 174 root - INFO - Data transformation complete
[ 2026-05-27 22:13:12,120] 49 root - INFO - Started Regular Expression mapping
[ 2026-05-27 22:13:12,121] 174 root - INFO - Data transformation complete
[ 2026-05-27 22:13:12,121] 49 root - INFO - Started Regular Expression mapping
[ 2026-05-27 22:13:12,121] 174 root - INFO - Data transformation complete
[ 2026-05-27 22:13:12,121] 49 root - INFO - Started Regular Expression mapping
[ 2026-05-27 22:13:12,121] 174 root - INFO - Data transformation complete
[ 2026-05-27 22:13:12,121] 49 root - INFO - Started Regular Expression mapping
[ 2026-05-27 22:13:12,122] 25 root - INFO - Match heuristic business names to paybill payments
[ 2026-05-27 22:13:12,122] 174 root - INFO - Data transformation complete
[ 2026-05-27 22:13:12,122] 49 root - INFO - Started Regular Expression mapping
[ 2026-05-27 22:13:12,122] 174 root - INFO - Data transformation complete
[ 2026-05-27 22:13:12,122] 49 root - INFO - Started Regular Expression mapping
[ 2026-05-27 22:13:12,122] 174 root - INFO - Data transformation complete
[ 2026-05-27 22:13:12,122] 49 root - INFO - Started Regular Expression mapping
[ 2026-05-27 22:13:12,123] 174 root - INFO - Data transformation complete
[ 2026-05-27 22:13:12,123] 49 root - INFO - Started Regular Expression mapping
[ 2026-05-27 22:13:12,123] 174 root - INFO - Data transformation complete
[ 2026-05-27 22:13:12,123] 49 root - INFO - Started Regular Expression mapping
[ 2026-05-27 22:13:12,123] 174 root - INFO - Data transformation complete
[ 2026-05-27 22:13:12,123] 49 root - INFO - Started Regular Expression mapping
[ 2026-05-27 22:13:12,124] 25 root - INFO - Match heuristic business names to paybill payments
[ 2026-05-27 22:13:12,124] 174 root - INFO - Data transformation complete
[ 2026-05-27 22:13:12,124] 49 root - INFO - Started Regular Expression mapping
[ 2026-05-27 22:13:12,124] 174 root - INFO - Data transformation complete
[ 2026-05-27 22:13:12,124] 49 root - INFO - Started Regular Expression mapping
[ 2026-05-27 22:13:12,124] 174 root - INFO - Data transformation complete
[ 2026-05-27 22:13:12,124] 49 root - INFO - Started Regular Expression mapping
[ 2026-05-27 22:13:12,125] 25 root - INFO - Match heuristic business names to paybill payments
[ 2026-05-27 22:13:12,125] 174 root - INFO - Data transformation complete
[ 2026-05-27 22:13:12,125] 49 root - INFO - Started Regular Expression mapping
[ 2026-05-27 22:13:12,125] 25 root - INFO - Match heuristic business names to paybill payments
[ 2026-05-27 22:13:12,125] 174 root - INFO - Data transformation complete
[ 2026-05-27 22:13:12,125] 49 root - INFO - Started Regular Expression mapping
[ 2026-05-27 22:13:12,126] 174 root - INFO - Data transformation complete
[ 2026-05-27 22:13:12,126] 49 root - INFO - Started Regular Expression mapping
[ 2026-05-27 22:13:12,126] 174 root - INFO - Data transformation complete
[ 2026-05-27 22:13:12,126] 49 root - INFO - Started Regular Expression mapping
[ 2026-05-27 22:13:12,126] 174 root - INFO - Data transformation complete
[ 2026-05-27 22:13:12,127] 49 root - INFO - Started Regular Expression mapping
[ 2026-05-27 22:13:12,127] 174 root - INFO - Data transformation complete
[ 2026-05-27 22:13:12,127] 49 root - INFO - Started Regular Expression mapping
[ 2026-05-27 22:13:12,127] 174 root - INFO - Data transformation complete
[ 2026-05-27 22:13:12,127] 49 root - INFO - Started Regular Expression mapping
[ 2026-05-27 22:13:12,127] 174 root - INFO - Data transformation complete
[ 2026-05-27 22:13:12,127] 49 root - INFO - Started Regular Expression mapping
[ 2026-05-27 22:13:12,128] 174 root - INFO - Data transformation complete
[ 2026-05-27 22:13:12,128] 49 root - INFO - Started Regular Expression mapping
[ 2026-05-27 22:13:12,128] 174 root - INFO - Data transformation complete
[ 2026-05-27 22:13:12,128] 49 root - INFO - Started Regular Expression mapping
[ 2026-05-27 22:13:12,128] 25 root - INFO - Match heuristic business names to paybill payments
[ 2026-05-27 22:13:12,128] 174 root - INFO - Data transformation complete
[ 2026-05-27 22:13:12,129] 49 root - INFO - Started Regular Expression mapping
[ 2026-05-27 22:13:12,129] 174 root - INFO - Data transformation complete
[ 2026-05-27 22:13:12,129] 49 root - INFO - Started Regular Expression mapping
[ 2026-05-27 22:13:12,129] 174 root - INFO - Data transformation complete
[ 2026-05-27 22:13:12,129] 49 root - INFO - Started Regular Expression mapping
[ 2026-05-27 22:13:12,129] 174 root - INFO - Data transformation complete
[ 2026-05-27 22:13:12,129] 49 root - INFO - Started Regular Expression mapping
[ 2026-05-27 22:13:12,130] 174 root - INFO - Data transformation complete
[ 2026-05-27 22:13:12,130] 49 root - INFO - Started Regular Expression mapping
[ 2026-05-27 22:13:12,130] 174 root - INFO - Data transformation complete
[ 2026-05-27 22:13:12,130] 49 root - INFO - Started Regular Expression mapping
[ 2026-05-27 22:13:12,130] 174 root - INFO - Data transformation complete
[ 2026-05-27 22:13:12,130] 49 root - INFO - Started Regular Expression mapping
[ 2026-05-27 22:13:12,131] 174 root - INFO - Data transformation complete
[ 2026-05-27 22:13:12,131] 49 root - INFO - Started Regular Expression mapping
[ 2026-05-27 22:13:12,131] 174 root - INFO - Data transformation complete
[ 2026-05-27 22:13:12,131] 49 root - INFO - Started Regular Expression mapping
[ 2026-05-27 22:13:12,131] 174 root - INFO - Data transformation complete
[ 2026-05-27 22:13:12,131] 49 root - INFO - Started Regular Expression mapping
[ 2026-05-27 22:13:12,132] 174 root - INFO - Data transformation complete
[ 2026-05-27 22:13:12,132] 49 root - INFO - Started Regular Expression mapping
[ 2026-05-27 22:13:12,132] 174 root - INFO - Data transformation complete
[ 2026-05-27 22:13:12,132] 49 root - INFO - Started Regular Expression mapping
[ 2026-05-27 22:13:12,132] 174 root - INFO - Data transformation complete
[ 2026-05-27 22:13:12,132] 49 root - INFO - Started Regular Expression mapping
[ 2026-05-27 22:13:12,132] 174 root - INFO - Data transformation complete
[ 2026-05-27 22:13:12,133] 49 root - INFO - Started Regular Expression mapping
[ 2026-05-27 22:13:12,133] 25 root - INFO - Match heuristic business names to paybill payments
[ 2026-05-27 22:13:12,133] 174 root - INFO - Data transformation complete
[ 2026-05-27 22:13:12,133] 49 root - INFO - Started Regular Expression mapping
[ 2026-05-27 22:13:12,133] 25 root - INFO - Match heuristic business names to paybill payments
[ 2026-05-27 22:13:12,133] 174 root - INFO - Data transformation complete
[ 2026-05-27 22:13:12,133] 49 root - INFO - Started Regular Expression mapping
[ 2026-05-27 22:13:12,134] 174 root - INFO - Data transformation complete
[ 2026-05-27 22:13:12,134] 49 root - INFO - Started Regular Expression mapping
[ 2026-05-27 22:13:12,134] 174 root - INFO - Data transformation complete
[ 2026-05-27 22:13:12,134] 49 root - INFO - Started Regular Expression mapping
[ 2026-05-27 22:13:12,134] 174 root - INFO - Data transformation complete
[ 2026-05-27 22:13:12,134] 49 root - INFO - Started Regular Expression mapping
[ 2026-05-27 22:13:12,135] 174 root - INFO - Data transformation complete
[ 2026-05-27 22:13:12,135] 49 root - INFO - Started Regular Expression mapping
[ 2026-05-27 22:13:12,135] 174 root - INFO - Data transformation complete
[ 2026-05-27 22:13:12,135] 49 root - INFO - Started Regular Expression mapping
[ 2026-05-27 22:13:12,135] 25 root - INFO - Match heuristic business names to paybill payments
[ 2026-05-27 22:13:12,135] 174 root - INFO - Data transformation complete
[ 2026-05-27 22:13:12,135] 49 root - INFO - Started Regular Expression mapping
[ 2026-05-27 22:13:12,136] 174 root - INFO - Data transformation complete
[ 2026-05-27 22:13:12,136] 49 root - INFO - Started Regular Expression mapping
[ 2026-05-27 22:13:12,136] 174 root - INFO - Data transformation complete
[ 2026-05-27 22:13:12,136] 49 root - INFO - Started Regular Expression mapping
[ 2026-05-27 22:13:12,136] 174 root - INFO - Data transformation complete
[ 2026-05-27 22:13:12,136] 49 root - INFO - Started Regular Expression mapping
[ 2026-05-27 22:13:12,137] 174 root - INFO - Data transformation complete
[ 2026-05-27 22:13:12,137] 49 root - INFO - Started Regular Expression mapping
[ 2026-05-27 22:13:12,137] 174 root - INFO - Data transformation complete
[ 2026-05-27 22:13:12,137] 49 root - INFO - Started Regular Expression mapping
[ 2026-05-27 22:13:12,137] 174 root - INFO - Data transformation complete
[ 2026-05-27 22:13:12,137] 49 root - INFO - Started Regular Expression mapping
[ 2026-05-27 22:13:12,138] 174 root - INFO - Data transformation complete
[ 2026-05-27 22:13:12,138] 49 root - INFO - Started Regular Expression mapping
[ 2026-05-27 22:13:12,138] 174 root - INFO - Data transformation complete
[ 2026-05-27 22:13:12,138] 49 root - INFO - Started Regular Expression mapping
[ 2026-05-27 22:13:12,138] 174 root - INFO - Data transformation complete
[ 2026-05-27 22:13:12,138] 49 root - INFO - Started Regular Expression mapping
[ 2026-05-27 22:13:12,138] 174 root - INFO - Data transformation complete
[ 2026-05-27 22:13:12,139] 49 root - INFO - Started Regular Expression mapping
[ 2026-05-27 22:13:12,139] 174 root - INFO - Data transformation complete
[ 2026-05-27 22:13:12,139] 49 root - INFO - Started Regular Expression mapping
[ 2026-05-27 22:13:12,139] 174 root - INFO - Data transformation complete
[ 2026-05-27 22:13:12,139] 49 root - INFO - Started Regular Expression mapping
[ 2026-05-27 22:13:12,139] 174 root - INFO - Data transformation complete
[ 2026-05-27 22:13:12,140] 49 root - INFO - Started Regular Expression mapping
[ 2026-05-27 22:13:12,140] 174 root - INFO - Data transformation complete
[ 2026-05-27 22:13:12,140] 49 root - INFO - Started Regular Expression mapping
[ 2026-05-27 22:13:12,140] 174 root - INFO - Data transformation complete
[ 2026-05-27 22:13:12,140] 49 root - INFO - Started Regular Expression mapping
[ 2026-05-27 22:13:12,140] 174 root - INFO - Data transformation complete
[ 2026-05-27 22:13:12,140] 49 root - INFO - Started Regular Expression mapping
[ 2026-05-27 22:13:12,141] 174 root - INFO - Data transformation complete
[ 2026-05-27 22:13:12,141] 49 root - INFO - Started Regular Expression mapping
[ 2026-05-27 22:13:12,142] 174 root - INFO - Data transformation complete
[ 2026-05-27 22:13:12,142] 49 root - INFO - Started Regular Expression mapping
[ 2026-05-27 22:13:12,142] 174 root - INFO - Data transformation complete
[ 2026-05-27 22:13:12,142] 49 root - INFO - Started Regular Expression mapping
[ 2026-05-27 22:13:12,143] 25 root - INFO - Match heuristic business names to paybill payments
[ 2026-05-27 22:13:12,143] 174 root - INFO - Data transformation complete
[ 2026-05-27 22:13:12,143] 49 root - INFO - Started Regular Expression mapping
[ 2026-05-27 22:13:12,143] 174 root - INFO - Data transformation complete
[ 2026-05-27 22:13:12,143] 49 root - INFO - Started Regular Expression mapping
[ 2026-05-27 22:13:12,144] 174 root - INFO - Data transformation complete
[ 2026-05-27 22:13:12,144] 49 root - INFO - Started Regular Expression mapping
[ 2026-05-27 22:13:12,144] 174 root - INFO - Data transformation complete
[ 2026-05-27 22:13:12,144] 49 root - INFO - Started Regular Expression mapping
[ 2026-05-27 22:13:12,144] 174 root - INFO - Data transformation complete
[ 2026-05-27 22:13:12,144] 49 root - INFO - Started Regular Expression mapping
[ 2026-05-27 22:13:12,145] 174 root - INFO - Data transformation complete
[ 2026-05-27 22:13:12,145] 49 root - INFO - Started Regular Expression mapping
[ 2026-05-27 22:13:12,145] 174 root - INFO - Data transformation complete
[ 2026-05-27 22:13:12,145] 49 root - INFO - Started Regular Expression mapping
[ 2026-05-27 22:13:12,145] 25 root - INFO - Match heuristic business names to paybill payments
[ 2026-05-27 22:13:12,145] 174 root - INFO - Data transformation complete
[ 2026-05-27 22:13:12,145] 49 root - INFO - Started Regular Expression mapping
[ 2026-05-27 22:13:12,146] 25 root - INFO - Match heuristic business names to paybill payments
[ 2026-05-27 22:13:12,146] 174 root - INFO - Data transformation complete
[ 2026-05-27 22:13:12,146] 49 root - INFO - Started Regular Expression mapping
[ 2026-05-27 22:13:12,146] 174 root - INFO - Data transformation complete
[ 2026-05-27 22:13:12,146] 49 root - INFO - Started Regular Expression mapping
[ 2026-05-27 22:13:12,146] 174 root - INFO - Data transformation complete
[ 2026-05-27 22:13:12,147] 49 root - INFO - Started Regular Expression mapping
[ 2026-05-27 22:13:12,147] 174 root - INFO - Data transformation complete
[ 2026-05-27 22:13:12,147] 49 root - INFO - Started Regular Expression mapping
[ 2026-05-27 22:13:12,147] 174 root - INFO - Data transformation complete
[ 2026-05-27 22:13:12,147] 49 root - INFO - Started Regular Expression mapping
[ 2026-05-27 22:13:12,147] 25 root - INFO - Match heuristic business names to paybill payments
[ 2026-05-27 22:13:12,147] 174 root - INFO - Data transformation complete
[ 2026-05-27 22:13:12,148] 49 root - INFO - Started Regular Expression mapping
[ 2026-05-27 22:13:12,148] 174 root - INFO - Data transformation complete
[ 2026-05-27 22:13:12,148] 49 root - INFO - Started Regular Expression mapping
[ 2026-05-27 22:13:12,148] 25 root - INFO - Match heuristic business names to paybill payments
[ 2026-05-27 22:13:12,148] 174 root - INFO - Data transformation complete
[ 2026-05-27 22:13:12,148] 49 root - INFO - Started Regular Expression mapping
[ 2026-05-27 22:13:12,149] 25 root - INFO - Match heuristic business names to paybill payments
[ 2026-05-27 22:13:12,149] 174 root - INFO - Data transformation complete
[ 2026-05-27 22:13:12,149] 49 root - INFO - Started Regular Expression mapping
[ 2026-05-27 22:13:12,149] 174 root - INFO - Data transformation complete
[ 2026-05-27 22:13:12,149] 49 root - INFO - Started Regular Expression mapping
[ 2026-05-27 22:13:12,149] 174 root - INFO - Data transformation complete
[ 2026-05-27 22:13:12,149] 49 root - INFO - Started Regular Expression mapping
[ 2026-05-27 22:13:12,150] 174 root - INFO - Data transformation complete
[ 2026-05-27 22:13:12,150] 49 root - INFO - Started Regular Expression mapping
[ 2026-05-27 22:13:12,150] 174 root - INFO - Data transformation complete
[ 2026-05-27 22:13:12,150] 49 root - INFO - Started Regular Expression mapping
[ 2026-05-27 22:13:12,150] 174 root - INFO - Data transformation complete
[ 2026-05-27 22:13:12,150] 49 root - INFO - Started Regular Expression mapping
[ 2026-05-27 22:13:12,151] 25 root - INFO - Match heuristic business names to paybill payments
[ 2026-05-27 22:13:12,151] 174 root - INFO - Data transformation complete
[ 2026-05-27 22:13:12,151] 49 root - INFO - Started Regular Expression mapping
[ 2026-05-27 22:13:12,151] 174 root - INFO - Data transformation complete
[ 2026-05-27 22:13:12,151] 49 root - INFO - Started Regular Expression mapping
[ 2026-05-27 22:13:12,151] 174 root - INFO - Data transformation complete
[ 2026-05-27 22:13:12,151] 49 root - INFO - Started Regular Expression mapping
[ 2026-05-27 22:13:12,152] 25 root - INFO - Match heuristic business names to paybill payments
[ 2026-05-27 22:13:12,152] 174 root - INFO - Data transformation complete
[ 2026-05-27 22:13:12,152] 49 root - INFO - Started Regular Expression mapping
[ 2026-05-27 22:13:12,152] 25 root - INFO - Match heuristic business names to paybill payments
[ 2026-05-27 22:13:12,152] 174 root - INFO - Data transformation complete
[ 2026-05-27 22:13:12,152] 49 root - INFO - Started Regular Expression mapping
[ 2026-05-27 22:13:12,152] 174 root - INFO - Data transformation complete
[ 2026-05-27 22:13:12,153] 49 root - INFO - Started Regular Expression mapping
[ 2026-05-27 22:13:12,153] 174 root - INFO - Data transformation complete
[ 2026-05-27 22:13:12,153] 49 root - INFO - Started Regular Expression mapping
[ 2026-05-27 22:13:12,153] 174 root - INFO - Data transformation complete
[ 2026-05-27 22:13:12,153] 49 root - INFO - Started Regular Expression mapping
[ 2026-05-27 22:13:12,153] 174 root - INFO - Data transformation complete
[ 2026-05-27 22:13:12,153] 49 root - INFO - Started Regular Expression mapping
[ 2026-05-27 22:13:12,154] 174 root - INFO - Data transformation complete
[ 2026-05-27 22:13:12,154] 49 root - INFO - Started Regular Expression mapping
[ 2026-05-27 22:13:12,154] 25 root - INFO - Match heuristic business names to paybill payments
[ 2026-05-27 22:13:12,154] 174 root - INFO - Data transformation complete
[ 2026-05-27 22:13:12,154] 49 root - INFO - Started Regular Expression mapping
[ 2026-05-27 22:13:12,154] 174 root - INFO - Data transformation complete
[ 2026-05-27 22:13:12,155] 49 root - INFO - Started Regular Expression mapping
[ 2026-05-27 22:13:12,155] 174 root - INFO - Data transformation complete
[ 2026-05-27 22:13:12,155] 49 root - INFO - Started Regular Expression mapping
[ 2026-05-27 22:13:12,155] 174 root - INFO - Data transformation complete
[ 2026-05-27 22:13:12,155] 49 root - INFO - Started Regular Expression mapping
[ 2026-05-27 22:13:12,155] 174 root - INFO - Data transformation complete
[ 2026-05-27 22:13:12,155] 49 root - INFO - Started Regular Expression mapping
[ 2026-05-27 22:13:12,156] 25 root - INFO - Match heuristic business names to paybill payments
[ 2026-05-27 22:13:12,156] 174 root - INFO - Data transformation complete
[ 2026-05-27 22:13:12,156] 49 root - INFO - Started Regular Expression mapping
[ 2026-05-27 22:13:12,156] 174 root - INFO - Data transformation complete
[ 2026-05-27 22:13:12,156] 49 root - INFO - Started Regular Expression mapping
[ 2026-05-27 22:13:12,156] 174 root - INFO - Data transformation complete
[ 2026-05-27 22:13:12,157] 49 root - INFO - Started Regular Expression mapping
[ 2026-05-27 22:13:12,157] 174 root - INFO - Data transformation complete
[ 2026-05-27 22:13:12,157] 49 root - INFO - Started Regular Expression mapping
[ 2026-05-27 22:13:12,157] 174 root - INFO - Data transformation complete
[ 2026-05-27 22:13:12,157] 49 root - INFO - Started Regular Expression mapping
[ 2026-05-27 22:13:12,157] 174 root - INFO - Data transformation complete
[ 2026-05-27 22:13:12,157] 49 root - INFO - Started Regular Expression mapping
[ 2026-05-27 22:13:12,158] 25 root - INFO - Match heuristic business names to paybill payments
[ 2026-05-27 22:13:12,158] 174 root - INFO - Data transformation complete
[ 2026-05-27 22:13:12,158] 49 root - INFO - Started Regular Expression mapping
[ 2026-05-27 22:13:12,158] 25 root - INFO - Match heuristic business names to paybill payments
[ 2026-05-27 22:13:12,158] 174 root - INFO - Data transformation complete
[ 2026-05-27 22:13:12,158] 49 root - INFO - Started Regular Expression mapping
[ 2026-05-27 22:13:12,159] 174 root - INFO - Data transformation complete
[ 2026-05-27 22:13:12,159] 49 root - INFO - Started Regular Expression mapping
[ 2026-05-27 22:13:12,159] 174 root - INFO - Data transformation complete
[ 2026-05-27 22:13:12,159] 49 root - INFO - Started Regular Expression mapping
[ 2026-05-27 22:13:12,159] 174 root - INFO - Data transformation complete
[ 2026-05-27 22:13:12,159] 49 root - INFO - Started Regular Expression mapping
[ 2026-05-27 22:13:12,160] 25 root - INFO - Match heuristic business names to paybill payments
[ 2026-05-27 22:13:12,160] 174 root - INFO - Data transformation complete
[ 2026-05-27 22:13:12,160] 49 root - INFO - Started Regular Expression mapping
[ 2026-05-27 22:13:12,160] 25 root - INFO - Match heuristic business names to paybill payments
[ 2026-05-27 22:13:12,160] 174 root - INFO - Data transformation complete
[ 2026-05-27 22:13:12,160] 49 root - INFO - Started Regular Expression mapping
[ 2026-05-27 22:13:12,161] 174 root - INFO - Data transformation complete
[ 2026-05-27 22:13:12,161] 49 root - INFO - Started Regular Expression mapping
[ 2026-05-27 22:13:12,161] 174 root - INFO - Data transformation complete
[ 2026-05-27 22:13:12,161] 49 root - INFO - Started Regular Expression mapping
[ 2026-05-27 22:13:12,161] 174 root - INFO - Data transformation complete
[ 2026-05-27 22:13:12,161] 49 root - INFO - Started Regular Expression mapping
[ 2026-05-27 22:13:12,162] 174 root - INFO - Data transformation complete
[ 2026-05-27 22:13:12,162] 49 root - INFO - Started Regular Expression mapping
[ 2026-05-27 22:13:12,162] 174 root - INFO - Data transformation complete
[ 2026-05-27 22:13:12,162] 49 root - INFO - Started Regular Expression mapping
[ 2026-05-27 22:13:12,162] 174 root - INFO - Data transformation complete
[ 2026-05-27 22:13:12,162] 49 root - INFO - Started Regular Expression mapping
[ 2026-05-27 22:13:12,163] 174 root - INFO - Data transformation complete
[ 2026-05-27 22:13:12,163] 49 root - INFO - Started Regular Expression mapping
[ 2026-05-27 22:13:12,163] 174 root - INFO - Data transformation complete
[ 2026-05-27 22:13:12,163] 49 root - INFO - Started Regular Expression mapping
[ 2026-05-27 22:13:12,163] 25 root - INFO - Match heuristic business names to paybill payments
[ 2026-05-27 22:13:12,163] 174 root - INFO - Data transformation complete
[ 2026-05-27 22:13:12,163] 49 root - INFO - Started Regular Expression mapping
[ 2026-05-27 22:13:12,164] 25 root - INFO - Match heuristic business names to paybill payments
[ 2026-05-27 22:13:12,164] 174 root - INFO - Data transformation complete
[ 2026-05-27 22:13:12,164] 49 root - INFO - Started Regular Expression mapping
[ 2026-05-27 22:13:12,164] 174 root - INFO - Data transformation complete
[ 2026-05-27 22:13:12,164] 49 root - INFO - Started Regular Expression mapping
[ 2026-05-27 22:13:12,164] 174 root - INFO - Data transformation complete
[ 2026-05-27 22:13:12,164] 49 root - INFO - Started Regular Expression mapping
[ 2026-05-27 22:13:12,165] 174 root - INFO - Data transformation complete
[ 2026-05-27 22:13:12,165] 49 root - INFO - Started Regular Expression mapping
[ 2026-05-27 22:13:12,165] 174 root - INFO - Data transformation complete
[ 2026-05-27 22:13:12,165] 49 root - INFO - Started Regular Expression mapping
[ 2026-05-27 22:13:12,165] 174 root - INFO - Data transformation complete
[ 2026-05-27 22:13:12,165] 49 root - INFO - Started Regular Expression mapping
[ 2026-05-27 22:13:12,166] 174 root - INFO - Data transformation complete
[ 2026-05-27 22:13:12,166] 49 root - INFO - Started Regular Expression mapping
[ 2026-05-27 22:13:12,166] 174 root - INFO - Data transformation complete
[ 2026-05-27 22:13:12,166] 49 root - INFO - Started Regular Expression mapping
[ 2026-05-27 22:13:12,166] 174 root - INFO - Data transformation complete
[ 2026-05-27 22:13:12,166] 49 root - INFO - Started Regular Expression mapping
[ 2026-05-27 22:13:12,166] 174 root - INFO - Data transformation complete
[ 2026-05-27 22:13:12,167] 49 root - INFO - Started Regular Expression mapping
[ 2026-05-27 22:13:12,167] 174 root - INFO - Data transformation complete
[ 2026-05-27 22:13:12,167] 49 root - INFO - Started Regular Expression mapping
[ 2026-05-27 22:13:12,167] 174 root - INFO - Data transformation complete
[ 2026-05-27 22:13:12,167] 49 root - INFO - Started Regular Expression mapping
[ 2026-05-27 22:13:12,167] 174 root - INFO - Data transformation complete
[ 2026-05-27 22:13:12,168] 49 root - INFO - Started Regular Expression mapping
[ 2026-05-27 22:13:12,168] 174 root - INFO - Data transformation complete
[ 2026-05-27 22:13:12,168] 49 root - INFO - Started Regular Expression mapping
[ 2026-05-27 22:13:12,168] 174 root - INFO - Data transformation complete
[ 2026-05-27 22:13:12,168] 49 root - INFO - Started Regular Expression mapping
[ 2026-05-27 22:13:12,168] 25 root - INFO - Match heuristic business names to paybill payments
[ 2026-05-27 22:13:12,168] 174 root - INFO - Data transformation complete
[ 2026-05-27 22:13:12,169] 49 root - INFO - Started Regular Expression mapping
[ 2026-05-27 22:13:12,169] 25 root - INFO - Match heuristic business names to paybill payments
[ 2026-05-27 22:13:12,169] 174 root - INFO - Data transformation complete
[ 2026-05-27 22:13:12,169] 49 root - INFO - Started Regular Expression mapping
[ 2026-05-27 22:13:12,169] 174 root - INFO - Data transformation complete
[ 2026-05-27 22:13:12,169] 49 root - INFO - Started Regular Expression mapping
[ 2026-05-27 22:13:12,170] 174 root - INFO - Data transformation complete
[ 2026-05-27 22:13:12,170] 49 root - INFO - Started Regular Expression mapping
[ 2026-05-27 22:13:12,170] 174 root - INFO - Data transformation complete
[ 2026-05-27 22:13:12,170] 49 root - INFO - Started Regular Expression mapping
[ 2026-05-27 22:13:12,170] 25 root - INFO - Match heuristic business names to paybill payments
[ 2026-05-27 22:13:12,170] 174 root - INFO - Data transformation complete
[ 2026-05-27 22:13:12,170] 49 root - INFO - Started Regular Expression mapping
[ 2026-05-27 22:13:12,171] 174 root - INFO - Data transformation complete
[ 2026-05-27 22:13:12,171] 49 root - INFO - Started Regular Expression mapping
[ 2026-05-27 22:13:12,171] 174 root - INFO - Data transformation complete
[ 2026-05-27 22:13:12,171] 49 root - INFO - Started Regular Expression mapping
[ 2026-05-27 22:13:12,171] 174 root - INFO - Data transformation complete
[ 2026-05-27 22:13:12,171] 49 root - INFO - Started Regular Expression mapping
[ 2026-05-27 22:13:12,172] 174 root - INFO - Data transformation complete
[ 2026-05-27 22:13:12,172] 49 root - INFO - Started Regular Expression mapping
[ 2026-05-27 22:13:12,172] 174 root - INFO - Data transformation complete
[ 2026-05-27 22:13:12,172] 49 root - INFO - Started Regular Expression mapping
[ 2026-05-27 22:13:12,172] 174 root - INFO - Data transformation complete
[ 2026-05-27 22:13:12,172] 49 root - INFO - Started Regular Expression mapping
[ 2026-05-27 22:13:12,172] 174 root - INFO - Data transformation complete
[ 2026-05-27 22:13:12,173] 49 root - INFO - Started Regular Expression mapping
[ 2026-05-27 22:13:12,173] 174 root - INFO - Data transformation complete
[ 2026-05-27 22:13:12,173] 49 root - INFO - Started Regular Expression mapping
[ 2026-05-27 22:13:12,173] 174 root - INFO - Data transformation complete
[ 2026-05-27 22:13:12,173] 49 root - INFO - Started Regular Expression mapping
[ 2026-05-27 22:13:12,174] 174 root - INFO - Data transformation complete
[ 2026-05-27 22:13:12,174] 49 root - INFO - Started Regular Expression mapping
[ 2026-05-27 22:13:12,174] 174 root - INFO - Data transformation complete
[ 2026-05-27 22:13:12,174] 49 root - INFO - Started Regular Expression mapping
[ 2026-05-27 22:13:12,174] 25 root - INFO - Match heuristic business names to paybill payments
[ 2026-05-27 22:13:12,174] 174 root - INFO - Data transformation complete
[ 2026-05-27 22:13:12,175] 49 root - INFO - Started Regular Expression mapping
[ 2026-05-27 22:13:12,175] 25 root - INFO - Match heuristic business names to paybill payments
[ 2026-05-27 22:13:12,175] 174 root - INFO - Data transformation complete
[ 2026-05-27 22:13:12,175] 49 root - INFO - Started Regular Expression mapping
[ 2026-05-27 22:13:12,175] 174 root - INFO - Data transformation complete
[ 2026-05-27 22:13:12,175] 49 root - INFO - Started Regular Expression mapping
[ 2026-05-27 22:13:12,176] 174 root - INFO - Data transformation complete
[ 2026-05-27 22:13:12,176] 49 root - INFO - Started Regular Expression mapping
[ 2026-05-27 22:13:12,176] 174 root - INFO - Data transformation complete
[ 2026-05-27 22:13:12,176] 49 root - INFO - Started Regular Expression mapping
[ 2026-05-27 22:13:12,176] 174 root - INFO - Data transformation complete
[ 2026-05-27 22:13:12,176] 49 root - INFO - Started Regular Expression mapping
[ 2026-05-27 22:13:12,177] 25 root - INFO - Match heuristic business names to paybill payments
[ 2026-05-27 22:13:12,177] 174 root - INFO - Data transformation complete
[ 2026-05-27 22:13:12,177] 49 root - INFO - Started Regular Expression mapping
[ 2026-05-27 22:13:12,177] 25 root - INFO - Match heuristic business names to paybill payments
[ 2026-05-27 22:13:12,177] 174 root - INFO - Data transformation complete
[ 2026-05-27 22:13:12,177] 49 root - INFO - Started Regular Expression mapping
[ 2026-05-27 22:13:12,177] 174 root - INFO - Data transformation complete
[ 2026-05-27 22:13:12,178] 49 root - INFO - Started Regular Expression mapping
[ 2026-05-27 22:13:12,178] 174 root - INFO - Data transformation complete
[ 2026-05-27 22:13:12,178] 49 root - INFO - Started Regular Expression mapping
[ 2026-05-27 22:13:12,178] 174 root - INFO - Data transformation complete
[ 2026-05-27 22:13:12,178] 49 root - INFO - Started Regular Expression mapping
[ 2026-05-27 22:13:12,178] 174 root - INFO - Data transformation complete
[ 2026-05-27 22:13:12,178] 49 root - INFO - Started Regular Expression mapping
[ 2026-05-27 22:13:12,179] 25 root - INFO - Match heuristic business names to paybill payments
[ 2026-05-27 22:13:12,179] 174 root - INFO - Data transformation complete
[ 2026-05-27 22:13:12,179] 49 root - INFO - Started Regular Expression mapping
[ 2026-05-27 22:13:12,179] 25 root - INFO - Match heuristic business names to paybill payments
[ 2026-05-27 22:13:12,179] 174 root - INFO - Data transformation complete
[ 2026-05-27 22:13:12,179] 49 root - INFO - Started Regular Expression mapping
[ 2026-05-27 22:13:12,180] 174 root - INFO - Data transformation complete
[ 2026-05-27 22:13:12,180] 49 root - INFO - Started Regular Expression mapping
[ 2026-05-27 22:13:12,180] 174 root - INFO - Data transformation complete
[ 2026-05-27 22:13:12,180] 49 root - INFO - Started Regular Expression mapping
[ 2026-05-27 22:13:12,180] 174 root - INFO - Data transformation complete
[ 2026-05-27 22:13:12,180] 49 root - INFO - Started Regular Expression mapping
[ 2026-05-27 22:13:12,180] 174 root - INFO - Data transformation complete
[ 2026-05-27 22:13:12,181] 49 root - INFO - Started Regular Expression mapping
[ 2026-05-27 22:13:12,181] 174 root - INFO - Data transformation complete
[ 2026-05-27 22:13:12,181] 49 root - INFO - Started Regular Expression mapping
[ 2026-05-27 22:13:12,181] 174 root - INFO - Data transformation complete
[ 2026-05-27 22:13:12,181] 49 root - INFO - Started Regular Expression mapping
[ 2026-05-27 22:13:12,181] 174 root - INFO - Data transformation complete
[ 2026-05-27 22:13:12,182] 49 root - INFO - Started Regular Expression mapping
[ 2026-05-27 22:13:12,182] 25 root - INFO - Match heuristic business names to paybill payments
[ 2026-05-27 22:13:12,182] 174 root - INFO - Data transformation complete
[ 2026-05-27 22:13:12,182] 49 root - INFO - Started Regular Expression mapping
[ 2026-05-27 22:13:12,182] 174 root - INFO - Data transformation complete
[ 2026-05-27 22:13:12,182] 49 root - INFO - Started Regular Expression mapping
[ 2026-05-27 22:13:12,182] 25 root - INFO - Match heuristic business names to paybill payments
[ 2026-05-27 22:13:12,183] 174 root - INFO - Data transformation complete
[ 2026-05-27 22:13:12,183] 49 root - INFO - Started Regular Expression mapping
[ 2026-05-27 22:13:12,183] 174 root - INFO - Data transformation complete
[ 2026-05-27 22:13:12,183] 49 root - INFO - Started Regular Expression mapping
[ 2026-05-27 22:13:12,183] 174 root - INFO - Data transformation complete
[ 2026-05-27 22:13:12,183] 49 root - INFO - Started Regular Expression mapping
[ 2026-05-27 22:13:12,183] 174 root - INFO - Data transformation complete
[ 2026-05-27 22:13:12,184] 49 root - INFO - Started Regular Expression mapping
[ 2026-05-27 22:13:12,184] 174 root - INFO - Data transformation complete
[ 2026-05-27 22:13:12,184] 49 root - INFO - Started Regular Expression mapping
[ 2026-05-27 22:13:12,184] 174 root - INFO - Data transformation complete
[ 2026-05-27 22:13:12,184] 49 root - INFO - Started Regular Expression mapping
[ 2026-05-27 22:13:12,184] 174 root - INFO - Data transformation complete
[ 2026-05-27 22:13:12,185] 49 root - INFO - Started Regular Expression mapping
[ 2026-05-27 22:13:12,185] 174 root - INFO - Data transformation complete
[ 2026-05-27 22:13:12,185] 49 root - INFO - Started Regular Expression mapping
[ 2026-05-27 22:13:12,185] 25 root - INFO - Match heuristic business names to paybill payments
[ 2026-05-27 22:13:12,185] 174 root - INFO - Data transformation complete
[ 2026-05-27 22:13:12,185] 49 root - INFO - Started Regular Expression mapping
[ 2026-05-27 22:13:12,185] 174 root - INFO - Data transformation complete
[ 2026-05-27 22:13:12,186] 49 root - INFO - Started Regular Expression mapping
[ 2026-05-27 22:13:12,186] 25 root - INFO - Match heuristic business names to paybill payments
[ 2026-05-27 22:13:12,186] 174 root - INFO - Data transformation complete
[ 2026-05-27 22:13:12,186] 49 root - INFO - Started Regular Expression mapping
[ 2026-05-27 22:13:12,186] 174 root - INFO - Data transformation complete
[ 2026-05-27 22:13:12,186] 49 root - INFO - Started Regular Expression mapping
[ 2026-05-27 22:13:12,187] 25 root - INFO - Match heuristic business names to paybill payments
[ 2026-05-27 22:13:12,187] 174 root - INFO - Data transformation complete
[ 2026-05-27 22:13:12,187] 49 root - INFO - Started Regular Expression mapping
[ 2026-05-27 22:13:12,187] 174 root - INFO - Data transformation complete
[ 2026-05-27 22:13:12,187] 49 root - INFO - Started Regular Expression mapping
[ 2026-05-27 22:13:12,187] 174 root - INFO - Data transformation complete
[ 2026-05-27 22:13:12,187] 49 root - INFO - Started Regular Expression mapping
[ 2026-05-27 22:13:12,188] 174 root - INFO - Data transformation complete
[ 2026-05-27 22:13:12,188] 49 root - INFO - Started Regular Expression mapping
[ 2026-05-27 22:13:12,188] 174 root - INFO - Data transformation complete
[ 2026-05-27 22:13:12,188] 49 root - INFO - Started Regular Expression mapping
[ 2026-05-27 22:13:12,188] 174 root - INFO - Data transformation complete
[ 2026-05-27 22:13:12,188] 49 root - INFO - Started Regular Expression mapping
[ 2026-05-27 22:13:12,188] 174 root - INFO - Data transformation complete
[ 2026-05-27 22:13:12,189] 49 root - INFO - Started Regular Expression mapping
[ 2026-05-27 22:13:12,189] 174 root - INFO - Data transformation complete
[ 2026-05-27 22:13:12,189] 49 root - INFO - Started Regular Expression mapping
[ 2026-05-27 22:13:12,189] 25 root - INFO - Match heuristic business names to paybill payments
[ 2026-05-27 22:13:12,189] 174 root - INFO - Data transformation complete
[ 2026-05-27 22:13:12,189] 49 root - INFO - Started Regular Expression mapping
[ 2026-05-27 22:13:12,190] 174 root - INFO - Data transformation complete
[ 2026-05-27 22:13:12,190] 49 root - INFO - Started Regular Expression mapping
[ 2026-05-27 22:13:12,190] 174 root - INFO - Data transformation complete
[ 2026-05-27 22:13:12,190] 49 root - INFO - Started Regular Expression mapping
[ 2026-05-27 22:13:12,190] 174 root - INFO - Data transformation complete
[ 2026-05-27 22:13:12,190] 49 root - INFO - Started Regular Expression mapping
[ 2026-05-27 22:13:12,190] 25 root - INFO - Match heuristic business names to paybill payments
[ 2026-05-27 22:13:12,191] 174 root - INFO - Data transformation complete
[ 2026-05-27 22:13:12,191] 49 root - INFO - Started Regular Expression mapping
[ 2026-05-27 22:13:12,191] 25 root - INFO - Match heuristic business names to paybill payments
[ 2026-05-27 22:13:12,191] 174 root - INFO - Data transformation complete
[ 2026-05-27 22:13:12,191] 49 root - INFO - Started Regular Expression mapping
[ 2026-05-27 22:13:12,191] 174 root - INFO - Data transformation complete
[ 2026-05-27 22:13:12,191] 49 root - INFO - Started Regular Expression mapping
[ 2026-05-27 22:13:12,192] 174 root - INFO - Data transformation complete
[ 2026-05-27 22:13:12,192] 49 root - INFO - Started Regular Expression mapping
[ 2026-05-27 22:13:12,192] 174 root - INFO - Data transformation complete
[ 2026-05-27 22:13:12,192] 49 root - INFO - Started Regular Expression mapping
[ 2026-05-27 22:13:12,192] 25 root - INFO - Match heuristic business names to paybill payments
[ 2026-05-27 22:13:12,192] 174 root - INFO - Data transformation complete
[ 2026-05-27 22:13:12,193] 49 root - INFO - Started Regular Expression mapping
[ 2026-05-27 22:13:12,193] 174 root - INFO - Data transformation complete
[ 2026-05-27 22:13:12,193] 49 root - INFO - Started Regular Expression mapping
[ 2026-05-27 22:13:12,194] 174 root - INFO - Data transformation complete
[ 2026-05-27 22:13:12,194] 49 root - INFO - Started Regular Expression mapping
[ 2026-05-27 22:13:12,194] 174 root - INFO - Data transformation complete
[ 2026-05-27 22:13:12,194] 49 root - INFO - Started Regular Expression mapping
[ 2026-05-27 22:13:12,194] 25 root - INFO - Match heuristic business names to paybill payments
[ 2026-05-27 22:13:12,195] 174 root - INFO - Data transformation complete
[ 2026-05-27 22:13:12,195] 49 root - INFO - Started Regular Expression mapping
[ 2026-05-27 22:13:12,195] 25 root - INFO - Match heuristic business names to paybill payments
[ 2026-05-27 22:13:12,195] 174 root - INFO - Data transformation complete
[ 2026-05-27 22:13:12,195] 49 root - INFO - Started Regular Expression mapping
[ 2026-05-27 22:13:12,196] 174 root - INFO - Data transformation complete
[ 2026-05-27 22:13:12,196] 49 root - INFO - Started Regular Expression mapping
[ 2026-05-27 22:13:12,196] 25 root - INFO - Match heuristic business names to paybill payments
[ 2026-05-27 22:13:12,196] 174 root - INFO - Data transformation complete
[ 2026-05-27 22:13:12,196] 49 root - INFO - Started Regular Expression mapping
[ 2026-05-27 22:13:12,196] 25 root - INFO - Match heuristic business names to paybill payments
[ 2026-05-27 22:13:12,196] 174 root - INFO - Data transformation complete
[ 2026-05-27 22:13:12,197] 49 root - INFO - Started Regular Expression mapping
[ 2026-05-27 22:13:12,197] 174 root - INFO - Data transformation complete
[ 2026-05-27 22:13:12,197] 49 root - INFO - Started Regular Expression mapping
[ 2026-05-27 22:13:12,197] 174 root - INFO - Data transformation complete
[ 2026-05-27 22:13:12,197] 49 root - INFO - Started Regular Expression mapping
[ 2026-05-27 22:13:12,197] 174 root - INFO - Data transformation complete
[ 2026-05-27 22:13:12,198] 49 root - INFO - Started Regular Expression mapping
[ 2026-05-27 22:13:12,198] 174 root - INFO - Data transformation complete
[ 2026-05-27 22:13:12,198] 49 root - INFO - Started Regular Expression mapping
[ 2026-05-27 22:13:12,198] 174 root - INFO - Data transformation complete
[ 2026-05-27 22:13:12,198] 49 root - INFO - Started Regular Expression mapping
[ 2026-05-27 22:13:12,198] 174 root - INFO - Data transformation complete
[ 2026-05-27 22:13:12,198] 49 root - INFO - Started Regular Expression mapping
[ 2026-05-27 22:13:12,199] 174 root - INFO - Data transformation complete
[ 2026-05-27 22:13:12,199] 49 root - INFO - Started Regular Expression mapping
[ 2026-05-27 22:13:12,199] 174 root - INFO - Data transformation complete
[ 2026-05-27 22:13:12,199] 49 root - INFO - Started Regular Expression mapping
[ 2026-05-27 22:13:12,199] 174 root - INFO - Data transformation complete
[ 2026-05-27 22:13:12,199] 49 root - INFO - Started Regular Expression mapping
[ 2026-05-27 22:13:12,200] 174 root - INFO - Data transformation complete
[ 2026-05-27 22:13:12,200] 49 root - INFO - Started Regular Expression mapping
[ 2026-05-27 22:13:12,200] 174 root - INFO - Data transformation complete
[ 2026-05-27 22:13:12,200] 49 root - INFO - Started Regular Expression mapping
[ 2026-05-27 22:13:12,200] 174 root - INFO - Data transformation complete
[ 2026-05-27 22:13:12,200] 49 root - INFO - Started Regular Expression mapping
[ 2026-05-27 22:13:12,201] 174 root - INFO - Data transformation complete
[ 2026-05-27 22:13:12,201] 49 root - INFO - Started Regular Expression mapping
[ 2026-05-27 22:13:12,201] 174 root - INFO - Data transformation complete
[ 2026-05-27 22:13:12,201] 49 root - INFO - Started Regular Expression mapping
[ 2026-05-27 22:13:12,201] 174 root - INFO - Data transformation complete
[ 2026-05-27 22:13:12,201] 49 root - INFO - Started Regular Expression mapping
[ 2026-05-27 22:13:12,202] 174 root - INFO - Data transformation complete
[ 2026-05-27 22:13:12,202] 49 root - INFO - Started Regular Expression mapping
[ 2026-05-27 22:13:12,202] 25 root - INFO - Match heuristic business names to paybill payments
[ 2026-05-27 22:13:12,202] 174 root - INFO - Data transformation complete
[ 2026-05-27 22:13:12,202] 49 root - INFO - Started Regular Expression mapping
[ 2026-05-27 22:13:12,202] 25 root - INFO - Match heuristic business names to paybill payments
[ 2026-05-27 22:13:12,202] 174 root - INFO - Data transformation complete
[ 2026-05-27 22:13:12,203] 49 root - INFO - Started Regular Expression mapping
[ 2026-05-27 22:13:12,203] 174 root - INFO - Data transformation complete
[ 2026-05-27 22:13:12,203] 49 root - INFO - Started Regular Expression mapping
[ 2026-05-27 22:13:12,203] 174 root - INFO - Data transformation complete
[ 2026-05-27 22:13:12,203] 49 root - INFO - Started Regular Expression mapping
[ 2026-05-27 22:13:12,203] 174 root - INFO - Data transformation complete
[ 2026-05-27 22:13:12,203] 49 root - INFO - Started Regular Expression mapping
[ 2026-05-27 22:13:12,204] 174 root - INFO - Data transformation complete
[ 2026-05-27 22:13:12,204] 49 root - INFO - Started Regular Expression mapping
[ 2026-05-27 22:13:12,204] 174 root - INFO - Data transformation complete
[ 2026-05-27 22:13:12,204] 49 root - INFO - Started Regular Expression mapping
[ 2026-05-27 22:13:12,204] 174 root - INFO - Data transformation complete
[ 2026-05-27 22:13:12,204] 49 root - INFO - Started Regular Expression mapping
[ 2026-05-27 22:13:12,205] 174 root - INFO - Data transformation complete
[ 2026-05-27 22:13:12,205] 49 root - INFO - Started Regular Expression mapping
[ 2026-05-27 22:13:12,205] 174 root - INFO - Data transformation complete
[ 2026-05-27 22:13:12,206] 49 root - INFO - Started Regular Expression mapping
[ 2026-05-27 22:13:12,206] 174 root - INFO - Data transformation complete
[ 2026-05-27 22:13:12,206] 49 root - INFO - Started Regular Expression mapping
[ 2026-05-27 22:13:12,206] 174 root - INFO - Data transformation complete
[ 2026-05-27 22:13:12,207] 49 root - INFO - Started Regular Expression mapping
[ 2026-05-27 22:13:12,207] 174 root - INFO - Data transformation complete
[ 2026-05-27 22:13:12,207] 49 root - INFO - Started Regular Expression mapping
[ 2026-05-27 22:13:12,207] 174 root - INFO - Data transformation complete
[ 2026-05-27 22:13:12,207] 49 root - INFO - Started Regular Expression mapping
[ 2026-05-27 22:13:12,208] 174 root - INFO - Data transformation complete
[ 2026-05-27 22:13:12,208] 49 root - INFO - Started Regular Expression mapping
[ 2026-05-27 22:13:12,208] 174 root - INFO - Data transformation complete
[ 2026-05-27 22:13:12,208] 49 root - INFO - Started Regular Expression mapping
[ 2026-05-27 22:13:12,208] 25 root - INFO - Match heuristic business names to paybill payments
[ 2026-05-27 22:13:12,208] 174 root - INFO - Data transformation complete
[ 2026-05-27 22:13:12,208] 49 root - INFO - Started Regular Expression mapping
[ 2026-05-27 22:13:12,209] 174 root - INFO - Data transformation complete
[ 2026-05-27 22:13:12,209] 49 root - INFO - Started Regular Expression mapping
[ 2026-05-27 22:13:12,209] 174 root - INFO - Data transformation complete
[ 2026-05-27 22:13:12,209] 49 root - INFO - Started Regular Expression mapping
[ 2026-05-27 22:13:12,210] 174 root - INFO - Data transformation complete
[ 2026-05-27 22:13:12,210] 49 root - INFO - Started Regular Expression mapping
[ 2026-05-27 22:13:12,210] 174 root - INFO - Data transformation complete
[ 2026-05-27 22:13:12,210] 49 root - INFO - Started Regular Expression mapping
[ 2026-05-27 22:13:12,211] 174 root - INFO - Data transformation complete
[ 2026-05-27 22:13:12,211] 49 root - INFO - Started Regular Expression mapping
[ 2026-05-27 22:13:12,211] 174 root - INFO - Data transformation complete
[ 2026-05-27 22:13:12,211] 49 root - INFO - Started Regular Expression mapping
[ 2026-05-27 22:13:12,211] 174 root - INFO - Data transformation complete
[ 2026-05-27 22:13:12,211] 49 root - INFO - Started Regular Expression mapping
[ 2026-05-27 22:13:12,212] 174 root - INFO - Data transformation complete
[ 2026-05-27 22:13:12,212] 49 root - INFO - Started Regular Expression mapping
[ 2026-05-27 22:13:12,212] 25 root - INFO - Match heuristic business names to paybill payments
[ 2026-05-27 22:13:12,212] 174 root - INFO - Data transformation complete
[ 2026-05-27 22:13:12,212] 49 root - INFO - Started Regular Expression mapping
[ 2026-05-27 22:13:12,212] 174 root - INFO - Data transformation complete
[ 2026-05-27 22:13:12,212] 49 root - INFO - Started Regular Expression mapping
[ 2026-05-27 22:13:12,213] 174 root - INFO - Data transformation complete
[ 2026-05-27 22:13:12,213] 49 root - INFO - Started Regular Expression mapping
[ 2026-05-27 22:13:12,213] 25 root - INFO - Match heuristic business names to paybill payments
[ 2026-05-27 22:13:12,213] 174 root - INFO - Data transformation complete
[ 2026-05-27 22:13:12,213] 49 root - INFO - Started Regular Expression mapping
[ 2026-05-27 22:13:12,213] 174 root - INFO - Data transformation complete
[ 2026-05-27 22:13:12,213] 49 root - INFO - Started Regular Expression mapping
[ 2026-05-27 22:13:12,214] 174 root - INFO - Data transformation complete
[ 2026-05-27 22:13:12,214] 49 root - INFO - Started Regular Expression mapping
[ 2026-05-27 22:13:12,214] 174 root - INFO - Data transformation complete
[ 2026-05-27 22:13:12,214] 49 root - INFO - Started Regular Expression mapping
[ 2026-05-27 22:13:12,214] 174 root - INFO - Data transformation complete
[ 2026-05-27 22:13:12,214] 49 root - INFO - Started Regular Expression mapping
[ 2026-05-27 22:13:12,215] 174 root - INFO - Data transformation complete
[ 2026-05-27 22:13:12,215] 49 root - INFO - Started Regular Expression mapping
[ 2026-05-27 22:13:12,215] 174 root - INFO - Data transformation complete
[ 2026-05-27 22:13:12,215] 49 root - INFO - Started Regular Expression mapping
[ 2026-05-27 22:13:12,215] 174 root - INFO - Data transformation complete
[ 2026-05-27 22:13:12,215] 49 root - INFO - Started Regular Expression mapping
[ 2026-05-27 22:13:12,216] 174 root - INFO - Data transformation complete
[ 2026-05-27 22:13:12,216] 49 root - INFO - Started Regular Expression mapping
[ 2026-05-27 22:13:12,216] 25 root - INFO - Match heuristic business names to paybill payments
[ 2026-05-27 22:13:12,216] 174 root - INFO - Data transformation complete
[ 2026-05-27 22:13:12,216] 49 root - INFO - Started Regular Expression mapping
[ 2026-05-27 22:13:12,216] 174 root - INFO - Data transformation complete
[ 2026-05-27 22:13:12,216] 49 root - INFO - Started Regular Expression mapping
[ 2026-05-27 22:13:12,217] 174 root - INFO - Data transformation complete
[ 2026-05-27 22:13:12,217] 49 root - INFO - Started Regular Expression mapping
[ 2026-05-27 22:13:12,217] 25 root - INFO - Match heuristic business names to paybill payments
[ 2026-05-27 22:13:12,217] 174 root - INFO - Data transformation complete
[ 2026-05-27 22:13:12,217] 49 root - INFO - Started Regular Expression mapping
[ 2026-05-27 22:13:12,217] 174 root - INFO - Data transformation complete
[ 2026-05-27 22:13:12,217] 49 root - INFO - Started Regular Expression mapping
[ 2026-05-27 22:13:12,218] 25 root - INFO - Match heuristic business names to paybill payments
[ 2026-05-27 22:13:12,218] 174 root - INFO - Data transformation complete
[ 2026-05-27 22:13:12,218] 49 root - INFO - Started Regular Expression mapping
[ 2026-05-27 22:13:12,218] 25 root - INFO - Match heuristic business names to paybill payments
[ 2026-05-27 22:13:12,218] 174 root - INFO - Data transformation complete
[ 2026-05-27 22:13:12,218] 49 root - INFO - Started Regular Expression mapping
[ 2026-05-27 22:13:12,219] 25 root - INFO - Match heuristic business names to paybill payments
[ 2026-05-27 22:13:12,219] 174 root - INFO - Data transformation complete
[ 2026-05-27 22:13:12,219] 49 root - INFO - Started Regular Expression mapping
[ 2026-05-27 22:13:12,219] 174 root - INFO - Data transformation complete
[ 2026-05-27 22:13:12,219] 49 root - INFO - Started Regular Expression mapping
[ 2026-05-27 22:13:12,219] 174 root - INFO - Data transformation complete
[ 2026-05-27 22:13:12,219] 49 root - INFO - Started Regular Expression mapping
[ 2026-05-27 22:13:12,220] 174 root - INFO - Data transformation complete
[ 2026-05-27 22:13:12,220] 49 root - INFO - Started Regular Expression mapping
[ 2026-05-27 22:13:12,220] 174 root - INFO - Data transformation complete
[ 2026-05-27 22:13:12,220] 49 root - INFO - Started Regular Expression mapping
[ 2026-05-27 22:13:12,220] 25 root - INFO - Match heuristic business names to paybill payments
[ 2026-05-27 22:13:12,220] 174 root - INFO - Data transformation complete
[ 2026-05-27 22:13:12,220] 49 root - INFO - Started Regular Expression mapping
[ 2026-05-27 22:13:12,221] 174 root - INFO - Data transformation complete
[ 2026-05-27 22:13:12,221] 49 root - INFO - Started Regular Expression mapping
[ 2026-05-27 22:13:12,221] 174 root - INFO - Data transformation complete
[ 2026-05-27 22:13:12,221] 49 root - INFO - Started Regular Expression mapping
[ 2026-05-27 22:13:12,221] 174 root - INFO - Data transformation complete
[ 2026-05-27 22:13:12,221] 49 root - INFO - Started Regular Expression mapping
[ 2026-05-27 22:13:12,222] 174 root - INFO - Data transformation complete
[ 2026-05-27 22:13:12,222] 49 root - INFO - Started Regular Expression mapping
[ 2026-05-27 22:13:12,222] 174 root - INFO - Data transformation complete
[ 2026-05-27 22:13:12,222] 49 root - INFO - Started Regular Expression mapping
[ 2026-05-27 22:13:12,222] 25 root - INFO - Match heuristic business names to paybill payments
[ 2026-05-27 22:13:12,222] 174 root - INFO - Data transformation complete
[ 2026-05-27 22:13:12,222] 49 root - INFO - Started Regular Expression mapping
[ 2026-05-27 22:13:12,223] 25 root - INFO - Match heuristic business names to paybill payments
[ 2026-05-27 22:13:12,223] 174 root - INFO - Data transformation complete
[ 2026-05-27 22:13:12,223] 49 root - INFO - Started Regular Expression mapping
[ 2026-05-27 22:13:12,223] 174 root - INFO - Data transformation complete
[ 2026-05-27 22:13:12,223] 49 root - INFO - Started Regular Expression mapping
[ 2026-05-27 22:13:12,223] 174 root - INFO - Data transformation complete
[ 2026-05-27 22:13:12,223] 49 root - INFO - Started Regular Expression mapping
[ 2026-05-27 22:13:12,224] 174 root - INFO - Data transformation complete
[ 2026-05-27 22:13:12,224] 49 root - INFO - Started Regular Expression mapping
[ 2026-05-27 22:13:12,224] 174 root - INFO - Data transformation complete
[ 2026-05-27 22:13:12,224] 49 root - INFO - Started Regular Expression mapping
[ 2026-05-27 22:13:12,224] 174 root - INFO - Data transformation complete
[ 2026-05-27 22:13:12,224] 49 root - INFO - Started Regular Expression mapping
[ 2026-05-27 22:13:12,225] 25 root - INFO - Match heuristic business names to paybill payments
[ 2026-05-27 22:13:12,225] 174 root - INFO - Data transformation complete
[ 2026-05-27 22:13:12,225] 49 root - INFO - Started Regular Expression mapping
[ 2026-05-27 22:13:12,225] 174 root - INFO - Data transformation complete
[ 2026-05-27 22:13:12,225] 49 root - INFO - Started Regular Expression mapping
[ 2026-05-27 22:13:12,225] 174 root - INFO - Data transformation complete
[ 2026-05-27 22:13:12,226] 49 root - INFO - Started Regular Expression mapping
[ 2026-05-27 22:13:12,226] 25 root - INFO - Match heuristic business names to paybill payments
[ 2026-05-27 22:13:12,226] 174 root - INFO - Data transformation complete
[ 2026-05-27 22:13:12,226] 49 root - INFO - Started Regular Expression mapping
[ 2026-05-27 22:13:12,226] 174 root - INFO - Data transformation complete
[ 2026-05-27 22:13:12,226] 49 root - INFO - Started Regular Expression mapping
[ 2026-05-27 22:13:12,227] 25 root - INFO - Match heuristic business names to paybill payments
[ 2026-05-27 22:13:12,227] 174 root - INFO - Data transformation complete
[ 2026-05-27 22:13:12,227] 49 root - INFO - Started Regular Expression mapping
[ 2026-05-27 22:13:12,227] 174 root - INFO - Data transformation complete
[ 2026-05-27 22:13:12,228] 49 root - INFO - Started Regular Expression mapping
[ 2026-05-27 22:13:12,228] 174 root - INFO - Data transformation complete
[ 2026-05-27 22:13:12,228] 49 root - INFO - Started Regular Expression mapping
[ 2026-05-27 22:13:12,228] 174 root - INFO - Data transformation complete
[ 2026-05-27 22:13:12,229] 49 root - INFO - Started Regular Expression mapping
[ 2026-05-27 22:13:12,229] 174 root - INFO - Data transformation complete
[ 2026-05-27 22:13:12,229] 49 root - INFO - Started Regular Expression mapping
[ 2026-05-27 22:13:12,229] 174 root - INFO - Data transformation complete
[ 2026-05-27 22:13:12,229] 49 root - INFO - Started Regular Expression mapping
[ 2026-05-27 22:13:12,229] 174 root - INFO - Data transformation complete
[ 2026-05-27 22:13:12,230] 49 root - INFO - Started Regular Expression mapping
[ 2026-05-27 22:13:12,230] 25 root - INFO - Match heuristic business names to paybill payments
[ 2026-05-27 22:13:12,230] 174 root - INFO - Data transformation complete
[ 2026-05-27 22:13:12,230] 49 root - INFO - Started Regular Expression mapping
[ 2026-05-27 22:13:12,230] 25 root - INFO - Match heuristic business names to paybill payments
[ 2026-05-27 22:13:12,230] 174 root - INFO - Data transformation complete
[ 2026-05-27 22:13:12,230] 49 root - INFO - Started Regular Expression mapping
[ 2026-05-27 22:13:12,231] 25 root - INFO - Match heuristic business names to paybill payments
[ 2026-05-27 22:13:12,231] 174 root - INFO - Data transformation complete
[ 2026-05-27 22:13:12,231] 49 root - INFO - Started Regular Expression mapping
[ 2026-05-27 22:13:12,231] 174 root - INFO - Data transformation complete
[ 2026-05-27 22:13:12,231] 49 root - INFO - Started Regular Expression mapping
[ 2026-05-27 22:13:12,231] 174 root - INFO - Data transformation complete
[ 2026-05-27 22:13:12,231] 49 root - INFO - Started Regular Expression mapping
[ 2026-05-27 22:13:12,232] 174 root - INFO - Data transformation complete
[ 2026-05-27 22:13:12,232] 49 root - INFO - Started Regular Expression mapping
[ 2026-05-27 22:13:12,232] 174 root - INFO - Data transformation complete
[ 2026-05-27 22:13:12,232] 49 root - INFO - Started Regular Expression mapping
[ 2026-05-27 22:13:12,232] 174 root - INFO - Data transformation complete
[ 2026-05-27 22:13:12,232] 49 root - INFO - Started Regular Expression mapping
[ 2026-05-27 22:13:12,233] 174 root - INFO - Data transformation complete
[ 2026-05-27 22:13:12,233] 49 root - INFO - Started Regular Expression mapping
[ 2026-05-27 22:13:12,233] 174 root - INFO - Data transformation complete
[ 2026-05-27 22:13:12,233] 49 root - INFO - Started Regular Expression mapping
[ 2026-05-27 22:13:12,233] 174 root - INFO - Data transformation complete
[ 2026-05-27 22:13:12,233] 49 root - INFO - Started Regular Expression mapping
[ 2026-05-27 22:13:12,234] 25 root - INFO - Match heuristic business names to paybill payments
[ 2026-05-27 22:13:12,234] 174 root - INFO - Data transformation complete
[ 2026-05-27 22:13:12,234] 49 root - INFO - Started Regular Expression mapping
[ 2026-05-27 22:13:12,234] 25 root - INFO - Match heuristic business names to paybill payments
[ 2026-05-27 22:13:12,234] 174 root - INFO - Data transformation complete
[ 2026-05-27 22:13:12,234] 49 root - INFO - Started Regular Expression mapping
[ 2026-05-27 22:13:12,234] 174 root - INFO - Data transformation complete
[ 2026-05-27 22:13:12,235] 49 root - INFO - Started Regular Expression mapping
[ 2026-05-27 22:13:12,235] 174 root - INFO - Data transformation complete
[ 2026-05-27 22:13:12,235] 49 root - INFO - Started Regular Expression mapping
[ 2026-05-27 22:13:12,235] 174 root - INFO - Data transformation complete
[ 2026-05-27 22:13:12,235] 49 root - INFO - Started Regular Expression mapping
[ 2026-05-27 22:13:12,235] 174 root - INFO - Data transformation complete
[ 2026-05-27 22:13:12,235] 49 root - INFO - Started Regular Expression mapping
[ 2026-05-27 22:13:12,236] 174 root - INFO - Data transformation complete
[ 2026-05-27 22:13:12,236] 49 root - INFO - Started Regular Expression mapping
[ 2026-05-27 22:13:12,236] 25 root - INFO - Match heuristic business names to paybill payments
[ 2026-05-27 22:13:12,236] 174 root - INFO - Data transformation complete
[ 2026-05-27 22:13:12,236] 49 root - INFO - Started Regular Expression mapping
[ 2026-05-27 22:13:12,236] 174 root - INFO - Data transformation complete
[ 2026-05-27 22:13:12,236] 49 root - INFO - Started Regular Expression mapping
[ 2026-05-27 22:13:12,237] 174 root - INFO - Data transformation complete
[ 2026-05-27 22:13:12,237] 49 root - INFO - Started Regular Expression mapping
[ 2026-05-27 22:13:12,237] 174 root - INFO - Data transformation complete
[ 2026-05-27 22:13:12,237] 49 root - INFO - Started Regular Expression mapping
[ 2026-05-27 22:13:12,237] 174 root - INFO - Data transformation complete
[ 2026-05-27 22:13:12,237] 49 root - INFO - Started Regular Expression mapping
[ 2026-05-27 22:13:12,238] 174 root - INFO - Data transformation complete
[ 2026-05-27 22:13:12,238] 49 root - INFO - Started Regular Expression mapping
[ 2026-05-27 22:13:12,238] 25 root - INFO - Match heuristic business names to paybill payments
[ 2026-05-27 22:13:12,238] 174 root - INFO - Data transformation complete
[ 2026-05-27 22:13:12,238] 49 root - INFO - Started Regular Expression mapping
[ 2026-05-27 22:13:12,238] 25 root - INFO - Match heuristic business names to paybill payments
[ 2026-05-27 22:13:12,238] 174 root - INFO - Data transformation complete
[ 2026-05-27 22:13:12,239] 49 root - INFO - Started Regular Expression mapping
[ 2026-05-27 22:13:12,239] 174 root - INFO - Data transformation complete
[ 2026-05-27 22:13:12,239] 49 root - INFO - Started Regular Expression mapping
[ 2026-05-27 22:13:12,239] 174 root - INFO - Data transformation complete
[ 2026-05-27 22:13:12,239] 49 root - INFO - Started Regular Expression mapping
[ 2026-05-27 22:13:12,239] 174 root - INFO - Data transformation complete
[ 2026-05-27 22:13:12,240] 49 root - INFO - Started Regular Expression mapping
[ 2026-05-27 22:13:12,240] 174 root - INFO - Data transformation complete
[ 2026-05-27 22:13:12,240] 49 root - INFO - Started Regular Expression mapping
[ 2026-05-27 22:13:12,240] 174 root - INFO - Data transformation complete
[ 2026-05-27 22:13:12,240] 49 root - INFO - Started Regular Expression mapping
[ 2026-05-27 22:13:12,240] 25 root - INFO - Match heuristic business names to paybill payments
[ 2026-05-27 22:13:12,240] 174 root - INFO - Data transformation complete
[ 2026-05-27 22:13:12,241] 49 root - INFO - Started Regular Expression mapping
[ 2026-05-27 22:13:12,241] 25 root - INFO - Match heuristic business names to paybill payments
[ 2026-05-27 22:13:12,241] 174 root - INFO - Data transformation complete
[ 2026-05-27 22:13:12,241] 49 root - INFO - Started Regular Expression mapping
[ 2026-05-27 22:13:12,241] 174 root - INFO - Data transformation complete
[ 2026-05-27 22:13:12,241] 49 root - INFO - Started Regular Expression mapping
[ 2026-05-27 22:13:12,242] 174 root - INFO - Data transformation complete
[ 2026-05-27 22:13:12,242] 49 root - INFO - Started Regular Expression mapping
[ 2026-05-27 22:13:12,242] 174 root - INFO - Data transformation complete
[ 2026-05-27 22:13:12,242] 49 root - INFO - Started Regular Expression mapping
[ 2026-05-27 22:13:12,242] 174 root - INFO - Data transformation complete
[ 2026-05-27 22:13:12,242] 49 root - INFO - Started Regular Expression mapping
[ 2026-05-27 22:13:12,242] 174 root - INFO - Data transformation complete
[ 2026-05-27 22:13:12,243] 49 root - INFO - Started Regular Expression mapping
[ 2026-05-27 22:13:12,243] 174 root - INFO - Data transformation complete
[ 2026-05-27 22:13:12,243] 49 root - INFO - Started Regular Expression mapping
[ 2026-05-27 22:13:12,243] 174 root - INFO - Data transformation complete
[ 2026-05-27 22:13:12,244] 49 root - INFO - Started Regular Expression mapping
[ 2026-05-27 22:13:12,244] 174 root - INFO - Data transformation complete
[ 2026-05-27 22:13:12,244] 49 root - INFO - Started Regular Expression mapping
[ 2026-05-27 22:13:12,244] 174 root - INFO - Data transformation complete
[ 2026-05-27 22:13:12,245] 49 root - INFO - Started Regular Expression mapping
[ 2026-05-27 22:13:12,245] 174 root - INFO - Data transformation complete
[ 2026-05-27 22:13:12,245] 49 root - INFO - Started Regular Expression mapping
[ 2026-05-27 22:13:12,245] 174 root - INFO - Data transformation complete
[ 2026-05-27 22:13:12,245] 49 root - INFO - Started Regular Expression mapping
[ 2026-05-27 22:13:12,245] 25 root - INFO - Match heuristic business names to paybill payments
[ 2026-05-27 22:13:12,246] 174 root - INFO - Data transformation complete
[ 2026-05-27 22:13:12,246] 49 root - INFO - Started Regular Expression mapping
[ 2026-05-27 22:13:12,246] 174 root - INFO - Data transformation complete
[ 2026-05-27 22:13:12,246] 49 root - INFO - Started Regular Expression mapping
[ 2026-05-27 22:13:12,246] 174 root - INFO - Data transformation complete
[ 2026-05-27 22:13:12,246] 49 root - INFO - Started Regular Expression mapping
[ 2026-05-27 22:13:12,247] 174 root - INFO - Data transformation complete
[ 2026-05-27 22:13:12,247] 49 root - INFO - Started Regular Expression mapping
[ 2026-05-27 22:13:12,247] 25 root - INFO - Match heuristic business names to paybill payments
[ 2026-05-27 22:13:12,247] 174 root - INFO - Data transformation complete
[ 2026-05-27 22:13:12,247] 49 root - INFO - Started Regular Expression mapping
[ 2026-05-27 22:13:12,247] 174 root - INFO - Data transformation complete
[ 2026-05-27 22:13:12,247] 49 root - INFO - Started Regular Expression mapping
[ 2026-05-27 22:13:12,248] 174 root - INFO - Data transformation complete
[ 2026-05-27 22:13:12,248] 49 root - INFO - Started Regular Expression mapping
[ 2026-05-27 22:13:12,248] 174 root - INFO - Data transformation complete
[ 2026-05-27 22:13:12,248] 49 root - INFO - Started Regular Expression mapping
[ 2026-05-27 22:13:12,248] 174 root - INFO - Data transformation complete
[ 2026-05-27 22:13:12,248] 49 root - INFO - Started Regular Expression mapping
[ 2026-05-27 22:13:12,248] 174 root - INFO - Data transformation complete
[ 2026-05-27 22:13:12,249] 49 root - INFO - Started Regular Expression mapping
[ 2026-05-27 22:13:12,249] 174 root - INFO - Data transformation complete
[ 2026-05-27 22:13:12,249] 49 root - INFO - Started Regular Expression mapping
[ 2026-05-27 22:13:12,249] 25 root - INFO - Match heuristic business names to paybill payments
[ 2026-05-27 22:13:12,249] 174 root - INFO - Data transformation complete
[ 2026-05-27 22:13:12,249] 49 root - INFO - Started Regular Expression mapping
[ 2026-05-27 22:13:12,250] 25 root - INFO - Match heuristic business names to paybill payments
[ 2026-05-27 22:13:12,250] 174 root - INFO - Data transformation complete
[ 2026-05-27 22:13:12,250] 49 root - INFO - Started Regular Expression mapping
[ 2026-05-27 22:13:12,250] 174 root - INFO - Data transformation complete
[ 2026-05-27 22:13:12,250] 49 root - INFO - Started Regular Expression mapping
[ 2026-05-27 22:13:12,250] 174 root - INFO - Data transformation complete
[ 2026-05-27 22:13:12,250] 49 root - INFO - Started Regular Expression mapping
[ 2026-05-27 22:13:12,251] 174 root - INFO - Data transformation complete
[ 2026-05-27 22:13:12,251] 49 root - INFO - Started Regular Expression mapping
[ 2026-05-27 22:13:12,251] 174 root - INFO - Data transformation complete
[ 2026-05-27 22:13:12,251] 49 root - INFO - Started Regular Expression mapping
[ 2026-05-27 22:13:12,251] 25 root - INFO - Match heuristic business names to paybill payments
[ 2026-05-27 22:13:12,251] 174 root - INFO - Data transformation complete
[ 2026-05-27 22:13:12,251] 49 root - INFO - Started Regular Expression mapping
[ 2026-05-27 22:13:12,252] 174 root - INFO - Data transformation complete
[ 2026-05-27 22:13:12,252] 49 root - INFO - Started Regular Expression mapping
[ 2026-05-27 22:13:12,252] 25 root - INFO - Match heuristic business names to paybill payments
[ 2026-05-27 22:13:12,252] 174 root - INFO - Data transformation complete
[ 2026-05-27 22:13:12,252] 49 root - INFO - Started Regular Expression mapping
[ 2026-05-27 22:13:12,252] 174 root - INFO - Data transformation complete
[ 2026-05-27 22:13:12,253] 49 root - INFO - Started Regular Expression mapping
[ 2026-05-27 22:13:12,253] 25 root - INFO - Match heuristic business names to paybill payments
[ 2026-05-27 22:13:12,253] 174 root - INFO - Data transformation complete
[ 2026-05-27 22:13:12,253] 49 root - INFO - Started Regular Expression mapping
[ 2026-05-27 22:13:12,253] 174 root - INFO - Data transformation complete
[ 2026-05-27 22:13:12,253] 49 root - INFO - Started Regular Expression mapping
[ 2026-05-27 22:13:12,254] 174 root - INFO - Data transformation complete
[ 2026-05-27 22:13:12,254] 49 root - INFO - Started Regular Expression mapping
[ 2026-05-27 22:13:12,254] 174 root - INFO - Data transformation complete
[ 2026-05-27 22:13:12,254] 49 root - INFO - Started Regular Expression mapping
[ 2026-05-27 22:13:12,254] 174 root - INFO - Data transformation complete
[ 2026-05-27 22:13:12,254] 49 root - INFO - Started Regular Expression mapping
[ 2026-05-27 22:13:12,255] 174 root - INFO - Data transformation complete
[ 2026-05-27 22:13:12,255] 49 root - INFO - Started Regular Expression mapping
[ 2026-05-27 22:13:12,255] 174 root - INFO - Data transformation complete
[ 2026-05-27 22:13:12,255] 49 root - INFO - Started Regular Expression mapping
[ 2026-05-27 22:13:12,255] 25 root - INFO - Match heuristic business names to paybill payments
[ 2026-05-27 22:13:12,255] 174 root - INFO - Data transformation complete
[ 2026-05-27 22:13:12,255] 49 root - INFO - Started Regular Expression mapping
[ 2026-05-27 22:13:12,256] 25 root - INFO - Match heuristic business names to paybill payments
[ 2026-05-27 22:13:12,256] 174 root - INFO - Data transformation complete
[ 2026-05-27 22:13:12,256] 49 root - INFO - Started Regular Expression mapping
[ 2026-05-27 22:13:12,256] 174 root - INFO - Data transformation complete
[ 2026-05-27 22:13:12,256] 49 root - INFO - Started Regular Expression mapping
[ 2026-05-27 22:13:12,256] 174 root - INFO - Data transformation complete
[ 2026-05-27 22:13:12,256] 49 root - INFO - Started Regular Expression mapping
[ 2026-05-27 22:13:12,257] 174 root - INFO - Data transformation complete
[ 2026-05-27 22:13:12,257] 49 root - INFO - Started Regular Expression mapping
[ 2026-05-27 22:13:12,257] 174 root - INFO - Data transformation complete
[ 2026-05-27 22:13:12,257] 49 root - INFO - Started Regular Expression mapping
[ 2026-05-27 22:13:12,257] 174 root - INFO - Data transformation complete
[ 2026-05-27 22:13:12,257] 49 root - INFO - Started Regular Expression mapping
[ 2026-05-27 22:13:12,258] 174 root - INFO - Data transformation complete
[ 2026-05-27 22:13:12,258] 49 root - INFO - Started Regular Expression mapping
[ 2026-05-27 22:13:12,258] 174 root - INFO - Data transformation complete
[ 2026-05-27 22:13:12,258] 49 root - INFO - Started Regular Expression mapping
[ 2026-05-27 22:13:12,258] 174 root - INFO - Data transformation complete
[ 2026-05-27 22:13:12,258] 49 root - INFO - Started Regular Expression mapping
[ 2026-05-27 22:13:12,258] 174 root - INFO - Data transformation complete
[ 2026-05-27 22:13:12,259] 49 root - INFO - Started Regular Expression mapping
[ 2026-05-27 22:13:12,259] 174 root - INFO - Data transformation complete
[ 2026-05-27 22:13:12,259] 49 root - INFO - Started Regular Expression mapping
[ 2026-05-27 22:13:12,259] 25 root - INFO - Match heuristic business names to paybill payments
[ 2026-05-27 22:13:12,259] 174 root - INFO - Data transformation complete
[ 2026-05-27 22:13:12,260] 49 root - INFO - Started Regular Expression mapping
[ 2026-05-27 22:13:12,260] 174 root - INFO - Data transformation complete
[ 2026-05-27 22:13:12,260] 49 root - INFO - Started Regular Expression mapping
[ 2026-05-27 22:13:12,260] 174 root - INFO - Data transformation complete
[ 2026-05-27 22:13:12,261] 49 root - INFO - Started Regular Expression mapping
[ 2026-05-27 22:13:12,261] 25 root - INFO - Match heuristic business names to paybill payments
[ 2026-05-27 22:13:12,261] 174 root - INFO - Data transformation complete
[ 2026-05-27 22:13:12,261] 49 root - INFO - Started Regular Expression mapping
[ 2026-05-27 22:13:12,262] 174 root - INFO - Data transformation complete
[ 2026-05-27 22:13:12,262] 49 root - INFO - Started Regular Expression mapping
[ 2026-05-27 22:13:12,262] 174 root - INFO - Data transformation complete
[ 2026-05-27 22:13:12,262] 49 root - INFO - Started Regular Expression mapping
[ 2026-05-27 22:13:12,262] 174 root - INFO - Data transformation complete
[ 2026-05-27 22:13:12,262] 49 root - INFO - Started Regular Expression mapping
[ 2026-05-27 22:13:12,263] 174 root - INFO - Data transformation complete
[ 2026-05-27 22:13:12,263] 49 root - INFO - Started Regular Expression mapping
[ 2026-05-27 22:13:12,263] 174 root - INFO - Data transformation complete
[ 2026-05-27 22:13:12,263] 49 root - INFO - Started Regular Expression mapping
[ 2026-05-27 22:13:12,263] 174 root - INFO - Data transformation complete
[ 2026-05-27 22:13:12,263] 49 root - INFO - Started Regular Expression mapping
[ 2026-05-27 22:13:12,263] 174 root - INFO - Data transformation complete
[ 2026-05-27 22:13:12,264] 49 root - INFO - Started Regular Expression mapping
[ 2026-05-27 22:13:12,264] 174 root - INFO - Data transformation complete
[ 2026-05-27 22:13:12,264] 49 root - INFO - Started Regular Expression mapping
[ 2026-05-27 22:13:12,264] 174 root - INFO - Data transformation complete
[ 2026-05-27 22:13:12,264] 49 root - INFO - Started Regular Expression mapping
[ 2026-05-27 22:13:12,264] 25 root - INFO - Match heuristic business names to paybill payments
[ 2026-05-27 22:13:12,264] 174 root - INFO - Data transformation complete
[ 2026-05-27 22:13:12,265] 49 root - INFO - Started Regular Expression mapping
[ 2026-05-27 22:13:12,265] 174 root - INFO - Data transformation complete
[ 2026-05-27 22:13:12,265] 49 root - INFO - Started Regular Expression mapping
[ 2026-05-27 22:13:12,265] 174 root - INFO - Data transformation complete
[ 2026-05-27 22:13:12,265] 49 root - INFO - Started Regular Expression mapping
[ 2026-05-27 22:13:12,265] 25 root - INFO - Match heuristic business names to paybill payments
[ 2026-05-27 22:13:12,266] 174 root - INFO - Data transformation complete
[ 2026-05-27 22:13:12,266] 49 root - INFO - Started Regular Expression mapping
[ 2026-05-27 22:13:12,266] 25 root - INFO - Match heuristic business names to paybill payments
[ 2026-05-27 22:13:12,266] 174 root - INFO - Data transformation complete
[ 2026-05-27 22:13:12,266] 49 root - INFO - Started Regular Expression mapping
[ 2026-05-27 22:13:12,266] 174 root - INFO - Data transformation complete
[ 2026-05-27 22:13:12,266] 49 root - INFO - Started Regular Expression mapping
[ 2026-05-27 22:13:12,267] 174 root - INFO - Data transformation complete
[ 2026-05-27 22:13:12,267] 49 root - INFO - Started Regular Expression mapping
[ 2026-05-27 22:13:12,267] 174 root - INFO - Data transformation complete
[ 2026-05-27 22:13:12,267] 49 root - INFO - Started Regular Expression mapping
[ 2026-05-27 22:13:12,267] 174 root - INFO - Data transformation complete
[ 2026-05-27 22:13:12,267] 49 root - INFO - Started Regular Expression mapping
[ 2026-05-27 22:13:12,268] 174 root - INFO - Data transformation complete
[ 2026-05-27 22:13:12,268] 49 root - INFO - Started Regular Expression mapping
[ 2026-05-27 22:13:12,268] 174 root - INFO - Data transformation complete
[ 2026-05-27 22:13:12,268] 49 root - INFO - Started Regular Expression mapping
[ 2026-05-27 22:13:12,268] 174 root - INFO - Data transformation complete
[ 2026-05-27 22:13:12,268] 49 root - INFO - Started Regular Expression mapping
[ 2026-05-27 22:13:12,268] 25 root - INFO - Match heuristic business names to paybill payments
[ 2026-05-27 22:13:12,269] 174 root - INFO - Data transformation complete
[ 2026-05-27 22:13:12,269] 49 root - INFO - Started Regular Expression mapping
[ 2026-05-27 22:13:12,269] 174 root - INFO - Data transformation complete
[ 2026-05-27 22:13:12,269] 49 root - INFO - Started Regular Expression mapping
[ 2026-05-27 22:13:12,269] 174 root - INFO - Data transformation complete
[ 2026-05-27 22:13:12,269] 49 root - INFO - Started Regular Expression mapping
[ 2026-05-27 22:13:12,270] 174 root - INFO - Data transformation complete
[ 2026-05-27 22:13:12,270] 49 root - INFO - Started Regular Expression mapping
[ 2026-05-27 22:13:12,270] 174 root - INFO - Data transformation complete
[ 2026-05-27 22:13:12,270] 49 root - INFO - Started Regular Expression mapping
[ 2026-05-27 22:13:12,270] 174 root - INFO - Data transformation complete
[ 2026-05-27 22:13:12,270] 49 root - INFO - Started Regular Expression mapping
[ 2026-05-27 22:13:12,270] 174 root - INFO - Data transformation complete
[ 2026-05-27 22:13:12,271] 49 root - INFO - Started Regular Expression mapping
[ 2026-05-27 22:13:12,271] 174 root - INFO - Data transformation complete
[ 2026-05-27 22:13:12,271] 49 root - INFO - Started Regular Expression mapping
[ 2026-05-27 22:13:12,271] 174 root - INFO - Data transformation complete
[ 2026-05-27 22:13:12,271] 49 root - INFO - Started Regular Expression mapping
[ 2026-05-27 22:13:12,271] 174 root - INFO - Data transformation complete
[ 2026-05-27 22:13:12,271] 49 root - INFO - Started Regular Expression mapping
[ 2026-05-27 22:13:12,272] 174 root - INFO - Data transformation complete
[ 2026-05-27 22:13:12,272] 49 root - INFO - Started Regular Expression mapping
[ 2026-05-27 22:13:12,272] 25 root - INFO - Match heuristic business names to paybill payments
[ 2026-05-27 22:13:12,272] 174 root - INFO - Data transformation complete
[ 2026-05-27 22:13:12,272] 49 root - INFO - Started Regular Expression mapping
[ 2026-05-27 22:13:12,272] 174 root - INFO - Data transformation complete
[ 2026-05-27 22:13:12,273] 49 root - INFO - Started Regular Expression mapping
[ 2026-05-27 22:13:12,273] 174 root - INFO - Data transformation complete
[ 2026-05-27 22:13:12,273] 49 root - INFO - Started Regular Expression mapping
[ 2026-05-27 22:13:12,273] 174 root - INFO - Data transformation complete
[ 2026-05-27 22:13:12,273] 49 root - INFO - Started Regular Expression mapping
[ 2026-05-27 22:13:12,273] 174 root - INFO - Data transformation complete
[ 2026-05-27 22:13:12,274] 49 root - INFO - Started Regular Expression mapping
[ 2026-05-27 22:13:12,274] 174 root - INFO - Data transformation complete
[ 2026-05-27 22:13:12,274] 49 root - INFO - Started Regular Expression mapping
[ 2026-05-27 22:13:12,274] 174 root - INFO - Data transformation complete
[ 2026-05-27 22:13:12,274] 49 root - INFO - Started Regular Expression mapping
[ 2026-05-27 22:13:12,274] 174 root - INFO - Data transformation complete
[ 2026-05-27 22:13:12,274] 49 root - INFO - Started Regular Expression mapping
[ 2026-05-27 22:13:12,275] 174 root - INFO - Data transformation complete
[ 2026-05-27 22:13:12,275] 49 root - INFO - Started Regular Expression mapping
[ 2026-05-27 22:13:12,275] 174 root - INFO - Data transformation complete
[ 2026-05-27 22:13:12,275] 49 root - INFO - Started Regular Expression mapping
[ 2026-05-27 22:13:12,275] 174 root - INFO - Data transformation complete
[ 2026-05-27 22:13:12,275] 49 root - INFO - Started Regular Expression mapping
[ 2026-05-27 22:13:12,276] 25 root - INFO - Match heuristic business names to paybill payments
[ 2026-05-27 22:13:12,276] 174 root - INFO - Data transformation complete
[ 2026-05-27 22:13:12,276] 49 root - INFO - Started Regular Expression mapping
[ 2026-05-27 22:13:12,276] 174 root - INFO - Data transformation complete
[ 2026-05-27 22:13:12,276] 49 root - INFO - Started Regular Expression mapping
[ 2026-05-27 22:13:12,276] 174 root - INFO - Data transformation complete
[ 2026-05-27 22:13:12,276] 49 root - INFO - Started Regular Expression mapping
[ 2026-05-27 22:13:12,277] 174 root - INFO - Data transformation complete
[ 2026-05-27 22:13:12,277] 49 root - INFO - Started Regular Expression mapping
[ 2026-05-27 22:13:12,277] 174 root - INFO - Data transformation complete
[ 2026-05-27 22:13:12,277] 49 root - INFO - Started Regular Expression mapping
[ 2026-05-27 22:13:12,277] 174 root - INFO - Data transformation complete
[ 2026-05-27 22:13:12,277] 49 root - INFO - Started Regular Expression mapping
[ 2026-05-27 22:13:12,278] 174 root - INFO - Data transformation complete
[ 2026-05-27 22:13:12,278] 49 root - INFO - Started Regular Expression mapping
[ 2026-05-27 22:13:12,278] 25 root - INFO - Match heuristic business names to paybill payments
[ 2026-05-27 22:13:12,278] 174 root - INFO - Data transformation complete
[ 2026-05-27 22:13:12,278] 49 root - INFO - Started Regular Expression mapping
[ 2026-05-27 22:13:12,278] 174 root - INFO - Data transformation complete
[ 2026-05-27 22:13:12,279] 49 root - INFO - Started Regular Expression mapping
[ 2026-05-27 22:13:12,279] 25 root - INFO - Match heuristic business names to paybill payments
[ 2026-05-27 22:13:12,279] 174 root - INFO - Data transformation complete
[ 2026-05-27 22:13:12,279] 49 root - INFO - Started Regular Expression mapping
[ 2026-05-27 22:13:12,279] 174 root - INFO - Data transformation complete
[ 2026-05-27 22:13:12,279] 49 root - INFO - Started Regular Expression mapping
[ 2026-05-27 22:13:12,279] 25 root - INFO - Match heuristic business names to paybill payments
[ 2026-05-27 22:13:12,280] 174 root - INFO - Data transformation complete
[ 2026-05-27 22:13:12,280] 49 root - INFO - Started Regular Expression mapping
[ 2026-05-27 22:13:12,280] 174 root - INFO - Data transformation complete
[ 2026-05-27 22:13:12,280] 49 root - INFO - Started Regular Expression mapping
[ 2026-05-27 22:13:12,280] 174 root - INFO - Data transformation complete
[ 2026-05-27 22:13:12,280] 49 root - INFO - Started Regular Expression mapping
[ 2026-05-27 22:13:12,281] 174 root - INFO - Data transformation complete
[ 2026-05-27 22:13:12,281] 49 root - INFO - Started Regular Expression mapping
[ 2026-05-27 22:13:12,281] 174 root - INFO - Data transformation complete
[ 2026-05-27 22:13:12,281] 49 root - INFO - Started Regular Expression mapping
[ 2026-05-27 22:13:12,281] 174 root - INFO - Data transformation complete
[ 2026-05-27 22:13:12,281] 49 root - INFO - Started Regular Expression mapping
[ 2026-05-27 22:13:12,281] 174 root - INFO - Data transformation complete
[ 2026-05-27 22:13:12,282] 49 root - INFO - Started Regular Expression mapping
[ 2026-05-27 22:13:12,282] 174 root - INFO - Data transformation complete
[ 2026-05-27 22:13:12,282] 49 root - INFO - Started Regular Expression mapping
[ 2026-05-27 22:13:12,282] 174 root - INFO - Data transformation complete
[ 2026-05-27 22:13:12,282] 49 root - INFO - Started Regular Expression mapping
[ 2026-05-27 22:13:12,282] 174 root - INFO - Data transformation complete
[ 2026-05-27 22:13:12,283] 49 root - INFO - Started Regular Expression mapping
[ 2026-05-27 22:13:12,283] 174 root - INFO - Data transformation complete
[ 2026-05-27 22:13:12,283] 49 root - INFO - Started Regular Expression mapping
[ 2026-05-27 22:13:12,283] 174 root - INFO - Data transformation complete
[ 2026-05-27 22:13:12,283] 49 root - INFO - Started Regular Expression mapping
[ 2026-05-27 22:13:12,283] 25 root - INFO - Match heuristic business names to paybill payments
[ 2026-05-27 22:13:12,283] 174 root - INFO - Data transformation complete
[ 2026-05-27 22:13:12,284] 49 root - INFO - Started Regular Expression mapping
[ 2026-05-27 22:13:12,284] 174 root - INFO - Data transformation complete
[ 2026-05-27 22:13:12,284] 49 root - INFO - Started Regular Expression mapping
[ 2026-05-27 22:13:12,284] 174 root - INFO - Data transformation complete
[ 2026-05-27 22:13:12,284] 49 root - INFO - Started Regular Expression mapping
[ 2026-05-27 22:13:12,284] 25 root - INFO - Match heuristic business names to paybill payments
[ 2026-05-27 22:13:12,284] 174 root - INFO - Data transformation complete
[ 2026-05-27 22:13:12,285] 49 root - INFO - Started Regular Expression mapping
[ 2026-05-27 22:13:12,285] 174 root - INFO - Data transformation complete
[ 2026-05-27 22:13:12,285] 49 root - INFO - Started Regular Expression mapping
[ 2026-05-27 22:13:12,285] 174 root - INFO - Data transformation complete
[ 2026-05-27 22:13:12,285] 49 root - INFO - Started Regular Expression mapping
[ 2026-05-27 22:13:12,285] 174 root - INFO - Data transformation complete
[ 2026-05-27 22:13:12,286] 49 root - INFO - Started Regular Expression mapping
[ 2026-05-27 22:13:12,286] 174 root - INFO - Data transformation complete
[ 2026-05-27 22:13:12,286] 49 root - INFO - Started Regular Expression mapping
[ 2026-05-27 22:13:12,286] 174 root - INFO - Data transformation complete
[ 2026-05-27 22:13:12,286] 49 root - INFO - Started Regular Expression mapping
[ 2026-05-27 22:13:12,286] 25 root - INFO - Match heuristic business names to paybill payments
[ 2026-05-27 22:13:12,287] 174 root - INFO - Data transformation complete
[ 2026-05-27 22:13:12,287] 49 root - INFO - Started Regular Expression mapping
[ 2026-05-27 22:13:12,287] 174 root - INFO - Data transformation complete
[ 2026-05-27 22:13:12,287] 49 root - INFO - Started Regular Expression mapping
[ 2026-05-27 22:13:12,287] 174 root - INFO - Data transformation complete
[ 2026-05-27 22:13:12,287] 49 root - INFO - Started Regular Expression mapping
[ 2026-05-27 22:13:12,287] 174 root - INFO - Data transformation complete
[ 2026-05-27 22:13:12,288] 49 root - INFO - Started Regular Expression mapping
[ 2026-05-27 22:13:12,288] 174 root - INFO - Data transformation complete
[ 2026-05-27 22:13:12,288] 49 root - INFO - Started Regular Expression mapping
[ 2026-05-27 22:13:12,288] 174 root - INFO - Data transformation complete
[ 2026-05-27 22:13:12,288] 49 root - INFO - Started Regular Expression mapping
[ 2026-05-27 22:13:12,288] 174 root - INFO - Data transformation complete
[ 2026-05-27 22:13:12,288] 49 root - INFO - Started Regular Expression mapping
[ 2026-05-27 22:13:12,289] 25 root - INFO - Match heuristic business names to paybill payments
[ 2026-05-27 22:13:12,289] 174 root - INFO - Data transformation complete
[ 2026-05-27 22:13:12,289] 49 root - INFO - Started Regular Expression mapping
[ 2026-05-27 22:13:12,289] 174 root - INFO - Data transformation complete
[ 2026-05-27 22:13:12,289] 49 root - INFO - Started Regular Expression mapping
[ 2026-05-27 22:13:12,289] 174 root - INFO - Data transformation complete
[ 2026-05-27 22:13:12,290] 49 root - INFO - Started Regular Expression mapping
[ 2026-05-27 22:13:12,290] 174 root - INFO - Data transformation complete
[ 2026-05-27 22:13:12,290] 49 root - INFO - Started Regular Expression mapping
[ 2026-05-27 22:13:12,290] 174 root - INFO - Data transformation complete
[ 2026-05-27 22:13:12,290] 49 root - INFO - Started Regular Expression mapping
[ 2026-05-27 22:13:12,290] 174 root - INFO - Data transformation complete
[ 2026-05-27 22:13:12,290] 49 root - INFO - Started Regular Expression mapping
[ 2026-05-27 22:13:12,291] 25 root - INFO - Match heuristic business names to paybill payments
[ 2026-05-27 22:13:12,291] 174 root - INFO - Data transformation complete
[ 2026-05-27 22:13:12,291] 49 root - INFO - Started Regular Expression mapping
[ 2026-05-27 22:13:12,291] 174 root - INFO - Data transformation complete
[ 2026-05-27 22:13:12,291] 49 root - INFO - Started Regular Expression mapping
[ 2026-05-27 22:13:12,291] 174 root - INFO - Data transformation complete
[ 2026-05-27 22:13:12,292] 49 root - INFO - Started Regular Expression mapping
[ 2026-05-27 22:13:12,292] 174 root - INFO - Data transformation complete
[ 2026-05-27 22:13:12,292] 49 root - INFO - Started Regular Expression mapping
[ 2026-05-27 22:13:12,292] 174 root - INFO - Data transformation complete
[ 2026-05-27 22:13:12,292] 49 root - INFO - Started Regular Expression mapping
[ 2026-05-27 22:13:12,292] 174 root - INFO - Data transformation complete
[ 2026-05-27 22:13:12,293] 49 root - INFO - Started Regular Expression mapping
[ 2026-05-27 22:13:12,293] 174 root - INFO - Data transformation complete
[ 2026-05-27 22:13:12,293] 49 root - INFO - Started Regular Expression mapping
[ 2026-05-27 22:13:12,293] 174 root - INFO - Data transformation complete
[ 2026-05-27 22:13:12,293] 49 root - INFO - Started Regular Expression mapping
[ 2026-05-27 22:13:12,293] 174 root - INFO - Data transformation complete
[ 2026-05-27 22:13:12,294] 49 root - INFO - Started Regular Expression mapping
[ 2026-05-27 22:13:12,294] 174 root - INFO - Data transformation complete
[ 2026-05-27 22:13:12,294] 49 root - INFO - Started Regular Expression mapping
[ 2026-05-27 22:13:12,294] 174 root - INFO - Data transformation complete
[ 2026-05-27 22:13:12,294] 49 root - INFO - Started Regular Expression mapping
[ 2026-05-27 22:13:12,294] 174 root - INFO - Data transformation complete
[ 2026-05-27 22:13:12,295] 49 root - INFO - Started Regular Expression mapping
[ 2026-05-27 22:13:12,295] 174 root - INFO - Data transformation complete
[ 2026-05-27 22:13:12,295] 49 root - INFO - Started Regular Expression mapping
[ 2026-05-27 22:13:12,295] 174 root - INFO - Data transformation complete
[ 2026-05-27 22:13:12,295] 49 root - INFO - Started Regular Expression mapping
[ 2026-05-27 22:13:12,295] 174 root - INFO - Data transformation complete
[ 2026-05-27 22:13:12,296] 49 root - INFO - Started Regular Expression mapping
[ 2026-05-27 22:13:12,296] 174 root - INFO - Data transformation complete
[ 2026-05-27 22:13:12,296] 49 root - INFO - Started Regular Expression mapping
[ 2026-05-27 22:13:12,296] 174 root - INFO - Data transformation complete
[ 2026-05-27 22:13:12,296] 49 root - INFO - Started Regular Expression mapping
[ 2026-05-27 22:13:12,296] 174 root - INFO - Data transformation complete
[ 2026-05-27 22:13:12,296] 49 root - INFO - Started Regular Expression mapping
[ 2026-05-27 22:13:12,297] 25 root - INFO - Match heuristic business names to paybill payments
[ 2026-05-27 22:13:12,297] 174 root - INFO - Data transformation complete
[ 2026-05-27 22:13:12,297] 49 root - INFO - Started Regular Expression mapping
[ 2026-05-27 22:13:12,297] 174 root - INFO - Data transformation complete
[ 2026-05-27 22:13:12,297] 49 root - INFO - Started Regular Expression mapping
[ 2026-05-27 22:13:12,297] 174 root - INFO - Data transformation complete
[ 2026-05-27 22:13:12,298] 49 root - INFO - Started Regular Expression mapping
[ 2026-05-27 22:13:12,298] 174 root - INFO - Data transformation complete
[ 2026-05-27 22:13:12,298] 49 root - INFO - Started Regular Expression mapping
[ 2026-05-27 22:13:12,298] 174 root - INFO - Data transformation complete
[ 2026-05-27 22:13:12,298] 49 root - INFO - Started Regular Expression mapping
[ 2026-05-27 22:13:12,298] 174 root - INFO - Data transformation complete
[ 2026-05-27 22:13:12,298] 49 root - INFO - Started Regular Expression mapping
[ 2026-05-27 22:13:12,299] 174 root - INFO - Data transformation complete
[ 2026-05-27 22:13:12,299] 49 root - INFO - Started Regular Expression mapping
[ 2026-05-27 22:13:12,299] 174 root - INFO - Data transformation complete
[ 2026-05-27 22:13:12,299] 49 root - INFO - Started Regular Expression mapping
[ 2026-05-27 22:13:12,299] 174 root - INFO - Data transformation complete
[ 2026-05-27 22:13:12,299] 49 root - INFO - Started Regular Expression mapping
[ 2026-05-27 22:13:12,300] 25 root - INFO - Match heuristic business names to paybill payments
[ 2026-05-27 22:13:12,300] 174 root - INFO - Data transformation complete
[ 2026-05-27 22:13:12,300] 49 root - INFO - Started Regular Expression mapping
[ 2026-05-27 22:13:12,300] 174 root - INFO - Data transformation complete
[ 2026-05-27 22:13:12,300] 49 root - INFO - Started Regular Expression mapping
[ 2026-05-27 22:13:12,300] 25 root - INFO - Match heuristic business names to paybill payments
[ 2026-05-27 22:13:12,300] 174 root - INFO - Data transformation complete
[ 2026-05-27 22:13:12,301] 49 root - INFO - Started Regular Expression mapping
[ 2026-05-27 22:13:12,301] 174 root - INFO - Data transformation complete
[ 2026-05-27 22:13:12,301] 49 root - INFO - Started Regular Expression mapping
[ 2026-05-27 22:13:12,301] 25 root - INFO - Match heuristic business names to paybill payments
[ 2026-05-27 22:13:12,301] 174 root - INFO - Data transformation complete
[ 2026-05-27 22:13:12,302] 49 root - INFO - Started Regular Expression mapping
[ 2026-05-27 22:13:12,302] 174 root - INFO - Data transformation complete
[ 2026-05-27 22:13:12,302] 49 root - INFO - Started Regular Expression mapping
[ 2026-05-27 22:13:12,302] 25 root - INFO - Match heuristic business names to paybill payments
[ 2026-05-27 22:13:12,302] 174 root - INFO - Data transformation complete
[ 2026-05-27 22:13:12,302] 49 root - INFO - Started Regular Expression mapping
[ 2026-05-27 22:13:12,303] 174 root - INFO - Data transformation complete
[ 2026-05-27 22:13:12,303] 49 root - INFO - Started Regular Expression mapping
[ 2026-05-27 22:13:12,303] 174 root - INFO - Data transformation complete
[ 2026-05-27 22:13:12,303] 49 root - INFO - Started Regular Expression mapping
[ 2026-05-27 22:13:12,303] 174 root - INFO - Data transformation complete
[ 2026-05-27 22:13:12,303] 49 root - INFO - Started Regular Expression mapping
[ 2026-05-27 22:13:12,303] 174 root - INFO - Data transformation complete
[ 2026-05-27 22:13:12,304] 49 root - INFO - Started Regular Expression mapping
[ 2026-05-27 22:13:12,304] 174 root - INFO - Data transformation complete
[ 2026-05-27 22:13:12,304] 49 root - INFO - Started Regular Expression mapping
[ 2026-05-27 22:13:12,304] 174 root - INFO - Data transformation complete
[ 2026-05-27 22:13:12,304] 49 root - INFO - Started Regular Expression mapping
[ 2026-05-27 22:13:12,304] 174 root - INFO - Data transformation complete
[ 2026-05-27 22:13:12,305] 49 root - INFO - Started Regular Expression mapping
[ 2026-05-27 22:13:12,305] 174 root - INFO - Data transformation complete
[ 2026-05-27 22:13:12,305] 49 root - INFO - Started Regular Expression mapping
[ 2026-05-27 22:13:12,305] 174 root - INFO - Data transformation complete
[ 2026-05-27 22:13:12,305] 49 root - INFO - Started Regular Expression mapping
[ 2026-05-27 22:13:12,305] 174 root - INFO - Data transformation complete
[ 2026-05-27 22:13:12,305] 49 root - INFO - Started Regular Expression mapping
[ 2026-05-27 22:13:12,306] 25 root - INFO - Match heuristic business names to paybill payments
[ 2026-05-27 22:13:12,306] 174 root - INFO - Data transformation complete
[ 2026-05-27 22:13:12,306] 49 root - INFO - Started Regular Expression mapping
[ 2026-05-27 22:13:12,306] 174 root - INFO - Data transformation complete
[ 2026-05-27 22:13:12,306] 49 root - INFO - Started Regular Expression mapping
[ 2026-05-27 22:13:12,306] 25 root - INFO - Match heuristic business names to paybill payments
[ 2026-05-27 22:13:12,307] 174 root - INFO - Data transformation complete
[ 2026-05-27 22:13:12,307] 49 root - INFO - Started Regular Expression mapping
[ 2026-05-27 22:13:12,307] 174 root - INFO - Data transformation complete
[ 2026-05-27 22:13:12,307] 49 root - INFO - Started Regular Expression mapping
[ 2026-05-27 22:13:12,307] 174 root - INFO - Data transformation complete
[ 2026-05-27 22:13:12,307] 49 root - INFO - Started Regular Expression mapping
[ 2026-05-27 22:13:12,307] 174 root - INFO - Data transformation complete
[ 2026-05-27 22:13:12,308] 49 root - INFO - Started Regular Expression mapping
[ 2026-05-27 22:13:12,308] 174 root - INFO - Data transformation complete
[ 2026-05-27 22:13:12,308] 49 root - INFO - Started Regular Expression mapping
[ 2026-05-27 22:13:12,308] 174 root - INFO - Data transformation complete
[ 2026-05-27 22:13:12,308] 49 root - INFO - Started Regular Expression mapping
[ 2026-05-27 22:13:12,308] 174 root - INFO - Data transformation complete
[ 2026-05-27 22:13:12,309] 49 root - INFO - Started Regular Expression mapping
[ 2026-05-27 22:13:12,309] 25 root - INFO - Match heuristic business names to paybill payments
[ 2026-05-27 22:13:12,309] 174 root - INFO - Data transformation complete
[ 2026-05-27 22:13:12,309] 49 root - INFO - Started Regular Expression mapping
[ 2026-05-27 22:13:12,309] 174 root - INFO - Data transformation complete
[ 2026-05-27 22:13:12,309] 49 root - INFO - Started Regular Expression mapping
[ 2026-05-27 22:13:12,310] 174 root - INFO - Data transformation complete
[ 2026-05-27 22:13:12,310] 49 root - INFO - Started Regular Expression mapping
[ 2026-05-27 22:13:12,310] 174 root - INFO - Data transformation complete
[ 2026-05-27 22:13:12,310] 49 root - INFO - Started Regular Expression mapping
[ 2026-05-27 22:13:12,311] 174 root - INFO - Data transformation complete
[ 2026-05-27 22:13:12,311] 49 root - INFO - Started Regular Expression mapping
[ 2026-05-27 22:13:12,311] 174 root - INFO - Data transformation complete
[ 2026-05-27 22:13:12,311] 49 root - INFO - Started Regular Expression mapping
[ 2026-05-27 22:13:12,311] 174 root - INFO - Data transformation complete
[ 2026-05-27 22:13:12,312] 49 root - INFO - Started Regular Expression mapping
[ 2026-05-27 22:13:12,312] 174 root - INFO - Data transformation complete
[ 2026-05-27 22:13:12,312] 49 root - INFO - Started Regular Expression mapping
[ 2026-05-27 22:13:12,312] 174 root - INFO - Data transformation complete
[ 2026-05-27 22:13:12,312] 49 root - INFO - Started Regular Expression mapping
[ 2026-05-27 22:13:12,312] 174 root - INFO - Data transformation complete
[ 2026-05-27 22:13:12,312] 49 root - INFO - Started Regular Expression mapping
[ 2026-05-27 22:13:12,313] 174 root - INFO - Data transformation complete
[ 2026-05-27 22:13:12,313] 49 root - INFO - Started Regular Expression mapping
[ 2026-05-27 22:13:12,313] 174 root - INFO - Data transformation complete
[ 2026-05-27 22:13:12,313] 49 root - INFO - Started Regular Expression mapping
[ 2026-05-27 22:13:12,313] 174 root - INFO - Data transformation complete
[ 2026-05-27 22:13:12,313] 49 root - INFO - Started Regular Expression mapping
[ 2026-05-27 22:13:12,314] 25 root - INFO - Match heuristic business names to paybill payments
[ 2026-05-27 22:13:12,314] 174 root - INFO - Data transformation complete
[ 2026-05-27 22:13:12,314] 49 root - INFO - Started Regular Expression mapping
[ 2026-05-27 22:13:12,314] 174 root - INFO - Data transformation complete
[ 2026-05-27 22:13:12,314] 49 root - INFO - Started Regular Expression mapping
[ 2026-05-27 22:13:12,314] 174 root - INFO - Data transformation complete
[ 2026-05-27 22:13:12,314] 49 root - INFO - Started Regular Expression mapping
[ 2026-05-27 22:13:12,315] 174 root - INFO - Data transformation complete
[ 2026-05-27 22:13:12,315] 49 root - INFO - Started Regular Expression mapping
[ 2026-05-27 22:13:12,315] 174 root - INFO - Data transformation complete
[ 2026-05-27 22:13:12,315] 49 root - INFO - Started Regular Expression mapping
[ 2026-05-27 22:13:12,315] 174 root - INFO - Data transformation complete
[ 2026-05-27 22:13:12,315] 49 root - INFO - Started Regular Expression mapping
[ 2026-05-27 22:13:12,316] 174 root - INFO - Data transformation complete
[ 2026-05-27 22:13:12,316] 49 root - INFO - Started Regular Expression mapping
[ 2026-05-27 22:13:12,316] 174 root - INFO - Data transformation complete
[ 2026-05-27 22:13:12,316] 49 root - INFO - Started Regular Expression mapping
[ 2026-05-27 22:13:12,316] 174 root - INFO - Data transformation complete
[ 2026-05-27 22:13:12,316] 49 root - INFO - Started Regular Expression mapping
[ 2026-05-27 22:13:12,316] 174 root - INFO - Data transformation complete
[ 2026-05-27 22:13:12,317] 49 root - INFO - Started Regular Expression mapping
[ 2026-05-27 22:13:12,317] 174 root - INFO - Data transformation complete
[ 2026-05-27 22:13:12,317] 49 root - INFO - Started Regular Expression mapping
[ 2026-05-27 22:13:12,317] 174 root - INFO - Data transformation complete
[ 2026-05-27 22:13:12,317] 49 root - INFO - Started Regular Expression mapping
[ 2026-05-27 22:13:12,317] 174 root - INFO - Data transformation complete
[ 2026-05-27 22:13:12,318] 49 root - INFO - Started Regular Expression mapping
[ 2026-05-27 22:13:12,318] 174 root - INFO - Data transformation complete
[ 2026-05-27 22:13:12,318] 49 root - INFO - Started Regular Expression mapping
[ 2026-05-27 22:13:12,318] 174 root - INFO - Data transformation complete
[ 2026-05-27 22:13:12,318] 49 root - INFO - Started Regular Expression mapping
[ 2026-05-27 22:13:12,318] 25 root - INFO - Match heuristic business names to paybill payments
[ 2026-05-27 22:13:12,318] 174 root - INFO - Data transformation complete
[ 2026-05-27 22:13:12,319] 49 root - INFO - Started Regular Expression mapping
[ 2026-05-27 22:13:12,319] 174 root - INFO - Data transformation complete
[ 2026-05-27 22:13:12,319] 49 root - INFO - Started Regular Expression mapping
[ 2026-05-27 22:13:12,319] 174 root - INFO - Data transformation complete
[ 2026-05-27 22:13:12,319] 49 root - INFO - Started Regular Expression mapping
[ 2026-05-27 22:13:12,320] 174 root - INFO - Data transformation complete
[ 2026-05-27 22:13:12,320] 49 root - INFO - Started Regular Expression mapping
[ 2026-05-27 22:13:12,320] 25 root - INFO - Match heuristic business names to paybill payments
[ 2026-05-27 22:13:12,320] 174 root - INFO - Data transformation complete
[ 2026-05-27 22:13:12,320] 49 root - INFO - Started Regular Expression mapping
[ 2026-05-27 22:13:12,320] 174 root - INFO - Data transformation complete
[ 2026-05-27 22:13:12,320] 49 root - INFO - Started Regular Expression mapping
[ 2026-05-27 22:13:12,321] 174 root - INFO - Data transformation complete
[ 2026-05-27 22:13:12,321] 49 root - INFO - Started Regular Expression mapping
[ 2026-05-27 22:13:12,321] 174 root - INFO - Data transformation complete
[ 2026-05-27 22:13:12,321] 49 root - INFO - Started Regular Expression mapping
[ 2026-05-27 22:13:12,321] 25 root - INFO - Match heuristic business names to paybill payments
[ 2026-05-27 22:13:12,321] 174 root - INFO - Data transformation complete
[ 2026-05-27 22:13:12,321] 49 root - INFO - Started Regular Expression mapping
[ 2026-05-27 22:13:12,322] 174 root - INFO - Data transformation complete
[ 2026-05-27 22:13:12,322] 49 root - INFO - Started Regular Expression mapping
[ 2026-05-27 22:13:12,322] 25 root - INFO - Match heuristic business names to paybill payments
[ 2026-05-27 22:13:12,322] 174 root - INFO - Data transformation complete
[ 2026-05-27 22:13:12,322] 49 root - INFO - Started Regular Expression mapping
[ 2026-05-27 22:13:12,322] 174 root - INFO - Data transformation complete
[ 2026-05-27 22:13:12,322] 49 root - INFO - Started Regular Expression mapping
[ 2026-05-27 22:13:12,323] 174 root - INFO - Data transformation complete
[ 2026-05-27 22:13:12,323] 49 root - INFO - Started Regular Expression mapping
[ 2026-05-27 22:13:12,323] 174 root - INFO - Data transformation complete
[ 2026-05-27 22:13:12,323] 49 root - INFO - Started Regular Expression mapping
[ 2026-05-27 22:13:12,323] 174 root - INFO - Data transformation complete
[ 2026-05-27 22:13:12,323] 49 root - INFO - Started Regular Expression mapping
[ 2026-05-27 22:13:12,324] 174 root - INFO - Data transformation complete
[ 2026-05-27 22:13:12,324] 49 root - INFO - Started Regular Expression mapping
[ 2026-05-27 22:13:12,324] 25 root - INFO - Match heuristic business names to paybill payments
[ 2026-05-27 22:13:12,324] 174 root - INFO - Data transformation complete
[ 2026-05-27 22:13:12,324] 49 root - INFO - Started Regular Expression mapping
[ 2026-05-27 22:13:12,324] 174 root - INFO - Data transformation complete
[ 2026-05-27 22:13:12,324] 49 root - INFO - Started Regular Expression mapping
[ 2026-05-27 22:13:12,325] 25 root - INFO - Match heuristic business names to paybill payments
[ 2026-05-27 22:13:12,325] 174 root - INFO - Data transformation complete
[ 2026-05-27 22:13:12,325] 49 root - INFO - Started Regular Expression mapping
[ 2026-05-27 22:13:12,325] 174 root - INFO - Data transformation complete
[ 2026-05-27 22:13:12,325] 49 root - INFO - Started Regular Expression mapping
[ 2026-05-27 22:13:12,325] 174 root - INFO - Data transformation complete
[ 2026-05-27 22:13:12,326] 49 root - INFO - Started Regular Expression mapping
[ 2026-05-27 22:13:12,326] 174 root - INFO - Data transformation complete
[ 2026-05-27 22:13:12,326] 49 root - INFO - Started Regular Expression mapping
[ 2026-05-27 22:13:12,326] 174 root - INFO - Data transformation complete
[ 2026-05-27 22:13:12,326] 49 root - INFO - Started Regular Expression mapping
[ 2026-05-27 22:13:12,327] 174 root - INFO - Data transformation complete
[ 2026-05-27 22:13:12,327] 49 root - INFO - Started Regular Expression mapping
[ 2026-05-27 22:13:12,327] 25 root - INFO - Match heuristic business names to paybill payments
[ 2026-05-27 22:13:12,327] 174 root - INFO - Data transformation complete
[ 2026-05-27 22:13:12,328] 49 root - INFO - Started Regular Expression mapping
[ 2026-05-27 22:13:12,328] 174 root - INFO - Data transformation complete
[ 2026-05-27 22:13:12,328] 49 root - INFO - Started Regular Expression mapping
[ 2026-05-27 22:13:12,328] 174 root - INFO - Data transformation complete
[ 2026-05-27 22:13:12,328] 49 root - INFO - Started Regular Expression mapping
[ 2026-05-27 22:13:12,329] 174 root - INFO - Data transformation complete
[ 2026-05-27 22:13:12,329] 49 root - INFO - Started Regular Expression mapping
[ 2026-05-27 22:13:12,329] 174 root - INFO - Data transformation complete
[ 2026-05-27 22:13:12,329] 49 root - INFO - Started Regular Expression mapping
[ 2026-05-27 22:13:12,329] 25 root - INFO - Match heuristic business names to paybill payments
[ 2026-05-27 22:13:12,330] 174 root - INFO - Data transformation complete
[ 2026-05-27 22:13:12,330] 49 root - INFO - Started Regular Expression mapping
[ 2026-05-27 22:13:12,330] 174 root - INFO - Data transformation complete
[ 2026-05-27 22:13:12,330] 49 root - INFO - Started Regular Expression mapping
[ 2026-05-27 22:13:12,330] 174 root - INFO - Data transformation complete
[ 2026-05-27 22:13:12,330] 49 root - INFO - Started Regular Expression mapping
[ 2026-05-27 22:13:12,330] 174 root - INFO - Data transformation complete
[ 2026-05-27 22:13:12,331] 49 root - INFO - Started Regular Expression mapping
[ 2026-05-27 22:13:12,331] 174 root - INFO - Data transformation complete
[ 2026-05-27 22:13:12,331] 49 root - INFO - Started Regular Expression mapping
[ 2026-05-27 22:13:12,331] 174 root - INFO - Data transformation complete
[ 2026-05-27 22:13:12,331] 49 root - INFO - Started Regular Expression mapping
[ 2026-05-27 22:13:12,331] 174 root - INFO - Data transformation complete
[ 2026-05-27 22:13:12,332] 49 root - INFO - Started Regular Expression mapping
[ 2026-05-27 22:13:12,332] 174 root - INFO - Data transformation complete
[ 2026-05-27 22:13:12,332] 49 root - INFO - Started Regular Expression mapping
[ 2026-05-27 22:13:12,332] 25 root - INFO - Match heuristic business names to paybill payments
[ 2026-05-27 22:13:12,332] 174 root - INFO - Data transformation complete
[ 2026-05-27 22:13:12,332] 49 root - INFO - Started Regular Expression mapping
[ 2026-05-27 22:13:12,333] 25 root - INFO - Match heuristic business names to paybill payments
[ 2026-05-27 22:13:12,333] 174 root - INFO - Data transformation complete
[ 2026-05-27 22:13:12,333] 49 root - INFO - Started Regular Expression mapping
[ 2026-05-27 22:13:12,333] 174 root - INFO - Data transformation complete
[ 2026-05-27 22:13:12,333] 49 root - INFO - Started Regular Expression mapping
[ 2026-05-27 22:13:12,333] 174 root - INFO - Data transformation complete
[ 2026-05-27 22:13:12,333] 49 root - INFO - Started Regular Expression mapping
[ 2026-05-27 22:13:12,334] 174 root - INFO - Data transformation complete
[ 2026-05-27 22:13:12,334] 49 root - INFO - Started Regular Expression mapping
[ 2026-05-27 22:13:12,334] 174 root - INFO - Data transformation complete
[ 2026-05-27 22:13:12,334] 49 root - INFO - Started Regular Expression mapping
[ 2026-05-27 22:13:12,334] 174 root - INFO - Data transformation complete
[ 2026-05-27 22:13:12,334] 49 root - INFO - Started Regular Expression mapping
[ 2026-05-27 22:13:12,335] 25 root - INFO - Match heuristic business names to paybill payments
[ 2026-05-27 22:13:12,335] 174 root - INFO - Data transformation complete
[ 2026-05-27 22:13:12,335] 49 root - INFO - Started Regular Expression mapping
[ 2026-05-27 22:13:12,335] 174 root - INFO - Data transformation complete
[ 2026-05-27 22:13:12,335] 49 root - INFO - Started Regular Expression mapping
[ 2026-05-27 22:13:12,335] 174 root - INFO - Data transformation complete
[ 2026-05-27 22:13:12,335] 49 root - INFO - Started Regular Expression mapping
[ 2026-05-27 22:13:12,336] 174 root - INFO - Data transformation complete
[ 2026-05-27 22:13:12,336] 49 root - INFO - Started Regular Expression mapping
[ 2026-05-27 22:13:12,336] 25 root - INFO - Match heuristic business names to paybill payments
[ 2026-05-27 22:13:12,336] 174 root - INFO - Data transformation complete
[ 2026-05-27 22:13:12,336] 49 root - INFO - Started Regular Expression mapping
[ 2026-05-27 22:13:12,336] 174 root - INFO - Data transformation complete
[ 2026-05-27 22:13:12,336] 49 root - INFO - Started Regular Expression mapping
[ 2026-05-27 22:13:12,337] 174 root - INFO - Data transformation complete
[ 2026-05-27 22:13:12,337] 49 root - INFO - Started Regular Expression mapping
[ 2026-05-27 22:13:12,337] 25 root - INFO - Match heuristic business names to paybill payments
[ 2026-05-27 22:13:12,337] 174 root - INFO - Data transformation complete
[ 2026-05-27 22:13:12,337] 49 root - INFO - Started Regular Expression mapping
[ 2026-05-27 22:13:12,337] 174 root - INFO - Data transformation complete
[ 2026-05-27 22:13:12,338] 49 root - INFO - Started Regular Expression mapping
[ 2026-05-27 22:13:12,338] 174 root - INFO - Data transformation complete
[ 2026-05-27 22:13:12,338] 49 root - INFO - Started Regular Expression mapping
[ 2026-05-27 22:13:12,338] 174 root - INFO - Data transformation complete
[ 2026-05-27 22:13:12,338] 49 root - INFO - Started Regular Expression mapping
[ 2026-05-27 22:13:12,338] 174 root - INFO - Data transformation complete
[ 2026-05-27 22:13:12,338] 49 root - INFO - Started Regular Expression mapping
[ 2026-05-27 22:13:12,339] 174 root - INFO - Data transformation complete
[ 2026-05-27 22:13:12,339] 49 root - INFO - Started Regular Expression mapping
[ 2026-05-27 22:13:12,339] 25 root - INFO - Match heuristic business names to paybill payments
[ 2026-05-27 22:13:12,339] 174 root - INFO - Data transformation complete
[ 2026-05-27 22:13:12,339] 49 root - INFO - Started Regular Expression mapping
[ 2026-05-27 22:13:12,339] 174 root - INFO - Data transformation complete
[ 2026-05-27 22:13:12,339] 49 root - INFO - Started Regular Expression mapping
[ 2026-05-27 22:13:12,340] 25 root - INFO - Match heuristic business names to paybill payments
[ 2026-05-27 22:13:12,340] 174 root - INFO - Data transformation complete
[ 2026-05-27 22:13:12,340] 49 root - INFO - Started Regular Expression mapping
[ 2026-05-27 22:13:12,340] 174 root - INFO - Data transformation complete
[ 2026-05-27 22:13:12,340] 49 root - INFO - Started Regular Expression mapping
[ 2026-05-27 22:13:12,340] 174 root - INFO - Data transformation complete
[ 2026-05-27 22:13:12,341] 49 root - INFO - Started Regular Expression mapping
[ 2026-05-27 22:13:12,341] 174 root - INFO - Data transformation complete
[ 2026-05-27 22:13:12,341] 49 root - INFO - Started Regular Expression mapping
[ 2026-05-27 22:13:12,341] 174 root - INFO - Data transformation complete
[ 2026-05-27 22:13:12,341] 49 root - INFO - Started Regular Expression mapping
[ 2026-05-27 22:13:12,341] 25 root - INFO - Match heuristic business names to paybill payments
[ 2026-05-27 22:13:12,341] 174 root - INFO - Data transformation complete
[ 2026-05-27 22:13:12,342] 49 root - INFO - Started Regular Expression mapping
[ 2026-05-27 22:13:12,342] 174 root - INFO - Data transformation complete
[ 2026-05-27 22:13:12,342] 49 root - INFO - Started Regular Expression mapping
[ 2026-05-27 22:13:12,342] 174 root - INFO - Data transformation complete
[ 2026-05-27 22:13:12,342] 49 root - INFO - Started Regular Expression mapping
[ 2026-05-27 22:13:12,342] 174 root - INFO - Data transformation complete
[ 2026-05-27 22:13:12,342] 49 root - INFO - Started Regular Expression mapping
[ 2026-05-27 22:13:12,343] 174 root - INFO - Data transformation complete
[ 2026-05-27 22:13:12,343] 49 root - INFO - Started Regular Expression mapping
[ 2026-05-27 22:13:12,343] 174 root - INFO - Data transformation complete
[ 2026-05-27 22:13:12,344] 49 root - INFO - Started Regular Expression mapping
[ 2026-05-27 22:13:12,344] 174 root - INFO - Data transformation complete
[ 2026-05-27 22:13:12,344] 49 root - INFO - Started Regular Expression mapping
[ 2026-05-27 22:13:12,344] 174 root - INFO - Data transformation complete
[ 2026-05-27 22:13:12,344] 49 root - INFO - Started Regular Expression mapping
[ 2026-05-27 22:13:12,345] 174 root - INFO - Data transformation complete
[ 2026-05-27 22:13:12,345] 49 root - INFO - Started Regular Expression mapping
[ 2026-05-27 22:13:12,345] 174 root - INFO - Data transformation complete
[ 2026-05-27 22:13:12,345] 49 root - INFO - Started Regular Expression mapping
[ 2026-05-27 22:13:12,345] 174 root - INFO - Data transformation complete
[ 2026-05-27 22:13:12,346] 49 root - INFO - Started Regular Expression mapping
[ 2026-05-27 22:13:12,346] 174 root - INFO - Data transformation complete
[ 2026-05-27 22:13:12,346] 49 root - INFO - Started Regular Expression mapping
[ 2026-05-27 22:13:12,346] 174 root - INFO - Data transformation complete
[ 2026-05-27 22:13:12,346] 49 root - INFO - Started Regular Expression mapping
[ 2026-05-27 22:13:12,346] 174 root - INFO - Data transformation complete
[ 2026-05-27 22:13:12,346] 49 root - INFO - Started Regular Expression mapping
[ 2026-05-27 22:13:12,347] 174 root - INFO - Data transformation complete
[ 2026-05-27 22:13:12,347] 49 root - INFO - Started Regular Expression mapping
[ 2026-05-27 22:13:12,347] 25 root - INFO - Match heuristic business names to paybill payments
[ 2026-05-27 22:13:12,347] 174 root - INFO - Data transformation complete
[ 2026-05-27 22:13:12,347] 49 root - INFO - Started Regular Expression mapping
[ 2026-05-27 22:13:12,347] 174 root - INFO - Data transformation complete
[ 2026-05-27 22:13:12,347] 49 root - INFO - Started Regular Expression mapping
[ 2026-05-27 22:13:12,348] 174 root - INFO - Data transformation complete
[ 2026-05-27 22:13:12,348] 49 root - INFO - Started Regular Expression mapping
[ 2026-05-27 22:13:12,348] 174 root - INFO - Data transformation complete
[ 2026-05-27 22:13:12,348] 49 root - INFO - Started Regular Expression mapping
[ 2026-05-27 22:13:12,348] 174 root - INFO - Data transformation complete
[ 2026-05-27 22:13:12,348] 49 root - INFO - Started Regular Expression mapping
[ 2026-05-27 22:13:12,349] 174 root - INFO - Data transformation complete
[ 2026-05-27 22:13:12,349] 49 root - INFO - Started Regular Expression mapping
[ 2026-05-27 22:13:12,349] 174 root - INFO - Data transformation complete
[ 2026-05-27 22:13:12,349] 49 root - INFO - Started Regular Expression mapping
[ 2026-05-27 22:13:12,349] 174 root - INFO - Data transformation complete
[ 2026-05-27 22:13:12,349] 49 root - INFO - Started Regular Expression mapping
[ 2026-05-27 22:13:12,350] 174 root - INFO - Data transformation complete
[ 2026-05-27 22:13:12,350] 49 root - INFO - Started Regular Expression mapping
[ 2026-05-27 22:13:12,350] 174 root - INFO - Data transformation complete
[ 2026-05-27 22:13:12,350] 49 root - INFO - Started Regular Expression mapping
[ 2026-05-27 22:13:12,350] 25 root - INFO - Match heuristic business names to paybill payments
[ 2026-05-27 22:13:12,350] 174 root - INFO - Data transformation complete
[ 2026-05-27 22:13:12,350] 49 root - INFO - Started Regular Expression mapping
[ 2026-05-27 22:13:12,351] 174 root - INFO - Data transformation complete
[ 2026-05-27 22:13:12,351] 49 root - INFO - Started Regular Expression mapping
[ 2026-05-27 22:13:12,351] 25 root - INFO - Match heuristic business names to paybill payments
[ 2026-05-27 22:13:12,351] 174 root - INFO - Data transformation complete
[ 2026-05-27 22:13:12,351] 49 root - INFO - Started Regular Expression mapping
[ 2026-05-27 22:13:12,351] 25 root - INFO - Match heuristic business names to paybill payments
[ 2026-05-27 22:13:12,352] 174 root - INFO - Data transformation complete
[ 2026-05-27 22:13:12,352] 49 root - INFO - Started Regular Expression mapping
[ 2026-05-27 22:13:12,352] 174 root - INFO - Data transformation complete
[ 2026-05-27 22:13:12,352] 49 root - INFO - Started Regular Expression mapping
[ 2026-05-27 22:13:12,352] 174 root - INFO - Data transformation complete
[ 2026-05-27 22:13:12,352] 49 root - INFO - Started Regular Expression mapping
[ 2026-05-27 22:13:12,353] 174 root - INFO - Data transformation complete
[ 2026-05-27 22:13:12,353] 49 root - INFO - Started Regular Expression mapping
[ 2026-05-27 22:13:12,353] 174 root - INFO - Data transformation complete
[ 2026-05-27 22:13:12,353] 49 root - INFO - Started Regular Expression mapping
[ 2026-05-27 22:13:12,353] 174 root - INFO - Data transformation complete
[ 2026-05-27 22:13:12,353] 49 root - INFO - Started Regular Expression mapping
[ 2026-05-27 22:13:12,353] 174 root - INFO - Data transformation complete
[ 2026-05-27 22:13:12,354] 49 root - INFO - Started Regular Expression mapping
[ 2026-05-27 22:13:12,354] 174 root - INFO - Data transformation complete
[ 2026-05-27 22:13:12,354] 49 root - INFO - Started Regular Expression mapping
[ 2026-05-27 22:13:12,354] 174 root - INFO - Data transformation complete
[ 2026-05-27 22:13:12,354] 49 root - INFO - Started Regular Expression mapping
[ 2026-05-27 22:13:12,354] 174 root - INFO - Data transformation complete
[ 2026-05-27 22:13:12,355] 49 root - INFO - Started Regular Expression mapping
[ 2026-05-27 22:13:12,355] 25 root - INFO - Match heuristic business names to paybill payments
[ 2026-05-27 22:13:12,355] 174 root - INFO - Data transformation complete
[ 2026-05-27 22:13:12,355] 49 root - INFO - Started Regular Expression mapping
[ 2026-05-27 22:13:12,355] 174 root - INFO - Data transformation complete
[ 2026-05-27 22:13:12,355] 49 root - INFO - Started Regular Expression mapping
[ 2026-05-27 22:13:12,355] 174 root - INFO - Data transformation complete
[ 2026-05-27 22:13:12,356] 49 root - INFO - Started Regular Expression mapping
[ 2026-05-27 22:13:12,356] 174 root - INFO - Data transformation complete
[ 2026-05-27 22:13:12,356] 49 root - INFO - Started Regular Expression mapping
[ 2026-05-27 22:13:12,356] 174 root - INFO - Data transformation complete
[ 2026-05-27 22:13:12,356] 49 root - INFO - Started Regular Expression mapping
[ 2026-05-27 22:13:12,356] 174 root - INFO - Data transformation complete
[ 2026-05-27 22:13:12,357] 49 root - INFO - Started Regular Expression mapping
[ 2026-05-27 22:13:12,357] 174 root - INFO - Data transformation complete
[ 2026-05-27 22:13:12,357] 49 root - INFO - Started Regular Expression mapping
[ 2026-05-27 22:13:12,357] 174 root - INFO - Data transformation complete
[ 2026-05-27 22:13:12,357] 49 root - INFO - Started Regular Expression mapping
[ 2026-05-27 22:13:12,357] 174 root - INFO - Data transformation complete
[ 2026-05-27 22:13:12,358] 49 root - INFO - Started Regular Expression mapping
[ 2026-05-27 22:13:12,358] 174 root - INFO - Data transformation complete
[ 2026-05-27 22:13:12,358] 49 root - INFO - Started Regular Expression mapping
[ 2026-05-27 22:13:12,358] 174 root - INFO - Data transformation complete
[ 2026-05-27 22:13:12,358] 49 root - INFO - Started Regular Expression mapping
[ 2026-05-27 22:13:12,358] 174 root - INFO - Data transformation complete
[ 2026-05-27 22:13:12,358] 49 root - INFO - Started Regular Expression mapping
[ 2026-05-27 22:13:12,359] 174 root - INFO - Data transformation complete
[ 2026-05-27 22:13:12,359] 49 root - INFO - Started Regular Expression mapping
[ 2026-05-27 22:13:12,359] 174 root - INFO - Data transformation complete
[ 2026-05-27 22:13:12,359] 49 root - INFO - Started Regular Expression mapping
[ 2026-05-27 22:13:12,359] 174 root - INFO - Data transformation complete
[ 2026-05-27 22:13:12,360] 49 root - INFO - Started Regular Expression mapping
[ 2026-05-27 22:13:12,360] 174 root - INFO - Data transformation complete
[ 2026-05-27 22:13:12,360] 49 root - INFO - Started Regular Expression mapping
[ 2026-05-27 22:13:12,360] 174 root - INFO - Data transformation complete
[ 2026-05-27 22:13:12,360] 49 root - INFO - Started Regular Expression mapping
[ 2026-05-27 22:13:12,361] 174 root - INFO - Data transformation complete
[ 2026-05-27 22:13:12,361] 49 root - INFO - Started Regular Expression mapping
[ 2026-05-27 22:13:12,361] 174 root - INFO - Data transformation complete
[ 2026-05-27 22:13:12,361] 49 root - INFO - Started Regular Expression mapping
[ 2026-05-27 22:13:12,361] 174 root - INFO - Data transformation complete
[ 2026-05-27 22:13:12,361] 49 root - INFO - Started Regular Expression mapping
[ 2026-05-27 22:13:12,362] 174 root - INFO - Data transformation complete
[ 2026-05-27 22:13:12,362] 49 root - INFO - Started Regular Expression mapping
[ 2026-05-27 22:13:12,362] 174 root - INFO - Data transformation complete
[ 2026-05-27 22:13:12,362] 49 root - INFO - Started Regular Expression mapping
[ 2026-05-27 22:13:12,362] 174 root - INFO - Data transformation complete
[ 2026-05-27 22:13:12,362] 49 root - INFO - Started Regular Expression mapping
[ 2026-05-27 22:13:12,363] 25 root - INFO - Match heuristic business names to paybill payments
[ 2026-05-27 22:13:12,363] 174 root - INFO - Data transformation complete
[ 2026-05-27 22:13:12,363] 49 root - INFO - Started Regular Expression mapping
[ 2026-05-27 22:13:12,363] 25 root - INFO - Match heuristic business names to paybill payments
[ 2026-05-27 22:13:12,363] 174 root - INFO - Data transformation complete
[ 2026-05-27 22:13:12,363] 49 root - INFO - Started Regular Expression mapping
[ 2026-05-27 22:13:12,364] 174 root - INFO - Data transformation complete
[ 2026-05-27 22:13:12,364] 49 root - INFO - Started Regular Expression mapping
[ 2026-05-27 22:13:12,364] 174 root - INFO - Data transformation complete
[ 2026-05-27 22:13:12,364] 49 root - INFO - Started Regular Expression mapping
[ 2026-05-27 22:13:12,364] 174 root - INFO - Data transformation complete
[ 2026-05-27 22:13:12,364] 49 root - INFO - Started Regular Expression mapping
[ 2026-05-27 22:13:12,365] 174 root - INFO - Data transformation complete
[ 2026-05-27 22:13:12,365] 49 root - INFO - Started Regular Expression mapping
[ 2026-05-27 22:13:12,365] 174 root - INFO - Data transformation complete
[ 2026-05-27 22:13:12,365] 49 root - INFO - Started Regular Expression mapping
[ 2026-05-27 22:13:12,365] 174 root - INFO - Data transformation complete
[ 2026-05-27 22:13:12,365] 49 root - INFO - Started Regular Expression mapping
[ 2026-05-27 22:13:12,366] 174 root - INFO - Data transformation complete
[ 2026-05-27 22:13:12,366] 49 root - INFO - Started Regular Expression mapping
[ 2026-05-27 22:13:12,366] 174 root - INFO - Data transformation complete
[ 2026-05-27 22:13:12,366] 49 root - INFO - Started Regular Expression mapping
[ 2026-05-27 22:13:12,366] 174 root - INFO - Data transformation complete
[ 2026-05-27 22:13:12,366] 49 root - INFO - Started Regular Expression mapping
[ 2026-05-27 22:13:12,366] 174 root - INFO - Data transformation complete
[ 2026-05-27 22:13:12,367] 49 root - INFO - Started Regular Expression mapping
[ 2026-05-27 22:13:12,367] 174 root - INFO - Data transformation complete
[ 2026-05-27 22:13:12,367] 49 root - INFO - Started Regular Expression mapping
[ 2026-05-27 22:13:12,367] 25 root - INFO - Match heuristic business names to paybill payments
[ 2026-05-27 22:13:12,367] 174 root - INFO - Data transformation complete
[ 2026-05-27 22:13:12,367] 49 root - INFO - Started Regular Expression mapping
[ 2026-05-27 22:13:12,368] 174 root - INFO - Data transformation complete
[ 2026-05-27 22:13:12,368] 49 root - INFO - Started Regular Expression mapping
[ 2026-05-27 22:13:12,368] 25 root - INFO - Match heuristic business names to paybill payments
[ 2026-05-27 22:13:12,368] 174 root - INFO - Data transformation complete
[ 2026-05-27 22:13:12,368] 49 root - INFO - Started Regular Expression mapping
[ 2026-05-27 22:13:12,368] 174 root - INFO - Data transformation complete
[ 2026-05-27 22:13:12,368] 49 root - INFO - Started Regular Expression mapping
[ 2026-05-27 22:13:12,369] 174 root - INFO - Data transformation complete
[ 2026-05-27 22:13:12,369] 49 root - INFO - Started Regular Expression mapping
[ 2026-05-27 22:13:12,369] 174 root - INFO - Data transformation complete
[ 2026-05-27 22:13:12,369] 49 root - INFO - Started Regular Expression mapping
[ 2026-05-27 22:13:12,369] 174 root - INFO - Data transformation complete
[ 2026-05-27 22:13:12,369] 49 root - INFO - Started Regular Expression mapping
[ 2026-05-27 22:13:12,370] 174 root - INFO - Data transformation complete
[ 2026-05-27 22:13:12,370] 49 root - INFO - Started Regular Expression mapping
[ 2026-05-27 22:13:12,370] 174 root - INFO - Data transformation complete
[ 2026-05-27 22:13:12,370] 49 root - INFO - Started Regular Expression mapping
[ 2026-05-27 22:13:12,370] 174 root - INFO - Data transformation complete
[ 2026-05-27 22:13:12,370] 49 root - INFO - Started Regular Expression mapping
[ 2026-05-27 22:13:12,370] 174 root - INFO - Data transformation complete
[ 2026-05-27 22:13:12,371] 49 root - INFO - Started Regular Expression mapping
[ 2026-05-27 22:13:12,371] 174 root - INFO - Data transformation complete
[ 2026-05-27 22:13:12,371] 49 root - INFO - Started Regular Expression mapping
[ 2026-05-27 22:13:12,371] 174 root - INFO - Data transformation complete
[ 2026-05-27 22:13:12,371] 49 root - INFO - Started Regular Expression mapping
[ 2026-05-27 22:13:12,371] 174 root - INFO - Data transformation complete
[ 2026-05-27 22:13:12,371] 49 root - INFO - Started Regular Expression mapping
[ 2026-05-27 22:13:12,372] 174 root - INFO - Data transformation complete
[ 2026-05-27 22:13:12,372] 49 root - INFO - Started Regular Expression mapping
[ 2026-05-27 22:13:12,372] 174 root - INFO - Data transformation complete
[ 2026-05-27 22:13:12,372] 49 root - INFO - Started Regular Expression mapping
[ 2026-05-27 22:13:12,372] 174 root - INFO - Data transformation complete
[ 2026-05-27 22:13:12,372] 49 root - INFO - Started Regular Expression mapping
[ 2026-05-27 22:13:12,373] 174 root - INFO - Data transformation complete
[ 2026-05-27 22:13:12,373] 49 root - INFO - Started Regular Expression mapping
[ 2026-05-27 22:13:12,373] 174 root - INFO - Data transformation complete
[ 2026-05-27 22:13:12,373] 49 root - INFO - Started Regular Expression mapping
[ 2026-05-27 22:13:12,373] 174 root - INFO - Data transformation complete
[ 2026-05-27 22:13:12,373] 49 root - INFO - Started Regular Expression mapping
[ 2026-05-27 22:13:12,373] 174 root - INFO - Data transformation complete
[ 2026-05-27 22:13:12,374] 49 root - INFO - Started Regular Expression mapping
[ 2026-05-27 22:13:12,374] 174 root - INFO - Data transformation complete
[ 2026-05-27 22:13:12,374] 49 root - INFO - Started Regular Expression mapping
[ 2026-05-27 22:13:12,374] 174 root - INFO - Data transformation complete
[ 2026-05-27 22:13:12,374] 49 root - INFO - Started Regular Expression mapping
[ 2026-05-27 22:13:12,374] 174 root - INFO - Data transformation complete
[ 2026-05-27 22:13:12,375] 49 root - INFO - Started Regular Expression mapping
[ 2026-05-27 22:13:12,375] 174 root - INFO - Data transformation complete
[ 2026-05-27 22:13:12,375] 49 root - INFO - Started Regular Expression mapping
[ 2026-05-27 22:13:12,375] 174 root - INFO - Data transformation complete
[ 2026-05-27 22:13:12,375] 49 root - INFO - Started Regular Expression mapping
[ 2026-05-27 22:13:12,375] 174 root - INFO - Data transformation complete
[ 2026-05-27 22:13:12,375] 49 root - INFO - Started Regular Expression mapping
[ 2026-05-27 22:13:12,376] 174 root - INFO - Data transformation complete
[ 2026-05-27 22:13:12,376] 49 root - INFO - Started Regular Expression mapping
[ 2026-05-27 22:13:12,376] 174 root - INFO - Data transformation complete
[ 2026-05-27 22:13:12,376] 49 root - INFO - Started Regular Expression mapping
[ 2026-05-27 22:13:12,376] 174 root - INFO - Data transformation complete
[ 2026-05-27 22:13:12,377] 49 root - INFO - Started Regular Expression mapping
[ 2026-05-27 22:13:12,377] 174 root - INFO - Data transformation complete
[ 2026-05-27 22:13:12,377] 49 root - INFO - Started Regular Expression mapping
[ 2026-05-27 22:13:12,377] 174 root - INFO - Data transformation complete
[ 2026-05-27 22:13:12,377] 49 root - INFO - Started Regular Expression mapping
[ 2026-05-27 22:13:12,377] 174 root - INFO - Data transformation complete
[ 2026-05-27 22:13:12,378] 49 root - INFO - Started Regular Expression mapping
[ 2026-05-27 22:13:12,378] 174 root - INFO - Data transformation complete
[ 2026-05-27 22:13:12,378] 49 root - INFO - Started Regular Expression mapping
[ 2026-05-27 22:13:12,378] 174 root - INFO - Data transformation complete
[ 2026-05-27 22:13:12,378] 49 root - INFO - Started Regular Expression mapping
[ 2026-05-27 22:13:12,379] 174 root - INFO - Data transformation complete
[ 2026-05-27 22:13:12,379] 49 root - INFO - Started Regular Expression mapping
[ 2026-05-27 22:13:12,379] 174 root - INFO - Data transformation complete
[ 2026-05-27 22:13:12,379] 49 root - INFO - Started Regular Expression mapping
[ 2026-05-27 22:13:12,379] 174 root - INFO - Data transformation complete
[ 2026-05-27 22:13:12,379] 49 root - INFO - Started Regular Expression mapping
[ 2026-05-27 22:13:12,379] 174 root - INFO - Data transformation complete
[ 2026-05-27 22:13:12,380] 49 root - INFO - Started Regular Expression mapping
[ 2026-05-27 22:13:12,380] 174 root - INFO - Data transformation complete
[ 2026-05-27 22:13:12,380] 49 root - INFO - Started Regular Expression mapping
[ 2026-05-27 22:13:12,380] 174 root - INFO - Data transformation complete
[ 2026-05-27 22:13:12,380] 49 root - INFO - Started Regular Expression mapping
[ 2026-05-27 22:13:12,380] 174 root - INFO - Data transformation complete
[ 2026-05-27 22:13:12,380] 49 root - INFO - Started Regular Expression mapping
[ 2026-05-27 22:13:12,381] 174 root - INFO - Data transformation complete
[ 2026-05-27 22:13:12,381] 49 root - INFO - Started Regular Expression mapping
[ 2026-05-27 22:13:12,381] 174 root - INFO - Data transformation complete
[ 2026-05-27 22:13:12,381] 49 root - INFO - Started Regular Expression mapping
[ 2026-05-27 22:13:12,381] 174 root - INFO - Data transformation complete
[ 2026-05-27 22:13:12,381] 49 root - INFO - Started Regular Expression mapping
[ 2026-05-27 22:13:12,382] 174 root - INFO - Data transformation complete
[ 2026-05-27 22:13:12,382] 49 root - INFO - Started Regular Expression mapping
[ 2026-05-27 22:13:12,382] 174 root - INFO - Data transformation complete
[ 2026-05-27 22:13:12,382] 49 root - INFO - Started Regular Expression mapping
[ 2026-05-27 22:13:12,382] 174 root - INFO - Data transformation complete
[ 2026-05-27 22:13:12,382] 49 root - INFO - Started Regular Expression mapping
[ 2026-05-27 22:13:12,382] 174 root - INFO - Data transformation complete
[ 2026-05-27 22:13:12,383] 49 root - INFO - Started Regular Expression mapping
[ 2026-05-27 22:13:12,383] 174 root - INFO - Data transformation complete
[ 2026-05-27 22:13:12,383] 49 root - INFO - Started Regular Expression mapping
[ 2026-05-27 22:13:12,383] 25 root - INFO - Match heuristic business names to paybill payments
[ 2026-05-27 22:13:12,383] 174 root - INFO - Data transformation complete
[ 2026-05-27 22:13:12,383] 49 root - INFO - Started Regular Expression mapping
[ 2026-05-27 22:13:12,383] 174 root - INFO - Data transformation complete
[ 2026-05-27 22:13:12,384] 49 root - INFO - Started Regular Expression mapping
[ 2026-05-27 22:13:12,384] 174 root - INFO - Data transformation complete
[ 2026-05-27 22:13:12,384] 49 root - INFO - Started Regular Expression mapping
[ 2026-05-27 22:13:12,384] 174 root - INFO - Data transformation complete
[ 2026-05-27 22:13:12,384] 49 root - INFO - Started Regular Expression mapping
[ 2026-05-27 22:13:12,384] 174 root - INFO - Data transformation complete
[ 2026-05-27 22:13:12,385] 49 root - INFO - Started Regular Expression mapping
[ 2026-05-27 22:13:12,385] 174 root - INFO - Data transformation complete
[ 2026-05-27 22:13:12,385] 49 root - INFO - Started Regular Expression mapping
[ 2026-05-27 22:13:12,385] 174 root - INFO - Data transformation complete
[ 2026-05-27 22:13:12,385] 49 root - INFO - Started Regular Expression mapping
[ 2026-05-27 22:13:12,385] 25 root - INFO - Match heuristic business names to paybill payments
[ 2026-05-27 22:13:12,386] 174 root - INFO - Data transformation complete
[ 2026-05-27 22:13:12,386] 49 root - INFO - Started Regular Expression mapping
[ 2026-05-27 22:13:12,386] 174 root - INFO - Data transformation complete
[ 2026-05-27 22:13:12,386] 49 root - INFO - Started Regular Expression mapping
[ 2026-05-27 22:13:12,387] 174 root - INFO - Data transformation complete
[ 2026-05-27 22:13:12,387] 49 root - INFO - Started Regular Expression mapping
[ 2026-05-27 22:13:12,387] 174 root - INFO - Data transformation complete
[ 2026-05-27 22:13:12,387] 49 root - INFO - Started Regular Expression mapping
[ 2026-05-27 22:13:12,387] 174 root - INFO - Data transformation complete
[ 2026-05-27 22:13:12,387] 49 root - INFO - Started Regular Expression mapping
[ 2026-05-27 22:13:12,388] 174 root - INFO - Data transformation complete
[ 2026-05-27 22:13:12,388] 49 root - INFO - Started Regular Expression mapping
[ 2026-05-27 22:13:12,388] 174 root - INFO - Data transformation complete
[ 2026-05-27 22:13:12,388] 49 root - INFO - Started Regular Expression mapping
[ 2026-05-27 22:13:12,388] 174 root - INFO - Data transformation complete
[ 2026-05-27 22:13:12,388] 49 root - INFO - Started Regular Expression mapping
[ 2026-05-27 22:13:12,389] 174 root - INFO - Data transformation complete
[ 2026-05-27 22:13:12,389] 49 root - INFO - Started Regular Expression mapping
[ 2026-05-27 22:13:12,389] 174 root - INFO - Data transformation complete
[ 2026-05-27 22:13:12,389] 49 root - INFO - Started Regular Expression mapping
[ 2026-05-27 22:13:12,389] 174 root - INFO - Data transformation complete
[ 2026-05-27 22:13:12,389] 49 root - INFO - Started Regular Expression mapping
[ 2026-05-27 22:13:12,390] 174 root - INFO - Data transformation complete
[ 2026-05-27 22:13:12,390] 49 root - INFO - Started Regular Expression mapping
[ 2026-05-27 22:13:12,390] 174 root - INFO - Data transformation complete
[ 2026-05-27 22:13:12,390] 49 root - INFO - Started Regular Expression mapping
[ 2026-05-27 22:13:12,390] 174 root - INFO - Data transformation complete
[ 2026-05-27 22:13:12,390] 49 root - INFO - Started Regular Expression mapping
[ 2026-05-27 22:13:12,391] 174 root - INFO - Data transformation complete
[ 2026-05-27 22:13:12,391] 49 root - INFO - Started Regular Expression mapping
[ 2026-05-27 22:13:12,391] 174 root - INFO - Data transformation complete
[ 2026-05-27 22:13:12,391] 49 root - INFO - Started Regular Expression mapping
[ 2026-05-27 22:13:12,391] 174 root - INFO - Data transformation complete
[ 2026-05-27 22:13:12,391] 49 root - INFO - Started Regular Expression mapping
[ 2026-05-27 22:13:12,391] 174 root - INFO - Data transformation complete
[ 2026-05-27 22:13:12,392] 49 root - INFO - Started Regular Expression mapping
[ 2026-05-27 22:13:12,392] 174 root - INFO - Data transformation complete
[ 2026-05-27 22:13:12,392] 49 root - INFO - Started Regular Expression mapping
[ 2026-05-27 22:13:12,392] 174 root - INFO - Data transformation complete
[ 2026-05-27 22:13:12,392] 49 root - INFO - Started Regular Expression mapping
[ 2026-05-27 22:13:12,393] 25 root - INFO - Match heuristic business names to paybill payments
[ 2026-05-27 22:13:12,393] 174 root - INFO - Data transformation complete
[ 2026-05-27 22:13:12,393] 49 root - INFO - Started Regular Expression mapping
[ 2026-05-27 22:13:12,393] 174 root - INFO - Data transformation complete
[ 2026-05-27 22:13:12,393] 49 root - INFO - Started Regular Expression mapping
[ 2026-05-27 22:13:12,393] 25 root - INFO - Match heuristic business names to paybill payments
[ 2026-05-27 22:13:12,394] 174 root - INFO - Data transformation complete
[ 2026-05-27 22:13:12,394] 49 root - INFO - Started Regular Expression mapping
[ 2026-05-27 22:13:12,394] 174 root - INFO - Data transformation complete
[ 2026-05-27 22:13:12,394] 49 root - INFO - Started Regular Expression mapping
[ 2026-05-27 22:13:12,394] 174 root - INFO - Data transformation complete
[ 2026-05-27 22:13:12,394] 49 root - INFO - Started Regular Expression mapping
[ 2026-05-27 22:13:12,395] 174 root - INFO - Data transformation complete
[ 2026-05-27 22:13:12,395] 49 root - INFO - Started Regular Expression mapping
[ 2026-05-27 22:13:12,395] 174 root - INFO - Data transformation complete
[ 2026-05-27 22:13:12,395] 49 root - INFO - Started Regular Expression mapping
[ 2026-05-27 22:13:12,395] 174 root - INFO - Data transformation complete
[ 2026-05-27 22:13:12,395] 49 root - INFO - Started Regular Expression mapping
[ 2026-05-27 22:13:12,396] 25 root - INFO - Match heuristic business names to paybill payments
[ 2026-05-27 22:13:12,396] 174 root - INFO - Data transformation complete
[ 2026-05-27 22:13:12,396] 49 root - INFO - Started Regular Expression mapping
[ 2026-05-27 22:13:12,396] 174 root - INFO - Data transformation complete
[ 2026-05-27 22:13:12,396] 49 root - INFO - Started Regular Expression mapping
[ 2026-05-27 22:13:12,396] 174 root - INFO - Data transformation complete
[ 2026-05-27 22:13:12,396] 49 root - INFO - Started Regular Expression mapping
[ 2026-05-27 22:13:12,397] 174 root - INFO - Data transformation complete
[ 2026-05-27 22:13:12,397] 49 root - INFO - Started Regular Expression mapping
[ 2026-05-27 22:13:12,397] 174 root - INFO - Data transformation complete
[ 2026-05-27 22:13:12,397] 49 root - INFO - Started Regular Expression mapping
[ 2026-05-27 22:13:12,397] 25 root - INFO - Match heuristic business names to paybill payments
[ 2026-05-27 22:13:12,397] 174 root - INFO - Data transformation complete
[ 2026-05-27 22:13:12,397] 49 root - INFO - Started Regular Expression mapping
[ 2026-05-27 22:13:12,398] 174 root - INFO - Data transformation complete
[ 2026-05-27 22:13:12,398] 49 root - INFO - Started Regular Expression mapping
[ 2026-05-27 22:13:12,398] 174 root - INFO - Data transformation complete
[ 2026-05-27 22:13:12,398] 49 root - INFO - Started Regular Expression mapping
[ 2026-05-27 22:13:12,398] 174 root - INFO - Data transformation complete
[ 2026-05-27 22:13:12,398] 49 root - INFO - Started Regular Expression mapping
[ 2026-05-27 22:13:12,399] 174 root - INFO - Data transformation complete
[ 2026-05-27 22:13:12,399] 49 root - INFO - Started Regular Expression mapping
[ 2026-05-27 22:13:12,399] 174 root - INFO - Data transformation complete
[ 2026-05-27 22:13:12,399] 49 root - INFO - Started Regular Expression mapping
[ 2026-05-27 22:13:12,399] 25 root - INFO - Match heuristic business names to paybill payments
[ 2026-05-27 22:13:12,399] 174 root - INFO - Data transformation complete
[ 2026-05-27 22:13:12,399] 49 root - INFO - Started Regular Expression mapping
[ 2026-05-27 22:13:12,400] 174 root - INFO - Data transformation complete
[ 2026-05-27 22:13:12,400] 49 root - INFO - Started Regular Expression mapping
[ 2026-05-27 22:13:12,400] 174 root - INFO - Data transformation complete
[ 2026-05-27 22:13:12,400] 49 root - INFO - Started Regular Expression mapping
[ 2026-05-27 22:13:12,400] 174 root - INFO - Data transformation complete
[ 2026-05-27 22:13:12,400] 49 root - INFO - Started Regular Expression mapping
[ 2026-05-27 22:13:12,401] 174 root - INFO - Data transformation complete
[ 2026-05-27 22:13:12,401] 49 root - INFO - Started Regular Expression mapping
[ 2026-05-27 22:13:12,401] 174 root - INFO - Data transformation complete
[ 2026-05-27 22:13:12,401] 49 root - INFO - Started Regular Expression mapping
[ 2026-05-27 22:13:12,401] 174 root - INFO - Data transformation complete
[ 2026-05-27 22:13:12,401] 49 root - INFO - Started Regular Expression mapping
[ 2026-05-27 22:13:12,401] 174 root - INFO - Data transformation complete
[ 2026-05-27 22:13:12,402] 49 root - INFO - Started Regular Expression mapping
[ 2026-05-27 22:13:12,402] 174 root - INFO - Data transformation complete
[ 2026-05-27 22:13:12,402] 49 root - INFO - Started Regular Expression mapping
[ 2026-05-27 22:13:12,402] 174 root - INFO - Data transformation complete
[ 2026-05-27 22:13:12,402] 49 root - INFO - Started Regular Expression mapping
[ 2026-05-27 22:13:12,402] 174 root - INFO - Data transformation complete
[ 2026-05-27 22:13:12,402] 49 root - INFO - Started Regular Expression mapping
[ 2026-05-27 22:13:12,403] 25 root - INFO - Match heuristic business names to paybill payments
[ 2026-05-27 22:13:12,403] 174 root - INFO - Data transformation complete
[ 2026-05-27 22:13:12,403] 49 root - INFO - Started Regular Expression mapping
[ 2026-05-27 22:13:12,403] 174 root - INFO - Data transformation complete
[ 2026-05-27 22:13:12,403] 49 root - INFO - Started Regular Expression mapping
[ 2026-05-27 22:13:12,403] 174 root - INFO - Data transformation complete
[ 2026-05-27 22:13:12,404] 49 root - INFO - Started Regular Expression mapping
[ 2026-05-27 22:13:12,404] 174 root - INFO - Data transformation complete
[ 2026-05-27 22:13:12,404] 49 root - INFO - Started Regular Expression mapping
[ 2026-05-27 22:13:12,404] 174 root - INFO - Data transformation complete
[ 2026-05-27 22:13:12,404] 49 root - INFO - Started Regular Expression mapping
[ 2026-05-27 22:13:12,404] 174 root - INFO - Data transformation complete
[ 2026-05-27 22:13:12,404] 49 root - INFO - Started Regular Expression mapping
[ 2026-05-27 22:13:12,405] 174 root - INFO - Data transformation complete
[ 2026-05-27 22:13:12,405] 49 root - INFO - Started Regular Expression mapping
[ 2026-05-27 22:13:12,405] 25 root - INFO - Match heuristic business names to paybill payments
[ 2026-05-27 22:13:12,405] 174 root - INFO - Data transformation complete
[ 2026-05-27 22:13:12,405] 49 root - INFO - Started Regular Expression mapping
[ 2026-05-27 22:13:12,405] 174 root - INFO - Data transformation complete
[ 2026-05-27 22:13:12,405] 49 root - INFO - Started Regular Expression mapping
[ 2026-05-27 22:13:12,406] 174 root - INFO - Data transformation complete
[ 2026-05-27 22:13:12,406] 49 root - INFO - Started Regular Expression mapping
[ 2026-05-27 22:13:12,406] 174 root - INFO - Data transformation complete
[ 2026-05-27 22:13:12,406] 49 root - INFO - Started Regular Expression mapping
[ 2026-05-27 22:13:12,406] 174 root - INFO - Data transformation complete
[ 2026-05-27 22:13:12,406] 49 root - INFO - Started Regular Expression mapping
[ 2026-05-27 22:13:12,407] 174 root - INFO - Data transformation complete
[ 2026-05-27 22:13:12,407] 49 root - INFO - Started Regular Expression mapping
[ 2026-05-27 22:13:12,407] 174 root - INFO - Data transformation complete
[ 2026-05-27 22:13:12,407] 49 root - INFO - Started Regular Expression mapping
[ 2026-05-27 22:13:12,407] 174 root - INFO - Data transformation complete
[ 2026-05-27 22:13:12,407] 49 root - INFO - Started Regular Expression mapping
[ 2026-05-27 22:13:12,407] 174 root - INFO - Data transformation complete
[ 2026-05-27 22:13:12,408] 49 root - INFO - Started Regular Expression mapping
[ 2026-05-27 22:13:12,408] 174 root - INFO - Data transformation complete
[ 2026-05-27 22:13:12,408] 49 root - INFO - Started Regular Expression mapping
[ 2026-05-27 22:13:12,408] 174 root - INFO - Data transformation complete
[ 2026-05-27 22:13:12,408] 49 root - INFO - Started Regular Expression mapping
[ 2026-05-27 22:13:12,408] 174 root - INFO - Data transformation complete
[ 2026-05-27 22:13:12,408] 49 root - INFO - Started Regular Expression mapping
[ 2026-05-27 22:13:12,409] 25 root - INFO - Match heuristic business names to paybill payments
[ 2026-05-27 22:13:12,409] 174 root - INFO - Data transformation complete
[ 2026-05-27 22:13:12,409] 49 root - INFO - Started Regular Expression mapping
[ 2026-05-27 22:13:12,409] 174 root - INFO - Data transformation complete
[ 2026-05-27 22:13:12,410] 49 root - INFO - Started Regular Expression mapping
[ 2026-05-27 22:13:12,410] 174 root - INFO - Data transformation complete
[ 2026-05-27 22:13:12,410] 49 root - INFO - Started Regular Expression mapping
[ 2026-05-27 22:13:12,410] 174 root - INFO - Data transformation complete
[ 2026-05-27 22:13:12,410] 49 root - INFO - Started Regular Expression mapping
[ 2026-05-27 22:13:12,411] 174 root - INFO - Data transformation complete
[ 2026-05-27 22:13:12,411] 49 root - INFO - Started Regular Expression mapping
[ 2026-05-27 22:13:12,411] 174 root - INFO - Data transformation complete
[ 2026-05-27 22:13:12,411] 49 root - INFO - Started Regular Expression mapping
[ 2026-05-27 22:13:12,411] 174 root - INFO - Data transformation complete
[ 2026-05-27 22:13:12,411] 49 root - INFO - Started Regular Expression mapping
[ 2026-05-27 22:13:12,412] 174 root - INFO - Data transformation complete
[ 2026-05-27 22:13:12,412] 49 root - INFO - Started Regular Expression mapping
[ 2026-05-27 22:13:12,412] 174 root - INFO - Data transformation complete
[ 2026-05-27 22:13:12,412] 49 root - INFO - Started Regular Expression mapping
[ 2026-05-27 22:13:12,412] 174 root - INFO - Data transformation complete
[ 2026-05-27 22:13:12,412] 49 root - INFO - Started Regular Expression mapping
[ 2026-05-27 22:13:12,412] 174 root - INFO - Data transformation complete
[ 2026-05-27 22:13:12,413] 49 root - INFO - Started Regular Expression mapping
[ 2026-05-27 22:13:12,413] 174 root - INFO - Data transformation complete
[ 2026-05-27 22:13:12,413] 49 root - INFO - Started Regular Expression mapping
[ 2026-05-27 22:13:12,413] 174 root - INFO - Data transformation complete
[ 2026-05-27 22:13:12,413] 49 root - INFO - Started Regular Expression mapping
[ 2026-05-27 22:13:12,413] 174 root - INFO - Data transformation complete
[ 2026-05-27 22:13:12,414] 49 root - INFO - Started Regular Expression mapping
[ 2026-05-27 22:13:12,414] 174 root - INFO - Data transformation complete
[ 2026-05-27 22:13:12,414] 49 root - INFO - Started Regular Expression mapping
[ 2026-05-27 22:13:12,414] 174 root - INFO - Data transformation complete
[ 2026-05-27 22:13:12,414] 49 root - INFO - Started Regular Expression mapping
[ 2026-05-27 22:13:12,414] 174 root - INFO - Data transformation complete
[ 2026-05-27 22:13:12,414] 49 root - INFO - Started Regular Expression mapping
[ 2026-05-27 22:13:12,415] 174 root - INFO - Data transformation complete
[ 2026-05-27 22:13:12,415] 49 root - INFO - Started Regular Expression mapping
[ 2026-05-27 22:13:12,415] 174 root - INFO - Data transformation complete
[ 2026-05-27 22:13:12,415] 49 root - INFO - Started Regular Expression mapping
[ 2026-05-27 22:13:12,415] 174 root - INFO - Data transformation complete
[ 2026-05-27 22:13:12,415] 49 root - INFO - Started Regular Expression mapping
[ 2026-05-27 22:13:12,415] 174 root - INFO - Data transformation complete
[ 2026-05-27 22:13:12,416] 49 root - INFO - Started Regular Expression mapping
[ 2026-05-27 22:13:12,416] 174 root - INFO - Data transformation complete
[ 2026-05-27 22:13:12,416] 49 root - INFO - Started Regular Expression mapping
[ 2026-05-27 22:13:12,416] 174 root - INFO - Data transformation complete
[ 2026-05-27 22:13:12,416] 49 root - INFO - Started Regular Expression mapping
[ 2026-05-27 22:13:12,416] 174 root - INFO - Data transformation complete
[ 2026-05-27 22:13:12,417] 49 root - INFO - Started Regular Expression mapping
[ 2026-05-27 22:13:12,417] 174 root - INFO - Data transformation complete
[ 2026-05-27 22:13:12,417] 49 root - INFO - Started Regular Expression mapping
[ 2026-05-27 22:13:12,417] 174 root - INFO - Data transformation complete
[ 2026-05-27 22:13:12,417] 49 root - INFO - Started Regular Expression mapping
[ 2026-05-27 22:13:12,417] 174 root - INFO - Data transformation complete
[ 2026-05-27 22:13:12,417] 49 root - INFO - Started Regular Expression mapping
[ 2026-05-27 22:13:12,418] 174 root - INFO - Data transformation complete
[ 2026-05-27 22:13:12,418] 49 root - INFO - Started Regular Expression mapping
[ 2026-05-27 22:13:12,418] 174 root - INFO - Data transformation complete
[ 2026-05-27 22:13:12,418] 49 root - INFO - Started Regular Expression mapping
[ 2026-05-27 22:13:12,418] 174 root - INFO - Data transformation complete
[ 2026-05-27 22:13:12,418] 49 root - INFO - Started Regular Expression mapping
[ 2026-05-27 22:13:12,419] 174 root - INFO - Data transformation complete
[ 2026-05-27 22:13:12,419] 49 root - INFO - Started Regular Expression mapping
[ 2026-05-27 22:13:12,419] 174 root - INFO - Data transformation complete
[ 2026-05-27 22:13:12,419] 49 root - INFO - Started Regular Expression mapping
[ 2026-05-27 22:13:12,419] 174 root - INFO - Data transformation complete
[ 2026-05-27 22:13:12,419] 49 root - INFO - Started Regular Expression mapping
[ 2026-05-27 22:13:12,419] 174 root - INFO - Data transformation complete
[ 2026-05-27 22:13:12,420] 49 root - INFO - Started Regular Expression mapping
[ 2026-05-27 22:13:12,420] 174 root - INFO - Data transformation complete
[ 2026-05-27 22:13:12,420] 49 root - INFO - Started Regular Expression mapping
[ 2026-05-27 22:13:12,420] 174 root - INFO - Data transformation complete
[ 2026-05-27 22:13:12,420] 49 root - INFO - Started Regular Expression mapping
[ 2026-05-27 22:13:12,420] 174 root - INFO - Data transformation complete
[ 2026-05-27 22:13:12,421] 49 root - INFO - Started Regular Expression mapping
[ 2026-05-27 22:13:12,421] 174 root - INFO - Data transformation complete
[ 2026-05-27 22:13:12,421] 49 root - INFO - Started Regular Expression mapping
[ 2026-05-27 22:13:12,421] 174 root - INFO - Data transformation complete
[ 2026-05-27 22:13:12,421] 49 root - INFO - Started Regular Expression mapping
[ 2026-05-27 22:13:12,421] 174 root - INFO - Data transformation complete
[ 2026-05-27 22:13:12,421] 49 root - INFO - Started Regular Expression mapping
[ 2026-05-27 22:13:12,422] 174 root - INFO - Data transformation complete
[ 2026-05-27 22:13:12,422] 49 root - INFO - Started Regular Expression mapping
[ 2026-05-27 22:13:12,422] 25 root - INFO - Match heuristic business names to paybill payments
[ 2026-05-27 22:13:12,422] 174 root - INFO - Data transformation complete
[ 2026-05-27 22:13:12,422] 49 root - INFO - Started Regular Expression mapping
[ 2026-05-27 22:13:12,422] 174 root - INFO - Data transformation complete
[ 2026-05-27 22:13:12,423] 49 root - INFO - Started Regular Expression mapping
[ 2026-05-27 22:13:12,423] 25 root - INFO - Match heuristic business names to paybill payments
[ 2026-05-27 22:13:12,423] 174 root - INFO - Data transformation complete
[ 2026-05-27 22:13:12,423] 49 root - INFO - Started Regular Expression mapping
[ 2026-05-27 22:13:12,423] 174 root - INFO - Data transformation complete
[ 2026-05-27 22:13:12,423] 49 root - INFO - Started Regular Expression mapping
[ 2026-05-27 22:13:12,423] 174 root - INFO - Data transformation complete
[ 2026-05-27 22:13:12,424] 49 root - INFO - Started Regular Expression mapping
[ 2026-05-27 22:13:12,424] 174 root - INFO - Data transformation complete
[ 2026-05-27 22:13:12,424] 49 root - INFO - Started Regular Expression mapping
[ 2026-05-27 22:13:12,424] 25 root - INFO - Match heuristic business names to paybill payments
[ 2026-05-27 22:13:12,424] 174 root - INFO - Data transformation complete
[ 2026-05-27 22:13:12,424] 49 root - INFO - Started Regular Expression mapping
[ 2026-05-27 22:13:12,425] 25 root - INFO - Match heuristic business names to paybill payments
[ 2026-05-27 22:13:12,425] 174 root - INFO - Data transformation complete
[ 2026-05-27 22:13:12,425] 49 root - INFO - Started Regular Expression mapping
[ 2026-05-27 22:13:12,425] 174 root - INFO - Data transformation complete
[ 2026-05-27 22:13:12,425] 49 root - INFO - Started Regular Expression mapping
[ 2026-05-27 22:13:12,425] 174 root - INFO - Data transformation complete
[ 2026-05-27 22:13:12,425] 49 root - INFO - Started Regular Expression mapping
[ 2026-05-27 22:13:12,426] 174 root - INFO - Data transformation complete
[ 2026-05-27 22:13:12,426] 49 root - INFO - Started Regular Expression mapping
[ 2026-05-27 22:13:12,426] 174 root - INFO - Data transformation complete
[ 2026-05-27 22:13:12,426] 49 root - INFO - Started Regular Expression mapping
[ 2026-05-27 22:13:12,427] 174 root - INFO - Data transformation complete
[ 2026-05-27 22:13:12,427] 49 root - INFO - Started Regular Expression mapping
[ 2026-05-27 22:13:12,427] 174 root - INFO - Data transformation complete
[ 2026-05-27 22:13:12,427] 49 root - INFO - Started Regular Expression mapping
[ 2026-05-27 22:13:12,427] 174 root - INFO - Data transformation complete
[ 2026-05-27 22:13:12,428] 49 root - INFO - Started Regular Expression mapping
[ 2026-05-27 22:13:12,428] 174 root - INFO - Data transformation complete
[ 2026-05-27 22:13:12,428] 49 root - INFO - Started Regular Expression mapping
[ 2026-05-27 22:13:12,428] 174 root - INFO - Data transformation complete
[ 2026-05-27 22:13:12,428] 49 root - INFO - Started Regular Expression mapping
[ 2026-05-27 22:13:12,429] 174 root - INFO - Data transformation complete
[ 2026-05-27 22:13:12,429] 49 root - INFO - Started Regular Expression mapping
[ 2026-05-27 22:13:12,429] 174 root - INFO - Data transformation complete
[ 2026-05-27 22:13:12,429] 49 root - INFO - Started Regular Expression mapping
[ 2026-05-27 22:13:12,429] 174 root - INFO - Data transformation complete
[ 2026-05-27 22:13:12,429] 49 root - INFO - Started Regular Expression mapping
[ 2026-05-27 22:13:12,430] 174 root - INFO - Data transformation complete
[ 2026-05-27 22:13:12,430] 49 root - INFO - Started Regular Expression mapping
[ 2026-05-27 22:13:12,430] 174 root - INFO - Data transformation complete
[ 2026-05-27 22:13:12,430] 49 root - INFO - Started Regular Expression mapping
[ 2026-05-27 22:13:12,430] 174 root - INFO - Data transformation complete
[ 2026-05-27 22:13:12,430] 49 root - INFO - Started Regular Expression mapping
[ 2026-05-27 22:13:12,430] 174 root - INFO - Data transformation complete
[ 2026-05-27 22:13:12,431] 49 root - INFO - Started Regular Expression mapping
[ 2026-05-27 22:13:12,431] 174 root - INFO - Data transformation complete
[ 2026-05-27 22:13:12,431] 49 root - INFO - Started Regular Expression mapping
[ 2026-05-27 22:13:12,431] 174 root - INFO - Data transformation complete
[ 2026-05-27 22:13:12,431] 49 root - INFO - Started Regular Expression mapping
[ 2026-05-27 22:13:12,431] 174 root - INFO - Data transformation complete
[ 2026-05-27 22:13:12,431] 49 root - INFO - Started Regular Expression mapping
[ 2026-05-27 22:13:12,432] 25 root - INFO - Match heuristic business names to paybill payments
[ 2026-05-27 22:13:12,432] 174 root - INFO - Data transformation complete
[ 2026-05-27 22:13:12,432] 49 root - INFO - Started Regular Expression mapping
[ 2026-05-27 22:13:12,432] 25 root - INFO - Match heuristic business names to paybill payments
[ 2026-05-27 22:13:12,432] 174 root - INFO - Data transformation complete
[ 2026-05-27 22:13:12,432] 49 root - INFO - Started Regular Expression mapping
[ 2026-05-27 22:13:12,433] 174 root - INFO - Data transformation complete
[ 2026-05-27 22:13:12,433] 49 root - INFO - Started Regular Expression mapping
[ 2026-05-27 22:13:12,433] 174 root - INFO - Data transformation complete
[ 2026-05-27 22:13:12,433] 49 root - INFO - Started Regular Expression mapping
[ 2026-05-27 22:13:12,433] 174 root - INFO - Data transformation complete
[ 2026-05-27 22:13:12,433] 49 root - INFO - Started Regular Expression mapping
[ 2026-05-27 22:13:12,433] 174 root - INFO - Data transformation complete
[ 2026-05-27 22:13:12,434] 49 root - INFO - Started Regular Expression mapping
[ 2026-05-27 22:13:12,434] 174 root - INFO - Data transformation complete
[ 2026-05-27 22:13:12,434] 49 root - INFO - Started Regular Expression mapping
[ 2026-05-27 22:13:12,434] 174 root - INFO - Data transformation complete
[ 2026-05-27 22:13:12,434] 49 root - INFO - Started Regular Expression mapping
[ 2026-05-27 22:13:12,434] 174 root - INFO - Data transformation complete
[ 2026-05-27 22:13:12,435] 49 root - INFO - Started Regular Expression mapping
[ 2026-05-27 22:13:12,435] 174 root - INFO - Data transformation complete
[ 2026-05-27 22:13:12,435] 49 root - INFO - Started Regular Expression mapping
[ 2026-05-27 22:13:12,435] 174 root - INFO - Data transformation complete
[ 2026-05-27 22:13:12,435] 49 root - INFO - Started Regular Expression mapping
[ 2026-05-27 22:13:12,435] 174 root - INFO - Data transformation complete
[ 2026-05-27 22:13:12,435] 49 root - INFO - Started Regular Expression mapping
[ 2026-05-27 22:13:12,436] 174 root - INFO - Data transformation complete
[ 2026-05-27 22:13:12,436] 49 root - INFO - Started Regular Expression mapping
[ 2026-05-27 22:13:12,436] 174 root - INFO - Data transformation complete
[ 2026-05-27 22:13:12,436] 49 root - INFO - Started Regular Expression mapping
[ 2026-05-27 22:13:12,436] 174 root - INFO - Data transformation complete
[ 2026-05-27 22:13:12,436] 49 root - INFO - Started Regular Expression mapping
[ 2026-05-27 22:13:12,437] 174 root - INFO - Data transformation complete
[ 2026-05-27 22:13:12,437] 49 root - INFO - Started Regular Expression mapping
[ 2026-05-27 22:13:12,437] 174 root - INFO - Data transformation complete
[ 2026-05-27 22:13:12,437] 49 root - INFO - Started Regular Expression mapping
[ 2026-05-27 22:13:12,437] 174 root - INFO - Data transformation complete
[ 2026-05-27 22:13:12,437] 49 root - INFO - Started Regular Expression mapping
[ 2026-05-27 22:13:12,438] 174 root - INFO - Data transformation complete
[ 2026-05-27 22:13:12,438] 49 root - INFO - Started Regular Expression mapping
[ 2026-05-27 22:13:12,438] 174 root - INFO - Data transformation complete
[ 2026-05-27 22:13:12,438] 49 root - INFO - Started Regular Expression mapping
[ 2026-05-27 22:13:12,438] 174 root - INFO - Data transformation complete
[ 2026-05-27 22:13:12,438] 49 root - INFO - Started Regular Expression mapping
[ 2026-05-27 22:13:12,438] 174 root - INFO - Data transformation complete
[ 2026-05-27 22:13:12,439] 49 root - INFO - Started Regular Expression mapping
[ 2026-05-27 22:13:12,439] 174 root - INFO - Data transformation complete
[ 2026-05-27 22:13:12,439] 49 root - INFO - Started Regular Expression mapping
[ 2026-05-27 22:13:12,439] 174 root - INFO - Data transformation complete
[ 2026-05-27 22:13:12,439] 49 root - INFO - Started Regular Expression mapping
[ 2026-05-27 22:13:12,439] 174 root - INFO - Data transformation complete
[ 2026-05-27 22:13:12,440] 49 root - INFO - Started Regular Expression mapping
[ 2026-05-27 22:13:12,440] 174 root - INFO - Data transformation complete
[ 2026-05-27 22:13:12,440] 49 root - INFO - Started Regular Expression mapping
[ 2026-05-27 22:13:12,440] 174 root - INFO - Data transformation complete
[ 2026-05-27 22:13:12,440] 49 root - INFO - Started Regular Expression mapping
[ 2026-05-27 22:13:12,440] 25 root - INFO - Match heuristic business names to paybill payments
[ 2026-05-27 22:13:12,440] 174 root - INFO - Data transformation complete
[ 2026-05-27 22:13:12,441] 49 root - INFO - Started Regular Expression mapping
[ 2026-05-27 22:13:12,441] 174 root - INFO - Data transformation complete
[ 2026-05-27 22:13:12,442] 49 root - INFO - Started Regular Expression mapping
[ 2026-05-27 22:13:12,442] 25 root - INFO - Match heuristic business names to paybill payments
[ 2026-05-27 22:13:12,442] 174 root - INFO - Data transformation complete
[ 2026-05-27 22:13:12,442] 49 root - INFO - Started Regular Expression mapping
[ 2026-05-27 22:13:12,442] 174 root - INFO - Data transformation complete
[ 2026-05-27 22:13:12,443] 49 root - INFO - Started Regular Expression mapping
[ 2026-05-27 22:13:12,443] 174 root - INFO - Data transformation complete
[ 2026-05-27 22:13:12,443] 49 root - INFO - Started Regular Expression mapping
[ 2026-05-27 22:13:12,443] 174 root - INFO - Data transformation complete
[ 2026-05-27 22:13:12,443] 49 root - INFO - Started Regular Expression mapping
[ 2026-05-27 22:13:12,444] 174 root - INFO - Data transformation complete
[ 2026-05-27 22:13:12,444] 49 root - INFO - Started Regular Expression mapping
[ 2026-05-27 22:13:12,444] 174 root - INFO - Data transformation complete
[ 2026-05-27 22:13:12,444] 49 root - INFO - Started Regular Expression mapping
[ 2026-05-27 22:13:12,444] 25 root - INFO - Match heuristic business names to paybill payments
[ 2026-05-27 22:13:12,445] 174 root - INFO - Data transformation complete
[ 2026-05-27 22:13:12,445] 49 root - INFO - Started Regular Expression mapping
[ 2026-05-27 22:13:12,445] 174 root - INFO - Data transformation complete
[ 2026-05-27 22:13:12,445] 49 root - INFO - Started Regular Expression mapping
[ 2026-05-27 22:13:12,445] 174 root - INFO - Data transformation complete
[ 2026-05-27 22:13:12,445] 49 root - INFO - Started Regular Expression mapping
[ 2026-05-27 22:13:12,445] 174 root - INFO - Data transformation complete
[ 2026-05-27 22:13:12,446] 49 root - INFO - Started Regular Expression mapping
[ 2026-05-27 22:13:12,446] 174 root - INFO - Data transformation complete
[ 2026-05-27 22:13:12,446] 49 root - INFO - Started Regular Expression mapping
[ 2026-05-27 22:13:12,446] 174 root - INFO - Data transformation complete
[ 2026-05-27 22:13:12,446] 49 root - INFO - Started Regular Expression mapping
[ 2026-05-27 22:13:12,446] 174 root - INFO - Data transformation complete
[ 2026-05-27 22:13:12,447] 49 root - INFO - Started Regular Expression mapping
[ 2026-05-27 22:13:12,447] 174 root - INFO - Data transformation complete
[ 2026-05-27 22:13:12,447] 49 root - INFO - Started Regular Expression mapping
[ 2026-05-27 22:13:12,447] 174 root - INFO - Data transformation complete
[ 2026-05-27 22:13:12,447] 49 root - INFO - Started Regular Expression mapping
[ 2026-05-27 22:13:12,447] 25 root - INFO - Match heuristic business names to paybill payments
[ 2026-05-27 22:13:12,448] 174 root - INFO - Data transformation complete
[ 2026-05-27 22:13:12,448] 49 root - INFO - Started Regular Expression mapping
[ 2026-05-27 22:13:12,448] 174 root - INFO - Data transformation complete
[ 2026-05-27 22:13:12,448] 49 root - INFO - Started Regular Expression mapping
[ 2026-05-27 22:13:12,448] 174 root - INFO - Data transformation complete
[ 2026-05-27 22:13:12,448] 49 root - INFO - Started Regular Expression mapping
[ 2026-05-27 22:13:12,448] 174 root - INFO - Data transformation complete
[ 2026-05-27 22:13:12,449] 49 root - INFO - Started Regular Expression mapping
[ 2026-05-27 22:13:12,449] 174 root - INFO - Data transformation complete
[ 2026-05-27 22:13:12,449] 49 root - INFO - Started Regular Expression mapping
[ 2026-05-27 22:13:12,449] 174 root - INFO - Data transformation complete
[ 2026-05-27 22:13:12,449] 49 root - INFO - Started Regular Expression mapping
[ 2026-05-27 22:13:12,449] 174 root - INFO - Data transformation complete
[ 2026-05-27 22:13:12,449] 49 root - INFO - Started Regular Expression mapping
[ 2026-05-27 22:13:12,450] 174 root - INFO - Data transformation complete
[ 2026-05-27 22:13:12,450] 49 root - INFO - Started Regular Expression mapping
[ 2026-05-27 22:13:12,450] 174 root - INFO - Data transformation complete
[ 2026-05-27 22:13:12,450] 49 root - INFO - Started Regular Expression mapping
[ 2026-05-27 22:13:12,450] 25 root - INFO - Match heuristic business names to paybill payments
[ 2026-05-27 22:13:12,450] 174 root - INFO - Data transformation complete
[ 2026-05-27 22:13:12,451] 49 root - INFO - Started Regular Expression mapping
[ 2026-05-27 22:13:12,451] 174 root - INFO - Data transformation complete
[ 2026-05-27 22:13:12,451] 49 root - INFO - Started Regular Expression mapping
[ 2026-05-27 22:13:12,451] 174 root - INFO - Data transformation complete
[ 2026-05-27 22:13:12,451] 49 root - INFO - Started Regular Expression mapping
[ 2026-05-27 22:13:12,451] 174 root - INFO - Data transformation complete
[ 2026-05-27 22:13:12,451] 49 root - INFO - Started Regular Expression mapping
[ 2026-05-27 22:13:12,452] 174 root - INFO - Data transformation complete
[ 2026-05-27 22:13:12,452] 49 root - INFO - Started Regular Expression mapping
[ 2026-05-27 22:13:12,452] 174 root - INFO - Data transformation complete
[ 2026-05-27 22:13:12,452] 49 root - INFO - Started Regular Expression mapping
[ 2026-05-27 22:13:12,452] 174 root - INFO - Data transformation complete
[ 2026-05-27 22:13:12,452] 49 root - INFO - Started Regular Expression mapping
[ 2026-05-27 22:13:12,453] 174 root - INFO - Data transformation complete
[ 2026-05-27 22:13:12,453] 49 root - INFO - Started Regular Expression mapping
[ 2026-05-27 22:13:12,453] 174 root - INFO - Data transformation complete
[ 2026-05-27 22:13:12,453] 49 root - INFO - Started Regular Expression mapping
[ 2026-05-27 22:13:12,453] 25 root - INFO - Match heuristic business names to paybill payments
[ 2026-05-27 22:13:12,453] 174 root - INFO - Data transformation complete
[ 2026-05-27 22:13:12,453] 49 root - INFO - Started Regular Expression mapping
[ 2026-05-27 22:13:12,454] 174 root - INFO - Data transformation complete
[ 2026-05-27 22:13:12,454] 49 root - INFO - Started Regular Expression mapping
[ 2026-05-27 22:13:12,454] 174 root - INFO - Data transformation complete
[ 2026-05-27 22:13:12,454] 49 root - INFO - Started Regular Expression mapping
[ 2026-05-27 22:13:12,454] 174 root - INFO - Data transformation complete
[ 2026-05-27 22:13:12,454] 49 root - INFO - Started Regular Expression mapping
[ 2026-05-27 22:13:12,455] 174 root - INFO - Data transformation complete
[ 2026-05-27 22:13:12,455] 49 root - INFO - Started Regular Expression mapping
[ 2026-05-27 22:13:12,455] 174 root - INFO - Data transformation complete
[ 2026-05-27 22:13:12,455] 49 root - INFO - Started Regular Expression mapping
[ 2026-05-27 22:13:12,455] 174 root - INFO - Data transformation complete
[ 2026-05-27 22:13:12,455] 49 root - INFO - Started Regular Expression mapping
[ 2026-05-27 22:13:12,455] 174 root - INFO - Data transformation complete
[ 2026-05-27 22:13:12,456] 49 root - INFO - Started Regular Expression mapping
[ 2026-05-27 22:13:12,456] 174 root - INFO - Data transformation complete
[ 2026-05-27 22:13:12,456] 49 root - INFO - Started Regular Expression mapping
[ 2026-05-27 22:13:12,456] 174 root - INFO - Data transformation complete
[ 2026-05-27 22:13:12,456] 49 root - INFO - Started Regular Expression mapping
[ 2026-05-27 22:13:12,456] 174 root - INFO - Data transformation complete
[ 2026-05-27 22:13:12,457] 49 root - INFO - Started Regular Expression mapping
[ 2026-05-27 22:13:12,457] 174 root - INFO - Data transformation complete
[ 2026-05-27 22:13:12,457] 49 root - INFO - Started Regular Expression mapping
[ 2026-05-27 22:13:12,457] 174 root - INFO - Data transformation complete
[ 2026-05-27 22:13:12,457] 49 root - INFO - Started Regular Expression mapping
[ 2026-05-27 22:13:12,457] 174 root - INFO - Data transformation complete
[ 2026-05-27 22:13:12,457] 49 root - INFO - Started Regular Expression mapping
[ 2026-05-27 22:13:12,458] 174 root - INFO - Data transformation complete
[ 2026-05-27 22:13:12,458] 49 root - INFO - Started Regular Expression mapping
[ 2026-05-27 22:13:12,458] 174 root - INFO - Data transformation complete
[ 2026-05-27 22:13:12,458] 49 root - INFO - Started Regular Expression mapping
[ 2026-05-27 22:13:12,458] 174 root - INFO - Data transformation complete
[ 2026-05-27 22:13:12,458] 49 root - INFO - Started Regular Expression mapping
[ 2026-05-27 22:13:12,459] 174 root - INFO - Data transformation complete
[ 2026-05-27 22:13:12,459] 49 root - INFO - Started Regular Expression mapping
[ 2026-05-27 22:13:12,459] 174 root - INFO - Data transformation complete
[ 2026-05-27 22:13:12,459] 49 root - INFO - Started Regular Expression mapping
[ 2026-05-27 22:13:12,459] 174 root - INFO - Data transformation complete
[ 2026-05-27 22:13:12,459] 49 root - INFO - Started Regular Expression mapping
[ 2026-05-27 22:13:12,460] 174 root - INFO - Data transformation complete
[ 2026-05-27 22:13:12,460] 49 root - INFO - Started Regular Expression mapping
[ 2026-05-27 22:13:12,460] 25 root - INFO - Match heuristic business names to paybill payments
[ 2026-05-27 22:13:12,460] 174 root - INFO - Data transformation complete
[ 2026-05-27 22:13:12,460] 49 root - INFO - Started Regular Expression mapping
[ 2026-05-27 22:13:12,460] 174 root - INFO - Data transformation complete
[ 2026-05-27 22:13:12,461] 49 root - INFO - Started Regular Expression mapping
[ 2026-05-27 22:13:12,461] 174 root - INFO - Data transformation complete
[ 2026-05-27 22:13:12,461] 49 root - INFO - Started Regular Expression mapping
[ 2026-05-27 22:13:12,461] 174 root - INFO - Data transformation complete
[ 2026-05-27 22:13:12,461] 49 root - INFO - Started Regular Expression mapping
[ 2026-05-27 22:13:12,461] 174 root - INFO - Data transformation complete
[ 2026-05-27 22:13:12,461] 49 root - INFO - Started Regular Expression mapping
[ 2026-05-27 22:13:12,462] 174 root - INFO - Data transformation complete
[ 2026-05-27 22:13:12,462] 49 root - INFO - Started Regular Expression mapping
[ 2026-05-27 22:13:12,462] 174 root - INFO - Data transformation complete
[ 2026-05-27 22:13:12,462] 49 root - INFO - Started Regular Expression mapping
[ 2026-05-27 22:13:12,462] 174 root - INFO - Data transformation complete
[ 2026-05-27 22:13:12,462] 49 root - INFO - Started Regular Expression mapping
[ 2026-05-27 22:13:12,463] 174 root - INFO - Data transformation complete
[ 2026-05-27 22:13:12,463] 49 root - INFO - Started Regular Expression mapping
[ 2026-05-27 22:13:12,463] 25 root - INFO - Match heuristic business names to paybill payments
[ 2026-05-27 22:13:12,463] 174 root - INFO - Data transformation complete
[ 2026-05-27 22:13:12,463] 49 root - INFO - Started Regular Expression mapping
[ 2026-05-27 22:13:12,463] 174 root - INFO - Data transformation complete
[ 2026-05-27 22:13:12,463] 49 root - INFO - Started Regular Expression mapping
[ 2026-05-27 22:13:12,464] 174 root - INFO - Data transformation complete
[ 2026-05-27 22:13:12,464] 49 root - INFO - Started Regular Expression mapping
[ 2026-05-27 22:13:12,464] 174 root - INFO - Data transformation complete
[ 2026-05-27 22:13:12,464] 49 root - INFO - Started Regular Expression mapping
[ 2026-05-27 22:13:12,464] 174 root - INFO - Data transformation complete
[ 2026-05-27 22:13:12,464] 49 root - INFO - Started Regular Expression mapping
[ 2026-05-27 22:13:12,465] 174 root - INFO - Data transformation complete
[ 2026-05-27 22:13:12,465] 49 root - INFO - Started Regular Expression mapping
[ 2026-05-27 22:13:12,465] 174 root - INFO - Data transformation complete
[ 2026-05-27 22:13:12,465] 49 root - INFO - Started Regular Expression mapping
[ 2026-05-27 22:13:12,465] 174 root - INFO - Data transformation complete
[ 2026-05-27 22:13:12,465] 49 root - INFO - Started Regular Expression mapping
[ 2026-05-27 22:13:12,465] 174 root - INFO - Data transformation complete
[ 2026-05-27 22:13:12,466] 49 root - INFO - Started Regular Expression mapping
[ 2026-05-27 22:13:12,466] 174 root - INFO - Data transformation complete
[ 2026-05-27 22:13:12,466] 49 root - INFO - Started Regular Expression mapping
[ 2026-05-27 22:13:12,466] 174 root - INFO - Data transformation complete
[ 2026-05-27 22:13:12,466] 49 root - INFO - Started Regular Expression mapping
[ 2026-05-27 22:13:12,466] 174 root - INFO - Data transformation complete
[ 2026-05-27 22:13:12,467] 49 root - INFO - Started Regular Expression mapping
[ 2026-05-27 22:13:12,467] 174 root - INFO - Data transformation complete
[ 2026-05-27 22:13:12,467] 49 root - INFO - Started Regular Expression mapping
[ 2026-05-27 22:13:12,467] 174 root - INFO - Data transformation complete
[ 2026-05-27 22:13:12,467] 49 root - INFO - Started Regular Expression mapping
[ 2026-05-27 22:13:12,467] 174 root - INFO - Data transformation complete
[ 2026-05-27 22:13:12,467] 49 root - INFO - Started Regular Expression mapping
[ 2026-05-27 22:13:12,468] 174 root - INFO - Data transformation complete
[ 2026-05-27 22:13:12,468] 49 root - INFO - Started Regular Expression mapping
[ 2026-05-27 22:13:12,468] 174 root - INFO - Data transformation complete
[ 2026-05-27 22:13:12,468] 49 root - INFO - Started Regular Expression mapping
[ 2026-05-27 22:13:12,468] 174 root - INFO - Data transformation complete
[ 2026-05-27 22:13:12,468] 49 root - INFO - Started Regular Expression mapping
[ 2026-05-27 22:13:12,469] 174 root - INFO - Data transformation complete
[ 2026-05-27 22:13:12,469] 49 root - INFO - Started Regular Expression mapping
[ 2026-05-27 22:13:12,469] 174 root - INFO - Data transformation complete
[ 2026-05-27 22:13:12,469] 49 root - INFO - Started Regular Expression mapping
[ 2026-05-27 22:13:12,469] 25 root - INFO - Match heuristic business names to paybill payments
[ 2026-05-27 22:13:12,470] 174 root - INFO - Data transformation complete
[ 2026-05-27 22:13:12,470] 49 root - INFO - Started Regular Expression mapping
[ 2026-05-27 22:13:12,470] 174 root - INFO - Data transformation complete
[ 2026-05-27 22:13:12,470] 49 root - INFO - Started Regular Expression mapping
[ 2026-05-27 22:13:12,470] 174 root - INFO - Data transformation complete
[ 2026-05-27 22:13:12,470] 49 root - INFO - Started Regular Expression mapping
[ 2026-05-27 22:13:12,471] 174 root - INFO - Data transformation complete
[ 2026-05-27 22:13:12,471] 49 root - INFO - Started Regular Expression mapping
[ 2026-05-27 22:13:12,471] 174 root - INFO - Data transformation complete
[ 2026-05-27 22:13:12,471] 49 root - INFO - Started Regular Expression mapping
[ 2026-05-27 22:13:12,471] 174 root - INFO - Data transformation complete
[ 2026-05-27 22:13:12,472] 49 root - INFO - Started Regular Expression mapping
[ 2026-05-27 22:13:12,472] 174 root - INFO - Data transformation complete
[ 2026-05-27 22:13:12,472] 49 root - INFO - Started Regular Expression mapping
[ 2026-05-27 22:13:12,472] 174 root - INFO - Data transformation complete
[ 2026-05-27 22:13:12,473] 49 root - INFO - Started Regular Expression mapping
[ 2026-05-27 22:13:12,473] 174 root - INFO - Data transformation complete
[ 2026-05-27 22:13:12,473] 49 root - INFO - Started Regular Expression mapping
[ 2026-05-27 22:13:12,473] 174 root - INFO - Data transformation complete
[ 2026-05-27 22:13:12,473] 49 root - INFO - Started Regular Expression mapping
[ 2026-05-27 22:13:12,474] 174 root - INFO - Data transformation complete
[ 2026-05-27 22:13:12,474] 49 root - INFO - Started Regular Expression mapping
[ 2026-05-27 22:13:12,474] 174 root - INFO - Data transformation complete
[ 2026-05-27 22:13:12,474] 49 root - INFO - Started Regular Expression mapping
[ 2026-05-27 22:13:12,474] 174 root - INFO - Data transformation complete
[ 2026-05-27 22:13:12,474] 49 root - INFO - Started Regular Expression mapping
[ 2026-05-27 22:13:12,475] 174 root - INFO - Data transformation complete
[ 2026-05-27 22:13:12,475] 49 root - INFO - Started Regular Expression mapping
[ 2026-05-27 22:13:12,475] 174 root - INFO - Data transformation complete
[ 2026-05-27 22:13:12,475] 49 root - INFO - Started Regular Expression mapping
[ 2026-05-27 22:13:12,475] 174 root - INFO - Data transformation complete
[ 2026-05-27 22:13:12,476] 49 root - INFO - Started Regular Expression mapping
[ 2026-05-27 22:13:12,476] 174 root - INFO - Data transformation complete
[ 2026-05-27 22:13:12,476] 49 root - INFO - Started Regular Expression mapping
[ 2026-05-27 22:13:12,476] 25 root - INFO - Match heuristic business names to paybill payments
[ 2026-05-27 22:13:12,476] 174 root - INFO - Data transformation complete
[ 2026-05-27 22:13:12,476] 49 root - INFO - Started Regular Expression mapping
[ 2026-05-27 22:13:12,477] 174 root - INFO - Data transformation complete
[ 2026-05-27 22:13:12,477] 49 root - INFO - Started Regular Expression mapping
[ 2026-05-27 22:13:12,477] 174 root - INFO - Data transformation complete
[ 2026-05-27 22:13:12,477] 49 root - INFO - Started Regular Expression mapping
[ 2026-05-27 22:13:12,477] 174 root - INFO - Data transformation complete
[ 2026-05-27 22:13:12,478] 49 root - INFO - Started Regular Expression mapping
[ 2026-05-27 22:13:12,478] 174 root - INFO - Data transformation complete
[ 2026-05-27 22:13:12,478] 49 root - INFO - Started Regular Expression mapping
[ 2026-05-27 22:13:12,478] 174 root - INFO - Data transformation complete
[ 2026-05-27 22:13:12,478] 49 root - INFO - Started Regular Expression mapping
[ 2026-05-27 22:13:12,479] 174 root - INFO - Data transformation complete
[ 2026-05-27 22:13:12,479] 49 root - INFO - Started Regular Expression mapping
[ 2026-05-27 22:13:12,479] 174 root - INFO - Data transformation complete
[ 2026-05-27 22:13:12,479] 49 root - INFO - Started Regular Expression mapping
[ 2026-05-27 22:13:12,479] 174 root - INFO - Data transformation complete
[ 2026-05-27 22:13:12,479] 49 root - INFO - Started Regular Expression mapping
[ 2026-05-27 22:13:12,480] 25 root - INFO - Match heuristic business names to paybill payments
[ 2026-05-27 22:13:12,480] 174 root - INFO - Data transformation complete
[ 2026-05-27 22:13:12,480] 49 root - INFO - Started Regular Expression mapping
[ 2026-05-27 22:13:12,480] 174 root - INFO - Data transformation complete
[ 2026-05-27 22:13:12,480] 49 root - INFO - Started Regular Expression mapping
[ 2026-05-27 22:13:12,481] 174 root - INFO - Data transformation complete
[ 2026-05-27 22:13:12,481] 49 root - INFO - Started Regular Expression mapping
[ 2026-05-27 22:13:12,481] 174 root - INFO - Data transformation complete
[ 2026-05-27 22:13:12,481] 49 root - INFO - Started Regular Expression mapping
[ 2026-05-27 22:13:12,481] 174 root - INFO - Data transformation complete
[ 2026-05-27 22:13:12,482] 49 root - INFO - Started Regular Expression mapping
[ 2026-05-27 22:13:12,482] 174 root - INFO - Data transformation complete
[ 2026-05-27 22:13:12,482] 49 root - INFO - Started Regular Expression mapping
[ 2026-05-27 22:13:12,482] 174 root - INFO - Data transformation complete
[ 2026-05-27 22:13:12,482] 49 root - INFO - Started Regular Expression mapping
[ 2026-05-27 22:13:12,482] 174 root - INFO - Data transformation complete
[ 2026-05-27 22:13:12,483] 49 root - INFO - Started Regular Expression mapping
[ 2026-05-27 22:13:12,483] 174 root - INFO - Data transformation complete
[ 2026-05-27 22:13:12,483] 49 root - INFO - Started Regular Expression mapping
[ 2026-05-27 22:13:12,483] 174 root - INFO - Data transformation complete
[ 2026-05-27 22:13:12,483] 49 root - INFO - Started Regular Expression mapping
[ 2026-05-27 22:13:12,484] 174 root - INFO - Data transformation complete
[ 2026-05-27 22:13:12,484] 49 root - INFO - Started Regular Expression mapping
[ 2026-05-27 22:13:12,484] 174 root - INFO - Data transformation complete
[ 2026-05-27 22:13:12,484] 49 root - INFO - Started Regular Expression mapping
[ 2026-05-27 22:13:12,484] 174 root - INFO - Data transformation complete
[ 2026-05-27 22:13:12,484] 49 root - INFO - Started Regular Expression mapping
[ 2026-05-27 22:13:12,485] 174 root - INFO - Data transformation complete
[ 2026-05-27 22:13:12,485] 49 root - INFO - Started Regular Expression mapping
[ 2026-05-27 22:13:12,485] 174 root - INFO - Data transformation complete
[ 2026-05-27 22:13:12,485] 49 root - INFO - Started Regular Expression mapping
[ 2026-05-27 22:13:12,485] 174 root - INFO - Data transformation complete
[ 2026-05-27 22:13:12,486] 49 root - INFO - Started Regular Expression mapping
[ 2026-05-27 22:13:12,486] 174 root - INFO - Data transformation complete
[ 2026-05-27 22:13:12,486] 49 root - INFO - Started Regular Expression mapping
[ 2026-05-27 22:13:12,486] 174 root - INFO - Data transformation complete
[ 2026-05-27 22:13:12,486] 49 root - INFO - Started Regular Expression mapping
[ 2026-05-27 22:13:12,487] 174 root - INFO - Data transformation complete
[ 2026-05-27 22:13:12,487] 49 root - INFO - Started Regular Expression mapping
[ 2026-05-27 22:13:12,487] 174 root - INFO - Data transformation complete
[ 2026-05-27 22:13:12,487] 49 root - INFO - Started Regular Expression mapping
[ 2026-05-27 22:13:12,487] 174 root - INFO - Data transformation complete
[ 2026-05-27 22:13:12,487] 49 root - INFO - Started Regular Expression mapping
[ 2026-05-27 22:13:12,488] 25 root - INFO - Match heuristic business names to paybill payments
[ 2026-05-27 22:13:12,488] 174 root - INFO - Data transformation complete
[ 2026-05-27 22:13:12,488] 49 root - INFO - Started Regular Expression mapping
[ 2026-05-27 22:13:12,488] 174 root - INFO - Data transformation complete
[ 2026-05-27 22:13:12,488] 49 root - INFO - Started Regular Expression mapping
[ 2026-05-27 22:13:12,489] 174 root - INFO - Data transformation complete
[ 2026-05-27 22:13:12,489] 49 root - INFO - Started Regular Expression mapping
[ 2026-05-27 22:13:12,489] 174 root - INFO - Data transformation complete
[ 2026-05-27 22:13:12,489] 49 root - INFO - Started Regular Expression mapping
[ 2026-05-27 22:13:12,489] 174 root - INFO - Data transformation complete
[ 2026-05-27 22:13:12,489] 49 root - INFO - Started Regular Expression mapping
[ 2026-05-27 22:13:12,490] 174 root - INFO - Data transformation complete
[ 2026-05-27 22:13:12,490] 49 root - INFO - Started Regular Expression mapping
[ 2026-05-27 22:13:12,490] 174 root - INFO - Data transformation complete
[ 2026-05-27 22:13:12,490] 49 root - INFO - Started Regular Expression mapping
[ 2026-05-27 22:13:12,490] 174 root - INFO - Data transformation complete
[ 2026-05-27 22:13:12,491] 49 root - INFO - Started Regular Expression mapping
[ 2026-05-27 22:13:12,491] 174 root - INFO - Data transformation complete
[ 2026-05-27 22:13:12,491] 49 root - INFO - Started Regular Expression mapping
[ 2026-05-27 22:13:12,491] 174 root - INFO - Data transformation complete
[ 2026-05-27 22:13:12,491] 49 root - INFO - Started Regular Expression mapping
[ 2026-05-27 22:13:12,492] 174 root - INFO - Data transformation complete
[ 2026-05-27 22:13:12,492] 49 root - INFO - Started Regular Expression mapping
[ 2026-05-27 22:13:12,492] 174 root - INFO - Data transformation complete
[ 2026-05-27 22:13:12,492] 49 root - INFO - Started Regular Expression mapping
[ 2026-05-27 22:13:12,492] 174 root - INFO - Data transformation complete
[ 2026-05-27 22:13:12,493] 49 root - INFO - Started Regular Expression mapping
[ 2026-05-27 22:13:12,493] 174 root - INFO - Data transformation complete
[ 2026-05-27 22:13:12,493] 49 root - INFO - Started Regular Expression mapping
[ 2026-05-27 22:13:12,493] 174 root - INFO - Data transformation complete
[ 2026-05-27 22:13:12,493] 49 root - INFO - Started Regular Expression mapping
[ 2026-05-27 22:13:12,494] 174 root - INFO - Data transformation complete
[ 2026-05-27 22:13:12,494] 49 root - INFO - Started Regular Expression mapping
[ 2026-05-27 22:13:12,494] 174 root - INFO - Data transformation complete
[ 2026-05-27 22:13:12,494] 49 root - INFO - Started Regular Expression mapping
[ 2026-05-27 22:13:12,494] 174 root - INFO - Data transformation complete
[ 2026-05-27 22:13:12,494] 49 root - INFO - Started Regular Expression mapping
[ 2026-05-27 22:13:12,495] 25 root - INFO - Match heuristic business names to paybill payments
[ 2026-05-27 22:13:12,495] 174 root - INFO - Data transformation complete
[ 2026-05-27 22:13:12,495] 49 root - INFO - Started Regular Expression mapping
[ 2026-05-27 22:13:12,495] 174 root - INFO - Data transformation complete
[ 2026-05-27 22:13:12,495] 49 root - INFO - Started Regular Expression mapping
[ 2026-05-27 22:13:12,496] 174 root - INFO - Data transformation complete
[ 2026-05-27 22:13:12,496] 49 root - INFO - Started Regular Expression mapping
[ 2026-05-27 22:13:12,496] 25 root - INFO - Match heuristic business names to paybill payments
[ 2026-05-27 22:13:12,496] 174 root - INFO - Data transformation complete
[ 2026-05-27 22:13:12,496] 49 root - INFO - Started Regular Expression mapping
[ 2026-05-27 22:13:12,496] 174 root - INFO - Data transformation complete
[ 2026-05-27 22:13:12,497] 49 root - INFO - Started Regular Expression mapping
[ 2026-05-27 22:13:12,497] 174 root - INFO - Data transformation complete
[ 2026-05-27 22:13:12,497] 49 root - INFO - Started Regular Expression mapping
[ 2026-05-27 22:13:12,497] 174 root - INFO - Data transformation complete
[ 2026-05-27 22:13:12,497] 49 root - INFO - Started Regular Expression mapping
[ 2026-05-27 22:13:12,498] 174 root - INFO - Data transformation complete
[ 2026-05-27 22:13:12,498] 49 root - INFO - Started Regular Expression mapping
[ 2026-05-27 22:13:12,498] 174 root - INFO - Data transformation complete
[ 2026-05-27 22:13:12,498] 49 root - INFO - Started Regular Expression mapping
[ 2026-05-27 22:13:12,498] 174 root - INFO - Data transformation complete
[ 2026-05-27 22:13:12,498] 49 root - INFO - Started Regular Expression mapping
[ 2026-05-27 22:13:12,499] 174 root - INFO - Data transformation complete
[ 2026-05-27 22:13:12,499] 49 root - INFO - Started Regular Expression mapping
[ 2026-05-27 22:13:12,499] 174 root - INFO - Data transformation complete
[ 2026-05-27 22:13:12,499] 49 root - INFO - Started Regular Expression mapping
[ 2026-05-27 22:13:12,499] 174 root - INFO - Data transformation complete
[ 2026-05-27 22:13:12,500] 49 root - INFO - Started Regular Expression mapping
[ 2026-05-27 22:13:12,500] 174 root - INFO - Data transformation complete
[ 2026-05-27 22:13:12,500] 49 root - INFO - Started Regular Expression mapping
[ 2026-05-27 22:13:12,500] 174 root - INFO - Data transformation complete
[ 2026-05-27 22:13:12,500] 49 root - INFO - Started Regular Expression mapping
[ 2026-05-27 22:13:12,500] 174 root - INFO - Data transformation complete
[ 2026-05-27 22:13:12,501] 49 root - INFO - Started Regular Expression mapping
[ 2026-05-27 22:13:12,501] 174 root - INFO - Data transformation complete
[ 2026-05-27 22:13:12,501] 49 root - INFO - Started Regular Expression mapping
[ 2026-05-27 22:13:12,501] 174 root - INFO - Data transformation complete
[ 2026-05-27 22:13:12,501] 49 root - INFO - Started Regular Expression mapping
[ 2026-05-27 22:13:12,501] 174 root - INFO - Data transformation complete
[ 2026-05-27 22:13:12,501] 49 root - INFO - Started Regular Expression mapping
[ 2026-05-27 22:13:12,502] 174 root - INFO - Data transformation complete
[ 2026-05-27 22:13:12,502] 49 root - INFO - Started Regular Expression mapping
[ 2026-05-27 22:13:12,502] 174 root - INFO - Data transformation complete
[ 2026-05-27 22:13:12,502] 49 root - INFO - Started Regular Expression mapping
[ 2026-05-27 22:13:12,502] 174 root - INFO - Data transformation complete
[ 2026-05-27 22:13:12,502] 49 root - INFO - Started Regular Expression mapping
[ 2026-05-27 22:13:12,503] 174 root - INFO - Data transformation complete
[ 2026-05-27 22:13:12,503] 49 root - INFO - Started Regular Expression mapping
[ 2026-05-27 22:13:12,503] 174 root - INFO - Data transformation complete
[ 2026-05-27 22:13:12,503] 49 root - INFO - Started Regular Expression mapping
[ 2026-05-27 22:13:12,503] 174 root - INFO - Data transformation complete
[ 2026-05-27 22:13:12,503] 49 root - INFO - Started Regular Expression mapping
[ 2026-05-27 22:13:12,503] 174 root - INFO - Data transformation complete
[ 2026-05-27 22:13:12,504] 49 root - INFO - Started Regular Expression mapping
[ 2026-05-27 22:13:12,504] 174 root - INFO - Data transformation complete
[ 2026-05-27 22:13:12,504] 49 root - INFO - Started Regular Expression mapping
[ 2026-05-27 22:13:12,504] 174 root - INFO - Data transformation complete
[ 2026-05-27 22:13:12,504] 49 root - INFO - Started Regular Expression mapping
[ 2026-05-27 22:13:12,504] 174 root - INFO - Data transformation complete
[ 2026-05-27 22:13:12,505] 49 root - INFO - Started Regular Expression mapping
[ 2026-05-27 22:13:12,505] 174 root - INFO - Data transformation complete
[ 2026-05-27 22:13:12,505] 49 root - INFO - Started Regular Expression mapping
[ 2026-05-27 22:13:12,505] 174 root - INFO - Data transformation complete
[ 2026-05-27 22:13:12,505] 49 root - INFO - Started Regular Expression mapping
[ 2026-05-27 22:13:12,505] 174 root - INFO - Data transformation complete
[ 2026-05-27 22:13:12,505] 49 root - INFO - Started Regular Expression mapping
[ 2026-05-27 22:13:12,506] 25 root - INFO - Match heuristic business names to paybill payments
[ 2026-05-27 22:13:12,506] 174 root - INFO - Data transformation complete
[ 2026-05-27 22:13:12,506] 49 root - INFO - Started Regular Expression mapping
[ 2026-05-27 22:13:12,506] 174 root - INFO - Data transformation complete
[ 2026-05-27 22:13:12,506] 49 root - INFO - Started Regular Expression mapping
[ 2026-05-27 22:13:12,506] 174 root - INFO - Data transformation complete
[ 2026-05-27 22:13:12,506] 49 root - INFO - Started Regular Expression mapping
[ 2026-05-27 22:13:12,507] 174 root - INFO - Data transformation complete
[ 2026-05-27 22:13:12,507] 49 root - INFO - Started Regular Expression mapping
[ 2026-05-27 22:13:12,507] 174 root - INFO - Data transformation complete
[ 2026-05-27 22:13:12,507] 49 root - INFO - Started Regular Expression mapping
[ 2026-05-27 22:13:12,507] 174 root - INFO - Data transformation complete
[ 2026-05-27 22:13:12,507] 49 root - INFO - Started Regular Expression mapping
[ 2026-05-27 22:13:12,508] 174 root - INFO - Data transformation complete
[ 2026-05-27 22:13:12,508] 49 root - INFO - Started Regular Expression mapping
[ 2026-05-27 22:13:12,508] 174 root - INFO - Data transformation complete
[ 2026-05-27 22:13:12,508] 49 root - INFO - Started Regular Expression mapping
[ 2026-05-27 22:13:12,508] 174 root - INFO - Data transformation complete
[ 2026-05-27 22:13:12,508] 49 root - INFO - Started Regular Expression mapping
[ 2026-05-27 22:13:12,509] 174 root - INFO - Data transformation complete
[ 2026-05-27 22:13:12,509] 49 root - INFO - Started Regular Expression mapping
[ 2026-05-27 22:13:12,509] 174 root - INFO - Data transformation complete
[ 2026-05-27 22:13:12,509] 49 root - INFO - Started Regular Expression mapping
[ 2026-05-27 22:13:12,509] 174 root - INFO - Data transformation complete
[ 2026-05-27 22:13:12,509] 49 root - INFO - Started Regular Expression mapping
[ 2026-05-27 22:13:12,509] 174 root - INFO - Data transformation complete
[ 2026-05-27 22:13:12,510] 49 root - INFO - Started Regular Expression mapping
[ 2026-05-27 22:13:12,510] 174 root - INFO - Data transformation complete
[ 2026-05-27 22:13:12,510] 49 root - INFO - Started Regular Expression mapping
[ 2026-05-27 22:13:12,510] 174 root - INFO - Data transformation complete
[ 2026-05-27 22:13:12,510] 49 root - INFO - Started Regular Expression mapping
[ 2026-05-27 22:13:12,510] 174 root - INFO - Data transformation complete
[ 2026-05-27 22:13:12,511] 49 root - INFO - Started Regular Expression mapping
[ 2026-05-27 22:13:12,511] 174 root - INFO - Data transformation complete
[ 2026-05-27 22:13:12,511] 49 root - INFO - Started Regular Expression mapping
[ 2026-05-27 22:13:12,511] 174 root - INFO - Data transformation complete
[ 2026-05-27 22:13:12,511] 49 root - INFO - Started Regular Expression mapping
[ 2026-05-27 22:13:12,511] 174 root - INFO - Data transformation complete
[ 2026-05-27 22:13:12,511] 49 root - INFO - Started Regular Expression mapping
[ 2026-05-27 22:13:12,512] 174 root - INFO - Data transformation complete
[ 2026-05-27 22:13:12,512] 49 root - INFO - Started Regular Expression mapping
[ 2026-05-27 22:13:12,512] 174 root - INFO - Data transformation complete
[ 2026-05-27 22:13:12,512] 49 root - INFO - Started Regular Expression mapping
[ 2026-05-27 22:13:12,512] 174 root - INFO - Data transformation complete
[ 2026-05-27 22:13:12,512] 49 root - INFO - Started Regular Expression mapping
[ 2026-05-27 22:13:12,513] 174 root - INFO - Data transformation complete
[ 2026-05-27 22:13:12,513] 49 root - INFO - Started Regular Expression mapping
[ 2026-05-27 22:13:12,513] 174 root - INFO - Data transformation complete
[ 2026-05-27 22:13:12,513] 49 root - INFO - Started Regular Expression mapping
[ 2026-05-27 22:13:12,513] 174 root - INFO - Data transformation complete
[ 2026-05-27 22:13:12,513] 49 root - INFO - Started Regular Expression mapping
[ 2026-05-27 22:13:12,514] 174 root - INFO - Data transformation complete
[ 2026-05-27 22:13:12,514] 49 root - INFO - Started Regular Expression mapping
[ 2026-05-27 22:13:12,514] 174 root - INFO - Data transformation complete
[ 2026-05-27 22:13:12,514] 49 root - INFO - Started Regular Expression mapping
[ 2026-05-27 22:13:12,514] 174 root - INFO - Data transformation complete
[ 2026-05-27 22:13:12,514] 49 root - INFO - Started Regular Expression mapping
[ 2026-05-27 22:13:12,514] 174 root - INFO - Data transformation complete
[ 2026-05-27 22:13:12,515] 49 root - INFO - Started Regular Expression mapping
[ 2026-05-27 22:13:12,515] 174 root - INFO - Data transformation complete
[ 2026-05-27 22:13:12,515] 49 root - INFO - Started Regular Expression mapping
[ 2026-05-27 22:13:12,515] 174 root - INFO - Data transformation complete
[ 2026-05-27 22:13:12,515] 49 root - INFO - Started Regular Expression mapping
[ 2026-05-27 22:13:12,515] 174 root - INFO - Data transformation complete
[ 2026-05-27 22:13:12,515] 49 root - INFO - Started Regular Expression mapping
[ 2026-05-27 22:13:12,516] 174 root - INFO - Data transformation complete
[ 2026-05-27 22:13:12,516] 49 root - INFO - Started Regular Expression mapping
[ 2026-05-27 22:13:12,516] 174 root - INFO - Data transformation complete
[ 2026-05-27 22:13:12,516] 49 root - INFO - Started Regular Expression mapping
[ 2026-05-27 22:13:12,516] 174 root - INFO - Data transformation complete
[ 2026-05-27 22:13:12,516] 49 root - INFO - Started Regular Expression mapping
[ 2026-05-27 22:13:12,517] 174 root - INFO - Data transformation complete
[ 2026-05-27 22:13:12,517] 49 root - INFO - Started Regular Expression mapping
[ 2026-05-27 22:13:12,517] 174 root - INFO - Data transformation complete
[ 2026-05-27 22:13:12,517] 49 root - INFO - Started Regular Expression mapping
[ 2026-05-27 22:13:12,517] 174 root - INFO - Data transformation complete
[ 2026-05-27 22:13:12,517] 49 root - INFO - Started Regular Expression mapping
[ 2026-05-27 22:13:12,517] 174 root - INFO - Data transformation complete
[ 2026-05-27 22:13:12,518] 49 root - INFO - Started Regular Expression mapping
[ 2026-05-27 22:13:12,518] 174 root - INFO - Data transformation complete
[ 2026-05-27 22:13:12,518] 49 root - INFO - Started Regular Expression mapping
[ 2026-05-27 22:13:12,518] 174 root - INFO - Data transformation complete
[ 2026-05-27 22:13:12,518] 49 root - INFO - Started Regular Expression mapping
[ 2026-05-27 22:13:12,518] 174 root - INFO - Data transformation complete
[ 2026-05-27 22:13:12,519] 49 root - INFO - Started Regular Expression mapping
[ 2026-05-27 22:13:12,519] 174 root - INFO - Data transformation complete
[ 2026-05-27 22:13:12,519] 49 root - INFO - Started Regular Expression mapping
[ 2026-05-27 22:13:12,519] 174 root - INFO - Data transformation complete
[ 2026-05-27 22:13:12,519] 49 root - INFO - Started Regular Expression mapping
[ 2026-05-27 22:13:12,519] 174 root - INFO - Data transformation complete
[ 2026-05-27 22:13:12,519] 49 root - INFO - Started Regular Expression mapping
[ 2026-05-27 22:13:12,520] 174 root - INFO - Data transformation complete
[ 2026-05-27 22:13:12,520] 49 root - INFO - Started Regular Expression mapping
[ 2026-05-27 22:13:12,520] 174 root - INFO - Data transformation complete
[ 2026-05-27 22:13:12,520] 49 root - INFO - Started Regular Expression mapping
[ 2026-05-27 22:13:12,520] 174 root - INFO - Data transformation complete
[ 2026-05-27 22:13:12,520] 49 root - INFO - Started Regular Expression mapping
[ 2026-05-27 22:13:12,521] 174 root - INFO - Data transformation complete
[ 2026-05-27 22:13:12,521] 49 root - INFO - Started Regular Expression mapping
[ 2026-05-27 22:13:12,521] 174 root - INFO - Data transformation complete
[ 2026-05-27 22:13:12,521] 49 root - INFO - Started Regular Expression mapping
[ 2026-05-27 22:13:12,521] 174 root - INFO - Data transformation complete
[ 2026-05-27 22:13:12,521] 49 root - INFO - Started Regular Expression mapping
[ 2026-05-27 22:13:12,521] 174 root - INFO - Data transformation complete
[ 2026-05-27 22:13:12,522] 49 root - INFO - Started Regular Expression mapping
[ 2026-05-27 22:13:12,522] 174 root - INFO - Data transformation complete
[ 2026-05-27 22:13:12,522] 49 root - INFO - Started Regular Expression mapping
[ 2026-05-27 22:13:12,522] 174 root - INFO - Data transformation complete
[ 2026-05-27 22:13:12,522] 49 root - INFO - Started Regular Expression mapping
[ 2026-05-27 22:13:12,522] 174 root - INFO - Data transformation complete
[ 2026-05-27 22:13:12,522] 49 root - INFO - Started Regular Expression mapping
[ 2026-05-27 22:13:12,523] 174 root - INFO - Data transformation complete
[ 2026-05-27 22:13:12,523] 49 root - INFO - Started Regular Expression mapping
[ 2026-05-27 22:13:12,523] 174 root - INFO - Data transformation complete
[ 2026-05-27 22:13:12,523] 49 root - INFO - Started Regular Expression mapping
[ 2026-05-27 22:13:12,523] 174 root - INFO - Data transformation complete
[ 2026-05-27 22:13:12,523] 49 root - INFO - Started Regular Expression mapping
[ 2026-05-27 22:13:12,524] 174 root - INFO - Data transformation complete
[ 2026-05-27 22:13:12,524] 49 root - INFO - Started Regular Expression mapping
[ 2026-05-27 22:13:12,524] 174 root - INFO - Data transformation complete
[ 2026-05-27 22:13:12,524] 49 root - INFO - Started Regular Expression mapping
[ 2026-05-27 22:13:12,524] 174 root - INFO - Data transformation complete
[ 2026-05-27 22:13:12,524] 49 root - INFO - Started Regular Expression mapping
[ 2026-05-27 22:13:12,525] 174 root - INFO - Data transformation complete
[ 2026-05-27 22:13:12,525] 49 root - INFO - Started Regular Expression mapping
[ 2026-05-27 22:13:12,525] 174 root - INFO - Data transformation complete
[ 2026-05-27 22:13:12,525] 49 root - INFO - Started Regular Expression mapping
[ 2026-05-27 22:13:12,525] 174 root - INFO - Data transformation complete
[ 2026-05-27 22:13:12,525] 49 root - INFO - Started Regular Expression mapping
[ 2026-05-27 22:13:12,526] 174 root - INFO - Data transformation complete
[ 2026-05-27 22:13:12,526] 49 root - INFO - Started Regular Expression mapping
[ 2026-05-27 22:13:12,526] 174 root - INFO - Data transformation complete
[ 2026-05-27 22:13:12,526] 49 root - INFO - Started Regular Expression mapping
[ 2026-05-27 22:13:12,526] 174 root - INFO - Data transformation complete
[ 2026-05-27 22:13:12,526] 49 root - INFO - Started Regular Expression mapping
[ 2026-05-27 22:13:12,527] 174 root - INFO - Data transformation complete
[ 2026-05-27 22:13:12,527] 49 root - INFO - Started Regular Expression mapping
[ 2026-05-27 22:13:12,527] 174 root - INFO - Data transformation complete
[ 2026-05-27 22:13:12,527] 49 root - INFO - Started Regular Expression mapping
[ 2026-05-27 22:13:12,527] 174 root - INFO - Data transformation complete
[ 2026-05-27 22:13:12,527] 49 root - INFO - Started Regular Expression mapping
[ 2026-05-27 22:13:12,527] 174 root - INFO - Data transformation complete
[ 2026-05-27 22:13:12,528] 49 root - INFO - Started Regular Expression mapping
[ 2026-05-27 22:13:12,528] 174 root - INFO - Data transformation complete
[ 2026-05-27 22:13:12,528] 49 root - INFO - Started Regular Expression mapping
[ 2026-05-27 22:13:12,528] 174 root - INFO - Data transformation complete
[ 2026-05-27 22:13:12,528] 49 root - INFO - Started Regular Expression mapping
[ 2026-05-27 22:13:12,528] 174 root - INFO - Data transformation complete
[ 2026-05-27 22:13:12,528] 49 root - INFO - Started Regular Expression mapping
[ 2026-05-27 22:13:12,529] 174 root - INFO - Data transformation complete
[ 2026-05-27 22:13:12,529] 49 root - INFO - Started Regular Expression mapping
[ 2026-05-27 22:13:12,529] 25 root - INFO - Match heuristic business names to paybill payments
[ 2026-05-27 22:13:12,529] 174 root - INFO - Data transformation complete
[ 2026-05-27 22:13:12,529] 49 root - INFO - Started Regular Expression mapping
[ 2026-05-27 22:13:12,529] 174 root - INFO - Data transformation complete
[ 2026-05-27 22:13:12,530] 49 root - INFO - Started Regular Expression mapping
[ 2026-05-27 22:13:12,530] 174 root - INFO - Data transformation complete
[ 2026-05-27 22:13:12,530] 49 root - INFO - Started Regular Expression mapping
[ 2026-05-27 22:13:12,530] 174 root - INFO - Data transformation complete
[ 2026-05-27 22:13:12,530] 49 root - INFO - Started Regular Expression mapping
[ 2026-05-27 22:13:12,530] 174 root - INFO - Data transformation complete
[ 2026-05-27 22:13:12,530] 49 root - INFO - Started Regular Expression mapping
[ 2026-05-27 22:13:12,531] 174 root - INFO - Data transformation complete
[ 2026-05-27 22:13:12,531] 49 root - INFO - Started Regular Expression mapping
[ 2026-05-27 22:13:12,531] 174 root - INFO - Data transformation complete
[ 2026-05-27 22:13:12,531] 49 root - INFO - Started Regular Expression mapping
[ 2026-05-27 22:13:12,531] 174 root - INFO - Data transformation complete
[ 2026-05-27 22:13:12,531] 49 root - INFO - Started Regular Expression mapping
[ 2026-05-27 22:13:12,532] 174 root - INFO - Data transformation complete
[ 2026-05-27 22:13:12,532] 49 root - INFO - Started Regular Expression mapping
[ 2026-05-27 22:13:12,532] 174 root - INFO - Data transformation complete
[ 2026-05-27 22:13:12,532] 49 root - INFO - Started Regular Expression mapping
[ 2026-05-27 22:13:12,532] 174 root - INFO - Data transformation complete
[ 2026-05-27 22:13:12,532] 49 root - INFO - Started Regular Expression mapping
[ 2026-05-27 22:13:12,533] 174 root - INFO - Data transformation complete
[ 2026-05-27 22:13:12,533] 49 root - INFO - Started Regular Expression mapping
[ 2026-05-27 22:13:12,533] 174 root - INFO - Data transformation complete
[ 2026-05-27 22:13:12,533] 49 root - INFO - Started Regular Expression mapping
[ 2026-05-27 22:13:12,533] 174 root - INFO - Data transformation complete
[ 2026-05-27 22:13:12,533] 49 root - INFO - Started Regular Expression mapping
[ 2026-05-27 22:13:12,533] 174 root - INFO - Data transformation complete
[ 2026-05-27 22:13:12,534] 49 root - INFO - Started Regular Expression mapping
[ 2026-05-27 22:13:12,534] 174 root - INFO - Data transformation complete
[ 2026-05-27 22:13:12,534] 49 root - INFO - Started Regular Expression mapping
[ 2026-05-27 22:13:12,534] 174 root - INFO - Data transformation complete
[ 2026-05-27 22:13:12,534] 49 root - INFO - Started Regular Expression mapping
[ 2026-05-27 22:13:12,534] 25 root - INFO - Match heuristic business names to paybill payments
[ 2026-05-27 22:13:12,535] 174 root - INFO - Data transformation complete
[ 2026-05-27 22:13:12,535] 49 root - INFO - Started Regular Expression mapping
[ 2026-05-27 22:13:12,535] 25 root - INFO - Match heuristic business names to paybill payments
[ 2026-05-27 22:13:12,535] 174 root - INFO - Data transformation complete
[ 2026-05-27 22:13:12,535] 49 root - INFO - Started Regular Expression mapping
[ 2026-05-27 22:13:12,535] 174 root - INFO - Data transformation complete
[ 2026-05-27 22:13:12,535] 49 root - INFO - Started Regular Expression mapping
[ 2026-05-27 22:13:12,536] 174 root - INFO - Data transformation complete
[ 2026-05-27 22:13:12,536] 49 root - INFO - Started Regular Expression mapping
[ 2026-05-27 22:13:12,537] 174 root - INFO - Data transformation complete
[ 2026-05-27 22:13:12,537] 49 root - INFO - Started Regular Expression mapping
[ 2026-05-27 22:13:12,538] 174 root - INFO - Data transformation complete
[ 2026-05-27 22:13:12,538] 49 root - INFO - Started Regular Expression mapping
[ 2026-05-27 22:13:12,538] 174 root - INFO - Data transformation complete
[ 2026-05-27 22:13:12,538] 49 root - INFO - Started Regular Expression mapping
[ 2026-05-27 22:13:12,538] 174 root - INFO - Data transformation complete
[ 2026-05-27 22:13:12,539] 49 root - INFO - Started Regular Expression mapping
[ 2026-05-27 22:13:12,539] 25 root - INFO - Match heuristic business names to paybill payments
[ 2026-05-27 22:13:12,539] 174 root - INFO - Data transformation complete
[ 2026-05-27 22:13:12,539] 49 root - INFO - Started Regular Expression mapping
[ 2026-05-27 22:13:12,539] 174 root - INFO - Data transformation complete
[ 2026-05-27 22:13:12,539] 49 root - INFO - Started Regular Expression mapping
[ 2026-05-27 22:13:12,539] 174 root - INFO - Data transformation complete
[ 2026-05-27 22:13:12,540] 49 root - INFO - Started Regular Expression mapping
[ 2026-05-27 22:13:12,540] 174 root - INFO - Data transformation complete
[ 2026-05-27 22:13:12,540] 49 root - INFO - Started Regular Expression mapping
[ 2026-05-27 22:13:12,540] 174 root - INFO - Data transformation complete
[ 2026-05-27 22:13:12,540] 49 root - INFO - Started Regular Expression mapping
[ 2026-05-27 22:13:12,540] 174 root - INFO - Data transformation complete
[ 2026-05-27 22:13:12,541] 49 root - INFO - Started Regular Expression mapping
[ 2026-05-27 22:13:12,541] 174 root - INFO - Data transformation complete
[ 2026-05-27 22:13:12,541] 49 root - INFO - Started Regular Expression mapping
[ 2026-05-27 22:13:12,541] 174 root - INFO - Data transformation complete
[ 2026-05-27 22:13:12,541] 49 root - INFO - Started Regular Expression mapping
[ 2026-05-27 22:13:12,541] 174 root - INFO - Data transformation complete
[ 2026-05-27 22:13:12,541] 49 root - INFO - Started Regular Expression mapping
[ 2026-05-27 22:13:12,542] 174 root - INFO - Data transformation complete
[ 2026-05-27 22:13:12,542] 49 root - INFO - Started Regular Expression mapping
[ 2026-05-27 22:13:12,542] 174 root - INFO - Data transformation complete
[ 2026-05-27 22:13:12,542] 49 root - INFO - Started Regular Expression mapping
[ 2026-05-27 22:13:12,542] 174 root - INFO - Data transformation complete
[ 2026-05-27 22:13:12,542] 49 root - INFO - Started Regular Expression mapping
[ 2026-05-27 22:13:12,543] 174 root - INFO - Data transformation complete
[ 2026-05-27 22:13:12,543] 49 root - INFO - Started Regular Expression mapping
[ 2026-05-27 22:13:12,543] 174 root - INFO - Data transformation complete
[ 2026-05-27 22:13:12,543] 49 root - INFO - Started Regular Expression mapping
[ 2026-05-27 22:13:12,544] 174 root - INFO - Data transformation complete
[ 2026-05-27 22:13:12,544] 49 root - INFO - Started Regular Expression mapping
[ 2026-05-27 22:13:12,544] 174 root - INFO - Data transformation complete
[ 2026-05-27 22:13:12,544] 49 root - INFO - Started Regular Expression mapping
[ 2026-05-27 22:13:12,544] 174 root - INFO - Data transformation complete
[ 2026-05-27 22:13:12,544] 49 root - INFO - Started Regular Expression mapping
[ 2026-05-27 22:13:12,544] 174 root - INFO - Data transformation complete
[ 2026-05-27 22:13:12,545] 49 root - INFO - Started Regular Expression mapping
[ 2026-05-27 22:13:12,545] 174 root - INFO - Data transformation complete
[ 2026-05-27 22:13:12,545] 49 root - INFO - Started Regular Expression mapping
[ 2026-05-27 22:13:12,545] 174 root - INFO - Data transformation complete
[ 2026-05-27 22:13:12,545] 49 root - INFO - Started Regular Expression mapping
[ 2026-05-27 22:13:12,545] 174 root - INFO - Data transformation complete
[ 2026-05-27 22:13:12,545] 49 root - INFO - Started Regular Expression mapping
[ 2026-05-27 22:13:12,546] 174 root - INFO - Data transformation complete
[ 2026-05-27 22:13:12,546] 49 root - INFO - Started Regular Expression mapping
[ 2026-05-27 22:13:12,546] 174 root - INFO - Data transformation complete
[ 2026-05-27 22:13:12,546] 49 root - INFO - Started Regular Expression mapping
[ 2026-05-27 22:13:12,546] 174 root - INFO - Data transformation complete
[ 2026-05-27 22:13:12,546] 49 root - INFO - Started Regular Expression mapping
[ 2026-05-27 22:13:12,547] 174 root - INFO - Data transformation complete
[ 2026-05-27 22:13:12,547] 49 root - INFO - Started Regular Expression mapping
[ 2026-05-27 22:13:12,547] 174 root - INFO - Data transformation complete
[ 2026-05-27 22:13:12,547] 49 root - INFO - Started Regular Expression mapping
[ 2026-05-27 22:13:12,547] 174 root - INFO - Data transformation complete
[ 2026-05-27 22:13:12,547] 49 root - INFO - Started Regular Expression mapping
[ 2026-05-27 22:13:12,547] 174 root - INFO - Data transformation complete
[ 2026-05-27 22:13:12,548] 49 root - INFO - Started Regular Expression mapping
[ 2026-05-27 22:13:12,548] 174 root - INFO - Data transformation complete
[ 2026-05-27 22:13:12,548] 49 root - INFO - Started Regular Expression mapping
[ 2026-05-27 22:13:12,548] 174 root - INFO - Data transformation complete
[ 2026-05-27 22:13:12,548] 49 root - INFO - Started Regular Expression mapping
[ 2026-05-27 22:13:12,548] 174 root - INFO - Data transformation complete
[ 2026-05-27 22:13:12,549] 49 root - INFO - Started Regular Expression mapping
[ 2026-05-27 22:13:12,549] 174 root - INFO - Data transformation complete
[ 2026-05-27 22:13:12,549] 49 root - INFO - Started Regular Expression mapping
[ 2026-05-27 22:13:12,549] 174 root - INFO - Data transformation complete
[ 2026-05-27 22:13:12,549] 49 root - INFO - Started Regular Expression mapping
[ 2026-05-27 22:13:12,549] 174 root - INFO - Data transformation complete
[ 2026-05-27 22:13:12,549] 49 root - INFO - Started Regular Expression mapping
[ 2026-05-27 22:13:12,550] 25 root - INFO - Match heuristic business names to paybill payments
[ 2026-05-27 22:13:12,550] 174 root - INFO - Data transformation complete
[ 2026-05-27 22:13:12,550] 49 root - INFO - Started Regular Expression mapping
[ 2026-05-27 22:13:12,550] 174 root - INFO - Data transformation complete
[ 2026-05-27 22:13:12,550] 49 root - INFO - Started Regular Expression mapping
[ 2026-05-27 22:13:12,550] 174 root - INFO - Data transformation complete
[ 2026-05-27 22:13:12,551] 49 root - INFO - Started Regular Expression mapping
[ 2026-05-27 22:13:12,551] 174 root - INFO - Data transformation complete
[ 2026-05-27 22:13:12,551] 49 root - INFO - Started Regular Expression mapping
[ 2026-05-27 22:13:12,551] 174 root - INFO - Data transformation complete
[ 2026-05-27 22:13:12,551] 49 root - INFO - Started Regular Expression mapping
[ 2026-05-27 22:13:12,551] 174 root - INFO - Data transformation complete
[ 2026-05-27 22:13:12,551] 49 root - INFO - Started Regular Expression mapping
[ 2026-05-27 22:13:12,552] 174 root - INFO - Data transformation complete
[ 2026-05-27 22:13:12,552] 49 root - INFO - Started Regular Expression mapping
[ 2026-05-27 22:13:12,553] 174 root - INFO - Data transformation complete
[ 2026-05-27 22:13:12,553] 49 root - INFO - Started Regular Expression mapping
[ 2026-05-27 22:13:12,553] 174 root - INFO - Data transformation complete
[ 2026-05-27 22:13:12,553] 49 root - INFO - Started Regular Expression mapping
[ 2026-05-27 22:13:12,553] 174 root - INFO - Data transformation complete
[ 2026-05-27 22:13:12,553] 49 root - INFO - Started Regular Expression mapping
[ 2026-05-27 22:13:12,554] 174 root - INFO - Data transformation complete
[ 2026-05-27 22:13:12,554] 49 root - INFO - Started Regular Expression mapping
[ 2026-05-27 22:13:12,554] 25 root - INFO - Match heuristic business names to paybill payments
[ 2026-05-27 22:13:12,554] 174 root - INFO - Data transformation complete
[ 2026-05-27 22:13:12,554] 49 root - INFO - Started Regular Expression mapping
[ 2026-05-27 22:13:12,554] 174 root - INFO - Data transformation complete
[ 2026-05-27 22:13:12,554] 49 root - INFO - Started Regular Expression mapping
[ 2026-05-27 22:13:12,555] 174 root - INFO - Data transformation complete
[ 2026-05-27 22:13:12,555] 49 root - INFO - Started Regular Expression mapping
[ 2026-05-27 22:13:12,555] 174 root - INFO - Data transformation complete
[ 2026-05-27 22:13:12,555] 49 root - INFO - Started Regular Expression mapping
[ 2026-05-27 22:13:12,555] 174 root - INFO - Data transformation complete
[ 2026-05-27 22:13:12,555] 49 root - INFO - Started Regular Expression mapping
[ 2026-05-27 22:13:12,555] 174 root - INFO - Data transformation complete
[ 2026-05-27 22:13:12,556] 49 root - INFO - Started Regular Expression mapping
[ 2026-05-27 22:13:12,556] 174 root - INFO - Data transformation complete
[ 2026-05-27 22:13:12,556] 49 root - INFO - Started Regular Expression mapping
[ 2026-05-27 22:13:12,556] 174 root - INFO - Data transformation complete
[ 2026-05-27 22:13:12,556] 49 root - INFO - Started Regular Expression mapping
[ 2026-05-27 22:13:12,556] 174 root - INFO - Data transformation complete
[ 2026-05-27 22:13:12,557] 49 root - INFO - Started Regular Expression mapping
[ 2026-05-27 22:13:12,557] 174 root - INFO - Data transformation complete
[ 2026-05-27 22:13:12,557] 49 root - INFO - Started Regular Expression mapping
[ 2026-05-27 22:13:12,557] 174 root - INFO - Data transformation complete
[ 2026-05-27 22:13:12,557] 49 root - INFO - Started Regular Expression mapping
[ 2026-05-27 22:13:12,557] 174 root - INFO - Data transformation complete
[ 2026-05-27 22:13:12,557] 49 root - INFO - Started Regular Expression mapping
[ 2026-05-27 22:13:12,558] 174 root - INFO - Data transformation complete
[ 2026-05-27 22:13:12,558] 49 root - INFO - Started Regular Expression mapping
[ 2026-05-27 22:13:12,558] 174 root - INFO - Data transformation complete
[ 2026-05-27 22:13:12,558] 49 root - INFO - Started Regular Expression mapping
[ 2026-05-27 22:13:12,558] 174 root - INFO - Data transformation complete
[ 2026-05-27 22:13:12,558] 49 root - INFO - Started Regular Expression mapping
[ 2026-05-27 22:13:12,559] 174 root - INFO - Data transformation complete
[ 2026-05-27 22:13:12,559] 49 root - INFO - Started Regular Expression mapping
[ 2026-05-27 22:13:12,559] 174 root - INFO - Data transformation complete
[ 2026-05-27 22:13:12,559] 49 root - INFO - Started Regular Expression mapping
[ 2026-05-27 22:13:12,559] 174 root - INFO - Data transformation complete
[ 2026-05-27 22:13:12,559] 49 root - INFO - Started Regular Expression mapping
[ 2026-05-27 22:13:12,560] 25 root - INFO - Match heuristic business names to paybill payments
[ 2026-05-27 22:13:12,560] 174 root - INFO - Data transformation complete
[ 2026-05-27 22:13:12,560] 49 root - INFO - Started Regular Expression mapping
[ 2026-05-27 22:13:12,561] 174 root - INFO - Data transformation complete
[ 2026-05-27 22:13:12,561] 49 root - INFO - Started Regular Expression mapping
[ 2026-05-27 22:13:12,561] 174 root - INFO - Data transformation complete
[ 2026-05-27 22:13:12,561] 49 root - INFO - Started Regular Expression mapping
[ 2026-05-27 22:13:12,561] 174 root - INFO - Data transformation complete
[ 2026-05-27 22:13:12,562] 49 root - INFO - Started Regular Expression mapping
[ 2026-05-27 22:13:12,562] 174 root - INFO - Data transformation complete
[ 2026-05-27 22:13:12,562] 49 root - INFO - Started Regular Expression mapping
[ 2026-05-27 22:13:12,562] 174 root - INFO - Data transformation complete
[ 2026-05-27 22:13:12,562] 49 root - INFO - Started Regular Expression mapping
[ 2026-05-27 22:13:12,562] 174 root - INFO - Data transformation complete
[ 2026-05-27 22:13:12,563] 49 root - INFO - Started Regular Expression mapping
[ 2026-05-27 22:13:12,563] 174 root - INFO - Data transformation complete
[ 2026-05-27 22:13:12,563] 49 root - INFO - Started Regular Expression mapping
[ 2026-05-27 22:13:12,563] 174 root - INFO - Data transformation complete
[ 2026-05-27 22:13:12,563] 49 root - INFO - Started Regular Expression mapping
[ 2026-05-27 22:13:12,563] 174 root - INFO - Data transformation complete
[ 2026-05-27 22:13:12,564] 49 root - INFO - Started Regular Expression mapping
[ 2026-05-27 22:13:12,564] 174 root - INFO - Data transformation complete
[ 2026-05-27 22:13:12,564] 49 root - INFO - Started Regular Expression mapping
[ 2026-05-27 22:13:12,564] 174 root - INFO - Data transformation complete
[ 2026-05-27 22:13:12,564] 49 root - INFO - Started Regular Expression mapping
[ 2026-05-27 22:13:12,564] 25 root - INFO - Match heuristic business names to paybill payments
[ 2026-05-27 22:13:12,564] 174 root - INFO - Data transformation complete
[ 2026-05-27 22:13:12,565] 49 root - INFO - Started Regular Expression mapping
[ 2026-05-27 22:13:12,565] 25 root - INFO - Match heuristic business names to paybill payments
[ 2026-05-27 22:13:12,565] 174 root - INFO - Data transformation complete
[ 2026-05-27 22:13:12,565] 49 root - INFO - Started Regular Expression mapping
[ 2026-05-27 22:13:12,565] 174 root - INFO - Data transformation complete
[ 2026-05-27 22:13:12,565] 49 root - INFO - Started Regular Expression mapping
[ 2026-05-27 22:13:12,566] 174 root - INFO - Data transformation complete
[ 2026-05-27 22:13:12,566] 49 root - INFO - Started Regular Expression mapping
[ 2026-05-27 22:13:12,566] 174 root - INFO - Data transformation complete
[ 2026-05-27 22:13:12,566] 49 root - INFO - Started Regular Expression mapping
[ 2026-05-27 22:13:12,566] 174 root - INFO - Data transformation complete
[ 2026-05-27 22:13:12,566] 49 root - INFO - Started Regular Expression mapping
[ 2026-05-27 22:13:12,566] 174 root - INFO - Data transformation complete
[ 2026-05-27 22:13:12,567] 49 root - INFO - Started Regular Expression mapping
[ 2026-05-27 22:13:12,567] 174 root - INFO - Data transformation complete
[ 2026-05-27 22:13:12,567] 49 root - INFO - Started Regular Expression mapping
[ 2026-05-27 22:13:12,567] 174 root - INFO - Data transformation complete
[ 2026-05-27 22:13:12,567] 49 root - INFO - Started Regular Expression mapping
[ 2026-05-27 22:13:12,567] 25 root - INFO - Match heuristic business names to paybill payments
[ 2026-05-27 22:13:12,567] 174 root - INFO - Data transformation complete
[ 2026-05-27 22:13:12,568] 49 root - INFO - Started Regular Expression mapping
[ 2026-05-27 22:13:12,568] 174 root - INFO - Data transformation complete
[ 2026-05-27 22:13:12,568] 49 root - INFO - Started Regular Expression mapping
[ 2026-05-27 22:13:12,568] 174 root - INFO - Data transformation complete
[ 2026-05-27 22:13:12,568] 49 root - INFO - Started Regular Expression mapping
[ 2026-05-27 22:13:12,569] 174 root - INFO - Data transformation complete
[ 2026-05-27 22:13:12,569] 49 root - INFO - Started Regular Expression mapping
[ 2026-05-27 22:13:12,569] 174 root - INFO - Data transformation complete
[ 2026-05-27 22:13:12,569] 49 root - INFO - Started Regular Expression mapping
[ 2026-05-27 22:13:12,569] 174 root - INFO - Data transformation complete
[ 2026-05-27 22:13:12,569] 49 root - INFO - Started Regular Expression mapping
[ 2026-05-27 22:13:12,570] 174 root - INFO - Data transformation complete
[ 2026-05-27 22:13:12,570] 49 root - INFO - Started Regular Expression mapping
[ 2026-05-27 22:13:12,570] 174 root - INFO - Data transformation complete
[ 2026-05-27 22:13:12,570] 49 root - INFO - Started Regular Expression mapping
[ 2026-05-27 22:13:12,570] 174 root - INFO - Data transformation complete
[ 2026-05-27 22:13:12,570] 49 root - INFO - Started Regular Expression mapping
[ 2026-05-27 22:13:12,570] 174 root - INFO - Data transformation complete
[ 2026-05-27 22:13:12,571] 49 root - INFO - Started Regular Expression mapping
[ 2026-05-27 22:13:12,571] 174 root - INFO - Data transformation complete
[ 2026-05-27 22:13:12,571] 49 root - INFO - Started Regular Expression mapping
[ 2026-05-27 22:13:12,571] 174 root - INFO - Data transformation complete
[ 2026-05-27 22:13:12,571] 49 root - INFO - Started Regular Expression mapping
[ 2026-05-27 22:13:12,571] 174 root - INFO - Data transformation complete
[ 2026-05-27 22:13:12,571] 49 root - INFO - Started Regular Expression mapping
[ 2026-05-27 22:13:12,572] 174 root - INFO - Data transformation complete
[ 2026-05-27 22:13:12,572] 49 root - INFO - Started Regular Expression mapping
[ 2026-05-27 22:13:12,572] 174 root - INFO - Data transformation complete
[ 2026-05-27 22:13:12,572] 49 root - INFO - Started Regular Expression mapping
[ 2026-05-27 22:13:12,572] 174 root - INFO - Data transformation complete
[ 2026-05-27 22:13:12,572] 49 root - INFO - Started Regular Expression mapping
[ 2026-05-27 22:13:12,572] 174 root - INFO - Data transformation complete
[ 2026-05-27 22:13:12,573] 49 root - INFO - Started Regular Expression mapping
[ 2026-05-27 22:13:12,573] 174 root - INFO - Data transformation complete
[ 2026-05-27 22:13:12,573] 49 root - INFO - Started Regular Expression mapping
[ 2026-05-27 22:13:12,573] 174 root - INFO - Data transformation complete
[ 2026-05-27 22:13:12,573] 49 root - INFO - Started Regular Expression mapping
[ 2026-05-27 22:13:12,573] 174 root - INFO - Data transformation complete
[ 2026-05-27 22:13:12,574] 49 root - INFO - Started Regular Expression mapping
[ 2026-05-27 22:13:12,574] 25 root - INFO - Match heuristic business names to paybill payments
[ 2026-05-27 22:13:12,574] 174 root - INFO - Data transformation complete
[ 2026-05-27 22:13:12,574] 49 root - INFO - Started Regular Expression mapping
[ 2026-05-27 22:13:12,574] 174 root - INFO - Data transformation complete
[ 2026-05-27 22:13:12,574] 49 root - INFO - Started Regular Expression mapping
[ 2026-05-27 22:13:12,574] 174 root - INFO - Data transformation complete
[ 2026-05-27 22:13:12,575] 49 root - INFO - Started Regular Expression mapping
[ 2026-05-27 22:13:12,575] 174 root - INFO - Data transformation complete
[ 2026-05-27 22:13:12,575] 49 root - INFO - Started Regular Expression mapping
[ 2026-05-27 22:13:12,575] 174 root - INFO - Data transformation complete
[ 2026-05-27 22:13:12,575] 49 root - INFO - Started Regular Expression mapping
[ 2026-05-27 22:13:12,575] 174 root - INFO - Data transformation complete
[ 2026-05-27 22:13:12,575] 49 root - INFO - Started Regular Expression mapping
[ 2026-05-27 22:13:12,576] 174 root - INFO - Data transformation complete
[ 2026-05-27 22:13:12,576] 49 root - INFO - Started Regular Expression mapping
[ 2026-05-27 22:13:12,576] 174 root - INFO - Data transformation complete
[ 2026-05-27 22:13:12,576] 49 root - INFO - Started Regular Expression mapping
[ 2026-05-27 22:13:12,576] 174 root - INFO - Data transformation complete
[ 2026-05-27 22:13:12,576] 49 root - INFO - Started Regular Expression mapping
[ 2026-05-27 22:13:12,577] 174 root - INFO - Data transformation complete
[ 2026-05-27 22:13:12,577] 49 root - INFO - Started Regular Expression mapping
[ 2026-05-27 22:13:12,577] 25 root - INFO - Match heuristic business names to paybill payments
[ 2026-05-27 22:13:12,577] 174 root - INFO - Data transformation complete
[ 2026-05-27 22:13:12,577] 49 root - INFO - Started Regular Expression mapping
[ 2026-05-27 22:13:12,577] 174 root - INFO - Data transformation complete
[ 2026-05-27 22:13:12,577] 49 root - INFO - Started Regular Expression mapping
[ 2026-05-27 22:13:12,578] 174 root - INFO - Data transformation complete
[ 2026-05-27 22:13:12,578] 49 root - INFO - Started Regular Expression mapping
[ 2026-05-27 22:13:12,578] 174 root - INFO - Data transformation complete
[ 2026-05-27 22:13:12,578] 49 root - INFO - Started Regular Expression mapping
[ 2026-05-27 22:13:12,578] 174 root - INFO - Data transformation complete
[ 2026-05-27 22:13:12,578] 49 root - INFO - Started Regular Expression mapping
[ 2026-05-27 22:13:12,579] 174 root - INFO - Data transformation complete
[ 2026-05-27 22:13:12,579] 49 root - INFO - Started Regular Expression mapping
[ 2026-05-27 22:13:12,579] 174 root - INFO - Data transformation complete
[ 2026-05-27 22:13:12,579] 49 root - INFO - Started Regular Expression mapping
[ 2026-05-27 22:13:12,579] 174 root - INFO - Data transformation complete
[ 2026-05-27 22:13:12,579] 49 root - INFO - Started Regular Expression mapping
[ 2026-05-27 22:13:12,580] 174 root - INFO - Data transformation complete
[ 2026-05-27 22:13:12,580] 49 root - INFO - Started Regular Expression mapping
[ 2026-05-27 22:13:12,580] 25 root - INFO - Match heuristic business names to paybill payments
[ 2026-05-27 22:13:12,580] 174 root - INFO - Data transformation complete
[ 2026-05-27 22:13:12,580] 49 root - INFO - Started Regular Expression mapping
[ 2026-05-27 22:13:12,580] 25 root - INFO - Match heuristic business names to paybill payments
[ 2026-05-27 22:13:12,580] 174 root - INFO - Data transformation complete
[ 2026-05-27 22:13:12,581] 49 root - INFO - Started Regular Expression mapping
[ 2026-05-27 22:13:12,581] 174 root - INFO - Data transformation complete
[ 2026-05-27 22:13:12,581] 49 root - INFO - Started Regular Expression mapping
[ 2026-05-27 22:13:12,581] 25 root - INFO - Match heuristic business names to paybill payments
[ 2026-05-27 22:13:12,581] 174 root - INFO - Data transformation complete
[ 2026-05-27 22:13:12,581] 49 root - INFO - Started Regular Expression mapping
[ 2026-05-27 22:13:12,581] 174 root - INFO - Data transformation complete
[ 2026-05-27 22:13:12,582] 49 root - INFO - Started Regular Expression mapping
[ 2026-05-27 22:13:12,582] 174 root - INFO - Data transformation complete
[ 2026-05-27 22:13:12,582] 49 root - INFO - Started Regular Expression mapping
[ 2026-05-27 22:13:12,582] 174 root - INFO - Data transformation complete
[ 2026-05-27 22:13:12,582] 49 root - INFO - Started Regular Expression mapping
[ 2026-05-27 22:13:12,582] 174 root - INFO - Data transformation complete
[ 2026-05-27 22:13:12,582] 49 root - INFO - Started Regular Expression mapping
[ 2026-05-27 22:13:12,583] 174 root - INFO - Data transformation complete
[ 2026-05-27 22:13:12,583] 49 root - INFO - Started Regular Expression mapping
[ 2026-05-27 22:13:12,583] 174 root - INFO - Data transformation complete
[ 2026-05-27 22:13:12,583] 49 root - INFO - Started Regular Expression mapping
[ 2026-05-27 22:13:12,583] 174 root - INFO - Data transformation complete
[ 2026-05-27 22:13:12,583] 49 root - INFO - Started Regular Expression mapping
[ 2026-05-27 22:13:12,584] 174 root - INFO - Data transformation complete
[ 2026-05-27 22:13:12,584] 49 root - INFO - Started Regular Expression mapping
[ 2026-05-27 22:13:12,584] 174 root - INFO - Data transformation complete
[ 2026-05-27 22:13:12,584] 49 root - INFO - Started Regular Expression mapping
[ 2026-05-27 22:13:12,584] 174 root - INFO - Data transformation complete
[ 2026-05-27 22:13:12,584] 49 root - INFO - Started Regular Expression mapping
[ 2026-05-27 22:13:12,585] 174 root - INFO - Data transformation complete
[ 2026-05-27 22:13:12,585] 49 root - INFO - Started Regular Expression mapping
[ 2026-05-27 22:13:12,585] 174 root - INFO - Data transformation complete
[ 2026-05-27 22:13:12,585] 49 root - INFO - Started Regular Expression mapping
[ 2026-05-27 22:13:12,585] 25 root - INFO - Match heuristic business names to paybill payments
[ 2026-05-27 22:13:12,585] 174 root - INFO - Data transformation complete
[ 2026-05-27 22:13:12,585] 49 root - INFO - Started Regular Expression mapping
[ 2026-05-27 22:13:12,586] 174 root - INFO - Data transformation complete
[ 2026-05-27 22:13:12,586] 49 root - INFO - Started Regular Expression mapping
[ 2026-05-27 22:13:12,586] 174 root - INFO - Data transformation complete
[ 2026-05-27 22:13:12,586] 49 root - INFO - Started Regular Expression mapping
[ 2026-05-27 22:13:12,586] 174 root - INFO - Data transformation complete
[ 2026-05-27 22:13:12,586] 49 root - INFO - Started Regular Expression mapping
[ 2026-05-27 22:13:12,586] 174 root - INFO - Data transformation complete
[ 2026-05-27 22:13:12,587] 49 root - INFO - Started Regular Expression mapping
[ 2026-05-27 22:13:12,587] 174 root - INFO - Data transformation complete
[ 2026-05-27 22:13:12,587] 49 root - INFO - Started Regular Expression mapping
[ 2026-05-27 22:13:12,587] 174 root - INFO - Data transformation complete
[ 2026-05-27 22:13:12,587] 49 root - INFO - Started Regular Expression mapping
[ 2026-05-27 22:13:12,587] 174 root - INFO - Data transformation complete
[ 2026-05-27 22:13:12,587] 49 root - INFO - Started Regular Expression mapping
[ 2026-05-27 22:13:12,588] 174 root - INFO - Data transformation complete
[ 2026-05-27 22:13:12,588] 49 root - INFO - Started Regular Expression mapping
[ 2026-05-27 22:13:12,588] 174 root - INFO - Data transformation complete
[ 2026-05-27 22:13:12,588] 49 root - INFO - Started Regular Expression mapping
[ 2026-05-27 22:13:12,588] 174 root - INFO - Data transformation complete
[ 2026-05-27 22:13:12,588] 49 root - INFO - Started Regular Expression mapping
[ 2026-05-27 22:13:12,589] 174 root - INFO - Data transformation complete
[ 2026-05-27 22:13:12,589] 49 root - INFO - Started Regular Expression mapping
[ 2026-05-27 22:13:12,589] 174 root - INFO - Data transformation complete
[ 2026-05-27 22:13:12,589] 49 root - INFO - Started Regular Expression mapping
[ 2026-05-27 22:13:12,589] 174 root - INFO - Data transformation complete
[ 2026-05-27 22:13:12,589] 49 root - INFO - Started Regular Expression mapping
[ 2026-05-27 22:13:12,590] 174 root - INFO - Data transformation complete
[ 2026-05-27 22:13:12,590] 49 root - INFO - Started Regular Expression mapping
[ 2026-05-27 22:13:12,590] 174 root - INFO - Data transformation complete
[ 2026-05-27 22:13:12,590] 49 root - INFO - Started Regular Expression mapping
[ 2026-05-27 22:13:12,590] 25 root - INFO - Match heuristic business names to paybill payments
[ 2026-05-27 22:13:12,590] 174 root - INFO - Data transformation complete
[ 2026-05-27 22:13:12,590] 49 root - INFO - Started Regular Expression mapping
[ 2026-05-27 22:13:12,591] 174 root - INFO - Data transformation complete
[ 2026-05-27 22:13:12,591] 49 root - INFO - Started Regular Expression mapping
[ 2026-05-27 22:13:12,591] 25 root - INFO - Match heuristic business names to paybill payments
[ 2026-05-27 22:13:12,591] 174 root - INFO - Data transformation complete
[ 2026-05-27 22:13:12,591] 49 root - INFO - Started Regular Expression mapping
[ 2026-05-27 22:13:12,591] 174 root - INFO - Data transformation complete
[ 2026-05-27 22:13:12,591] 49 root - INFO - Started Regular Expression mapping
[ 2026-05-27 22:13:12,592] 174 root - INFO - Data transformation complete
[ 2026-05-27 22:13:12,592] 49 root - INFO - Started Regular Expression mapping
[ 2026-05-27 22:13:12,592] 174 root - INFO - Data transformation complete
[ 2026-05-27 22:13:12,592] 49 root - INFO - Started Regular Expression mapping
[ 2026-05-27 22:13:12,592] 174 root - INFO - Data transformation complete
[ 2026-05-27 22:13:12,592] 49 root - INFO - Started Regular Expression mapping
[ 2026-05-27 22:13:12,593] 174 root - INFO - Data transformation complete
[ 2026-05-27 22:13:12,593] 49 root - INFO - Started Regular Expression mapping
[ 2026-05-27 22:13:12,593] 174 root - INFO - Data transformation complete
[ 2026-05-27 22:13:12,593] 49 root - INFO - Started Regular Expression mapping
[ 2026-05-27 22:13:12,593] 174 root - INFO - Data transformation complete
[ 2026-05-27 22:13:12,593] 49 root - INFO - Started Regular Expression mapping
[ 2026-05-27 22:13:12,594] 174 root - INFO - Data transformation complete
[ 2026-05-27 22:13:12,594] 49 root - INFO - Started Regular Expression mapping
[ 2026-05-27 22:13:12,594] 174 root - INFO - Data transformation complete
[ 2026-05-27 22:13:12,594] 49 root - INFO - Started Regular Expression mapping
[ 2026-05-27 22:13:12,594] 174 root - INFO - Data transformation complete
[ 2026-05-27 22:13:12,594] 49 root - INFO - Started Regular Expression mapping
[ 2026-05-27 22:13:12,594] 25 root - INFO - Match heuristic business names to paybill payments
[ 2026-05-27 22:13:12,595] 174 root - INFO - Data transformation complete
[ 2026-05-27 22:13:12,595] 49 root - INFO - Started Regular Expression mapping
[ 2026-05-27 22:13:12,595] 174 root - INFO - Data transformation complete
[ 2026-05-27 22:13:12,595] 49 root - INFO - Started Regular Expression mapping
[ 2026-05-27 22:13:12,595] 174 root - INFO - Data transformation complete
[ 2026-05-27 22:13:12,595] 49 root - INFO - Started Regular Expression mapping
[ 2026-05-27 22:13:12,595] 174 root - INFO - Data transformation complete
[ 2026-05-27 22:13:12,596] 49 root - INFO - Started Regular Expression mapping
[ 2026-05-27 22:13:12,596] 174 root - INFO - Data transformation complete
[ 2026-05-27 22:13:12,596] 49 root - INFO - Started Regular Expression mapping
[ 2026-05-27 22:13:12,596] 174 root - INFO - Data transformation complete
[ 2026-05-27 22:13:12,596] 49 root - INFO - Started Regular Expression mapping
[ 2026-05-27 22:13:12,596] 174 root - INFO - Data transformation complete
[ 2026-05-27 22:13:12,596] 49 root - INFO - Started Regular Expression mapping
[ 2026-05-27 22:13:12,597] 174 root - INFO - Data transformation complete
[ 2026-05-27 22:13:12,597] 49 root - INFO - Started Regular Expression mapping
[ 2026-05-27 22:13:12,597] 174 root - INFO - Data transformation complete
[ 2026-05-27 22:13:12,597] 49 root - INFO - Started Regular Expression mapping
[ 2026-05-27 22:13:12,597] 174 root - INFO - Data transformation complete
[ 2026-05-27 22:13:12,597] 49 root - INFO - Started Regular Expression mapping
[ 2026-05-27 22:13:12,598] 174 root - INFO - Data transformation complete
[ 2026-05-27 22:13:12,598] 49 root - INFO - Started Regular Expression mapping
[ 2026-05-27 22:13:12,598] 174 root - INFO - Data transformation complete
[ 2026-05-27 22:13:12,598] 49 root - INFO - Started Regular Expression mapping
[ 2026-05-27 22:13:12,598] 174 root - INFO - Data transformation complete
[ 2026-05-27 22:13:12,598] 49 root - INFO - Started Regular Expression mapping
[ 2026-05-27 22:13:12,598] 174 root - INFO - Data transformation complete
[ 2026-05-27 22:13:12,599] 49 root - INFO - Started Regular Expression mapping
[ 2026-05-27 22:13:12,599] 174 root - INFO - Data transformation complete
[ 2026-05-27 22:13:12,599] 49 root - INFO - Started Regular Expression mapping
[ 2026-05-27 22:13:12,599] 174 root - INFO - Data transformation complete
[ 2026-05-27 22:13:12,599] 49 root - INFO - Started Regular Expression mapping
[ 2026-05-27 22:13:12,599] 25 root - INFO - Match heuristic business names to paybill payments
[ 2026-05-27 22:13:12,600] 174 root - INFO - Data transformation complete
[ 2026-05-27 22:13:12,600] 49 root - INFO - Started Regular Expression mapping
[ 2026-05-27 22:13:12,600] 174 root - INFO - Data transformation complete
[ 2026-05-27 22:13:12,601] 49 root - INFO - Started Regular Expression mapping
[ 2026-05-27 22:13:12,601] 174 root - INFO - Data transformation complete
[ 2026-05-27 22:13:12,602] 49 root - INFO - Started Regular Expression mapping
[ 2026-05-27 22:13:12,602] 174 root - INFO - Data transformation complete
[ 2026-05-27 22:13:12,602] 49 root - INFO - Started Regular Expression mapping
[ 2026-05-27 22:13:12,602] 174 root - INFO - Data transformation complete
[ 2026-05-27 22:13:12,602] 49 root - INFO - Started Regular Expression mapping
[ 2026-05-27 22:13:12,602] 174 root - INFO - Data transformation complete
[ 2026-05-27 22:13:12,603] 49 root - INFO - Started Regular Expression mapping
[ 2026-05-27 22:13:12,603] 174 root - INFO - Data transformation complete
[ 2026-05-27 22:13:12,603] 49 root - INFO - Started Regular Expression mapping
[ 2026-05-27 22:13:12,603] 174 root - INFO - Data transformation complete
[ 2026-05-27 22:13:12,603] 49 root - INFO - Started Regular Expression mapping
[ 2026-05-27 22:13:12,603] 174 root - INFO - Data transformation complete
[ 2026-05-27 22:13:12,604] 49 root - INFO - Started Regular Expression mapping
[ 2026-05-27 22:13:12,604] 174 root - INFO - Data transformation complete
[ 2026-05-27 22:13:12,604] 49 root - INFO - Started Regular Expression mapping
[ 2026-05-27 22:13:12,604] 174 root - INFO - Data transformation complete
[ 2026-05-27 22:13:12,604] 49 root - INFO - Started Regular Expression mapping
[ 2026-05-27 22:13:12,604] 174 root - INFO - Data transformation complete
[ 2026-05-27 22:13:12,604] 49 root - INFO - Started Regular Expression mapping
[ 2026-05-27 22:13:12,605] 174 root - INFO - Data transformation complete
[ 2026-05-27 22:13:12,605] 49 root - INFO - Started Regular Expression mapping
[ 2026-05-27 22:13:12,605] 174 root - INFO - Data transformation complete
[ 2026-05-27 22:13:12,605] 49 root - INFO - Started Regular Expression mapping
[ 2026-05-27 22:13:12,605] 174 root - INFO - Data transformation complete
[ 2026-05-27 22:13:12,605] 49 root - INFO - Started Regular Expression mapping
[ 2026-05-27 22:13:12,606] 174 root - INFO - Data transformation complete
[ 2026-05-27 22:13:12,606] 49 root - INFO - Started Regular Expression mapping
[ 2026-05-27 22:13:12,606] 174 root - INFO - Data transformation complete
[ 2026-05-27 22:13:12,606] 49 root - INFO - Started Regular Expression mapping
[ 2026-05-27 22:13:12,606] 174 root - INFO - Data transformation complete
[ 2026-05-27 22:13:12,606] 49 root - INFO - Started Regular Expression mapping
[ 2026-05-27 22:13:12,606] 174 root - INFO - Data transformation complete
[ 2026-05-27 22:13:12,607] 49 root - INFO - Started Regular Expression mapping
[ 2026-05-27 22:13:12,607] 174 root - INFO - Data transformation complete
[ 2026-05-27 22:13:12,607] 49 root - INFO - Started Regular Expression mapping
[ 2026-05-27 22:13:12,607] 174 root - INFO - Data transformation complete
[ 2026-05-27 22:13:12,607] 49 root - INFO - Started Regular Expression mapping
[ 2026-05-27 22:13:12,607] 174 root - INFO - Data transformation complete
[ 2026-05-27 22:13:12,607] 49 root - INFO - Started Regular Expression mapping
[ 2026-05-27 22:13:12,608] 174 root - INFO - Data transformation complete
[ 2026-05-27 22:13:12,608] 49 root - INFO - Started Regular Expression mapping
[ 2026-05-27 22:13:12,608] 174 root - INFO - Data transformation complete
[ 2026-05-27 22:13:12,608] 49 root - INFO - Started Regular Expression mapping
[ 2026-05-27 22:13:12,608] 174 root - INFO - Data transformation complete
[ 2026-05-27 22:13:12,608] 49 root - INFO - Started Regular Expression mapping
[ 2026-05-27 22:13:12,609] 25 root - INFO - Match heuristic business names to paybill payments
[ 2026-05-27 22:13:12,609] 174 root - INFO - Data transformation complete
[ 2026-05-27 22:13:12,609] 49 root - INFO - Started Regular Expression mapping
[ 2026-05-27 22:13:12,609] 174 root - INFO - Data transformation complete
[ 2026-05-27 22:13:12,609] 49 root - INFO - Started Regular Expression mapping
[ 2026-05-27 22:13:12,609] 174 root - INFO - Data transformation complete
[ 2026-05-27 22:13:12,609] 49 root - INFO - Started Regular Expression mapping
[ 2026-05-27 22:13:12,610] 174 root - INFO - Data transformation complete
[ 2026-05-27 22:13:12,610] 49 root - INFO - Started Regular Expression mapping
[ 2026-05-27 22:13:12,610] 174 root - INFO - Data transformation complete
[ 2026-05-27 22:13:12,611] 49 root - INFO - Started Regular Expression mapping
[ 2026-05-27 22:13:12,611] 174 root - INFO - Data transformation complete
[ 2026-05-27 22:13:12,611] 49 root - INFO - Started Regular Expression mapping
[ 2026-05-27 22:13:12,611] 174 root - INFO - Data transformation complete
[ 2026-05-27 22:13:12,611] 49 root - INFO - Started Regular Expression mapping
[ 2026-05-27 22:13:12,612] 174 root - INFO - Data transformation complete
[ 2026-05-27 22:13:12,612] 49 root - INFO - Started Regular Expression mapping
[ 2026-05-27 22:13:12,612] 174 root - INFO - Data transformation complete
[ 2026-05-27 22:13:12,612] 49 root - INFO - Started Regular Expression mapping
[ 2026-05-27 22:13:12,612] 174 root - INFO - Data transformation complete
[ 2026-05-27 22:13:12,612] 49 root - INFO - Started Regular Expression mapping
[ 2026-05-27 22:13:12,613] 25 root - INFO - Match heuristic business names to paybill payments
[ 2026-05-27 22:13:12,613] 174 root - INFO - Data transformation complete
[ 2026-05-27 22:13:12,613] 49 root - INFO - Started Regular Expression mapping
[ 2026-05-27 22:13:12,613] 174 root - INFO - Data transformation complete
[ 2026-05-27 22:13:12,613] 49 root - INFO - Started Regular Expression mapping
[ 2026-05-27 22:13:12,613] 174 root - INFO - Data transformation complete
[ 2026-05-27 22:13:12,614] 49 root - INFO - Started Regular Expression mapping
[ 2026-05-27 22:13:12,614] 174 root - INFO - Data transformation complete
[ 2026-05-27 22:13:12,614] 49 root - INFO - Started Regular Expression mapping
[ 2026-05-27 22:13:12,614] 174 root - INFO - Data transformation complete
[ 2026-05-27 22:13:12,614] 49 root - INFO - Started Regular Expression mapping
[ 2026-05-27 22:13:12,614] 174 root - INFO - Data transformation complete
[ 2026-05-27 22:13:12,614] 49 root - INFO - Started Regular Expression mapping
[ 2026-05-27 22:13:12,615] 174 root - INFO - Data transformation complete
[ 2026-05-27 22:13:12,615] 49 root - INFO - Started Regular Expression mapping
[ 2026-05-27 22:13:12,615] 174 root - INFO - Data transformation complete
[ 2026-05-27 22:13:12,615] 49 root - INFO - Started Regular Expression mapping
[ 2026-05-27 22:13:12,615] 174 root - INFO - Data transformation complete
[ 2026-05-27 22:13:12,615] 49 root - INFO - Started Regular Expression mapping
[ 2026-05-27 22:13:12,616] 174 root - INFO - Data transformation complete
[ 2026-05-27 22:13:12,616] 49 root - INFO - Started Regular Expression mapping
[ 2026-05-27 22:13:12,616] 174 root - INFO - Data transformation complete
[ 2026-05-27 22:13:12,616] 49 root - INFO - Started Regular Expression mapping
[ 2026-05-27 22:13:12,616] 174 root - INFO - Data transformation complete
[ 2026-05-27 22:13:12,616] 49 root - INFO - Started Regular Expression mapping
[ 2026-05-27 22:13:12,617] 174 root - INFO - Data transformation complete
[ 2026-05-27 22:13:12,617] 49 root - INFO - Started Regular Expression mapping
[ 2026-05-27 22:13:12,617] 174 root - INFO - Data transformation complete
[ 2026-05-27 22:13:12,617] 49 root - INFO - Started Regular Expression mapping
[ 2026-05-27 22:13:12,617] 174 root - INFO - Data transformation complete
[ 2026-05-27 22:13:12,617] 49 root - INFO - Started Regular Expression mapping
[ 2026-05-27 22:13:12,618] 174 root - INFO - Data transformation complete
[ 2026-05-27 22:13:12,618] 49 root - INFO - Started Regular Expression mapping
[ 2026-05-27 22:13:12,618] 174 root - INFO - Data transformation complete
[ 2026-05-27 22:13:12,618] 49 root - INFO - Started Regular Expression mapping
[ 2026-05-27 22:13:12,618] 174 root - INFO - Data transformation complete
[ 2026-05-27 22:13:12,618] 49 root - INFO - Started Regular Expression mapping
[ 2026-05-27 22:13:12,618] 174 root - INFO - Data transformation complete
[ 2026-05-27 22:13:12,619] 49 root - INFO - Started Regular Expression mapping
[ 2026-05-27 22:13:12,619] 25 root - INFO - Match heuristic business names to paybill payments
[ 2026-05-27 22:13:12,619] 174 root - INFO - Data transformation complete
[ 2026-05-27 22:13:12,619] 49 root - INFO - Started Regular Expression mapping
[ 2026-05-27 22:13:12,619] 174 root - INFO - Data transformation complete
[ 2026-05-27 22:13:12,619] 49 root - INFO - Started Regular Expression mapping
[ 2026-05-27 22:13:12,620] 174 root - INFO - Data transformation complete
[ 2026-05-27 22:13:12,620] 49 root - INFO - Started Regular Expression mapping
[ 2026-05-27 22:13:12,620] 174 root - INFO - Data transformation complete
[ 2026-05-27 22:13:12,620] 49 root - INFO - Started Regular Expression mapping
[ 2026-05-27 22:13:12,620] 25 root - INFO - Match heuristic business names to paybill payments
[ 2026-05-27 22:13:12,620] 174 root - INFO - Data transformation complete
[ 2026-05-27 22:13:12,620] 49 root - INFO - Started Regular Expression mapping
[ 2026-05-27 22:13:12,621] 174 root - INFO - Data transformation complete
[ 2026-05-27 22:13:12,621] 49 root - INFO - Started Regular Expression mapping
[ 2026-05-27 22:13:12,621] 174 root - INFO - Data transformation complete
[ 2026-05-27 22:13:12,621] 49 root - INFO - Started Regular Expression mapping
[ 2026-05-27 22:13:12,621] 174 root - INFO - Data transformation complete
[ 2026-05-27 22:13:12,621] 49 root - INFO - Started Regular Expression mapping
[ 2026-05-27 22:13:12,622] 174 root - INFO - Data transformation complete
[ 2026-05-27 22:13:12,622] 49 root - INFO - Started Regular Expression mapping
[ 2026-05-27 22:13:12,622] 174 root - INFO - Data transformation complete
[ 2026-05-27 22:13:12,622] 49 root - INFO - Started Regular Expression mapping
[ 2026-05-27 22:13:12,622] 174 root - INFO - Data transformation complete
[ 2026-05-27 22:13:12,622] 49 root - INFO - Started Regular Expression mapping
[ 2026-05-27 22:13:12,623] 174 root - INFO - Data transformation complete
[ 2026-05-27 22:13:12,623] 49 root - INFO - Started Regular Expression mapping
[ 2026-05-27 22:13:12,623] 174 root - INFO - Data transformation complete
[ 2026-05-27 22:13:12,623] 49 root - INFO - Started Regular Expression mapping
[ 2026-05-27 22:13:12,623] 174 root - INFO - Data transformation complete
[ 2026-05-27 22:13:12,623] 49 root - INFO - Started Regular Expression mapping
[ 2026-05-27 22:13:12,623] 174 root - INFO - Data transformation complete
[ 2026-05-27 22:13:12,624] 49 root - INFO - Started Regular Expression mapping
[ 2026-05-27 22:13:12,624] 174 root - INFO - Data transformation complete
[ 2026-05-27 22:13:12,624] 49 root - INFO - Started Regular Expression mapping
[ 2026-05-27 22:13:12,624] 174 root - INFO - Data transformation complete
[ 2026-05-27 22:13:12,624] 49 root - INFO - Started Regular Expression mapping
[ 2026-05-27 22:13:12,624] 174 root - INFO - Data transformation complete
[ 2026-05-27 22:13:12,624] 49 root - INFO - Started Regular Expression mapping
[ 2026-05-27 22:13:12,625] 174 root - INFO - Data transformation complete
[ 2026-05-27 22:13:12,625] 49 root - INFO - Started Regular Expression mapping
[ 2026-05-27 22:13:12,625] 174 root - INFO - Data transformation complete
[ 2026-05-27 22:13:12,625] 49 root - INFO - Started Regular Expression mapping
[ 2026-05-27 22:13:12,625] 174 root - INFO - Data transformation complete
[ 2026-05-27 22:13:12,625] 49 root - INFO - Started Regular Expression mapping
[ 2026-05-27 22:13:12,626] 174 root - INFO - Data transformation complete
[ 2026-05-27 22:13:12,626] 49 root - INFO - Started Regular Expression mapping
[ 2026-05-27 22:13:12,626] 174 root - INFO - Data transformation complete
[ 2026-05-27 22:13:12,626] 49 root - INFO - Started Regular Expression mapping
[ 2026-05-27 22:13:12,626] 174 root - INFO - Data transformation complete
[ 2026-05-27 22:13:12,627] 49 root - INFO - Started Regular Expression mapping
[ 2026-05-27 22:13:12,627] 174 root - INFO - Data transformation complete
[ 2026-05-27 22:13:12,627] 49 root - INFO - Started Regular Expression mapping
[ 2026-05-27 22:13:12,627] 174 root - INFO - Data transformation complete
[ 2026-05-27 22:13:12,628] 49 root - INFO - Started Regular Expression mapping
[ 2026-05-27 22:13:12,628] 174 root - INFO - Data transformation complete
[ 2026-05-27 22:13:12,628] 49 root - INFO - Started Regular Expression mapping
[ 2026-05-27 22:13:12,628] 174 root - INFO - Data transformation complete
[ 2026-05-27 22:13:12,628] 49 root - INFO - Started Regular Expression mapping
[ 2026-05-27 22:13:12,629] 174 root - INFO - Data transformation complete
[ 2026-05-27 22:13:12,629] 49 root - INFO - Started Regular Expression mapping
[ 2026-05-27 22:13:12,629] 174 root - INFO - Data transformation complete
[ 2026-05-27 22:13:12,629] 49 root - INFO - Started Regular Expression mapping
[ 2026-05-27 22:13:12,629] 174 root - INFO - Data transformation complete
[ 2026-05-27 22:13:12,629] 49 root - INFO - Started Regular Expression mapping
[ 2026-05-27 22:13:12,629] 174 root - INFO - Data transformation complete
[ 2026-05-27 22:13:12,630] 49 root - INFO - Started Regular Expression mapping
[ 2026-05-27 22:13:12,630] 174 root - INFO - Data transformation complete
[ 2026-05-27 22:13:12,630] 49 root - INFO - Started Regular Expression mapping
[ 2026-05-27 22:13:12,630] 174 root - INFO - Data transformation complete
[ 2026-05-27 22:13:12,630] 49 root - INFO - Started Regular Expression mapping
[ 2026-05-27 22:13:12,630] 174 root - INFO - Data transformation complete
[ 2026-05-27 22:13:12,630] 49 root - INFO - Started Regular Expression mapping
[ 2026-05-27 22:13:12,631] 174 root - INFO - Data transformation complete
[ 2026-05-27 22:13:12,631] 49 root - INFO - Started Regular Expression mapping
[ 2026-05-27 22:13:12,631] 174 root - INFO - Data transformation complete
[ 2026-05-27 22:13:12,631] 49 root - INFO - Started Regular Expression mapping
[ 2026-05-27 22:13:12,631] 174 root - INFO - Data transformation complete
[ 2026-05-27 22:13:12,631] 49 root - INFO - Started Regular Expression mapping
[ 2026-05-27 22:13:12,632] 174 root - INFO - Data transformation complete
[ 2026-05-27 22:13:12,632] 49 root - INFO - Started Regular Expression mapping
[ 2026-05-27 22:13:12,632] 25 root - INFO - Match heuristic business names to paybill payments
[ 2026-05-27 22:13:12,632] 174 root - INFO - Data transformation complete
[ 2026-05-27 22:13:12,632] 49 root - INFO - Started Regular Expression mapping
[ 2026-05-27 22:13:12,632] 174 root - INFO - Data transformation complete
[ 2026-05-27 22:13:12,632] 49 root - INFO - Started Regular Expression mapping
[ 2026-05-27 22:13:12,633] 174 root - INFO - Data transformation complete
[ 2026-05-27 22:13:12,633] 49 root - INFO - Started Regular Expression mapping
[ 2026-05-27 22:13:12,633] 25 root - INFO - Match heuristic business names to paybill payments
[ 2026-05-27 22:13:12,633] 174 root - INFO - Data transformation complete
[ 2026-05-27 22:13:12,633] 49 root - INFO - Started Regular Expression mapping
[ 2026-05-27 22:13:12,633] 174 root - INFO - Data transformation complete
[ 2026-05-27 22:13:12,633] 49 root - INFO - Started Regular Expression mapping
[ 2026-05-27 22:13:12,634] 25 root - INFO - Match heuristic business names to paybill payments
[ 2026-05-27 22:13:12,634] 174 root - INFO - Data transformation complete
[ 2026-05-27 22:13:12,634] 49 root - INFO - Started Regular Expression mapping
[ 2026-05-27 22:13:12,634] 174 root - INFO - Data transformation complete
[ 2026-05-27 22:13:12,634] 49 root - INFO - Started Regular Expression mapping
[ 2026-05-27 22:13:12,634] 174 root - INFO - Data transformation complete
[ 2026-05-27 22:13:12,635] 49 root - INFO - Started Regular Expression mapping
[ 2026-05-27 22:13:12,635] 174 root - INFO - Data transformation complete
[ 2026-05-27 22:13:12,635] 49 root - INFO - Started Regular Expression mapping
[ 2026-05-27 22:13:12,635] 174 root - INFO - Data transformation complete
[ 2026-05-27 22:13:12,635] 49 root - INFO - Started Regular Expression mapping
[ 2026-05-27 22:13:12,635] 174 root - INFO - Data transformation complete
[ 2026-05-27 22:13:12,635] 49 root - INFO - Started Regular Expression mapping
[ 2026-05-27 22:13:12,636] 25 root - INFO - Match heuristic business names to paybill payments
[ 2026-05-27 22:13:12,636] 174 root - INFO - Data transformation complete
[ 2026-05-27 22:13:12,636] 49 root - INFO - Started Regular Expression mapping
[ 2026-05-27 22:13:12,636] 174 root - INFO - Data transformation complete
[ 2026-05-27 22:13:12,636] 49 root - INFO - Started Regular Expression mapping
[ 2026-05-27 22:13:12,636] 174 root - INFO - Data transformation complete
[ 2026-05-27 22:13:12,637] 49 root - INFO - Started Regular Expression mapping
[ 2026-05-27 22:13:12,637] 174 root - INFO - Data transformation complete
[ 2026-05-27 22:13:12,637] 49 root - INFO - Started Regular Expression mapping
[ 2026-05-27 22:13:12,637] 174 root - INFO - Data transformation complete
[ 2026-05-27 22:13:12,637] 49 root - INFO - Started Regular Expression mapping
[ 2026-05-27 22:13:12,637] 174 root - INFO - Data transformation complete
[ 2026-05-27 22:13:12,637] 49 root - INFO - Started Regular Expression mapping
[ 2026-05-27 22:13:12,638] 174 root - INFO - Data transformation complete
[ 2026-05-27 22:13:12,638] 49 root - INFO - Started Regular Expression mapping
[ 2026-05-27 22:13:12,638] 174 root - INFO - Data transformation complete
[ 2026-05-27 22:13:12,638] 49 root - INFO - Started Regular Expression mapping
[ 2026-05-27 22:13:12,638] 174 root - INFO - Data transformation complete
[ 2026-05-27 22:13:12,638] 49 root - INFO - Started Regular Expression mapping
[ 2026-05-27 22:13:12,639] 174 root - INFO - Data transformation complete
[ 2026-05-27 22:13:12,639] 49 root - INFO - Started Regular Expression mapping
[ 2026-05-27 22:13:12,639] 174 root - INFO - Data transformation complete
[ 2026-05-27 22:13:12,639] 49 root - INFO - Started Regular Expression mapping
[ 2026-05-27 22:13:12,639] 174 root - INFO - Data transformation complete
[ 2026-05-27 22:13:12,639] 49 root - INFO - Started Regular Expression mapping
[ 2026-05-27 22:13:12,639] 174 root - INFO - Data transformation complete
[ 2026-05-27 22:13:12,640] 49 root - INFO - Started Regular Expression mapping
[ 2026-05-27 22:13:12,640] 174 root - INFO - Data transformation complete
[ 2026-05-27 22:13:12,640] 49 root - INFO - Started Regular Expression mapping
[ 2026-05-27 22:13:12,640] 174 root - INFO - Data transformation complete
[ 2026-05-27 22:13:12,640] 49 root - INFO - Started Regular Expression mapping
[ 2026-05-27 22:13:12,640] 174 root - INFO - Data transformation complete
[ 2026-05-27 22:13:12,641] 49 root - INFO - Started Regular Expression mapping
[ 2026-05-27 22:13:12,641] 174 root - INFO - Data transformation complete
[ 2026-05-27 22:13:12,641] 49 root - INFO - Started Regular Expression mapping
[ 2026-05-27 22:13:12,641] 174 root - INFO - Data transformation complete
[ 2026-05-27 22:13:12,641] 49 root - INFO - Started Regular Expression mapping
[ 2026-05-27 22:13:12,641] 174 root - INFO - Data transformation complete
[ 2026-05-27 22:13:12,641] 49 root - INFO - Started Regular Expression mapping
[ 2026-05-27 22:13:12,642] 174 root - INFO - Data transformation complete
[ 2026-05-27 22:13:12,642] 49 root - INFO - Started Regular Expression mapping
[ 2026-05-27 22:13:12,642] 174 root - INFO - Data transformation complete
[ 2026-05-27 22:13:12,642] 49 root - INFO - Started Regular Expression mapping
[ 2026-05-27 22:13:12,642] 174 root - INFO - Data transformation complete
[ 2026-05-27 22:13:12,642] 49 root - INFO - Started Regular Expression mapping
[ 2026-05-27 22:13:12,643] 174 root - INFO - Data transformation complete
[ 2026-05-27 22:13:12,643] 49 root - INFO - Started Regular Expression mapping
[ 2026-05-27 22:13:12,643] 174 root - INFO - Data transformation complete
[ 2026-05-27 22:13:12,643] 49 root - INFO - Started Regular Expression mapping
[ 2026-05-27 22:13:12,643] 174 root - INFO - Data transformation complete
[ 2026-05-27 22:13:12,644] 49 root - INFO - Started Regular Expression mapping
[ 2026-05-27 22:13:12,644] 174 root - INFO - Data transformation complete
[ 2026-05-27 22:13:12,644] 49 root - INFO - Started Regular Expression mapping
[ 2026-05-27 22:13:12,644] 174 root - INFO - Data transformation complete
[ 2026-05-27 22:13:12,645] 49 root - INFO - Started Regular Expression mapping
[ 2026-05-27 22:13:12,645] 174 root - INFO - Data transformation complete
[ 2026-05-27 22:13:12,645] 49 root - INFO - Started Regular Expression mapping
[ 2026-05-27 22:13:12,645] 174 root - INFO - Data transformation complete
[ 2026-05-27 22:13:12,645] 49 root - INFO - Started Regular Expression mapping
[ 2026-05-27 22:13:12,645] 174 root - INFO - Data transformation complete
[ 2026-05-27 22:13:12,646] 49 root - INFO - Started Regular Expression mapping
[ 2026-05-27 22:13:12,646] 174 root - INFO - Data transformation complete
[ 2026-05-27 22:13:12,646] 49 root - INFO - Started Regular Expression mapping
[ 2026-05-27 22:13:12,646] 174 root - INFO - Data transformation complete
[ 2026-05-27 22:13:12,646] 49 root - INFO - Started Regular Expression mapping
[ 2026-05-27 22:13:12,646] 174 root - INFO - Data transformation complete
[ 2026-05-27 22:13:12,647] 49 root - INFO - Started Regular Expression mapping
[ 2026-05-27 22:13:12,647] 174 root - INFO - Data transformation complete
[ 2026-05-27 22:13:12,647] 49 root - INFO - Started Regular Expression mapping
[ 2026-05-27 22:13:12,647] 174 root - INFO - Data transformation complete
[ 2026-05-27 22:13:12,647] 49 root - INFO - Started Regular Expression mapping
[ 2026-05-27 22:13:12,647] 174 root - INFO - Data transformation complete
[ 2026-05-27 22:13:12,647] 49 root - INFO - Started Regular Expression mapping
[ 2026-05-27 22:13:12,648] 174 root - INFO - Data transformation complete
[ 2026-05-27 22:13:12,648] 49 root - INFO - Started Regular Expression mapping
[ 2026-05-27 22:13:12,648] 174 root - INFO - Data transformation complete
[ 2026-05-27 22:13:12,648] 49 root - INFO - Started Regular Expression mapping
[ 2026-05-27 22:13:12,649] 174 root - INFO - Data transformation complete
[ 2026-05-27 22:13:12,649] 49 root - INFO - Started Regular Expression mapping
[ 2026-05-27 22:13:12,649] 174 root - INFO - Data transformation complete
[ 2026-05-27 22:13:12,649] 49 root - INFO - Started Regular Expression mapping
[ 2026-05-27 22:13:12,649] 174 root - INFO - Data transformation complete
[ 2026-05-27 22:13:12,650] 49 root - INFO - Started Regular Expression mapping
[ 2026-05-27 22:13:12,650] 174 root - INFO - Data transformation complete
[ 2026-05-27 22:13:12,650] 49 root - INFO - Started Regular Expression mapping
[ 2026-05-27 22:13:12,650] 174 root - INFO - Data transformation complete
[ 2026-05-27 22:13:12,650] 49 root - INFO - Started Regular Expression mapping
[ 2026-05-27 22:13:12,651] 174 root - INFO - Data transformation complete
[ 2026-05-27 22:13:12,651] 49 root - INFO - Started Regular Expression mapping
[ 2026-05-27 22:13:12,651] 174 root - INFO - Data transformation complete
[ 2026-05-27 22:13:12,651] 49 root - INFO - Started Regular Expression mapping
[ 2026-05-27 22:13:12,651] 174 root - INFO - Data transformation complete
[ 2026-05-27 22:13:12,651] 49 root - INFO - Started Regular Expression mapping
[ 2026-05-27 22:13:12,652] 174 root - INFO - Data transformation complete
[ 2026-05-27 22:13:12,652] 49 root - INFO - Started Regular Expression mapping
[ 2026-05-27 22:13:12,652] 174 root - INFO - Data transformation complete
[ 2026-05-27 22:13:12,652] 49 root - INFO - Started Regular Expression mapping
[ 2026-05-27 22:13:12,652] 174 root - INFO - Data transformation complete
[ 2026-05-27 22:13:12,653] 49 root - INFO - Started Regular Expression mapping
[ 2026-05-27 22:13:12,653] 174 root - INFO - Data transformation complete
[ 2026-05-27 22:13:12,653] 49 root - INFO - Started Regular Expression mapping
[ 2026-05-27 22:13:12,653] 174 root - INFO - Data transformation complete
[ 2026-05-27 22:13:12,653] 49 root - INFO - Started Regular Expression mapping
[ 2026-05-27 22:13:12,654] 174 root - INFO - Data transformation complete
[ 2026-05-27 22:13:12,654] 49 root - INFO - Started Regular Expression mapping
[ 2026-05-27 22:13:12,654] 174 root - INFO - Data transformation complete
[ 2026-05-27 22:13:12,654] 49 root - INFO - Started Regular Expression mapping
[ 2026-05-27 22:13:12,654] 174 root - INFO - Data transformation complete
[ 2026-05-27 22:13:12,654] 49 root - INFO - Started Regular Expression mapping
[ 2026-05-27 22:13:12,655] 174 root - INFO - Data transformation complete
[ 2026-05-27 22:13:12,655] 49 root - INFO - Started Regular Expression mapping
[ 2026-05-27 22:13:12,655] 174 root - INFO - Data transformation complete
[ 2026-05-27 22:13:12,655] 49 root - INFO - Started Regular Expression mapping
[ 2026-05-27 22:13:12,655] 174 root - INFO - Data transformation complete
[ 2026-05-27 22:13:12,656] 49 root - INFO - Started Regular Expression mapping
[ 2026-05-27 22:13:12,656] 174 root - INFO - Data transformation complete
[ 2026-05-27 22:13:12,656] 49 root - INFO - Started Regular Expression mapping
[ 2026-05-27 22:13:12,656] 174 root - INFO - Data transformation complete
[ 2026-05-27 22:13:12,656] 49 root - INFO - Started Regular Expression mapping
[ 2026-05-27 22:13:12,657] 174 root - INFO - Data transformation complete
[ 2026-05-27 22:13:12,657] 49 root - INFO - Started Regular Expression mapping
[ 2026-05-27 22:13:12,657] 174 root - INFO - Data transformation complete
[ 2026-05-27 22:13:12,657] 49 root - INFO - Started Regular Expression mapping
[ 2026-05-27 22:13:12,657] 174 root - INFO - Data transformation complete
[ 2026-05-27 22:13:12,657] 49 root - INFO - Started Regular Expression mapping
[ 2026-05-27 22:13:12,658] 174 root - INFO - Data transformation complete
[ 2026-05-27 22:13:12,658] 49 root - INFO - Started Regular Expression mapping
[ 2026-05-27 22:13:12,658] 174 root - INFO - Data transformation complete
[ 2026-05-27 22:13:12,658] 49 root - INFO - Started Regular Expression mapping
[ 2026-05-27 22:13:12,658] 174 root - INFO - Data transformation complete
[ 2026-05-27 22:13:12,659] 49 root - INFO - Started Regular Expression mapping
[ 2026-05-27 22:13:12,659] 174 root - INFO - Data transformation complete
[ 2026-05-27 22:13:12,659] 49 root - INFO - Started Regular Expression mapping
[ 2026-05-27 22:13:12,659] 174 root - INFO - Data transformation complete
[ 2026-05-27 22:13:12,659] 49 root - INFO - Started Regular Expression mapping
[ 2026-05-27 22:13:12,659] 174 root - INFO - Data transformation complete
[ 2026-05-27 22:13:12,660] 49 root - INFO - Started Regular Expression mapping
[ 2026-05-27 22:13:12,660] 174 root - INFO - Data transformation complete
[ 2026-05-27 22:13:12,660] 49 root - INFO - Started Regular Expression mapping
[ 2026-05-27 22:13:12,661] 174 root - INFO - Data transformation complete
[ 2026-05-27 22:13:12,661] 49 root - INFO - Started Regular Expression mapping
[ 2026-05-27 22:13:12,661] 174 root - INFO - Data transformation complete
[ 2026-05-27 22:13:12,661] 49 root - INFO - Started Regular Expression mapping
[ 2026-05-27 22:13:12,661] 174 root - INFO - Data transformation complete
[ 2026-05-27 22:13:12,661] 49 root - INFO - Started Regular Expression mapping
[ 2026-05-27 22:13:12,662] 174 root - INFO - Data transformation complete
[ 2026-05-27 22:13:12,662] 49 root - INFO - Started Regular Expression mapping
[ 2026-05-27 22:13:12,662] 174 root - INFO - Data transformation complete
[ 2026-05-27 22:13:12,662] 49 root - INFO - Started Regular Expression mapping
[ 2026-05-27 22:13:12,662] 174 root - INFO - Data transformation complete
[ 2026-05-27 22:13:12,663] 49 root - INFO - Started Regular Expression mapping
[ 2026-05-27 22:13:12,663] 174 root - INFO - Data transformation complete
[ 2026-05-27 22:13:12,663] 49 root - INFO - Started Regular Expression mapping
[ 2026-05-27 22:13:12,663] 174 root - INFO - Data transformation complete
[ 2026-05-27 22:13:12,663] 49 root - INFO - Started Regular Expression mapping
[ 2026-05-27 22:13:12,664] 174 root - INFO - Data transformation complete
[ 2026-05-27 22:13:12,664] 49 root - INFO - Started Regular Expression mapping
[ 2026-05-27 22:13:12,665] 174 root - INFO - Data transformation complete
[ 2026-05-27 22:13:12,665] 49 root - INFO - Started Regular Expression mapping
[ 2026-05-27 22:13:12,665] 25 root - INFO - Match heuristic business names to paybill payments
[ 2026-05-27 22:13:12,665] 174 root - INFO - Data transformation complete
[ 2026-05-27 22:13:12,665] 49 root - INFO - Started Regular Expression mapping
[ 2026-05-27 22:13:12,666] 174 root - INFO - Data transformation complete
[ 2026-05-27 22:13:12,666] 49 root - INFO - Started Regular Expression mapping
[ 2026-05-27 22:13:12,666] 174 root - INFO - Data transformation complete
[ 2026-05-27 22:13:12,666] 49 root - INFO - Started Regular Expression mapping
[ 2026-05-27 22:13:12,666] 174 root - INFO - Data transformation complete
[ 2026-05-27 22:13:12,667] 49 root - INFO - Started Regular Expression mapping
[ 2026-05-27 22:13:12,667] 174 root - INFO - Data transformation complete
[ 2026-05-27 22:13:12,667] 49 root - INFO - Started Regular Expression mapping
[ 2026-05-27 22:13:12,667] 174 root - INFO - Data transformation complete
[ 2026-05-27 22:13:12,667] 49 root - INFO - Started Regular Expression mapping
[ 2026-05-27 22:13:12,668] 174 root - INFO - Data transformation complete
[ 2026-05-27 22:13:12,668] 49 root - INFO - Started Regular Expression mapping
[ 2026-05-27 22:13:12,668] 174 root - INFO - Data transformation complete
[ 2026-05-27 22:13:12,668] 49 root - INFO - Started Regular Expression mapping
[ 2026-05-27 22:13:12,668] 174 root - INFO - Data transformation complete
[ 2026-05-27 22:13:12,668] 49 root - INFO - Started Regular Expression mapping
[ 2026-05-27 22:13:12,669] 174 root - INFO - Data transformation complete
[ 2026-05-27 22:13:12,669] 49 root - INFO - Started Regular Expression mapping
[ 2026-05-27 22:13:12,669] 174 root - INFO - Data transformation complete
[ 2026-05-27 22:13:12,669] 49 root - INFO - Started Regular Expression mapping
[ 2026-05-27 22:13:12,669] 174 root - INFO - Data transformation complete
[ 2026-05-27 22:13:12,670] 49 root - INFO - Started Regular Expression mapping
[ 2026-05-27 22:13:12,670] 174 root - INFO - Data transformation complete
[ 2026-05-27 22:13:12,670] 49 root - INFO - Started Regular Expression mapping
[ 2026-05-27 22:13:12,670] 174 root - INFO - Data transformation complete
[ 2026-05-27 22:13:12,670] 49 root - INFO - Started Regular Expression mapping
[ 2026-05-27 22:13:12,671] 174 root - INFO - Data transformation complete
[ 2026-05-27 22:13:12,671] 49 root - INFO - Started Regular Expression mapping
[ 2026-05-27 22:13:12,671] 174 root - INFO - Data transformation complete
[ 2026-05-27 22:13:12,671] 49 root - INFO - Started Regular Expression mapping
[ 2026-05-27 22:13:12,671] 174 root - INFO - Data transformation complete
[ 2026-05-27 22:13:12,671] 49 root - INFO - Started Regular Expression mapping
[ 2026-05-27 22:13:12,672] 174 root - INFO - Data transformation complete
[ 2026-05-27 22:13:12,672] 49 root - INFO - Started Regular Expression mapping
[ 2026-05-27 22:13:12,672] 174 root - INFO - Data transformation complete
[ 2026-05-27 22:13:12,672] 49 root - INFO - Started Regular Expression mapping
[ 2026-05-27 22:13:12,672] 174 root - INFO - Data transformation complete
[ 2026-05-27 22:13:12,673] 49 root - INFO - Started Regular Expression mapping
[ 2026-05-27 22:13:12,673] 174 root - INFO - Data transformation complete
[ 2026-05-27 22:13:12,673] 49 root - INFO - Started Regular Expression mapping
[ 2026-05-27 22:13:12,673] 174 root - INFO - Data transformation complete
[ 2026-05-27 22:13:12,673] 49 root - INFO - Started Regular Expression mapping
[ 2026-05-27 22:13:12,674] 174 root - INFO - Data transformation complete
[ 2026-05-27 22:13:12,674] 49 root - INFO - Started Regular Expression mapping
[ 2026-05-27 22:13:12,674] 174 root - INFO - Data transformation complete
[ 2026-05-27 22:13:12,674] 49 root - INFO - Started Regular Expression mapping
[ 2026-05-27 22:13:12,674] 174 root - INFO - Data transformation complete
[ 2026-05-27 22:13:12,674] 49 root - INFO - Started Regular Expression mapping
[ 2026-05-27 22:13:12,675] 174 root - INFO - Data transformation complete
[ 2026-05-27 22:13:12,675] 49 root - INFO - Started Regular Expression mapping
[ 2026-05-27 22:13:12,675] 174 root - INFO - Data transformation complete
[ 2026-05-27 22:13:12,675] 49 root - INFO - Started Regular Expression mapping
[ 2026-05-27 22:13:12,675] 174 root - INFO - Data transformation complete
[ 2026-05-27 22:13:12,676] 49 root - INFO - Started Regular Expression mapping
[ 2026-05-27 22:13:12,676] 25 root - INFO - Match heuristic business names to paybill payments
[ 2026-05-27 22:13:12,676] 174 root - INFO - Data transformation complete
[ 2026-05-27 22:13:12,676] 49 root - INFO - Started Regular Expression mapping
[ 2026-05-27 22:13:12,676] 174 root - INFO - Data transformation complete
[ 2026-05-27 22:13:12,677] 49 root - INFO - Started Regular Expression mapping
[ 2026-05-27 22:13:12,677] 174 root - INFO - Data transformation complete
[ 2026-05-27 22:13:12,677] 49 root - INFO - Started Regular Expression mapping
[ 2026-05-27 22:13:12,677] 174 root - INFO - Data transformation complete
[ 2026-05-27 22:13:12,678] 49 root - INFO - Started Regular Expression mapping
[ 2026-05-27 22:13:12,678] 174 root - INFO - Data transformation complete
[ 2026-05-27 22:13:12,678] 49 root - INFO - Started Regular Expression mapping
[ 2026-05-27 22:13:12,678] 174 root - INFO - Data transformation complete
[ 2026-05-27 22:13:12,678] 49 root - INFO - Started Regular Expression mapping
[ 2026-05-27 22:13:12,679] 174 root - INFO - Data transformation complete
[ 2026-05-27 22:13:12,679] 49 root - INFO - Started Regular Expression mapping
[ 2026-05-27 22:13:12,679] 174 root - INFO - Data transformation complete
[ 2026-05-27 22:13:12,679] 49 root - INFO - Started Regular Expression mapping
[ 2026-05-27 22:13:12,679] 174 root - INFO - Data transformation complete
[ 2026-05-27 22:13:12,680] 49 root - INFO - Started Regular Expression mapping
[ 2026-05-27 22:13:12,680] 174 root - INFO - Data transformation complete
[ 2026-05-27 22:13:12,680] 49 root - INFO - Started Regular Expression mapping
[ 2026-05-27 22:13:12,680] 174 root - INFO - Data transformation complete
[ 2026-05-27 22:13:12,680] 49 root - INFO - Started Regular Expression mapping
[ 2026-05-27 22:13:12,681] 174 root - INFO - Data transformation complete
[ 2026-05-27 22:13:12,681] 49 root - INFO - Started Regular Expression mapping
[ 2026-05-27 22:13:12,681] 174 root - INFO - Data transformation complete
[ 2026-05-27 22:13:12,681] 49 root - INFO - Started Regular Expression mapping
[ 2026-05-27 22:13:12,681] 174 root - INFO - Data transformation complete
[ 2026-05-27 22:13:12,681] 49 root - INFO - Started Regular Expression mapping
[ 2026-05-27 22:13:12,682] 174 root - INFO - Data transformation complete
[ 2026-05-27 22:13:12,682] 49 root - INFO - Started Regular Expression mapping
[ 2026-05-27 22:13:12,682] 174 root - INFO - Data transformation complete
[ 2026-05-27 22:13:12,682] 49 root - INFO - Started Regular Expression mapping
[ 2026-05-27 22:13:12,682] 174 root - INFO - Data transformation complete
[ 2026-05-27 22:13:12,683] 49 root - INFO - Started Regular Expression mapping
[ 2026-05-27 22:13:12,683] 174 root - INFO - Data transformation complete
[ 2026-05-27 22:13:12,683] 49 root - INFO - Started Regular Expression mapping
[ 2026-05-27 22:13:12,683] 174 root - INFO - Data transformation complete
[ 2026-05-27 22:13:12,683] 49 root - INFO - Started Regular Expression mapping
[ 2026-05-27 22:13:12,684] 174 root - INFO - Data transformation complete
[ 2026-05-27 22:13:12,684] 49 root - INFO - Started Regular Expression mapping
[ 2026-05-27 22:13:12,684] 174 root - INFO - Data transformation complete
[ 2026-05-27 22:13:12,684] 49 root - INFO - Started Regular Expression mapping
[ 2026-05-27 22:13:12,684] 174 root - INFO - Data transformation complete
[ 2026-05-27 22:13:12,684] 49 root - INFO - Started Regular Expression mapping
[ 2026-05-27 22:13:12,685] 174 root - INFO - Data transformation complete
[ 2026-05-27 22:13:12,685] 49 root - INFO - Started Regular Expression mapping
[ 2026-05-27 22:13:12,685] 174 root - INFO - Data transformation complete
[ 2026-05-27 22:13:12,685] 49 root - INFO - Started Regular Expression mapping
[ 2026-05-27 22:13:12,685] 174 root - INFO - Data transformation complete
[ 2026-05-27 22:13:12,686] 49 root - INFO - Started Regular Expression mapping
[ 2026-05-27 22:13:12,686] 174 root - INFO - Data transformation complete
[ 2026-05-27 22:13:12,686] 49 root - INFO - Started Regular Expression mapping
[ 2026-05-27 22:13:12,686] 174 root - INFO - Data transformation complete
[ 2026-05-27 22:13:12,686] 49 root - INFO - Started Regular Expression mapping
[ 2026-05-27 22:13:12,687] 174 root - INFO - Data transformation complete
[ 2026-05-27 22:13:12,687] 49 root - INFO - Started Regular Expression mapping
[ 2026-05-27 22:13:12,687] 174 root - INFO - Data transformation complete
[ 2026-05-27 22:13:12,687] 49 root - INFO - Started Regular Expression mapping
[ 2026-05-27 22:13:12,687] 174 root - INFO - Data transformation complete
[ 2026-05-27 22:13:12,687] 49 root - INFO - Started Regular Expression mapping
[ 2026-05-27 22:13:12,688] 174 root - INFO - Data transformation complete
[ 2026-05-27 22:13:12,688] 49 root - INFO - Started Regular Expression mapping
[ 2026-05-27 22:13:12,688] 174 root - INFO - Data transformation complete
[ 2026-05-27 22:13:12,688] 49 root - INFO - Started Regular Expression mapping
[ 2026-05-27 22:13:12,688] 174 root - INFO - Data transformation complete
[ 2026-05-27 22:13:12,689] 49 root - INFO - Started Regular Expression mapping
[ 2026-05-27 22:13:12,689] 174 root - INFO - Data transformation complete
[ 2026-05-27 22:13:12,689] 49 root - INFO - Started Regular Expression mapping
[ 2026-05-27 22:13:12,689] 174 root - INFO - Data transformation complete
[ 2026-05-27 22:13:12,689] 49 root - INFO - Started Regular Expression mapping
[ 2026-05-27 22:13:12,690] 174 root - INFO - Data transformation complete
[ 2026-05-27 22:13:12,690] 49 root - INFO - Started Regular Expression mapping
[ 2026-05-27 22:13:12,690] 174 root - INFO - Data transformation complete
[ 2026-05-27 22:13:12,690] 49 root - INFO - Started Regular Expression mapping
[ 2026-05-27 22:13:12,690] 174 root - INFO - Data transformation complete
[ 2026-05-27 22:13:12,690] 49 root - INFO - Started Regular Expression mapping
[ 2026-05-27 22:13:12,691] 174 root - INFO - Data transformation complete
[ 2026-05-27 22:13:12,691] 49 root - INFO - Started Regular Expression mapping
[ 2026-05-27 22:13:12,691] 174 root - INFO - Data transformation complete
[ 2026-05-27 22:13:12,691] 49 root - INFO - Started Regular Expression mapping
[ 2026-05-27 22:13:12,691] 174 root - INFO - Data transformation complete
[ 2026-05-27 22:13:12,692] 49 root - INFO - Started Regular Expression mapping
[ 2026-05-27 22:13:12,692] 25 root - INFO - Match heuristic business names to paybill payments
[ 2026-05-27 22:13:12,692] 174 root - INFO - Data transformation complete
[ 2026-05-27 22:13:12,692] 49 root - INFO - Started Regular Expression mapping
[ 2026-05-27 22:13:12,692] 174 root - INFO - Data transformation complete
[ 2026-05-27 22:13:12,692] 49 root - INFO - Started Regular Expression mapping
[ 2026-05-27 22:13:12,693] 174 root - INFO - Data transformation complete
[ 2026-05-27 22:13:12,693] 49 root - INFO - Started Regular Expression mapping
[ 2026-05-27 22:13:12,693] 174 root - INFO - Data transformation complete
[ 2026-05-27 22:13:12,694] 49 root - INFO - Started Regular Expression mapping
[ 2026-05-27 22:13:12,694] 174 root - INFO - Data transformation complete
[ 2026-05-27 22:13:12,694] 49 root - INFO - Started Regular Expression mapping
[ 2026-05-27 22:13:12,694] 174 root - INFO - Data transformation complete
[ 2026-05-27 22:13:12,694] 49 root - INFO - Started Regular Expression mapping
[ 2026-05-27 22:13:12,695] 174 root - INFO - Data transformation complete
[ 2026-05-27 22:13:12,695] 49 root - INFO - Started Regular Expression mapping
[ 2026-05-27 22:13:12,695] 174 root - INFO - Data transformation complete
[ 2026-05-27 22:13:12,695] 49 root - INFO - Started Regular Expression mapping
[ 2026-05-27 22:13:12,695] 174 root - INFO - Data transformation complete
[ 2026-05-27 22:13:12,696] 49 root - INFO - Started Regular Expression mapping
[ 2026-05-27 22:13:12,696] 174 root - INFO - Data transformation complete
[ 2026-05-27 22:13:12,696] 49 root - INFO - Started Regular Expression mapping
[ 2026-05-27 22:13:12,696] 174 root - INFO - Data transformation complete
[ 2026-05-27 22:13:12,696] 49 root - INFO - Started Regular Expression mapping
[ 2026-05-27 22:13:12,696] 174 root - INFO - Data transformation complete
[ 2026-05-27 22:13:12,697] 49 root - INFO - Started Regular Expression mapping
[ 2026-05-27 22:13:12,697] 174 root - INFO - Data transformation complete
[ 2026-05-27 22:13:12,697] 49 root - INFO - Started Regular Expression mapping
[ 2026-05-27 22:13:12,697] 174 root - INFO - Data transformation complete
[ 2026-05-27 22:13:12,697] 49 root - INFO - Started Regular Expression mapping
[ 2026-05-27 22:13:12,698] 174 root - INFO - Data transformation complete
[ 2026-05-27 22:13:12,698] 49 root - INFO - Started Regular Expression mapping
[ 2026-05-27 22:13:12,698] 174 root - INFO - Data transformation complete
[ 2026-05-27 22:13:12,698] 49 root - INFO - Started Regular Expression mapping
[ 2026-05-27 22:13:12,698] 174 root - INFO - Data transformation complete
[ 2026-05-27 22:13:12,698] 49 root - INFO - Started Regular Expression mapping
[ 2026-05-27 22:13:12,699] 174 root - INFO - Data transformation complete
[ 2026-05-27 22:13:12,699] 49 root - INFO - Started Regular Expression mapping
[ 2026-05-27 22:13:12,699] 174 root - INFO - Data transformation complete
[ 2026-05-27 22:13:12,699] 49 root - INFO - Started Regular Expression mapping
[ 2026-05-27 22:13:12,699] 174 root - INFO - Data transformation complete
[ 2026-05-27 22:13:12,700] 49 root - INFO - Started Regular Expression mapping
[ 2026-05-27 22:13:12,700] 174 root - INFO - Data transformation complete
[ 2026-05-27 22:13:12,700] 49 root - INFO - Started Regular Expression mapping
[ 2026-05-27 22:13:12,700] 174 root - INFO - Data transformation complete
[ 2026-05-27 22:13:12,700] 49 root - INFO - Started Regular Expression mapping
[ 2026-05-27 22:13:12,701] 174 root - INFO - Data transformation complete
[ 2026-05-27 22:13:12,701] 49 root - INFO - Started Regular Expression mapping
[ 2026-05-27 22:13:12,701] 25 root - INFO - Match heuristic business names to paybill payments
[ 2026-05-27 22:13:12,701] 174 root - INFO - Data transformation complete
[ 2026-05-27 22:13:12,701] 49 root - INFO - Started Regular Expression mapping
[ 2026-05-27 22:13:12,701] 174 root - INFO - Data transformation complete
[ 2026-05-27 22:13:12,702] 49 root - INFO - Started Regular Expression mapping
[ 2026-05-27 22:13:12,702] 174 root - INFO - Data transformation complete
[ 2026-05-27 22:13:12,702] 49 root - INFO - Started Regular Expression mapping
[ 2026-05-27 22:13:12,702] 174 root - INFO - Data transformation complete
[ 2026-05-27 22:13:12,702] 49 root - INFO - Started Regular Expression mapping
[ 2026-05-27 22:13:12,703] 174 root - INFO - Data transformation complete
[ 2026-05-27 22:13:12,703] 49 root - INFO - Started Regular Expression mapping
[ 2026-05-27 22:13:12,703] 174 root - INFO - Data transformation complete
[ 2026-05-27 22:13:12,703] 49 root - INFO - Started Regular Expression mapping
[ 2026-05-27 22:13:12,703] 174 root - INFO - Data transformation complete
[ 2026-05-27 22:13:12,703] 49 root - INFO - Started Regular Expression mapping
[ 2026-05-27 22:13:12,704] 174 root - INFO - Data transformation complete
[ 2026-05-27 22:13:12,704] 49 root - INFO - Started Regular Expression mapping
[ 2026-05-27 22:13:12,704] 174 root - INFO - Data transformation complete
[ 2026-05-27 22:13:12,704] 49 root - INFO - Started Regular Expression mapping
[ 2026-05-27 22:13:12,704] 174 root - INFO - Data transformation complete
[ 2026-05-27 22:13:12,704] 49 root - INFO - Started Regular Expression mapping
[ 2026-05-27 22:13:12,705] 174 root - INFO - Data transformation complete
[ 2026-05-27 22:13:12,705] 49 root - INFO - Started Regular Expression mapping
[ 2026-05-27 22:13:12,705] 174 root - INFO - Data transformation complete
[ 2026-05-27 22:13:12,705] 49 root - INFO - Started Regular Expression mapping
[ 2026-05-27 22:13:12,705] 174 root - INFO - Data transformation complete
[ 2026-05-27 22:13:12,706] 49 root - INFO - Started Regular Expression mapping
[ 2026-05-27 22:13:12,706] 174 root - INFO - Data transformation complete
[ 2026-05-27 22:13:12,706] 49 root - INFO - Started Regular Expression mapping
[ 2026-05-27 22:13:12,706] 174 root - INFO - Data transformation complete
[ 2026-05-27 22:13:12,706] 49 root - INFO - Started Regular Expression mapping
[ 2026-05-27 22:13:12,707] 174 root - INFO - Data transformation complete
[ 2026-05-27 22:13:12,707] 49 root - INFO - Started Regular Expression mapping
[ 2026-05-27 22:13:12,707] 174 root - INFO - Data transformation complete
[ 2026-05-27 22:13:12,707] 49 root - INFO - Started Regular Expression mapping
[ 2026-05-27 22:13:12,707] 174 root - INFO - Data transformation complete
[ 2026-05-27 22:13:12,707] 49 root - INFO - Started Regular Expression mapping
[ 2026-05-27 22:13:12,708] 174 root - INFO - Data transformation complete
[ 2026-05-27 22:13:12,708] 49 root - INFO - Started Regular Expression mapping
[ 2026-05-27 22:13:12,708] 174 root - INFO - Data transformation complete
[ 2026-05-27 22:13:12,708] 49 root - INFO - Started Regular Expression mapping
[ 2026-05-27 22:13:12,708] 174 root - INFO - Data transformation complete
[ 2026-05-27 22:13:12,709] 49 root - INFO - Started Regular Expression mapping
[ 2026-05-27 22:13:12,709] 25 root - INFO - Match heuristic business names to paybill payments
[ 2026-05-27 22:13:12,709] 174 root - INFO - Data transformation complete
[ 2026-05-27 22:13:12,709] 49 root - INFO - Started Regular Expression mapping
[ 2026-05-27 22:13:12,709] 174 root - INFO - Data transformation complete
[ 2026-05-27 22:13:12,710] 49 root - INFO - Started Regular Expression mapping
[ 2026-05-27 22:13:12,710] 25 root - INFO - Match heuristic business names to paybill payments
[ 2026-05-27 22:13:12,710] 174 root - INFO - Data transformation complete
[ 2026-05-27 22:13:12,710] 49 root - INFO - Started Regular Expression mapping
[ 2026-05-27 22:13:12,710] 174 root - INFO - Data transformation complete
[ 2026-05-27 22:13:12,710] 49 root - INFO - Started Regular Expression mapping
[ 2026-05-27 22:13:12,711] 174 root - INFO - Data transformation complete
[ 2026-05-27 22:13:12,711] 49 root - INFO - Started Regular Expression mapping
[ 2026-05-27 22:13:12,711] 174 root - INFO - Data transformation complete
[ 2026-05-27 22:13:12,711] 49 root - INFO - Started Regular Expression mapping
[ 2026-05-27 22:13:12,711] 174 root - INFO - Data transformation complete
[ 2026-05-27 22:13:12,711] 49 root - INFO - Started Regular Expression mapping
[ 2026-05-27 22:13:12,712] 174 root - INFO - Data transformation complete
[ 2026-05-27 22:13:12,712] 49 root - INFO - Started Regular Expression mapping
[ 2026-05-27 22:13:12,712] 174 root - INFO - Data transformation complete
[ 2026-05-27 22:13:12,712] 49 root - INFO - Started Regular Expression mapping
[ 2026-05-27 22:13:12,712] 174 root - INFO - Data transformation complete
[ 2026-05-27 22:13:12,713] 49 root - INFO - Started Regular Expression mapping
[ 2026-05-27 22:13:12,713] 174 root - INFO - Data transformation complete
[ 2026-05-27 22:13:12,713] 49 root - INFO - Started Regular Expression mapping
[ 2026-05-27 22:13:12,713] 174 root - INFO - Data transformation complete
[ 2026-05-27 22:13:12,714] 49 root - INFO - Started Regular Expression mapping
[ 2026-05-27 22:13:12,714] 174 root - INFO - Data transformation complete
[ 2026-05-27 22:13:12,714] 49 root - INFO - Started Regular Expression mapping
[ 2026-05-27 22:13:12,714] 174 root - INFO - Data transformation complete
[ 2026-05-27 22:13:12,714] 49 root - INFO - Started Regular Expression mapping
[ 2026-05-27 22:13:12,715] 174 root - INFO - Data transformation complete
[ 2026-05-27 22:13:12,715] 49 root - INFO - Started Regular Expression mapping
[ 2026-05-27 22:13:12,715] 174 root - INFO - Data transformation complete
[ 2026-05-27 22:13:12,715] 49 root - INFO - Started Regular Expression mapping
[ 2026-05-27 22:13:12,715] 174 root - INFO - Data transformation complete
[ 2026-05-27 22:13:12,715] 49 root - INFO - Started Regular Expression mapping
[ 2026-05-27 22:13:12,715] 174 root - INFO - Data transformation complete
[ 2026-05-27 22:13:12,716] 49 root - INFO - Started Regular Expression mapping
[ 2026-05-27 22:13:12,716] 174 root - INFO - Data transformation complete
[ 2026-05-27 22:13:12,716] 49 root - INFO - Started Regular Expression mapping
[ 2026-05-27 22:13:12,716] 174 root - INFO - Data transformation complete
[ 2026-05-27 22:13:12,716] 49 root - INFO - Started Regular Expression mapping
[ 2026-05-27 22:13:12,716] 174 root - INFO - Data transformation complete
[ 2026-05-27 22:13:12,716] 49 root - INFO - Started Regular Expression mapping
[ 2026-05-27 22:13:12,717] 174 root - INFO - Data transformation complete
[ 2026-05-27 22:13:12,717] 49 root - INFO - Started Regular Expression mapping
[ 2026-05-27 22:13:12,717] 174 root - INFO - Data transformation complete
[ 2026-05-27 22:13:12,717] 49 root - INFO - Started Regular Expression mapping
[ 2026-05-27 22:13:12,717] 174 root - INFO - Data transformation complete
[ 2026-05-27 22:13:12,717] 49 root - INFO - Started Regular Expression mapping
[ 2026-05-27 22:13:12,718] 174 root - INFO - Data transformation complete
[ 2026-05-27 22:13:12,718] 49 root - INFO - Started Regular Expression mapping
[ 2026-05-27 22:13:12,718] 174 root - INFO - Data transformation complete
[ 2026-05-27 22:13:12,718] 49 root - INFO - Started Regular Expression mapping
[ 2026-05-27 22:13:12,718] 174 root - INFO - Data transformation complete
[ 2026-05-27 22:13:12,718] 49 root - INFO - Started Regular Expression mapping
[ 2026-05-27 22:13:12,718] 174 root - INFO - Data transformation complete
[ 2026-05-27 22:13:12,719] 49 root - INFO - Started Regular Expression mapping
[ 2026-05-27 22:13:12,719] 174 root - INFO - Data transformation complete
[ 2026-05-27 22:13:12,719] 49 root - INFO - Started Regular Expression mapping
[ 2026-05-27 22:13:12,719] 174 root - INFO - Data transformation complete
[ 2026-05-27 22:13:12,719] 49 root - INFO - Started Regular Expression mapping
[ 2026-05-27 22:13:12,719] 25 root - INFO - Match heuristic business names to paybill payments
[ 2026-05-27 22:13:12,720] 174 root - INFO - Data transformation complete
[ 2026-05-27 22:13:12,720] 49 root - INFO - Started Regular Expression mapping
[ 2026-05-27 22:13:12,720] 174 root - INFO - Data transformation complete
[ 2026-05-27 22:13:12,720] 49 root - INFO - Started Regular Expression mapping
[ 2026-05-27 22:13:12,720] 174 root - INFO - Data transformation complete
[ 2026-05-27 22:13:12,720] 49 root - INFO - Started Regular Expression mapping
[ 2026-05-27 22:13:12,720] 174 root - INFO - Data transformation complete
[ 2026-05-27 22:13:12,721] 49 root - INFO - Started Regular Expression mapping
[ 2026-05-27 22:13:12,721] 174 root - INFO - Data transformation complete
[ 2026-05-27 22:13:12,721] 49 root - INFO - Started Regular Expression mapping
[ 2026-05-27 22:13:12,721] 174 root - INFO - Data transformation complete
[ 2026-05-27 22:13:12,721] 49 root - INFO - Started Regular Expression mapping
[ 2026-05-27 22:13:12,721] 25 root - INFO - Match heuristic business names to paybill payments
[ 2026-05-27 22:13:12,721] 174 root - INFO - Data transformation complete
[ 2026-05-27 22:13:12,722] 49 root - INFO - Started Regular Expression mapping
[ 2026-05-27 22:13:12,722] 174 root - INFO - Data transformation complete
[ 2026-05-27 22:13:12,722] 49 root - INFO - Started Regular Expression mapping
[ 2026-05-27 22:13:12,722] 174 root - INFO - Data transformation complete
[ 2026-05-27 22:13:12,722] 49 root - INFO - Started Regular Expression mapping
[ 2026-05-27 22:13:12,722] 174 root - INFO - Data transformation complete
[ 2026-05-27 22:13:12,723] 49 root - INFO - Started Regular Expression mapping
[ 2026-05-27 22:13:12,723] 174 root - INFO - Data transformation complete
[ 2026-05-27 22:13:12,723] 49 root - INFO - Started Regular Expression mapping
[ 2026-05-27 22:13:12,723] 174 root - INFO - Data transformation complete
[ 2026-05-27 22:13:12,723] 49 root - INFO - Started Regular Expression mapping
[ 2026-05-27 22:13:12,723] 25 root - INFO - Match heuristic business names to paybill payments
[ 2026-05-27 22:13:12,723] 174 root - INFO - Data transformation complete
[ 2026-05-27 22:13:12,724] 49 root - INFO - Started Regular Expression mapping
[ 2026-05-27 22:13:12,724] 174 root - INFO - Data transformation complete
[ 2026-05-27 22:13:12,724] 49 root - INFO - Started Regular Expression mapping
[ 2026-05-27 22:13:12,724] 174 root - INFO - Data transformation complete
[ 2026-05-27 22:13:12,724] 49 root - INFO - Started Regular Expression mapping
[ 2026-05-27 22:13:12,724] 174 root - INFO - Data transformation complete
[ 2026-05-27 22:13:12,724] 49 root - INFO - Started Regular Expression mapping
[ 2026-05-27 22:13:12,725] 174 root - INFO - Data transformation complete
[ 2026-05-27 22:13:12,725] 49 root - INFO - Started Regular Expression mapping
[ 2026-05-27 22:13:12,725] 25 root - INFO - Match heuristic business names to paybill payments
[ 2026-05-27 22:13:12,725] 174 root - INFO - Data transformation complete
[ 2026-05-27 22:13:12,725] 49 root - INFO - Started Regular Expression mapping
[ 2026-05-27 22:13:12,725] 174 root - INFO - Data transformation complete
[ 2026-05-27 22:13:12,726] 49 root - INFO - Started Regular Expression mapping
[ 2026-05-27 22:13:12,726] 174 root - INFO - Data transformation complete
[ 2026-05-27 22:13:12,727] 49 root - INFO - Started Regular Expression mapping
[ 2026-05-27 22:13:12,727] 174 root - INFO - Data transformation complete
[ 2026-05-27 22:13:12,727] 49 root - INFO - Started Regular Expression mapping
[ 2026-05-27 22:13:12,727] 174 root - INFO - Data transformation complete
[ 2026-05-27 22:13:12,728] 49 root - INFO - Started Regular Expression mapping
[ 2026-05-27 22:13:12,728] 25 root - INFO - Match heuristic business names to paybill payments
[ 2026-05-27 22:13:12,728] 174 root - INFO - Data transformation complete
[ 2026-05-27 22:13:12,728] 49 root - INFO - Started Regular Expression mapping
[ 2026-05-27 22:13:12,729] 174 root - INFO - Data transformation complete
[ 2026-05-27 22:13:12,729] 49 root - INFO - Started Regular Expression mapping
[ 2026-05-27 22:13:12,729] 174 root - INFO - Data transformation complete
[ 2026-05-27 22:13:12,729] 49 root - INFO - Started Regular Expression mapping
[ 2026-05-27 22:13:12,729] 174 root - INFO - Data transformation complete
[ 2026-05-27 22:13:12,729] 49 root - INFO - Started Regular Expression mapping
[ 2026-05-27 22:13:12,729] 174 root - INFO - Data transformation complete
[ 2026-05-27 22:13:12,730] 49 root - INFO - Started Regular Expression mapping
[ 2026-05-27 22:13:12,730] 174 root - INFO - Data transformation complete
[ 2026-05-27 22:13:12,730] 49 root - INFO - Started Regular Expression mapping
[ 2026-05-27 22:13:12,730] 174 root - INFO - Data transformation complete
[ 2026-05-27 22:13:12,730] 49 root - INFO - Started Regular Expression mapping
[ 2026-05-27 22:13:12,730] 174 root - INFO - Data transformation complete
[ 2026-05-27 22:13:12,731] 49 root - INFO - Started Regular Expression mapping
[ 2026-05-27 22:13:12,731] 174 root - INFO - Data transformation complete
[ 2026-05-27 22:13:12,731] 49 root - INFO - Started Regular Expression mapping
[ 2026-05-27 22:13:12,731] 174 root - INFO - Data transformation complete
[ 2026-05-27 22:13:12,731] 49 root - INFO - Started Regular Expression mapping
[ 2026-05-27 22:13:12,731] 174 root - INFO - Data transformation complete
[ 2026-05-27 22:13:12,731] 49 root - INFO - Started Regular Expression mapping
[ 2026-05-27 22:13:12,732] 174 root - INFO - Data transformation complete
[ 2026-05-27 22:13:12,732] 49 root - INFO - Started Regular Expression mapping
[ 2026-05-27 22:13:12,732] 174 root - INFO - Data transformation complete
[ 2026-05-27 22:13:12,732] 49 root - INFO - Started Regular Expression mapping
[ 2026-05-27 22:13:12,732] 25 root - INFO - Match heuristic business names to paybill payments
[ 2026-05-27 22:13:12,732] 174 root - INFO - Data transformation complete
[ 2026-05-27 22:13:12,732] 49 root - INFO - Started Regular Expression mapping
[ 2026-05-27 22:13:12,733] 174 root - INFO - Data transformation complete
[ 2026-05-27 22:13:12,733] 49 root - INFO - Started Regular Expression mapping
[ 2026-05-27 22:13:12,733] 174 root - INFO - Data transformation complete
[ 2026-05-27 22:13:12,733] 49 root - INFO - Started Regular Expression mapping
[ 2026-05-27 22:13:12,733] 174 root - INFO - Data transformation complete
[ 2026-05-27 22:13:12,733] 49 root - INFO - Started Regular Expression mapping
[ 2026-05-27 22:13:12,734] 174 root - INFO - Data transformation complete
[ 2026-05-27 22:13:12,734] 49 root - INFO - Started Regular Expression mapping
[ 2026-05-27 22:13:12,734] 174 root - INFO - Data transformation complete
[ 2026-05-27 22:13:12,734] 49 root - INFO - Started Regular Expression mapping
[ 2026-05-27 22:13:12,734] 174 root - INFO - Data transformation complete
[ 2026-05-27 22:13:12,734] 49 root - INFO - Started Regular Expression mapping
[ 2026-05-27 22:13:12,734] 174 root - INFO - Data transformation complete
[ 2026-05-27 22:13:12,735] 49 root - INFO - Started Regular Expression mapping
[ 2026-05-27 22:13:12,735] 174 root - INFO - Data transformation complete
[ 2026-05-27 22:13:12,735] 49 root - INFO - Started Regular Expression mapping
[ 2026-05-27 22:13:12,735] 174 root - INFO - Data transformation complete
[ 2026-05-27 22:13:12,735] 49 root - INFO - Started Regular Expression mapping
[ 2026-05-27 22:13:12,735] 174 root - INFO - Data transformation complete
[ 2026-05-27 22:13:12,735] 49 root - INFO - Started Regular Expression mapping
[ 2026-05-27 22:13:12,736] 25 root - INFO - Match heuristic business names to paybill payments
[ 2026-05-27 22:13:12,736] 174 root - INFO - Data transformation complete
[ 2026-05-27 22:13:12,736] 49 root - INFO - Started Regular Expression mapping
[ 2026-05-27 22:13:12,736] 174 root - INFO - Data transformation complete
[ 2026-05-27 22:13:12,736] 49 root - INFO - Started Regular Expression mapping
[ 2026-05-27 22:13:12,736] 174 root - INFO - Data transformation complete
[ 2026-05-27 22:13:12,736] 49 root - INFO - Started Regular Expression mapping
[ 2026-05-27 22:13:12,737] 174 root - INFO - Data transformation complete
[ 2026-05-27 22:13:12,737] 49 root - INFO - Started Regular Expression mapping
[ 2026-05-27 22:13:12,737] 174 root - INFO - Data transformation complete
[ 2026-05-27 22:13:12,737] 49 root - INFO - Started Regular Expression mapping
[ 2026-05-27 22:13:12,737] 174 root - INFO - Data transformation complete
[ 2026-05-27 22:13:12,780] 194 root - INFO - Data parsing complete
[ 2026-05-27 22:13:12,781] 60 root - INFO - Entered feature engineering object
[ 2026-05-27 22:13:12,781] 22 root - INFO - Data pivoting started
[ 2026-05-27 22:13:12,845] 52 root - INFO - Data pivoting complete
[ 2026-05-27 22:13:12,860] 100 root - INFO - Feature engineerig complete
[ 2026-05-27 22:13:12,873] 100 root - INFO - Feature engineerig complete
[ 2026-05-27 22:13:12,887] 100 root - INFO - Feature engineerig complete
[ 2026-05-27 22:13:12,902] 100 root - INFO - Feature engineerig complete
[ 2026-05-27 22:13:12,918] 100 root - INFO - Feature engineerig complete
[ 2026-05-27 22:13:12,934] 100 root - INFO - Feature engineerig complete
[ 2026-05-27 22:13:12,935] 29 root - INFO - Entered model training object
[ 2026-05-27 22:13:12,935] 60 root - INFO - Entered feature engineering object
[ 2026-05-27 22:13:12,935] 22 root - INFO - Data pivoting started
[ 2026-05-27 22:13:12,970] 52 root - INFO - Data pivoting complete
[ 2026-05-27 22:13:12,989] 100 root - INFO - Feature engineerig complete
[ 2026-05-27 22:13:13,004] 100 root - INFO - Feature engineerig complete
[ 2026-05-27 22:13:13,069] 100 root - INFO - Feature engineerig complete
[ 2026-05-27 22:13:13,082] 100 root - INFO - Feature engineerig complete
[ 2026-05-27 22:13:13,095] 100 root - INFO - Feature engineerig complete
[ 2026-05-27 22:13:13,108] 100 root - INFO - Feature engineerig complete
[ 2026-05-27 22:13:13,200] 82 root - INFO - Model trained and saved successfully
[ 2026-05-27 22:13:13,275] 82 root - INFO - Model trained and saved successfully
[ 2026-05-27 22:13:13,354] 82 root - INFO - Model trained and saved successfully
[ 2026-05-27 22:13:13,435] 82 root - INFO - Model trained and saved successfully
[ 2026-05-27 22:13:13,529] 82 root - INFO - Model trained and saved successfully
[ 2026-05-27 22:13:13,612] 82 root - INFO - Model trained and saved successfully
